493848.1943
493518.7606
493174.4461
492829.6869
492492.3196
492162.8477
491836.4206
491505.5039
491162.1001
490799.2648
490411.8816
489996.5915
489550.9656
489072.3655
488556.9791
487999.254
487391.7501
486725.3994
485990.1286
485175.7156
484272.6651
483272.8156
482169.3307
480955.8257
479624.7349
478165.4741
476563.1675
474798.5806
472849.541
470693.664
468311.6643
465690.0212
462821.6637
459703.9746
456334.6646
452707.2285
448808.0335
444616.4745
440108.4573
435262.245
430064.7069
424515.5179
418627.2216
412420.4889
405915.9221
399125.3268
392045.5816
384657.0286
376926.4792
368813.3632
360276.7065
351280.5173
341795.7619
331798.3062
321263.7172
310161.1011
298448.7169
286073.799
272978.0458
259108.8622
244434.8314
228962.2004
212747.9002
195904.661
178595.8816
161021.7466
143401.9295
125961.7994
108927.173
92527.9858
77008.12796
62619.4651
49619.43633
38236.71263
28626.74877
20831.14456
14761.26474
10216.58689
6930.198917
4621.245367
493848.1943
493518.7606
493174.4461
492829.6869
492492.3196
492162.8477
491836.4206
491505.5039
491162.1001
490799.2648
490411.8816
489996.5915
489550.9656
489072.3655
488556.9791
487999.254
487391.7501
486725.3994
485990.1286
485175.7156
484272.6651
483272.8156
482169.3307
480955.8257
479624.7349
478165.4741
476563.1675
474798.5806
472849.541
470693.664
468311.6643
465690.0212
462821.6637
459703.9746
456334.6646
452707.2285
448808.0335
444616.4745
440108.4573
435262.245
430064.7069
424515.5179
418627.2216
412420.4889
405915.9221
399125.3268
392045.5816
384657.0286
376926.4792
368813.3632
360276.7065
351280.5173
341795.7619
331798.3062
321263.7172
310161.1011
298448.7169
286073.799
272978.0458
259108.8622
244434.8314
228962.2004
212747.9002
195904.661
178595.8816
161021.7466
143401.9295
125961.7994
108927.173
92527.9858
77008.12796
62619.4651
49619.43633
38236.71263
28626.74877
20831.14456
14761.26474
10216.58689
6930.198917
4621.245367
493848.1943
493518.7606
493174.4461
492829.6869
492492.3196
492162.8477
491836.4206
491505.5039
491162.1001
490799.2648
490411.8816
489996.5915
489550.9656
489072.3655
488556.9791
487999.254
487391.7501
486725.3994
485990.1286
485175.7156
484272.6651
483272.8156
482169.3307
480955.8257
479624.7349
478165.4741
476563.1675
474798.5806
472849.541
470693.664
468311.6643
465690.0212
462821.6637
459703.9746
456334.6646
452707.2285
448808.0335
444616.4745
440108.4573
435262.245
430064.7069
424515.5179
418627.2216
412420.4889
405915.9221
399125.3268
392045.5816
384657.0286
376926.4792
368813.3632
360276.7065
351280.5173
341795.7619
331798.3062
321263.7172
310161.1011
298448.7169
286073.799
272978.0458
259108.8622
244434.8314
228962.2004
212747.9002
195904.661
178595.8816
161021.7466
143401.9295
125961.7994
108927.173
92527.9858
77008.12796
62619.4651
49619.43633
38236.71263
28626.74877
20831.14456
14761.26474
10216.58689
6930.198917
4621.245367
493848.1943
493518.7606
493174.4461
492829.6869
492492.3196
492162.8477
491836.4206
491505.5039
491162.1001
490799.2648
490411.8816
489996.5915
489550.9656
489072.3655
488556.9791
487999.254
487391.7501
486725.3994
485990.1286
485175.7156
484272.6651
483272.8156
482169.3307
480955.8257
479624.7349
478165.4741
476563.1675
474798.5806
472849.541
470693.664
468311.6643
465690.0212
462821.6637
459703.9746
456334.6646
452707.2285
448808.0335
444616.4745
440108.4573
435262.245
430064.7069
424515.5179
418627.2216
412420.4889
405915.9221
399125.3268
392045.5816
384657.0286
376926.4792
368813.3632
360276.7065
351280.5173
341795.7619
331798.3062
321263.7172
310161.1011
298448.7169
286073.799
272978.0458
259108.8622
244434.8314
228962.2004
212747.9002
195904.661
178595.8816
161021.7466
143401.9295
125961.7994
108927.173
92527.9858
77008.12796
62619.4651
49619.43633
38236.71263
28626.74877
20831.14456
14761.26474
10216.58689
6930.198917
4621.245367
493848.1943
493518.7606
493174.4461
492829.6869
492492.3196
492162.8477
491836.4206
491505.5039
491162.1001
490799.2648
490411.8816
489996.5915
489550.9656
489072.3655
488556.9791
487999.254
487391.7501
486725.3994
485990.1286
485175.7156
484272.6651
483272.8156
482169.3307
480955.8257
479624.7349
478165.4741
476563.1675
474798.5806
472849.541
470693.664
468311.6643
465690.0212
462821.6637
459703.9746
456334.6646
452707.2285
448808.0335
444616.4745
440108.4573
435262.245
430064.7069
424515.5179
418627.2216
412420.4889
405915.9221
399125.3268
392045.5816
384657.0286
376926.4792
368813.3632
360276.7065
351280.5173
341795.7619
331798.3062
321263.7172
310161.1011
298448.7169
286073.799
272978.0458
259108.8622
244434.8314
228962.2004
212747.9002
195904.661
178595.8816
161021.7466
143401.9295
125961.7994
108927.173
92527.9858
77008.12796
62619.4651
49619.43633
38236.71263
28626.74877
20831.14456
14761.26474
10216.58689
6930.198917
4621.245367
493848.1943
493518.7606
493174.4461
492829.6869
492492.3196
492162.8477
491836.4206
491505.5039
491162.1001
490799.2648
490411.8816
489996.5915
489550.9656
489072.3655
488556.9791
487999.254
487391.7501
486725.3994
485990.1286
485175.7156
484272.6651
483272.8156
482169.3307
480955.8257
479624.7349
478165.4741
476563.1675
474798.5806
472849.541
470693.664
468311.6643
465690.0212
462821.6637
459703.9746
456334.6646
452707.2285
448808.0335
444616.4745
440108.4573
435262.245
430064.7069
424515.5179
418627.2216
412420.4889
405915.9221
399125.3268
392045.5816
384657.0286
376926.4792
368813.3632
360276.7065
351280.5173
341795.7619
331798.3062
321263.7172
310161.1011
298448.7169
286073.799
272978.0458
259108.8622
244434.8314
228962.2004
212747.9002
195904.661
178595.8816
161021.7466
143401.9295
125961.7994
108927.173
92527.9858
77008.12796
62619.4651
49619.43633
38236.71263
28626.74877
20831.14456
14761.26474
10216.58689
6930.198917
4621.245367
493848.1943
493518.7606
493174.4461
492829.6869
492492.3196
492162.8477
491836.4206
491505.5039
491162.1001
490799.2648
490411.8816
489996.5915
489550.9656
489072.3655
488556.9791
487999.254
487391.7501
486725.3994
485990.1286
485175.7156
484272.6651
483272.8156
482169.3307
480955.8257
479624.7349
478165.4741
476563.1675
474798.5806
472849.541
470693.664
468311.6643
465690.0212
462821.6637
459703.9746
456334.6646
452707.2285
448808.0335
444616.4745
440108.4573
435262.245
430064.7069
424515.5179
418627.2216
412420.4889
405915.9221
399125.3268
392045.5816
384657.0286
376926.4792
368813.3632
360276.7065
351280.5173
341795.7619
331798.3062
321263.7172
310161.1011
298448.7169
286073.799
272978.0458
259108.8622
244434.8314
228962.2004
212747.9002
195904.661
178595.8816
161021.7466
143401.9295
125961.7994
108927.173
92527.9858
77008.12796
62619.4651
49619.43633
38236.71263
28626.74877
20831.14456
14761.26474
10216.58689
6930.198917
4621.245367
493848.1943
493518.7606
493174.4461
492829.6869
492492.3196
492162.8477
491836.4206
491505.5039
491162.1001
490799.2648
490411.8816
489996.5915
489550.9656
489072.3655
488556.9791
487999.254
487391.7501
486725.3994
485990.1286
485175.7156
484272.6651
483272.8156
482169.3307
480955.8257
479624.7349
478165.4741
476563.1675
474798.5806
472849.541
470693.664
468311.6643
465690.0212
462821.6637
459703.9746
456334.6646
452707.2285
448808.0335
444616.4745
440108.4573
435262.245
430064.7069
424515.5179
418627.2216
412420.4889
405915.9221
399125.3268
392045.5816
384657.0286
376926.4792
368813.3632
360276.7065
351280.5173
341795.7619
331798.3062
321263.7172
310161.1011
298448.7169
286073.799
272978.0458
259108.8622
244434.8314
228962.2004
212747.9002
195904.661
178595.8816
161021.7466
143401.9295
125961.7994
108927.173
92527.9858
77008.12796
62619.4651
49619.43633
38236.71263
28626.74877
20831.14456
14761.26474
10216.58689
6930.198917
4621.245367
493848.1943
493518.7606
493174.4461
492829.6869
492492.3196
492162.8477
491836.4206
491505.5039
491162.1001
490799.2648
490411.8816
489996.5915
489550.9656
489072.3655
488556.9791
487999.254
487391.7501
486725.3994
485990.1286
485175.7156
484272.6651
483272.8156
482169.3307
480955.8257
479624.7349
478165.4741
476563.1675
474798.5806
472849.541
470693.664
468311.6643
465690.0212
462821.6637
459703.9746
456334.6646
452707.2285
448808.0335
444616.4745
440108.4573
435262.245
430064.7069
424515.5179
418627.2216
412420.4889
405915.9221
399125.3268
392045.5816
384657.0286
376926.4792
368813.3632
360276.7065
351280.5173
341795.7619
331798.3062
321263.7172
310161.1011
298448.7169
286073.799
272978.0458
259108.8622
244434.8314
228962.2004
212747.9002
195904.661
178595.8816
161021.7466
143401.9295
125961.7994
108927.173
92527.9858
77008.12796
62619.4651
49619.43633
38236.71263
28626.74877
20831.14456
14761.26474
10216.58689
6930.198917
4621.245367
493848.1943
493518.7606
493174.4461
492829.6869
492492.3196
492162.8477
491836.4206
491505.5039
491162.1001
490799.2648
490411.8816
489996.5915
489550.9656
489072.3655
488556.9791
487999.254
487391.7501
486725.3994
485990.1286
485175.7156
484272.6651
483272.8156
482169.3307
480955.8257
479624.7349
478165.4741
476563.1675
474798.5806
472849.541
470693.664
468311.6643
465690.0212
462821.6637
459703.9746
456334.6646
452707.2285
448808.0335
444616.4745
440108.4573
435262.245
430064.7069
424515.5179
418627.2216
412420.4889
405915.9221
399125.3268
392045.5816
384657.0286
376926.4792
368813.3632
360276.7065
351280.5173
341795.7619
331798.3062
321263.7172
310161.1011
298448.7169
286073.799
272978.0458
259108.8622
244434.8314
228962.2004
212747.9002
195904.661
178595.8816
161021.7466
143401.9295
125961.7994
108927.173
92527.9858
77008.12796
62619.4651
49619.43633
38236.71263
28626.74877
20831.14456
14761.26474
10216.58689
6930.198917
4621.245367
493848.1943
493518.7606
493174.4461
492829.6869
492492.3196
492162.8477
491836.4206
491505.5039
491162.1001
490799.2648
490411.8816
489996.5915
489550.9656
489072.3655
488556.9791
487999.254
487391.7501
486725.3994
485990.1286
485175.7156
484272.6651
483272.8156
482169.3307
480955.8257
479624.7349
478165.4741
476563.1675
474798.5806
472849.541
470693.664
468311.6643
465690.0212
462821.6637
459703.9746
456334.6646
452707.2285
448808.0335
444616.4745
440108.4573
435262.245
430064.7069
424515.5179
418627.2216
412420.4889
405915.9221
399125.3268
392045.5816
384657.0286
376926.4792
368813.3632
360276.7065
351280.5173
341795.7619
331798.3062
321263.7172
310161.1011
298448.7169
286073.799
272978.0458
259108.8622
244434.8314
228962.2004
212747.9002
195904.661
178595.8816
161021.7466
143401.9295
125961.7994
108927.173
92527.9858
77008.12796
62619.4651
49619.43633
38236.71263
28626.74877
20831.14456
14761.26474
10216.58689
6930.198917
4621.245367
493848.1943
493518.7606
493174.4461
492829.6869
492492.3196
492162.8477
491836.4206
491505.5039
491162.1001
490799.2648
490411.8816
489996.5915
489550.9656
489072.3655
488556.9791
487999.254
487391.7501
486725.3994
485990.1286
485175.7156
484272.6651
483272.8156
482169.3307
480955.8257
479624.7349
478165.4741
476563.1675
474798.5806
472849.541
470693.664
468311.6643
465690.0212
462821.6637
459703.9746
456334.6646
452707.2285
448808.0335
444616.4745
440108.4573
435262.245
430064.7069
424515.5179
418627.2216
412420.4889
405915.9221
399125.3268
392045.5816
384657.0286
376926.4792
368813.3632
360276.7065
351280.5173
341795.7619
331798.3062
321263.7172
310161.1011
298448.7169
286073.799
272978.0458
259108.8622
244434.8314
228962.2004
212747.9002
195904.661
178595.8816
161021.7466
143401.9295
125961.7994
108927.173
92527.9858
77008.12796
62619.4651
49619.43633
38236.71263
28626.74877
20831.14456
14761.26474
10216.58689
6930.198917
4621.245367
493855.2626
493525.9587
493181.2563
492835.8612
492497.86
492167.901
491841.1853
491510.1751
491166.8398
490804.1871
490417.052
490002.0453
489556.7405
489078.5313
488563.6505
488006.5852
487399.9206
486734.5987
486000.5462
485187.5342
484286.0553
483287.9287
482186.297
480974.7679
479645.8058
478188.9098
476589.3386
474828.0193
472882.9241
470731.7438
468355.1554
465739.4787
462877.4081
459766.1106
456403.1995
452782.2375
448889.7917
444705.4858
440205.355
435367.5878
430178.7374
424637.9794
418757.3275
412557.0896
406057.8241
399271.6464
392195.9974
384811.8519
377086.5401
368979.7723
360450.5778
351462.7382
341986.8773
331998.5474
321473.1528
310379.839
298677.0608
286312.2726
273227.2351
259369.0818
244705.6798
229242.1325
213033.9813
196192.6519
178880.7016
161298.1993
143665.4427
126208.909
109155.5935
92736.29461
77197.50896
62785.56751
49760.80872
38352.54914
28717.37016
20898.33811
14808.22847
10247.4278
6949.196658
4632.201128
493868.4797
493540.0614
493195.1231
492848.7287
492509.4781
492178.4123
491850.9294
491519.5408
491176.1809
490813.7777
490427.0706
490012.5921
489567.8878
489090.3852
488576.3929
488020.4817
487415.3008
486751.8276
486019.9984
485209.5773
484311.0379
483316.1684
482218.0709
481010.325
479685.4169
478232.9563
476638.4158
474883.0127
472945.0187
470802.3395
468435.6871
465831.1865
462981.1439
459882.2834
456531.9101
452923.5561
449044.049
444873.43
440388.0833
435566.2504
430394.1032
424870.0221
419005.0188
412818.5306
406330.7177
399553.9506
392486.5141
385110.5412
377394.4783
369298.8095
360782.8362
351810.1194
342350.7258
332379.5644
321871.5662
310795.7377
299110.7333
286764.3706
273698.6359
259860.4083
245216.5528
229770.347
213574.8928
196739.07
179423.4637
161827.3431
144171.6128
126684.5033
109595.2578
93136.66879
77558.66898
63104.50019
50032.99444
38576.82523
28894.44864
21031.36856
14902.78793
10310.78697
6989.127785
4655.825534
493886.5127
493560.1541
493215.7565
492868.5378
492527.694
492194.9197
491866.0582
491533.8165
491190.1478
490827.8994
490441.6845
490027.911
489584.0483
489107.5264
488594.7305
488040.3455
487437.128
486776.1294
486047.3205
485240.4683
484346.0269
483355.7467
482262.6777
481060.3526
479741.2574
478295.1026
476707.598
474960.325
473031.978
470900.8274
468547.7576
465958.7727
463125.7605
460044.8553
456712.8311
453122.9787
449262.2818
445111.2508
440646.8001
435847.4417
430699.1002
425199.312
419357.8119
413192.7136
406723.2814
399961.7805
392907.2654
385543.2807
377839.8846
369758.9084
361260.4051
352307.9808
342871.1569
332923.9933
322440.6217
311389.5923
299729.5577
287408.6667
274369.2315
260558.0007
245940.8325
230518.9017
214342.2397
197516.2254
180198.3611
162586.1289
144900.4813
127371.4656
110231.2475
93715.67832
78079.22632
63563.00719
50426.46644
38902.27847
29153.18092
21227.78601
15044.40886
10407.39211
7051.311183
4693.512357
493907.985
493584.9089
493242.2457
492895.0013
492552.7576
492217.9441
491887.1106
491553.4084
491208.9568
490846.5776
490460.7579
490047.7507
489604.9026
489129.5973
488618.2646
488065.7031
487464.807
486806.7447
486081.5602
485279.048
484389.6527
483405.0863
482318.3405
481122.889
479811.1986
478373.0562
476794.3956
475057.1811
473140.5985
471023.402
468686.7963
466116.8036
463304.9714
460246.8193
456938.4472
453372.6808
449536.4445
445410.6072
440972.6596
436201.564
431083.2214
425614.4708
419803.7374
413667.5513
407223.8341
400484.2449
393448.2339
386100.6624
378413.4324
370350.1993
361872.3278
352943.9429
343534.2864
333616.5833
323163.9612
312144.1825
300515.5666
288226.3701
275219.1712
261440.6615
246855.7978
231463.645
215310.9079
198498.8834
181181.1158
163552.2945
145832.5511
128253.3038
111049.7944
94461.66517
78748.99707
64151.96143
50931.56844
39322.34038
29488.78741
21484.62485
15231.75554
10537.15515
7136.423756
4746.250462
493931.7791
493612.954
493273.2671
492927.2115
492584.3838
492247.737
491914.6084
491578.8558
491233.0147
490870.0295
490484.3171
490071.9763
489630.2006
489156.2801
488646.6393
488096.1577
487497.8668
486843.0815
486121.9621
485324.3693
484440.7626
483462.8256
482383.4917
481196.1692
479893.2927
478464.7048
476896.5357
475171.1146
473268.1336
471166.8954
468849.0432
466300.7668
463513.4165
460481.9804
457201.861
453665.2751
449858.8594
445763.6204
441357.5103
436619.9891
431537.1204
426105.2809
420331.7457
414231.4381
407820.6801
401110.0727
394098.9494
386773.1005
379106.1633
371063.8371
362609.2671
353707.6518
344328.4241
334444.2365
324027.222
313044.1423
301452.6413
289200.7377
276231.038
262490.1039
247942.0553
232583.9504
216459.1666
199664.6802
182349.5303
164704.7956
146948.868
129313.7806
112037.5307
95363.82051
79559.15311
64863.91262
51541.83596
39830.2357
29896.93847
21798.88601
15463.09477
10699.41713
7244.58403
4814.601864
493957.1634
493643.1759
493307.4528
492963.8483
492621.6676
492284.0147
491948.8038
491610.6814
491262.8615
490898.6625
490512.5801
490100.6153
489659.8089
489187.3261
488679.5384
488131.3556
487535.9129
486884.6715
486167.9375
485375.681
484498.4148
483527.819
482456.7785
481278.6362
479985.7877
478568.1164
477011.9242
475299.8745
473412.1428
471328.5927
469031.37
466506.9523
463746.647
460745.0575
457496.9742
453993.9793
450222.2728
446162.765
441793.6461
437094.7614
432052.3926
426662.652
420931.9113
414873.6529
408502.5747
401827.9539
394848.5433
387550.5384
379908.9157
371891.306
363462.853
354590.2963
345243.8114
335395.9427
325018.0813
314075.985
302526.3955
290316.7406
277389.3023
263690.2736
249182.8678
233862.2064
217768.4458
200994.2409
183683.8878
166024.3215
148231.4194
130536.9973
113181.1796
96411.55818
80501.46724
65692.42037
52252.05176
40421.59802
30373.07226
22167.85295
15736.63833
10893.22487
7375.513873
4898.753335
493983.7676
493674.8469
493343.6928
493003.547
492663.2918
492325.8747
491989.4149
491649.1381
491299.0204
490933.0172
490545.955
490133.8865
489693.7558
489222.6032
488716.7148
488170.9822
487578.5936
486931.1229
486219.0216
485432.3985
484561.8632
483599.1308
482537.0628
481368.9467
480087.1383
478681.5526
477138.6459
475441.3865
473570.3989
471506.0824
469231.0972
466732.2757
464001.0074
461031.6697
457818.5893
454352.7963
450620.0226
446600.9265
442273.7002
437618.3538
432621.2841
427278.4076
421595.4022
415584.5617
409259.1218
402626.9992
395686.0851
388422.5035
380812.0406
372823.8634
364425.0072
355583.9757
346272.1556
336462.5297
326126.1985
315228.1512
303724.2066
291560.9613
278680.0151
265026.8447
250563.5316
235283.2057
219222.8819
202470.9959
185167.083
167493.6778
149663.6123
131907.757
114467.636
97594.25777
81567.79779
66631.44858
53057.72943
41092.96505
30914.40178
22588.58707
16050.77114
11117.56897
7528.724791
4998.621858
494011.4798
493707.6001
493381.2625
493045.2005
492707.8943
492372.002
492035.5411
491693.9456
491341.7453
490973.6172
490584.9828
490172.1985
489732.2609
489262.1408
488758.0376
488214.7923
487625.5966
486982.0864
486274.8253
485494.0603
484630.5277
483676.0206
482623.4161
481465.9714
480196.0117
478803.4811
477274.9778
475593.7537
473740.8498
471697.1636
469445.8449
466974.0961
464273.4607
461338.2201
458162.3975
454736.6166
451046.217
447071.5673
442790.702
438183.563
433236.4512
427944.9987
422314.2714
416355.5903
410080.976
403497.1328
396601.0352
389378.4392
381805.4566
373852.2636
365487.4019
356681.0439
347406.019
337636.2151
327342.9774
316490.9585
305035.2675
292921.6309
280090.7187
266486.9394
252070.9132
236833.5774
220808.7683
204080.7823
186784.4742
169097.9238
151230.632
133412.0008
115884.2934
98901.3408
82749.87869
67674.94914
53954.6378
41841.3881
31518.77973
23059.42821
16403.68651
11371.54485
7703.680339
5113.978324
494040.3382
493741.3266
493419.7974
493088.0865
492754.3704
492421.0372
492085.8698
491744.205
491390.757
491020.7174
490630.1878
490216.0929
489775.7336
489306.1593
488803.5375
488262.6562
487676.6782
487037.2519
486335.002
485560.281
484703.9509
483757.9133
482715.1041
481568.7893
480311.2878
478932.5802
477419.4011
475755.27
473921.6189
471899.8088
469673.442
467230.0692
464561.4086
461661.7228
458524.8638
455141.2067
451495.8382
447568.9056
443338.2435
438783.5675
433890.859
428655.2689
423081.1769
417179.0203
410959.8177
404429.2935
397583.6332
390408.1511
382878.9772
374966.8136
366641.1916
357873.5844
348638.1826
338910.0165
328661.1367
317856.3762
306450.5429
294388.6845
281610.4891
268059.0515
253693.196
238501.3654
222514.0415
205811.3533
188523.5374
170824.2579
152919.5841
135037.1404
117419.4347
100322.5584
84039.38835
68816.69281
54938.47125
42664.06697
32184.41015
23579.15962
16794.48019
11654.09453
7899.907498
5244.556651
494070.4647
493776.0675
493459.1913
493131.8425
492801.9996
492471.8774
492139.0436
491798.6061
491445.1588
491074.04
490681.8257
490266.0945
489824.7159
489355.0687
488853.4357
488314.606
487731.7106
487096.3778
486399.2444
485630.7171
484781.7511
483844.356
482811.5572
481676.6729
480432.0539
479067.7401
477570.6069
475924.4319
474111.0186
472112.1639
469911.8882
467498.0563
464862.5454
461999.6252
458903.0567
455563.0966
451964.7311
448088.0183
443910.6565
439412.0931
434577.8393
429402.3546
423889.1504
418047.7157
411888.1547
405415.4122
398625.0974
391502.19
384022.7501
376157.6948
367877.0701
359153.1498
349961.1367
340277.1358
330074.1408
319317.614
307962.5573
295953.7242
283229.995
269733.094
255419.8162
240275.8003
224327.9
207651.9171
190373.4327
172661.7212
154719.4082
136772.1992
119062.5367
101848.3365
85428.19799
70050.32928
56004.71577
43558.09432
32909.57441
24146.79974
17222.55061
11964.78614
8116.817504
5390.129524
494102.0467
493811.9476
493499.4873
493176.3639
492850.4211
492523.8037
492193.9616
491855.7934
491503.6424
491132.6901
490739.62
490322.4599
489879.733
489409.4115
488908.1429
488370.8638
487790.7273
487159.3385
486467.3133
485705.0641
484863.5884
483934.9714
482912.3279
481789.0588
480557.59
479208.0571
477727.4961
476099.9438
474307.5622
472332.5623
470159.3547
467776.0875
465174.768
462349.6631
459294.4718
455999.4117
452449.4934
448624.832
444503.1163
440063.5889
435291.255
430179.7436
424731.5012
418954.8961
412859.0545
406448.2192
399717.6053
392652.0502
385227.6348
377415.3955
369185.5857
360510.8188
351366.8295
341730.4656
331575.6054
320868.5742
309565.0012
297609.8197
284941.4668
271500.4606
257241.5147
242147.2483
226240.6023
209592.7962
192324.5944
174600.8176
156620.6271
138607.7516
120804.406
103470.0481
86908.6706
71369.59637
57148.6989
44520.35113
33692.43726
24761.4012
17687.45163
12303.39246
8354.249593
5550.386341
494135.304
493849.157
493540.8124
493221.6957
492899.5316
492576.4567
492249.9063
491914.6679
491564.8547
491195.3617
490802.678
490384.914
489941.0426
489469.7136
488968.2022
488431.8412
487853.9515
487226.1687
486539.0851
485783.0857
484949.1617
484029.4234
483017.0432
481905.5051
480687.3395
479352.8195
477889.1752
476280.7191
474509.9694
472559.5359
470414.198
468062.3621
465496.1396
462709.772
459696.8892
456447.6983
452947.3097
449176.0144
445111.6338
440733.3319
436025.676
430981.4387
425601.8743
419894.0428
413865.9219
407520.9815
400854.1052
393850.1516
386485.3985
378731.0821
370557.5667
361937.5067
352846.7234
343262.3461
333158.8197
322503.2787
311252.2062
299351.133
286738.51
273354.0015
259150.4014
244107.2665
228243.4267
211625.2495
194368.4298
176633.1541
158615.0187
140535.7131
122637.1396
105180.1427
88473.90058
72768.57347
58365.76173
45547.54672
34530.96656
25421.90657
18188.74807
12669.78869
8612.180672
5725.305166
494170.3567
493887.9181
493583.3587
493267.9663
492949.3772
492629.734
492306.5192
491974.5132
491627.698
491260.7038
490869.6958
490452.5661
490008.3709
489536.2332
489034.1398
488498.0818
487921.7958
487297.0933
486614.5967
485864.6608
485038.2379
484127.415
483125.3721
482025.6441
480820.8666
479501.4778
478054.9414
476465.8754
474717.1673
472791.8216
470674.971
468355.2619
465824.8902
463078.0507
460108.2851
456905.7827
453455.7789
449738.8114
445732.9492
441417.4197
436776.4832
431802.1324
426494.4131
420858.9574
414902.4083
408627.2863
402028.0601
395089.6572
387788.7014
380096.7938
371984.4863
363424.3814
354392.0995
344864.6215
334816.5123
324215.4077
313018.5927
301172.4163
288615.7498
275287.8496
261139.9365
246148.669
230328.73
213741.4438
196497.1645
178751.1767
160695.3031
142549.0608
124553.9528
106972.1234
90117.83312
74241.88766
59651.46831
46636.35593
35422.9638
26127.08778
18725.91056
13063.85045
8890.655432
5914.956386
494207.1145
493928.3538
493627.3509
493315.3695
493000.0875
492683.6826
492363.6988
492034.9719
491691.4576
491327.6205
490939.3246
490524.1148
490080.8294
489608.6984
489106.2153
488570.1125
487994.8043
487372.5257
486694.0742
485949.8283
485130.6986
484228.7165
483237.0214
482149.1498
480957.8096
479653.6033
478224.2533
476654.7194
474928.2855
473028.3616
470940.4298
468653.3636
466159.4299
463452.7622
460526.7962
457371.6839
453972.7757
450310.8766
446364.3716
442112.6673
437539.8632
432637.3111
427403.9333
421843.9233
415962.4697
409760.9515
403233.2358
396364.223
389130.9186
381505.4291
373458.6546
364963.2228
355994.4657
346528.9378
336540.9064
325998.0736
314858.2262
303068.4819
290568.3509
277297.0839
263204.7704
248265.5147
232490.0151
215934.5137
198703.8231
180948.0372
162854.9138
144641.5648
126548.9443
108840.4083
91835.2546
75784.82101
61001.77871
47783.58771
36366.17032
26875.56825
19298.27047
13485.37859
9189.715586
6119.455597
494245.4205
493970.3767
493672.9139
493364.1313
493051.8574
492738.4332
492421.4931
492095.9435
491755.7769
491395.3982
491010.4704
490598.2134
490157.1192
489686.2229
489184.1581
488648.1939
488073.505
487453.0111
486777.9326
486038.8165
485226.5853
484333.2129
483351.7656
482275.7337
481097.8478
479808.8405
478396.6896
476846.7191
475142.6421
473268.2994
471209.5337
468955.4443
466498.3609
463832.3471
460950.7206
457843.5784
454496.3632
450890.1342
447003.6109
442816.4485
438312.7071
433483.2515
428326.0273
422843.8787
417040.5276
410916.0851
404463.614
397667.7904
390505.8965
382950.5739
374973.208
366546.6117
357645.908
348247.1417
338324.0117
327843.8766
316764.5996
305033.7755
292591.511
279377.2741
265340.4268
250452.9592
234721.9239
218198.6305
200982.2914
183217.5835
165087.8855
146807.5925
128616.8687
110780.137
93621.68428
77393.31086
62413.14277
48986.32656
37358.39933
27665.90274
19905.03525
13934.06618
9509.346984
6338.915265
494285.2433
494013.8323
493719.9623
493414.3781
493104.9141
492794.1813
492480.0333
492157.4765
491820.556
491463.6814
491082.4208
490673.7698
490235.896
489767.5102
489267.0843
488732.0574
488158.1594
487539.0783
486866.718
486132.0415
485326.1286
484440.9485
483469.4932
482405.1748
481240.698
479966.8746
478571.9019
477041.4613
475359.7151
473510.9658
471481.442
469260.4828
466840.4838
464215.4354
461378.5313
458319.8012
455024.7595
451474.6936
447648.6428
443526.5312
439092.455
434336.9215
429257.0616
423854.5206
418131.6406
412087.244
405713.4517
398994.5022
391907.7499
384426.2634
376521.942
368167.9219
359339.2776
350011.6251
340158.0128
329745.1882
318730.6875
307062.1671
294680.0518
281523.9971
267542.8716
252706.9597
237020.103
220529.0003
203327.3845
185554.4218
167388.8512
149042.0153
130752.9716
112786.9806
95473.21681
79063.867
63882.50682
50242.01191
38397.64816
28496.67777
20545.34671
14409.50863
9849.455814
6573.408176
494326.7885
494058.692
493768.3438
493466.0263
493159.385
492851.1551
492539.5159
492219.7028
491885.8444
491532.3712
491154.8213
490750.0731
490316.0695
489851.2186
489353.7004
488820.8214
488248.5009
487630.9903
486960.9604
486230.0511
485429.7463
484552.1562
483590.2521
482537.3657
481386.1441
480127.4285
478749.5821
477238.6055
475579.1008
473755.8502
471755.4995
469567.6558
467184.7988
464600.8531
461808.8879
458798.859
455556.3378
452062.8157
448297.6241
444240.9438
439876.9337
435195.8279
430194.0808
424872.3042
419231.6084
413269.6044
406977.4381
400338.7614
393330.7808
385926.7847
378099.08
369821.158
361068.1852
351815.5092
342035.6066
331694.5302
320749.2223
309147.0048
296828.218
283732.4461
269808.054
255023.8681
239380.9286
222921.7422
205734.8502
187953.9836
169753.1043
151340.2118
132952.9134
114857.0051
97386.36737
80793.44669
65407.2523
51548.44859
39482.16342
29366.59816
21218.35528
14911.24513
10209.87507
6822.950571
494371.7311
494105.1637
493818.0318
493518.9251
493215.1879
492909.483
492600.1695
492282.8195
491951.7744
491601.5173
491227.5739
490826.7698
490396.9303
489936.26
489442.6672
488913.1955
488343.651
487728.4827
487060.9244
486333.3764
485537.9876
484667.2562
483714.2777
482672.3579
481534.0832
480290.2912
478929.4593
477437.8512
475800.4674
474002.5594
472031.2089
469876.3242
467530.502
464987.6235
462240.6434
459279.4427
456089.6402
452652.9131
448948.8596
444957.8917
440664.225
436057.8569
431134.6579
425894.3494
420336.9726
414459.0658
408250.8642
401695.3876
394769.5367
387446.5973
379699.0802
371500.7305
362826.8436
353652.6401
343950.183
333684.9035
322813.0624
311281.3815
299029.7306
285997.2392
272131.5345
257399.9976
241801.1263
225373.6349
208201.2593
190412.5333
172176.6637
153698.1283
135212.7779
116986.6111
99357.96058
82579.33081
66985.09887
52903.76261
40610.45292
30274.53888
21923.28497
15438.81216
10590.39325
7087.506127
494426.4049
494154.924
493869.2362
493573.0496
493272.1732
492969.0836
492662.1236
492347.0561
492018.5438
491671.253
491300.7289
490903.7625
490478.1259
490021.9262
489532.8987
489007.8434
488442.3224
487830.68
487166.3481
486442.284
485651.3856
484786.7994
483841.9927
482810.39
481684.5707
480455.3649
479111.3286
477638.9343
476023.5227
474250.772
472308.1891
470186.0053
467876.9719
465374.9637
462672.8457
459760.4337
456623.3899
453243.5648
449600.8032
445675.7252
441452.5842
436921.1441
432076.7376
426918.2937
421444.9256
415652.2533
409529.7268
403059.7842
396218.9653
388980.3922
381316.5592
373201.2683
364609.8498
355517.4382
345895.8229
335709.9659
324915.5126
313458.4928
301278.044
288312.4702
274508.3023
259831.2703
244277.363
227881.7623
210723.7737
192927.0711
174656.2847
156112.3419
137529.1297
119172.5453
101385.0837
84419.03544
68614.00749
54306.32791
41781.2547
31219.55663
22659.4732
15991.79096
10990.79206
7367.005438
494660.3694
494214.3065
493923.6344
493628.6108
493330.3171
493029.8085
492725.2973
492412.5423
492086.3826
491741.7766
491374.4202
490981.1025
490559.5598
490107.8661
489623.6885
489103.6814
488543.1819
487936.2987
487276.3597
486556.515
485770.2087
484911.3207
483973.9502
482951.8873
481837.8489
480622.7093
479295.0977
477841.6567
476248.0109
474500.2052
472586.1301
470496.3321
468223.7425
465762.2719
463104.7346
460240.9058
457156.4978
453833.5272
450252.0713
446392.9399
442240.4072
437783.9943
433018.5086
427942.1387
422553.1671
416846.4292
410810.7312
404428.0419
397674.5804
390523.2441
382946.3506
374917.5447
366412.0026
357404.6858
347867.1525
337764.0319
327050.4982
315671.9477
303566.6923
290671.9568
276932.8246
262313.0441
246805.9153
230443.1333
213299.8194
195495.1219
177189.3739
158580.0728
139899.074
121411.9549
103465.1005
86310.27669
70292.11181
55754.69237
42993.48308
32200.86884
23426.38117
16569.83726
11410.88025
7661.372006
495860.5739
494452.7975
493987.5591
493687.2869
493389.8316
493091.6348
492789.5433
492479.1985
492155.4215
491813.3187
491448.8468
491058.924
490641.2839
490193.9838
489714.6865
489200.0049
488645.1484
488044.0088
487389.6793
486675.2012
485894.2015
485041.0912
484110.6871
483097.4053
481994.346
480792.5708
479480.8312
478045.9322
476473.7413
474750.6124
472864.7602
470807.0074
468570.462
466149.0998
463535.729
460720.1225
457688.0649
454421.742
450901.455
447108.1909
443026.2326
438644.8499
433958.3249
428964.1247
423659.7535
418039.3522
412091.2063
405796.944
399132.5648
392070.7754
384583.655
376644.5351
368228.2313
359309.3509
349859.1387
339841.9325
329212.5661
317915.9388
305889.5901
293069.5736
279399.2841
264840.1591
249382.5053
233054.3695
215926.7327
198114.4358
179773.799
161099.1118
142320.2714
123702.4434
105595.7021
88250.98613
72017.69264
57247.52579
44246.17342
33217.81477
24223.57987
17172.68982
11850.5152
7970.54583
495551.6449
495657.1757
494230.4176
493755.4088
493452.3951
493154.7751
492854.8394
492546.8779
492225.5812
491886.0105
491524.2398
491137.4267
490723.4331
490280.3319
489805.7977
489296.4649
488747.519
488152.7321
487504.981
486797.0673
486022.4999
485175.8589
484252.4775
483247.4836
482154.6204
480965.3809
479668.7798
478251.8312
476700.6348
475001.8115
473143.8432
471117.772
468916.8478
466535.1125
463965.3999
461197.5246
458217.3793
455007.338
451547.9273
447820.3048
443808.7546
439502.2919
434894.6743
429982.6531
424762.9739
419229.1302
413368.967
407163.8829
400589.777
393619.2596
386224.2029
378377.5656
370053.6527
361226.5178
351866.9173
341938.8176
331396.7514
320185.2459
308241.1985
295499.5429
281901.8985
267407.1646
252002.345
235711.5519
218601.4702
200782.6623
182407.6169
163667.6501
144790.8749
126042.0861
107774.9574
90239.35635
73789.19367
58783.60215
45538.44375
34269.81522
25050.72261
17800.16138
12309.6096
8294.49868
493493.63
495352.8289
495438.8092
494002.3023
493524.3368
493220.9079
492921.399
492615.5591
492296.7159
491959.7738
491600.731
491216.8423
490806.2076
490367.0462
489897.0755
489392.9676
488849.9464
488261.768
487621.1895
486920.7915
486153.8336
485314.7648
484399.0735
483402.3994
482319.2143
481141.701
479859.379
478459.6092
476928.768
475253.7316
473423.2071
471428.4018
469262.6549
466920.0435
464393.4304
461672.7033
458743.9045
455589.629
452190.646
448528.287
444586.8358
440355.0541
435826.1798
430996.2556
425861.2749
420414.0987
414642.1693
408526.7266
402043.6706
395165.6282
387864.3565
380112.4737
371883.7177
363151.4441
353885.7269
344049.9902
333598.3862
322475.1074
310616.5303
297956.5962
284435.2007
270008.6242
254660.3512
238410.2618
221320.4649
203497.0821
185088.7763
166284.0351
147309.3812
128429.3779
110001.3294
92273.88674
75605.26174
60361.81463
46869.4828
35356.34479
25907.51625
18452.11953
12788.12565
8633.239113
489637.3442
493299.9679
495138.9291
495214.3831
493774.9005
493296.3604
492990.9003
492685.456
492368.805
492034.4632
491678.243
491297.3034
490889.8398
490454.3273
489988.6563
489489.5671
488952.3377
488370.7705
487737.6067
487045.302
486286.8855
485456.5438
484549.6212
483561.909
482488.4084
481322.0764
480053.1934
478669.7059
477158.4024
475506.4567
473702.7903
471738.7362
469607.6724
467303.663
464819.5711
462145.3608
459267.253
456168.1021
452828.9513
449231.3245
445359.5143
441202.0348
436751.6139
432003.596
426953.2299
421592.7463
415909.1919
409883.6763
403492.1636
396707.3937
389501.119
381845.7092
373714.3697
365079.7048
355910.9651
346170.8422
335812.9396
324781.0371
313011.0277
300435.9804
286994.1943
272639.3835
257351.4351
241145.7835
224079.6642
206254.473
187814.871
168946.5012
149874.4131
130863.1035
112273.6325
94353.39961
77464.7871
61981.21036
48238.56378
36476.92425
26793.7015
19128.46648
13286.06191
8986.808732
484022.726
489449.3881
493091.1712
494918.6727
494990.3179
493550.2954
493069.6683
492758.2468
492442.0627
492110.059
491756.6314
491378.7332
490974.4629
490542.4082
490080.7416
489586.4006
489054.7482
488479.6483
487853.8885
487169.9034
486420.5877
485599.884
484702.8615
483725.1647
482661.9641
481506.7919
480250.772
478882.6901
477389.9825
475760.2549
473982.6855
472048.7241
469951.7526
467685.775
465243.6089
462615.2661
459787.1468
456742.3915
453462.3544
449928.7847
446126.0071
442042.3049
437669.9102
433003.4836
428037.5408
422763.6852
417168.5626
411233.1507
404933.4997
398242.5216
391132.0593
383574.3449
375542.1449
367007.3479
357938.3299
348296.9104
338035.9566
327098.6704
315420.3865
302933.3422
289574.3618
275294.7204
260070.7574
243913.377
226874.7191
209051.1448
190583.0168
171652.9457
152484.4785
133342.1466
114590.9211
96477.00533
79366.91875
63641.02493
49645.07345
37631.13243
27709.04823
19829.12537
13803.43933
9355.27333
476852.903
483840.9745
489246.3131
492875.7576
494698.4355
494768.7612
493326.7854
492840.2541
492518.1671
492186.7759
491835.8769
491460.9881
491060.0009
490631.423
490173.5648
489683.6702
489157.3157
488588.4575
487969.9449
487294.2538
486554.2477
485743.7218
484857.4883
483890.9137
482839.0399
481695.6141
480452.4039
479099.1147
477624.0819
476015.5767
474263.1682
472358.4682
470294.8565
468066.2457
465665.3635
463082.2231
460303.3738
457312.2401
454090.5124
450620.2037
446885.7089
442875.1114
438580.1715
433994.886
429113.0521
423925.6533
418418.9295
412573.7139
406366.135
399769.2958
392755.1885
385296.0046
377364.1841
368930.9946
359963.9731
350424.0153
340263.1127
329423.7048
317840.4082
305444.56
292171.5557
277970.355
262813.8725
246708.5202
229701.2396
211883.1142
193389.8825
174400.8162
155137.7694
135865.2776
116952.3251
98644.00944
81311.03706
65340.69654
51088.54101
38818.6299
28653.3653
20554.03739
14340.2918
9738.713312
468304.616
476677.7513
483644.1864
489036.4012
492660.0348
494480.4215
494548.1149
493100.4786
492603.4384
492266.2917
491916.195
491544.0496
491146.3111
490721.2962
490267.2608
489781.6103
489260.2434
488697.3371
488085.8334
487418.2647
486687.5261
485887.3681
485012.4426
484057.8559
483018.39
481887.7083
480657.8616
479319.2739
477861.2582
476273.0011
474544.6964
472668.2531
470637.0978
468445.0496
466084.7164
463546.0686
460815.7564
457877.4552
454713.1891
451305.2616
447638.1811
443699.8761
439481.6739
434976.9365
430178.763
425077.5273
419659.0634
413904.0471
407788.667
401286.2068
394368.8281
387008.7426
379178.1636
370847.852
361984.5993
352548.4109
342490.3498
331751.9547
320266.9437
307965.6023
294781.8381
280662.3468
265576.7396
249527.0461
232555.0228
214746.3428
196231.8504
177187.1375
157832.0592
138430.9743
119356.8643
100853.7724
83296.67734
67079.84499
52568.65061
40039.18249
29626.51932
21303.16965
14896.66445
10137.21728
458606.1161
468136.356
476487.7067
483440.3833
488825.868
492446.252
494263.1376
494324.5936
492866.7931
492354.9241
491999.2629
491628.1336
491233.3756
490811.8862
490361.7552
489880.3565
489363.7664
488806.4913
488201.6943
487541.9952
486820.3363
486030.4861
485167.0392
484224.9379
483198.7212
482081.8366
480866.318
479542.9466
478101.8111
476533.0913
474827.8552
472978.5448
470978.7715
468822.3127
466501.6564
464006.7003
461324.1488
458437.8783
455330.2123
451983.7441
448383.127
444516.1853
440373.8657
435948.9388
431233.8353
426218.3353
420887.8704
415222.951
409199.8073
402791.8832
395971.5007
388710.9154
380982.1789
372755.6469
363997.4797
354666.8838
344714.024
334079.4834
322695.9465
310492.4744
297401.3458
283366.9427
268355.6266
252365.1546
235432.1823
217636.9492
199105.2354
180008.6577
160564.7263
141037.3301
121803.2919
103105.5507
85323.4128
68858.21017
54085.22575
41292.67196
30628.4532
22076.52954
15472.61963
10550.88098
448029.2595
458444.927
467953.4019
476290.5108
483235.6659
488616.996
492233.0226
494042.9122
494093.7048
492621.5011
492091.3957
491714.9171
491321.411
490903.1759
490456.907
489979.8353
489468.0212
488916.156
488317.7326
487665.5869
486952.7391
486172.9916
485320.9442
484391.4784
483378.9856
482276.7129
481076.5434
479769.314
478345.5271
476796.1536
475113.2146
473289.9362
471320.3528
469198.3413
466916.3228
464464.1219
461828.4654
458993.3818
455941.443
452655.4998
449120.3544
445323.7657
441256.3575
436910.3661
432277.598
427347.2651
422104.405
416529.3586
410598.3837
404285.0644
397561.8634
390401.0756
382774.619
374652.5131
366000.3893
356776.7675
346931.0019
336402.7479
325123.6017
313021.2699
300026.2396
286080.4493
271146.9668
255219.3239
238329.1615
220551.3309
202006.4808
182862.0475
163332.8849
143682.0741
124290.0132
105398.362
87390.72113
70675.55647
55638.18082
42579.08479
31659.19503
22874.17899
16068.24766
10979.81178
436860.6103
447875.2111
458269.2892
467763.1999
476092.1286
483032.3378
488408.5059
492016.7986
493815.3522
493851.2836
492361.3277
491810.7121
491412.0936
490995.3822
490552.7
490079.9067
489572.9354
489026.469
488434.1857
487789.2463
487084.8777
486314.9472
485474.0759
484557.147
483558.5066
482471.2955
481287.2597
479997.1556
478591.5965
477061.9829
475401.0885
473603.0049
471662.4436
469573.6211
467329.0345
464918.4872
462328.7261
459543.8977
456546.7725
453320.4096
449849.7329
446122.4469
442128.8983
437860.852
433309.5476
428463.6688
423307.8781
417822.3477
411983.3536
405764.6032
399138.6812
392077.9064
384554.0641
376536.87
367991.498
358875.8828
349138.6776
338718.6941
327546.4668
315548.2962
302652.7547
288799.185
273947.2388
258086.1761
241242.6515
223486.1784
204932.2729
185744.0798
166133.5646
146362.6864
126815.1015
107730.9139
89497.87006
72531.56288
57227.44478
43898.4748
32718.85012
23696.24161
16683.67748
11424.13637
425409.8265
436713.668
447706.998
458086.3437
467571.5623
475894.8737
482829.227
488196.9824
491793.2989
493576.3645
493594.0918
492084.1531
491511.7324
491090.1811
490649.3518
490180.5555
489678.3702
489137.3589
488551.1924
487913.2121
487216.9603
486456.4982
485626.4993
484721.8646
483736.9573
482664.9129
481497.4321
480225.2021
478838.809
477329.7799
475691.2815
473918.0738
472005.6303
469948.7638
467740.2883
465370.1279
462825.0995
460089.4625
457146.151
453978.3844
450571.1639
446912.1195
442991.339
438800.1666
434329.3381
429567.0633
424497.6621
419101.1497
413353.8156
407229.4783
400700.8292
393740.1958
386319.2207
378407.3223
369969.2524
360962.4328
351334.9152
341024.7746
329961.5663
318070.2118
305277.322
291519.5282
276752.9203
260962.3638
244169.4661
226438.3996
207879.554
188651.7348
168963.8724
149076.5574
129376.3984
110101.6166
91643.85621
74425.72794
58852.87264
45250.90371
33807.573
24542.8972
17319.08219
11884.0086
413898.6081
425269.8542
436552.8739
447531.4506
457901.7371
467380.8019
475697.6794
482623.0583
487978.2686
491558.5153
493322.7545
493320.0292
491788.8556
491193.8782
490748.5379
490281.9999
489784.3113
489248.6884
488668.683
488037.6245
487349.2269
486597.8542
485778.3615
484885.6988
483914.2618
482857.2422
481706.3944
480452.4259
479085.9048
477598.3455
475983.0057
474234.9582
472350.2457
470324.3658
468150.7068
465819.5534
463317.9312
460630.2603
457739.6321
454629.3929
451284.5779
447692.7049
443843.5903
439728.1803
435336.759
430657.121
425673.2916
420365.1547
414709.0188
408678.8069
402247.3054
395386.839
388068.8977
380262.5977
371932.2793
363034.8888
353517.9483
343318.8946
332366.4097
320584.1188
307896.7017
294238.0353
279560.5361
263844.5278
247106.436
229405.0049
210845.4549
191582.2136
171821.0891
151821.133
131971.654
112508.6687
93827.41488
76357.31822
60514.16811
46636.37127
34925.52197
25414.36116
17974.67533
12359.6136
402420.9626
413765.3987
425116.3624
436384.7478
447354.0396
457717.771
467189.9549
475497.4164
482409.8106
487748.4539
491309.307
493052.4459
493027.9926
491474.8884
490856.56
490385.9148
489890.9778
489360.4444
488786.5213
488162.4153
487481.8196
486739.2573
485929.8744
485048.799
484090.4904
483048.2109
481913.8283
480678.1672
479331.8649
477866.4307
476275.0748
474552.8833
472696.1174
470700.771
468560.8971
466267.3973
463807.7432
461166.651
458327.4161
455273.5065
451989.9626
448464.1534
444685.5933
440644.8229
436331.6984
431733.6479
426834.4548
421613.9123
416048.3683
410111.8535
403777.243
397016.8507
389802.0076
382101.5227
373879.3245
365091.8964
355686.2699
345599.3156
334758.9408
323087.5821
310508.073
296951.5687
282366.7699
266729.3424
250050.3695
232383.0086
213827.1892
194532.8775
174702.6824
154594.0008
134598.6536
114950.177
96047.09131
78325.37525
62210.84106
48054.7539
36072.80546
26310.85066
18650.69613
12851.16533
391234.743
402294.2721
413619.0138
424955.5645
436214.5784
447177.0478
457533.5815
466996.0413
475290.2083
482185.6822
487504.4614
491043.6281
492764.3552
492717.4659
491141.7132
490498.5983
490000.0439
489472.8465
488904.6957
488287.4503
487614.6719
486880.8513
486081.2821
485211.3794
484265.7954
483237.8924
482119.6651
480902.1126
479576.0361
478133.0258
476566.2518
474870.6768
473042.485
471077.8202
468971.2153
466714.2786
464295.1812
461699.1699
458909.8777
455910.942
452687.4073
449226.4715
445517.3171
441550.0539
437314.1032
432796.5478
427980.9718
422847.1236
417371.4262
411528.0354
405289.9193
398629.3779
391517.5796
383923.025
375809.2295
367132.2165
357838.5414
347864.549
337137.4461
325578.5823
313109.055
299657.3851
285168.5881
269613.6218
252998.095
235369.3927
216821.9624
197501.1518
177606.253
157392.9031
137255.2949
117424.2671
98301.34204
80328.77367
63942.21206
49505.77014
37249.43419
27232.54423
19347.38484
13358.89626
380636.3356
391114.257
402154.756
413465.3678
424792.5648
436044.6225
446999.7062
457346.3391
466795.3361
475072.372
481947.67
487244.2826
490760.4184
492457.9977
492387.9594
490788.218
490117.8038
489587.5687
489023.427
488412.7191
487747.6515
487022.5719
486232.7303
485373.6864
484440.3932
483426.4418
482323.9815
481124.1976
479818.1108
478397.4856
476855.5376
475187.115
473388.1913
471454.7689
469381.5167
467160.5661
464780.8766
462228.4757
459487.5661
456542.0894
453377.1456
449979.7664
446338.7866
442443.86
438283.9492
433845.7822
429112.7593
424064.6203
418677.9041
412926.9247
406784.7616
400223.7081
393214.7716
385726.1453
377720.9341
369154.7029
359973.5358
350113.2688
339500.4525
328055.4278
315697.6628
302353.1569
287963.3258
272494.4397
255946.5629
238361.1472
219826.9392
200484.4434
180529.4484
160215.6895
139939.6002
119929.15
100588.6283
82366.30476
65707.45864
50988.98338
38455.2939
28179.54544
20064.95301
13883.03976
370806.4413
380521.6678
390981.2924
402008.0395
413309.3811
424629.5887
435874.2011
446819.3355
457152.4744
466584.2821
474840.9862
481693.8092
486966.8836
490459.2252
492132.9327
492038.4233
490412.2901
489710.9011
489144.3885
488538.4437
487880.7498
487164.289
486384.1573
485535.8681
484614.5328
483614.0786
482526.936
481344.503
480058.0293
478659.5087
477142.2956
475501.2106
473732.0278
471830.4765
469791.0732
467606.1305
465265.2117
462755.2121
460061.153
457167.5124
454059.5833
450724.2884
447150.1263
443326.2832
439241.2393
434881.3413
430229.791
425266.3292
419967.6422
414308.2409
408261.3495
401799.2762
394892.8791
387510.05
379613.4879
371158.3042
362090.1155
352344.2568
341846.6433
330516.6579
318272.2243
305036.9318
290748.7082
275369.2111
258892.9582
241355.3655
222839.2805
203480.1105
183469.8881
163060.2404
142649.6749
122463.1333
102907.4733
84436.75394
67505.68247
52503.83763
39690.14666
29151.86183
20803.55656
14423.80876
361985.8752
370697.1664
380394.856
390841.1981
401858.8614
413153.2437
424466.0418
435700.7825
446632.5237
456948.5617
466360.0469
474594.1357
481423.0955
486671.8445
490139.6572
491788.1762
491666.8149
490010.7321
489273.8661
488666.2973
488014.1903
487305.996
486535.4353
485697.8655
484788.3651
483801.0544
482728.7512
481563.1907
480295.8771
478919.0413
477426.232
475812.3371
474073.0199
472203.7504
470198.7625
468050.2615
465748.0732
463279.7759
460631.2957
457787.8959
454735.2983
451460.4589
447951.6027
444197.4644
440186.0311
435903.242
431332.0689
426452.2339
421240.5754
415671.8305
409719.4079
403355.6668
396551.3419
389274.0395
381486.0626
373142.0759
364187.2352
354556.3809
344174.8055
332960.9616
320831.2875
307707.0543
293522.8145
278235.7153
261834.7799
244349.3512
225856.2329
206485.4971
186425.1368
165924.4005
145383.6412
125024.5865
105256.4719
86538.9485
69335.97222
54049.7103
40953.65778
30149.4052
21563.27983
14981.37628
354385.8043
361881.5241
370576.0626
380260.9889
390698.5367
401709.3733
412996.4401
424299.5357
435521.1115
446435.9793
456731.8619
466120.7692
474330.8481
481135.1417
486358.8232
489800.7979
491421.7609
491270.0067
489579.5938
488802.561
488149.6457
487447.9177
486686.56
485859.5533
484961.8338
483987.5229
482929.6819
481780.4872
480531.8202
479176.1738
477707.2995
476120.2091
474410.5523
472573.6305
470603.4088
468491.8556
466228.7696
463802.0705
461198.4055
458403.9111
455404.9895
452188.8702
448743.6522
445057.6851
441118.4797
436911.5549
432419.6216
427622.3458
422496.6942
417017.6336
411158.7871
404892.6075
398189.7467
391017.5559
383337.9609
375105.1919
366263.9527
356748.5982
346483.8091
335387.1276
323373.5439
310362.0785
296284.0039
281092.0625
264769.864
247340.6935
228875.2282
209498.0152
189392.7352
168805.9543
148139.579
127611.8831
107634.262
88671.76655
71197.44247
55625.96185
42245.4363
31172.01146
22344.13536
15555.86363
348079.9054
354285.877
361765.6323
370447.9767
380124.4617
390555.4201
401559.1331
412836.7196
424126.9691
435332.0316
446227.0599
456500.5714
465865.5107
474050.769
480829.6543
486026.9718
489440.7604
491030.6376
490844.114
489114.8029
488293.3924
487591.727
486837.7581
486020.9298
485134.8168
484173.4313
483129.8851
481996.6507
480766.0893
479431.0776
477985.5948
476424.7869
474744.3492
472939.5133
471004.0674
468929.7553
466706.2172
464321.4242
461762.4036
459015.9847
456069.3419
452910.2348
449526.8808
445907.3954
442038.8804
437906.4481
433492.5309
428776.7026
423736.0173
418345.6458
412579.43
406409.95
399807.8216
392740.1855
385168.624
377046.9541
368319.4411
358919.9655
348772.6098
337794.0241
325897.7799
313000.6945
299030.8337
283936.626
267696.3538
250327.2904
231893.955
212515.2375
192370.2756
171702.6545
150915.5046
130223.3499
110039.4755
90834.11302
73089.24136
57231.96681
43565.07317
32219.47073
23146.07805
16147.33995
343100.2758
347983.9029
354174.6638
361642.8247
370317.147
379987.3466
390411.474
401406.0216
412671.1303
423945.3189
435130.9987
446004.0218
456253.7871
465593.9493
473753.6523
480505.8547
485674.4886
489056.5832
490610.9975
490385.1222
488612.8195
487743.6949
486990.7022
486182.2237
485307.315
484358.6606
483329.3114
482211.8419
480998.9465
479683.9879
478261.2948
476726.1741
475074.3795
473301.1338
471400.1481
469363.032
467179.2779
464836.7741
462322.6388
459624.0563
456728.7981
453625.2517
450302.0143
446747.2143
442947.6956
438888.2281
434550.9749
429915.3948
424958.589
419655.89
413981.3345
407907.6376
401405.4168
394441.6535
386977.6346
378966.7993
370352.9976
361069.6513
351040.2599
340180.6019
328402.8584
315621.6831
301761.9899
286767.9646
270612.6373
253307.3228
234910.3819
215534.9645
195355.4867
174612.2895
153709.3954
132857.2483
112470.6947
93024.8791
75010.53127
58867.12004
44912.1654
33291.55618
23969.02716
16755.83212
339485.1094
343007.7155
347876.832
354056.5889
361517.1956
370185.6081
379849.332
390264.7039
401247.2314
412496.7799
423752.1392
434916.3301
445765.9979
455991.2183
465305.8844
473438.7879
480162.0298
485298.5077
488644.5444
490158.8934
489889.5386
488071.0178
487151.6579
486345.1077
485479.5594
484543.2149
483527.8456
482426.0155
481230.5571
479935.1718
478534.6405
477024.5546
475400.7546
473658.4703
471791.3971
469791.1096
467647.0399
465347.002
462878.07
460227.4959
457383.3166
454334.3793
451069.765
447577.8795
443845.5551
439857.3677
435595.2697
431038.6087
426164.5063
420948.4152
415364.5259
409385.668
402982.4732
396121.8061
388764.7122
380864.3036
372364.0516
363196.9447
353285.9192
342545.9044
330887.7208
318223.8976
304476.2439
289584.7581
273517.2751
256279.197
237922.735
218555.2471
198346.2957
177532.7602
156519.2502
135511.7953
114926.4363
95242.90604
76960.45578
60530.82152
46286.32099
34388.04219
24812.88737
17381.34037
337216.4387
339395.5273
342904.2657
347762.9379
353935.6177
361390.7453
370053.1055
379708.5395
390112.4395
401079.9968
412311.3186
423545.8083
434687.1949
445512.7279
455712.7081
465000.6735
473104.554
479795.4173
484895.4061
488200.777
489670.8884
489354.7719
487487.6144
486515.8414
485653.2227
484727.3276
483725.4952
482639.0604
481460.8802
480184.7993
478805.9046
477320.1757
475723.6662
474011.6433
472177.8031
470213.7464
468108.9418
465851.2143
463427.6001
460825.2852
458032.2893
455037.5951
451830.6069
448400.116
444733.2075
440814.506
436625.8961
432146.6673
427353.9613
422223.3228
416729.0555
410844.0664
404538.986
397780.5789
390529.6956
382739.1773
374352.1686
365301.2638
355508.865
344889.079
333351.3977
320806.2663
307172.4363
292385.7665
276408.9408
259241.4785
240929.4456
221574.3674
201340.8502
180462.1374
159343.158
138185.2166
117405.1697
97486.97116
78938.11002
62222.45002
47687.14718
35508.7082
25677.56227
18023.85341
336224.9098
337129.4023
339295.1946
342794.0134
347646.0728
353813.7205
361263.2717
369917.8686
379562.4279
389952.0366
400902.062
412113.1854
423325.5313
434443.3619
445244.0962
455417.6798
464676.7869
472748.2968
479402.5029
484461.4089
487721.9107
489144.4323
488779.0616
486861.1922
485834.5585
484912.6716
483922.4963
482850.9877
481689.8093
480432.8349
479075.2628
477613.3167
476043.3692
474360.8528
472559.4963
470630.9423
468564.7551
466348.8651
463970.3541
461416.3492
458674.7217
455734.3139
452584.5366
449214.4123
445611.3887
441760.4001
437643.5003
433240.0572
428527.2818
423480.8081
418075.0264
412282.884
406074.9778
399417.9617
392272.5124
384591.2485
376317.0463
367382.1596
357708.4996
347209.3865
335793.0195
323367.8024
309849.4782
295169.8146
279286.3822
262192.8366
243929.0904
224590.7922
204337.5028
183398.6826
162179.349
140875.8068
119905.3615
99755.80299
80942.52892
63941.33926
49114.22997
36653.32982
26562.95716
18683.35802
336359.7694
336140.0303
337031.7152
339188.0603
342680.7133
347528.1825
353690.7434
361133.1028
369777.4758
379408.467
389781.3296
400711.9253
411901.6205
423091.1046
434184.7542
444959.5896
455104.696
464331.684
472366.6194
478979.6151
483993.2228
487205.4444
488577.7929
488161.0095
486190.0969
485105.4941
484120.5223
483062.037
481917.36
480679.1776
479342.6858
477904.16
476360.15
474706.362
472936.6861
471042.8378
469014.4913
466839.7393
464505.8026
461999.8324
459309.5615
456423.5651
453330.9912
450020.7833
446480.6007
442695.7953
438648.846
434319.4297
429684.958
424721.2015
419402.6355
413702.2236
407590.4969
401033.9716
393993.1436
386420.4331
378258.4982
369439.3129
359884.3555
349506.209
338211.8259
325907.6151
312506.3618
297935.7939
282148.4076
265132.0092
246920.3401
227603.1189
207334.7692
186340.835
165026.2151
143581.9749
122425.5282
102048.1189
82972.69938
65686.76825
50567.11528
37821.66312
27468.97244
19359.8412
337439.1726
336276.7167
336044.5631
336927.2068
339077.7972
342566.2923
347409.1572
353565.1032
360997.926
369629.5029
379244.5765
389598.8738
400508.8609
411676.4462
422842.4871
433910.9191
444657.8617
454771.3315
463962.0914
471955.9631
478523.5478
483488.4038
486649.6794
487969.5953
487498.989
485472.0717
484325.8135
483273.8821
482143.7755
480923.8478
479608.0786
478192.683
476674.1987
475048.4659
473309.6449
471449.6522
469458.3017
467323.8607
465033.7445
462575.2222
459935.9735
457104.3198
454069.0249
450818.6886
447340.8756
443621.2053
439642.6855
435385.5525
430827.6437
425944.9949
420712.2135
415102.2812
409085.6437
402628.6519
395691.598
388226.7001
380176.4248
371472.5189
362036.0923
351779.0559
340607.1743
328424.918
315142.1702
300682.672
284993.8872
268057.7895
249901.9278
230610.0289
210331.2805
189287.1758
167882.2994
146302.2631
124964.2755
104362.669
85027.59102
67457.97077
52045.30119
39013.43023
28395.49198
20053.28532
339156.6012
337357.6812
336183.1073
335942.2349
336819.483
338966.3197
342450.6818
347287.4936
353434.5858
360855.4141
369471.9486
379069.3655
389403.9759
400292.7153
411437.6547
422579.2836
433620.5992
444336.6035
454414.4411
463564.5703
471513.2166
478031.9211
482945.2922
486053.2687
487318.2461
486790.7954
484704.3762
483492.7563
482370.7305
481167.0932
479871.4676
478478.7981
476985.5008
475387.3626
473678.6764
471851.6679
469896.4167
467801.3925
465554.2169
463142.3329
460553.4628
457775.7636
454797.6319
451607.2063
448191.6945
444536.6781
440625.5425
436439.1833
431956.1089
427152.8424
422004.2515
416483.3855
410560.6106
404202.0972
397367.9105
390010.0467
382070.7795
373481.6583
364163.4819
354027.5606
342978.5454
330919.0385
317756.0867
303409.5025
287821.7627
270969.0278
252872.6361
233610.259
213325.7416
192236.3857
170746.2654
149035.3388
127520.3155
106698.2703
87106.19236
69254.1598
53548.2451
40228.31316
29342.37219
20763.65962
341225.7653
339076.4895
337265.638
336082.579
335836.5981
336710.4518
338853.5976
342332.4497
347161.0649
353296.9506
360703.6379
369303.4722
378882.1712
389196.5052
400063.5115
411184.9044
422300.3219
433311.6003
443992.8
454030.711
463136.1112
471036.0706
477503.1195
482362.5732
485414.6571
486621.5989
486033.7753
483884.3775
482604.451
481410.5897
480133.1055
478762.5382
477293.9763
475723.0465
474043.988
472249.1981
470329.1286
468272.5762
466067.395
463701.2146
461161.8588
458437.4194
455516.0189
452385.354
449032.1589
445441.7151
441597.4795
437480.8536
433071.1142
428345.5138
423279.4017
417846.0247
412015.7222
405754.4943
399022.1676
391770.4962
383941.544
375466.6649
366266.3811
356251.4668
345325.5413
333389.4235
320347.4036
306115.4343
290631.056
273864.6402
255831.2998
236602.5899
216316.9049
195187.2087
173616.8607
151779.9691
130092.4609
109053.8214
89207.53922
71074.55671
55075.38267
41465.95899
30309.4373
21490.91223
343421.3346
341146.9272
338985.8139
337166.6035
335978.643
335729.5607
336600.1195
338738.2617
342209.5458
347027.7067
353150.3326
360541.3023
369123.4395
378682.884
388976.5129
399820.9583
410917.1048
422003.5203
432981.0382
443623.2657
453617.2382
462674.4801
470522.9576
476935.8642
481738.7345
484731.7627
485877.0931
485225.4158
483010.3487
481660.5561
480394.6699
479044.1619
477599.6658
476055.4464
474405.5836
472642.46
470756.7612
468737.715
466573.5321
464252.0557
461761.2261
459089.1327
456223.7269
453152.359
449861.3092
446335.4404
442558.0167
438510.6387
434173.1971
429523.7707
424538.4319
419190.8469
413451.461
407286.1607
400654.5471
393508.1236
385788.7266
377427.5007
368344.6991
358450.6022
347647.8721
335835.6381
322915.5285
308799.7202
293420.8789
276743.6174
258776.8134
239585.8484
219303.5612
198138.4284
176492.885
154534.9893
132679.6036
111428.2987
91330.72761
72918.41425
56626.15064
42725.9942
31296.48298
22234.96661
345473.3894
343343.7244
341057.5052
338888.0649
337064.0564
335873.2119
335621.1635
336487.1724
338618.3283
342079.8719
346885.6106
352993.4774
360367.7989
368931.76
378471.5813
388743.7548
399564.043
410632.2828
421686.123
432625.8561
443225.2067
453171.8673
462178.1607
469972.6382
476328.6901
481071.7643
484002.1238
485082.3398
484364.127
482082.0792
480662.3726
479325.3494
477902.8345
476384.6114
474763.4017
473031.4679
471179.5421
469197.1437
467072.9432
464795.1216
462351.7659
459730.982
456920.6168
453907.7799
450678.3926
447216.9161
443506.2999
439528.0766
435262.4443
430688.155
425782.1024
420518.6153
414868.4688
408797.5708
402265.3566
395223.0944
387612.3868
379364.155
370398.374
360624.8466
349945.3307
338257.3529
325459.9839
311461.7239
296190.4419
279605.0338
261708.1395
242558.9146
222284.5407
201088.8602
179373.1701
157299.2763
135280.6894
113820.7395
93474.91109
74785.02738
58200.00505
44008.04209
32303.28696
22995.72401
347157.3033
345397.0228
343255.5096
340960.9237
338786.6954
336959.9188
335766.3602
335510.1419
336369.6836
338491.7558
341941.6681
346733.5575
352825.8001
360183.0555
368728.5354
378248.0623
388497.2916
399290.8968
410327.8074
421345.2006
432243.3701
442796.5483
452693.1359
461645.9555
469383.6977
475679.661
480359.3062
483223.4805
484235.8868
483449.825
481100.9579
479612.3053
478205.1661
476710.8141
475117.5003
473416.1704
471597.4962
469651.1007
467565.9741
465330.7397
462933.7568
460363.1822
457606.7816
454651.493
451482.9847
448085.4087
444441.412
440532.3334
436338.4101
431838.7628
427010.9575
421830.087
416267.5019
410289.3572
403855.0596
396915.7033
389412.6748
381276.668
372427.3713
362774.1087
352217.7615
340654.3198
327980.3947
314100.9196
298939.0609
282448.0565
264624.3178
245520.7302
225258.7202
204037.3525
182256.5728
160071.7312
137894.6947
116230.2208
95639.28762
76673.73166
59796.43001
45311.73675
33329.62185
23773.07111
348277.7668
347080.5688
345308.2845
343158.31
340858.9382
338682.0343
336852.7333
335655.2998
335393.0023
336243.9568
338355.0051
341791.7846
346568.8574
352644.924
359984.6367
368510.7505
378008.2364
388231.6895
398994.8151
409996.0605
420972.6609
431825.2844
442328.7218
452171.8003
461067.4104
468744.0914
474975.1277
479586.4673
482380.2292
483321.8093
482466.2369
480049.824
478491.343
477012.2681
475442.6942
473769.1016
471980.8434
470067.4772
468018.091
465821.6209
463466.8609
460942.2326
458235.5434
455333.6397
452222.0053
448884.5238
445303.516
441459.9999
437333.9998
432904.6544
428149.8717
423045.3808
417563.2472
411670.1364
405325.6195
398480.6554
391076.3195
383042.9172
374299.6964
364755.4376
354310.244
342858.8913
330296.0916
316523.9558
301461.7592
285057.8071
267302.7875
248243.5363
227995.7129
206753.5195
184914.8061
162630.8758
140311.6982
118463.703
97652.96391
78440.02913
61299.59363
46549.64033
34313.73013
24526.49471
348646.9689
348200.7885
346991.4032
345210.5082
343055.6719
340753.641
338574.3098
336741.3258
335538.1191
335267.6491
336108.1197
338206.6974
341629.4344
346391.1928
352450.6588
359772.0023
368277.0775
377749.7875
387943.7863
398672.2144
409633.5474
420565.4481
431368.9984
441819.2635
451605.0731
460439.0953
468049.7882
474210.8872
478749.5038
481469.6104
482338.4633
481412.4522
478927.7257
477297.6179
475743.217
474093.2237
472332.5314
470449.3774
468432.7794
466271.7658
463955.4371
461472.6414
458811.442
455958.7165
452899.8442
449618.5096
446096.7484
442315.2348
438253.6545
433890.9146
429204.9195
424171.7107
418763.9468
412948.9477
406686.7154
399928.2715
392614.4291
384675.0251
376028.7256
366583.6399
356239.0576
344888.6702
332425.6424
318749.8461
303777.4206
287452.5446
269760.8854
250743.6972
230511.0453
209252.2001
187362.6256
164989.1463
142541.6766
120527.8004
99518.54032
80082.42785
62704.55816
47714.60923
35247.72382
25248.62084
348224.4634
348569.9091
348111.34
346893.1561
345107.2611
342949.701
340645.2619
338462.3419
336623.7787
335412.7219
335132.2156
335960.8029
338046.0542
341454.3049
346200.377
352242.4755
359543.8557
368025.2601
377469.639
387630.0975
398319.6964
409237.2949
420121.0295
430872.1093
441265.4499
450989.5946
459757.0505
467296.6464
473383.2376
477845.6767
480489.9863
481284.9383
480287.5162
477732.7935
476027.6891
474392.7571
472655.5122
470799.7381
468813.1312
466684.6453
464403.4678
461958.7462
459338.9618
456531.2371
453520.9702
450291.7265
446825.3264
443102.142
439101.4978
434801.9451
430181.1376
425215.0888
419876.734
414133.933
407947.2675
401268.0927
394037.1645
386183.9106
377626.353
368271.8105
358018.6589
346759.501
334386.1167
320796.5191
305904.3132
289650.3086
272015.9388
253037.5388
232819.9884
211547.7293
189613.57
167159.81
144595.6403
122431.2001
101241.6947
81603.18051
64010.24149
48802.89174
36126.26058
25933.68684
347066.65
348147.4966
348480.3659
348012.7812
346789.412
345000.6614
342840.6282
340532.6135
338344.2035
336497.9892
335277.2406
334985.3364
335801.233
337872.7659
341266.2116
345995.89
352019.1048
359297.9944
367752.3007
377164.4001
387287.3189
397934.3699
408804.8382
419637.065
430331.9613
440663.9983
450321.4863
459017.2073
466481.0176
472489.4704
476873.3605
479440.45
480160.2801
479089.5543
476461.5827
474676.2966
472953.992
471121.5005
469162.0717
467063.338
464814.4078
462404.5101
459822.4179
457055.6607
454089.8693
450908.6135
447493.5788
443824.9053
439881.5986
435641.8318
431082.885
426180.4998
420907.5538
415232.1387
409115.3096
402508.9108
395353.9169
387579.5601
379103.2902
369831.5914
359661.8305
348485.4506
336192.8744
322680.4498
307859.6534
291668.5387
274085.0534
255141.3638
234937.7651
213654.1975
191680.714
169155.0349
146485.3129
124183.4604
102829.8274
83007.0446
65218.53935
49813.72775
36946.56323
26577.80436
345153.0385
346989.9417
348058.0613
348381.7029
347908.708
346682.2991
344890.9415
342727.2589
340413.7571
338217.7811
336362.0839
335130.3095
334826.2405
335629.1026
337686.6503
341064.6422
345776.4852
351778.3902
359031.4918
367454.8958
376830.8558
386912.639
397513.838
408333.9003
419110.9679
429745.3528
440011.1186
449596.7627
458215.9818
465600.2328
471527.9781
475831.6553
478320.051
478962.6143
477815.1135
475108.8275
473236.5384
471418.8554
469482.5303
467410.7566
465191.3215
462813.3707
460265.7521
457536.2779
454610.9735
451473.6269
448105.9127
444487.8197
440598.1049
436414.6059
431914.2073
427072.2572
421861.3352
416249.4373
410197.7939
403658.6418
396573.3376
388871.2009
380469.3315
371273.4652
361179.9354
350078.9551
337859.5485
324416.458
309659.2546
293523.661
275984.7533
257071.2519
236879.5617
215585.6377
193576.8996
170986.5673
148221.4422
125794.7383
104291.0555
84300.17394
66333.33456
50748.66315
37708.11294
27178.97035
342454.693
345076.7561
346900.8069
347959.5172
348277.5195
347801.2553
346572.0509
344776.8995
342607.6417
340286.5662
338081.1919
336214.6931
334971.1576
334654.6215
335444.2303
337487.2001
340848.3678
345540.0442
351517.4663
358741.1226
367129.9128
376466.2704
386503.7275
397055.8868
407821.9643
418539.6202
429108.5877
439302.9164
448811.9132
457350.7523
464652.7079
470497.8712
474719.6178
477126.922
477688.4891
476458.9164
473667.6179
471700.3415
469778.6816
467729.8181
465537.1084
463188.3771
460672.3838
457977.0081
455088.5469
451991.1693
448666.7524
445095.2579
441255.2753
437124.377
432679.0951
427894.3631
422742.3424
417190.6975
411200.5146
404724.1361
397703.2154
390067.3311
381733.5243
372607.0146
362583.2025
351551.0671
339398.1893
326017.6939
311317.3359
295230.7551
277730.5924
258842.7239
238660.3428
217356.0346
195314.904
172665.9358
149814.3987
127274.3409
105633.9868
85489.29778
67359.61329
51610.77913
38412.12871
27736.83902
339142.8382
342379.0069
344988.1164
346802.594
347855.4594
348169.9532
347690.6573
346457.4597
344656.5724
342479.6366
340149.1467
337933.0594
336055.0431
334799.4779
334470.2984
335246.1127
337273.1994
340615.3002
345283.7526
351233.1754
358423.8285
366774.6865
376068.3764
386058.4316
396558.0688
407265.996
417919.4219
428417.8677
438535.9612
447964.3696
456419.9626
463637.5664
469398.2169
473535.3948
475857.6242
476332.6281
475014.0385
472129.8718
470059.0333
468024.6797
465854.6719
463532.4146
461045.3458
458381.2509
455526.4853
452465.477
449180.4691
445651.6098
441857.4453
437775.3642
433381.6166
428650.7643
423554.5305
418060.1305
412128.2755
405711.1033
398750.2896
391175.6002
382904.1989
373841.0886
363880.9799
352911.7338
340819.5039
327495.7781
312846.5111
296803.3751
279336.8419
260470.3788
240294.5402
218979.155
196907.4464
174204.5984
151274.3526
128631.2449
106866.505
86581.53731
68302.81167
52404.00602
39060.984
28252.3379
335388.7565
339067.8853
342291.0601
344890.4491
346698.8859
347748.0227
348059.2382
347575.7026
346336.5531
344527.8076
342341.3375
340000.1136
337772.6059
335882.8263
334615.0899
334272.7691
335033.5414
337042.5818
340362.6649
345004.5085
350922.523
358077.0072
366387.0076
375635.0791
385574.3717
396017.4336
406662.4925
417246.6738
427669.847
437707.7434
447052.6079
455422.752
462553.8893
468227.1828
472275.5729
474506.9011
474888.1084
473472.3804
470486.9067
468303.8158
466148.1507
463848.372
461387.5082
458752.022
455928.1671
452900.4199
449651.269
446161.213
442408.968
438371.8634
434025.9485
429345.4843
424301.7994
418861.6409
412985.2304
406624.2766
399720.1779
392202.6267
383988.8518
374983.8324
365081.8976
354170.0432
342133.1266
328861.034
314257.9237
298253.541
280816.3235
261967.6041
241795.7181
220468.2629
198367.0334
175613.9474
152611.4003
129874.2457
107996.2106
87583.41151
69168.67094
53132.61694
39657.68854
28727.23883
331112.8889
335314.6401
338980.7905
342194.1562
344787.3171
346591.8102
347637.4411
347944.1617
347454.4122
346207.1681
344388.6875
342191.3503
339838.6848
337599.5225
335697.8612
334417.4906
334060.8288
334804.464
336792.6021
340087.4046
344699.3708
350582.9616
357698.5018
365964.8353
375164.0632
385048.6791
395430.5751
406007.854
416518.1172
426862.078
436816.7738
446075.7848
454358.2175
461399.8707
466981.3934
470934.9344
473067.8553
473346.8322
471825.2408
468729.9148
466425.9836
464140.3683
461701.7442
459092.1746
456296.589
453299.3537
450082.9943
446628.2411
442914.1447
438918.1878
434616.3438
429982.6542
424988.1245
419599.0779
413775.2295
407467.7478
400617.5368
393153.9276
384993.9692
376042.5746
366193.8962
355334.3822
343347.8563
330122.7475
315561.4708
299591.8685
282180.4037
263346.4214
243176.3071
221835.8147
199705.703
176905.1712
153835.5673
131012.0646
109030.5436
88501.2021
69962.4443
53801.11634
40205.50643
29163.77755
326373.7583
331039.7194
335228.5177
338884.8254
342091.8304
344680.8363
346481.6003
347522.5034
347822.743
347324.6164
346067.3778
344237.8101
342028.8881
339664.5492
337413.6265
335499.6432
334205.4748
333832.4308
334556.1534
336520.2349
339786.6198
344365.837
350212.3792
357286.32
365505.914
374652.5375
384478.0418
394793.9927
405298.9097
415731.368
425993.1085
435862.2286
445033.0163
453224.5855
460172.1841
465655.6887
469506.6331
471532.4195
471700.1004
470063.7923
466850.1814
464416.804
461992.1514
459404.5656
456634.587
453665.2551
450478.9764
447056.5066
443377.1141
439418.5996
435157.073
430566.4811
425617.588
420276.3652
414502.0672
408245.3081
401446.3907
394034.0759
385924.9578
377023.6556
367224.1187
356412.4649
344471.81
331289.3967
316766.0524
300827.7836
283439.118
264617.4837
244447.4639
223093.2179
200934.7497
178089.0268
154956.6871
132053.3497
109976.8726
89341.05314
70689.19154
54413.62397
40707.8727
29564.37365
321298.3921
326301.6317
330954.6974
335133.6243
338783.4909
341986.1819
344571.2385
346367.0488
347401.2311
347692.8099
347184.3823
345915.7735
344074.3836
341853.6378
339477.5232
337214.4108
335286.9631
333976.995
333584.8561
334285.6043
336222.6113
339457.8439
344001.8327
349808.8253
356838.2595
365007.5241
374097.2793
383859.0562
394104.603
404533.3397
414885.012
425062.1351
434843.244
443922.5649
452018.588
458865.7443
464243.298
467982.661
469891.9268
469939.0876
468179.2997
464838.9647
462267.0897
459693.2698
456945
454000.9412
450842.1706
447449.315
443801.6567
439877.2001
435652.3561
431101.1894
426194.3471
420897.5321
415169.6115
408960.6928
402210.4668
394847.0224
386786.299
377932.3606
368178.7444
357411.2289
345512.4507
332368.7993
317879.791
301969.7598
284601.3747
265790.1939
245619.0708
224250.705
202064.5091
179175.5974
155984.2024
133006.572
110842.4939
90109.04157
71353.85718
54974.10617
41167.92773
29931.5698
316026.9031
321227.3795
326217.8211
330861.0165
335033.4215
338678.866
341877.4408
344457.3233
346246.1839
347271.4546
347552.4274
347032.2966
345751.5597
343898.093
341665.4144
339277.0964
337000.6598
335057.7667
333729.3309
333315.1083
333989.9672
335897.2904
339099.032
343605.4419
349370.1437
356351.6655
364466.526
373494.9767
383188.7242
393360.1504
403709.7677
413978.2668
424068.3156
433758.1224
442741.2294
450735.2294
457473.8784
462736.3017
466354.4154
468137.5851
468055.0607
466162.9999
462687.0681
459966.6033
457231.8784
454309.2319
451175.3734
447809.5981
444191.0498
440297.7352
436106.254
431590.9536
426722.5767
421466.6825
415781.8349
409617.7099
402913.4365
395596.4246
387581.863
378773.07
369062.9245
358336.6749
346476.4881
333368.1397
318910.1725
303025.5268
285675.1786
266872.8956
246699.847
225317.3355
203104.2465
180174.1021
156926.9552
133879.8555
111634.5438
90811.17633
71961.3258
55486.43581
41588.69385
30267.68978
310787.0803
315957.0463
321144.8632
326125.475
330762.094
334929.9649
338571.1784
341764.416
344337.1297
346116.8433
347131.2413
347400.1808
346867.5614
345574.4199
343708.7524
341463.7044
339062.0457
336770.3087
334809.3248
333459.485
333020.346
333666.8172
335542.2491
338708.2955
343174.5467
348893.7351
355823.4725
363879.693
372842.7126
382464.8523
392559.2963
402827.4326
413010.3121
423009.9942
432603.7353
441484.1157
449367.9541
455988.7815
461126.1923
464613.169
466260.6939
466039.2586
464005.6729
460384.244
457503.4914
454594.1513
451481.3845
448140.1309
444548.2004
440683.452
436522.4756
432039.7912
427206.4026
421987.9378
416342.7833
410220.2698
403559.0421
396285.8842
388315.2312
379549.5659
369880.9281
359193.806
347369.7254
334293.8753
319864.0736
304002.2053
286667.8291
267873.0834
247697.527
226301.0998
204062.161
181092.7999
157793.0228
134680.7986
112359.8576
91453.32616
72516.42049
55954.43434
41973.11995
30574.9693
305684.1856
310718.3772
315875.8727
321053.9428
326027.9619
330659.9594
334823.4799
338459.2486
341645.162
344208.5073
345977.101
346979.1783
347235.2712
346689.8591
345384.1671
343505.845
341247.2767
338830.2936
336520.6145
334538.6304
333164.6146
332698.1517
333314.1447
335155.6182
338283.5465
342706.5938
348376.5981
355250.5302
363244.1827
372138.3525
381686.1394
391701.3008
401885.5362
411979.5355
421884.1198
431375.3
440144.802
447909.0947
454402.0688
459404.3389
462750.2862
464252.5253
463882.4635
461697.0449
457918.6267
454863.9183
451764.1996
448443.6908
444875.8599
441037.2306
436904.2355
432451.3712
427649.7954
422465.371
416856.5206
410772.3566
404151.1275
396919.0724
388989.9289
380265.3455
370636.4395
359986.7678
348197.0012
335151.5905
320747.6726
304906.3326
287586.046
268797.5879
248619.0553
227209.0829
204945.481
181938.9952
158589.6357
135416.336
113024.8208
92041.10451
73023.84512
56381.8701
42324.11275
30855.58835
300813.9981
305616.6078
310638.5438
315786.4315
320957.9352
325927.2825
330554.8349
334712.7998
338341.1498
341517.5451
344069.541
345825.5487
346814.4675
347057.3809
346499.0023
345180.282
343288.1322
341014.0403
338579.0806
336248.5549
334242.8319
332842.3015
332346.5215
332930.0931
334735.3321
337822.2682
342198.6352
347815.6486
354630.0637
362557.9156
371380.6303
380851.8657
390785.3878
400882.5093
410882.9649
420686.0271
430066.5402
438715.7765
446350.414
452705.2348
457562.2016
460757.1039
462103.8965
461574.4044
459225.2206
455276.3665
452031.984
448724.2433
445176.7821
441361.7973
437254.3847
432828.873
428056.3811
422902.9025
417327.0631
411277.9713
404693.6089
397499.7603
389609.5494
380923.8508
371332.8637
360719.1367
348962.3245
335945.9416
321566.3123
305743.78
288435.9953
269652.6934
249470.7572
228047.6433
205760.613
182719.1247
159323.1848
136092.6707
113635.2552
92579.74922
73488.09292
56772.41334
42644.53515
31111.69386
296268.8104
300747.4947
305538.082
310550.5793
315691.9859
320858.8101
325823.6558
330445.5691
334596.0195
338214.7691
341379.665
343918.8303
345661.3912
346636.7917
346866.322
346294.4696
344961.52
343053.5108
340761.218
338305.3657
335951.2639
333919.5034
332490.5409
331963.6043
332512.6103
334278.9002
337321.5547
341647.6414
347208.1695
353960.0426
361819.6582
370568.846
379961.2769
389810.0314
399815.46
409716.0565
419409.5944
428670.1147
437188.9698
444683.556
450889.8633
455591.2139
458624.5079
459804.5752
459103.1888
456576.3158
452441.5468
448989.8959
445454.9
441659.8802
437575.6223
433175.1167
428429.3014
423304.1119
417758.2767
411741.0691
405190.4199
398031.7903
390177.7846
381528.5896
371973.5504
361394.2157
349669.1521
336680.7864
322324.4474
306519.6242
289223.2125
270444.1627
250258.4486
228822.569
206513.3036
183438.8907
159999.2993
136715.2818
114196.364
93074.03082
73913.35153
57129.5655
42937.17209
31345.39822
292061.6922
296203.3102
300670.2171
305451.5581
310457.6929
315594.4734
320756.7835
325715.9469
330330.2808
334471.0497
338078.2248
341230.1324
343755.5843
345484.3121
346445.9632
346661.573
346075.0125
344725.7673
342799.1866
340485.7492
338006.2656
335626.3032
333566.6336
332107.481
331547.3539
332059.2223
333783.4471
336778.4195
341050.9436
346552.1731
353239.2628
361028.7284
369702.2655
379012.8892
388772.4193
398679.9667
408472.8472
418047.661
427178.1374
435556.1963
442900.2532
448947.512
453482.363
456342.3423
457342.7142
456454.9358
453734.3744
449396.3572
445718.2586
441935.3773
437870.6493
433492.7721
428771.3429
423672.1004
418153.6911
412165.457
405645.4489
398519.0223
390698.3961
382083.1662
372561.9136
362015.253
350320.6745
337359.4496
323025.7688
307238.0985
289952.4833
271177.1669
250987.4588
229539.1778
207208.7806
184103.4052
160622.9632
137288.9926
114712.7402
93528.20933
74303.43108
57456.58619
43204.67737
31558.75414
288276.51
291997.1178
296127.1982
300585.0686
305360.1929
310361.7903
315494.1067
320650.7377
325602.3015
330206.9077
334336.0295
337930.1407
341068.1624
343579.4886
345294.1246
346241.461
346441.8836
345838.5104
344470.2164
342522.081
340184.7322
337679.327
335271.6513
333182.3646
331691.0745
331095.3036
331567.0728
333246.0177
336190.232
340406.5893
345846.4803
352467.0583
360184.4112
368779.4452
378003.9683
387668.2519
397470.2267
407146.3624
416592.5345
425582.6084
433809.3569
440992.2122
446869.2992
451225.606
453898.8482
454704.4848
453613.6934
450681.541
446121.383
442196.2667
438143.3254
433784.5105
429085.1438
424009.6182
418516.3635
412554.6107
406062.4389
398965.2722
391175.163
382591.254
373101.4615
362585.5588
350920.0274
337984.9969
323673.455
307902.7097
290627.7985
271856.1758
251662.5675
230202.339
207851.8427
184717.3149
161198.6421
137818.0715
115188.4247
93946.04264
74661.73111
57756.43832
43449.51898
31753.71575
284991.6465
288212.7678
291922.0814
296043.334
300495.1558
305265.861
310263.0807
315389.7864
320538.8472
325480.6864
330073.6125
334189.5983
337769.7398
340893.4432
343390.3571
345090.3092
346022.0365
346205.1311
345582.1466
344191.7737
342219.2749
339855.6978
337322.5162
334885.441
332764.6428
331238.8537
330604.6054
331033.2266
332664.0091
335555.0676
339713.4203
345090.4392
351642.731
359285.3001
367797.7241
376930.3328
386491.8863
396179.453
405729.1094
415036.4122
423875.6132
431940.3278
438950.7082
444645.3279
448809.315
451280.3001
451873.9954
450561.6104
447398.3503
442595.799
438401.5568
434054.151
429373.3437
424319.2698
418849.0053
412911.5399
406444.807
399374.2134
391611.8221
383056.5436
373595.7697
363108.535
351470.4065
338560.4404
324270.4349
308516.476
291252.4639
272484.9175
252287.9057
230816.4172
208446.8805
185284.8818
161730.3919
138306.3402
115626.9914
94330.83492
74991.24842
58031.76337
43673.93826
31932.09873
282182.9899
284928.6268
288138.6981
291839.4023
295954.7773
300402.3234
305168.768
310160.4828
315279.7167
320419.1104
325349.2909
329929.0521
334030.9878
337596.7131
340705.7902
343187.6733
344871.6214
345785.5696
345948.4961
345302.8177
343887.5058
341888.2846
339496.5993
336933.9544
334465.6079
332310.9923
330747.9696
330072.3326
330455.0977
332035.5167
334871.7846
338970.7964
344283.3663
350764.9079
358328.8025
366753.0337
375786.4957
385236.7223
394800.3546
404213.4883
413371.5746
422049.213
429940.5625
436766.0191
442264.1391
446219.9173
448470.9249
448833.4625
447279.2265
443863.9204
438797.2217
434309.5221
429639.7179
424603.6606
419154.1845
413238.914
406795.5117
399749.199
392011.9703
383482.6843
374048.4313
363587.6497
351975.0966
339088.8493
324819.5839
309082.1758
291829.3225
273066.4794
252866.9191
231385.1843
208997.8271
185810.0016
162221.9288
138757.2669
116031.6382
94685.50683
75294.61641
58284.88836
43879.93195
32095.55077
282182.9899
282120.5869
284855.3966
288057.084
291752.0969
295863.345
300306.7739
305067.8504
310052.2306
315161.9286
320289.7442
325206.7906
329772.4681
333859.8926
337410.8779
340504.6908
342970.1996
344635.9482
345529.2441
345668.8715
344997.5811
343554.9172
341527.051
339105.5459
336511.5648
334009.6637
331818.555
330215.4942
329495.907
329830.7947
331359.4109
334139.7517
338178.046
343423.9172
349831.0577
357310.954
365640.0345
374566.0389
383895.6698
393325.5359
402591.98
411590.2787
420095.0563
427800.5378
434426.8883
439712.3572
443441.8149
445453.0715
445563.4996
443745.6652
440055.804
434701.0225
429892.011
424866.5186
419434.4694
413539.2613
407117.1765
400093.1315
392378.8909
383873.1894
374462.9996
364026.3883
352437.4468
339573.3791
325323.8324
309602.5351
292360.9885
273603.5149
253402.4609
231911.7864
209508.0807
186296.1616
162676.6463
139174.0258
116405.2641
95012.66977
75574.16149
58517.85698
44069.258
32245.53883
282182.9899
282120.5869
282048.0731
284774.7073
287970.9032
291661.9566
295769.2366
300207.4605
304961.3712
309936.3875
315034.668
320149.4449
325052.4381
329603.5588
333676.1317
337211.7265
340288.917
342735.8344
344380.4828
345249.9569
345363.3118
344663.9329
343191.9387
341133.672
338680.4472
336052.8437
333514.7356
331284.3936
329638.8483
328873.4425
329159.1951
330635.067
333358.3071
337333.8487
342509.6137
348837.3096
356226.552
364452.4811
373262.0679
382461.537
391747.6803
400857.0433
409684.3794
418003.837
425509.2271
431920.1762
436974.6108
440457.5537
442207.4987
442043.3099
439938.4851
435949.2997
430279.0261
425115.4977
419693.537
413815.1102
407412.2869
400408.5848
392715.4252
384231.2654
374842.8956
364428.1978
352860.8234
340017.2475
325786.1933
310080.3319
292850.0255
274098.4608
253896.9808
232398.8284
209980.4761
186746.3743
163097.58
139559.5126
116750.5199
95314.68906
75831.96223
58732.47367
44243.45957
32383.35376
282182.9899
282120.5869
282048.0731
281968.1731
284689.503
287881.9241
291569.178
295671.4212
300102.6741
304847.4255
309811.2283
314896.6522
319997.4764
324885.9359
329422.1456
333479.2029
336998.0429
340056.3839
342481.7865
344102.1323
344944.7659
345029.3104
344299.7976
342796.659
340706.0447
338218.7836
335554.9009
332977.8715
330705.9207
329016.1451
328203.8201
328439.6787
329861.8302
332526.1492
336435.7702
341536.666
347778.584
355069.5111
363183.6644
371867.5893
380927.209
390059.4495
399000.7446
407644.8005
415764.7801
423053.7595
429230.7831
434033.6992
437248.1069
438713.5656
438250.538
435832.9916
431516.1468
425497.6778
419938.9434
414070.0827
407683.3281
400697.9976
393024.0929
384559.6865
375191.2412
364796.3972
353248.556
340423.6893
326209.7397
310518.4229
293299.0454
274553.7051
254352.7262
232848.5449
210417.3602
187163.1532
163487.3517
139916.3153
117069.8205
95593.7247
76069.89956
58930.34953
44403.89842
32510.12817
282182.9899
282120.5869
282048.0731
281968.1731
281883.8023
284601.5322
287790.3406
291472.745
295568.2152
299990.5398
304724.3164
309675.4917
314747.1572
319833.5458
324707.1081
329227.7328
333267.9037
336767.762
339804.3218
342204.9802
343797.9646
344611.1676
344664.7896
343903.2575
342366.9649
340241.6346
337717.6461
335014.7661
332396.4708
330081.2434
328346.2652
327486.4212
327671.5947
329038.4125
331640.8783
335480.0881
340500.1009
346648.9393
353833.2942
361826.7793
370375.6849
379285.5498
388253.1237
397014.2444
405461.0328
413365.3081
420419.3436
426341.8119
430870.8724
433793.0643
434949.0853
434160.5844
431400.9318
426722.69
420315.9031
414311.6283
407933.8619
400963.8078
393307.2814
384860.9126
375510.7364
365134.0152
353603.8509
340795.9043
326597.5615
310919.7228
293710.7349
274971.6802
254771.8972
233262.9827
210820.7439
187548.5785
163848.1488
140246.6686
117365.3229
95851.74239
76289.68915
59112.94114
44551.78965
32626.8611
282182.9899
282120.5869
282048.0731
281968.1731
281883.8023
281796.6919
284510.9865
287695.1499
291370.9976
295457.7723
299869.3879
304590.8031
309528.4653
314585.8947
319657.48
324515.4661
329019.1329
333040.1918
336518.1413
339529.6793
341902.4994
343465.4846
344247.0868
344267.8297
343472.1928
341900.3095
339737.5151
337174.0454
334429.823
331768.6311
329409.2389
327628.5895
326720.597
326853.6637
328162.4394
330698.8252
334461.9175
339394.1011
345441.9927
352511.2707
360375.0939
368779.4158
377529.0526
386320.101
394887.3068
403120.8095
410790.9667
417589.428
423234.8441
427466.0175
430070.4879
430889.6438
429745.3052
426608.6595
421527.7326
414682.9374
408171.2222
401209.5121
393567.3771
385137.275
375803.7756
365443.6699
353929.6334
341136.9745
326952.7157
311287.1624
294087.8357
275354.8895
255156.7349
233644.1439
211192.4663
187904.4308
164181.7818
140552.4373
117638.8887
96090.49613
76492.89045
59281.5756
44688.23091
32734.44352
282182.9899
282120.5869
282048.0731
281968.1731
281883.8023
281796.6919
281707.032
284416.8745
287594.7134
291262.1157
295338.4479
299737.9972
304446.1849
309369.8658
314412.6946
319468.7982
324309.8395
328794.3299
332793.355
336246.1587
339229.563
341571.863
343102.6238
343850.6061
343836.3086
343004.0482
341393.7521
339190.6794
336585.3485
333798.1577
331093.2238
328689.2858
326862.469
325905.0717
325983.5272
327230.2803
329695.1747
333375.5443
338212.4175
344151.2705
351096.8812
358821.8564
367071.4827
375649.3529
384250.4213
392607.9841
400610.0331
408025.582
414545.971
419890.1228
423797.5162
426056.2381
426507.3103
424971.1841
421414.9893
415880.362
408536.3941
401442.3176
393807.8049
385391.1036
376072.6282
365727.6833
354228.4316
341449.711
327278.1469
311623.6419
294433.1055
275705.8878
255509.5461
233994.0676
211534.3246
188232.3357
164489.7979
140835.1644
117892.0719
96311.49942
76680.89373
59437.45779
44814.22125
32833.67967
282182.9899
282120.5869
282048.0731
281968.1731
281883.8023
281796.6919
281707.032
281613.8407
284317.5763
287487.2344
291144.4778
295209.039
299595.6781
304290.1831
309199.5259
314227.0842
319266.3483
324088.2411
328550.6459
332524.4048
335948.9489
338901.5112
341211.014
342707.4715
343419.606
343367.6683
342495.8737
340844.2711
338598.4785
335949.629
333118.6343
330369.6243
327920.7332
326046.6274
325037.4939
325057.5789
326237.1707
328624.2943
332214.8306
336948.7118
342770.3685
349583.5475
357159.9641
365243.7525
373636.7653
382032.4585
390162.5457
397912.929
405051.5243
411269.6207
416286.4128
419841.5816
421722.6983
421768.8218
419797.1943
415769.0224
409718.0126
401800.7975
394035.6334
385625.7447
376319.5619
365988.2566
354502.4873
341736.5423
327576.5405
311931.9554
294749.2736
276027.2454
255832.6862
234314.8537
211848.149
188533.8797
164773.6073
141096.1668
118126.1578
96516.01586
76854.89833
59581.66096
44930.6667
32925.30089
282182.9899
282120.5869
282048.0731
281968.1731
281883.8023
281796.6919
281707.032
281613.8407
281515.514
284211.3155
287371.1123
291016.8981
295068.8667
299442.1565
304122.6333
309016.9807
314027.9304
319048.1742
323848.0315
328285.1308
332230.5077
335624.0739
338543.4829
340818.0519
342277.915
342951.5316
342858.9557
341944.6379
340249.2049
337958.9746
335265.7439
332390.6249
329597.1783
327102.3005
325178.7124
324114.268
324071.086
325177.5374
327480.1337
330973.5507
335596.7141
341292.864
347964.3494
355381.5034
363286.8075
371479.9843
379652.8515
387535.6274
395012.3032
401849.884
407739.5777
412400.3491
415571.0005
417036.9798
416633.4616
414172.6325
409608.2098
402964.9933
394386.7851
385848.1133
376547.836
366227.5885
354753.9262
341999.6219
327850.2154
312214.6503
295038.9696
276321.5069
256128.5248
234608.6464
212135.8248
188810.6788
165034.5846
141336.6422
118342.2419
96705.09033
77015.90569
59715.11071
45038.37372
33009.96985
282182.9899
282120.5869
282048.0731
281968.1731
281883.8023
281796.6919
281707.032
281613.8407
281515.514
281410.293
284096.5096
287245.1765
290878.707
294917.6607
299277.2704
303943.0783
308821.1162
313813.3093
318811.6773
323586.3026
327994.9873
331909.253
335269.5126
338153.5927
340390.876
341811.4079
342443.4334
342307.1363
341347.6708
339606.6063
337271.018
334533.0611
331613.4708
328774.5987
326231.628
324255.1271
323130.6754
323018.5128
324045.3937
326256.5559
329645.5457
334150.1358
339712.0008
346231.5765
353477.3102
361189.6547
369166.0173
377096.6499
384710.4832
391889.7143
398400.3382
403932.9574
408205.2016
410953.3646
411958.8236
411050.9088
408035.1898
402856.8805
395531.6868
386191.2084
376764.1959
366448.8425
354984.8712
342240.9921
328101.2279
312473.9253
295304.5907
276591.124
256399.4089
234877.6041
212399.2779
189064.3976
165274.1294
141557.7566
118541.3184
96879.61205
77164.74373
59838.58003
45138.03761
33088.27592
282182.9899
282120.5869
282048.0731
281968.1731
281883.8023
281796.6919
281707.032
281613.8407
281515.514
281410.293
281296.6105
283972.0014
287108.7661
290729.6382
294755.2617
299100.57
303750.4222
308610.0403
313580.665
318553.9947
323300.297
327677.8352
331558.6419
334883.3977
337729.7561
339926.9539
341305.0106
341892.2804
341709.537
340703.0189
338915.3199
336533.9727
333750.9175
330785.8771
327899.514
325305.1078
323271.1516
322081.1969
321893.9125
322834.6672
324947.4901
328224.6389
332602.3624
338020.2508
344376.3002
351436.688
358939.6608
366680.3264
374347.5583
381669.1518
388525.3428
394680.5268
399823.5793
403669.1372
405949.0029
406438.4736
404959.324
401309.4854
395425.441
387314.6472
377098.4037
366658.576
355198.3796
342462.6921
328331.5286
312711.7302
295548.2048
276838.3315
256647.6
235123.8645
212640.4474
189296.7379
165493.6845
141760.697
118724.3534
97040.38601
77302.11591
59952.70782
45230.23915
33160.72718
282182.9899
282120.5869
282048.0731
281968.1731
281883.8023
281796.6919
281707.032
281613.8407
281515.514
281410.293
281296.6105
281173.3206
283837.1371
286961.6181
290569.5346
294581.2267
298910.9771
303542.8042
308381.2393
313327.1811
318272.4116
322987.6686
327331.7014
331176.8279
334463.665
337269.4605
339423.3621
340755.7024
341295.403
341064.2024
340009.523
338174.7065
335747.1717
332918.0102
329905.4579
326968.298
324318.0052
322221.2646
320959.9036
320691.2534
321539.3507
323546.8477
326704.3331
330946.0234
336208.8972
342388.0986
349247.3439
356522.6897
364007.0659
371388.0994
378392.3308
384897.3835
390664.8704
395380.2652
398753.1885
400508.8855
400414.7842
398283.8938
393906.2694
387210.4732
378197.8727
366982.9573
355400.7995
342667.6616
328543.0642
312929.9147
295771.6453
277065.0558
256875.1589
235349.4882
212861.2545
189509.4131
165694.725
141946.6874
118892.3307
97188.19351
77428.65759
60058.03612
45315.45823
33227.74806
282182.9899
282120.5869
282048.0731
281968.1731
281883.8023
281796.6919
281707.032
281613.8407
281515.514
281410.293
281296.6105
281173.3206
281039.7761
283691.657
286803.5776
290397.9597
294394.4938
298706.6602
303317.7518
308131.9437
313050.1874
317964.6184
322646.4724
326954.7628
330761.7694
334007.8261
336769.8054
338877.0966
340160.8223
340650.848
340369.9722
339266.542
337384.096
334909.3042
332031.9379
328968.5652
325976.1925
323264.782
321099.5355
319760.7817
319404.5686
320153.4198
322048.2239
325077.3885
329172.5842
334267.7645
340254.9946
346895.5228
353923.334
361129.2409
368199.4907
374858.7841
380980.892
386322.9059
390564.8486
393409.1952
394572.7585
393813.7809
390936.0405
385722.5204
378096.0064
368055.5751
355714.306
342862.0169
328738.6452
313130.3249
295976.6526
277273.005
257083.8608
235556.3523
213063.5514
189704.1218
165878.7373
142116.9803
119046.265
97323.82971
77544.98446
60155.05337
45394.10145
33289.68918
282182.9899
282120.5869
282048.0731
281968.1731
281883.8023
281796.6919
281707.032
281613.8407
281515.514
281410.293
281296.6105
281173.3206
281039.7761
280895.7196
283535.4079
286634.2136
290213.8665
294193.2592
298485.1865
303072.5409
307859.5273
312747.412
317628.7002
322274.9115
326545.004
330311.0058
333513.0085
336227.8101
338285.5112
339518.4239
339957.4565
339626.2043
338473.4034
336542.1711
334017.9545
331089.029
327970.4115
324917.6315
322139.4891
319899.9483
318477.882
318027.8736
318670.537
320444.4824
323335.422
327272.0824
332185.1591
337963.5865
344366.2329
351125.0693
358028.5877
364761.068
371044.2184
376746.1616
381617.3424
385330.1586
387577.9712
388067.7264
386547.8791
382813.5191
376642.714
367956.287
356756.7915
343163.4958
328924.1303
313315.6285
296164.9624
277463.8008
257275.2799
235746.0726
213249.0246
189882.5016
166047.1949
142272.8377
119187.1952
97448.1155
77651.72301
60244.23218
45466.53439
33346.84726
282182.9899
282120.5869
282048.0731
281968.1731
281883.8023
281796.6919
281707.032
281613.8407
281515.514
281410.293
281296.6105
281173.3206
281039.7761
280895.7196
280740.9994
283367.9638
286452.4932
290015.4771
293975.1267
298243.8752
302804.5884
307561.7558
312416.9712
317262.888
321870.9993
326099.9957
329821.6964
332976.2606
335640.8493
337646.6702
338827.3519
339214.5873
338832.2258
337628.7858
335646.5046
333069.4297
330084.4658
326905.3973
323786.6359
320936.0918
318616.5517
317105.2376
316554.8732
317083.6408
318727.3596
321468.6482
325233.0693
329947.9968
335499.2678
341643.3956
348110.1377
354685.0132
361049.1927
366919.7023
372156.8265
376502.0898
379618.2243
381187.9127
380907.4817
378515.981
373801.6767
366541.5809
356660.3882
344172.1607
329212.3385
313491.4007
296339.0872
277639.0603
257450.9111
235920.0816
213419.1251
190046.0434
166201.519
142415.5114
119316.1687
97561.89158
77749.52038
60326.05335
45533.11031
33399.48859
282182.9899
282120.5869
282048.0731
281968.1731
281883.8023
281796.6919
281707.032
281613.8407
281515.514
281410.293
281296.6105
281173.3206
281039.7761
280895.7196
280740.9994
280575.1941
283188.3035
286256.6612
289800.4294
293737.4561
297980.1842
302511.6966
307236.7767
312057.1251
316865.2261
321432.3412
325616.9334
329290.9223
332394.9823
335007.0023
336959.4249
338086.9674
338421.5681
337986.7138
336730.2543
334693.3856
332058.8831
329012.6128
325767.5073
322577.141
319648.6201
317243.3766
315636.5719
314978.553
315384.5544
316887.2095
319465.8214
323042.7343
327542.0168
332846.3736
338709.7327
344859.0032
351075.5321
357035.713
362449.8191
367167.9397
370920.5052
373358.9118
374154.2418
372992.4016
369604.7213
363776.1909
355288.7007
344078.9858
330183.1063
313765.0286
296504.2908
277801.1274
257612.2444
236079.7408
213575.1389
190196.0285
166343.0027
142546.2091
119434.2246
97666.00593
77839.03967
60401.01379
45594.18851
33447.87016
282182.9899
282120.5869
282048.0731
281968.1731
281883.8023
281796.6919
281707.032
281613.8407
281515.514
281410.293
281296.6105
281173.3206
281039.7761
280895.7196
280740.9994
280575.1941
280397.2924
282994.6921
286044.3861
289566.1203
293477.7438
297691.9507
302192.0435
306882.879
311665.9501
316433.3572
320956.1729
325092.9356
328716.1125
331767.2715
334325.1293
336223.1397
337296.6003
337577.0778
337087.2307
335774.0862
333677.9445
330980.6462
327867.4164
324550.6398
321283.1466
318271.086
315774.1439
314064.8911
313290.7907
313563.7334
314912.947
317314.3584
320687.1154
324951.9257
329988.0705
335546.2358
341349.3177
347172.7707
352686.1665
357590.7946
361724.2623
364804.0607
366469.1833
366379.1015
364210.7752
359691.1755
352607.6288
342755.2505
330093.5376
314693.487
296761.9983
277954.9275
257761.4436
236226.4058
213718.2887
190333.5925
166472.7565
142666.0293
119542.3658
97761.30026
77920.95003
60469.62298
45650.14052
33492.2533
282182.9899
282120.5869
282048.0731
281968.1731
281883.8023
281796.6919
281707.032
281613.8407
281515.514
281410.293
281296.6105
281173.3206
281039.7761
280895.7196
280740.9994
280575.1941
280397.2924
280205.5765
282784.8244
285813.0987
289310.0818
293193.8595
297377.3819
301843.946
306498.1709
311241.1275
315964.5598
320439.6538
324525.4638
328095.3859
331091.9995
333594.5998
335437.1482
336454.9339
336678.6816
336130.0498
334755.3963
332594.4852
329828.6292
326642.7358
323248.7581
319898.6345
316797.1907
314201.8571
312382.0969
311482.1055
311610.2088
312792.1683
315000.5449
318151.239
322161.289
326905.8398
332131.1608
337554.4665
342943.2189
347957.9579
352288.8304
355758.9646
358071.6203
358853.1913
357752.7618
354441.4735
348647.3683
340168.1459
328823.1504
314607.9317
297643.4929
278195.3938
257903.0689
236362.0499
213849.7918
190459.8158
166591.7646
142775.9141
119641.504
97848.58713
77995.91594
60532.39522
45701.34747
33532.90839
282182.9899
282120.5869
282048.0731
281968.1731
281883.8023
281796.6919
281707.032
281613.8407
281515.514
281410.293
281296.6105
281173.3206
281039.7761
280895.7196
280740.9994
280575.1941
280397.2924
280205.5765
279997.764
282556.1605
285560.3626
289030.2138
292884.0374
297034.8215
301465.5435
306080.3722
310779.9804
315456.0375
319880.282
323912.6612
327427.6263
330368.5418
332814.7526
334600.1409
335559.5415
335722.6575
335110.2812
333668.471
331436.889
328596.6551
325332.4957
321855.8075
318417.2738
315219.9152
312518.4149
310578.7362
309541.6015
309511.7073
310511.3546
312509.673
315419.0148
319152.0278
323578.498
328438.6122
333441.8683
338345.4584
342798.7382
346478.8397
349192.9216
350629.532
350403.4603
348156.2431
343558.392
336346.8982
326340.5618
313396.6661
297562.378
279025.1664
258125.0574
236490.8452
213971.4231
190575.773
166700.9635
142876.6983
119732.4204
97928.60489
78064.57906
60589.84146
45748.19424
33570.11288
282182.9899
282120.5869
282048.0731
281968.1731
281883.8023
281796.6919
281707.032
281613.8407
281515.514
281410.293
281296.6105
281173.3206
281039.7761
280895.7196
280740.9994
280575.1941
280397.2924
280205.5765
279997.764
279771.34
282306.2918
285284.105
288724.7755
292546.6463
296662.4384
301054.5932
305626.8504
310279.7581
314905.327
319276.2271
323253.4257
326712.2163
329596.2437
331984.2884
333709.7047
334606.7137
334704.1212
334022.2046
332507.1718
330198.949
327278.6125
323930.6024
320365.4184
316832.0101
313531.1325
310714.3604
308643.9456
307457.0873
307254.8519
308056.0077
309825.9376
312472.7421
315903.4612
319980.817
324436.8891
328971.2525
333328.5862
337145.1739
340083.7608
341934.8028
342372.7839
341003.4568
337465.68
331436.9788
322673.9107
311029.8761
296416.2474
278948.9261
258898.4295
236693.2809
214086.9502
190683.0352
166801.2844
142969.1773
119815.807
98001.98533
78127.52216
60642.45524
45791.06335
33604.14708
282182.9899
282120.5869
282048.0731
281968.1731
281883.8023
281796.6919
281707.032
281613.8407
281515.514
281410.293
281296.6105
281173.3206
281039.7761
280895.7196
280740.9994
280575.1941
280397.2924
280205.5765
279997.764
279771.34
279523.9193
282033.1689
284982.6076
288392.1588
292179.8829
296258.0257
300608.5057
305134.9002
309738.0376
314310.6263
318626.4027
322547.1478
325948.508
328773.8185
331100.8131
332762.1508
333591.5827
333617.3596
332859.6756
331265.2725
328874.5243
325868.3715
322430.6456
318770.4934
315134.6752
311721.356
308778.8262
306565.5692
305215.275
304825.2967
305410.5478
306931.9519
309292.1729
312390.9601
316081.9126
320086.8085
324093.1264
327831.0181
330922.2789
333014.6455
333882.2007
333187.5156
330531.8647
325558.7344
317963.0776
307534.4852
294177.002
277873.9863
258827.4871
237405.8794
214269.091
190784.9508
166894.0921
143054.1407
119892.3235
98069.28825
78185.24331
60690.6846
45830.3244
33635.28967
282182.9899
282120.5869
282048.0731
281968.1731
281883.8023
281796.6919
281707.032
281613.8407
281515.514
281410.293
281296.6105
281173.3206
281039.7761
280895.7196
280740.9994
280575.1941
280397.2924
280205.5765
279997.764
279771.34
279523.9193
279253.4729
281735.093
284654.2832
288030.5861
291781.5734
295819.0351
300124.6202
304602.1387
309153.0462
313670.866
317930.208
321793.1879
325135.2292
327898.895
330160.6664
331752.6384
332508.4545
332456.2354
331616.461
329936.6125
327457.4555
324359.4835
320825.4822
317062.8145
313315.7345
309779.6837
306699.6517
304330.3583
302801.9139
302207.6252
302557.8358
303807.8267
305853.1932
308584.3731
311843.6112
315340.2143
318747.6116
321779.8393
324043.5011
325171.758
324924.0806
322955.1962
318868.8663
312323.2814
303044.1475
290870.2147
275774.1077
257829.5776
237340.6263
214917.6009
190946.1805
166982.3086
143132.7498
119962.6247
98131.04747
78238.18376
60734.91199
45866.31276
33663.80996
282182.9899
282120.5869
282048.0731
281968.1731
281883.8023
281796.6919
281707.032
281613.8407
281515.514
281410.293
281296.6105
281173.3206
281039.7761
280895.7196
280740.9994
280575.1941
280397.2924
280205.5765
279997.764
279771.34
279523.9193
279253.4729
278958.3186
281410.495
284297.377
287637.9144
291349.2082
295342.8482
299600.5929
304026.8226
308523.7322
312985.4546
317187.0128
320990.2898
324270.0352
326967.8488
329159.0457
330675.5053
331351.2125
331214.5231
330286.3939
328515.0126
325941.2627
322744.763
319106.8416
315232.7891
311364.2307
307693.9165
304463.5829
301924.1037
300201.6899
299384.878
299478.2658
300429.8757
302126.283
304446.4323
307218.9968
310138.8449
312863.8131
315090.8887
316411.7916
316446.9617
314944.856
311558.7624
305904.6505
297668.4304
286622.6451
272673.3743
255880.4575
236425.0547
214858.3298
191527.4286
167122.3926
143207.5026
120027.6758
98187.79243
78286.7646
60775.47621
45899.31438
33689.95225
282182.9899
282120.5869
282048.0731
281968.1731
281883.8023
281796.6919
281707.032
281613.8407
281515.514
281410.293
281296.6105
281173.3206
281039.7761
280895.7196
280740.9994
280575.1941
280397.2924
280205.5765
279997.764
279771.34
279523.9193
279253.4729
278958.3186
278636.9027
281057.6403
283909.774
287211.6698
290880.2083
294827.1584
299034.7089
303407.9175
307849.5137
312253.7716
316395.5788
320136.1391
323349.342
325975.9234
328090.3328
329524.669
330113.6523
329886.0631
328863.2886
326993.9724
324318.7256
321015.8899
317265.0695
313269.3932
309267.9032
305450.758
302056.4047
299331.5358
297397.7561
296337.6547
296148.489
296769.1019
298074.9541
299931.3343
302151.3076
304413.7197
306359.9015
307669.7988
307921.9274
306727.6881
303830.374
298890.9314
291550.2072
281537.6698
268690.9716
253002.5853
234637.0359
214028.9841
191474.4146
167634.277
143326.6952
120089.5646
98240.30634
78331.40307
60812.70078
45929.58256
33713.92462
282182.9899
282120.5869
282048.0731
281968.1731
281883.8023
281796.6919
281707.032
281613.8407
281515.514
281410.293
281296.6105
281173.3206
281039.7761
280895.7196
280740.9994
280575.1941
280397.2924
280205.5765
279997.764
279771.34
279523.9193
279253.4729
278958.3186
278636.9027
278287.5077
280674.4378
283489.0322
286749.3097
290372.302
294270.2784
298425.9511
302744.8513
307129.7806
311474.5982
315553.6243
319227.1973
322368.4463
324917.5555
326948.4929
328293.9593
328789.6349
328464.6773
327340.6376
325366.2485
322581.484
319163.1528
315289.0712
311160.2913
307013.388
303035.9475
299462.8407
296535.8561
294370.8407
293042.8511
292539.9216
292789.6642
293654.3618
294983.6638
296573.3393
298085.219
299144.1245
299414.2545
298464.3733
295902.767
291476.0229
284864.7478
275750.202
263923.5492
249306.9081
231997.2752
212409.6331
190734.8415
167587.6929
143768.5941
120188.6817
98290.29202
78372.71849
60846.90602
45957.35931
33735.91138
282182.9899
282120.5869
282048.0731
281968.1731
281883.8023
281796.6919
281707.032
281613.8407
281515.514
281410.293
281296.6105
281173.3206
281039.7761
280895.7196
280740.9994
280575.1941
280397.2924
280205.5765
279997.764
279771.34
279523.9193
279253.4729
278958.3186
278636.9027
278287.5077
277908.0632
280258.4733
283032.642
286248.5947
289823.8274
293671.2068
297773.7565
302037.0241
306363.334
310645.6879
314657.6616
318258.8215
321321.8472
323786.7685
325727.4041
326977.2715
327373.0028
326943.866
325711.19
323623.4539
320719.7791
317175.3907
313166.432
308892.0379
304586.3516
300434.1592
296666.0851
293517.8484
291097.9925
289472.1832
288617.2332
288447.5131
288810.2504
289537.8101
290407.5225
291064.0689
291117.0031
290217.7487
287930.9551
283870.322
277797.0176
269426.1635
258497.3565
244882.8408
228607.8654
210019.1314
189291.0468
166939.9192
143728.4734
120561.7984
98370.71655
78412.06462
60878.56889
45982.88409
33756.08873
282182.9899
282120.5869
282048.0731
281968.1731
281883.8023
281796.6919
281707.032
281613.8407
281515.514
281410.293
281296.6105
281173.3206
281039.7761
280895.7196
280740.9994
280575.1941
280397.2924
280205.5765
279997.764
279771.34
279523.9193
279253.4729
278958.3186
278636.9027
278287.5077
277908.0632
277496.1786
279807.2657
282538.3927
285707.8863
289233.7983
293029.39
297077.5352
301283.2567
305547.964
309763.6066
313703.1136
317225.5809
320203.6349
322577.4997
324421.0092
325568.4822
325857.2781
325316.3871
323966.5497
321755.7987
318722.3964
315040.1151
310883.6201
306450.212
301971.3899
297628.5323
293646.9126
290254.6278
287551.115
285590.6909
284337.002
283689.3551
283478.3824
283518.0438
283566.8829
283253.4786
282174.9843
279975.0988
276222.543
270547.788
262740.6666
252568.0884
239847.2994
224550.5374
206950.2553
187159.9407
165675.591
143172.4969
120528.0052
98678.24666
78475.66858
60908.7375
46006.51449
33774.63088
282182.9899
282120.5869
282048.0731
281968.1731
281883.8023
281796.6919
281707.032
281613.8407
281515.514
281410.293
281296.6105
281173.3206
281039.7761
280895.7196
280740.9994
280575.1941
280397.2924
280205.5765
279997.764
279771.34
279523.9193
279253.4729
278958.3186
278636.9027
278287.5077
277908.0632
277496.1786
277049.3973
279318.6296
282004.6671
285126.2125
288601.6694
292344.2474
296336.1273
300481.3759
304680.2923
308823.8481
312684.6269
316121.6413
319007.8146
321283.7509
323023.2328
324061.1494
324235.2428
323573.8546
322096.9168
319752.0325
316576.7867
312743.7135
308426.1215
303819.3154
299151.5556
294599.7787
290382.4278
286718.1787
283695.4802
281355.4078
279646.694
278452.0917
277584.6134
276839.4542
275957.1239
274552.6939
272215.8041
268589.9177
263258.7982
255883.8582
246300.0754
234344.9012
219932.2759
203276.7338
184424.5466
163809.6106
142087.573
120061.3985
98650.4626
78722.704
60957.7304
46029.04018
33791.79869
282182.9899
282120.5869
282048.0731
281968.1731
281883.8023
281796.6919
281707.032
281613.8407
281515.514
281410.293
281296.6105
281173.3206
281039.7761
280895.7196
280740.9994
280575.1941
280397.2924
280205.5765
279997.764
279771.34
279523.9193
279253.4729
278958.3186
278636.9027
278287.5077
277908.0632
277496.1786
277049.3973
276565.5553
278790.9661
281430.5058
284503.0356
287926.8689
291614.6376
295547.3952
299628.059
303755.8858
307821.1411
311596.4504
314941.0845
317728.4548
319899.5054
321527.6831
322448.095
322498.5393
321706.4804
320091.0287
317599.566
314269.2715
310271.5854
305778.3382
300982.2967
296107.4615
291324.9279
286844.6024
282873.8735
279488.4067
276714.351
274484.1101
272662.8932
271045.8095
269409.9826
267480.0893
264862.2165
261145.7518
255984.0916
248989.7991
239871.8293
228528.297
214885.8452
199095.1935
181150.3169
161414.9713
140486.5765
119151.0762
98268.2367
78700.43968
61150.88673
46065.77857
33808.17063
282182.9899
282120.5869
282048.0731
281968.1731
281883.8023
281796.6919
281707.032
281613.8407
281515.514
281410.293
281296.6105
281173.3206
281039.7761
280895.7196
280740.9994
280575.1941
280397.2924
280205.5765
279997.764
279771.34
279523.9193
279253.4729
278958.3186
278636.9027
278287.5077
277908.0632
277496.1786
277049.3973
276565.5553
276043.0694
278223.3266
280815.3782
283837.792
287208.2727
290838.4569
294708.0708
298718.9459
302769.5589
306749.8233
310432.7501
313678.055
316359.6059
318418.4333
319927.2384
320721.0075
320637.4119
319703.0156
317936.2829
315284.6769
311785.1793
307608.0392
302923.1088
297919.6499
292816.019
287775.8603
282998.7933
278679.1547
274878.2567
271605.9736
268777.4584
266240.0997
263771.8386
261133.8032
258038.8476
254090.8717
248888.8858
242109.0842
233409.0263
222563.3838
209551.3961
194525.9736
177423.1437
158548.7202
138432.4088
117807.9171
97522.70954
78395.26128
61133.51842
46212.62244
33834.97358
282182.9899
282120.5869
282048.0731
281968.1731
281883.8023
281796.6919
281707.032
281613.8407
281515.514
281410.293
281296.6105
281173.3206
281039.7761
280895.7196
280740.9994
280575.1941
280397.2924
280205.5765
279997.764
279771.34
279523.9193
279253.4729
278958.3186
278636.9027
278287.5077
277908.0632
277496.1786
277049.3973
276565.5553
276043.0694
275481.0004
277615.1866
280158.7279
283129.3736
286443.8088
290012.4891
293813.8651
297748.9368
301715.7411
305604.1508
309187.7538
312326.6788
314895.0083
316833.4816
318213.652
318870.1855
318640.6494
317550.8728
315618.9424
312792.6465
309108.7419
304735.8107
299840.8012
294608.1451
289248.9643
283917.82
278802.4244
274082.5341
269803.892
265959.2365
262446.2426
259095.1769
255668.8803
251916.2871
247544.5785
242164.775
235398.0233
226958.5638
216566.774
204081.3136
189696.1212
173350.4169
155285.8279
135973.7751
116084.9339
96422.85475
77800.15167
60896.27383
46199.44604
33943.38471
282182.9899
282120.5869
282048.0731
281968.1731
281883.8023
281796.6919
281707.032
281613.8407
281515.514
281410.293
281296.6105
281173.3206
281039.7761
280895.7196
280740.9994
280575.1941
280397.2924
280205.5765
279997.764
279771.34
279523.9193
279253.4729
278958.3186
278636.9027
278287.5077
277908.0632
277496.1786
277049.3973
276565.5553
276043.0694
275481.0004
274878.8289
276965.9962
279459.461
282375.7376
285630.3095
289132.5135
292859.7619
296712.553
300588.782
304378.4406
307855.6717
310880.7765
313327.6877
315136.4838
316377.2983
316884.4799
316495.7067
315236.3319
313124.273
310107.6557
306222.611
301635.1504
296508.0354
291019.345
285371.3634
279708.0928
274203.985
269023.0508
264194.745
259694.4875
255403.1898
251135.9672
246644.2857
241670.7255
235925.3082
229038.0258
220667.0189
210581.4438
198582.5305
184743.8452
169045.5234
151720.4267
133174.7827
114022.776
95012.28459
76922.32473
60433.73981
46020.02851
33933.67428
282182.9899
282120.5869
282048.0731
281968.1731
281883.8023
281796.6919
281707.032
281613.8407
281515.514
281410.293
281296.6105
281173.3206
281039.7761
280895.7196
280740.9994
280575.1941
280397.2924
280205.5765
279997.764
279771.34
279523.9193
279253.4729
278958.3186
278636.9027
278287.5077
277908.0632
277496.1786
277049.3973
276565.5553
276043.0694
275481.0004
274878.8289
274236.0106
276274.6739
278715.5614
281573.7611
284763.6177
288193.5935
291840.372
295604.2371
299383.091
303066.9924
306430.4123
309333.4626
311649.5681
313317.9072
314407.1154
314751.4149
314188.9093
312744.6762
310436.439
307212.2999
303106.94
298282.5378
292896.1906
287118.102
281140.2834
275095.0011
269142.4876
263430.3417
257971.6917
252725.3685
247557.4552
242271.4636
236613.1603
230326.8571
223136.3273
214704.6531
204743.4425
193093.9213
179765.9503
164631.8818
147951.9169
130116.2909
111675.035
93324.10703
75796.74927
59751.56089
45670.30511
33801.80988
282182.9899
282120.5869
282048.0731
281968.1731
281883.8023
281796.6919
281707.032
281613.8407
281515.514
281410.293
281296.6105
281173.3206
281039.7761
280895.7196
280740.9994
280575.1941
280397.2924
280205.5765
279997.764
279771.34
279523.9193
279253.4729
278958.3186
278636.9027
278287.5077
277908.0632
277496.1786
277049.3973
276565.5553
276043.0694
275481.0004
274878.8289
274236.0106
273551.4744
275539.2263
277923.9462
280719.3458
283838.8712
287190.4255
290750.2293
294418.4912
298093.0609
301663.8091
304905.1886
307676.7644
309851.2232
311366.7972
312290.7251
312457.3917
311705.5898
310060.0893
307538.0171
304086.6681
299738.0936
294649.1806
288969.8923
282861.2203
276503.7825
270017.3598
263547.5382
257225.5117
251048.9465
244961.9864
238819.328
232418.2754
225506.7131
217841.0401
209171.8297
199210.9524
187740.2857
174797.097
160195.7626
144088.5592
126883.694
109109.6313
91402.04559
74449.70863
58877.03152
45154.56981
33544.82249
282182.9899
282120.5869
282048.0731
281968.1731
281883.8023
281796.6919
281707.032
281613.8407
281515.514
281410.293
281296.6105
281173.3206
281039.7761
280895.7196
280740.9994
280575.1941
280397.2924
280205.5765
279997.764
279771.34
279523.9193
279253.4729
278958.3186
278636.9027
278287.5077
277908.0632
277496.1786
277049.3973
276565.5553
276043.0694
275481.0004
274878.8289
274236.0106
273551.4744
272823.2468
274756.6056
277080.5697
279807.6978
282850.8466
286117.6304
289583.9258
293149.8006
296712.7927
300162.2089
303272.1416
305901.3758
307921.8201
309270.8953
310014.6348
309987.8238
309029.984
307165.169
304409.0752
300707.0483
296087.1386
290699.4927
284685.6663
278196.4404
271400.3627
264404.5462
257340.2062
250323.0225
243337.2117
236315.5702
229106.6049
221508.8296
213282.2148
204207.6133
194076.9309
182666.8751
169950.3077
155767.537
140205.863
123570.059
106398.3032
89301.78708
72915.9727
57830.47213
44493.54003
33165.88395
282182.9899
282120.5869
282048.0731
281968.1731
281883.8023
281796.6919
281707.032
281613.8407
281515.514
281410.293
281296.6105
281173.3206
281039.7761
280895.7196
280740.9994
280575.1941
280397.2924
280205.5765
279997.764
279771.34
279523.9193
279253.4729
278958.3186
278636.9027
278287.5077
277908.0632
277496.1786
277049.3973
276565.5553
276043.0694
275481.0004
274878.8289
274236.0106
273551.4744
272823.2468
272048.3094
273922.812
276180.6999
278833.6676
281794.2455
284969.8859
288336.0371
291792.3638
295235.7134
298554.4544
301522.0981
303996.6022
305849.2368
307016.8394
307564.3721
307327.0341
306144.7478
304040.0076
301025.8763
297044.4135
292118.3152
286389.7395
279990.9161
273061.8879
265759.0399
258177.3731
250434.9144
242633.8328
234748.3034
226704.777
218352.6745
209501.1525
199934.1224
189470.6311
177958.7648
165357.2748
151447.9701
136329.92
120240.1462
103619.2882
87082.15616
71240.04215
56638.80866
43702.50573
32680.26882
282182.9899
282120.5869
282048.0731
281968.1731
281883.8023
281796.6919
281707.032
281613.8407
281515.514
281410.293
281296.6105
281173.3206
281039.7761
280895.7196
280740.9994
280575.1941
280397.2924
280205.5765
279997.764
279771.34
279523.9193
279253.4729
278958.3186
278636.9027
278287.5077
277908.0632
277496.1786
277049.3973
276565.5553
276043.0694
275481.0004
274878.8289
274236.0106
273551.4744
272823.2468
272048.3094
271222.7015
273033.1667
275219.2534
277792.0318
280663.8263
283741.8543
287000.857
290339.7168
293654.2123
296831.5146
299644.5162
301950.4764
303620.2596
304590.2974
304924.3824
304457.7737
303030.0391
300660.8967
297359.3625
293062.888
287787.6753
281667.0101
274823.3685
267386.1443
259500.2208
251249.9833
242742.5798
234070.0114
225201.416
216063.6919
206516.1599
196389.797
185505.5675
173734.6959
161094.8502
147354.616
132548.966
116915.8823
100826.8941
84807.35128
69468.93102
55336.66471
42801.75789
32099.16547
282182.9899
282120.5869
282048.0731
281968.1731
281883.8023
281796.6919
281707.032
281613.8407
281515.514
281410.293
281296.6105
281173.3206
281039.7761
280895.7196
280740.9994
280575.1941
280397.2924
280205.5765
279997.764
279771.34
279523.9193
279253.4729
278958.3186
278636.9027
278287.5077
277908.0632
277496.1786
277049.3973
276565.5553
276043.0694
275481.0004
274878.8289
274236.0106
273551.4744
272823.2468
272048.3094
271222.7015
270341.7902
272082.644
274191.0739
276677.6226
279454.3314
282427.9199
285572.0274
288784.3746
291959.4054
294983.0105
297627.5994
299749.9533
301220.7153
301975.8648
302077.5517
301360.3099
299662.2282
296998.8138
293373.6201
288718.382
283042.05
276468.6586
269111.1443
261089.1289
252537.6076
243533.0018
234175.2286
224550.9823
214631.069
204351.3695
193591.6896
182217.1271
170098.9629
157270.7444
143555.8027
128966.0744
113672.979
98039.11121
82521.82337
67653.9836
53960.62376
41817.5008
31437.44132
282182.9899
282120.5869
282048.0731
281968.1731
281883.8023
281796.6919
281707.032
281613.8407
281515.514
281410.293
281296.6105
281173.3206
281039.7761
280895.7196
280740.9994
280575.1941
280397.2924
280205.5765
279997.764
279771.34
279523.9193
279253.4729
278958.3186
278636.9027
278287.5077
277908.0632
277496.1786
277049.3973
276565.5553
276043.0694
275481.0004
274878.8289
274236.0106
273551.4744
272823.2468
272048.3094
271222.7015
270341.7902
269400.5987
271066.1461
273091.0605
275485.2571
278160.2304
281021.8259
284042.186
287117.6003
290141.0836
292997.3286
295458.4891
297381.0404
298635.3699
299156.5933
299004.3015
298011.1427
296012.3889
293017.8887
289024.5125
283957.5547
277818.4878
270722.3757
262773.6462
254084.0151
244781.3653
234938.1641
224652.2446
214011.4495
202996.5849
191562.4922
179621.0222
167083.7365
153979.5747
140147.7291
125640.8976
110600.0044
95319.46306
80239.96395
65830.6622
52550.66515
40777.42508
30714.36814
282182.9899
282120.5869
282048.0731
281968.1731
281883.8023
281796.6919
281707.032
281613.8407
281515.514
281410.293
281296.6105
281173.3206
281039.7761
280895.7196
280740.9994
280575.1941
280397.2924
280205.5765
279997.764
279771.34
279523.9193
279253.4729
278958.3186
278636.9027
278287.5077
277908.0632
277496.1786
277049.3973
276565.5553
276043.0694
275481.0004
274878.8289
274236.0106
273551.4744
272823.2468
272048.3094
271222.7015
270341.7902
269400.5987
268394.0791
269978.6297
271914.0971
274209.483
276775.3605
279516.327
282402.7391
285329.3533
288187.8226
290861.8096
293123.3927
294828.698
295847.4622
296113.0935
295681.3157
294381.5052
292044.7699
288674.0383
284258.6424
278717.2512
272044.3267
264347.0813
255723.4869
246280.4169
236142.7739
225384.5854
214108.2965
202410.8472
190292.677
177738.3775
164703.3154
151250.1876
137214.9118
122657.8336
107747.9792
92742.37067
78013.79411
64010.18356
51134.33602
39711.80984
29950.31266
282182.9899
282120.5869
282048.0731
281968.1731
281883.8023
281796.6919
281707.032
281613.8407
281515.514
281410.293
281296.6105
281173.3206
281039.7761
280895.7196
280740.9994
280575.1941
280397.2924
280205.5765
279997.764
279771.34
279523.9193
279253.4729
278958.3186
278636.9027
278287.5077
277908.0632
277496.1786
277049.3973
276565.5553
276043.0694
275481.0004
274878.8289
274236.0106
273551.4744
272823.2468
272048.3094
271222.7015
270341.7902
269400.5987
268394.0791
267317.2376
268815.037
270654.8018
272844.225
275292.5861
277902.9665
280643.8108
283408.3986
286087.1703
288562.8751
290607.486
292076.3785
292837.8168
292822.2746
292080.0521
290435.8431
287715.4347
283913.9299
279012.788
272924.5746
265638.0905
257254.8644
247869.696
237589.0694
226540.5298
214806.7146
202502.7935
189743.8969
176560.3836
162977.1397
149095.4185
134782.7883
120091.0422
105189.4695
90350.49611
75904.3517
62234.07077
49720.15274
38641.47319
29167.557
282182.9899
282120.5869
282048.0731
281968.1731
281883.8023
281796.6919
281707.032
281613.8407
281515.514
281410.293
281296.6105
281173.3206
281039.7761
280895.7196
280740.9994
280575.1941
280397.2924
280205.5765
279997.764
279771.34
279523.9193
279253.4729
278958.3186
278636.9027
278287.5077
277908.0632
277496.1786
277049.3973
276565.5553
276043.0694
275481.0004
274878.8289
274236.0106
273551.4744
272823.2468
272048.3094
271222.7015
270341.7902
269400.5987
268394.0791
267317.2376
266165.0657
267570.0471
269307.1777
271382.4483
273703.5779
276172.0254
278754.3503
281342.4899
283825.7707
286085.9315
287894.4584
289105.1506
289583.5978
289255.8703
288165.2344
286130.4617
282971.2278
278674.4186
273213.975
266497.785
258511.4381
249354.2087
239122.4311
227928.1693
215908.7402
203163.8189
189830.4463
176051.5098
161897.1624
147532.9346
132862.6915
117962.5322
102988.2486
88204.85423
73946.45195
60551.11741
48340.38643
37572.71506
28381.39237
282182.9899
282120.5869
282048.0731
281968.1731
281883.8023
281796.6919
281707.032
281613.8407
281515.514
281410.293
281296.6105
281173.3206
281039.7761
280895.7196
280740.9994
280575.1941
280397.2924
280205.5765
279997.764
279771.34
279523.9193
279253.4729
278958.3186
278636.9027
278287.5077
277908.0632
277496.1786
277049.3973
276565.5553
276043.0694
275481.0004
274878.8289
274236.0106
273551.4744
272823.2468
272048.3094
271222.7015
270341.7902
269400.5987
268394.0791
267317.2376
266165.0657
264932.295
266237.7314
267864.2811
269815.9417
271998.7637
274312.6288
276722.3122
279118.4928
281389.2698
283414.9222
284965.6501
285892.4695
286056.8512
285378.9456
283893.5098
281412.4988
277749.2141
272882.6185
266780.3769
259348.2548
250572.4049
240554.7321
229399.3584
217231.4172
204206.4566
190450.5808
176132.1744
161430.8523
146555.4821
131470.4325
116282.122
101162.9573
86359.07517
72190.17074
58989.01631
47033.01326
36529.93458
27596.35979
282182.9899
282120.5869
282048.0731
281968.1731
281883.8023
281796.6919
281707.032
281613.8407
281515.514
281410.293
281296.6105
281173.3206
281039.7761
280895.7196
280740.9994
280575.1941
280397.2924
280205.5765
279997.764
279771.34
279523.9193
279253.4729
278958.3186
278636.9027
278287.5077
277908.0632
277496.1786
277049.3973
276565.5553
276043.0694
275481.0004
274878.8289
274236.0106
273551.4744
272823.2468
272048.3094
271222.7015
270341.7902
269400.5987
268394.0791
267317.2376
266165.0657
264932.295
263613.0549
264811.225
266318.0066
268135.2685
270167.4326
272312.923
274534.7774
276722.291
278761.8747
280531.4784
281798.8394
282410.7373
282223.0279
281148.5665
279212.4289
276219.366
271976.7497
266456.8022
259623.272
251383.7204
241730.1649
230773.6052
218633.7477
205457.6107
191428.3259
176708.0397
161505.1761
146133.661
130599.577
115063.7138
99721.92396
84828.58382
70679.53045
57587.82447
45819.48387
35541.882
26830.38778
282182.9899
282120.5869
282048.0731
281968.1731
281883.8023
281796.6919
281707.032
281613.8407
281515.514
281410.293
281296.6105
281173.3206
281039.7761
280895.7196
280740.9994
280575.1941
280397.2924
280205.5765
279997.764
279771.34
279523.9193
279253.4729
278958.3186
278636.9027
278287.5077
277908.0632
277496.1786
277049.3973
276565.5553
276043.0694
275481.0004
274878.8289
274236.0106
273551.4744
272823.2468
272048.3094
271222.7015
270341.7902
269400.5987
268394.0791
267317.2376
266165.0657
264932.295
263613.0549
262200.5479
263282.5144
264659.0394
266329.8695
268197.9102
270160.1947
272177.8617
274138.3541
275925.5192
277413.7247
278366.8238
278625.8452
278039.669
276512.7912
274059.8929
270478.8197
265572.3787
259308.3558
251650.2988
242513.0597
231901.481
219943.6947
206784.1268
192601.3597
177615.5881
162033.6949
146201.2985
130223.973
114301.7046
98677.12986
83620.28309
69426.98249
56382.76229
44730.99432
34624.72583
26104.62594
282182.9899
282120.5869
282048.0731
281968.1731
281883.8023
281796.6919
281707.032
281613.8407
281515.514
281410.293
281296.6105
281173.3206
281039.7761
280895.7196
280740.9994
280575.1941
280397.2924
280205.5765
279997.764
279771.34
279523.9193
279253.4729
278958.3186
278636.9027
278287.5077
277908.0632
277496.1786
277049.3973
276565.5553
276043.0694
275481.0004
274878.8289
274236.0106
273551.4744
272823.2468
272048.3094
271222.7015
270341.7902
269400.5987
268394.0791
267317.2376
266165.0657
264932.295
263613.0549
262200.5479
260686.8393
261642.3907
262876.9567
264388.2355
266077.6749
267840.781
269636.2897
271348.9155
272858.6876
274034.8825
274635.983
274495.8755
273455.4074
271410.1211
268364.2229
264109.8525
258447.7807
251345.0301
242770.2387
232652.7629
221018.8876
208023.2762
193845.0662
178704.1523
162866.2308
146680.2105
130284.5934
113973.2506
98023.79573
82744.27148
68438.10857
55383.6254
43794.97826
33802.09687
25430.92342
282182.9899
282120.5869
282048.0731
281968.1731
281883.8023
281796.6919
281707.032
281613.8407
281515.514
281410.293
281296.6105
281173.3206
281039.7761
280895.7196
280740.9994
280575.1941
280397.2924
280205.5765
279997.764
279771.34
279523.9193
279253.4729
278958.3186
278636.9027
278287.5077
277908.0632
277496.1786
277049.3973
276565.5553
276043.0694
275481.0004
274878.8289
274236.0106
273551.4744
272823.2468
272048.3094
271222.7015
270341.7902
269400.5987
268394.0791
267317.2376
266165.0657
264932.295
263613.0549
262200.5479
260686.8393
259062.8104
259880.5495
260960.3982
262298.0229
263793.2703
265339.6498
266892.5869
268332.8169
269535.0415
270361.8548
270564.9997
269970.1159
268409.4249
265769.5707
262045.0449
257024.63
250511.0118
242475.7172
232899.4931
221735.1424
209040.4514
195006.8827
179858.3163
163864.5704
147434.2107
130711.8284
114026.635
97742.37204
82196.56427
67721.21727
54594.81262
43018.94233
33094.77888
24826.67236
282182.9899
282120.5869
282048.0731
281968.1731
281883.8023
281796.6919
281707.032
281613.8407
281515.514
281410.293
281296.6105
281173.3206
281039.7761
280895.7196
280740.9994
280575.1941
280397.2924
280205.5765
279997.764
279771.34
279523.9193
279253.4729
278958.3186
278636.9027
278287.5077
277908.0632
277496.1786
277049.3973
276565.5553
276043.0694
275481.0004
274878.8289
274236.0106
273551.4744
272823.2468
272048.3094
271222.7015
270341.7902
269400.5987
268394.0791
267317.2376
266165.0657
264932.295
263613.0549
262200.5479
260686.8393
259062.8104
257318.2578
257985.7596
258897.1799
260045.9663
261329.8917
262639.6053
263925.9426
265064.1572
265922.028
266353.9673
266103.8874
264988.5236
262831.5211
259511.5426
255015.2111
249131.7136
241671.2652
232616.9203
221970.3026
209718.1242
195960.6727
180936.5091
164923.0888
148338.1249
131384.0857
114400.9938
97788.45611
81960.80465
67273.0665
54022.98647
42406.26324
32508.37389
24307.17136
282182.9899
282120.5869
282048.0731
281968.1731
281883.8023
281796.6919
281707.032
281613.8407
281515.514
281410.293
281296.6105
281173.3206
281039.7761
280895.7196
280740.9994
280575.1941
280397.2924
280205.5765
279997.764
279771.34
279523.9193
279253.4729
278958.3186
278636.9027
278287.5077
277908.0632
277496.1786
277049.3973
276565.5553
276043.0694
275481.0004
274878.8289
274236.0106
273551.4744
272823.2468
272048.3094
271222.7015
270341.7902
269400.5987
268394.0791
267317.2376
266165.0657
264932.295
263613.0549
262200.5479
260686.8393
259062.8104
257318.2578
255442.0609
255945.9758
256674.2084
257617.4714
258670.6032
259720.1687
260710.8812
261510.9234
261979.6403
261962.011
261193.4629
259481.7929
256642.9785
252549.7318
247183.9979
240340.7947
231845.3192
221700.9627
209940.5481
196596.185
181821.7438
165911.9545
149296.5421
132189.7624
114989.6877
98109.90548
81999.71426
67080.29956
53665.57586
41962.14178
32045.40589
23876.49019
282182.9899
282120.5869
282048.0731
281968.1731
281883.8023
281796.6919
281707.032
281613.8407
281515.514
281410.293
281296.6105
281173.3206
281039.7761
280895.7196
280740.9994
280575.1941
280397.2924
280205.5765
279997.764
279771.34
279523.9193
279253.4729
278958.3186
278636.9027
278287.5077
277908.0632
277496.1786
277049.3973
276565.5553
276043.0694
275481.0004
274878.8289
274236.0106
273551.4744
272823.2468
272048.3094
271222.7015
270341.7902
269400.5987
268394.0791
267317.2376
266165.0657
264932.295
263613.0549
262200.5479
260686.8393
259062.8104
257318.2578
255442.0609
253422.293
253748.2539
254277.0789
254995.8433
255795.2356
256556.2705
257215.9157
257633.7723
257659.4771
257127.7233
255765.4129
253372.2095
249758.4447
244794.2911
238461.8027
230569.108
220965.7191
209685.777
196804.7006
182411.6472
166723.9433
150191.9162
133044.0343
115694.9871
98615.06499
82269.61737
67112.36845
53511.94987
41684.59218
31709.82276
23536.46506
282182.9899
282120.5869
282048.0731
281968.1731
281883.8023
281796.6919
281707.032
281613.8407
281515.514
281410.293
281296.6105
281173.3206
281039.7761
280895.7196
280740.9994
280575.1941
280397.2924
280205.5765
279997.764
279771.34
279523.9193
279253.4729
278958.3186
278636.9027
278287.5077
277908.0632
277496.1786
277049.3973
276565.5553
276043.0694
275481.0004
274878.8289
274236.0106
273551.4744
272823.2468
272048.3094
271222.7015
270341.7902
269400.5987
268394.0791
267317.2376
266165.0657
264932.295
263613.0549
262200.5479
260686.8393
259062.8104
257318.2578
255442.0609
253422.293
251246.1373
251378.3534
251689.3133
252161.1996
252679.0983
253116.9253
253402.3489
253385.1053
252904.2322
251783.854
249743.1362
246575.5085
242089.0636
236156.4839
228766.5073
219749.567
208990.534
196565.8415
182605.127
167265.1061
150927.2304
133842.1356
116442.8421
99220.07315
82693.47894
67333.56715
53537.70953
41565.37483
31500.13174
23290.00686
282182.9899
282120.5869
282048.0731
281968.1731
281883.8023
281796.6919
281707.032
281613.8407
281515.514
281410.293
281296.6105
281173.3206
281039.7761
280895.7196
280740.9994
280575.1941
280397.2924
280205.5765
279997.764
279771.34
279523.9193
279253.4729
278958.3186
278636.9027
278287.5077
277908.0632
277496.1786
277049.3973
276565.5553
276043.0694
275481.0004
274878.8289
274236.0106
273551.4744
272823.2468
272048.3094
271222.7015
270341.7902
269400.5987
268394.0791
267317.2376
266165.0657
264932.295
263613.0549
262200.5479
260686.8393
259062.8104
257318.2578
255442.0609
253422.293
251246.1373
248899.4941
248819.9843
248891.2874
249089.2008
249291.6744
249364.0529
249223.3639
248708.5666
247647.7594
245854.9948
243043.5756
239003.9655
233547.0754
226554.9845
218031.5498
207840.4684
195914.2569
182383.4726
167442.5288
151417.3608
134497.6577
117141.5446
99861.59927
83200.93434
67680.69689
53714.40285
41585.51555
31410.11872
23136.02417
282182.9899
282120.5869
282048.0731
281968.1731
281883.8023
281796.6919
281707.032
281613.8407
281515.514
281410.293
281296.6105
281173.3206
281039.7761
280895.7196
280740.9994
280575.1941
280397.2924
280205.5765
279997.764
279771.34
279523.9193
279253.4729
278958.3186
278636.9027
278287.5077
277908.0632
277496.1786
277049.3973
276565.5553
276043.0694
275481.0004
274878.8289
274236.0106
273551.4744
272823.2468
272048.3094
271222.7015
270341.7902
269400.5987
268394.0791
267317.2376
266165.0657
264932.295
263613.0549
262200.5479
260686.8393
259062.8104
257318.2578
255442.0609
253422.293
251246.1373
248899.4941
246366.2343
246053.7465
245858.9777
245749.7637
245595.4589
245251.582
244623.5302
243539.1072
241815.8897
239259.3825
235580.2648
230570.938
224052.0484
215923.8737
206215.5529
194836.3308
181779.0592
167239.2506
151577.982
134934.6685
117715.5122
100460.9806
83739.03148
68096.13168
53991.4954
41722.93794
31425.42989
23069.96075
282182.9899
282120.5869
282048.0731
281968.1731
281883.8023
281796.6919
281707.032
281613.8407
281515.514
281410.293
281296.6105
281173.3206
281039.7761
280895.7196
280740.9994
280575.1941
280397.2924
280205.5765
279997.764
279771.34
279523.9193
279253.4729
278958.3186
278636.9027
278287.5077
277908.0632
277496.1786
277049.3973
276565.5553
276043.0694
275481.0004
274878.8289
274236.0106
273551.4744
272823.2468
272048.3094
271222.7015
270341.7902
269400.5987
268394.0791
267317.2376
266165.0657
264932.295
263613.0549
262200.5479
260686.8393
259062.8104
257318.2578
255442.0609
253422.293
251246.1373
248899.4941
246366.2343
243627.1494
243055.8906
242562.6912
242105.9161
241545.077
240724.9657
239538.8672
237803.7885
235328.2045
231911.8995
227267.8046
221197.0178
213538.7847
204222.1727
193313.0783
180779.0887
166685.1825
151393.9348
135077.8135
118098.2173
100953.438
84241.79547
68536.66177
54322.98825
41938.30096
31529.39894
23081.26432
282182.9899
282120.5869
282048.0731
281968.1731
281883.8023
281796.6919
281707.032
281613.8407
281515.514
281410.293
281296.6105
281173.3206
281039.7761
280895.7196
280740.9994
280575.1941
280397.2924
280205.5765
279997.764
279771.34
279523.9193
279253.4729
278958.3186
278636.9027
278287.5077
277908.0632
277496.1786
277049.3973
276565.5553
276043.0694
275481.0004
274878.8289
274236.0106
273551.4744
272823.2468
272048.3094
271222.7015
270341.7902
269400.5987
268394.0791
267317.2376
266165.0657
264932.295
263613.0549
262200.5479
260686.8393
259062.8104
257318.2578
255442.0609
253422.293
251246.1373
248899.4941
246366.2343
243627.1494
240658.7246
239797.0623
238965.935
238112.9275
237086.8057
235721.2427
233897.6345
231423.5272
228100.9877
223728.4806
218027.9277
210817.836
201966.7502
191444.4939
179365.7328
165768.4258
150892.5198
134913.7729
118223.5093
101281.8525
84654.94158
68948.27949
54674.51367
42195.85341
31692.23542
23157.70422
282182.9899
282120.5869
282048.0731
281968.1731
281883.8023
281796.6919
281707.032
281613.8407
281515.514
281410.293
281296.6105
281173.3206
281039.7761
280895.7196
280740.9994
280575.1941
280397.2924
280205.5765
279997.764
279771.34
279523.9193
279253.4729
278958.3186
278636.9027
278287.5077
277908.0632
277496.1786
277049.3973
276565.5553
276043.0694
275481.0004
274878.8289
274236.0106
273551.4744
272823.2468
272048.3094
271222.7015
270341.7902
269400.5987
268394.0791
267317.2376
266165.0657
264932.295
263613.0549
262200.5479
260686.8393
259062.8104
257318.2578
255442.0609
253422.293
251246.1373
248899.4941
246366.2343
243627.1494
240658.7246
237431.8951
236241.1847
235024.5587
233717.8382
232158.6354
230169.8161
227622.0482
224315.9976
220051.5603
214632.0827
207797.1917
199393.3728
189330.6072
177632.0398
164472.4208
150062.8027
134467.0928
118079.9102
101389.3111
84930.51538
69286.58527
55002.97944
42468.97605
31886.90799
23277.36133
282182.9899
282120.5869
282048.0731
281968.1731
281883.8023
281796.6919
281707.032
281613.8407
281515.514
281410.293
281296.6105
281173.3206
281039.7761
280895.7196
280740.9994
280575.1941
280397.2924
280205.5765
279997.764
279771.34
279523.9193
279253.4729
278958.3186
278636.9027
278287.5077
277908.0632
277496.1786
277049.3973
276565.5553
276043.0694
275481.0004
274878.8289
274236.0106
273551.4744
272823.2468
272048.3094
271222.7015
270341.7902
269400.5987
268394.0791
267317.2376
266165.0657
264932.295
263613.0549
262200.5479
260686.8393
259062.8104
257318.2578
255442.0609
253422.293
251246.1373
248899.4941
246366.2343
243627.1494
240658.7246
237431.8951
233910.94
232344.6105
230686.2889
228859.5195
226691.0362
223994.1419
220631.1357
216399.8949
211104.1519
204560.2585
196536.1552
186918.3554
175671.091
162882.7563
148889.5824
133727.8708
117689.1096
101266.1351
85020.63182
69512.28254
55272.99004
42724.19055
32093.35349
23420.37233
282182.9899
282120.5869
282048.0731
281968.1731
281883.8023
281796.6919
281707.032
281613.8407
281515.514
281410.293
281296.6105
281173.3206
281039.7761
280895.7196
280740.9994
280575.1941
280397.2924
280205.5765
279997.764
279771.34
279523.9193
279253.4729
278958.3186
278636.9027
278287.5077
277908.0632
277496.1786
277049.3973
276565.5553
276043.0694
275481.0004
274878.8289
274236.0106
273551.4744
272823.2468
272048.3094
271222.7015
270341.7902
269400.5987
268394.0791
267317.2376
266165.0657
264932.295
263613.0549
262200.5479
260686.8393
259062.8104
257318.2578
255442.0609
253422.293
251246.1373
248899.4941
246366.2343
243627.1494
240658.7246
237431.8951
233910.94
230052.6421
228055.6623
225890.7899
223469.4296
220608.6213
217114.5391
212844.9293
207600.7097
201197.3507
193474.1902
184239.6276
173432.9967
161085.0513
147450.6038
132682.3558
117042.2902
100931.1149
84917.32038
69586.04468
55453.15894
42934.02083
32286.26853
23572.03459
282182.9899
282120.5869
282048.0731
281968.1731
281883.8023
281796.6919
281707.032
281613.8407
281515.514
281410.293
281296.6105
281173.3206
281039.7761
280895.7196
280740.9994
280575.1941
280397.2924
280205.5765
279997.764
279771.34
279523.9193
279253.4729
278958.3186
278636.9027
278287.5077
277908.0632
277496.1786
277049.3973
276565.5553
276043.0694
275481.0004
274878.8289
274236.0106
273551.4744
272823.2468
272048.3094
271222.7015
270341.7902
269400.5987
268394.0791
267317.2376
266165.0657
264932.295
263613.0549
262200.5479
260686.8393
259062.8104
257318.2578
255442.0609
253422.293
251246.1373
248899.4941
246366.2343
243627.1494
240658.7246
237431.8951
233910.94
230052.6421
225805.8335
223314.692
220570.4089
217473.2539
213832.9144
209452.3157
204190.1457
197858.0536
190292.9873
181368.7785
170947.2531
159032.9083
145823.6393
131400.0878
116127.2228
100376.5509
84636.50449
69501.47027
55512.00667
43074.05876
32444.90201
23713.76056
282182.9899
282120.5869
282048.0731
281968.1731
281883.8023
281796.6919
281707.032
281613.8407
281515.514
281410.293
281296.6105
281173.3206
281039.7761
280895.7196
280740.9994
280575.1941
280397.2924
280205.5765
279997.764
279771.34
279523.9193
279253.4729
278958.3186
278636.9027
278287.5077
277908.0632
277496.1786
277049.3973
276565.5553
276043.0694
275481.0004
274878.8289
274236.0106
273551.4744
272823.2468
272048.3094
271222.7015
270341.7902
269400.5987
268394.0791
267317.2376
266165.0657
264932.295
263613.0549
262200.5479
260686.8393
259062.8104
257318.2578
255442.0609
253422.293
251246.1373
248899.4941
246366.2343
243627.1494
240658.7246
237431.8951
233910.94
230052.6421
225805.8335
221111.4543
218054.8187
214651.7962
210793.6327
206286.4139
200935.3579
194607.3908
187134.3962
178386.0598
168283.0634
156753.2828
143966.0399
129950.6314
115005.0151
99591.77684
84171.60622
69271.73206
55444.52343
43119.77278
32550.78938
23830.3167
282182.9899
282120.5869
282048.0731
281968.1731
281883.8023
281796.6919
281707.032
281613.8407
281515.514
281410.293
281296.6105
281173.3206
281039.7761
280895.7196
280740.9994
280575.1941
280397.2924
280205.5765
279997.764
279771.34
279523.9193
279253.4729
278958.3186
278636.9027
278287.5077
277908.0632
277496.1786
277049.3973
276565.5553
276043.0694
275481.0004
274878.8289
274236.0106
273551.4744
272823.2468
272048.3094
271222.7015
270341.7902
269400.5987
268394.0791
267317.2376
266165.0657
264932.295
263613.0549
262200.5479
260686.8393
259062.8104
257318.2578
255442.0609
253422.293
251246.1373
248899.4941
246366.2343
243627.1494
240658.7246
237431.8951
233910.94
230052.6421
225805.8335
221111.4543
215903.2838
212203.5298
208058.5973
203354.1682
197898.0973
191505.2208
184059.7543
175424.8251
165514.9821
154309.843
141902.1162
128295.3505
113736.7969
98629.42389
83513.5239
68891.34423
55261.32881
43067.34352
32585.33737
23908.12867
282182.9899
282120.5869
282048.0731
281968.1731
281883.8023
281796.6919
281707.032
281613.8407
281515.514
281410.293
281296.6105
281173.3206
281039.7761
280895.7196
280740.9994
280575.1941
280397.2924
280205.5765
279997.764
279771.34
279523.9193
279253.4729
278958.3186
278636.9027
278287.5077
277908.0632
277496.1786
277049.3973
276565.5553
276043.0694
275481.0004
274878.8289
274236.0106
273551.4744
272823.2468
272048.3094
271222.7015
270341.7902
269400.5987
268394.0791
267317.2376
266165.0657
264932.295
263613.0549
262200.5479
260686.8393
259062.8104
257318.2578
255442.0609
253422.293
251246.1373
248899.4941
246366.2343
243627.1494
240658.7246
237431.8951
233910.94
230052.6421
225805.8335
221111.4543
215903.2838
210109.5253
205685.3428
200715.4081
195084.8505
188610.4046
181125.5849
172542.4083
162767.1247
151771.0457
139689.7146
126455.821
112288.1555
97542.1424
82706.59003
68352.7254
54957.96557
42925.10254
32545.70954
23933.50511
282182.9899
282120.5869
282048.0731
281968.1731
281883.8023
281796.6919
281707.032
281613.8407
281515.514
281410.293
281296.6105
281173.3206
281039.7761
280895.7196
280740.9994
280575.1941
280397.2924
280205.5765
279997.764
279771.34
279523.9193
279253.4729
278958.3186
278636.9027
278287.5077
277908.0632
277496.1786
277049.3973
276565.5553
276043.0694
275481.0004
274878.8289
274236.0106
273551.4744
272823.2468
272048.3094
271222.7015
270341.7902
269400.5987
268394.0791
267317.2376
266165.0657
264932.295
263613.0549
262200.5479
260686.8393
259062.8104
257318.2578
255442.0609
253422.293
251246.1373
248899.4941
246366.2343
243627.1494
240658.7246
237431.8951
233910.94
230052.6421
225805.8335
221111.4543
215903.2838
210109.5253
203655.4429
198425.7158
192553.1308
185928.942
178387.5675
169791.7027
160092.521
149251.0809
137390.8978
124483.7969
110677.8909
96299.87131
81795.15319
67692.32635
54528.28099
42689.5274
32438.25916
23904.39431
282182.9899
282120.5869
282048.0731
281968.1731
281883.8023
281796.6919
281707.032
281613.8407
281515.514
281410.293
281296.6105
281173.3206
281039.7761
280895.7196
280740.9994
280575.1941
280397.2924
280205.5765
279997.764
279771.34
279523.9193
279253.4729
278958.3186
278636.9027
278287.5077
277908.0632
277496.1786
277049.3973
276565.5553
276043.0694
275481.0004
274878.8289
274236.0106
273551.4744
272823.2468
272048.3094
271222.7015
270341.7902
269400.5987
268394.0791
267317.2376
266165.0657
264932.295
263613.0549
262200.5479
260686.8393
259062.8104
257318.2578
255442.0609
253422.293
251246.1373
248899.4941
246366.2343
243627.1494
240658.7246
237431.8951
233910.94
230052.6421
225805.8335
221111.4543
215903.2838
210109.5253
203655.4429
196467.2322
190356.3418
183515.7685
175851.1877
167224.9124
157540.1538
146798.4087
135109.416
122434.6748
108951.4935
94918.65638
80753.52189
66946.61116
54001.4855
42355.76099
32260.28269
23825.49892
282182.9899
282120.5869
282048.0731
281968.1731
281883.8023
281796.6919
281707.032
281613.8407
281515.514
281410.293
281296.6105
281173.3206
281039.7761
280895.7196
280740.9994
280575.1941
280397.2924
280205.5765
279997.764
279771.34
279523.9193
279253.4729
278958.3186
278636.9027
278287.5077
277908.0632
277496.1786
277049.3973
276565.5553
276043.0694
275481.0004
274878.8289
274236.0106
273551.4744
272823.2468
272048.3094
271222.7015
270341.7902
269400.5987
268394.0791
267317.2376
266165.0657
264932.295
263613.0549
262200.5479
260686.8393
259062.8104
257318.2578
255442.0609
253422.293
251246.1373
248899.4941
246366.2343
243627.1494
240658.7246
237431.8951
233910.94
230052.6421
225805.8335
221111.4543
215903.2838
210109.5253
203655.4429
196467.2322
188477.2638
181421.8665
173568.5293
164846.9869
155158.4692
144457.8514
132888.9721
120401.2793
107157.5328
93437.68895
79595.08342
66094.14638
53406.80026
41946.59111
32008.05578
23694.80681
282182.9899
282120.5869
282048.0731
281968.1731
281883.8023
281796.6919
281707.032
281613.8407
281515.514
281410.293
281296.6105
281173.3206
281039.7761
280895.7196
280740.9994
280575.1941
280397.2924
280205.5765
279997.764
279771.34
279523.9193
279253.4729
278958.3186
278636.9027
278287.5077
277908.0632
277496.1786
277049.3973
276565.5553
276043.0694
275481.0004
274878.8289
274236.0106
273551.4744
272823.2468
272048.3094
271222.7015
270341.7902
269400.5987
268394.0791
267317.2376
266165.0657
264932.295
263613.0549
262200.5479
260686.8393
259062.8104
257318.2578
255442.0609
253422.293
251246.1373
248899.4941
246366.2343
243627.1494
240658.7246
237431.8951
233910.94
230052.6421
225805.8335
221111.4543
215903.2838
210109.5253
203655.4429
196467.2322
188477.2638
179630.7338
171587.8994
162706.8791
152951.8644
142273.8406
130770.0486
118422.3951
105377.6008
91898.70061
78352.85912
65145.83192
52726.80479
41484.81399
31698.86691
23509.54831
282182.9899
282120.5869
282048.0731
281968.1731
281883.8023
281796.6919
281707.032
281613.8407
281515.514
281410.293
281296.6105
281173.3206
281039.7761
280895.7196
280740.9994
280575.1941
280397.2924
280205.5765
279997.764
279771.34
279523.9193
279253.4729
278958.3186
278636.9027
278287.5077
277908.0632
277496.1786
277049.3973
276565.5553
276043.0694
275481.0004
274878.8289
274236.0106
273551.4744
272823.2468
272048.3094
271222.7015
270341.7902
269400.5987
268394.0791
267317.2376
266165.0657
264932.295
263613.0549
262200.5479
260686.8393
259062.8104
257318.2578
255442.0609
253422.293
251246.1373
248899.4941
246366.2343
243627.1494
240658.7246
237431.8951
233910.94
230052.6421
225805.8335
221111.4543
215903.2838
210109.5253
203655.4429
196467.2322
188477.2638
179630.7338
169893.5965
160849.9635
150965.8899
140250.2148
128792.8759
116534.0074
103645.4902
90371.98616
77061.91212
64128.8264
51970.14919
40956.65844
31350.011
23282.46467
282182.9899
282120.5869
282048.0731
281968.1731
281883.8023
281796.6919
281707.032
281613.8407
281515.514
281410.293
281296.6105
281173.3206
281039.7761
280895.7196
280740.9994
280575.1941
280397.2924
280205.5765
279997.764
279771.34
279523.9193
279253.4729
278958.3186
278636.9027
278287.5077
277908.0632
277496.1786
277049.3973
276565.5553
276043.0694
275481.0004
274878.8289
274236.0106
273551.4744
272823.2468
272048.3094
271222.7015
270341.7902
269400.5987
268394.0791
267317.2376
266165.0657
264932.295
263613.0549
262200.5479
260686.8393
259062.8104
257318.2578
255442.0609
253422.293
251246.1373
248899.4941
246366.2343
243627.1494
240658.7246
237431.8951
233910.94
230052.6421
225805.8335
221111.4543
215903.2838
210109.5253
203655.4429
196467.2322
188477.2638
179630.7338
169893.5965
159261.4251
149242.7371
138428.8708
126960.7359
114771.9755
101992.6102
88886.38625
75781.47152
63071.88542
51158.60383
40368.80991
30950.91557
23026.30187
282182.9899
282120.5869
282048.0731
281968.1731
281883.8023
281796.6919
281707.032
281613.8407
281515.514
281410.293
281296.6105
281173.3206
281039.7761
280895.7196
280740.9994
280575.1941
280397.2924
280205.5765
279997.764
279771.34
279523.9193
279253.4729
278958.3186
278636.9027
278287.5077
277908.0632
277496.1786
277049.3973
276565.5553
276043.0694
275481.0004
274878.8289
274236.0106
273551.4744
272823.2468
272048.3094
271222.7015
270341.7902
269400.5987
268394.0791
267317.2376
266165.0657
264932.295
263613.0549
262200.5479
260686.8393
259062.8104
257318.2578
255442.0609
253422.293
251246.1373
248899.4941
246366.2343
243627.1494
240658.7246
237431.8951
233910.94
230052.6421
225805.8335
221111.4543
215903.2838
210109.5253
203655.4429
196467.2322
188477.2638
179630.7338
169893.5965
159261.4251
147768.5632
136848.5866
125311.6838
113139.0366
100450.3537
87468.75876
74535.59819
62023.72321
50315.15422
39738.25671
30506.6095
22733.18947
282182.9899
282120.5869
282048.0731
281968.1731
281883.8023
281796.6919
281707.032
281613.8407
281515.514
281410.293
281296.6105
281173.3206
281039.7761
280895.7196
280740.9994
280575.1941
280397.2924
280205.5765
279997.764
279771.34
279523.9193
279253.4729
278958.3186
278636.9027
278287.5077
277908.0632
277496.1786
277049.3973
276565.5553
276043.0694
275481.0004
274878.8289
274236.0106
273551.4744
272823.2468
272048.3094
271222.7015
270341.7902
269400.5987
268394.0791
267317.2376
266165.0657
264932.295
263613.0549
262200.5479
260686.8393
259062.8104
257318.2578
255442.0609
253422.293
251246.1373
248899.4941
246366.2343
243627.1494
240658.7246
237431.8951
233910.94
230052.6421
225805.8335
221111.4543
215903.2838
210109.5253
203655.4429
196467.2322
188477.2638
179630.7338
169893.5965
159261.4251
147768.5632
135496.573
123880.9134
111669.2278
99020.93827
86146.03359
73346.74446
61003.92886
49478.85037
39082.88726
30029.98459
22406.80635
282182.9899
282120.5869
282048.0731
281968.1731
281883.8023
281796.6919
281707.032
281613.8407
281515.514
281410.293
281296.6105
281173.3206
281039.7761
280895.7196
280740.9994
280575.1941
280397.2924
280205.5765
279997.764
279771.34
279523.9193
279253.4729
278958.3186
278636.9027
278287.5077
277908.0632
277496.1786
277049.3973
276565.5553
276043.0694
275481.0004
274878.8289
274236.0106
273551.4744
272823.2468
272048.3094
271222.7015
270341.7902
269400.5987
268394.0791
267317.2376
266165.0657
264932.295
263613.0549
262200.5479
260686.8393
259062.8104
257318.2578
255442.0609
253422.293
251246.1373
248899.4941
246366.2343
243627.1494
240658.7246
237431.8951
233910.94
230052.6421
225805.8335
221111.4543
215903.2838
210109.5253
203655.4429
196467.2322
188477.2638
179630.7338
169893.5965
159261.4251
147768.5632
135496.573
122656.7514
110393.999
97734.27234
84919.94932
72237.49887
60030.82036
48665.2371
38433.17443
29534.58259
22056.65553
282182.9899
282120.5869
282048.0731
281968.1731
281883.8023
281796.6919
281707.032
281613.8407
281515.514
281410.293
281296.6105
281173.3206
281039.7761
280895.7196
280740.9994
280575.1941
280397.2924
280205.5765
279997.764
279771.34
279523.9193
279253.4729
278958.3186
278636.9027
278287.5077
277908.0632
277496.1786
277049.3973
276565.5553
276043.0694
275481.0004
274878.8289
274236.0106
273551.4744
272823.2468
272048.3094
271222.7015
270341.7902
269400.5987
268394.0791
267317.2376
266165.0657
264932.295
263613.0549
262200.5479
260686.8393
259062.8104
257318.2578
255442.0609
253422.293
251246.1373
248899.4941
246366.2343
243627.1494
240658.7246
237431.8951
233910.94
230052.6421
225805.8335
221111.4543
215903.2838
210109.5253
203655.4429
196467.2322
188477.2638
179630.7338
169893.5965
159261.4251
147768.5632
135496.573
122656.7514
109302.8547
96617.96424
83816.26395
71209.17532
59122.89085
47888.8812
37801.13163
29043.5286
21692.69821
282182.9899
282120.5869
282048.0731
281968.1731
281883.8023
281796.6919
281707.032
281613.8407
281515.514
281410.293
281296.6105
281173.3206
281039.7761
280895.7196
280740.9994
280575.1941
280397.2924
280205.5765
279997.764
279771.34
279523.9193
279253.4729
278958.3186
278636.9027
278287.5077
277908.0632
277496.1786
277049.3973
276565.5553
276043.0694
275481.0004
274878.8289
274236.0106
273551.4744
272823.2468
272048.3094
271222.7015
270341.7902
269400.5987
268394.0791
267317.2376
266165.0657
264932.295
263613.0549
262200.5479
260686.8393
259062.8104
257318.2578
255442.0609
253422.293
251246.1373
248899.4941
246366.2343
243627.1494
240658.7246
237431.8951
233910.94
230052.6421
225805.8335
221111.4543
215903.2838
210109.5253
203655.4429
196467.2322
188477.2638
179630.7338
169893.5965
159261.4251
147768.5632
135496.573
122656.7514
109302.8547
95662.73978
82858.73055
70283.46892
58281.0948
47164.53972
37198.0394
28565.8587
21331.98096
282182.9899
282120.5869
282048.0731
281968.1731
281883.8023
281796.6919
281707.032
281613.8407
281515.514
281410.293
281296.6105
281173.3206
281039.7761
280895.7196
280740.9994
280575.1941
280397.2924
280205.5765
279997.764
279771.34
279523.9193
279253.4729
278958.3186
278636.9027
278287.5077
277908.0632
277496.1786
277049.3973
276565.5553
276043.0694
275481.0004
274878.8289
274236.0106
273551.4744
272823.2468
272048.3094
271222.7015
270341.7902
269400.5987
268394.0791
267317.2376
266165.0657
264932.295
263613.0549
262200.5479
260686.8393
259062.8104
257318.2578
255442.0609
253422.293
251246.1373
248899.4941
246366.2343
243627.1494
240658.7246
237431.8951
233910.94
230052.6421
225805.8335
221111.4543
215903.2838
210109.5253
203655.4429
196467.2322
188477.2638
179630.7338
169893.5965
159261.4251
147768.5632
135496.573
122656.7514
109302.8547
95662.73978
82039.31453
69480.36492
57523.26905
46492.87819
36635.36363
28110.07373
20981.1138
282182.9899
282120.5869
282048.0731
281968.1731
281883.8023
281796.6919
281707.032
281613.8407
281515.514
281410.293
281296.6105
281173.3206
281039.7761
280895.7196
280740.9994
280575.1941
280397.2924
280205.5765
279997.764
279771.34
279523.9193
279253.4729
278958.3186
278636.9027
278287.5077
277908.0632
277496.1786
277049.3973
276565.5553
276043.0694
275481.0004
274878.8289
274236.0106
273551.4744
272823.2468
272048.3094
271222.7015
270341.7902
269400.5987
268394.0791
267317.2376
266165.0657
264932.295
263613.0549
262200.5479
260686.8393
259062.8104
257318.2578
255442.0609
253422.293
251246.1373
248899.4941
246366.2343
243627.1494
240658.7246
237431.8951
233910.94
230052.6421
225805.8335
221111.4543
215903.2838
210109.5253
203655.4429
196467.2322
188477.2638
179630.7338
169893.5965
159261.4251
147768.5632
135496.573
122656.7514
109302.8547
95662.73978
82039.31453
68793.05445
56865.82698
45888.18955
36113.54993
27684.84055
20646.32538
282182.9899
282120.5869
282048.0731
281968.1731
281883.8023
281796.6919
281707.032
281613.8407
281515.514
281410.293
281296.6105
281173.3206
281039.7761
280895.7196
280740.9994
280575.1941
280397.2924
280205.5765
279997.764
279771.34
279523.9193
279253.4729
278958.3186
278636.9027
278287.5077
277908.0632
277496.1786
277049.3973
276565.5553
276043.0694
275481.0004
274878.8289
274236.0106
273551.4744
272823.2468
272048.3094
271222.7015
270341.7902
269400.5987
268394.0791
267317.2376
266165.0657
264932.295
263613.0549
262200.5479
260686.8393
259062.8104
257318.2578
255442.0609
253422.293
251246.1373
248899.4941
246366.2343
243627.1494
240658.7246
237431.8951
233910.94
230052.6421
225805.8335
221111.4543
215903.2838
210109.5253
203655.4429
196467.2322
188477.2638
179630.7338
169893.5965
159261.4251
147768.5632
135496.573
122656.7514
109302.8547
95662.73978
82039.31453
68793.05445
56303.13581
45363.61208
35643.74791
27290.44656
20333.98276
282182.9899
282120.5869
282048.0731
281968.1731
281883.8023
281796.6919
281707.032
281613.8407
281515.514
281410.293
281296.6105
281173.3206
281039.7761
280895.7196
280740.9994
280575.1941
280397.2924
280205.5765
279997.764
279771.34
279523.9193
279253.4729
278958.3186
278636.9027
278287.5077
277908.0632
277496.1786
277049.3973
276565.5553
276043.0694
275481.0004
274878.8289
274236.0106
273551.4744
272823.2468
272048.3094
271222.7015
270341.7902
269400.5987
268394.0791
267317.2376
266165.0657
264932.295
263613.0549
262200.5479
260686.8393
259062.8104
257318.2578
255442.0609
253422.293
251246.1373
248899.4941
246366.2343
243627.1494
240658.7246
237431.8951
233910.94
230052.6421
225805.8335
221111.4543
215903.2838
210109.5253
203655.4429
196467.2322
188477.2638
179630.7338
169893.5965
159261.4251
147768.5632
135496.573
122656.7514
109302.8547
95662.73978
82039.31453
68793.05445
56303.13581
44914.60471
35236.19611
26935.35021
20044.26575
282182.9899
282120.5869
282048.0731
281968.1731
281883.8023
281796.6919
281707.032
281613.8407
281515.514
281410.293
281296.6105
281173.3206
281039.7761
280895.7196
280740.9994
280575.1941
280397.2924
280205.5765
279997.764
279771.34
279523.9193
279253.4729
278958.3186
278636.9027
278287.5077
277908.0632
277496.1786
277049.3973
276565.5553
276043.0694
275481.0004
274878.8289
274236.0106
273551.4744
272823.2468
272048.3094
271222.7015
270341.7902
269400.5987
268394.0791
267317.2376
266165.0657
264932.295
263613.0549
262200.5479
260686.8393
259062.8104
257318.2578
255442.0609
253422.293
251246.1373
248899.4941
246366.2343
243627.1494
240658.7246
237431.8951
233910.94
230052.6421
225805.8335
221111.4543
215903.2838
210109.5253
203655.4429
196467.2322
188477.2638
179630.7338
169893.5965
159261.4251
147768.5632
135496.573
122656.7514
109302.8547
95662.73978
82039.31453
68793.05445
56303.13581
44914.60471
34887.33178
26627.31162
19783.40773
282182.9899
282120.5869
282048.0731
281968.1731
281883.8023
281796.6919
281707.032
281613.8407
281515.514
281410.293
281296.6105
281173.3206
281039.7761
280895.7196
280740.9994
280575.1941
280397.2924
280205.5765
279997.764
279771.34
279523.9193
279253.4729
278958.3186
278636.9027
278287.5077
277908.0632
277496.1786
277049.3973
276565.5553
276043.0694
275481.0004
274878.8289
274236.0106
273551.4744
272823.2468
272048.3094
271222.7015
270341.7902
269400.5987
268394.0791
267317.2376
266165.0657
264932.295
263613.0549
262200.5479
260686.8393
259062.8104
257318.2578
255442.0609
253422.293
251246.1373
248899.4941
246366.2343
243627.1494
240658.7246
237431.8951
233910.94
230052.6421
225805.8335
221111.4543
215903.2838
210109.5253
203655.4429
196467.2322
188477.2638
179630.7338
169893.5965
159261.4251
147768.5632
135496.573
122656.7514
109302.8547
95662.73978
82039.31453
68793.05445
56303.13581
44914.60471
34887.33178
26363.614
19557.12297
282182.9899
282120.5869
282048.0731
281968.1731
281883.8023
281796.6919
281707.032
281613.8407
281515.514
281410.293
281296.6105
281173.3206
281039.7761
280895.7196
280740.9994
280575.1941
280397.2924
280205.5765
279997.764
279771.34
279523.9193
279253.4729
278958.3186
278636.9027
278287.5077
277908.0632
277496.1786
277049.3973
276565.5553
276043.0694
275481.0004
274878.8289
274236.0106
273551.4744
272823.2468
272048.3094
271222.7015
270341.7902
269400.5987
268394.0791
267317.2376
266165.0657
264932.295
263613.0549
262200.5479
260686.8393
259062.8104
257318.2578
255442.0609
253422.293
251246.1373
248899.4941
246366.2343
243627.1494
240658.7246
237431.8951
233910.94
230052.6421
225805.8335
221111.4543
215903.2838
210109.5253
203655.4429
196467.2322
188477.2638
179630.7338
169893.5965
159261.4251
147768.5632
135496.573
122656.7514
109302.8547
95662.73978
82039.31453
68793.05445
56303.13581
44914.60471
34887.33178
26363.614
19363.4005
282182.9899
282120.5869
282048.0731
281968.1731
281883.8023
281796.6919
281707.032
281613.8407
281515.514
281410.293
281296.6105
281173.3206
281039.7761
280895.7196
280740.9994
280575.1941
280397.2924
280205.5765
279997.764
279771.34
279523.9193
279253.4729
278958.3186
278636.9027
278287.5077
277908.0632
277496.1786
277049.3973
276565.5553
276043.0694
275481.0004
274878.8289
274236.0106
273551.4744
272823.2468
272048.3094
271222.7015
270341.7902
269400.5987
268394.0791
267317.2376
266165.0657
264932.295
263613.0549
262200.5479
260686.8393
259062.8104
257318.2578
255442.0609
253422.293
251246.1373
248899.4941
246366.2343
243627.1494
240658.7246
237431.8951
233910.94
230052.6421
225805.8335
221111.4543
215903.2838
210109.5253
203655.4429
196467.2322
188477.2638
179630.7338
169893.5965
159261.4251
147768.5632
135496.573
122656.7514
109302.8547
95662.73978
82039.31453
68793.05445
56303.13581
44914.60471
34887.33178
26363.614
19363.4005
282182.9899
282120.5869
282048.0731
281968.1731
281883.8023
281796.6919
281707.032
281613.8407
281515.514
281410.293
281296.6105
281173.3206
281039.7761
280895.7196
280740.9994
280575.1941
280397.2924
280205.5765
279997.764
279771.34
279523.9193
279253.4729
278958.3186
278636.9027
278287.5077
277908.0632
277496.1786
277049.3973
276565.5553
276043.0694
275481.0004
274878.8289
274236.0106
273551.4744
272823.2468
272048.3094
271222.7015
270341.7902
269400.5987
268394.0791
267317.2376
266165.0657
264932.295
263613.0549
262200.5479
260686.8393
259062.8104
257318.2578
255442.0609
253422.293
251246.1373
248899.4941
246366.2343
243627.1494
240658.7246
237431.8951
233910.94
230052.6421
225805.8335
221111.4543
215903.2838
210109.5253
203655.4429
196467.2322
188477.2638
179630.7338
169893.5965
159261.4251
147768.5632
135496.573
122656.7514
109302.8547
95662.73978
82039.31453
68793.05445
56303.13581
44914.60471
34887.33178
26363.614
19363.4005
282182.9899
282120.5869
282048.0731
281968.1731
281883.8023
281796.6919
281707.032
281613.8407
281515.514
281410.293
281296.6105
281173.3206
281039.7761
280895.7196
280740.9994
280575.1941
280397.2924
280205.5765
279997.764
279771.34
279523.9193
279253.4729
278958.3186
278636.9027
278287.5077
277908.0632
277496.1786
277049.3973
276565.5553
276043.0694
275481.0004
274878.8289
274236.0106
273551.4744
272823.2468
272048.3094
271222.7015
270341.7902
269400.5987
268394.0791
267317.2376
266165.0657
264932.295
263613.0549
262200.5479
260686.8393
259062.8104
257318.2578
255442.0609
253422.293
251246.1373
248899.4941
246366.2343
243627.1494
240658.7246
237431.8951
233910.94
230052.6421
225805.8335
221111.4543
215903.2838
210109.5253
203655.4429
196467.2322
188477.2638
179630.7338
169893.5965
159261.4251
147768.5632
135496.573
122656.7514
109302.8547
95662.73978
82039.31453
68793.05445
56303.13581
44914.60471
34887.33178
26363.614
19363.4005
282182.9899
282120.5869
282048.0731
281968.1731
281883.8023
281796.6919
281707.032
281613.8407
281515.514
281410.293
281296.6105
281173.3206
281039.7761
280895.7196
280740.9994
280575.1941
280397.2924
280205.5765
279997.764
279771.34
279523.9193
279253.4729
278958.3186
278636.9027
278287.5077
277908.0632
277496.1786
277049.3973
276565.5553
276043.0694
275481.0004
274878.8289
274236.0106
273551.4744
272823.2468
272048.3094
271222.7015
270341.7902
269400.5987
268394.0791
267317.2376
266165.0657
264932.295
263613.0549
262200.5479
260686.8393
259062.8104
257318.2578
255442.0609
253422.293
251246.1373
248899.4941
246366.2343
243627.1494
240658.7246
237431.8951
233910.94
230052.6421
225805.8335
221111.4543
215903.2838
210109.5253
203655.4429
196467.2322
188477.2638
179630.7338
169893.5965
159261.4251
147768.5632
135496.573
122656.7514
109302.8547
95662.73978
82039.31453
68793.05445
56303.13581
44914.60471
34887.33178
26363.614
19363.4005
282182.9899
282120.5869
282048.0731
281968.1731
281883.8023
281796.6919
281707.032
281613.8407
281515.514
281410.293
281296.6105
281173.3206
281039.7761
280895.7196
280740.9994
280575.1941
280397.2924
280205.5765
279997.764
279771.34
279523.9193
279253.4729
278958.3186
278636.9027
278287.5077
277908.0632
277496.1786
277049.3973
276565.5553
276043.0694
275481.0004
274878.8289
274236.0106
273551.4744
272823.2468
272048.3094
271222.7015
270341.7902
269400.5987
268394.0791
267317.2376
266165.0657
264932.295
263613.0549
262200.5479
260686.8393
259062.8104
257318.2578
255442.0609
253422.293
251246.1373
248899.4941
246366.2343
243627.1494
240658.7246
237431.8951
233910.94
230052.6421
225805.8335
221111.4543
215903.2838
210109.5253
203655.4429
196467.2322
188477.2638
179630.7338
169893.5965
159261.4251
147768.5632
135496.573
122656.7514
109302.8547
95662.73978
82039.31453
68793.05445
56303.13581
44914.60471
34887.33178
26363.614
19363.4005
282182.9899
282120.5869
282048.0731
281968.1731
281883.8023
281796.6919
281707.032
281613.8407
281515.514
281410.293
281296.6105
281173.3206
281039.7761
280895.7196
280740.9994
280575.1941
280397.2924
280205.5765
279997.764
279771.34
279523.9193
279253.4729
278958.3186
278636.9027
278287.5077
277908.0632
277496.1786
277049.3973
276565.5553
276043.0694
275481.0004
274878.8289
274236.0106
273551.4744
272823.2468
272048.3094
271222.7015
270341.7902
269400.5987
268394.0791
267317.2376
266165.0657
264932.295
263613.0549
262200.5479
260686.8393
259062.8104
257318.2578
255442.0609
253422.293
251246.1373
248899.4941
246366.2343
243627.1494
240658.7246
237431.8951
233910.94
230052.6421
225805.8335
221111.4543
215903.2838
210109.5253
203655.4429
196467.2322
188477.2638
179630.7338
169893.5965
159261.4251
147768.5632
135496.573
122656.7514
109302.8547
95662.73978
82039.31453
68793.05445
56303.13581
44914.60471
34887.33178
26363.614
19363.4005
282182.9899
282120.5869
282048.0731
281968.1731
281883.8023
281796.6919
281707.032
281613.8407
281515.514
281410.293
281296.6105
281173.3206
281039.7761
280895.7196
280740.9994
280575.1941
280397.2924
280205.5765
279997.764
279771.34
279523.9193
279253.4729
278958.3186
278636.9027
278287.5077
277908.0632
277496.1786
277049.3973
276565.5553
276043.0694
275481.0004
274878.8289
274236.0106
273551.4744
272823.2468
272048.3094
271222.7015
270341.7902
269400.5987
268394.0791
267317.2376
266165.0657
264932.295
263613.0549
262200.5479
260686.8393
259062.8104
257318.2578
255442.0609
253422.293
251246.1373
248899.4941
246366.2343
243627.1494
240658.7246
237431.8951
233910.94
230052.6421
225805.8335
221111.4543
215903.2838
210109.5253
203655.4429
196467.2322
188477.2638
179630.7338
169893.5965
159261.4251
147768.5632
135496.573
122656.7514
109302.8547
95662.73978
82039.31453
68793.05445
56303.13581
44914.60471
34887.33178
26363.614
19363.4005
282182.9899
282120.5869
282048.0731
281968.1731
281883.8023
281796.6919
281707.032
281613.8407
281515.514
281410.293
281296.6105
281173.3206
281039.7761
280895.7196
280740.9994
280575.1941
280397.2924
280205.5765
279997.764
279771.34
279523.9193
279253.4729
278958.3186
278636.9027
278287.5077
277908.0632
277496.1786
277049.3973
276565.5553
276043.0694
275481.0004
274878.8289
274236.0106
273551.4744
272823.2468
272048.3094
271222.7015
270341.7902
269400.5987
268394.0791
267317.2376
266165.0657
264932.295
263613.0549
262200.5479
260686.8393
259062.8104
257318.2578
255442.0609
253422.293
251246.1373
248899.4941
246366.2343
243627.1494
240658.7246
237431.8951
233910.94
230052.6421
225805.8335
221111.4543
215903.2838
210109.5253
203655.4429
196467.2322
188477.2638
179630.7338
169893.5965
159261.4251
147768.5632
135496.573
122656.7514
109302.8547
95662.73978
82039.31453
68793.05445
56303.13581
44914.60471
34887.33178
26363.614
19363.4005
282182.9899
282120.5869
282048.0731
281968.1731
281883.8023
281796.6919
281707.032
281613.8407
281515.514
281410.293
281296.6105
281173.3206
281039.7761
280895.7196
280740.9994
280575.1941
280397.2924
280205.5765
279997.764
279771.34
279523.9193
279253.4729
278958.3186
278636.9027
278287.5077
277908.0632
277496.1786
277049.3973
276565.5553
276043.0694
275481.0004
274878.8289
274236.0106
273551.4744
272823.2468
272048.3094
271222.7015
270341.7902
269400.5987
268394.0791
267317.2376
266165.0657
264932.295
263613.0549
262200.5479
260686.8393
259062.8104
257318.2578
255442.0609
253422.293
251246.1373
248899.4941
246366.2343
243627.1494
240658.7246
237431.8951
233910.94
230052.6421
225805.8335
221111.4543
215903.2838
210109.5253
203655.4429
196467.2322
188477.2638
179630.7338
169893.5965
159261.4251
147768.5632
135496.573
122656.7514
109302.8547
95662.73978
82039.31453
68793.05445
56303.13581
44914.60471
34887.33178
26363.614
19363.4005
282182.9899
282120.5869
282048.0731
281968.1731
281883.8023
281796.6919
281707.032
281613.8407
281515.514
281410.293
281296.6105
281173.3206
281039.7761
280895.7196
280740.9994
280575.1941
280397.2924
280205.5765
279997.764
279771.34
279523.9193
279253.4729
278958.3186
278636.9027
278287.5077
277908.0632
277496.1786
277049.3973
276565.5553
276043.0694
275481.0004
274878.8289
274236.0106
273551.4744
272823.2468
272048.3094
271222.7015
270341.7902
269400.5987
268394.0791
267317.2376
266165.0657
264932.295
263613.0549
262200.5479
260686.8393
259062.8104
257318.2578
255442.0609
253422.293
251246.1373
248899.4941
246366.2343
243627.1494
240658.7246
237431.8951
233910.94
230052.6421
225805.8335
221111.4543
215903.2838
210109.5253
203655.4429
196467.2322
188477.2638
179630.7338
169893.5965
159261.4251
147768.5632
135496.573
122656.7514
109302.8547
95662.73978
82039.31453
68793.05445
56303.13581
44914.60471
34887.33178
26363.614
19363.4005
282182.9899
282120.5869
282048.0731
281968.1731
281883.8023
281796.6919
281707.032
281613.8407
281515.514
281410.293
281296.6105
281173.3206
281039.7761
280895.7196
280740.9994
280575.1941
280397.2924
280205.5765
279997.764
279771.34
279523.9193
279253.4729
278958.3186
278636.9027
278287.5077
277908.0632
277496.1786
277049.3973
276565.5553
276043.0694
275481.0004
274878.8289
274236.0106
273551.4744
272823.2468
272048.3094
271222.7015
270341.7902
269400.5987
268394.0791
267317.2376
266165.0657
264932.295
263613.0549
262200.5479
260686.8393
259062.8104
257318.2578
255442.0609
253422.293
251246.1373
248899.4941
246366.2343
243627.1494
240658.7246
237431.8951
233910.94
230052.6421
225805.8335
221111.4543
215903.2838
210109.5253
203655.4429
196467.2322
188477.2638
179630.7338
169893.5965
159261.4251
147768.5632
135496.573
122656.7514
109302.8547
95662.73978
82039.31453
68793.05445
56303.13581
44914.60471
34887.33178
26363.614
19363.4005
282182.9899
282120.5869
282048.0731
281968.1731
281883.8023
281796.6919
281707.032
281613.8407
281515.514
281410.293
281296.6105
281173.3206
281039.7761
280895.7196
280740.9994
280575.1941
280397.2924
280205.5765
279997.764
279771.34
279523.9193
279253.4729
278958.3186
278636.9027
278287.5077
277908.0632
277496.1786
277049.3973
276565.5553
276043.0694
275481.0004
274878.8289
274236.0106
273551.4744
272823.2468
272048.3094
271222.7015
270341.7902
269400.5987
268394.0791
267317.2376
266165.0657
264932.295
263613.0549
262200.5479
260686.8393
259062.8104
257318.2578
255442.0609
253422.293
251246.1373
248899.4941
246366.2343
243627.1494
240658.7246
237431.8951
233910.94
230052.6421
225805.8335
221111.4543
215903.2838
210109.5253
203655.4429
196467.2322
188477.2638
179630.7338
169893.5965
159261.4251
147768.5632
135496.573
122656.7514
109302.8547
95662.73978
82039.31453
68793.05445
56303.13581
44914.60471
34887.33178
26363.614
19363.4005
282182.9899
282120.5869
282048.0731
281968.1731
281883.8023
281796.6919
281707.032
281613.8407
281515.514
281410.293
281296.6105
281173.3206
281039.7761
280895.7196
280740.9994
280575.1941
280397.2924
280205.5765
279997.764
279771.34
279523.9193
279253.4729
278958.3186
278636.9027
278287.5077
277908.0632
277496.1786
277049.3973
276565.5553
276043.0694
275481.0004
274878.8289
274236.0106
273551.4744
272823.2468
272048.3094
271222.7015
270341.7902
269400.5987
268394.0791
267317.2376
266165.0657
264932.295
263613.0549
262200.5479
260686.8393
259062.8104
257318.2578
255442.0609
253422.293
251246.1373
248899.4941
246366.2343
243627.1494
240658.7246
237431.8951
233910.94
230052.6421
225805.8335
221111.4543
215903.2838
210109.5253
203655.4429
196467.2322
188477.2638
179630.7338
169893.5965
159261.4251
147768.5632
135496.573
122656.7514
109302.8547
95662.73978
82039.31453
68793.05445
56303.13581
44914.60471
34887.33178
26363.614
19363.4005
282182.9899
282120.5869
282048.0731
281968.1731
281883.8023
281796.6919
281707.032
281613.8407
281515.514
281410.293
281296.6105
281173.3206
281039.7761
280895.7196
280740.9994
280575.1941
280397.2924
280205.5765
279997.764
279771.34
279523.9193
279253.4729
278958.3186
278636.9027
278287.5077
277908.0632
277496.1786
277049.3973
276565.5553
276043.0694
275481.0004
274878.8289
274236.0106
273551.4744
272823.2468
272048.3094
271222.7015
270341.7902
269400.5987
268394.0791
267317.2376
266165.0657
264932.295
263613.0549
262200.5479
260686.8393
259062.8104
257318.2578
255442.0609
253422.293
251246.1373
248899.4941
246366.2343
243627.1494
240658.7246
237431.8951
233910.94
230052.6421
225805.8335
221111.4543
215903.2838
210109.5253
203655.4429
196467.2322
188477.2638
179630.7338
169893.5965
159261.4251
147768.5632
135496.573
122656.7514
109302.8547
95662.73978
82039.31453
68793.05445
56303.13581
44914.60471
34887.33178
26363.614
19363.4005
282182.9899
282120.5869
282048.0731
281968.1731
281883.8023
281796.6919
281707.032
281613.8407
281515.514
281410.293
281296.6105
281173.3206
281039.7761
280895.7196
280740.9994
280575.1941
280397.2924
280205.5765
279997.764
279771.34
279523.9193
279253.4729
278958.3186
278636.9027
278287.5077
277908.0632
277496.1786
277049.3973
276565.5553
276043.0694
275481.0004
274878.8289
274236.0106
273551.4744
272823.2468
272048.3094
271222.7015
270341.7902
269400.5987
268394.0791
267317.2376
266165.0657
264932.295
263613.0549
262200.5479
260686.8393
259062.8104
257318.2578
255442.0609
253422.293
251246.1373
248899.4941
246366.2343
243627.1494
240658.7246
237431.8951
233910.94
230052.6421
225805.8335
221111.4543
215903.2838
210109.5253
203655.4429
196467.2322
188477.2638
179630.7338
169893.5965
159261.4251
147768.5632
135496.573
122656.7514
109302.8547
95662.73978
82039.31453
68793.05445
56303.13581
44914.60471
34887.33178
26363.614
19363.4005
282182.9899
282120.5869
282048.0731
281968.1731
281883.8023
281796.6919
281707.032
281613.8407
281515.514
281410.293
281296.6105
281173.3206
281039.7761
280895.7196
280740.9994
280575.1941
280397.2924
280205.5765
279997.764
279771.34
279523.9193
279253.4729
278958.3186
278636.9027
278287.5077
277908.0632
277496.1786
277049.3973
276565.5553
276043.0694
275481.0004
274878.8289
274236.0106
273551.4744
272823.2468
272048.3094
271222.7015
270341.7902
269400.5987
268394.0791
267317.2376
266165.0657
264932.295
263613.0549
262200.5479
260686.8393
259062.8104
257318.2578
255442.0609
253422.293
251246.1373
248899.4941
246366.2343
243627.1494
240658.7246
237431.8951
233910.94
230052.6421
225805.8335
221111.4543
215903.2838
210109.5253
203655.4429
196467.2322
188477.2638
179630.7338
169893.5965
159261.4251
147768.5632
135496.573
122656.7514
109302.8547
95662.73978
82039.31453
68793.05445
56303.13581
44914.60471
34887.33178
26363.614
19363.4005
282182.9899
282120.5869
282048.0731
281968.1731
281883.8023
281796.6919
281707.032
281613.8407
281515.514
281410.293
281296.6105
281173.3206
281039.7761
280895.7196
280740.9994
280575.1941
280397.2924
280205.5765
279997.764
279771.34
279523.9193
279253.4729
278958.3186
278636.9027
278287.5077
277908.0632
277496.1786
277049.3973
276565.5553
276043.0694
275481.0004
274878.8289
274236.0106
273551.4744
272823.2468
272048.3094
271222.7015
270341.7902
269400.5987
268394.0791
267317.2376
266165.0657
264932.295
263613.0549
262200.5479
260686.8393
259062.8104
257318.2578
255442.0609
253422.293
251246.1373
248899.4941
246366.2343
243627.1494
240658.7246
237431.8951
233910.94
230052.6421
225805.8335
221111.4543
215903.2838
210109.5253
203655.4429
196467.2322
188477.2638
179630.7338
169893.5965
159261.4251
147768.5632
135496.573
122656.7514
109302.8547
95662.73978
82039.31453
68793.05445
56303.13581
44914.60471
34887.33178
26363.614
19363.4005
282182.9899
282120.5869
282048.0731
281968.1731
281883.8023
281796.6919
281707.032
281613.8407
281515.514
281410.293
281296.6105
281173.3206
281039.7761
280895.7196
280740.9994
280575.1941
280397.2924
280205.5765
279997.764
279771.34
279523.9193
279253.4729
278958.3186
278636.9027
278287.5077
277908.0632
277496.1786
277049.3973
276565.5553
276043.0694
275481.0004
274878.8289
274236.0106
273551.4744
272823.2468
272048.3094
271222.7015
270341.7902
269400.5987
268394.0791
267317.2376
266165.0657
264932.295
263613.0549
262200.5479
260686.8393
259062.8104
257318.2578
255442.0609
253422.293
251246.1373
248899.4941
246366.2343
243627.1494
240658.7246
237431.8951
233910.94
230052.6421
225805.8335
221111.4543
215903.2838
210109.5253
203655.4429
196467.2322
188477.2638
179630.7338
169893.5965
159261.4251
147768.5632
135496.573
122656.7514
109302.8547
95662.73978
82039.31453
68793.05445
56303.13581
44914.60471
34887.33178
26363.614
19363.4005
282182.9899
282120.5869
282048.0731
281968.1731
281883.8023
281796.6919
281707.032
281613.8407
281515.514
281410.293
281296.6105
281173.3206
281039.7761
280895.7196
280740.9994
280575.1941
280397.2924
280205.5765
279997.764
279771.34
279523.9193
279253.4729
278958.3186
278636.9027
278287.5077
277908.0632
277496.1786
277049.3973
276565.5553
276043.0694
275481.0004
274878.8289
274236.0106
273551.4744
272823.2468
272048.3094
271222.7015
270341.7902
269400.5987
268394.0791
267317.2376
266165.0657
264932.295
263613.0549
262200.5479
260686.8393
259062.8104
257318.2578
255442.0609
253422.293
251246.1373
248899.4941
246366.2343
243627.1494
240658.7246
237431.8951
233910.94
230052.6421
225805.8335
221111.4543
215903.2838
210109.5253
203655.4429
196467.2322
188477.2638
179630.7338
169893.5965
159261.4251
147768.5632
135496.573
122656.7514
109302.8547
95662.73978
82039.31453
68793.05445
56303.13581
44914.60471
34887.33178
26363.614
19363.4005
282182.9899
282120.5869
282048.0731
281968.1731
281883.8023
281796.6919
281707.032
281613.8407
281515.514
281410.293
281296.6105
281173.3206
281039.7761
280895.7196
280740.9994
280575.1941
280397.2924
280205.5765
279997.764
279771.34
279523.9193
279253.4729
278958.3186
278636.9027
278287.5077
277908.0632
277496.1786
277049.3973
276565.5553
276043.0694
275481.0004
274878.8289
274236.0106
273551.4744
272823.2468
272048.3094
271222.7015
270341.7902
269400.5987
268394.0791
267317.2376
266165.0657
264932.295
263613.0549
262200.5479
260686.8393
259062.8104
257318.2578
255442.0609
253422.293
251246.1373
248899.4941
246366.2343
243627.1494
240658.7246
237431.8951
233910.94
230052.6421
225805.8335
221111.4543
215903.2838
210109.5253
203655.4429
196467.2322
188477.2638
179630.7338
169893.5965
159261.4251
147768.5632
135496.573
122656.7514
109302.8547
95662.73978
82039.31453
68793.05445
56303.13581
44914.60471
34887.33178
26363.614
19363.4005
282182.9899
282120.5869
282048.0731
281968.1731
281883.8023
281796.6919
281707.032
281613.8407
281515.514
281410.293
281296.6105
281173.3206
281039.7761
280895.7196
280740.9994
280575.1941
280397.2924
280205.5765
279997.764
279771.34
279523.9193
279253.4729
278958.3186
278636.9027
278287.5077
277908.0632
277496.1786
277049.3973
276565.5553
276043.0694
275481.0004
274878.8289
274236.0106
273551.4744
272823.2468
272048.3094
271222.7015
270341.7902
269400.5987
268394.0791
267317.2376
266165.0657
264932.295
263613.0549
262200.5479
260686.8393
259062.8104
257318.2578
255442.0609
253422.293
251246.1373
248899.4941
246366.2343
243627.1494
240658.7246
237431.8951
233910.94
230052.6421
225805.8335
221111.4543
215903.2838
210109.5253
203655.4429
196467.2322
188477.2638
179630.7338
169893.5965
159261.4251
147768.5632
135496.573
122656.7514
109302.8547
95662.73978
82039.31453
68793.05445
56303.13581
44914.60471
34887.33178
26363.614
19363.4005
282182.9899
282120.5869
282048.0731
281968.1731
281883.8023
281796.6919
281707.032
281613.8407
281515.514
281410.293
281296.6105
281173.3206
281039.7761
280895.7196
280740.9994
280575.1941
280397.2924
280205.5765
279997.764
279771.34
279523.9193
279253.4729
278958.3186
278636.9027
278287.5077
277908.0632
277496.1786
277049.3973
276565.5553
276043.0694
275481.0004
274878.8289
274236.0106
273551.4744
272823.2468
272048.3094
271222.7015
270341.7902
269400.5987
268394.0791
267317.2376
266165.0657
264932.295
263613.0549
262200.5479
260686.8393
259062.8104
257318.2578
255442.0609
253422.293
251246.1373
248899.4941
246366.2343
243627.1494
240658.7246
237431.8951
233910.94
230052.6421
225805.8335
221111.4543
215903.2838
210109.5253
203655.4429
196467.2322
188477.2638
179630.7338
169893.5965
159261.4251
147768.5632
135496.573
122656.7514
109302.8547
95662.73978
82039.31453
68793.05445
56303.13581
44914.60471
34887.33178
26363.614
19363.4005
282182.9899
282120.5869
282048.0731
281968.1731
281883.8023
281796.6919
281707.032
281613.8407
281515.514
281410.293
281296.6105
281173.3206
281039.7761
280895.7196
280740.9994
280575.1941
280397.2924
280205.5765
279997.764
279771.34
279523.9193
279253.4729
278958.3186
278636.9027
278287.5077
277908.0632
277496.1786
277049.3973
276565.5553
276043.0694
275481.0004
274878.8289
274236.0106
273551.4744
272823.2468
272048.3094
271222.7015
270341.7902
269400.5987
268394.0791
267317.2376
266165.0657
264932.295
263613.0549
262200.5479
260686.8393
259062.8104
257318.2578
255442.0609
253422.293
251246.1373
248899.4941
246366.2343
243627.1494
240658.7246
237431.8951
233910.94
230052.6421
225805.8335
221111.4543
215903.2838
210109.5253
203655.4429
196467.2322
188477.2638
179630.7338
169893.5965
159261.4251
147768.5632
135496.573
122656.7514
109302.8547
95662.73978
82039.31453
68793.05445
56303.13581
44914.60471
34887.33178
26363.614
19363.4005
282182.9899
282120.5869
282048.0731
281968.1731
281883.8023
281796.6919
281707.032
281613.8407
281515.514
281410.293
281296.6105
281173.3206
281039.7761
280895.7196
280740.9994
280575.1941
280397.2924
280205.5765
279997.764
279771.34
279523.9193
279253.4729
278958.3186
278636.9027
278287.5077
277908.0632
277496.1786
277049.3973
276565.5553
276043.0694
275481.0004
274878.8289
274236.0106
273551.4744
272823.2468
272048.3094
271222.7015
270341.7902
269400.5987
268394.0791
267317.2376
266165.0657
264932.295
263613.0549
262200.5479
260686.8393
259062.8104
257318.2578
255442.0609
253422.293
251246.1373
248899.4941
246366.2343
243627.1494
240658.7246
237431.8951
233910.94
230052.6421
225805.8335
221111.4543
215903.2838
210109.5253
203655.4429
196467.2322
188477.2638
179630.7338
169893.5965
159261.4251
147768.5632
135496.573
122656.7514
109302.8547
95662.73978
82039.31453
68793.05445
56303.13581
44914.60471
34887.33178
26363.614
19363.4005
282182.9899
282120.5869
282048.0731
281968.1731
281883.8023
281796.6919
281707.032
281613.8407
281515.514
281410.293
281296.6105
281173.3206
281039.7761
280895.7196
280740.9994
280575.1941
280397.2924
280205.5765
279997.764
279771.34
279523.9193
279253.4729
278958.3186
278636.9027
278287.5077
277908.0632
277496.1786
277049.3973
276565.5553
276043.0694
275481.0004
274878.8289
274236.0106
273551.4744
272823.2468
272048.3094
271222.7015
270341.7902
269400.5987
268394.0791
267317.2376
266165.0657
264932.295
263613.0549
262200.5479
260686.8393
259062.8104
257318.2578
255442.0609
253422.293
251246.1373
248899.4941
246366.2343
243627.1494
240658.7246
237431.8951
233910.94
230052.6421
225805.8335
221111.4543
215903.2838
210109.5253
203655.4429
196467.2322
188477.2638
179630.7338
169893.5965
159261.4251
147768.5632
135496.573
122656.7514
109302.8547
95662.73978
82039.31453
68793.05445
56303.13581
44914.60471
34887.33178
26363.614
19363.4005
282182.9899
282120.5869
282048.0731
281968.1731
281883.8023
281796.6919
281707.032
281613.8407
281515.514
281410.293
281296.6105
281173.3206
281039.7761
280895.7196
280740.9994
280575.1941
280397.2924
280205.5765
279997.764
279771.34
279523.9193
279253.4729
278958.3186
278636.9027
278287.5077
277908.0632
277496.1786
277049.3973
276565.5553
276043.0694
275481.0004
274878.8289
274236.0106
273551.4744
272823.2468
272048.3094
271222.7015
270341.7902
269400.5987
268394.0791
267317.2376
266165.0657
264932.295
263613.0549
262200.5479
260686.8393
259062.8104
257318.2578
255442.0609
253422.293
251246.1373
248899.4941
246366.2343
243627.1494
240658.7246
237431.8951
233910.94
230052.6421
225805.8335
221111.4543
215903.2838
210109.5253
203655.4429
196467.2322
188477.2638
179630.7338
169893.5965
159261.4251
147768.5632
135496.573
122656.7514
109302.8547
95662.73978
82039.31453
68793.05445
56303.13581
44914.60471
34887.33178
26363.614
19363.4005
282182.9899
282120.5869
282048.0731
281968.1731
281883.8023
281796.6919
281707.032
281613.8407
281515.514
281410.293
281296.6105
281173.3206
281039.7761
280895.7196
280740.9994
280575.1941
280397.2924
280205.5765
279997.764
279771.34
279523.9193
279253.4729
278958.3186
278636.9027
278287.5077
277908.0632
277496.1786
277049.3973
276565.5553
276043.0694
275481.0004
274878.8289
274236.0106
273551.4744
272823.2468
272048.3094
271222.7015
270341.7902
269400.5987
268394.0791
267317.2376
266165.0657
264932.295
263613.0549
262200.5479
260686.8393
259062.8104
257318.2578
255442.0609
253422.293
251246.1373
248899.4941
246366.2343
243627.1494
240658.7246
237431.8951
233910.94
230052.6421
225805.8335
221111.4543
215903.2838
210109.5253
203655.4429
196467.2322
188477.2638
179630.7338
169893.5965
159261.4251
147768.5632
135496.573
122656.7514
109302.8547
95662.73978
82039.31453
68793.05445
56303.13581
44914.60471
34887.33178
26363.614
19363.4005
282182.9899
282120.5869
282048.0731
281968.1731
281883.8023
281796.6919
281707.032
281613.8407
281515.514
281410.293
281296.6105
281173.3206
281039.7761
280895.7196
280740.9994
280575.1941
280397.2924
280205.5765
279997.764
279771.34
279523.9193
279253.4729
278958.3186
278636.9027
278287.5077
277908.0632
277496.1786
277049.3973
276565.5553
276043.0694
275481.0004
274878.8289
274236.0106
273551.4744
272823.2468
272048.3094
271222.7015
270341.7902
269400.5987
268394.0791
267317.2376
266165.0657
264932.295
263613.0549
262200.5479
260686.8393
259062.8104
257318.2578
255442.0609
253422.293
251246.1373
248899.4941
246366.2343
243627.1494
240658.7246
237431.8951
233910.94
230052.6421
225805.8335
221111.4543
215903.2838
210109.5253
203655.4429
196467.2322
188477.2638
179630.7338
169893.5965
159261.4251
147768.5632
135496.573
122656.7514
109302.8547
95662.73978
82039.31453
68793.05445
56303.13581
44914.60471
34887.33178
26363.614
19363.4005
282182.9899
282120.5869
282048.0731
281968.1731
281883.8023
281796.6919
281707.032
281613.8407
281515.514
281410.293
281296.6105
281173.3206
281039.7761
280895.7196
280740.9994
280575.1941
280397.2924
280205.5765
279997.764
279771.34
279523.9193
279253.4729
278958.3186
278636.9027
278287.5077
277908.0632
277496.1786
277049.3973
276565.5553
276043.0694
275481.0004
274878.8289
274236.0106
273551.4744
272823.2468
272048.3094
271222.7015
270341.7902
269400.5987
268394.0791
267317.2376
266165.0657
264932.295
263613.0549
262200.5479
260686.8393
259062.8104
257318.2578
255442.0609
253422.293
251246.1373
248899.4941
246366.2343
243627.1494
240658.7246
237431.8951
233910.94
230052.6421
225805.8335
221111.4543
215903.2838
210109.5253
203655.4429
196467.2322
188477.2638
179630.7338
169893.5965
159261.4251
147768.5632
135496.573
122656.7514
109302.8547
95662.73978
82039.31453
68793.05445
56303.13581
44914.60471
34887.33178
26363.614
19363.4005
282182.9899
282120.5869
282048.0731
281968.1731
281883.8023
281796.6919
281707.032
281613.8407
281515.514
281410.293
281296.6105
281173.3206
281039.7761
280895.7196
280740.9994
280575.1941
280397.2924
280205.5765
279997.764
279771.34
279523.9193
279253.4729
278958.3186
278636.9027
278287.5077
277908.0632
277496.1786
277049.3973
276565.5553
276043.0694
275481.0004
274878.8289
274236.0106
273551.4744
272823.2468
272048.3094
271222.7015
270341.7902
269400.5987
268394.0791
267317.2376
266165.0657
264932.295
263613.0549
262200.5479
260686.8393
259062.8104
257318.2578
255442.0609
253422.293
251246.1373
248899.4941
246366.2343
243627.1494
240658.7246
237431.8951
233910.94
230052.6421
225805.8335
221111.4543
215903.2838
210109.5253
203655.4429
196467.2322
188477.2638
179630.7338
169893.5965
159261.4251
147768.5632
135496.573
122656.7514
109302.8547
95662.73978
82039.31453
68793.05445
56303.13581
44914.60471
34887.33178
26363.614
19363.4005
282182.9899
282120.5869
282048.0731
281968.1731
281883.8023
281796.6919
281707.032
281613.8407
281515.514
281410.293
281296.6105
281173.3206
281039.7761
280895.7196
280740.9994
280575.1941
280397.2924
280205.5765
279997.764
279771.34
279523.9193
279253.4729
278958.3186
278636.9027
278287.5077
277908.0632
277496.1786
277049.3973
276565.5553
276043.0694
275481.0004
274878.8289
274236.0106
273551.4744
272823.2468
272048.3094
271222.7015
270341.7902
269400.5987
268394.0791
267317.2376
266165.0657
264932.295
263613.0549
262200.5479
260686.8393
259062.8104
257318.2578
255442.0609
253422.293
251246.1373
248899.4941
246366.2343
243627.1494
240658.7246
237431.8951
233910.94
230052.6421
225805.8335
221111.4543
215903.2838
210109.5253
203655.4429
196467.2322
188477.2638
179630.7338
169893.5965
159261.4251
147768.5632
135496.573
122656.7514
109302.8547
95662.73978
82039.31453
68793.05445
56303.13581
44914.60471
34887.33178
26363.614
19363.4005
282182.9899
282120.5869
282048.0731
281968.1731
281883.8023
281796.6919
281707.032
281613.8407
281515.514
281410.293
281296.6105
281173.3206
281039.7761
280895.7196
280740.9994
280575.1941
280397.2924
280205.5765
279997.764
279771.34
279523.9193
279253.4729
278958.3186
278636.9027
278287.5077
277908.0632
277496.1786
277049.3973
276565.5553
276043.0694
275481.0004
274878.8289
274236.0106
273551.4744
272823.2468
272048.3094
271222.7015
270341.7902
269400.5987
268394.0791
267317.2376
266165.0657
264932.295
263613.0549
262200.5479
260686.8393
259062.8104
257318.2578
255442.0609
253422.293
251246.1373
248899.4941
246366.2343
243627.1494
240658.7246
237431.8951
233910.94
230052.6421
225805.8335
221111.4543
215903.2838
210109.5253
203655.4429
196467.2322
188477.2638
179630.7338
169893.5965
159261.4251
147768.5632
135496.573
122656.7514
109302.8547
95662.73978
82039.31453
68793.05445
56303.13581
44914.60471
34887.33178
26363.614
19363.4005
282182.9899
282120.5869
282048.0731
281968.1731
281883.8023
281796.6919
281707.032
281613.8407
281515.514
281410.293
281296.6105
281173.3206
281039.7761
280895.7196
280740.9994
280575.1941
280397.2924
280205.5765
279997.764
279771.34
279523.9193
279253.4729
278958.3186
278636.9027
278287.5077
277908.0632
277496.1786
277049.3973
276565.5553
276043.0694
275481.0004
274878.8289
274236.0106
273551.4744
272823.2468
272048.3094
271222.7015
270341.7902
269400.5987
268394.0791
267317.2376
266165.0657
264932.295
263613.0549
262200.5479
260686.8393
259062.8104
257318.2578
255442.0609
253422.293
251246.1373
248899.4941
246366.2343
243627.1494
240658.7246
237431.8951
233910.94
230052.6421
225805.8335
221111.4543
215903.2838
210109.5253
203655.4429
196467.2322
188477.2638
179630.7338
169893.5965
159261.4251
147768.5632
135496.573
122656.7514
109302.8547
95662.73978
82039.31453
68793.05445
56303.13581
44914.60471
34887.33178
26363.614
19363.4005
282182.9899
282120.5869
282048.0731
281968.1731
281883.8023
281796.6919
281707.032
281613.8407
281515.514
281410.293
281296.6105
281173.3206
281039.7761
280895.7196
280740.9994
280575.1941
280397.2924
280205.5765
279997.764
279771.34
279523.9193
279253.4729
278958.3186
278636.9027
278287.5077
277908.0632
277496.1786
277049.3973
276565.5553
276043.0694
275481.0004
274878.8289
274236.0106
273551.4744
272823.2468
272048.3094
271222.7015
270341.7902
269400.5987
268394.0791
267317.2376
266165.0657
264932.295
263613.0549
262200.5479
260686.8393
259062.8104
257318.2578
255442.0609
253422.293
251246.1373
248899.4941
246366.2343
243627.1494
240658.7246
237431.8951
233910.94
230052.6421
225805.8335
221111.4543
215903.2838
210109.5253
203655.4429
196467.2322
188477.2638
179630.7338
169893.5965
159261.4251
147768.5632
135496.573
122656.7514
109302.8547
95662.73978
82039.31453
68793.05445
56303.13581
44914.60471
34887.33178
26363.614
19363.4005
282182.9899
282120.5869
282048.0731
281968.1731
281883.8023
281796.6919
281707.032
281613.8407
281515.514
281410.293
281296.6105
281173.3206
281039.7761
280895.7196
280740.9994
280575.1941
280397.2924
280205.5765
279997.764
279771.34
279523.9193
279253.4729
278958.3186
278636.9027
278287.5077
277908.0632
277496.1786
277049.3973
276565.5553
276043.0694
275481.0004
274878.8289
274236.0106
273551.4744
272823.2468
272048.3094
271222.7015
270341.7902
269400.5987
268394.0791
267317.2376
266165.0657
264932.295
263613.0549
262200.5479
260686.8393
259062.8104
257318.2578
255442.0609
253422.293
251246.1373
248899.4941
246366.2343
243627.1494
240658.7246
237431.8951
233910.94
230052.6421
225805.8335
221111.4543
215903.2838
210109.5253
203655.4429
196467.2322
188477.2638
179630.7338
169893.5965
159261.4251
147768.5632
135496.573
122656.7514
109302.8547
95662.73978
82039.31453
68793.05445
56303.13581
44914.60471
34887.33178
26363.614
19363.4005
282182.9899
282120.5869
282048.0731
281968.1731
281883.8023
281796.6919
281707.032
281613.8407
281515.514
281410.293
281296.6105
281173.3206
281039.7761
280895.7196
280740.9994
280575.1941
280397.2924
280205.5765
279997.764
279771.34
279523.9193
279253.4729
278958.3186
278636.9027
278287.5077
277908.0632
277496.1786
277049.3973
276565.5553
276043.0694
275481.0004
274878.8289
274236.0106
273551.4744
272823.2468
272048.3094
271222.7015
270341.7902
269400.5987
268394.0791
267317.2376
266165.0657
264932.295
263613.0549
262200.5479
260686.8393
259062.8104
257318.2578
255442.0609
253422.293
251246.1373
248899.4941
246366.2343
243627.1494
240658.7246
237431.8951
233910.94
230052.6421
225805.8335
221111.4543
215903.2838
210109.5253
203655.4429
196467.2322
188477.2638
179630.7338
169893.5965
159261.4251
147768.5632
135496.573
122656.7514
109302.8547
95662.73978
82039.31453
68793.05445
56303.13581
44914.60471
34887.33178
26363.614
19363.4005
282182.9899
282120.5869
282048.0731
281968.1731
281883.8023
281796.6919
281707.032
281613.8407
281515.514
281410.293
281296.6105
281173.3206
281039.7761
280895.7196
280740.9994
280575.1941
280397.2924
280205.5765
279997.764
279771.34
279523.9193
279253.4729
278958.3186
278636.9027
278287.5077
277908.0632
277496.1786
277049.3973
276565.5553
276043.0694
275481.0004
274878.8289
274236.0106
273551.4744
272823.2468
272048.3094
271222.7015
270341.7902
269400.5987
268394.0791
267317.2376
266165.0657
264932.295
263613.0549
262200.5479
260686.8393
259062.8104
257318.2578
255442.0609
253422.293
251246.1373
248899.4941
246366.2343
243627.1494
240658.7246
237431.8951
233910.94
230052.6421
225805.8335
221111.4543
215903.2838
210109.5253
203655.4429
196467.2322
188477.2638
179630.7338
169893.5965
159261.4251
147768.5632
135496.573
122656.7514
109302.8547
95662.73978
82039.31453
68793.05445
56303.13581
44914.60471
34887.33178
26363.614
19363.4005
282182.9899
282120.5869
282048.0731
281968.1731
281883.8023
281796.6919
281707.032
281613.8407
281515.514
281410.293
281296.6105
281173.3206
281039.7761
280895.7196
280740.9994
280575.1941
280397.2924
280205.5765
279997.764
279771.34
279523.9193
279253.4729
278958.3186
278636.9027
278287.5077
277908.0632
277496.1786
277049.3973
276565.5553
276043.0694
275481.0004
274878.8289
274236.0106
273551.4744
272823.2468
272048.3094
271222.7015
270341.7902
269400.5987
268394.0791
267317.2376
266165.0657
264932.295
263613.0549
262200.5479
260686.8393
259062.8104
257318.2578
255442.0609
253422.293
251246.1373
248899.4941
246366.2343
243627.1494
240658.7246
237431.8951
233910.94
230052.6421
225805.8335
221111.4543
215903.2838
210109.5253
203655.4429
196467.2322
188477.2638
179630.7338
169893.5965
159261.4251
147768.5632
135496.573
122656.7514
109302.8547
95662.73978
82039.31453
68793.05445
56303.13581
44914.60471
34887.33178
26363.614
19363.4005
282182.9899
282120.5869
282048.0731
281968.1731
281883.8023
281796.6919
281707.032
281613.8407
281515.514
281410.293
281296.6105
281173.3206
281039.7761
280895.7196
280740.9994
280575.1941
280397.2924
280205.5765
279997.764
279771.34
279523.9193
279253.4729
278958.3186
278636.9027
278287.5077
277908.0632
277496.1786
277049.3973
276565.5553
276043.0694
275481.0004
274878.8289
274236.0106
273551.4744
272823.2468
272048.3094
271222.7015
270341.7902
269400.5987
268394.0791
267317.2376
266165.0657
264932.295
263613.0549
262200.5479
260686.8393
259062.8104
257318.2578
255442.0609
253422.293
251246.1373
248899.4941
246366.2343
243627.1494
240658.7246
237431.8951
233910.94
230052.6421
225805.8335
221111.4543
215903.2838
210109.5253
203655.4429
196467.2322
188477.2638
179630.7338
169893.5965
159261.4251
147768.5632
135496.573
122656.7514
109302.8547
95662.73978
82039.31453
68793.05445
56303.13581
44914.60471
34887.33178
26363.614
19363.4005
282182.9899
282120.5869
282048.0731
281968.1731
281883.8023
281796.6919
281707.032
281613.8407
281515.514
281410.293
281296.6105
281173.3206
281039.7761
280895.7196
280740.9994
280575.1941
280397.2924
280205.5765
279997.764
279771.34
279523.9193
279253.4729
278958.3186
278636.9027
278287.5077
277908.0632
277496.1786
277049.3973
276565.5553
276043.0694
275481.0004
274878.8289
274236.0106
273551.4744
272823.2468
272048.3094
271222.7015
270341.7902
269400.5987
268394.0791
267317.2376
266165.0657
264932.295
263613.0549
262200.5479
260686.8393
259062.8104
257318.2578
255442.0609
253422.293
251246.1373
248899.4941
246366.2343
243627.1494
240658.7246
237431.8951
233910.94
230052.6421
225805.8335
221111.4543
215903.2838
210109.5253
203655.4429
196467.2322
188477.2638
179630.7338
169893.5965
159261.4251
147768.5632
135496.573
122656.7514
109302.8547
95662.73978
82039.31453
68793.05445
56303.13581
44914.60471
34887.33178
26363.614
19363.4005
282182.9899
282120.5869
282048.0731
281968.1731
281883.8023
281796.6919
281707.032
281613.8407
281515.514
281410.293
281296.6105
281173.3206
281039.7761
280895.7196
280740.9994
280575.1941
280397.2924
280205.5765
279997.764
279771.34
279523.9193
279253.4729
278958.3186
278636.9027
278287.5077
277908.0632
277496.1786
277049.3973
276565.5553
276043.0694
275481.0004
274878.8289
274236.0106
273551.4744
272823.2468
272048.3094
271222.7015
270341.7902
269400.5987
268394.0791
267317.2376
266165.0657
264932.295
263613.0549
262200.5479
260686.8393
259062.8104
257318.2578
255442.0609
253422.293
251246.1373
248899.4941
246366.2343
243627.1494
240658.7246
237431.8951
233910.94
230052.6421
225805.8335
221111.4543
215903.2838
210109.5253
203655.4429
196467.2322
188477.2638
179630.7338
169893.5965
159261.4251
147768.5632
135496.573
122656.7514
109302.8547
95662.73978
82039.31453
68793.05445
56303.13581
44914.60471
34887.33178
26363.614
19363.4005
282182.9899
282120.5869
282048.0731
281968.1731
281883.8023
281796.6919
281707.032
281613.8407
281515.514
281410.293
281296.6105
281173.3206
281039.7761
280895.7196
280740.9994
280575.1941
280397.2924
280205.5765
279997.764
279771.34
279523.9193
279253.4729
278958.3186
278636.9027
278287.5077
277908.0632
277496.1786
277049.3973
276565.5553
276043.0694
275481.0004
274878.8289
274236.0106
273551.4744
272823.2468
272048.3094
271222.7015
270341.7902
269400.5987
268394.0791
267317.2376
266165.0657
264932.295
263613.0549
262200.5479
260686.8393
259062.8104
257318.2578
255442.0609
253422.293
251246.1373
248899.4941
246366.2343
243627.1494
240658.7246
237431.8951
233910.94
230052.6421
225805.8335
221111.4543
215903.2838
210109.5253
203655.4429
196467.2322
188477.2638
179630.7338
169893.5965
159261.4251
147768.5632
135496.573
122656.7514
109302.8547
95662.73978
82039.31453
68793.05445
56303.13581
44914.60471
34887.33178
26363.614
19363.4005
282182.9899
282120.5869
282048.0731
281968.1731
281883.8023
281796.6919
281707.032
281613.8407
281515.514
281410.293
281296.6105
281173.3206
281039.7761
280895.7196
280740.9994
280575.1941
280397.2924
280205.5765
279997.764
279771.34
279523.9193
279253.4729
278958.3186
278636.9027
278287.5077
277908.0632
277496.1786
277049.3973
276565.5553
276043.0694
275481.0004
274878.8289
274236.0106
273551.4744
272823.2468
272048.3094
271222.7015
270341.7902
269400.5987
268394.0791
267317.2376
266165.0657
264932.295
263613.0549
262200.5479
260686.8393
259062.8104
257318.2578
255442.0609
253422.293
251246.1373
248899.4941
246366.2343
243627.1494
240658.7246
237431.8951
233910.94
230052.6421
225805.8335
221111.4543
215903.2838
210109.5253
203655.4429
196467.2322
188477.2638
179630.7338
169893.5965
159261.4251
147768.5632
135496.573
122656.7514
109302.8547
95662.73978
82039.31453
68793.05445
56303.13581
44914.60471
34887.33178
26363.614
19363.4005
282182.9899
282120.5869
282048.0731
281968.1731
281883.8023
281796.6919
281707.032
281613.8407
281515.514
281410.293
281296.6105
281173.3206
281039.7761
280895.7196
280740.9994
280575.1941
280397.2924
280205.5765
279997.764
279771.34
279523.9193
279253.4729
278958.3186
278636.9027
278287.5077
277908.0632
277496.1786
277049.3973
276565.5553
276043.0694
275481.0004
274878.8289
274236.0106
273551.4744
272823.2468
272048.3094
271222.7015
270341.7902
269400.5987
268394.0791
267317.2376
266165.0657
264932.295
263613.0549
262200.5479
260686.8393
259062.8104
257318.2578
255442.0609
253422.293
251246.1373
248899.4941
246366.2343
243627.1494
240658.7246
237431.8951
233910.94
230052.6421
225805.8335
221111.4543
215903.2838
210109.5253
203655.4429
196467.2322
188477.2638
179630.7338
169893.5965
159261.4251
147768.5632
135496.573
122656.7514
109302.8547
95662.73978
82039.31453
68793.05445
56303.13581
44914.60471
34887.33178
26363.614
19363.4005
282182.9899
282120.5869
282048.0731
281968.1731
281883.8023
281796.6919
281707.032
281613.8407
281515.514
281410.293
281296.6105
281173.3206
281039.7761
280895.7196
280740.9994
280575.1941
280397.2924
280205.5765
279997.764
279771.34
279523.9193
279253.4729
278958.3186
278636.9027
278287.5077
277908.0632
277496.1786
277049.3973
276565.5553
276043.0694
275481.0004
274878.8289
274236.0106
273551.4744
272823.2468
272048.3094
271222.7015
270341.7902
269400.5987
268394.0791
267317.2376
266165.0657
264932.295
263613.0549
262200.5479
260686.8393
259062.8104
257318.2578
255442.0609
253422.293
251246.1373
248899.4941
246366.2343
243627.1494
240658.7246
237431.8951
233910.94
230052.6421
225805.8335
221111.4543
215903.2838
210109.5253
203655.4429
196467.2322
188477.2638
179630.7338
169893.5965
159261.4251
147768.5632
135496.573
122656.7514
109302.8547
95662.73978
82039.31453
68793.05445
56303.13581
44914.60471
34887.33178
26363.614
19363.4005
282182.9899
282120.5869
282048.0731
281968.1731
281883.8023
281796.6919
281707.032
281613.8407
281515.514
281410.293
281296.6105
281173.3206
281039.7761
280895.7196
280740.9994
280575.1941
280397.2924
280205.5765
279997.764
279771.34
279523.9193
279253.4729
278958.3186
278636.9027
278287.5077
277908.0632
277496.1786
277049.3973
276565.5553
276043.0694
275481.0004
274878.8289
274236.0106
273551.4744
272823.2468
272048.3094
271222.7015
270341.7902
269400.5987
268394.0791
267317.2376
266165.0657
264932.295
263613.0549
262200.5479
260686.8393
259062.8104
257318.2578
255442.0609
253422.293
251246.1373
248899.4941
246366.2343
243627.1494
240658.7246
237431.8951
233910.94
230052.6421
225805.8335
221111.4543
215903.2838
210109.5253
203655.4429
196467.2322
188477.2638
179630.7338
169893.5965
159261.4251
147768.5632
135496.573
122656.7514
109302.8547
95662.73978
82039.31453
68793.05445
56303.13581
44914.60471
34887.33178
26363.614
19363.4005
282182.9899
282120.5869
282048.0731
281968.1731
281883.8023
281796.6919
281707.032
281613.8407
281515.514
281410.293
281296.6105
281173.3206
281039.7761
280895.7196
280740.9994
280575.1941
280397.2924
280205.5765
279997.764
279771.34
279523.9193
279253.4729
278958.3186
278636.9027
278287.5077
277908.0632
277496.1786
277049.3973
276565.5553
276043.0694
275481.0004
274878.8289
274236.0106
273551.4744
272823.2468
272048.3094
271222.7015
270341.7902
269400.5987
268394.0791
267317.2376
266165.0657
264932.295
263613.0549
262200.5479
260686.8393
259062.8104
257318.2578
255442.0609
253422.293
251246.1373
248899.4941
246366.2343
243627.1494
240658.7246
237431.8951
233910.94
230052.6421
225805.8335
221111.4543
215903.2838
210109.5253
203655.4429
196467.2322
188477.2638
179630.7338
169893.5965
159261.4251
147768.5632
135496.573
122656.7514
109302.8547
95662.73978
82039.31453
68793.05445
56303.13581
44914.60471
34887.33178
26363.614
19363.4005
282182.9899
282120.5869
282048.0731
281968.1731
281883.8023
281796.6919
281707.032
281613.8407
281515.514
281410.293
281296.6105
281173.3206
281039.7761
280895.7196
280740.9994
280575.1941
280397.2924
280205.5765
279997.764
279771.34
279523.9193
279253.4729
278958.3186
278636.9027
278287.5077
277908.0632
277496.1786
277049.3973
276565.5553
276043.0694
275481.0004
274878.8289
274236.0106
273551.4744
272823.2468
272048.3094
271222.7015
270341.7902
269400.5987
268394.0791
267317.2376
266165.0657
264932.295
263613.0549
262200.5479
260686.8393
259062.8104
257318.2578
255442.0609
253422.293
251246.1373
248899.4941
246366.2343
243627.1494
240658.7246
237431.8951
233910.94
230052.6421
225805.8335
221111.4543
215903.2838
210109.5253
203655.4429
196467.2322
188477.2638
179630.7338
169893.5965
159261.4251
147768.5632
135496.573
122656.7514
109302.8547
95662.73978
82039.31453
68793.05445
56303.13581
44914.60471
34887.33178
26363.614
19363.4005
282182.9899
282120.5869
282048.0731
281968.1731
281883.8023
281796.6919
281707.032
281613.8407
281515.514
281410.293
281296.6105
281173.3206
281039.7761
280895.7196
280740.9994
280575.1941
280397.2924
280205.5765
279997.764
279771.34
279523.9193
279253.4729
278958.3186
278636.9027
278287.5077
277908.0632
277496.1786
277049.3973
276565.5553
276043.0694
275481.0004
274878.8289
274236.0106
273551.4744
272823.2468
272048.3094
271222.7015
270341.7902
269400.5987
268394.0791
267317.2376
266165.0657
264932.295
263613.0549
262200.5479
260686.8393
259062.8104
257318.2578
255442.0609
253422.293
251246.1373
248899.4941
246366.2343
243627.1494
240658.7246
237431.8951
233910.94
230052.6421
225805.8335
221111.4543
215903.2838
210109.5253
203655.4429
196467.2322
188477.2638
179630.7338
169893.5965
159261.4251
147768.5632
135496.573
122656.7514
109302.8547
95662.73978
82039.31453
68793.05445
56303.13581
44914.60471
34887.33178
26363.614
19363.4005
282182.9899
282120.5869
282048.0731
281968.1731
281883.8023
281796.6919
281707.032
281613.8407
281515.514
281410.293
281296.6105
281173.3206
281039.7761
280895.7196
280740.9994
280575.1941
280397.2924
280205.5765
279997.764
279771.34
279523.9193
279253.4729
278958.3186
278636.9027
278287.5077
277908.0632
277496.1786
277049.3973
276565.5553
276043.0694
275481.0004
274878.8289
274236.0106
273551.4744
272823.2468
272048.3094
271222.7015
270341.7902
269400.5987
268394.0791
267317.2376
266165.0657
264932.295
263613.0549
262200.5479
260686.8393
259062.8104
257318.2578
255442.0609
253422.293
251246.1373
248899.4941
246366.2343
243627.1494
240658.7246
237431.8951
233910.94
230052.6421
225805.8335
221111.4543
215903.2838
210109.5253
203655.4429
196467.2322
188477.2638
179630.7338
169893.5965
159261.4251
147768.5632
135496.573
122656.7514
109302.8547
95662.73978
82039.31453
68793.05445
56303.13581
44914.60471
34887.33178
26363.614
19363.4005
282182.9899
282120.5869
282048.0731
281968.1731
281883.8023
281796.6919
281707.032
281613.8407
281515.514
281410.293
281296.6105
281173.3206
281039.7761
280895.7196
280740.9994
280575.1941
280397.2924
280205.5765
279997.764
279771.34
279523.9193
279253.4729
278958.3186
278636.9027
278287.5077
277908.0632
277496.1786
277049.3973
276565.5553
276043.0694
275481.0004
274878.8289
274236.0106
273551.4744
272823.2468
272048.3094
271222.7015
270341.7902
269400.5987
268394.0791
267317.2376
266165.0657
264932.295
263613.0549
262200.5479
260686.8393
259062.8104
257318.2578
255442.0609
253422.293
251246.1373
248899.4941
246366.2343
243627.1494
240658.7246
237431.8951
233910.94
230052.6421
225805.8335
221111.4543
215903.2838
210109.5253
203655.4429
196467.2322
188477.2638
179630.7338
169893.5965
159261.4251
147768.5632
135496.573
122656.7514
109302.8547
95662.73978
82039.31453
68793.05445
56303.13581
44914.60471
34887.33178
26363.614
19363.4005
282182.9899
282120.5869
282048.0731
281968.1731
281883.8023
281796.6919
281707.032
281613.8407
281515.514
281410.293
281296.6105
281173.3206
281039.7761
280895.7196
280740.9994
280575.1941
280397.2924
280205.5765
279997.764
279771.34
279523.9193
279253.4729
278958.3186
278636.9027
278287.5077
277908.0632
277496.1786
277049.3973
276565.5553
276043.0694
275481.0004
274878.8289
274236.0106
273551.4744
272823.2468
272048.3094
271222.7015
270341.7902
269400.5987
268394.0791
267317.2376
266165.0657
264932.295
263613.0549
262200.5479
260686.8393
259062.8104
257318.2578
255442.0609
253422.293
251246.1373
248899.4941
246366.2343
243627.1494
240658.7246
237431.8951
233910.94
230052.6421
225805.8335
221111.4543
215903.2838
210109.5253
203655.4429
196467.2322
188477.2638
179630.7338
169893.5965
159261.4251
147768.5632
135496.573
122656.7514
109302.8547
95662.73978
82039.31453
68793.05445
56303.13581
44914.60471
34887.33178
26363.614
19363.4005
282182.9899
282120.5869
282048.0731
281968.1731
281883.8023
281796.6919
281707.032
281613.8407
281515.514
281410.293
281296.6105
281173.3206
281039.7761
280895.7196
280740.9994
280575.1941
280397.2924
280205.5765
279997.764
279771.34
279523.9193
279253.4729
278958.3186
278636.9027
278287.5077
277908.0632
277496.1786
277049.3973
276565.5553
276043.0694
275481.0004
274878.8289
274236.0106
273551.4744
272823.2468
272048.3094
271222.7015
270341.7902
269400.5987
268394.0791
267317.2376
266165.0657
264932.295
263613.0549
262200.5479
260686.8393
259062.8104
257318.2578
255442.0609
253422.293
251246.1373
248899.4941
246366.2343
243627.1494
240658.7246
237431.8951
233910.94
230052.6421
225805.8335
221111.4543
215903.2838
210109.5253
203655.4429
196467.2322
188477.2638
179630.7338
169893.5965
159261.4251
147768.5632
135496.573
122656.7514
109302.8547
95662.73978
82039.31453
68793.05445
56303.13581
44914.60471
34887.33178
26363.614
19363.4005
282182.9899
282120.5869
282048.0731
281968.1731
281883.8023
281796.6919
281707.032
281613.8407
281515.514
281410.293
281296.6105
281173.3206
281039.7761
280895.7196
280740.9994
280575.1941
280397.2924
280205.5765
279997.764
279771.34
279523.9193
279253.4729
278958.3186
278636.9027
278287.5077
277908.0632
277496.1786
277049.3973
276565.5553
276043.0694
275481.0004
274878.8289
274236.0106
273551.4744
272823.2468
272048.3094
271222.7015
270341.7902
269400.5987
268394.0791
267317.2376
266165.0657
264932.295
263613.0549
262200.5479
260686.8393
259062.8104
257318.2578
255442.0609
253422.293
251246.1373
248899.4941
246366.2343
243627.1494
240658.7246
237431.8951
233910.94
230052.6421
225805.8335
221111.4543
215903.2838
210109.5253
203655.4429
196467.2322
188477.2638
179630.7338
169893.5965
159261.4251
147768.5632
135496.573
122656.7514
109302.8547
95662.73978
82039.31453
68793.05445
56303.13581
44914.60471
34887.33178
26363.614
19363.4005
282182.9899
282120.5869
282048.0731
281968.1731
281883.8023
281796.6919
281707.032
281613.8407
281515.514
281410.293
281296.6105
281173.3206
281039.7761
280895.7196
280740.9994
280575.1941
280397.2924
280205.5765
279997.764
279771.34
279523.9193
279253.4729
278958.3186
278636.9027
278287.5077
277908.0632
277496.1786
277049.3973
276565.5553
276043.0694
275481.0004
274878.8289
274236.0106
273551.4744
272823.2468
272048.3094
271222.7015
270341.7902
269400.5987
268394.0791
267317.2376
266165.0657
264932.295
263613.0549
262200.5479
260686.8393
259062.8104
257318.2578
255442.0609
253422.293
251246.1373
248899.4941
246366.2343
243627.1494
240658.7246
237431.8951
233910.94
230052.6421
225805.8335
221111.4543
215903.2838
210109.5253
203655.4429
196467.2322
188477.2638
179630.7338
169893.5965
159261.4251
147768.5632
135496.573
122656.7514
109302.8547
95662.73978
82039.31453
68793.05445
56303.13581
44914.60471
34887.33178
26363.614
19363.4005
282182.9899
282120.5869
282048.0731
281968.1731
281883.8023
281796.6919
281707.032
281613.8407
281515.514
281410.293
281296.6105
281173.3206
281039.7761
280895.7196
280740.9994
280575.1941
280397.2924
280205.5765
279997.764
279771.34
279523.9193
279253.4729
278958.3186
278636.9027
278287.5077
277908.0632
277496.1786
277049.3973
276565.5553
276043.0694
275481.0004
274878.8289
274236.0106
273551.4744
272823.2468
272048.3094
271222.7015
270341.7902
269400.5987
268394.0791
267317.2376
266165.0657
264932.295
263613.0549
262200.5479
260686.8393
259062.8104
257318.2578
255442.0609
253422.293
251246.1373
248899.4941
246366.2343
243627.1494
240658.7246
237431.8951
233910.94
230052.6421
225805.8335
221111.4543
215903.2838
210109.5253
203655.4429
196467.2322
188477.2638
179630.7338
169893.5965
159261.4251
147768.5632
135496.573
122656.7514
109302.8547
95662.73978
82039.31453
68793.05445
56303.13581
44914.60471
34887.33178
26363.614
19363.4005
282182.9899
282120.5869
282048.0731
281968.1731
281883.8023
281796.6919
281707.032
281613.8407
281515.514
281410.293
281296.6105
281173.3206
281039.7761
280895.7196
280740.9994
280575.1941
280397.2924
280205.5765
279997.764
279771.34
279523.9193
279253.4729
278958.3186
278636.9027
278287.5077
277908.0632
277496.1786
277049.3973
276565.5553
276043.0694
275481.0004
274878.8289
274236.0106
273551.4744
272823.2468
272048.3094
271222.7015
270341.7902
269400.5987
268394.0791
267317.2376
266165.0657
264932.295
263613.0549
262200.5479
260686.8393
259062.8104
257318.2578
255442.0609
253422.293
251246.1373
248899.4941
246366.2343
243627.1494
240658.7246
237431.8951
233910.94
230052.6421
225805.8335
221111.4543
215903.2838
210109.5253
203655.4429
196467.2322
188477.2638
179630.7338
169893.5965
159261.4251
147768.5632
135496.573
122656.7514
109302.8547
95662.73978
82039.31453
68793.05445
56303.13581
44914.60471
34887.33178
26363.614
19363.4005
282182.9899
282120.5869
282048.0731
281968.1731
281883.8023
281796.6919
281707.032
281613.8407
281515.514
281410.293
281296.6105
281173.3206
281039.7761
280895.7196
280740.9994
280575.1941
280397.2924
280205.5765
279997.764
279771.34
279523.9193
279253.4729
278958.3186
278636.9027
278287.5077
277908.0632
277496.1786
277049.3973
276565.5553
276043.0694
275481.0004
274878.8289
274236.0106
273551.4744
272823.2468
272048.3094
271222.7015
270341.7902
269400.5987
268394.0791
267317.2376
266165.0657
264932.295
263613.0549
262200.5479
260686.8393
259062.8104
257318.2578
255442.0609
253422.293
251246.1373
248899.4941
246366.2343
243627.1494
240658.7246
237431.8951
233910.94
230052.6421
225805.8335
221111.4543
215903.2838
210109.5253
203655.4429
196467.2322
188477.2638
179630.7338
169893.5965
159261.4251
147768.5632
135496.573
122656.7514
109302.8547
95662.73978
82039.31453
68793.05445
56303.13581
44914.60471
34887.33178
26363.614
19363.4005
282182.9899
282120.5869
282048.0731
281968.1731
281883.8023
281796.6919
281707.032
281613.8407
281515.514
281410.293
281296.6105
281173.3206
281039.7761
280895.7196
280740.9994
280575.1941
280397.2924
280205.5765
279997.764
279771.34
279523.9193
279253.4729
278958.3186
278636.9027
278287.5077
277908.0632
277496.1786
277049.3973
276565.5553
276043.0694
275481.0004
274878.8289
274236.0106
273551.4744
272823.2468
272048.3094
271222.7015
270341.7902
269400.5987
268394.0791
267317.2376
266165.0657
264932.295
263613.0549
262200.5479
260686.8393
259062.8104
257318.2578
255442.0609
253422.293
251246.1373
248899.4941
246366.2343
243627.1494
240658.7246
237431.8951
233910.94
230052.6421
225805.8335
221111.4543
215903.2838
210109.5253
203655.4429
196467.2322
188477.2638
179630.7338
169893.5965
159261.4251
147768.5632
135496.573
122656.7514
109302.8547
95662.73978
82039.31453
68793.05445
56303.13581
44914.60471
34887.33178
26363.614
19363.4005
282182.9899
282120.5869
282048.0731
281968.1731
281883.8023
281796.6919
281707.032
281613.8407
281515.514
281410.293
281296.6105
281173.3206
281039.7761
280895.7196
280740.9994
280575.1941
280397.2924
280205.5765
279997.764
279771.34
279523.9193
279253.4729
278958.3186
278636.9027
278287.5077
277908.0632
277496.1786
277049.3973
276565.5553
276043.0694
275481.0004
274878.8289
274236.0106
273551.4744
272823.2468
272048.3094
271222.7015
270341.7902
269400.5987
268394.0791
267317.2376
266165.0657
264932.295
263613.0549
262200.5479
260686.8393
259062.8104
257318.2578
255442.0609
253422.293
251246.1373
248899.4941
246366.2343
243627.1494
240658.7246
237431.8951
233910.94
230052.6421
225805.8335
221111.4543
215903.2838
210109.5253
203655.4429
196467.2322
188477.2638
179630.7338
169893.5965
159261.4251
147768.5632
135496.573
122656.7514
109302.8547
95662.73978
82039.31453
68793.05445
56303.13581
44914.60471
34887.33178
26363.614
19363.4005
282182.9899
282120.5869
282048.0731
281968.1731
281883.8023
281796.6919
281707.032
281613.8407
281515.514
281410.293
281296.6105
281173.3206
281039.7761
280895.7196
280740.9994
280575.1941
280397.2924
280205.5765
279997.764
279771.34
279523.9193
279253.4729
278958.3186
278636.9027
278287.5077
277908.0632
277496.1786
277049.3973
276565.5553
276043.0694
275481.0004
274878.8289
274236.0106
273551.4744
272823.2468
272048.3094
271222.7015
270341.7902
269400.5987
268394.0791
267317.2376
266165.0657
264932.295
263613.0549
262200.5479
260686.8393
259062.8104
257318.2578
255442.0609
253422.293
251246.1373
248899.4941
246366.2343
243627.1494
240658.7246
237431.8951
233910.94
230052.6421
225805.8335
221111.4543
215903.2838
210109.5253
203655.4429
196467.2322
188477.2638
179630.7338
169893.5965
159261.4251
147768.5632
135496.573
122656.7514
109302.8547
95662.73978
82039.31453
68793.05445
56303.13581
44914.60471
34887.33178
26363.614
19363.4005
282182.9899
282120.5869
282048.0731
281968.1731
281883.8023
281796.6919
281707.032
281613.8407
281515.514
281410.293
281296.6105
281173.3206
281039.7761
280895.7196
280740.9994
280575.1941
280397.2924
280205.5765
279997.764
279771.34
279523.9193
279253.4729
278958.3186
278636.9027
278287.5077
277908.0632
277496.1786
277049.3973
276565.5553
276043.0694
275481.0004
274878.8289
274236.0106
273551.4744
272823.2468
272048.3094
271222.7015
270341.7902
269400.5987
268394.0791
267317.2376
266165.0657
264932.295
263613.0549
262200.5479
260686.8393
259062.8104
257318.2578
255442.0609
253422.293
251246.1373
248899.4941
246366.2343
243627.1494
240658.7246
237431.8951
233910.94
230052.6421
225805.8335
221111.4543
215903.2838
210109.5253
203655.4429
196467.2322
188477.2638
179630.7338
169893.5965
159261.4251
147768.5632
135496.573
122656.7514
109302.8547
95662.73978
82039.31453
68793.05445
56303.13581
44914.60471
34887.33178
26363.614
19363.4005
282182.9899
282120.5869
282048.0731
281968.1731
281883.8023
281796.6919
281707.032
281613.8407
281515.514
281410.293
281296.6105
281173.3206
281039.7761
280895.7196
280740.9994
280575.1941
280397.2924
280205.5765
279997.764
279771.34
279523.9193
279253.4729
278958.3186
278636.9027
278287.5077
277908.0632
277496.1786
277049.3973
276565.5553
276043.0694
275481.0004
274878.8289
274236.0106
273551.4744
272823.2468
272048.3094
271222.7015
270341.7902
269400.5987
268394.0791
267317.2376
266165.0657
264932.295
263613.0549
262200.5479
260686.8393
259062.8104
257318.2578
255442.0609
253422.293
251246.1373
248899.4941
246366.2343
243627.1494
240658.7246
237431.8951
233910.94
230052.6421
225805.8335
221111.4543
215903.2838
210109.5253
203655.4429
196467.2322
188477.2638
179630.7338
169893.5965
159261.4251
147768.5632
135496.573
122656.7514
109302.8547
95662.73978
82039.31453
68793.05445
56303.13581
44914.60471
34887.33178
26363.614
19363.4005
282182.9899
282120.5869
282048.0731
281968.1731
281883.8023
281796.6919
281707.032
281613.8407
281515.514
281410.293
281296.6105
281173.3206
281039.7761
280895.7196
280740.9994
280575.1941
280397.2924
280205.5765
279997.764
279771.34
279523.9193
279253.4729
278958.3186
278636.9027
278287.5077
277908.0632
277496.1786
277049.3973
276565.5553
276043.0694
275481.0004
274878.8289
274236.0106
273551.4744
272823.2468
272048.3094
271222.7015
270341.7902
269400.5987
268394.0791
267317.2376
266165.0657
264932.295
263613.0549
262200.5479
260686.8393
259062.8104
257318.2578
255442.0609
253422.293
251246.1373
248899.4941
246366.2343
243627.1494
240658.7246
237431.8951
233910.94
230052.6421
225805.8335
221111.4543
215903.2838
210109.5253
203655.4429
196467.2322
188477.2638
179630.7338
169893.5965
159261.4251
147768.5632
135496.573
122656.7514
109302.8547
95662.73978
82039.31453
68793.05445
56303.13581
44914.60471
34887.33178
26363.614
19363.4005
282182.9899
282120.5869
282048.0731
281968.1731
281883.8023
281796.6919
281707.032
281613.8407
281515.514
281410.293
281296.6105
281173.3206
281039.7761
280895.7196
280740.9994
280575.1941
280397.2924
280205.5765
279997.764
279771.34
279523.9193
279253.4729
278958.3186
278636.9027
278287.5077
277908.0632
277496.1786
277049.3973
276565.5553
276043.0694
275481.0004
274878.8289
274236.0106
273551.4744
272823.2468
272048.3094
271222.7015
270341.7902
269400.5987
268394.0791
267317.2376
266165.0657
264932.295
263613.0549
262200.5479
260686.8393
259062.8104
257318.2578
255442.0609
253422.293
251246.1373
248899.4941
246366.2343
243627.1494
240658.7246
237431.8951
233910.94
230052.6421
225805.8335
221111.4543
215903.2838
210109.5253
203655.4429
196467.2322
188477.2638
179630.7338
169893.5965
159261.4251
147768.5632
135496.573
122656.7514
109302.8547
95662.73978
82039.31453
68793.05445
56303.13581
44914.60471
34887.33178
26363.614
19363.4005
282182.9899
282120.5869
282048.0731
281968.1731
281883.8023
281796.6919
281707.032
281613.8407
281515.514
281410.293
281296.6105
281173.3206
281039.7761
280895.7196
280740.9994
280575.1941
280397.2924
280205.5765
279997.764
279771.34
279523.9193
279253.4729
278958.3186
278636.9027
278287.5077
277908.0632
277496.1786
277049.3973
276565.5553
276043.0694
275481.0004
274878.8289
274236.0106
273551.4744
272823.2468
272048.3094
271222.7015
270341.7902
269400.5987
268394.0791
267317.2376
266165.0657
264932.295
263613.0549
262200.5479
260686.8393
259062.8104
257318.2578
255442.0609
253422.293
251246.1373
248899.4941
246366.2343
243627.1494
240658.7246
237431.8951
233910.94
230052.6421
225805.8335
221111.4543
215903.2838
210109.5253
203655.4429
196467.2322
188477.2638
179630.7338
169893.5965
159261.4251
147768.5632
135496.573
122656.7514
109302.8547
95662.73978
82039.31453
68793.05445
56303.13581
44914.60471
34887.33178
26363.614
19363.4005
282182.9899
282120.5869
282048.0731
281968.1731
281883.8023
281796.6919
281707.032
281613.8407
281515.514
281410.293
281296.6105
281173.3206
281039.7761
280895.7196
280740.9994
280575.1941
280397.2924
280205.5765
279997.764
279771.34
279523.9193
279253.4729
278958.3186
278636.9027
278287.5077
277908.0632
277496.1786
277049.3973
276565.5553
276043.0694
275481.0004
274878.8289
274236.0106
273551.4744
272823.2468
272048.3094
271222.7015
270341.7902
269400.5987
268394.0791
267317.2376
266165.0657
264932.295
263613.0549
262200.5479
260686.8393
259062.8104
257318.2578
255442.0609
253422.293
251246.1373
248899.4941
246366.2343
243627.1494
240658.7246
237431.8951
233910.94
230052.6421
225805.8335
221111.4543
215903.2838
210109.5253
203655.4429
196467.2322
188477.2638
179630.7338
169893.5965
159261.4251
147768.5632
135496.573
122656.7514
109302.8547
95662.73978
82039.31453
68793.05445
56303.13581
44914.60471
34887.33178
26363.614
19363.4005
282182.9899
282120.5869
282048.0731
281968.1731
281883.8023
281796.6919
281707.032
281613.8407
281515.514
281410.293
281296.6105
281173.3206
281039.7761
280895.7196
280740.9994
280575.1941
280397.2924
280205.5765
279997.764
279771.34
279523.9193
279253.4729
278958.3186
278636.9027
278287.5077
277908.0632
277496.1786
277049.3973
276565.5553
276043.0694
275481.0004
274878.8289
274236.0106
273551.4744
272823.2468
272048.3094
271222.7015
270341.7902
269400.5987
268394.0791
267317.2376
266165.0657
264932.295
263613.0549
262200.5479
260686.8393
259062.8104
257318.2578
255442.0609
253422.293
251246.1373
248899.4941
246366.2343
243627.1494
240658.7246
237431.8951
233910.94
230052.6421
225805.8335
221111.4543
215903.2838
210109.5253
203655.4429
196467.2322
188477.2638
179630.7338
169893.5965
159261.4251
147768.5632
135496.573
122656.7514
109302.8547
95662.73978
82039.31453
68793.05445
56303.13581
44914.60471
34887.33178
26363.614
19363.4005
282182.9899
282120.5869
282048.0731
281968.1731
281883.8023
281796.6919
281707.032
281613.8407
281515.514
281410.293
281296.6105
281173.3206
281039.7761
280895.7196
280740.9994
280575.1941
280397.2924
280205.5765
279997.764
279771.34
279523.9193
279253.4729
278958.3186
278636.9027
278287.5077
277908.0632
277496.1786
277049.3973
276565.5553
276043.0694
275481.0004
274878.8289
274236.0106
273551.4744
272823.2468
272048.3094
271222.7015
270341.7902
269400.5987
268394.0791
267317.2376
266165.0657
264932.295
263613.0549
262200.5479
260686.8393
259062.8104
257318.2578
255442.0609
253422.293
251246.1373
248899.4941
246366.2343
243627.1494
240658.7246
237431.8951
233910.94
230052.6421
225805.8335
221111.4543
215903.2838
210109.5253
203655.4429
196467.2322
188477.2638
179630.7338
169893.5965
159261.4251
147768.5632
135496.573
122656.7514
109302.8547
95662.73978
82039.31453
68793.05445
56303.13581
44914.60471
34887.33178
26363.614
19363.4005
282182.9899
282120.5869
282048.0731
281968.1731
281883.8023
281796.6919
281707.032
281613.8407
281515.514
281410.293
281296.6105
281173.3206
281039.7761
280895.7196
280740.9994
280575.1941
280397.2924
280205.5765
279997.764
279771.34
279523.9193
279253.4729
278958.3186
278636.9027
278287.5077
277908.0632
277496.1786
277049.3973
276565.5553
276043.0694
275481.0004
274878.8289
274236.0106
273551.4744
272823.2468
272048.3094
271222.7015
270341.7902
269400.5987
268394.0791
267317.2376
266165.0657
264932.295
263613.0549
262200.5479
260686.8393
259062.8104
257318.2578
255442.0609
253422.293
251246.1373
248899.4941
246366.2343
243627.1494
240658.7246
237431.8951
233910.94
230052.6421
225805.8335
221111.4543
215903.2838
210109.5253
203655.4429
196467.2322
188477.2638
179630.7338
169893.5965
159261.4251
147768.5632
135496.573
122656.7514
109302.8547
95662.73978
82039.31453
68793.05445
56303.13581
44914.60471
34887.33178
26363.614
19363.4005
282182.9899
282120.5869
282048.0731
281968.1731
281883.8023
281796.6919
281707.032
281613.8407
281515.514
281410.293
281296.6105
281173.3206
281039.7761
280895.7196
280740.9994
280575.1941
280397.2924
280205.5765
279997.764
279771.34
279523.9193
279253.4729
278958.3186
278636.9027
278287.5077
277908.0632
277496.1786
277049.3973
276565.5553
276043.0694
275481.0004
274878.8289
274236.0106
273551.4744
272823.2468
272048.3094
271222.7015
270341.7902
269400.5987
268394.0791
267317.2376
266165.0657
264932.295
263613.0549
262200.5479
260686.8393
259062.8104
257318.2578
255442.0609
253422.293
251246.1373
248899.4941
246366.2343
243627.1494
240658.7246
237431.8951
233910.94
230052.6421
225805.8335
221111.4543
215903.2838
210109.5253
203655.4429
196467.2322
188477.2638
179630.7338
169893.5965
159261.4251
147768.5632
135496.573
122656.7514
109302.8547
95662.73978
82039.31453
68793.05445
56303.13581
44914.60471
34887.33178
26363.614
19363.4005
282182.9899
282120.5869
282048.0731
281968.1731
281883.8023
281796.6919
281707.032
281613.8407
281515.514
281410.293
281296.6105
281173.3206
281039.7761
280895.7196
280740.9994
280575.1941
280397.2924
280205.5765
279997.764
279771.34
279523.9193
279253.4729
278958.3186
278636.9027
278287.5077
277908.0632
277496.1786
277049.3973
276565.5553
276043.0694
275481.0004
274878.8289
274236.0106
273551.4744
272823.2468
272048.3094
271222.7015
270341.7902
269400.5987
268394.0791
267317.2376
266165.0657
264932.295
263613.0549
262200.5479
260686.8393
259062.8104
257318.2578
255442.0609
253422.293
251246.1373
248899.4941
246366.2343
243627.1494
240658.7246
237431.8951
233910.94
230052.6421
225805.8335
221111.4543
215903.2838
210109.5253
203655.4429
196467.2322
188477.2638
179630.7338
169893.5965
159261.4251
147768.5632
135496.573
122656.7514
109302.8547
95662.73978
82039.31453
68793.05445
56303.13581
44914.60471
34887.33178
26363.614
19363.4005
282182.9899
282120.5869
282048.0731
281968.1731
281883.8023
281796.6919
281707.032
281613.8407
281515.514
281410.293
281296.6105
281173.3206
281039.7761
280895.7196
280740.9994
280575.1941
280397.2924
280205.5765
279997.764
279771.34
279523.9193
279253.4729
278958.3186
278636.9027
278287.5077
277908.0632
277496.1786
277049.3973
276565.5553
276043.0694
275481.0004
274878.8289
274236.0106
273551.4744
272823.2468
272048.3094
271222.7015
270341.7902
269400.5987
268394.0791
267317.2376
266165.0657
264932.295
263613.0549
262200.5479
260686.8393
259062.8104
257318.2578
255442.0609
253422.293
251246.1373
248899.4941
246366.2343
243627.1494
240658.7246
237431.8951
233910.94
230052.6421
225805.8335
221111.4543
215903.2838
210109.5253
203655.4429
196467.2322
188477.2638
179630.7338
169893.5965
159261.4251
147768.5632
135496.573
122656.7514
109302.8547
95662.73978
82039.31453
68793.05445
56303.13581
44914.60471
34887.33178
26363.614
19363.4005
282182.9899
282120.5869
282048.0731
281968.1731
281883.8023
281796.6919
281707.032
281613.8407
281515.514
281410.293
281296.6105
281173.3206
281039.7761
280895.7196
280740.9994
280575.1941
280397.2924
280205.5765
279997.764
279771.34
279523.9193
279253.4729
278958.3186
278636.9027
278287.5077
277908.0632
277496.1786
277049.3973
276565.5553
276043.0694
275481.0004
274878.8289
274236.0106
273551.4744
272823.2468
272048.3094
271222.7015
270341.7902
269400.5987
268394.0791
267317.2376
266165.0657
264932.295
263613.0549
262200.5479
260686.8393
259062.8104
257318.2578
255442.0609
253422.293
251246.1373
248899.4941
246366.2343
243627.1494
240658.7246
237431.8951
233910.94
230052.6421
225805.8335
221111.4543
215903.2838
210109.5253
203655.4429
196467.2322
188477.2638
179630.7338
169893.5965
159261.4251
147768.5632
135496.573
122656.7514
109302.8547
95662.73978
82039.31453
68793.05445
56303.13581
44914.60471
34887.33178
26363.614
19363.4005
282182.9899
282120.5869
282048.0731
281968.1731
281883.8023
281796.6919
281707.032
281613.8407
281515.514
281410.293
281296.6105
281173.3206
281039.7761
280895.7196
280740.9994
280575.1941
280397.2924
280205.5765
279997.764
279771.34
279523.9193
279253.4729
278958.3186
278636.9027
278287.5077
277908.0632
277496.1786
277049.3973
276565.5553
276043.0694
275481.0004
274878.8289
274236.0106
273551.4744
272823.2468
272048.3094
271222.7015
270341.7902
269400.5987
268394.0791
267317.2376
266165.0657
264932.295
263613.0549
262200.5479
260686.8393
259062.8104
257318.2578
255442.0609
253422.293
251246.1373
248899.4941
246366.2343
243627.1494
240658.7246
237431.8951
233910.94
230052.6421
225805.8335
221111.4543
215903.2838
210109.5253
203655.4429
196467.2322
188477.2638
179630.7338
169893.5965
159261.4251
147768.5632
135496.573
122656.7514
109302.8547
95662.73978
82039.31453
68793.05445
56303.13581
44914.60471
34887.33178
26363.614
19363.4005
282182.9899
282120.5869
282048.0731
281968.1731
281883.8023
281796.6919
281707.032
281613.8407
281515.514
281410.293
281296.6105
281173.3206
281039.7761
280895.7196
280740.9994
280575.1941
280397.2924
280205.5765
279997.764
279771.34
279523.9193
279253.4729
278958.3186
278636.9027
278287.5077
277908.0632
277496.1786
277049.3973
276565.5553
276043.0694
275481.0004
274878.8289
274236.0106
273551.4744
272823.2468
272048.3094
271222.7015
270341.7902
269400.5987
268394.0791
267317.2376
266165.0657
264932.295
263613.0549
262200.5479
260686.8393
259062.8104
257318.2578
255442.0609
253422.293
251246.1373
248899.4941
246366.2343
243627.1494
240658.7246
237431.8951
233910.94
230052.6421
225805.8335
221111.4543
215903.2838
210109.5253
203655.4429
196467.2322
188477.2638
179630.7338
169893.5965
159261.4251
147768.5632
135496.573
122656.7514
109302.8547
95662.73978
82039.31453
68793.05445
56303.13581
44914.60471
34887.33178
26363.614
19363.4005
282182.9899
282120.5869
282048.0731
281968.1731
281883.8023
281796.6919
281707.032
281613.8407
281515.514
281410.293
281296.6105
281173.3206
281039.7761
280895.7196
280740.9994
280575.1941
280397.2924
280205.5765
279997.764
279771.34
279523.9193
279253.4729
278958.3186
278636.9027
278287.5077
277908.0632
277496.1786
277049.3973
276565.5553
276043.0694
275481.0004
274878.8289
274236.0106
273551.4744
272823.2468
272048.3094
271222.7015
270341.7902
269400.5987
268394.0791
267317.2376
266165.0657
264932.295
263613.0549
262200.5479
260686.8393
259062.8104
257318.2578
255442.0609
253422.293
251246.1373
248899.4941
246366.2343
243627.1494
240658.7246
237431.8951
233910.94
230052.6421
225805.8335
221111.4543
215903.2838
210109.5253
203655.4429
196467.2322
188477.2638
179630.7338
169893.5965
159261.4251
147768.5632
135496.573
122656.7514
109302.8547
95662.73978
82039.31453
68793.05445
56303.13581
44914.60471
34887.33178
26363.614
19363.4005
282182.9899
282120.5869
282048.0731
281968.1731
281883.8023
281796.6919
281707.032
281613.8407
281515.514
281410.293
281296.6105
281173.3206
281039.7761
280895.7196
280740.9994
280575.1941
280397.2924
280205.5765
279997.764
279771.34
279523.9193
279253.4729
278958.3186
278636.9027
278287.5077
277908.0632
277496.1786
277049.3973
276565.5553
276043.0694
275481.0004
274878.8289
274236.0106
273551.4744
272823.2468
272048.3094
271222.7015
270341.7902
269400.5987
268394.0791
267317.2376
266165.0657
264932.295
263613.0549
262200.5479
260686.8393
259062.8104
257318.2578
255442.0609
253422.293
251246.1373
248899.4941
246366.2343
243627.1494
240658.7246
237431.8951
233910.94
230052.6421
225805.8335
221111.4543
215903.2838
210109.5253
203655.4429
196467.2322
188477.2638
179630.7338
169893.5965
159261.4251
147768.5632
135496.573
122656.7514
109302.8547
95662.73978
82039.31453
68793.05445
56303.13581
44914.60471
34887.33178
26363.614
19363.4005
282182.9899
282120.5869
282048.0731
281968.1731
281883.8023
281796.6919
281707.032
281613.8407
281515.514
281410.293
281296.6105
281173.3206
281039.7761
280895.7196
280740.9994
280575.1941
280397.2924
280205.5765
279997.764
279771.34
279523.9193
279253.4729
278958.3186
278636.9027
278287.5077
277908.0632
277496.1786
277049.3973
276565.5553
276043.0694
275481.0004
274878.8289
274236.0106
273551.4744
272823.2468
272048.3094
271222.7015
270341.7902
269400.5987
268394.0791
267317.2376
266165.0657
264932.295
263613.0549
262200.5479
260686.8393
259062.8104
257318.2578
255442.0609
253422.293
251246.1373
248899.4941
246366.2343
243627.1494
240658.7246
237431.8951
233910.94
230052.6421
225805.8335
221111.4543
215903.2838
210109.5253
203655.4429
196467.2322
188477.2638
179630.7338
169893.5965
159261.4251
147768.5632
135496.573
122656.7514
109302.8547
95662.73978
82039.31453
68793.05445
56303.13581
44914.60471
34887.33178
26363.614
19363.4005
282182.9899
282120.5869
282048.0731
281968.1731
281883.8023
281796.6919
281707.032
281613.8407
281515.514
281410.293
281296.6105
281173.3206
281039.7761
280895.7196
280740.9994
280575.1941
280397.2924
280205.5765
279997.764
279771.34
279523.9193
279253.4729
278958.3186
278636.9027
278287.5077
277908.0632
277496.1786
277049.3973
276565.5553
276043.0694
275481.0004
274878.8289
274236.0106
273551.4744
272823.2468
272048.3094
271222.7015
270341.7902
269400.5987
268394.0791
267317.2376
266165.0657
264932.295
263613.0549
262200.5479
260686.8393
259062.8104
257318.2578
255442.0609
253422.293
251246.1373
248899.4941
246366.2343
243627.1494
240658.7246
237431.8951
233910.94
230052.6421
225805.8335
221111.4543
215903.2838
210109.5253
203655.4429
196467.2322
188477.2638
179630.7338
169893.5965
159261.4251
147768.5632
135496.573
122656.7514
109302.8547
95662.73978
82039.31453
68793.05445
56303.13581
44914.60471
34887.33178
26363.614
19363.4005
282182.9899
282120.5869
282048.0731
281968.1731
281883.8023
281796.6919
281707.032
281613.8407
281515.514
281410.293
281296.6105
281173.3206
281039.7761
280895.7196
280740.9994
280575.1941
280397.2924
280205.5765
279997.764
279771.34
279523.9193
279253.4729
278958.3186
278636.9027
278287.5077
277908.0632
277496.1786
277049.3973
276565.5553
276043.0694
275481.0004
274878.8289
274236.0106
273551.4744
272823.2468
272048.3094
271222.7015
270341.7902
269400.5987
268394.0791
267317.2376
266165.0657
264932.295
263613.0549
262200.5479
260686.8393
259062.8104
257318.2578
255442.0609
253422.293
251246.1373
248899.4941
246366.2343
243627.1494
240658.7246
237431.8951
233910.94
230052.6421
225805.8335
221111.4543
215903.2838
210109.5253
203655.4429
196467.2322
188477.2638
179630.7338
169893.5965
159261.4251
147768.5632
135496.573
122656.7514
109302.8547
95662.73978
82039.31453
68793.05445
56303.13581
44914.60471
34887.33178
26363.614
19363.4005
282182.9899
282120.5869
282048.0731
281968.1731
281883.8023
281796.6919
281707.032
281613.8407
281515.514
281410.293
281296.6105
281173.3206
281039.7761
280895.7196
280740.9994
280575.1941
280397.2924
280205.5765
279997.764
279771.34
279523.9193
279253.4729
278958.3186
278636.9027
278287.5077
277908.0632
277496.1786
277049.3973
276565.5553
276043.0694
275481.0004
274878.8289
274236.0106
273551.4744
272823.2468
272048.3094
271222.7015
270341.7902
269400.5987
268394.0791
267317.2376
266165.0657
264932.295
263613.0549
262200.5479
260686.8393
259062.8104
257318.2578
255442.0609
253422.293
251246.1373
248899.4941
246366.2343
243627.1494
240658.7246
237431.8951
233910.94
230052.6421
225805.8335
221111.4543
215903.2838
210109.5253
203655.4429
196467.2322
188477.2638
179630.7338
169893.5965
159261.4251
147768.5632
135496.573
122656.7514
109302.8547
95662.73978
82039.31453
68793.05445
56303.13581
44914.60471
34887.33178
26363.614
19363.4005
282182.9899
282120.5869
282048.0731
281968.1731
281883.8023
281796.6919
281707.032
281613.8407
281515.514
281410.293
281296.6105
281173.3206
281039.7761
280895.7196
280740.9994
280575.1941
280397.2924
280205.5765
279997.764
279771.34
279523.9193
279253.4729
278958.3186
278636.9027
278287.5077
277908.0632
277496.1786
277049.3973
276565.5553
276043.0694
275481.0004
274878.8289
274236.0106
273551.4744
272823.2468
272048.3094
271222.7015
270341.7902
269400.5987
268394.0791
267317.2376
266165.0657
264932.295
263613.0549
262200.5479
260686.8393
259062.8104
257318.2578
255442.0609
253422.293
251246.1373
248899.4941
246366.2343
243627.1494
240658.7246
237431.8951
233910.94
230052.6421
225805.8335
221111.4543
215903.2838
210109.5253
203655.4429
196467.2322
188477.2638
179630.7338
169893.5965
159261.4251
147768.5632
135496.573
122656.7514
109302.8547
95662.73978
82039.31453
68793.05445
56303.13581
44914.60471
34887.33178
26363.614
19363.4005
282182.9899
282120.5869
282048.0731
281968.1731
281883.8023
281796.6919
281707.032
281613.8407
281515.514
281410.293
281296.6105
281173.3206
281039.7761
280895.7196
280740.9994
280575.1941
280397.2924
280205.5765
279997.764
279771.34
279523.9193
279253.4729
278958.3186
278636.9027
278287.5077
277908.0632
277496.1786
277049.3973
276565.5553
276043.0694
275481.0004
274878.8289
274236.0106
273551.4744
272823.2468
272048.3094
271222.7015
270341.7902
269400.5987
268394.0791
267317.2376
266165.0657
264932.295
263613.0549
262200.5479
260686.8393
259062.8104
257318.2578
255442.0609
253422.293
251246.1373
248899.4941
246366.2343
243627.1494
240658.7246
237431.8951
233910.94
230052.6421
225805.8335
221111.4543
215903.2838
210109.5253
203655.4429
196467.2322
188477.2638
179630.7338
169893.5965
159261.4251
147768.5632
135496.573
122656.7514
109302.8547
95662.73978
82039.31453
68793.05445
56303.13581
44914.60471
34887.33178
26363.614
19363.4005
282182.9899
282120.5869
282048.0731
281968.1731
281883.8023
281796.6919
281707.032
281613.8407
281515.514
281410.293
281296.6105
281173.3206
281039.7761
280895.7196
280740.9994
280575.1941
280397.2924
280205.5765
279997.764
279771.34
279523.9193
279253.4729
278958.3186
278636.9027
278287.5077
277908.0632
277496.1786
277049.3973
276565.5553
276043.0694
275481.0004
274878.8289
274236.0106
273551.4744
272823.2468
272048.3094
271222.7015
270341.7902
269400.5987
268394.0791
267317.2376
266165.0657
264932.295
263613.0549
262200.5479
260686.8393
259062.8104
257318.2578
255442.0609
253422.293
251246.1373
248899.4941
246366.2343
243627.1494
240658.7246
237431.8951
233910.94
230052.6421
225805.8335
221111.4543
215903.2838
210109.5253
203655.4429
196467.2322
188477.2638
179630.7338
169893.5965
159261.4251
147768.5632
135496.573
122656.7514
109302.8547
95662.73978
82039.31453
68793.05445
56303.13581
44914.60471
34887.33178
26363.614
19363.4005
282182.9899
282120.5869
282048.0731
281968.1731
281883.8023
281796.6919
281707.032
281613.8407
281515.514
281410.293
281296.6105
281173.3206
281039.7761
280895.7196
280740.9994
280575.1941
280397.2924
280205.5765
279997.764
279771.34
279523.9193
279253.4729
278958.3186
278636.9027
278287.5077
277908.0632
277496.1786
277049.3973
276565.5553
276043.0694
275481.0004
274878.8289
274236.0106
273551.4744
272823.2468
272048.3094
271222.7015
270341.7902
269400.5987
268394.0791
267317.2376
266165.0657
264932.295
263613.0549
262200.5479
260686.8393
259062.8104
257318.2578
255442.0609
253422.293
251246.1373
248899.4941
246366.2343
243627.1494
240658.7246
237431.8951
233910.94
230052.6421
225805.8335
221111.4543
215903.2838
210109.5253
203655.4429
196467.2322
188477.2638
179630.7338
169893.5965
159261.4251
147768.5632
135496.573
122656.7514
109302.8547
95662.73978
82039.31453
68793.05445
56303.13581
44914.60471
34887.33178
26363.614
19363.4005
282182.9899
282120.5869
282048.0731
281968.1731
281883.8023
281796.6919
281707.032
281613.8407
281515.514
281410.293
281296.6105
281173.3206
281039.7761
280895.7196
280740.9994
280575.1941
280397.2924
280205.5765
279997.764
279771.34
279523.9193
279253.4729
278958.3186
278636.9027
278287.5077
277908.0632
277496.1786
277049.3973
276565.5553
276043.0694
275481.0004
274878.8289
274236.0106
273551.4744
272823.2468
272048.3094
271222.7015
270341.7902
269400.5987
268394.0791
267317.2376
266165.0657
264932.295
263613.0549
262200.5479
260686.8393
259062.8104
257318.2578
255442.0609
253422.293
251246.1373
248899.4941
246366.2343
243627.1494
240658.7246
237431.8951
233910.94
230052.6421
225805.8335
221111.4543
215903.2838
210109.5253
203655.4429
196467.2322
188477.2638
179630.7338
169893.5965
159261.4251
147768.5632
135496.573
122656.7514
109302.8547
95662.73978
82039.31453
68793.05445
56303.13581
44914.60471
34887.33178
26363.614
19363.4005
282182.9899
282120.5869
282048.0731
281968.1731
281883.8023
281796.6919
281707.032
281613.8407
281515.514
281410.293
281296.6105
281173.3206
281039.7761
280895.7196
280740.9994
280575.1941
280397.2924
280205.5765
279997.764
279771.34
279523.9193
279253.4729
278958.3186
278636.9027
278287.5077
277908.0632
277496.1786
277049.3973
276565.5553
276043.0694
275481.0004
274878.8289
274236.0106
273551.4744
272823.2468
272048.3094
271222.7015
270341.7902
269400.5987
268394.0791
267317.2376
266165.0657
264932.295
263613.0549
262200.5479
260686.8393
259062.8104
257318.2578
255442.0609
253422.293
251246.1373
248899.4941
246366.2343
243627.1494
240658.7246
237431.8951
233910.94
230052.6421
225805.8335
221111.4543
215903.2838
210109.5253
203655.4429
196467.2322
188477.2638
179630.7338
169893.5965
159261.4251
147768.5632
135496.573
122656.7514
109302.8547
95662.73978
82039.31453
68793.05445
56303.13581
44914.60471
34887.33178
26363.614
19363.4005
282182.9899
282120.5869
282048.0731
281968.1731
281883.8023
281796.6919
281707.032
281613.8407
281515.514
281410.293
281296.6105
281173.3206
281039.7761
280895.7196
280740.9994
280575.1941
280397.2924
280205.5765
279997.764
279771.34
279523.9193
279253.4729
278958.3186
278636.9027
278287.5077
277908.0632
277496.1786
277049.3973
276565.5553
276043.0694
275481.0004
274878.8289
274236.0106
273551.4744
272823.2468
272048.3094
271222.7015
270341.7902
269400.5987
268394.0791
267317.2376
266165.0657
264932.295
263613.0549
262200.5479
260686.8393
259062.8104
257318.2578
255442.0609
253422.293
251246.1373
248899.4941
246366.2343
243627.1494
240658.7246
237431.8951
233910.94
230052.6421
225805.8335
221111.4543
215903.2838
210109.5253
203655.4429
196467.2322
188477.2638
179630.7338
169893.5965
159261.4251
147768.5632
135496.573
122656.7514
109302.8547
95662.73978
82039.31453
68793.05445
56303.13581
44914.60471
34887.33178
26363.614
19363.4005
282182.9899
282120.5869
282048.0731
281968.1731
281883.8023
281796.6919
281707.032
281613.8407
281515.514
281410.293
281296.6105
281173.3206
281039.7761
280895.7196
280740.9994
280575.1941
280397.2924
280205.5765
279997.764
279771.34
279523.9193
279253.4729
278958.3186
278636.9027
278287.5077
277908.0632
277496.1786
277049.3973
276565.5553
276043.0694
275481.0004
274878.8289
274236.0106
273551.4744
272823.2468
272048.3094
271222.7015
270341.7902
269400.5987
268394.0791
267317.2376
266165.0657
264932.295
263613.0549
262200.5479
260686.8393
259062.8104
257318.2578
255442.0609
253422.293
251246.1373
248899.4941
246366.2343
243627.1494
240658.7246
237431.8951
233910.94
230052.6421
225805.8335
221111.4543
215903.2838
210109.5253
203655.4429
196467.2322
188477.2638
179630.7338
169893.5965
159261.4251
147768.5632
135496.573
122656.7514
109302.8547
95662.73978
82039.31453
68793.05445
56303.13581
44914.60471
34887.33178
26363.614
19363.4005
282182.9899
282120.5869
282048.0731
281968.1731
281883.8023
281796.6919
281707.032
281613.8407
281515.514
281410.293
281296.6105
281173.3206
281039.7761
280895.7196
280740.9994
280575.1941
280397.2924
280205.5765
279997.764
279771.34
279523.9193
279253.4729
278958.3186
278636.9027
278287.5077
277908.0632
277496.1786
277049.3973
276565.5553
276043.0694
275481.0004
274878.8289
274236.0106
273551.4744
272823.2468
272048.3094
271222.7015
270341.7902
269400.5987
268394.0791
267317.2376
266165.0657
264932.295
263613.0549
262200.5479
260686.8393
259062.8104
257318.2578
255442.0609
253422.293
251246.1373
248899.4941
246366.2343
243627.1494
240658.7246
237431.8951
233910.94
230052.6421
225805.8335
221111.4543
215903.2838
210109.5253
203655.4429
196467.2322
188477.2638
179630.7338
169893.5965
159261.4251
147768.5632
135496.573
122656.7514
109302.8547
95662.73978
82039.31453
68793.05445
56303.13581
44914.60471
34887.33178
26363.614
19363.4005
282182.9899
282120.5869
282048.0731
281968.1731
281883.8023
281796.6919
281707.032
281613.8407
281515.514
281410.293
281296.6105
281173.3206
281039.7761
280895.7196
280740.9994
280575.1941
280397.2924
280205.5765
279997.764
279771.34
279523.9193
279253.4729
278958.3186
278636.9027
278287.5077
277908.0632
277496.1786
277049.3973
276565.5553
276043.0694
275481.0004
274878.8289
274236.0106
273551.4744
272823.2468
272048.3094
271222.7015
270341.7902
269400.5987
268394.0791
267317.2376
266165.0657
264932.295
263613.0549
262200.5479
260686.8393
259062.8104
257318.2578
255442.0609
253422.293
251246.1373
248899.4941
246366.2343
243627.1494
240658.7246
237431.8951
233910.94
230052.6421
225805.8335
221111.4543
215903.2838
210109.5253
203655.4429
196467.2322
188477.2638
179630.7338
169893.5965
159261.4251
147768.5632
135496.573
122656.7514
109302.8547
95662.73978
82039.31453
68793.05445
56303.13581
44914.60471
34887.33178
26363.614
19363.4005
282182.9899
282120.5869
282048.0731
281968.1731
281883.8023
281796.6919
281707.032
281613.8407
281515.514
281410.293
281296.6105
281173.3206
281039.7761
280895.7196
280740.9994
280575.1941
280397.2924
280205.5765
279997.764
279771.34
279523.9193
279253.4729
278958.3186
278636.9027
278287.5077
277908.0632
277496.1786
277049.3973
276565.5553
276043.0694
275481.0004
274878.8289
274236.0106
273551.4744
272823.2468
272048.3094
271222.7015
270341.7902
269400.5987
268394.0791
267317.2376
266165.0657
264932.295
263613.0549
262200.5479
260686.8393
259062.8104
257318.2578
255442.0609
253422.293
251246.1373
248899.4941
246366.2343
243627.1494
240658.7246
237431.8951
233910.94
230052.6421
225805.8335
221111.4543
215903.2838
210109.5253
203655.4429
196467.2322
188477.2638
179630.7338
169893.5965
159261.4251
147768.5632
135496.573
122656.7514
109302.8547
95662.73978
82039.31453
68793.05445
56303.13581
44914.60471
34887.33178
26363.614
19363.4005
282182.9899
282120.5869
282048.0731
281968.1731
281883.8023
281796.6919
281707.032
281613.8407
281515.514
281410.293
281296.6105
281173.3206
281039.7761
280895.7196
280740.9994
280575.1941
280397.2924
280205.5765
279997.764
279771.34
279523.9193
279253.4729
278958.3186
278636.9027
278287.5077
277908.0632
277496.1786
277049.3973
276565.5553
276043.0694
275481.0004
274878.8289
274236.0106
273551.4744
272823.2468
272048.3094
271222.7015
270341.7902
269400.5987
268394.0791
267317.2376
266165.0657
264932.295
263613.0549
262200.5479
260686.8393
259062.8104
257318.2578
255442.0609
253422.293
251246.1373
248899.4941
246366.2343
243627.1494
240658.7246
237431.8951
233910.94
230052.6421
225805.8335
221111.4543
215903.2838
210109.5253
203655.4429
196467.2322
188477.2638
179630.7338
169893.5965
159261.4251
147768.5632
135496.573
122656.7514
109302.8547
95662.73978
82039.31453
68793.05445
56303.13581
44914.60471
34887.33178
26363.614
19363.4005
282182.9899
282120.5869
282048.0731
281968.1731
281883.8023
281796.6919
281707.032
281613.8407
281515.514
281410.293
281296.6105
281173.3206
281039.7761
280895.7196
280740.9994
280575.1941
280397.2924
280205.5765
279997.764
279771.34
279523.9193
279253.4729
278958.3186
278636.9027
278287.5077
277908.0632
277496.1786
277049.3973
276565.5553
276043.0694
275481.0004
274878.8289
274236.0106
273551.4744
272823.2468
272048.3094
271222.7015
270341.7902
269400.5987
268394.0791
267317.2376
266165.0657
264932.295
263613.0549
262200.5479
260686.8393
259062.8104
257318.2578
255442.0609
253422.293
251246.1373
248899.4941
246366.2343
243627.1494
240658.7246
237431.8951
233910.94
230052.6421
225805.8335
221111.4543
215903.2838
210109.5253
203655.4429
196467.2322
188477.2638
179630.7338
169893.5965
159261.4251
147768.5632
135496.573
122656.7514
109302.8547
95662.73978
82039.31453
68793.05445
56303.13581
44914.60471
34887.33178
26363.614
19363.4005
282182.9899
282120.5869
282048.0731
281968.1731
281883.8023
281796.6919
281707.032
281613.8407
281515.514
281410.293
281296.6105
281173.3206
281039.7761
280895.7196
280740.9994
280575.1941
280397.2924
280205.5765
279997.764
279771.34
279523.9193
279253.4729
278958.3186
278636.9027
278287.5077
277908.0632
277496.1786
277049.3973
276565.5553
276043.0694
275481.0004
274878.8289
274236.0106
273551.4744
272823.2468
272048.3094
271222.7015
270341.7902
269400.5987
268394.0791
267317.2376
266165.0657
264932.295
263613.0549
262200.5479
260686.8393
259062.8104
257318.2578
255442.0609
253422.293
251246.1373
248899.4941
246366.2343
243627.1494
240658.7246
237431.8951
233910.94
230052.6421
225805.8335
221111.4543
215903.2838
210109.5253
203655.4429
196467.2322
188477.2638
179630.7338
169893.5965
159261.4251
147768.5632
135496.573
122656.7514
109302.8547
95662.73978
82039.31453
68793.05445
56303.13581
44914.60471
34887.33178
26363.614
19363.4005
282182.9899
282120.5869
282048.0731
281968.1731
281883.8023
281796.6919
281707.032
281613.8407
281515.514
281410.293
281296.6105
281173.3206
281039.7761
280895.7196
280740.9994
280575.1941
280397.2924
280205.5765
279997.764
279771.34
279523.9193
279253.4729
278958.3186
278636.9027
278287.5077
277908.0632
277496.1786
277049.3973
276565.5553
276043.0694
275481.0004
274878.8289
274236.0106
273551.4744
272823.2468
272048.3094
271222.7015
270341.7902
269400.5987
268394.0791
267317.2376
266165.0657
264932.295
263613.0549
262200.5479
260686.8393
259062.8104
257318.2578
255442.0609
253422.293
251246.1373
248899.4941
246366.2343
243627.1494
240658.7246
237431.8951
233910.94
230052.6421
225805.8335
221111.4543
215903.2838
210109.5253
203655.4429
196467.2322
188477.2638
179630.7338
169893.5965
159261.4251
147768.5632
135496.573
122656.7514
109302.8547
95662.73978
82039.31453
68793.05445
56303.13581
44914.60471
34887.33178
26363.614
19363.4005
282182.9899
282120.5869
282048.0731
281968.1731
281883.8023
281796.6919
281707.032
281613.8407
281515.514
281410.293
281296.6105
281173.3206
281039.7761
280895.7196
280740.9994
280575.1941
280397.2924
280205.5765
279997.764
279771.34
279523.9193
279253.4729
278958.3186
278636.9027
278287.5077
277908.0632
277496.1786
277049.3973
276565.5553
276043.0694
275481.0004
274878.8289
274236.0106
273551.4744
272823.2468
272048.3094
271222.7015
270341.7902
269400.5987
268394.0791
267317.2376
266165.0657
264932.295
263613.0549
262200.5479
260686.8393
259062.8104
257318.2578
255442.0609
253422.293
251246.1373
248899.4941
246366.2343
243627.1494
240658.7246
237431.8951
233910.94
230052.6421
225805.8335
221111.4543
215903.2838
210109.5253
203655.4429
196467.2322
188477.2638
179630.7338
169893.5965
159261.4251
147768.5632
135496.573
122656.7514
109302.8547
95662.73978
82039.31453
68793.05445
56303.13581
44914.60471
34887.33178
26363.614
19363.4005
282182.9899
282120.5869
282048.0731
281968.1731
281883.8023
281796.6919
281707.032
281613.8407
281515.514
281410.293
281296.6105
281173.3206
281039.7761
280895.7196
280740.9994
280575.1941
280397.2924
280205.5765
279997.764
279771.34
279523.9193
279253.4729
278958.3186
278636.9027
278287.5077
277908.0632
277496.1786
277049.3973
276565.5553
276043.0694
275481.0004
274878.8289
274236.0106
273551.4744
272823.2468
272048.3094
271222.7015
270341.7902
269400.5987
268394.0791
267317.2376
266165.0657
264932.295
263613.0549
262200.5479
260686.8393
259062.8104
257318.2578
255442.0609
253422.293
251246.1373
248899.4941
246366.2343
243627.1494
240658.7246
237431.8951
233910.94
230052.6421
225805.8335
221111.4543
215903.2838
210109.5253
203655.4429
196467.2322
188477.2638
179630.7338
169893.5965
159261.4251
147768.5632
135496.573
122656.7514
109302.8547
95662.73978
82039.31453
68793.05445
56303.13581
44914.60471
34887.33178
26363.614
19363.4005
282182.9899
282120.5869
282048.0731
281968.1731
281883.8023
281796.6919
281707.032
281613.8407
281515.514
281410.293
281296.6105
281173.3206
281039.7761
280895.7196
280740.9994
280575.1941
280397.2924
280205.5765
279997.764
279771.34
279523.9193
279253.4729
278958.3186
278636.9027
278287.5077
277908.0632
277496.1786
277049.3973
276565.5553
276043.0694
275481.0004
274878.8289
274236.0106
273551.4744
272823.2468
272048.3094
271222.7015
270341.7902
269400.5987
268394.0791
267317.2376
266165.0657
264932.295
263613.0549
262200.5479
260686.8393
259062.8104
257318.2578
255442.0609
253422.293
251246.1373
248899.4941
246366.2343
243627.1494
240658.7246
237431.8951
233910.94
230052.6421
225805.8335
221111.4543
215903.2838
210109.5253
203655.4429
196467.2322
188477.2638
179630.7338
169893.5965
159261.4251
147768.5632
135496.573
122656.7514
109302.8547
95662.73978
82039.31453
68793.05445
56303.13581
44914.60471
34887.33178
26363.614
19363.4005
282182.9899
282120.5869
282048.0731
281968.1731
281883.8023
281796.6919
281707.032
281613.8407
281515.514
281410.293
281296.6105
281173.3206
281039.7761
280895.7196
280740.9994
280575.1941
280397.2924
280205.5765
279997.764
279771.34
279523.9193
279253.4729
278958.3186
278636.9027
278287.5077
277908.0632
277496.1786
277049.3973
276565.5553
276043.0694
275481.0004
274878.8289
274236.0106
273551.4744
272823.2468
272048.3094
271222.7015
270341.7902
269400.5987
268394.0791
267317.2376
266165.0657
264932.295
263613.0549
262200.5479
260686.8393
259062.8104
257318.2578
255442.0609
253422.293
251246.1373
248899.4941
246366.2343
243627.1494
240658.7246
237431.8951
233910.94
230052.6421
225805.8335
221111.4543
215903.2838
210109.5253
203655.4429
196467.2322
188477.2638
179630.7338
169893.5965
159261.4251
147768.5632
135496.573
122656.7514
109302.8547
95662.73978
82039.31453
68793.05445
56303.13581
44914.60471
34887.33178
26363.614
19363.4005
282182.9899
282120.5869
282048.0731
281968.1731
281883.8023
281796.6919
281707.032
281613.8407
281515.514
281410.293
281296.6105
281173.3206
281039.7761
280895.7196
280740.9994
280575.1941
280397.2924
280205.5765
279997.764
279771.34
279523.9193
279253.4729
278958.3186
278636.9027
278287.5077
277908.0632
277496.1786
277049.3973
276565.5553
276043.0694
275481.0004
274878.8289
274236.0106
273551.4744
272823.2468
272048.3094
271222.7015
270341.7902
269400.5987
268394.0791
267317.2376
266165.0657
264932.295
263613.0549
262200.5479
260686.8393
259062.8104
257318.2578
255442.0609
253422.293
251246.1373
248899.4941
246366.2343
243627.1494
240658.7246
237431.8951
233910.94
230052.6421
225805.8335
221111.4543
215903.2838
210109.5253
203655.4429
196467.2322
188477.2638
179630.7338
169893.5965
159261.4251
147768.5632
135496.573
122656.7514
109302.8547
95662.73978
82039.31453
68793.05445
56303.13581
44914.60471
34887.33178
26363.614
19363.4005
282182.9899
282120.5869
282048.0731
281968.1731
281883.8023
281796.6919
281707.032
281613.8407
281515.514
281410.293
281296.6105
281173.3206
281039.7761
280895.7196
280740.9994
280575.1941
280397.2924
280205.5765
279997.764
279771.34
279523.9193
279253.4729
278958.3186
278636.9027
278287.5077
277908.0632
277496.1786
277049.3973
276565.5553
276043.0694
275481.0004
274878.8289
274236.0106
273551.4744
272823.2468
272048.3094
271222.7015
270341.7902
269400.5987
268394.0791
267317.2376
266165.0657
264932.295
263613.0549
262200.5479
260686.8393
259062.8104
257318.2578
255442.0609
253422.293
251246.1373
248899.4941
246366.2343
243627.1494
240658.7246
237431.8951
233910.94
230052.6421
225805.8335
221111.4543
215903.2838
210109.5253
203655.4429
196467.2322
188477.2638
179630.7338
169893.5965
159261.4251
147768.5632
135496.573
122656.7514
109302.8547
95662.73978
82039.31453
68793.05445
56303.13581
44914.60471
34887.33178
26363.614
19363.4005
282182.9899
282120.5869
282048.0731
281968.1731
281883.8023
281796.6919
281707.032
281613.8407
281515.514
281410.293
281296.6105
281173.3206
281039.7761
280895.7196
280740.9994
280575.1941
280397.2924
280205.5765
279997.764
279771.34
279523.9193
279253.4729
278958.3186
278636.9027
278287.5077
277908.0632
277496.1786
277049.3973
276565.5553
276043.0694
275481.0004
274878.8289
274236.0106
273551.4744
272823.2468
272048.3094
271222.7015
270341.7902
269400.5987
268394.0791
267317.2376
266165.0657
264932.295
263613.0549
262200.5479
260686.8393
259062.8104
257318.2578
255442.0609
253422.293
251246.1373
248899.4941
246366.2343
243627.1494
240658.7246
237431.8951
233910.94
230052.6421
225805.8335
221111.4543
215903.2838
210109.5253
203655.4429
196467.2322
188477.2638
179630.7338
169893.5965
159261.4251
147768.5632
135496.573
122656.7514
109302.8547
95662.73978
82039.31453
68793.05445
56303.13581
44914.60471
34887.33178
26363.614
19363.4005
282182.9899
282120.5869
282048.0731
281968.1731
281883.8023
281796.6919
281707.032
281613.8407
281515.514
281410.293
281296.6105
281173.3206
281039.7761
280895.7196
280740.9994
280575.1941
280397.2924
280205.5765
279997.764
279771.34
279523.9193
279253.4729
278958.3186
278636.9027
278287.5077
277908.0632
277496.1786
277049.3973
276565.5553
276043.0694
275481.0004
274878.8289
274236.0106
273551.4744
272823.2468
272048.3094
271222.7015
270341.7902
269400.5987
268394.0791
267317.2376
266165.0657
264932.295
263613.0549
262200.5479
260686.8393
259062.8104
257318.2578
255442.0609
253422.293
251246.1373
248899.4941
246366.2343
243627.1494
240658.7246
237431.8951
233910.94
230052.6421
225805.8335
221111.4543
215903.2838
210109.5253
203655.4429
196467.2322
188477.2638
179630.7338
169893.5965
159261.4251
147768.5632
135496.573
122656.7514
109302.8547
95662.73978
82039.31453
68793.05445
56303.13581
44914.60471
34887.33178
26363.614
19363.4005
282182.9899
282120.5869
282048.0731
281968.1731
281883.8023
281796.6919
281707.032
281613.8407
281515.514
281410.293
281296.6105
281173.3206
281039.7761
280895.7196
280740.9994
280575.1941
280397.2924
280205.5765
279997.764
279771.34
279523.9193
279253.4729
278958.3186
278636.9027
278287.5077
277908.0632
277496.1786
277049.3973
276565.5553
276043.0694
275481.0004
274878.8289
274236.0106
273551.4744
272823.2468
272048.3094
271222.7015
270341.7902
269400.5987
268394.0791
267317.2376
266165.0657
264932.295
263613.0549
262200.5479
260686.8393
259062.8104
257318.2578
255442.0609
253422.293
251246.1373
248899.4941
246366.2343
243627.1494
240658.7246
237431.8951
233910.94
230052.6421
225805.8335
221111.4543
215903.2838
210109.5253
203655.4429
196467.2322
188477.2638
179630.7338
169893.5965
159261.4251
147768.5632
135496.573
122656.7514
109302.8547
95662.73978
82039.31453
68793.05445
56303.13581
44914.60471
34887.33178
26363.614
19363.4005
282182.9899
282120.5869
282048.0731
281968.1731
281883.8023
281796.6919
281707.032
281613.8407
281515.514
281410.293
281296.6105
281173.3206
281039.7761
280895.7196
280740.9994
280575.1941
280397.2924
280205.5765
279997.764
279771.34
279523.9193
279253.4729
278958.3186
278636.9027
278287.5077
277908.0632
277496.1786
277049.3973
276565.5553
276043.0694
275481.0004
274878.8289
274236.0106
273551.4744
272823.2468
272048.3094
271222.7015
270341.7902
269400.5987
268394.0791
267317.2376
266165.0657
264932.295
263613.0549
262200.5479
260686.8393
259062.8104
257318.2578
255442.0609
253422.293
251246.1373
248899.4941
246366.2343
243627.1494
240658.7246
237431.8951
233910.94
230052.6421
225805.8335
221111.4543
215903.2838
210109.5253
203655.4429
196467.2322
188477.2638
179630.7338
169893.5965
159261.4251
147768.5632
135496.573
122656.7514
109302.8547
95662.73978
82039.31453
68793.05445
56303.13581
44914.60471
34887.33178
26363.614
19363.4005
282182.9899
282120.5869
282048.0731
281968.1731
281883.8023
281796.6919
281707.032
281613.8407
281515.514
281410.293
281296.6105
281173.3206
281039.7761
280895.7196
280740.9994
280575.1941
280397.2924
280205.5765
279997.764
279771.34
279523.9193
279253.4729
278958.3186
278636.9027
278287.5077
277908.0632
277496.1786
277049.3973
276565.5553
276043.0694
275481.0004
274878.8289
274236.0106
273551.4744
272823.2468
272048.3094
271222.7015
270341.7902
269400.5987
268394.0791
267317.2376
266165.0657
264932.295
263613.0549
262200.5479
260686.8393
259062.8104
257318.2578
255442.0609
253422.293
251246.1373
248899.4941
246366.2343
243627.1494
240658.7246
237431.8951
233910.94
230052.6421
225805.8335
221111.4543
215903.2838
210109.5253
203655.4429
196467.2322
188477.2638
179630.7338
169893.5965
159261.4251
147768.5632
135496.573
122656.7514
109302.8547
95662.73978
82039.31453
68793.05445
56303.13581
44914.60471
34887.33178
26363.614
19363.4005
282182.9899
282120.5869
282048.0731
281968.1731
281883.8023
281796.6919
281707.032
281613.8407
281515.514
281410.293
281296.6105
281173.3206
281039.7761
280895.7196
280740.9994
280575.1941
280397.2924
280205.5765
279997.764
279771.34
279523.9193
279253.4729
278958.3186
278636.9027
278287.5077
277908.0632
277496.1786
277049.3973
276565.5553
276043.0694
275481.0004
274878.8289
274236.0106
273551.4744
272823.2468
272048.3094
271222.7015
270341.7902
269400.5987
268394.0791
267317.2376
266165.0657
264932.295
263613.0549
262200.5479
260686.8393
259062.8104
257318.2578
255442.0609
253422.293
251246.1373
248899.4941
246366.2343
243627.1494
240658.7246
237431.8951
233910.94
230052.6421
225805.8335
221111.4543
215903.2838
210109.5253
203655.4429
196467.2322
188477.2638
179630.7338
169893.5965
159261.4251
147768.5632
135496.573
122656.7514
109302.8547
95662.73978
82039.31453
68793.05445
56303.13581
44914.60471
34887.33178
26363.614
19363.4005
282182.9899
282120.5869
282048.0731
281968.1731
281883.8023
281796.6919
281707.032
281613.8407
281515.514
281410.293
281296.6105
281173.3206
281039.7761
280895.7196
280740.9994
280575.1941
280397.2924
280205.5765
279997.764
279771.34
279523.9193
279253.4729
278958.3186
278636.9027
278287.5077
277908.0632
277496.1786
277049.3973
276565.5553
276043.0694
275481.0004
274878.8289
274236.0106
273551.4744
272823.2468
272048.3094
271222.7015
270341.7902
269400.5987
268394.0791
267317.2376
266165.0657
264932.295
263613.0549
262200.5479
260686.8393
259062.8104
257318.2578
255442.0609
253422.293
251246.1373
248899.4941
246366.2343
243627.1494
240658.7246
237431.8951
233910.94
230052.6421
225805.8335
221111.4543
215903.2838
210109.5253
203655.4429
196467.2322
188477.2638
179630.7338
169893.5965
159261.4251
147768.5632
135496.573
122656.7514
109302.8547
95662.73978
82039.31453
68793.05445
56303.13581
44914.60471
34887.33178
26363.614
19363.4005
282182.9899
282120.5869
282048.0731
281968.1731
281883.8023
281796.6919
281707.032
281613.8407
281515.514
281410.293
281296.6105
281173.3206
281039.7761
280895.7196
280740.9994
280575.1941
280397.2924
280205.5765
279997.764
279771.34
279523.9193
279253.4729
278958.3186
278636.9027
278287.5077
277908.0632
277496.1786
277049.3973
276565.5553
276043.0694
275481.0004
274878.8289
274236.0106
273551.4744
272823.2468
272048.3094
271222.7015
270341.7902
269400.5987
268394.0791
267317.2376
266165.0657
264932.295
263613.0549
262200.5479
260686.8393
259062.8104
257318.2578
255442.0609
253422.293
251246.1373
248899.4941
246366.2343
243627.1494
240658.7246
237431.8951
233910.94
230052.6421
225805.8335
221111.4543
215903.2838
210109.5253
203655.4429
196467.2322
188477.2638
179630.7338
169893.5965
159261.4251
147768.5632
135496.573
122656.7514
109302.8547
95662.73978
82039.31453
68793.05445
56303.13581
44914.60471
34887.33178
26363.614
19363.4005
282182.9899
282120.5869
282048.0731
281968.1731
281883.8023
281796.6919
281707.032
281613.8407
281515.514
281410.293
281296.6105
281173.3206
281039.7761
280895.7196
280740.9994
280575.1941
280397.2924
280205.5765
279997.764
279771.34
279523.9193
279253.4729
278958.3186
278636.9027
278287.5077
277908.0632
277496.1786
277049.3973
276565.5553
276043.0694
275481.0004
274878.8289
274236.0106
273551.4744
272823.2468
272048.3094
271222.7015
270341.7902
269400.5987
268394.0791
267317.2376
266165.0657
264932.295
263613.0549
262200.5479
260686.8393
259062.8104
257318.2578
255442.0609
253422.293
251246.1373
248899.4941
246366.2343
243627.1494
240658.7246
237431.8951
233910.94
230052.6421
225805.8335
221111.4543
215903.2838
210109.5253
203655.4429
196467.2322
188477.2638
179630.7338
169893.5965
159261.4251
147768.5632
135496.573
122656.7514
109302.8547
95662.73978
82039.31453
68793.05445
56303.13581
44914.60471
34887.33178
26363.614
19363.4005
282182.9899
282120.5869
282048.0731
281968.1731
281883.8023
281796.6919
281707.032
281613.8407
281515.514
281410.293
281296.6105
281173.3206
281039.7761
280895.7196
280740.9994
280575.1941
280397.2924
280205.5765
279997.764
279771.34
279523.9193
279253.4729
278958.3186
278636.9027
278287.5077
277908.0632
277496.1786
277049.3973
276565.5553
276043.0694
275481.0004
274878.8289
274236.0106
273551.4744
272823.2468
272048.3094
271222.7015
270341.7902
269400.5987
268394.0791
267317.2376
266165.0657
264932.295
263613.0549
262200.5479
260686.8393
259062.8104
257318.2578
255442.0609
253422.293
251246.1373
248899.4941
246366.2343
243627.1494
240658.7246
237431.8951
233910.94
230052.6421
225805.8335
221111.4543
215903.2838
210109.5253
203655.4429
196467.2322
188477.2638
179630.7338
169893.5965
159261.4251
147768.5632
135496.573
122656.7514
109302.8547
95662.73978
82039.31453
68793.05445
56303.13581
44914.60471
34887.33178
26363.614
19363.4005
282182.9899
282120.5869
282048.0731
281968.1731
281883.8023
281796.6919
281707.032
281613.8407
281515.514
281410.293
281296.6105
281173.3206
281039.7761
280895.7196
280740.9994
280575.1941
280397.2924
280205.5765
279997.764
279771.34
279523.9193
279253.4729
278958.3186
278636.9027
278287.5077
277908.0632
277496.1786
277049.3973
276565.5553
276043.0694
275481.0004
274878.8289
274236.0106
273551.4744
272823.2468
272048.3094
271222.7015
270341.7902
269400.5987
268394.0791
267317.2376
266165.0657
264932.295
263613.0549
262200.5479
260686.8393
259062.8104
257318.2578
255442.0609
253422.293
251246.1373
248899.4941
246366.2343
243627.1494
240658.7246
237431.8951
233910.94
230052.6421
225805.8335
221111.4543
215903.2838
210109.5253
203655.4429
196467.2322
188477.2638
179630.7338
169893.5965
159261.4251
147768.5632
135496.573
122656.7514
109302.8547
95662.73978
82039.31453
68793.05445
56303.13581
44914.60471
34887.33178
26363.614
19363.4005
282182.9899
282120.5869
282048.0731
281968.1731
281883.8023
281796.6919
281707.032
281613.8407
281515.514
281410.293
281296.6105
281173.3206
281039.7761
280895.7196
280740.9994
280575.1941
280397.2924
280205.5765
279997.764
279771.34
279523.9193
279253.4729
278958.3186
278636.9027
278287.5077
277908.0632
277496.1786
277049.3973
276565.5553
276043.0694
275481.0004
274878.8289
274236.0106
273551.4744
272823.2468
272048.3094
271222.7015
270341.7902
269400.5987
268394.0791
267317.2376
266165.0657
264932.295
263613.0549
262200.5479
260686.8393
259062.8104
257318.2578
255442.0609
253422.293
251246.1373
248899.4941
246366.2343
243627.1494
240658.7246
237431.8951
233910.94
230052.6421
225805.8335
221111.4543
215903.2838
210109.5253
203655.4429
196467.2322
188477.2638
179630.7338
169893.5965
159261.4251
147768.5632
135496.573
122656.7514
109302.8547
95662.73978
82039.31453
68793.05445
56303.13581
44914.60471
34887.33178
26363.614
19363.4005
282182.9899
282120.5869
282048.0731
281968.1731
281883.8023
281796.6919
281707.032
281613.8407
281515.514
281410.293
281296.6105
281173.3206
281039.7761
280895.7196
280740.9994
280575.1941
280397.2924
280205.5765
279997.764
279771.34
279523.9193
279253.4729
278958.3186
278636.9027
278287.5077
277908.0632
277496.1786
277049.3973
276565.5553
276043.0694
275481.0004
274878.8289
274236.0106
273551.4744
272823.2468
272048.3094
271222.7015
270341.7902
269400.5987
268394.0791
267317.2376
266165.0657
264932.295
263613.0549
262200.5479
260686.8393
259062.8104
257318.2578
255442.0609
253422.293
251246.1373
248899.4941
246366.2343
243627.1494
240658.7246
237431.8951
233910.94
230052.6421
225805.8335
221111.4543
215903.2838
210109.5253
203655.4429
196467.2322
188477.2638
179630.7338
169893.5965
159261.4251
147768.5632
135496.573
122656.7514
109302.8547
95662.73978
82039.31453
68793.05445
56303.13581
44914.60471
34887.33178
26363.614
19363.4005
282182.9899
282120.5869
282048.0731
281968.1731
281883.8023
281796.6919
281707.032
281613.8407
281515.514
281410.293
281296.6105
281173.3206
281039.7761
280895.7196
280740.9994
280575.1941
280397.2924
280205.5765
279997.764
279771.34
279523.9193
279253.4729
278958.3186
278636.9027
278287.5077
277908.0632
277496.1786
277049.3973
276565.5553
276043.0694
275481.0004
274878.8289
274236.0106
273551.4744
272823.2468
272048.3094
271222.7015
270341.7902
269400.5987
268394.0791
267317.2376
266165.0657
264932.295
263613.0549
262200.5479
260686.8393
259062.8104
257318.2578
255442.0609
253422.293
251246.1373
248899.4941
246366.2343
243627.1494
240658.7246
237431.8951
233910.94
230052.6421
225805.8335
221111.4543
215903.2838
210109.5253
203655.4429
196467.2322
188477.2638
179630.7338
169893.5965
159261.4251
147768.5632
135496.573
122656.7514
109302.8547
95662.73978
82039.31453
68793.05445
56303.13581
44914.60471
34887.33178
26363.614
19363.4005
282182.9899
282120.5869
282048.0731
281968.1731
281883.8023
281796.6919
281707.032
281613.8407
281515.514
281410.293
281296.6105
281173.3206
281039.7761
280895.7196
280740.9994
280575.1941
280397.2924
280205.5765
279997.764
279771.34
279523.9193
279253.4729
278958.3186
278636.9027
278287.5077
277908.0632
277496.1786
277049.3973
276565.5553
276043.0694
275481.0004
274878.8289
274236.0106
273551.4744
272823.2468
272048.3094
271222.7015
270341.7902
269400.5987
268394.0791
267317.2376
266165.0657
264932.295
263613.0549
262200.5479
260686.8393
259062.8104
257318.2578
255442.0609
253422.293
251246.1373
248899.4941
246366.2343
243627.1494
240658.7246
237431.8951
233910.94
230052.6421
225805.8335
221111.4543
215903.2838
210109.5253
203655.4429
196467.2322
188477.2638
179630.7338
169893.5965
159261.4251
147768.5632
135496.573
122656.7514
109302.8547
95662.73978
82039.31453
68793.05445
56303.13581
44914.60471
34887.33178
26363.614
19363.4005
282182.9899
282120.5869
282048.0731
281968.1731
281883.8023
281796.6919
281707.032
281613.8407
281515.514
281410.293
281296.6105
281173.3206
281039.7761
280895.7196
280740.9994
280575.1941
280397.2924
280205.5765
279997.764
279771.34
279523.9193
279253.4729
278958.3186
278636.9027
278287.5077
277908.0632
277496.1786
277049.3973
276565.5553
276043.0694
275481.0004
274878.8289
274236.0106
273551.4744
272823.2468
272048.3094
271222.7015
270341.7902
269400.5987
268394.0791
267317.2376
266165.0657
264932.295
263613.0549
262200.5479
260686.8393
259062.8104
257318.2578
255442.0609
253422.293
251246.1373
248899.4941
246366.2343
243627.1494
240658.7246
237431.8951
233910.94
230052.6421
225805.8335
221111.4543
215903.2838
210109.5253
203655.4429
196467.2322
188477.2638
179630.7338
169893.5965
159261.4251
147768.5632
135496.573
122656.7514
109302.8547
95662.73978
82039.31453
68793.05445
56303.13581
44914.60471
34887.33178
26363.614
19363.4005
282182.9899
282120.5869
282048.0731
281968.1731
281883.8023
281796.6919
281707.032
281613.8407
281515.514
281410.293
281296.6105
281173.3206
281039.7761
280895.7196
280740.9994
280575.1941
280397.2924
280205.5765
279997.764
279771.34
279523.9193
279253.4729
278958.3186
278636.9027
278287.5077
277908.0632
277496.1786
277049.3973
276565.5553
276043.0694
275481.0004
274878.8289
274236.0106
273551.4744
272823.2468
272048.3094
271222.7015
270341.7902
269400.5987
268394.0791
267317.2376
266165.0657
264932.295
263613.0549
262200.5479
260686.8393
259062.8104
257318.2578
255442.0609
253422.293
251246.1373
248899.4941
246366.2343
243627.1494
240658.7246
237431.8951
233910.94
230052.6421
225805.8335
221111.4543
215903.2838
210109.5253
203655.4429
196467.2322
188477.2638
179630.7338
169893.5965
159261.4251
147768.5632
135496.573
122656.7514
109302.8547
95662.73978
82039.31453
68793.05445
56303.13581
44914.60471
34887.33178
26363.614
19363.4005
282182.9899
282120.5869
282048.0731
281968.1731
281883.8023
281796.6919
281707.032
281613.8407
281515.514
281410.293
281296.6105
281173.3206
281039.7761
280895.7196
280740.9994
280575.1941
280397.2924
280205.5765
279997.764
279771.34
279523.9193
279253.4729
278958.3186
278636.9027
278287.5077
277908.0632
277496.1786
277049.3973
276565.5553
276043.0694
275481.0004
274878.8289
274236.0106
273551.4744
272823.2468
272048.3094
271222.7015
270341.7902
269400.5987
268394.0791
267317.2376
266165.0657
264932.295
263613.0549
262200.5479
260686.8393
259062.8104
257318.2578
255442.0609
253422.293
251246.1373
248899.4941
246366.2343
243627.1494
240658.7246
237431.8951
233910.94
230052.6421
225805.8335
221111.4543
215903.2838
210109.5253
203655.4429
196467.2322
188477.2638
179630.7338
169893.5965
159261.4251
147768.5632
135496.573
122656.7514
109302.8547
95662.73978
82039.31453
68793.05445
56303.13581
44914.60471
34887.33178
26363.614
19363.4005
282182.9899
282120.5869
282048.0731
281968.1731
281883.8023
281796.6919
281707.032
281613.8407
281515.514
281410.293
281296.6105
281173.3206
281039.7761
280895.7196
280740.9994
280575.1941
280397.2924
280205.5765
279997.764
279771.34
279523.9193
279253.4729
278958.3186
278636.9027
278287.5077
277908.0632
277496.1786
277049.3973
276565.5553
276043.0694
275481.0004
274878.8289
274236.0106
273551.4744
272823.2468
272048.3094
271222.7015
270341.7902
269400.5987
268394.0791
267317.2376
266165.0657
264932.295
263613.0549
262200.5479
260686.8393
259062.8104
257318.2578
255442.0609
253422.293
251246.1373
248899.4941
246366.2343
243627.1494
240658.7246
237431.8951
233910.94
230052.6421
225805.8335
221111.4543
215903.2838
210109.5253
203655.4429
196467.2322
188477.2638
179630.7338
169893.5965
159261.4251
147768.5632
135496.573
122656.7514
109302.8547
95662.73978
82039.31453
68793.05445
56303.13581
44914.60471
34887.33178
26363.614
19363.4005
282182.9899
282120.5869
282048.0731
281968.1731
281883.8023
281796.6919
281707.032
281613.8407
281515.514
281410.293
281296.6105
281173.3206
281039.7761
280895.7196
280740.9994
280575.1941
280397.2924
280205.5765
279997.764
279771.34
279523.9193
279253.4729
278958.3186
278636.9027
278287.5077
277908.0632
277496.1786
277049.3973
276565.5553
276043.0694
275481.0004
274878.8289
274236.0106
273551.4744
272823.2468
272048.3094
271222.7015
270341.7902
269400.5987
268394.0791
267317.2376
266165.0657
264932.295
263613.0549
262200.5479
260686.8393
259062.8104
257318.2578
255442.0609
253422.293
251246.1373
248899.4941
246366.2343
243627.1494
240658.7246
237431.8951
233910.94
230052.6421
225805.8335
221111.4543
215903.2838
210109.5253
203655.4429
196467.2322
188477.2638
179630.7338
169893.5965
159261.4251
147768.5632
135496.573
122656.7514
109302.8547
95662.73978
82039.31453
68793.05445
56303.13581
44914.60471
34887.33178
26363.614
19363.4005
282182.9899
282120.5869
282048.0731
281968.1731
281883.8023
281796.6919
281707.032
281613.8407
281515.514
281410.293
281296.6105
281173.3206
281039.7761
280895.7196
280740.9994
280575.1941
280397.2924
280205.5765
279997.764
279771.34
279523.9193
279253.4729
278958.3186
278636.9027
278287.5077
277908.0632
277496.1786
277049.3973
276565.5553
276043.0694
275481.0004
274878.8289
274236.0106
273551.4744
272823.2468
272048.3094
271222.7015
270341.7902
269400.5987
268394.0791
267317.2376
266165.0657
264932.295
263613.0549
262200.5479
260686.8393
259062.8104
257318.2578
255442.0609
253422.293
251246.1373
248899.4941
246366.2343
243627.1494
240658.7246
237431.8951
233910.94
230052.6421
225805.8335
221111.4543
215903.2838
210109.5253
203655.4429
196467.2322
188477.2638
179630.7338
169893.5965
159261.4251
147768.5632
135496.573
122656.7514
109302.8547
95662.73978
82039.31453
68793.05445
56303.13581
44914.60471
34887.33178
26363.614
19363.4005
282182.9899
282120.5869
282048.0731
281968.1731
281883.8023
281796.6919
281707.032
281613.8407
281515.514
281410.293
281296.6105
281173.3206
281039.7761
280895.7196
280740.9994
280575.1941
280397.2924
280205.5765
279997.764
279771.34
279523.9193
279253.4729
278958.3186
278636.9027
278287.5077
277908.0632
277496.1786
277049.3973
276565.5553
276043.0694
275481.0004
274878.8289
274236.0106
273551.4744
272823.2468
272048.3094
271222.7015
270341.7902
269400.5987
268394.0791
267317.2376
266165.0657
264932.295
263613.0549
262200.5479
260686.8393
259062.8104
257318.2578
255442.0609
253422.293
251246.1373
248899.4941
246366.2343
243627.1494
240658.7246
237431.8951
233910.94
230052.6421
225805.8335
221111.4543
215903.2838
210109.5253
203655.4429
196467.2322
188477.2638
179630.7338
169893.5965
159261.4251
147768.5632
135496.573
122656.7514
109302.8547
95662.73978
82039.31453
68793.05445
56303.13581
44914.60471
34887.33178
26363.614
19363.4005
282182.9899
282120.5869
282048.0731
281968.1731
281883.8023
281796.6919
281707.032
281613.8407
281515.514
281410.293
281296.6105
281173.3206
281039.7761
280895.7196
280740.9994
280575.1941
280397.2924
280205.5765
279997.764
279771.34
279523.9193
279253.4729
278958.3186
278636.9027
278287.5077
277908.0632
277496.1786
277049.3973
276565.5553
276043.0694
275481.0004
274878.8289
274236.0106
273551.4744
272823.2468
272048.3094
271222.7015
270341.7902
269400.5987
268394.0791
267317.2376
266165.0657
264932.295
263613.0549
262200.5479
260686.8393
259062.8104
257318.2578
255442.0609
253422.293
251246.1373
248899.4941
246366.2343
243627.1494
240658.7246
237431.8951
233910.94
230052.6421
225805.8335
221111.4543
215903.2838
210109.5253
203655.4429
196467.2322
188477.2638
179630.7338
169893.5965
159261.4251
147768.5632
135496.573
122656.7514
109302.8547
95662.73978
82039.31453
68793.05445
56303.13581
44914.60471
34887.33178
26363.614
19363.4005
282182.9899
282120.5869
282048.0731
281968.1731
281883.8023
281796.6919
281707.032
281613.8407
281515.514
281410.293
281296.6105
281173.3206
281039.7761
280895.7196
280740.9994
280575.1941
280397.2924
280205.5765
279997.764
279771.34
279523.9193
279253.4729
278958.3186
278636.9027
278287.5077
277908.0632
277496.1786
277049.3973
276565.5553
276043.0694
275481.0004
274878.8289
274236.0106
273551.4744
272823.2468
272048.3094
271222.7015
270341.7902
269400.5987
268394.0791
267317.2376
266165.0657
264932.295
263613.0549
262200.5479
260686.8393
259062.8104
257318.2578
255442.0609
253422.293
251246.1373
248899.4941
246366.2343
243627.1494
240658.7246
237431.8951
233910.94
230052.6421
225805.8335
221111.4543
215903.2838
210109.5253
203655.4429
196467.2322
188477.2638
179630.7338
169893.5965
159261.4251
147768.5632
135496.573
122656.7514
109302.8547
95662.73978
82039.31453
68793.05445
56303.13581
44914.60471
34887.33178
26363.614
19363.4005
282182.9899
282120.5869
282048.0731
281968.1731
281883.8023
281796.6919
281707.032
281613.8407
281515.514
281410.293
281296.6105
281173.3206
281039.7761
280895.7196
280740.9994
280575.1941
280397.2924
280205.5765
279997.764
279771.34
279523.9193
279253.4729
278958.3186
278636.9027
278287.5077
277908.0632
277496.1786
277049.3973
276565.5553
276043.0694
275481.0004
274878.8289
274236.0106
273551.4744
272823.2468
272048.3094
271222.7015
270341.7902
269400.5987
268394.0791
267317.2376
266165.0657
264932.295
263613.0549
262200.5479
260686.8393
259062.8104
257318.2578
255442.0609
253422.293
251246.1373
248899.4941
246366.2343
243627.1494
240658.7246
237431.8951
233910.94
230052.6421
225805.8335
221111.4543
215903.2838
210109.5253
203655.4429
196467.2322
188477.2638
179630.7338
169893.5965
159261.4251
147768.5632
135496.573
122656.7514
109302.8547
95662.73978
82039.31453
68793.05445
56303.13581
44914.60471
34887.33178
26363.614
19363.4005
282182.9899
282120.5869
282048.0731
281968.1731
281883.8023
281796.6919
281707.032
281613.8407
281515.514
281410.293
281296.6105
281173.3206
281039.7761
280895.7196
280740.9994
280575.1941
280397.2924
280205.5765
279997.764
279771.34
279523.9193
279253.4729
278958.3186
278636.9027
278287.5077
277908.0632
277496.1786
277049.3973
276565.5553
276043.0694
275481.0004
274878.8289
274236.0106
273551.4744
272823.2468
272048.3094
271222.7015
270341.7902
269400.5987
268394.0791
267317.2376
266165.0657
264932.295
263613.0549
262200.5479
260686.8393
259062.8104
257318.2578
255442.0609
253422.293
251246.1373
248899.4941
246366.2343
243627.1494
240658.7246
237431.8951
233910.94
230052.6421
225805.8335
221111.4543
215903.2838
210109.5253
203655.4429
196467.2322
188477.2638
179630.7338
169893.5965
159261.4251
147768.5632
135496.573
122656.7514
109302.8547
95662.73978
82039.31453
68793.05445
56303.13581
44914.60471
34887.33178
26363.614
19363.4005
282182.9899
282120.5869
282048.0731
281968.1731
281883.8023
281796.6919
281707.032
281613.8407
281515.514
281410.293
281296.6105
281173.3206
281039.7761
280895.7196
280740.9994
280575.1941
280397.2924
280205.5765
279997.764
279771.34
279523.9193
279253.4729
278958.3186
278636.9027
278287.5077
277908.0632
277496.1786
277049.3973
276565.5553
276043.0694
275481.0004
274878.8289
274236.0106
273551.4744
272823.2468
272048.3094
271222.7015
270341.7902
269400.5987
268394.0791
267317.2376
266165.0657
264932.295
263613.0549
262200.5479
260686.8393
259062.8104
257318.2578
255442.0609
253422.293
251246.1373
248899.4941
246366.2343
243627.1494
240658.7246
237431.8951
233910.94
230052.6421
225805.8335
221111.4543
215903.2838
210109.5253
203655.4429
196467.2322
188477.2638
179630.7338
169893.5965
159261.4251
147768.5632
135496.573
122656.7514
109302.8547
95662.73978
82039.31453
68793.05445
56303.13581
44914.60471
34887.33178
26363.614
19363.4005
282182.9899
282120.5869
282048.0731
281968.1731
281883.8023
281796.6919
281707.032
281613.8407
281515.514
281410.293
281296.6105
281173.3206
281039.7761
280895.7196
280740.9994
280575.1941
280397.2924
280205.5765
279997.764
279771.34
279523.9193
279253.4729
278958.3186
278636.9027
278287.5077
277908.0632
277496.1786
277049.3973
276565.5553
276043.0694
275481.0004
274878.8289
274236.0106
273551.4744
272823.2468
272048.3094
271222.7015
270341.7902
269400.5987
268394.0791
267317.2376
266165.0657
264932.295
263613.0549
262200.5479
260686.8393
259062.8104
257318.2578
255442.0609
253422.293
251246.1373
248899.4941
246366.2343
243627.1494
240658.7246
237431.8951
233910.94
230052.6421
225805.8335
221111.4543
215903.2838
210109.5253
203655.4429
196467.2322
188477.2638
179630.7338
169893.5965
159261.4251
147768.5632
135496.573
122656.7514
109302.8547
95662.73978
82039.31453
68793.05445
56303.13581
44914.60471
34887.33178
26363.614
19363.4005
282182.9899
282120.5869
282048.0731
281968.1731
281883.8023
281796.6919
281707.032
281613.8407
281515.514
281410.293
281296.6105
281173.3206
281039.7761
280895.7196
280740.9994
280575.1941
280397.2924
280205.5765
279997.764
279771.34
279523.9193
279253.4729
278958.3186
278636.9027
278287.5077
277908.0632
277496.1786
277049.3973
276565.5553
276043.0694
275481.0004
274878.8289
274236.0106
273551.4744
272823.2468
272048.3094
271222.7015
270341.7902
269400.5987
268394.0791
267317.2376
266165.0657
264932.295
263613.0549
262200.5479
260686.8393
259062.8104
257318.2578
255442.0609
253422.293
251246.1373
248899.4941
246366.2343
243627.1494
240658.7246
237431.8951
233910.94
230052.6421
225805.8335
221111.4543
215903.2838
210109.5253
203655.4429
196467.2322
188477.2638
179630.7338
169893.5965
159261.4251
147768.5632
135496.573
122656.7514
109302.8547
95662.73978
82039.31453
68793.05445
56303.13581
44914.60471
34887.33178
26363.614
19363.4005
282182.9899
282120.5869
282048.0731
281968.1731
281883.8023
281796.6919
281707.032
281613.8407
281515.514
281410.293
281296.6105
281173.3206
281039.7761
280895.7196
280740.9994
280575.1941
280397.2924
280205.5765
279997.764
279771.34
279523.9193
279253.4729
278958.3186
278636.9027
278287.5077
277908.0632
277496.1786
277049.3973
276565.5553
276043.0694
275481.0004
274878.8289
274236.0106
273551.4744
272823.2468
272048.3094
271222.7015
270341.7902
269400.5987
268394.0791
267317.2376
266165.0657
264932.295
263613.0549
262200.5479
260686.8393
259062.8104
257318.2578
255442.0609
253422.293
251246.1373
248899.4941
246366.2343
243627.1494
240658.7246
237431.8951
233910.94
230052.6421
225805.8335
221111.4543
215903.2838
210109.5253
203655.4429
196467.2322
188477.2638
179630.7338
169893.5965
159261.4251
147768.5632
135496.573
122656.7514
109302.8547
95662.73978
82039.31453
68793.05445
56303.13581
44914.60471
34887.33178
26363.614
19363.4005
282182.9899
282120.5869
282048.0731
281968.1731
281883.8023
281796.6919
281707.032
281613.8407
281515.514
281410.293
281296.6105
281173.3206
281039.7761
280895.7196
280740.9994
280575.1941
280397.2924
280205.5765
279997.764
279771.34
279523.9193
279253.4729
278958.3186
278636.9027
278287.5077
277908.0632
277496.1786
277049.3973
276565.5553
276043.0694
275481.0004
274878.8289
274236.0106
273551.4744
272823.2468
272048.3094
271222.7015
270341.7902
269400.5987
268394.0791
267317.2376
266165.0657
264932.295
263613.0549
262200.5479
260686.8393
259062.8104
257318.2578
255442.0609
253422.293
251246.1373
248899.4941
246366.2343
243627.1494
240658.7246
237431.8951
233910.94
230052.6421
225805.8335
221111.4543
215903.2838
210109.5253
203655.4429
196467.2322
188477.2638
179630.7338
169893.5965
159261.4251
147768.5632
135496.573
122656.7514
109302.8547
95662.73978
82039.31453
68793.05445
56303.13581
44914.60471
34887.33178
26363.614
19363.4005
282182.9899
282120.5869
282048.0731
281968.1731
281883.8023
281796.6919
281707.032
281613.8407
281515.514
281410.293
281296.6105
281173.3206
281039.7761
280895.7196
280740.9994
280575.1941
280397.2924
280205.5765
279997.764
279771.34
279523.9193
279253.4729
278958.3186
278636.9027
278287.5077
277908.0632
277496.1786
277049.3973
276565.5553
276043.0694
275481.0004
274878.8289
274236.0106
273551.4744
272823.2468
272048.3094
271222.7015
270341.7902
269400.5987
268394.0791
267317.2376
266165.0657
264932.295
263613.0549
262200.5479
260686.8393
259062.8104
257318.2578
255442.0609
253422.293
251246.1373
248899.4941
246366.2343
243627.1494
240658.7246
237431.8951
233910.94
230052.6421
225805.8335
221111.4543
215903.2838
210109.5253
203655.4429
196467.2322
188477.2638
179630.7338
169893.5965
159261.4251
147768.5632
135496.573
122656.7514
109302.8547
95662.73978
82039.31453
68793.05445
56303.13581
44914.60471
34887.33178
26363.614
19363.4005
282182.9899
282120.5869
282048.0731
281968.1731
281883.8023
281796.6919
281707.032
281613.8407
281515.514
281410.293
281296.6105
281173.3206
281039.7761
280895.7196
280740.9994
280575.1941
280397.2924
280205.5765
279997.764
279771.34
279523.9193
279253.4729
278958.3186
278636.9027
278287.5077
277908.0632
277496.1786
277049.3973
276565.5553
276043.0694
275481.0004
274878.8289
274236.0106
273551.4744
272823.2468
272048.3094
271222.7015
270341.7902
269400.5987
268394.0791
267317.2376
266165.0657
264932.295
263613.0549
262200.5479
260686.8393
259062.8104
257318.2578
255442.0609
253422.293
251246.1373
248899.4941
246366.2343
243627.1494
240658.7246
237431.8951
233910.94
230052.6421
225805.8335
221111.4543
215903.2838
210109.5253
203655.4429
196467.2322
188477.2638
179630.7338
169893.5965
159261.4251
147768.5632
135496.573
122656.7514
109302.8547
95662.73978
82039.31453
68793.05445
56303.13581
44914.60471
34887.33178
26363.614
19363.4005
282182.9899
282120.5869
282048.0731
281968.1731
281883.8023
281796.6919
281707.032
281613.8407
281515.514
281410.293
281296.6105
281173.3206
281039.7761
280895.7196
280740.9994
280575.1941
280397.2924
280205.5765
279997.764
279771.34
279523.9193
279253.4729
278958.3186
278636.9027
278287.5077
277908.0632
277496.1786
277049.3973
276565.5553
276043.0694
275481.0004
274878.8289
274236.0106
273551.4744
272823.2468
272048.3094
271222.7015
270341.7902
269400.5987
268394.0791
267317.2376
266165.0657
264932.295
263613.0549
262200.5479
260686.8393
259062.8104
257318.2578
255442.0609
253422.293
251246.1373
248899.4941
246366.2343
243627.1494
240658.7246
237431.8951
233910.94
230052.6421
225805.8335
221111.4543
215903.2838
210109.5253
203655.4429
196467.2322
188477.2638
179630.7338
169893.5965
159261.4251
147768.5632
135496.573
122656.7514
109302.8547
95662.73978
82039.31453
68793.05445
56303.13581
44914.60471
34887.33178
26363.614
19363.4005
282182.9899
282120.5869
282048.0731
281968.1731
281883.8023
281796.6919
281707.032
281613.8407
281515.514
281410.293
281296.6105
281173.3206
281039.7761
280895.7196
280740.9994
280575.1941
280397.2924
280205.5765
279997.764
279771.34
279523.9193
279253.4729
278958.3186
278636.9027
278287.5077
277908.0632
277496.1786
277049.3973
276565.5553
276043.0694
275481.0004
274878.8289
274236.0106
273551.4744
272823.2468
272048.3094
271222.7015
270341.7902
269400.5987
268394.0791
267317.2376
266165.0657
264932.295
263613.0549
262200.5479
260686.8393
259062.8104
257318.2578
255442.0609
253422.293
251246.1373
248899.4941
246366.2343
243627.1494
240658.7246
237431.8951
233910.94
230052.6421
225805.8335
221111.4543
215903.2838
210109.5253
203655.4429
196467.2322
188477.2638
179630.7338
169893.5965
159261.4251
147768.5632
135496.573
122656.7514
109302.8547
95662.73978
82039.31453
68793.05445
56303.13581
44914.60471
34887.33178
26363.614
19363.4005
282182.9899
282120.5869
282048.0731
281968.1731
281883.8023
281796.6919
281707.032
281613.8407
281515.514
281410.293
281296.6105
281173.3206
281039.7761
280895.7196
280740.9994
280575.1941
280397.2924
280205.5765
279997.764
279771.34
279523.9193
279253.4729
278958.3186
278636.9027
278287.5077
277908.0632
277496.1786
277049.3973
276565.5553
276043.0694
275481.0004
274878.8289
274236.0106
273551.4744
272823.2468
272048.3094
271222.7015
270341.7902
269400.5987
268394.0791
267317.2376
266165.0657
264932.295
263613.0549
262200.5479
260686.8393
259062.8104
257318.2578
255442.0609
253422.293
251246.1373
248899.4941
246366.2343
243627.1494
240658.7246
237431.8951
233910.94
230052.6421
225805.8335
221111.4543
215903.2838
210109.5253
203655.4429
196467.2322
188477.2638
179630.7338
169893.5965
159261.4251
147768.5632
135496.573
122656.7514
109302.8547
95662.73978
82039.31453
68793.05445
56303.13581
44914.60471
34887.33178
26363.614
19363.4005
282182.9899
282120.5869
282048.0731
281968.1731
281883.8023
281796.6919
281707.032
281613.8407
281515.514
281410.293
281296.6105
281173.3206
281039.7761
280895.7196
280740.9994
280575.1941
280397.2924
280205.5765
279997.764
279771.34
279523.9193
279253.4729
278958.3186
278636.9027
278287.5077
277908.0632
277496.1786
277049.3973
276565.5553
276043.0694
275481.0004
274878.8289
274236.0106
273551.4744
272823.2468
272048.3094
271222.7015
270341.7902
269400.5987
268394.0791
267317.2376
266165.0657
264932.295
263613.0549
262200.5479
260686.8393
259062.8104
257318.2578
255442.0609
253422.293
251246.1373
248899.4941
246366.2343
243627.1494
240658.7246
237431.8951
233910.94
230052.6421
225805.8335
221111.4543
215903.2838
210109.5253
203655.4429
196467.2322
188477.2638
179630.7338
169893.5965
159261.4251
147768.5632
135496.573
122656.7514
109302.8547
95662.73978
82039.31453
68793.05445
56303.13581
44914.60471
34887.33178
26363.614
19363.4005
282182.9899
282120.5869
282048.0731
281968.1731
281883.8023
281796.6919
281707.032
281613.8407
281515.514
281410.293
281296.6105
281173.3206
281039.7761
280895.7196
280740.9994
280575.1941
280397.2924
280205.5765
279997.764
279771.34
279523.9193
279253.4729
278958.3186
278636.9027
278287.5077
277908.0632
277496.1786
277049.3973
276565.5553
276043.0694
275481.0004
274878.8289
274236.0106
273551.4744
272823.2468
272048.3094
271222.7015
270341.7902
269400.5987
268394.0791
267317.2376
266165.0657
264932.295
263613.0549
262200.5479
260686.8393
259062.8104
257318.2578
255442.0609
253422.293
251246.1373
248899.4941
246366.2343
243627.1494
240658.7246
237431.8951
233910.94
230052.6421
225805.8335
221111.4543
215903.2838
210109.5253
203655.4429
196467.2322
188477.2638
179630.7338
169893.5965
159261.4251
147768.5632
135496.573
122656.7514
109302.8547
95662.73978
82039.31453
68793.05445
56303.13581
44914.60471
34887.33178
26363.614
19363.4005
282182.9899
282120.5869
282048.0731
281968.1731
281883.8023
281796.6919
281707.032
281613.8407
281515.514
281410.293
281296.6105
281173.3206
281039.7761
280895.7196
280740.9994
280575.1941
280397.2924
280205.5765
279997.764
279771.34
279523.9193
279253.4729
278958.3186
278636.9027
278287.5077
277908.0632
277496.1786
277049.3973
276565.5553
276043.0694
275481.0004
274878.8289
274236.0106
273551.4744
272823.2468
272048.3094
271222.7015
270341.7902
269400.5987
268394.0791
267317.2376
266165.0657
264932.295
263613.0549
262200.5479
260686.8393
259062.8104
257318.2578
255442.0609
253422.293
251246.1373
248899.4941
246366.2343
243627.1494
240658.7246
237431.8951
233910.94
230052.6421
225805.8335
221111.4543
215903.2838
210109.5253
203655.4429
196467.2322
188477.2638
179630.7338
169893.5965
159261.4251
147768.5632
135496.573
122656.7514
109302.8547
95662.73978
82039.31453
68793.05445
56303.13581
44914.60471
34887.33178
26363.614
19363.4005
282182.9899
282120.5869
282048.0731
281968.1731
281883.8023
281796.6919
281707.032
281613.8407
281515.514
281410.293
281296.6105
281173.3206
281039.7761
280895.7196
280740.9994
280575.1941
280397.2924
280205.5765
279997.764
279771.34
279523.9193
279253.4729
278958.3186
278636.9027
278287.5077
277908.0632
277496.1786
277049.3973
276565.5553
276043.0694
275481.0004
274878.8289
274236.0106
273551.4744
272823.2468
272048.3094
271222.7015
270341.7902
269400.5987
268394.0791
267317.2376
266165.0657
264932.295
263613.0549
262200.5479
260686.8393
259062.8104
257318.2578
255442.0609
253422.293
251246.1373
248899.4941
246366.2343
243627.1494
240658.7246
237431.8951
233910.94
230052.6421
225805.8335
221111.4543
215903.2838
210109.5253
203655.4429
196467.2322
188477.2638
179630.7338
169893.5965
159261.4251
147768.5632
135496.573
122656.7514
109302.8547
95662.73978
82039.31453
68793.05445
56303.13581
44914.60471
34887.33178
26363.614
19363.4005
282182.9899
282120.5869
282048.0731
281968.1731
281883.8023
281796.6919
281707.032
281613.8407
281515.514
281410.293
281296.6105
281173.3206
281039.7761
280895.7196
280740.9994
280575.1941
280397.2924
280205.5765
279997.764
279771.34
279523.9193
279253.4729
278958.3186
278636.9027
278287.5077
277908.0632
277496.1786
277049.3973
276565.5553
276043.0694
275481.0004
274878.8289
274236.0106
273551.4744
272823.2468
272048.3094
271222.7015
270341.7902
269400.5987
268394.0791
267317.2376
266165.0657
264932.295
263613.0549
262200.5479
260686.8393
259062.8104
257318.2578
255442.0609
253422.293
251246.1373
248899.4941
246366.2343
243627.1494
240658.7246
237431.8951
233910.94
230052.6421
225805.8335
221111.4543
215903.2838
210109.5253
203655.4429
196467.2322
188477.2638
179630.7338
169893.5965
159261.4251
147768.5632
135496.573
122656.7514
109302.8547
95662.73978
82039.31453
68793.05445
56303.13581
44914.60471
34887.33178
26363.614
19363.4005
282182.9899
282120.5869
282048.0731
281968.1731
281883.8023
281796.6919
281707.032
281613.8407
281515.514
281410.293
281296.6105
281173.3206
281039.7761
280895.7196
280740.9994
280575.1941
280397.2924
280205.5765
279997.764
279771.34
279523.9193
279253.4729
278958.3186
278636.9027
278287.5077
277908.0632
277496.1786
277049.3973
276565.5553
276043.0694
275481.0004
274878.8289
274236.0106
273551.4744
272823.2468
272048.3094
271222.7015
270341.7902
269400.5987
268394.0791
267317.2376
266165.0657
264932.295
263613.0549
262200.5479
260686.8393
259062.8104
257318.2578
255442.0609
253422.293
251246.1373
248899.4941
246366.2343
243627.1494
240658.7246
237431.8951
233910.94
230052.6421
225805.8335
221111.4543
215903.2838
210109.5253
203655.4429
196467.2322
188477.2638
179630.7338
169893.5965
159261.4251
147768.5632
135496.573
122656.7514
109302.8547
95662.73978
82039.31453
68793.05445
56303.13581
44914.60471
34887.33178
26363.614
19363.4005
282182.9899
282120.5869
282048.0731
281968.1731
281883.8023
281796.6919
281707.032
281613.8407
281515.514
281410.293
281296.6105
281173.3206
281039.7761
280895.7196
280740.9994
280575.1941
280397.2924
280205.5765
279997.764
279771.34
279523.9193
279253.4729
278958.3186
278636.9027
278287.5077
277908.0632
277496.1786
277049.3973
276565.5553
276043.0694
275481.0004
274878.8289
274236.0106
273551.4744
272823.2468
272048.3094
271222.7015
270341.7902
269400.5987
268394.0791
267317.2376
266165.0657
264932.295
263613.0549
262200.5479
260686.8393
259062.8104
257318.2578
255442.0609
253422.293
251246.1373
248899.4941
246366.2343
243627.1494
240658.7246
237431.8951
233910.94
230052.6421
225805.8335
221111.4543
215903.2838
210109.5253
203655.4429
196467.2322
188477.2638
179630.7338
169893.5965
159261.4251
147768.5632
135496.573
122656.7514
109302.8547
95662.73978
82039.31453
68793.05445
56303.13581
44914.60471
34887.33178
26363.614
19363.4005
282182.9899
282120.5869
282048.0731
281968.1731
281883.8023
281796.6919
281707.032
281613.8407
281515.514
281410.293
281296.6105
281173.3206
281039.7761
280895.7196
280740.9994
280575.1941
280397.2924
280205.5765
279997.764
279771.34
279523.9193
279253.4729
278958.3186
278636.9027
278287.5077
277908.0632
277496.1786
277049.3973
276565.5553
276043.0694
275481.0004
274878.8289
274236.0106
273551.4744
272823.2468
272048.3094
271222.7015
270341.7902
269400.5987
268394.0791
267317.2376
266165.0657
264932.295
263613.0549
262200.5479
260686.8393
259062.8104
257318.2578
255442.0609
253422.293
251246.1373
248899.4941
246366.2343
243627.1494
240658.7246
237431.8951
233910.94
230052.6421
225805.8335
221111.4543
215903.2838
210109.5253
203655.4429
196467.2322
188477.2638
179630.7338
169893.5965
159261.4251
147768.5632
135496.573
122656.7514
109302.8547
95662.73978
82039.31453
68793.05445
56303.13581
44914.60471
34887.33178
26363.614
19363.4005
282182.9899
282120.5869
282048.0731
281968.1731
281883.8023
281796.6919
281707.032
281613.8407
281515.514
281410.293
281296.6105
281173.3206
281039.7761
280895.7196
280740.9994
280575.1941
280397.2924
280205.5765
279997.764
279771.34
279523.9193
279253.4729
278958.3186
278636.9027
278287.5077
277908.0632
277496.1786
277049.3973
276565.5553
276043.0694
275481.0004
274878.8289
274236.0106
273551.4744
272823.2468
272048.3094
271222.7015
270341.7902
269400.5987
268394.0791
267317.2376
266165.0657
264932.295
263613.0549
262200.5479
260686.8393
259062.8104
257318.2578
255442.0609
253422.293
251246.1373
248899.4941
246366.2343
243627.1494
240658.7246
237431.8951
233910.94
230052.6421
225805.8335
221111.4543
215903.2838
210109.5253
203655.4429
196467.2322
188477.2638
179630.7338
169893.5965
159261.4251
147768.5632
135496.573
122656.7514
109302.8547
95662.73978
82039.31453
68793.05445
56303.13581
44914.60471
34887.33178
26363.614
19363.4005
282182.9899
282120.5869
282048.0731
281968.1731
281883.8023
281796.6919
281707.032
281613.8407
281515.514
281410.293
281296.6105
281173.3206
281039.7761
280895.7196
280740.9994
280575.1941
280397.2924
280205.5765
279997.764
279771.34
279523.9193
279253.4729
278958.3186
278636.9027
278287.5077
277908.0632
277496.1786
277049.3973
276565.5553
276043.0694
275481.0004
274878.8289
274236.0106
273551.4744
272823.2468
272048.3094
271222.7015
270341.7902
269400.5987
268394.0791
267317.2376
266165.0657
264932.295
263613.0549
262200.5479
260686.8393
259062.8104
257318.2578
255442.0609
253422.293
251246.1373
248899.4941
246366.2343
243627.1494
240658.7246
237431.8951
233910.94
230052.6421
225805.8335
221111.4543
215903.2838
210109.5253
203655.4429
196467.2322
188477.2638
179630.7338
169893.5965
159261.4251
147768.5632
135496.573
122656.7514
109302.8547
95662.73978
82039.31453
68793.05445
56303.13581
44914.60471
34887.33178
26363.614
19363.4005
282182.9899
282120.5869
282048.0731
281968.1731
281883.8023
281796.6919
281707.032
281613.8407
281515.514
281410.293
281296.6105
281173.3206
281039.7761
280895.7196
280740.9994
280575.1941
280397.2924
280205.5765
279997.764
279771.34
279523.9193
279253.4729
278958.3186
278636.9027
278287.5077
277908.0632
277496.1786
277049.3973
276565.5553
276043.0694
275481.0004
274878.8289
274236.0106
273551.4744
272823.2468
272048.3094
271222.7015
270341.7902
269400.5987
268394.0791
267317.2376
266165.0657
264932.295
263613.0549
262200.5479
260686.8393
259062.8104
257318.2578
255442.0609
253422.293
251246.1373
248899.4941
246366.2343
243627.1494
240658.7246
237431.8951
233910.94
230052.6421
225805.8335
221111.4543
215903.2838
210109.5253
203655.4429
196467.2322
188477.2638
179630.7338
169893.5965
159261.4251
147768.5632
135496.573
122656.7514
109302.8547
95662.73978
82039.31453
68793.05445
56303.13581
44914.60471
34887.33178
26363.614
19363.4005
282182.9899
282120.5869
282048.0731
281968.1731
281883.8023
281796.6919
281707.032
281613.8407
281515.514
281410.293
281296.6105
281173.3206
281039.7761
280895.7196
280740.9994
280575.1941
280397.2924
280205.5765
279997.764
279771.34
279523.9193
279253.4729
278958.3186
278636.9027
278287.5077
277908.0632
277496.1786
277049.3973
276565.5553
276043.0694
275481.0004
274878.8289
274236.0106
273551.4744
272823.2468
272048.3094
271222.7015
270341.7902
269400.5987
268394.0791
267317.2376
266165.0657
264932.295
263613.0549
262200.5479
260686.8393
259062.8104
257318.2578
255442.0609
253422.293
251246.1373
248899.4941
246366.2343
243627.1494
240658.7246
237431.8951
233910.94
230052.6421
225805.8335
221111.4543
215903.2838
210109.5253
203655.4429
196467.2322
188477.2638
179630.7338
169893.5965
159261.4251
147768.5632
135496.573
122656.7514
109302.8547
95662.73978
82039.31453
68793.05445
56303.13581
44914.60471
34887.33178
26363.614
19363.4005
282182.9899
282120.5869
282048.0731
281968.1731
281883.8023
281796.6919
281707.032
281613.8407
281515.514
281410.293
281296.6105
281173.3206
281039.7761
280895.7196
280740.9994
280575.1941
280397.2924
280205.5765
279997.764
279771.34
279523.9193
279253.4729
278958.3186
278636.9027
278287.5077
277908.0632
277496.1786
277049.3973
276565.5553
276043.0694
275481.0004
274878.8289
274236.0106
273551.4744
272823.2468
272048.3094
271222.7015
270341.7902
269400.5987
268394.0791
267317.2376
266165.0657
264932.295
263613.0549
262200.5479
260686.8393
259062.8104
257318.2578
255442.0609
253422.293
251246.1373
248899.4941
246366.2343
243627.1494
240658.7246
237431.8951
233910.94
230052.6421
225805.8335
221111.4543
215903.2838
210109.5253
203655.4429
196467.2322
188477.2638
179630.7338
169893.5965
159261.4251
147768.5632
135496.573
122656.7514
109302.8547
95662.73978
82039.31453
68793.05445
56303.13581
44914.60471
34887.33178
26363.614
19363.4005
282182.9899
282120.5869
282048.0731
281968.1731
281883.8023
281796.6919
281707.032
281613.8407
281515.514
281410.293
281296.6105
281173.3206
281039.7761
280895.7196
280740.9994
280575.1941
280397.2924
280205.5765
279997.764
279771.34
279523.9193
279253.4729
278958.3186
278636.9027
278287.5077
277908.0632
277496.1786
277049.3973
276565.5553
276043.0694
275481.0004
274878.8289
274236.0106
273551.4744
272823.2468
272048.3094
271222.7015
270341.7902
269400.5987
268394.0791
267317.2376
266165.0657
264932.295
263613.0549
262200.5479
260686.8393
259062.8104
257318.2578
255442.0609
253422.293
251246.1373
248899.4941
246366.2343
243627.1494
240658.7246
237431.8951
233910.94
230052.6421
225805.8335
221111.4543
215903.2838
210109.5253
203655.4429
196467.2322
188477.2638
179630.7338
169893.5965
159261.4251
147768.5632
135496.573
122656.7514
109302.8547
95662.73978
82039.31453
68793.05445
56303.13581
44914.60471
34887.33178
26363.614
19363.4005
282182.9899
282120.5869
282048.0731
281968.1731
281883.8023
281796.6919
281707.032
281613.8407
281515.514
281410.293
281296.6105
281173.3206
281039.7761
280895.7196
280740.9994
280575.1941
280397.2924
280205.5765
279997.764
279771.34
279523.9193
279253.4729
278958.3186
278636.9027
278287.5077
277908.0632
277496.1786
277049.3973
276565.5553
276043.0694
275481.0004
274878.8289
274236.0106
273551.4744
272823.2468
272048.3094
271222.7015
270341.7902
269400.5987
268394.0791
267317.2376
266165.0657
264932.295
263613.0549
262200.5479
260686.8393
259062.8104
257318.2578
255442.0609
253422.293
251246.1373
248899.4941
246366.2343
243627.1494
240658.7246
237431.8951
233910.94
230052.6421
225805.8335
221111.4543
215903.2838
210109.5253
203655.4429
196467.2322
188477.2638
179630.7338
169893.5965
159261.4251
147768.5632
135496.573
122656.7514
109302.8547
95662.73978
82039.31453
68793.05445
56303.13581
44914.60471
34887.33178
26363.614
19363.4005
282182.9899
282120.5869
282048.0731
281968.1731
281883.8023
281796.6919
281707.032
281613.8407
281515.514
281410.293
281296.6105
281173.3206
281039.7761
280895.7196
280740.9994
280575.1941
280397.2924
280205.5765
279997.764
279771.34
279523.9193
279253.4729
278958.3186
278636.9027
278287.5077
277908.0632
277496.1786
277049.3973
276565.5553
276043.0694
275481.0004
274878.8289
274236.0106
273551.4744
272823.2468
272048.3094
271222.7015
270341.7902
269400.5987
268394.0791
267317.2376
266165.0657
264932.295
263613.0549
262200.5479
260686.8393
259062.8104
257318.2578
255442.0609
253422.293
251246.1373
248899.4941
246366.2343
243627.1494
240658.7246
237431.8951
233910.94
230052.6421
225805.8335
221111.4543
215903.2838
210109.5253
203655.4429
196467.2322
188477.2638
179630.7338
169893.5965
159261.4251
147768.5632
135496.573
122656.7514
109302.8547
95662.73978
82039.31453
68793.05445
56303.13581
44914.60471
34887.33178
26363.614
19363.4005
282182.9899
282120.5869
282048.0731
281968.1731
281883.8023
281796.6919
281707.032
281613.8407
281515.514
281410.293
281296.6105
281173.3206
281039.7761
280895.7196
280740.9994
280575.1941
280397.2924
280205.5765
279997.764
279771.34
279523.9193
279253.4729
278958.3186
278636.9027
278287.5077
277908.0632
277496.1786
277049.3973
276565.5553
276043.0694
275481.0004
274878.8289
274236.0106
273551.4744
272823.2468
272048.3094
271222.7015
270341.7902
269400.5987
268394.0791
267317.2376
266165.0657
264932.295
263613.0549
262200.5479
260686.8393
259062.8104
257318.2578
255442.0609
253422.293
251246.1373
248899.4941
246366.2343
243627.1494
240658.7246
237431.8951
233910.94
230052.6421
225805.8335
221111.4543
215903.2838
210109.5253
203655.4429
196467.2322
188477.2638
179630.7338
169893.5965
159261.4251
147768.5632
135496.573
122656.7514
109302.8547
95662.73978
82039.31453
68793.05445
56303.13581
44914.60471
34887.33178
26363.614
19363.4005
282182.9899
282120.5869
282048.0731
281968.1731
281883.8023
281796.6919
281707.032
281613.8407
281515.514
281410.293
281296.6105
281173.3206
281039.7761
280895.7196
280740.9994
280575.1941
280397.2924
280205.5765
279997.764
279771.34
279523.9193
279253.4729
278958.3186
278636.9027
278287.5077
277908.0632
277496.1786
277049.3973
276565.5553
276043.0694
275481.0004
274878.8289
274236.0106
273551.4744
272823.2468
272048.3094
271222.7015
270341.7902
269400.5987
268394.0791
267317.2376
266165.0657
264932.295
263613.0549
262200.5479
260686.8393
259062.8104
257318.2578
255442.0609
253422.293
251246.1373
248899.4941
246366.2343
243627.1494
240658.7246
237431.8951
233910.94
230052.6421
225805.8335
221111.4543
215903.2838
210109.5253
203655.4429
196467.2322
188477.2638
179630.7338
169893.5965
159261.4251
147768.5632
135496.573
122656.7514
109302.8547
95662.73978
82039.31453
68793.05445
56303.13581
44914.60471
34887.33178
26363.614
19363.4005
282182.9899
282120.5869
282048.0731
281968.1731
281883.8023
281796.6919
281707.032
281613.8407
281515.514
281410.293
281296.6105
281173.3206
281039.7761
280895.7196
280740.9994
280575.1941
280397.2924
280205.5765
279997.764
279771.34
279523.9193
279253.4729
278958.3186
278636.9027
278287.5077
277908.0632
277496.1786
277049.3973
276565.5553
276043.0694
275481.0004
274878.8289
274236.0106
273551.4744
272823.2468
272048.3094
271222.7015
270341.7902
269400.5987
268394.0791
267317.2376
266165.0657
264932.295
263613.0549
262200.5479
260686.8393
259062.8104
257318.2578
255442.0609
253422.293
251246.1373
248899.4941
246366.2343
243627.1494
240658.7246
237431.8951
233910.94
230052.6421
225805.8335
221111.4543
215903.2838
210109.5253
203655.4429
196467.2322
188477.2638
179630.7338
169893.5965
159261.4251
147768.5632
135496.573
122656.7514
109302.8547
95662.73978
82039.31453
68793.05445
56303.13581
44914.60471
34887.33178
26363.614
19363.4005
282182.9899
282120.5869
282048.0731
281968.1731
281883.8023
281796.6919
281707.032
281613.8407
281515.514
281410.293
281296.6105
281173.3206
281039.7761
280895.7196
280740.9994
280575.1941
280397.2924
280205.5765
279997.764
279771.34
279523.9193
279253.4729
278958.3186
278636.9027
278287.5077
277908.0632
277496.1786
277049.3973
276565.5553
276043.0694
275481.0004
274878.8289
274236.0106
273551.4744
272823.2468
272048.3094
271222.7015
270341.7902
269400.5987
268394.0791
267317.2376
266165.0657
264932.295
263613.0549
262200.5479
260686.8393
259062.8104
257318.2578
255442.0609
253422.293
251246.1373
248899.4941
246366.2343
243627.1494
240658.7246
237431.8951
233910.94
230052.6421
225805.8335
221111.4543
215903.2838
210109.5253
203655.4429
196467.2322
188477.2638
179630.7338
169893.5965
159261.4251
147768.5632
135496.573
122656.7514
109302.8547
95662.73978
82039.31453
68793.05445
56303.13581
44914.60471
34887.33178
26363.614
19363.4005
282182.9899
282120.5869
282048.0731
281968.1731
281883.8023
281796.6919
281707.032
281613.8407
281515.514
281410.293
281296.6105
281173.3206
281039.7761
280895.7196
280740.9994
280575.1941
280397.2924
280205.5765
279997.764
279771.34
279523.9193
279253.4729
278958.3186
278636.9027
278287.5077
277908.0632
277496.1786
277049.3973
276565.5553
276043.0694
275481.0004
274878.8289
274236.0106
273551.4744
272823.2468
272048.3094
271222.7015
270341.7902
269400.5987
268394.0791
267317.2376
266165.0657
264932.295
263613.0549
262200.5479
260686.8393
259062.8104
257318.2578
255442.0609
253422.293
251246.1373
248899.4941
246366.2343
243627.1494
240658.7246
237431.8951
233910.94
230052.6421
225805.8335
221111.4543
215903.2838
210109.5253
203655.4429
196467.2322
188477.2638
179630.7338
169893.5965
159261.4251
147768.5632
135496.573
122656.7514
109302.8547
95662.73978
82039.31453
68793.05445
56303.13581
44914.60471
34887.33178
26363.614
19363.4005
282182.9899
282120.5869
282048.0731
281968.1731
281883.8023
281796.6919
281707.032
281613.8407
281515.514
281410.293
281296.6105
281173.3206
281039.7761
280895.7196
280740.9994
280575.1941
280397.2924
280205.5765
279997.764
279771.34
279523.9193
279253.4729
278958.3186
278636.9027
278287.5077
277908.0632
277496.1786
277049.3973
276565.5553
276043.0694
275481.0004
274878.8289
274236.0106
273551.4744
272823.2468
272048.3094
271222.7015
270341.7902
269400.5987
268394.0791
267317.2376
266165.0657
264932.295
263613.0549
262200.5479
260686.8393
259062.8104
257318.2578
255442.0609
253422.293
251246.1373
248899.4941
246366.2343
243627.1494
240658.7246
237431.8951
233910.94
230052.6421
225805.8335
221111.4543
215903.2838
210109.5253
203655.4429
196467.2322
188477.2638
179630.7338
169893.5965
159261.4251
147768.5632
135496.573
122656.7514
109302.8547
95662.73978
82039.31453
68793.05445
56303.13581
44914.60471
34887.33178
26363.614
19363.4005
282182.9899
282120.5869
282048.0731
281968.1731
281883.8023
281796.6919
281707.032
281613.8407
281515.514
281410.293
281296.6105
281173.3206
281039.7761
280895.7196
280740.9994
280575.1941
280397.2924
280205.5765
279997.764
279771.34
279523.9193
279253.4729
278958.3186
278636.9027
278287.5077
277908.0632
277496.1786
277049.3973
276565.5553
276043.0694
275481.0004
274878.8289
274236.0106
273551.4744
272823.2468
272048.3094
271222.7015
270341.7902
269400.5987
268394.0791
267317.2376
266165.0657
264932.295
263613.0549
262200.5479
260686.8393
259062.8104
257318.2578
255442.0609
253422.293
251246.1373
248899.4941
246366.2343
243627.1494
240658.7246
237431.8951
233910.94
230052.6421
225805.8335
221111.4543
215903.2838
210109.5253
203655.4429
196467.2322
188477.2638
179630.7338
169893.5965
159261.4251
147768.5632
135496.573
122656.7514
109302.8547
95662.73978
82039.31453
68793.05445
56303.13581
44914.60471
34887.33178
26363.614
19363.4005
282182.9899
282120.5869
282048.0731
281968.1731
281883.8023
281796.6919
281707.032
281613.8407
281515.514
281410.293
281296.6105
281173.3206
281039.7761
280895.7196
280740.9994
280575.1941
280397.2924
280205.5765
279997.764
279771.34
279523.9193
279253.4729
278958.3186
278636.9027
278287.5077
277908.0632
277496.1786
277049.3973
276565.5553
276043.0694
275481.0004
274878.8289
274236.0106
273551.4744
272823.2468
272048.3094
271222.7015
270341.7902
269400.5987
268394.0791
267317.2376
266165.0657
264932.295
263613.0549
262200.5479
260686.8393
259062.8104
257318.2578
255442.0609
253422.293
251246.1373
248899.4941
246366.2343
243627.1494
240658.7246
237431.8951
233910.94
230052.6421
225805.8335
221111.4543
215903.2838
210109.5253
203655.4429
196467.2322
188477.2638
179630.7338
169893.5965
159261.4251
147768.5632
135496.573
122656.7514
109302.8547
95662.73978
82039.31453
68793.05445
56303.13581
44914.60471
34887.33178
26363.614
19363.4005
282182.9899
282120.5869
282048.0731
281968.1731
281883.8023
281796.6919
281707.032
281613.8407
281515.514
281410.293
281296.6105
281173.3206
281039.7761
280895.7196
280740.9994
280575.1941
280397.2924
280205.5765
279997.764
279771.34
279523.9193
279253.4729
278958.3186
278636.9027
278287.5077
277908.0632
277496.1786
277049.3973
276565.5553
276043.0694
275481.0004
274878.8289
274236.0106
273551.4744
272823.2468
272048.3094
271222.7015
270341.7902
269400.5987
268394.0791
267317.2376
266165.0657
264932.295
263613.0549
262200.5479
260686.8393
259062.8104
257318.2578
255442.0609
253422.293
251246.1373
248899.4941
246366.2343
243627.1494
240658.7246
237431.8951
233910.94
230052.6421
225805.8335
221111.4543
215903.2838
210109.5253
203655.4429
196467.2322
188477.2638
179630.7338
169893.5965
159261.4251
147768.5632
135496.573
122656.7514
109302.8547
95662.73978
82039.31453
68793.05445
56303.13581
44914.60471
34887.33178
26363.614
19363.4005
282182.9899
282120.5869
282048.0731
281968.1731
281883.8023
281796.6919
281707.032
281613.8407
281515.514
281410.293
281296.6105
281173.3206
281039.7761
280895.7196
280740.9994
280575.1941
280397.2924
280205.5765
279997.764
279771.34
279523.9193
279253.4729
278958.3186
278636.9027
278287.5077
277908.0632
277496.1786
277049.3973
276565.5553
276043.0694
275481.0004
274878.8289
274236.0106
273551.4744
272823.2468
272048.3094
271222.7015
270341.7902
269400.5987
268394.0791
267317.2376
266165.0657
264932.295
263613.0549
262200.5479
260686.8393
259062.8104
257318.2578
255442.0609
253422.293
251246.1373
248899.4941
246366.2343
243627.1494
240658.7246
237431.8951
233910.94
230052.6421
225805.8335
221111.4543
215903.2838
210109.5253
203655.4429
196467.2322
188477.2638
179630.7338
169893.5965
159261.4251
147768.5632
135496.573
122656.7514
109302.8547
95662.73978
82039.31453
68793.05445
56303.13581
44914.60471
34887.33178
26363.614
19363.4005
282182.9899
282120.5869
282048.0731
281968.1731
281883.8023
281796.6919
281707.032
281613.8407
281515.514
281410.293
281296.6105
281173.3206
281039.7761
280895.7196
280740.9994
280575.1941
280397.2924
280205.5765
279997.764
279771.34
279523.9193
279253.4729
278958.3186
278636.9027
278287.5077
277908.0632
277496.1786
277049.3973
276565.5553
276043.0694
275481.0004
274878.8289
274236.0106
273551.4744
272823.2468
272048.3094
271222.7015
270341.7902
269400.5987
268394.0791
267317.2376
266165.0657
264932.295
263613.0549
262200.5479
260686.8393
259062.8104
257318.2578
255442.0609
253422.293
251246.1373
248899.4941
246366.2343
243627.1494
240658.7246
237431.8951
233910.94
230052.6421
225805.8335
221111.4543
215903.2838
210109.5253
203655.4429
196467.2322
188477.2638
179630.7338
169893.5965
159261.4251
147768.5632
135496.573
122656.7514
109302.8547
95662.73978
82039.31453
68793.05445
56303.13581
44914.60471
34887.33178
26363.614
19363.4005
282182.9899
282120.5869
282048.0731
281968.1731
281883.8023
281796.6919
281707.032
281613.8407
281515.514
281410.293
281296.6105
281173.3206
281039.7761
280895.7196
280740.9994
280575.1941
280397.2924
280205.5765
279997.764
279771.34
279523.9193
279253.4729
278958.3186
278636.9027
278287.5077
277908.0632
277496.1786
277049.3973
276565.5553
276043.0694
275481.0004
274878.8289
274236.0106
273551.4744
272823.2468
272048.3094
271222.7015
270341.7902
269400.5987
268394.0791
267317.2376
266165.0657
264932.295
263613.0549
262200.5479
260686.8393
259062.8104
257318.2578
255442.0609
253422.293
251246.1373
248899.4941
246366.2343
243627.1494
240658.7246
237431.8951
233910.94
230052.6421
225805.8335
221111.4543
215903.2838
210109.5253
203655.4429
196467.2322
188477.2638
179630.7338
169893.5965
159261.4251
147768.5632
135496.573
122656.7514
109302.8547
95662.73978
82039.31453
68793.05445
56303.13581
44914.60471
34887.33178
26363.614
19363.4005
282182.9899
282120.5869
282048.0731
281968.1731
281883.8023
281796.6919
281707.032
281613.8407
281515.514
281410.293
281296.6105
281173.3206
281039.7761
280895.7196
280740.9994
280575.1941
280397.2924
280205.5765
279997.764
279771.34
279523.9193
279253.4729
278958.3186
278636.9027
278287.5077
277908.0632
277496.1786
277049.3973
276565.5553
276043.0694
275481.0004
274878.8289
274236.0106
273551.4744
272823.2468
272048.3094
271222.7015
270341.7902
269400.5987
268394.0791
267317.2376
266165.0657
264932.295
263613.0549
262200.5479
260686.8393
259062.8104
257318.2578
255442.0609
253422.293
251246.1373
248899.4941
246366.2343
243627.1494
240658.7246
237431.8951
233910.94
230052.6421
225805.8335
221111.4543
215903.2838
210109.5253
203655.4429
196467.2322
188477.2638
179630.7338
169893.5965
159261.4251
147768.5632
135496.573
122656.7514
109302.8547
95662.73978
82039.31453
68793.05445
56303.13581
44914.60471
34887.33178
26363.614
19363.4005
282182.9899
282120.5869
282048.0731
281968.1731
281883.8023
281796.6919
281707.032
281613.8407
281515.514
281410.293
281296.6105
281173.3206
281039.7761
280895.7196
280740.9994
280575.1941
280397.2924
280205.5765
279997.764
279771.34
279523.9193
279253.4729
278958.3186
278636.9027
278287.5077
277908.0632
277496.1786
277049.3973
276565.5553
276043.0694
275481.0004
274878.8289
274236.0106
273551.4744
272823.2468
272048.3094
271222.7015
270341.7902
269400.5987
268394.0791
267317.2376
266165.0657
264932.295
263613.0549
262200.5479
260686.8393
259062.8104
257318.2578
255442.0609
253422.293
251246.1373
248899.4941
246366.2343
243627.1494
240658.7246
237431.8951
233910.94
230052.6421
225805.8335
221111.4543
215903.2838
210109.5253
203655.4429
196467.2322
188477.2638
179630.7338
169893.5965
159261.4251
147768.5632
135496.573
122656.7514
109302.8547
95662.73978
82039.31453
68793.05445
56303.13581
44914.60471
34887.33178
26363.614
19363.4005
282182.9899
282120.5869
282048.0731
281968.1731
281883.8023
281796.6919
281707.032
281613.8407
281515.514
281410.293
281296.6105
281173.3206
281039.7761
280895.7196
280740.9994
280575.1941
280397.2924
280205.5765
279997.764
279771.34
279523.9193
279253.4729
278958.3186
278636.9027
278287.5077
277908.0632
277496.1786
277049.3973
276565.5553
276043.0694
275481.0004
274878.8289
274236.0106
273551.4744
272823.2468
272048.3094
271222.7015
270341.7902
269400.5987
268394.0791
267317.2376
266165.0657
264932.295
263613.0549
262200.5479
260686.8393
259062.8104
257318.2578
255442.0609
253422.293
251246.1373
248899.4941
246366.2343
243627.1494
240658.7246
237431.8951
233910.94
230052.6421
225805.8335
221111.4543
215903.2838
210109.5253
203655.4429
196467.2322
188477.2638
179630.7338
169893.5965
159261.4251
147768.5632
135496.573
122656.7514
109302.8547
95662.73978
82039.31453
68793.05445
56303.13581
44914.60471
34887.33178
26363.614
19363.4005
282182.9899
282120.5869
282048.0731
281968.1731
281883.8023
281796.6919
281707.032
281613.8407
281515.514
281410.293
281296.6105
281173.3206
281039.7761
280895.7196
280740.9994
280575.1941
280397.2924
280205.5765
279997.764
279771.34
279523.9193
279253.4729
278958.3186
278636.9027
278287.5077
277908.0632
277496.1786
277049.3973
276565.5553
276043.0694
275481.0004
274878.8289
274236.0106
273551.4744
272823.2468
272048.3094
271222.7015
270341.7902
269400.5987
268394.0791
267317.2376
266165.0657
264932.295
263613.0549
262200.5479
260686.8393
259062.8104
257318.2578
255442.0609
253422.293
251246.1373
248899.4941
246366.2343
243627.1494
240658.7246
237431.8951
233910.94
230052.6421
225805.8335
221111.4543
215903.2838
210109.5253
203655.4429
196467.2322
188477.2638
179630.7338
169893.5965
159261.4251
147768.5632
135496.573
122656.7514
109302.8547
95662.73978
82039.31453
68793.05445
56303.13581
44914.60471
34887.33178
26363.614
19363.4005
282182.9899
282120.5869
282048.0731
281968.1731
281883.8023
281796.6919
281707.032
281613.8407
281515.514
281410.293
281296.6105
281173.3206
281039.7761
280895.7196
280740.9994
280575.1941
280397.2924
280205.5765
279997.764
279771.34
279523.9193
279253.4729
278958.3186
278636.9027
278287.5077
277908.0632
277496.1786
277049.3973
276565.5553
276043.0694
275481.0004
274878.8289
274236.0106
273551.4744
272823.2468
272048.3094
271222.7015
270341.7902
269400.5987
268394.0791
267317.2376
266165.0657
264932.295
263613.0549
262200.5479
260686.8393
259062.8104
257318.2578
255442.0609
253422.293
251246.1373
248899.4941
246366.2343
243627.1494
240658.7246
237431.8951
233910.94
230052.6421
225805.8335
221111.4543
215903.2838
210109.5253
203655.4429
196467.2322
188477.2638
179630.7338
169893.5965
159261.4251
147768.5632
135496.573
122656.7514
109302.8547
95662.73978
82039.31453
68793.05445
56303.13581
44914.60471
34887.33178
26363.614
19363.4005
282182.9899
282120.5869
282048.0731
281968.1731
281883.8023
281796.6919
281707.032
281613.8407
281515.514
281410.293
281296.6105
281173.3206
281039.7761
280895.7196
280740.9994
280575.1941
280397.2924
280205.5765
279997.764
279771.34
279523.9193
279253.4729
278958.3186
278636.9027
278287.5077
277908.0632
277496.1786
277049.3973
276565.5553
276043.0694
275481.0004
274878.8289
274236.0106
273551.4744
272823.2468
272048.3094
271222.7015
270341.7902
269400.5987
268394.0791
267317.2376
266165.0657
264932.295
263613.0549
262200.5479
260686.8393
259062.8104
257318.2578
255442.0609
253422.293
251246.1373
248899.4941
246366.2343
243627.1494
240658.7246
237431.8951
233910.94
230052.6421
225805.8335
221111.4543
215903.2838
210109.5253
203655.4429
196467.2322
188477.2638
179630.7338
169893.5965
159261.4251
147768.5632
135496.573
122656.7514
109302.8547
95662.73978
82039.31453
68793.05445
56303.13581
44914.60471
34887.33178
26363.614
19363.4005
282182.9899
282120.5869
282048.0731
281968.1731
281883.8023
281796.6919
281707.032
281613.8407
281515.514
281410.293
281296.6105
281173.3206
281039.7761
280895.7196
280740.9994
280575.1941
280397.2924
280205.5765
279997.764
279771.34
279523.9193
279253.4729
278958.3186
278636.9027
278287.5077
277908.0632
277496.1786
277049.3973
276565.5553
276043.0694
275481.0004
274878.8289
274236.0106
273551.4744
272823.2468
272048.3094
271222.7015
270341.7902
269400.5987
268394.0791
267317.2376
266165.0657
264932.295
263613.0549
262200.5479
260686.8393
259062.8104
257318.2578
255442.0609
253422.293
251246.1373
248899.4941
246366.2343
243627.1494
240658.7246
237431.8951
233910.94
230052.6421
225805.8335
221111.4543
215903.2838
210109.5253
203655.4429
196467.2322
188477.2638
179630.7338
169893.5965
159261.4251
147768.5632
135496.573
122656.7514
109302.8547
95662.73978
82039.31453
68793.05445
56303.13581
44914.60471
34887.33178
26363.614
19363.4005
282182.9899
282120.5869
282048.0731
281968.1731
281883.8023
281796.6919
281707.032
281613.8407
281515.514
281410.293
281296.6105
281173.3206
281039.7761
280895.7196
280740.9994
280575.1941
280397.2924
280205.5765
279997.764
279771.34
279523.9193
279253.4729
278958.3186
278636.9027
278287.5077
277908.0632
277496.1786
277049.3973
276565.5553
276043.0694
275481.0004
274878.8289
274236.0106
273551.4744
272823.2468
272048.3094
271222.7015
270341.7902
269400.5987
268394.0791
267317.2376
266165.0657
264932.295
263613.0549
262200.5479
260686.8393
259062.8104
257318.2578
255442.0609
253422.293
251246.1373
248899.4941
246366.2343
243627.1494
240658.7246
237431.8951
233910.94
230052.6421
225805.8335
221111.4543
215903.2838
210109.5253
203655.4429
196467.2322
188477.2638
179630.7338
169893.5965
159261.4251
147768.5632
135496.573
122656.7514
109302.8547
95662.73978
82039.31453
68793.05445
56303.13581
44914.60471
34887.33178
26363.614
19363.4005
282182.9899
282120.5869
282048.0731
281968.1731
281883.8023
281796.6919
281707.032
281613.8407
281515.514
281410.293
281296.6105
281173.3206
281039.7761
280895.7196
280740.9994
280575.1941
280397.2924
280205.5765
279997.764
279771.34
279523.9193
279253.4729
278958.3186
278636.9027
278287.5077
277908.0632
277496.1786
277049.3973
276565.5553
276043.0694
275481.0004
274878.8289
274236.0106
273551.4744
272823.2468
272048.3094
271222.7015
270341.7902
269400.5987
268394.0791
267317.2376
266165.0657
264932.295
263613.0549
262200.5479
260686.8393
259062.8104
257318.2578
255442.0609
253422.293
251246.1373
248899.4941
246366.2343
243627.1494
240658.7246
237431.8951
233910.94
230052.6421
225805.8335
221111.4543
215903.2838
210109.5253
203655.4429
196467.2322
188477.2638
179630.7338
169893.5965
159261.4251
147768.5632
135496.573
122656.7514
109302.8547
95662.73978
82039.31453
68793.05445
56303.13581
44914.60471
34887.33178
26363.614
19363.4005
282182.9899
282120.5869
282048.0731
281968.1731
281883.8023
281796.6919
281707.032
281613.8407
281515.514
281410.293
281296.6105
281173.3206
281039.7761
280895.7196
280740.9994
280575.1941
280397.2924
280205.5765
279997.764
279771.34
279523.9193
279253.4729
278958.3186
278636.9027
278287.5077
277908.0632
277496.1786
277049.3973
276565.5553
276043.0694
275481.0004
274878.8289
274236.0106
273551.4744
272823.2468
272048.3094
271222.7015
270341.7902
269400.5987
268394.0791
267317.2376
266165.0657
264932.295
263613.0549
262200.5479
260686.8393
259062.8104
257318.2578
255442.0609
253422.293
251246.1373
248899.4941
246366.2343
243627.1494
240658.7246
237431.8951
233910.94
230052.6421
225805.8335
221111.4543
215903.2838
210109.5253
203655.4429
196467.2322
188477.2638
179630.7338
169893.5965
159261.4251
147768.5632
135496.573
122656.7514
109302.8547
95662.73978
82039.31453
68793.05445
56303.13581
44914.60471
34887.33178
26363.614
19363.4005
282182.9899
282120.5869
282048.0731
281968.1731
281883.8023
281796.6919
281707.032
281613.8407
281515.514
281410.293
281296.6105
281173.3206
281039.7761
280895.7196
280740.9994
280575.1941
280397.2924
280205.5765
279997.764
279771.34
279523.9193
279253.4729
278958.3186
278636.9027
278287.5077
277908.0632
277496.1786
277049.3973
276565.5553
276043.0694
275481.0004
274878.8289
274236.0106
273551.4744
272823.2468
272048.3094
271222.7015
270341.7902
269400.5987
268394.0791
267317.2376
266165.0657
264932.295
263613.0549
262200.5479
260686.8393
259062.8104
257318.2578
255442.0609
253422.293
251246.1373
248899.4941
246366.2343
243627.1494
240658.7246
237431.8951
233910.94
230052.6421
225805.8335
221111.4543
215903.2838
210109.5253
203655.4429
196467.2322
188477.2638
179630.7338
169893.5965
159261.4251
147768.5632
135496.573
122656.7514
109302.8547
95662.73978
82039.31453
68793.05445
56303.13581
44914.60471
34887.33178
26363.614
19363.4005
282182.9899
282120.5869
282048.0731
281968.1731
281883.8023
281796.6919
281707.032
281613.8407
281515.514
281410.293
281296.6105
281173.3206
281039.7761
280895.7196
280740.9994
280575.1941
280397.2924
280205.5765
279997.764
279771.34
279523.9193
279253.4729
278958.3186
278636.9027
278287.5077
277908.0632
277496.1786
277049.3973
276565.5553
276043.0694
275481.0004
274878.8289
274236.0106
273551.4744
272823.2468
272048.3094
271222.7015
270341.7902
269400.5987
268394.0791
267317.2376
266165.0657
264932.295
263613.0549
262200.5479
260686.8393
259062.8104
257318.2578
255442.0609
253422.293
251246.1373
248899.4941
246366.2343
243627.1494
240658.7246
237431.8951
233910.94
230052.6421
225805.8335
221111.4543
215903.2838
210109.5253
203655.4429
196467.2322
188477.2638
179630.7338
169893.5965
159261.4251
147768.5632
135496.573
122656.7514
109302.8547
95662.73978
82039.31453
68793.05445
56303.13581
44914.60471
34887.33178
26363.614
19363.4005
282182.9899
282120.5869
282048.0731
281968.1731
281883.8023
281796.6919
281707.032
281613.8407
281515.514
281410.293
281296.6105
281173.3206
281039.7761
280895.7196
280740.9994
280575.1941
280397.2924
280205.5765
279997.764
279771.34
279523.9193
279253.4729
278958.3186
278636.9027
278287.5077
277908.0632
277496.1786
277049.3973
276565.5553
276043.0694
275481.0004
274878.8289
274236.0106
273551.4744
272823.2468
272048.3094
271222.7015
270341.7902
269400.5987
268394.0791
267317.2376
266165.0657
264932.295
263613.0549
262200.5479
260686.8393
259062.8104
257318.2578
255442.0609
253422.293
251246.1373
248899.4941
246366.2343
243627.1494
240658.7246
237431.8951
233910.94
230052.6421
225805.8335
221111.4543
215903.2838
210109.5253
203655.4429
196467.2322
188477.2638
179630.7338
169893.5965
159261.4251
147768.5632
135496.573
122656.7514
109302.8547
95662.73978
82039.31453
68793.05445
56303.13581
44914.60471
34887.33178
26363.614
19363.4005
282182.9899
282120.5869
282048.0731
281968.1731
281883.8023
281796.6919
281707.032
281613.8407
281515.514
281410.293
281296.6105
281173.3206
281039.7761
280895.7196
280740.9994
280575.1941
280397.2924
280205.5765
279997.764
279771.34
279523.9193
279253.4729
278958.3186
278636.9027
278287.5077
277908.0632
277496.1786
277049.3973
276565.5553
276043.0694
275481.0004
274878.8289
274236.0106
273551.4744
272823.2468
272048.3094
271222.7015
270341.7902
269400.5987
268394.0791
267317.2376
266165.0657
264932.295
263613.0549
262200.5479
260686.8393
259062.8104
257318.2578
255442.0609
253422.293
251246.1373
248899.4941
246366.2343
243627.1494
240658.7246
237431.8951
233910.94
230052.6421
225805.8335
221111.4543
215903.2838
210109.5253
203655.4429
196467.2322
188477.2638
179630.7338
169893.5965
159261.4251
147768.5632
135496.573
122656.7514
109302.8547
95662.73978
82039.31453
68793.05445
56303.13581
44914.60471
34887.33178
26363.614
19363.4005
282182.9899
282120.5869
282048.0731
281968.1731
281883.8023
281796.6919
281707.032
281613.8407
281515.514
281410.293
281296.6105
281173.3206
281039.7761
280895.7196
280740.9994
280575.1941
280397.2924
280205.5765
279997.764
279771.34
279523.9193
279253.4729
278958.3186
278636.9027
278287.5077
277908.0632
277496.1786
277049.3973
276565.5553
276043.0694
275481.0004
274878.8289
274236.0106
273551.4744
272823.2468
272048.3094
271222.7015
270341.7902
269400.5987
268394.0791
267317.2376
266165.0657
264932.295
263613.0549
262200.5479
260686.8393
259062.8104
257318.2578
255442.0609
253422.293
251246.1373
248899.4941
246366.2343
243627.1494
240658.7246
237431.8951
233910.94
230052.6421
225805.8335
221111.4543
215903.2838
210109.5253
203655.4429
196467.2322
188477.2638
179630.7338
169893.5965
159261.4251
147768.5632
135496.573
122656.7514
109302.8547
95662.73978
82039.31453
68793.05445
56303.13581
44914.60471
34887.33178
26363.614
19363.4005
282182.9899
282120.5869
282048.0731
281968.1731
281883.8023
281796.6919
281707.032
281613.8407
281515.514
281410.293
281296.6105
281173.3206
281039.7761
280895.7196
280740.9994
280575.1941
280397.2924
280205.5765
279997.764
279771.34
279523.9193
279253.4729
278958.3186
278636.9027
278287.5077
277908.0632
277496.1786
277049.3973
276565.5553
276043.0694
275481.0004
274878.8289
274236.0106
273551.4744
272823.2468
272048.3094
271222.7015
270341.7902
269400.5987
268394.0791
267317.2376
266165.0657
264932.295
263613.0549
262200.5479
260686.8393
259062.8104
257318.2578
255442.0609
253422.293
251246.1373
248899.4941
246366.2343
243627.1494
240658.7246
237431.8951
233910.94
230052.6421
225805.8335
221111.4543
215903.2838
210109.5253
203655.4429
196467.2322
188477.2638
179630.7338
169893.5965
159261.4251
147768.5632
135496.573
122656.7514
109302.8547
95662.73978
82039.31453
68793.05445
56303.13581
44914.60471
34887.33178
26363.614
19363.4005
282182.9899
282120.5869
282048.0731
281968.1731
281883.8023
281796.6919
281707.032
281613.8407
281515.514
281410.293
281296.6105
281173.3206
281039.7761
280895.7196
280740.9994
280575.1941
280397.2924
280205.5765
279997.764
279771.34
279523.9193
279253.4729
278958.3186
278636.9027
278287.5077
277908.0632
277496.1786
277049.3973
276565.5553
276043.0694
275481.0004
274878.8289
274236.0106
273551.4744
272823.2468
272048.3094
271222.7015
270341.7902
269400.5987
268394.0791
267317.2376
266165.0657
264932.295
263613.0549
262200.5479
260686.8393
259062.8104
257318.2578
255442.0609
253422.293
251246.1373
248899.4941
246366.2343
243627.1494
240658.7246
237431.8951
233910.94
230052.6421
225805.8335
221111.4543
215903.2838
210109.5253
203655.4429
196467.2322
188477.2638
179630.7338
169893.5965
159261.4251
147768.5632
135496.573
122656.7514
109302.8547
95662.73978
82039.31453
68793.05445
56303.13581
44914.60471
34887.33178
26363.614
19363.4005
282182.9899
282120.5869
282048.0731
281968.1731
281883.8023
281796.6919
281707.032
281613.8407
281515.514
281410.293
281296.6105
281173.3206
281039.7761
280895.7196
280740.9994
280575.1941
280397.2924
280205.5765
279997.764
279771.34
279523.9193
279253.4729
278958.3186
278636.9027
278287.5077
277908.0632
277496.1786
277049.3973
276565.5553
276043.0694
275481.0004
274878.8289
274236.0106
273551.4744
272823.2468
272048.3094
271222.7015
270341.7902
269400.5987
268394.0791
267317.2376
266165.0657
264932.295
263613.0549
262200.5479
260686.8393
259062.8104
257318.2578
255442.0609
253422.293
251246.1373
248899.4941
246366.2343
243627.1494
240658.7246
237431.8951
233910.94
230052.6421
225805.8335
221111.4543
215903.2838
210109.5253
203655.4429
196467.2322
188477.2638
179630.7338
169893.5965
159261.4251
147768.5632
135496.573
122656.7514
109302.8547
95662.73978
82039.31453
68793.05445
56303.13581
44914.60471
34887.33178
26363.614
19363.4005
282182.9899
282120.5869
282048.0731
281968.1731
281883.8023
281796.6919
281707.032
281613.8407
281515.514
281410.293
281296.6105
281173.3206
281039.7761
280895.7196
280740.9994
280575.1941
280397.2924
280205.5765
279997.764
279771.34
279523.9193
279253.4729
278958.3186
278636.9027
278287.5077
277908.0632
277496.1786
277049.3973
276565.5553
276043.0694
275481.0004
274878.8289
274236.0106
273551.4744
272823.2468
272048.3094
271222.7015
270341.7902
269400.5987
268394.0791
267317.2376
266165.0657
264932.295
263613.0549
262200.5479
260686.8393
259062.8104
257318.2578
255442.0609
253422.293
251246.1373
248899.4941
246366.2343
243627.1494
240658.7246
237431.8951
233910.94
230052.6421
225805.8335
221111.4543
215903.2838
210109.5253
203655.4429
196467.2322
188477.2638
179630.7338
169893.5965
159261.4251
147768.5632
135496.573
122656.7514
109302.8547
95662.73978
82039.31453
68793.05445
56303.13581
44914.60471
34887.33178
26363.614
19363.4005
282182.9899
282120.5869
282048.0731
281968.1731
281883.8023
281796.6919
281707.032
281613.8407
281515.514
281410.293
281296.6105
281173.3206
281039.7761
280895.7196
280740.9994
280575.1941
280397.2924
280205.5765
279997.764
279771.34
279523.9193
279253.4729
278958.3186
278636.9027
278287.5077
277908.0632
277496.1786
277049.3973
276565.5553
276043.0694
275481.0004
274878.8289
274236.0106
273551.4744
272823.2468
272048.3094
271222.7015
270341.7902
269400.5987
268394.0791
267317.2376
266165.0657
264932.295
263613.0549
262200.5479
260686.8393
259062.8104
257318.2578
255442.0609
253422.293
251246.1373
248899.4941
246366.2343
243627.1494
240658.7246
237431.8951
233910.94
230052.6421
225805.8335
221111.4543
215903.2838
210109.5253
203655.4429
196467.2322
188477.2638
179630.7338
169893.5965
159261.4251
147768.5632
135496.573
122656.7514
109302.8547
95662.73978
82039.31453
68793.05445
56303.13581
44914.60471
34887.33178
26363.614
19363.4005
282182.9899
282120.5869
282048.0731
281968.1731
281883.8023
281796.6919
281707.032
281613.8407
281515.514
281410.293
281296.6105
281173.3206
281039.7761
280895.7196
280740.9994
280575.1941
280397.2924
280205.5765
279997.764
279771.34
279523.9193
279253.4729
278958.3186
278636.9027
278287.5077
277908.0632
277496.1786
277049.3973
276565.5553
276043.0694
275481.0004
274878.8289
274236.0106
273551.4744
272823.2468
272048.3094
271222.7015
270341.7902
269400.5987
268394.0791
267317.2376
266165.0657
264932.295
263613.0549
262200.5479
260686.8393
259062.8104
257318.2578
255442.0609
253422.293
251246.1373
248899.4941
246366.2343
243627.1494
240658.7246
237431.8951
233910.94
230052.6421
225805.8335
221111.4543
215903.2838
210109.5253
203655.4429
196467.2322
188477.2638
179630.7338
169893.5965
159261.4251
147768.5632
135496.573
122656.7514
109302.8547
95662.73978
82039.31453
68793.05445
56303.13581
44914.60471
34887.33178
26363.614
19363.4005
282182.9899
282120.5869
282048.0731
281968.1731
281883.8023
281796.6919
281707.032
281613.8407
281515.514
281410.293
281296.6105
281173.3206
281039.7761
280895.7196
280740.9994
280575.1941
280397.2924
280205.5765
279997.764
279771.34
279523.9193
279253.4729
278958.3186
278636.9027
278287.5077
277908.0632
277496.1786
277049.3973
276565.5553
276043.0694
275481.0004
274878.8289
274236.0106
273551.4744
272823.2468
272048.3094
271222.7015
270341.7902
269400.5987
268394.0791
267317.2376
266165.0657
264932.295
263613.0549
262200.5479
260686.8393
259062.8104
257318.2578
255442.0609
253422.293
251246.1373
248899.4941
246366.2343
243627.1494
240658.7246
237431.8951
233910.94
230052.6421
225805.8335
221111.4543
215903.2838
210109.5253
203655.4429
196467.2322
188477.2638
179630.7338
169893.5965
159261.4251
147768.5632
135496.573
122656.7514
109302.8547
95662.73978
82039.31453
68793.05445
56303.13581
44914.60471
34887.33178
26363.614
19363.4005
282182.9899
282120.5869
282048.0731
281968.1731
281883.8023
281796.6919
281707.032
281613.8407
281515.514
281410.293
281296.6105
281173.3206
281039.7761
280895.7196
280740.9994
280575.1941
280397.2924
280205.5765
279997.764
279771.34
279523.9193
279253.4729
278958.3186
278636.9027
278287.5077
277908.0632
277496.1786
277049.3973
276565.5553
276043.0694
275481.0004
274878.8289
274236.0106
273551.4744
272823.2468
272048.3094
271222.7015
270341.7902
269400.5987
268394.0791
267317.2376
266165.0657
264932.295
263613.0549
262200.5479
260686.8393
259062.8104
257318.2578
255442.0609
253422.293
251246.1373
248899.4941
246366.2343
243627.1494
240658.7246
237431.8951
233910.94
230052.6421
225805.8335
221111.4543
215903.2838
210109.5253
203655.4429
196467.2322
188477.2638
179630.7338
169893.5965
159261.4251
147768.5632
135496.573
122656.7514
109302.8547
95662.73978
82039.31453
68793.05445
56303.13581
44914.60471
34887.33178
26363.614
19363.4005
282182.9899
282120.5869
282048.0731
281968.1731
281883.8023
281796.6919
281707.032
281613.8407
281515.514
281410.293
281296.6105
281173.3206
281039.7761
280895.7196
280740.9994
280575.1941
280397.2924
280205.5765
279997.764
279771.34
279523.9193
279253.4729
278958.3186
278636.9027
278287.5077
277908.0632
277496.1786
277049.3973
276565.5553
276043.0694
275481.0004
274878.8289
274236.0106
273551.4744
272823.2468
272048.3094
271222.7015
270341.7902
269400.5987
268394.0791
267317.2376
266165.0657
264932.295
263613.0549
262200.5479
260686.8393
259062.8104
257318.2578
255442.0609
253422.293
251246.1373
248899.4941
246366.2343
243627.1494
240658.7246
237431.8951
233910.94
230052.6421
225805.8335
221111.4543
215903.2838
210109.5253
203655.4429
196467.2322
188477.2638
179630.7338
169893.5965
159261.4251
147768.5632
135496.573
122656.7514
109302.8547
95662.73978
82039.31453
68793.05445
56303.13581
44914.60471
34887.33178
26363.614
19363.4005
282182.9899
282120.5869
282048.0731
281968.1731
281883.8023
281796.6919
281707.032
281613.8407
281515.514
281410.293
281296.6105
281173.3206
281039.7761
280895.7196
280740.9994
280575.1941
280397.2924
280205.5765
279997.764
279771.34
279523.9193
279253.4729
278958.3186
278636.9027
278287.5077
277908.0632
277496.1786
277049.3973
276565.5553
276043.0694
275481.0004
274878.8289
274236.0106
273551.4744
272823.2468
272048.3094
271222.7015
270341.7902
269400.5987
268394.0791
267317.2376
266165.0657
264932.295
263613.0549
262200.5479
260686.8393
259062.8104
257318.2578
255442.0609
253422.293
251246.1373
248899.4941
246366.2343
243627.1494
240658.7246
237431.8951
233910.94
230052.6421
225805.8335
221111.4543
215903.2838
210109.5253
203655.4429
196467.2322
188477.2638
179630.7338
169893.5965
159261.4251
147768.5632
135496.573
122656.7514
109302.8547
95662.73978
82039.31453
68793.05445
56303.13581
44914.60471
34887.33178
26363.614
19363.4005
282182.9899
282120.5869
282048.0731
281968.1731
281883.8023
281796.6919
281707.032
281613.8407
281515.514
281410.293
281296.6105
281173.3206
281039.7761
280895.7196
280740.9994
280575.1941
280397.2924
280205.5765
279997.764
279771.34
279523.9193
279253.4729
278958.3186
278636.9027
278287.5077
277908.0632
277496.1786
277049.3973
276565.5553
276043.0694
275481.0004
274878.8289
274236.0106
273551.4744
272823.2468
272048.3094
271222.7015
270341.7902
269400.5987
268394.0791
267317.2376
266165.0657
264932.295
263613.0549
262200.5479
260686.8393
259062.8104
257318.2578
255442.0609
253422.293
251246.1373
248899.4941
246366.2343
243627.1494
240658.7246
237431.8951
233910.94
230052.6421
225805.8335
221111.4543
215903.2838
210109.5253
203655.4429
196467.2322
188477.2638
179630.7338
169893.5965
159261.4251
147768.5632
135496.573
122656.7514
109302.8547
95662.73978
82039.31453
68793.05445
56303.13581
44914.60471
34887.33178
26363.614
19363.4005
282182.9899
282120.5869
282048.0731
281968.1731
281883.8023
281796.6919
281707.032
281613.8407
281515.514
281410.293
281296.6105
281173.3206
281039.7761
280895.7196
280740.9994
280575.1941
280397.2924
280205.5765
279997.764
279771.34
279523.9193
279253.4729
278958.3186
278636.9027
278287.5077
277908.0632
277496.1786
277049.3973
276565.5553
276043.0694
275481.0004
274878.8289
274236.0106
273551.4744
272823.2468
272048.3094
271222.7015
270341.7902
269400.5987
268394.0791
267317.2376
266165.0657
264932.295
263613.0549
262200.5479
260686.8393
259062.8104
257318.2578
255442.0609
253422.293
251246.1373
248899.4941
246366.2343
243627.1494
240658.7246
237431.8951
233910.94
230052.6421
225805.8335
221111.4543
215903.2838
210109.5253
203655.4429
196467.2322
188477.2638
179630.7338
169893.5965
159261.4251
147768.5632
135496.573
122656.7514
109302.8547
95662.73978
82039.31453
68793.05445
56303.13581
44914.60471
34887.33178
26363.614
19363.4005
282182.9899
282120.5869
282048.0731
281968.1731
281883.8023
281796.6919
281707.032
281613.8407
281515.514
281410.293
281296.6105
281173.3206
281039.7761
280895.7196
280740.9994
280575.1941
280397.2924
280205.5765
279997.764
279771.34
279523.9193
279253.4729
278958.3186
278636.9027
278287.5077
277908.0632
277496.1786
277049.3973
276565.5553
276043.0694
275481.0004
274878.8289
274236.0106
273551.4744
272823.2468
272048.3094
271222.7015
270341.7902
269400.5987
268394.0791
267317.2376
266165.0657
264932.295
263613.0549
262200.5479
260686.8393
259062.8104
257318.2578
255442.0609
253422.293
251246.1373
248899.4941
246366.2343
243627.1494
240658.7246
237431.8951
233910.94
230052.6421
225805.8335
221111.4543
215903.2838
210109.5253
203655.4429
196467.2322
188477.2638
179630.7338
169893.5965
159261.4251
147768.5632
135496.573
122656.7514
109302.8547
95662.73978
82039.31453
68793.05445
56303.13581
44914.60471
34887.33178
26363.614
19363.4005
282182.9899
282120.5869
282048.0731
281968.1731
281883.8023
281796.6919
281707.032
281613.8407
281515.514
281410.293
281296.6105
281173.3206
281039.7761
280895.7196
280740.9994
280575.1941
280397.2924
280205.5765
279997.764
279771.34
279523.9193
279253.4729
278958.3186
278636.9027
278287.5077
277908.0632
277496.1786
277049.3973
276565.5553
276043.0694
275481.0004
274878.8289
274236.0106
273551.4744
272823.2468
272048.3094
271222.7015
270341.7902
269400.5987
268394.0791
267317.2376
266165.0657
264932.295
263613.0549
262200.5479
260686.8393
259062.8104
257318.2578
255442.0609
253422.293
251246.1373
248899.4941
246366.2343
243627.1494
240658.7246
237431.8951
233910.94
230052.6421
225805.8335
221111.4543
215903.2838
210109.5253
203655.4429
196467.2322
188477.2638
179630.7338
169893.5965
159261.4251
147768.5632
135496.573
122656.7514
109302.8547
95662.73978
82039.31453
68793.05445
56303.13581
44914.60471
34887.33178
26363.614
19363.4005
282182.9899
282120.5869
282048.0731
281968.1731
281883.8023
281796.6919
281707.032
281613.8407
281515.514
281410.293
281296.6105
281173.3206
281039.7761
280895.7196
280740.9994
280575.1941
280397.2924
280205.5765
279997.764
279771.34
279523.9193
279253.4729
278958.3186
278636.9027
278287.5077
277908.0632
277496.1786
277049.3973
276565.5553
276043.0694
275481.0004
274878.8289
274236.0106
273551.4744
272823.2468
272048.3094
271222.7015
270341.7902
269400.5987
268394.0791
267317.2376
266165.0657
264932.295
263613.0549
262200.5479
260686.8393
259062.8104
257318.2578
255442.0609
253422.293
251246.1373
248899.4941
246366.2343
243627.1494
240658.7246
237431.8951
233910.94
230052.6421
225805.8335
221111.4543
215903.2838
210109.5253
203655.4429
196467.2322
188477.2638
179630.7338
169893.5965
159261.4251
147768.5632
135496.573
122656.7514
109302.8547
95662.73978
82039.31453
68793.05445
56303.13581
44914.60471
34887.33178
26363.614
19363.4005
282182.9899
282120.5869
282048.0731
281968.1731
281883.8023
281796.6919
281707.032
281613.8407
281515.514
281410.293
281296.6105
281173.3206
281039.7761
280895.7196
280740.9994
280575.1941
280397.2924
280205.5765
279997.764
279771.34
279523.9193
279253.4729
278958.3186
278636.9027
278287.5077
277908.0632
277496.1786
277049.3973
276565.5553
276043.0694
275481.0004
274878.8289
274236.0106
273551.4744
272823.2468
272048.3094
271222.7015
270341.7902
269400.5987
268394.0791
267317.2376
266165.0657
264932.295
263613.0549
262200.5479
260686.8393
259062.8104
257318.2578
255442.0609
253422.293
251246.1373
248899.4941
246366.2343
243627.1494
240658.7246
237431.8951
233910.94
230052.6421
225805.8335
221111.4543
215903.2838
210109.5253
203655.4429
196467.2322
188477.2638
179630.7338
169893.5965
159261.4251
147768.5632
135496.573
122656.7514
109302.8547
95662.73978
82039.31453
68793.05445
56303.13581
44914.60471
34887.33178
26363.614
19363.4005
282182.9899
282120.5869
282048.0731
281968.1731
281883.8023
281796.6919
281707.032
281613.8407
281515.514
281410.293
281296.6105
281173.3206
281039.7761
280895.7196
280740.9994
280575.1941
280397.2924
280205.5765
279997.764
279771.34
279523.9193
279253.4729
278958.3186
278636.9027
278287.5077
277908.0632
277496.1786
277049.3973
276565.5553
276043.0694
275481.0004
274878.8289
274236.0106
273551.4744
272823.2468
272048.3094
271222.7015
270341.7902
269400.5987
268394.0791
267317.2376
266165.0657
264932.295
263613.0549
262200.5479
260686.8393
259062.8104
257318.2578
255442.0609
253422.293
251246.1373
248899.4941
246366.2343
243627.1494
240658.7246
237431.8951
233910.94
230052.6421
225805.8335
221111.4543
215903.2838
210109.5253
203655.4429
196467.2322
188477.2638
179630.7338
169893.5965
159261.4251
147768.5632
135496.573
122656.7514
109302.8547
95662.73978
82039.31453
68793.05445
56303.13581
44914.60471
34887.33178
26363.614
19363.4005
282182.9899
282120.5869
282048.0731
281968.1731
281883.8023
281796.6919
281707.032
281613.8407
281515.514
281410.293
281296.6105
281173.3206
281039.7761
280895.7196
280740.9994
280575.1941
280397.2924
280205.5765
279997.764
279771.34
279523.9193
279253.4729
278958.3186
278636.9027
278287.5077
277908.0632
277496.1786
277049.3973
276565.5553
276043.0694
275481.0004
274878.8289
274236.0106
273551.4744
272823.2468
272048.3094
271222.7015
270341.7902
269400.5987
268394.0791
267317.2376
266165.0657
264932.295
263613.0549
262200.5479
260686.8393
259062.8104
257318.2578
255442.0609
253422.293
251246.1373
248899.4941
246366.2343
243627.1494
240658.7246
237431.8951
233910.94
230052.6421
225805.8335
221111.4543
215903.2838
210109.5253
203655.4429
196467.2322
188477.2638
179630.7338
169893.5965
159261.4251
147768.5632
135496.573
122656.7514
109302.8547
95662.73978
82039.31453
68793.05445
56303.13581
44914.60471
34887.33178
26363.614
19363.4005
282182.9899
282120.5869
282048.0731
281968.1731
281883.8023
281796.6919
281707.032
281613.8407
281515.514
281410.293
281296.6105
281173.3206
281039.7761
280895.7196
280740.9994
280575.1941
280397.2924
280205.5765
279997.764
279771.34
279523.9193
279253.4729
278958.3186
278636.9027
278287.5077
277908.0632
277496.1786
277049.3973
276565.5553
276043.0694
275481.0004
274878.8289
274236.0106
273551.4744
272823.2468
272048.3094
271222.7015
270341.7902
269400.5987
268394.0791
267317.2376
266165.0657
264932.295
263613.0549
262200.5479
260686.8393
259062.8104
257318.2578
255442.0609
253422.293
251246.1373
248899.4941
246366.2343
243627.1494
240658.7246
237431.8951
233910.94
230052.6421
225805.8335
221111.4543
215903.2838
210109.5253
203655.4429
196467.2322
188477.2638
179630.7338
169893.5965
159261.4251
147768.5632
135496.573
122656.7514
109302.8547
95662.73978
82039.31453
68793.05445
56303.13581
44914.60471
34887.33178
26363.614
19363.4005
282182.9899
282120.5869
282048.0731
281968.1731
281883.8023
281796.6919
281707.032
281613.8407
281515.514
281410.293
281296.6105
281173.3206
281039.7761
280895.7196
280740.9994
280575.1941
280397.2924
280205.5765
279997.764
279771.34
279523.9193
279253.4729
278958.3186
278636.9027
278287.5077
277908.0632
277496.1786
277049.3973
276565.5553
276043.0694
275481.0004
274878.8289
274236.0106
273551.4744
272823.2468
272048.3094
271222.7015
270341.7902
269400.5987
268394.0791
267317.2376
266165.0657
264932.295
263613.0549
262200.5479
260686.8393
259062.8104
257318.2578
255442.0609
253422.293
251246.1373
248899.4941
246366.2343
243627.1494
240658.7246
237431.8951
233910.94
230052.6421
225805.8335
221111.4543
215903.2838
210109.5253
203655.4429
196467.2322
188477.2638
179630.7338
169893.5965
159261.4251
147768.5632
135496.573
122656.7514
109302.8547
95662.73978
82039.31453
68793.05445
56303.13581
44914.60471
34887.33178
26363.614
19363.4005
282182.9899
282120.5869
282048.0731
281968.1731
281883.8023
281796.6919
281707.032
281613.8407
281515.514
281410.293
281296.6105
281173.3206
281039.7761
280895.7196
280740.9994
280575.1941
280397.2924
280205.5765
279997.764
279771.34
279523.9193
279253.4729
278958.3186
278636.9027
278287.5077
277908.0632
277496.1786
277049.3973
276565.5553
276043.0694
275481.0004
274878.8289
274236.0106
273551.4744
272823.2468
272048.3094
271222.7015
270341.7902
269400.5987
268394.0791
267317.2376
266165.0657
264932.295
263613.0549
262200.5479
260686.8393
259062.8104
257318.2578
255442.0609
253422.293
251246.1373
248899.4941
246366.2343
243627.1494
240658.7246
237431.8951
233910.94
230052.6421
225805.8335
221111.4543
215903.2838
210109.5253
203655.4429
196467.2322
188477.2638
179630.7338
169893.5965
159261.4251
147768.5632
135496.573
122656.7514
109302.8547
95662.73978
82039.31453
68793.05445
56303.13581
44914.60471
34887.33178
26363.614
19363.4005
282182.9899
282120.5869
282048.0731
281968.1731
281883.8023
281796.6919
281707.032
281613.8407
281515.514
281410.293
281296.6105
281173.3206
281039.7761
280895.7196
280740.9994
280575.1941
280397.2924
280205.5765
279997.764
279771.34
279523.9193
279253.4729
278958.3186
278636.9027
278287.5077
277908.0632
277496.1786
277049.3973
276565.5553
276043.0694
275481.0004
274878.8289
274236.0106
273551.4744
272823.2468
272048.3094
271222.7015
270341.7902
269400.5987
268394.0791
267317.2376
266165.0657
264932.295
263613.0549
262200.5479
260686.8393
259062.8104
257318.2578
255442.0609
253422.293
251246.1373
248899.4941
246366.2343
243627.1494
240658.7246
237431.8951
233910.94
230052.6421
225805.8335
221111.4543
215903.2838
210109.5253
203655.4429
196467.2322
188477.2638
179630.7338
169893.5965
159261.4251
147768.5632
135496.573
122656.7514
109302.8547
95662.73978
82039.31453
68793.05445
56303.13581
44914.60471
34887.33178
26363.614
19363.4005
282182.9899
282120.5869
282048.0731
281968.1731
281883.8023
281796.6919
281707.032
281613.8407
281515.514
281410.293
281296.6105
281173.3206
281039.7761
280895.7196
280740.9994
280575.1941
280397.2924
280205.5765
279997.764
279771.34
279523.9193
279253.4729
278958.3186
278636.9027
278287.5077
277908.0632
277496.1786
277049.3973
276565.5553
276043.0694
275481.0004
274878.8289
274236.0106
273551.4744
272823.2468
272048.3094
271222.7015
270341.7902
269400.5987
268394.0791
267317.2376
266165.0657
264932.295
263613.0549
262200.5479
260686.8393
259062.8104
257318.2578
255442.0609
253422.293
251246.1373
248899.4941
246366.2343
243627.1494
240658.7246
237431.8951
233910.94
230052.6421
225805.8335
221111.4543
215903.2838
210109.5253
203655.4429
196467.2322
188477.2638
179630.7338
169893.5965
159261.4251
147768.5632
135496.573
122656.7514
109302.8547
95662.73978
82039.31453
68793.05445
56303.13581
44914.60471
34887.33178
26363.614
19363.4005
282182.9899
282120.5869
282048.0731
281968.1731
281883.8023
281796.6919
281707.032
281613.8407
281515.514
281410.293
281296.6105
281173.3206
281039.7761
280895.7196
280740.9994
280575.1941
280397.2924
280205.5765
279997.764
279771.34
279523.9193
279253.4729
278958.3186
278636.9027
278287.5077
277908.0632
277496.1786
277049.3973
276565.5553
276043.0694
275481.0004
274878.8289
274236.0106
273551.4744
272823.2468
272048.3094
271222.7015
270341.7902
269400.5987
268394.0791
267317.2376
266165.0657
264932.295
263613.0549
262200.5479
260686.8393
259062.8104
257318.2578
255442.0609
253422.293
251246.1373
248899.4941
246366.2343
243627.1494
240658.7246
237431.8951
233910.94
230052.6421
225805.8335
221111.4543
215903.2838
210109.5253
203655.4429
196467.2322
188477.2638
179630.7338
169893.5965
159261.4251
147768.5632
135496.573
122656.7514
109302.8547
95662.73978
82039.31453
68793.05445
56303.13581
44914.60471
34887.33178
26363.614
19363.4005
282182.9899
282120.5869
282048.0731
281968.1731
281883.8023
281796.6919
281707.032
281613.8407
281515.514
281410.293
281296.6105
281173.3206
281039.7761
280895.7196
280740.9994
280575.1941
280397.2924
280205.5765
279997.764
279771.34
279523.9193
279253.4729
278958.3186
278636.9027
278287.5077
277908.0632
277496.1786
277049.3973
276565.5553
276043.0694
275481.0004
274878.8289
274236.0106
273551.4744
272823.2468
272048.3094
271222.7015
270341.7902
269400.5987
268394.0791
267317.2376
266165.0657
264932.295
263613.0549
262200.5479
260686.8393
259062.8104
257318.2578
255442.0609
253422.293
251246.1373
248899.4941
246366.2343
243627.1494
240658.7246
237431.8951
233910.94
230052.6421
225805.8335
221111.4543
215903.2838
210109.5253
203655.4429
196467.2322
188477.2638
179630.7338
169893.5965
159261.4251
147768.5632
135496.573
122656.7514
109302.8547
95662.73978
82039.31453
68793.05445
56303.13581
44914.60471
34887.33178
26363.614
19363.4005
282182.9899
282120.5869
282048.0731
281968.1731
281883.8023
281796.6919
281707.032
281613.8407
281515.514
281410.293
281296.6105
281173.3206
281039.7761
280895.7196
280740.9994
280575.1941
280397.2924
280205.5765
279997.764
279771.34
279523.9193
279253.4729
278958.3186
278636.9027
278287.5077
277908.0632
277496.1786
277049.3973
276565.5553
276043.0694
275481.0004
274878.8289
274236.0106
273551.4744
272823.2468
272048.3094
271222.7015
270341.7902
269400.5987
268394.0791
267317.2376
266165.0657
264932.295
263613.0549
262200.5479
260686.8393
259062.8104
257318.2578
255442.0609
253422.293
251246.1373
248899.4941
246366.2343
243627.1494
240658.7246
237431.8951
233910.94
230052.6421
225805.8335
221111.4543
215903.2838
210109.5253
203655.4429
196467.2322
188477.2638
179630.7338
169893.5965
159261.4251
147768.5632
135496.573
122656.7514
109302.8547
95662.73978
82039.31453
68793.05445
56303.13581
44914.60471
34887.33178
26363.614
19363.4005
282182.9899
282120.5869
282048.0731
281968.1731
281883.8023
281796.6919
281707.032
281613.8407
281515.514
281410.293
281296.6105
281173.3206
281039.7761
280895.7196
280740.9994
280575.1941
280397.2924
280205.5765
279997.764
279771.34
279523.9193
279253.4729
278958.3186
278636.9027
278287.5077
277908.0632
277496.1786
277049.3973
276565.5553
276043.0694
275481.0004
274878.8289
274236.0106
273551.4744
272823.2468
272048.3094
271222.7015
270341.7902
269400.5987
268394.0791
267317.2376
266165.0657
264932.295
263613.0549
262200.5479
260686.8393
259062.8104
257318.2578
255442.0609
253422.293
251246.1373
248899.4941
246366.2343
243627.1494
240658.7246
237431.8951
233910.94
230052.6421
225805.8335
221111.4543
215903.2838
210109.5253
203655.4429
196467.2322
188477.2638
179630.7338
169893.5965
159261.4251
147768.5632
135496.573
122656.7514
109302.8547
95662.73978
82039.31453
68793.05445
56303.13581
44914.60471
34887.33178
26363.614
19363.4005
282182.9899
282120.5869
282048.0731
281968.1731
281883.8023
281796.6919
281707.032
281613.8407
281515.514
281410.293
281296.6105
281173.3206
281039.7761
280895.7196
280740.9994
280575.1941
280397.2924
280205.5765
279997.764
279771.34
279523.9193
279253.4729
278958.3186
278636.9027
278287.5077
277908.0632
277496.1786
277049.3973
276565.5553
276043.0694
275481.0004
274878.8289
274236.0106
273551.4744
272823.2468
272048.3094
271222.7015
270341.7902
269400.5987
268394.0791
267317.2376
266165.0657
264932.295
263613.0549
262200.5479
260686.8393
259062.8104
257318.2578
255442.0609
253422.293
251246.1373
248899.4941
246366.2343
243627.1494
240658.7246
237431.8951
233910.94
230052.6421
225805.8335
221111.4543
215903.2838
210109.5253
203655.4429
196467.2322
188477.2638
179630.7338
169893.5965
159261.4251
147768.5632
135496.573
122656.7514
109302.8547
95662.73978
82039.31453
68793.05445
56303.13581
44914.60471
34887.33178
26363.614
19363.4005
282182.9899
282120.5869
282048.0731
281968.1731
281883.8023
281796.6919
281707.032
281613.8407
281515.514
281410.293
281296.6105
281173.3206
281039.7761
280895.7196
280740.9994
280575.1941
280397.2924
280205.5765
279997.764
279771.34
279523.9193
279253.4729
278958.3186
278636.9027
278287.5077
277908.0632
277496.1786
277049.3973
276565.5553
276043.0694
275481.0004
274878.8289
274236.0106
273551.4744
272823.2468
272048.3094
271222.7015
270341.7902
269400.5987
268394.0791
267317.2376
266165.0657
264932.295
263613.0549
262200.5479
260686.8393
259062.8104
257318.2578
255442.0609
253422.293
251246.1373
248899.4941
246366.2343
243627.1494
240658.7246
237431.8951
233910.94
230052.6421
225805.8335
221111.4543
215903.2838
210109.5253
203655.4429
196467.2322
188477.2638
179630.7338
169893.5965
159261.4251
147768.5632
135496.573
122656.7514
109302.8547
95662.73978
82039.31453
68793.05445
56303.13581
44914.60471
34887.33178
26363.614
19363.4005
282182.9899
282120.5869
282048.0731
281968.1731
281883.8023
281796.6919
281707.032
281613.8407
281515.514
281410.293
281296.6105
281173.3206
281039.7761
280895.7196
280740.9994
280575.1941
280397.2924
280205.5765
279997.764
279771.34
279523.9193
279253.4729
278958.3186
278636.9027
278287.5077
277908.0632
277496.1786
277049.3973
276565.5553
276043.0694
275481.0004
274878.8289
274236.0106
273551.4744
272823.2468
272048.3094
271222.7015
270341.7902
269400.5987
268394.0791
267317.2376
266165.0657
264932.295
263613.0549
262200.5479
260686.8393
259062.8104
257318.2578
255442.0609
253422.293
251246.1373
248899.4941
246366.2343
243627.1494
240658.7246
237431.8951
233910.94
230052.6421
225805.8335
221111.4543
215903.2838
210109.5253
203655.4429
196467.2322
188477.2638
179630.7338
169893.5965
159261.4251
147768.5632
135496.573
122656.7514
109302.8547
95662.73978
82039.31453
68793.05445
56303.13581
44914.60471
34887.33178
26363.614
19363.4005
282182.9899
282120.5869
282048.0731
281968.1731
281883.8023
281796.6919
281707.032
281613.8407
281515.514
281410.293
281296.6105
281173.3206
281039.7761
280895.7196
280740.9994
280575.1941
280397.2924
280205.5765
279997.764
279771.34
279523.9193
279253.4729
278958.3186
278636.9027
278287.5077
277908.0632
277496.1786
277049.3973
276565.5553
276043.0694
275481.0004
274878.8289
274236.0106
273551.4744
272823.2468
272048.3094
271222.7015
270341.7902
269400.5987
268394.0791
267317.2376
266165.0657
264932.295
263613.0549
262200.5479
260686.8393
259062.8104
257318.2578
255442.0609
253422.293
251246.1373
248899.4941
246366.2343
243627.1494
240658.7246
237431.8951
233910.94
230052.6421
225805.8335
221111.4543
215903.2838
210109.5253
203655.4429
196467.2322
188477.2638
179630.7338
169893.5965
159261.4251
147768.5632
135496.573
122656.7514
109302.8547
95662.73978
82039.31453
68793.05445
56303.13581
44914.60471
34887.33178
26363.614
19363.4005
282182.9899
282120.5869
282048.0731
281968.1731
281883.8023
281796.6919
281707.032
281613.8407
281515.514
281410.293
281296.6105
281173.3206
281039.7761
280895.7196
280740.9994
280575.1941
280397.2924
280205.5765
279997.764
279771.34
279523.9193
279253.4729
278958.3186
278636.9027
278287.5077
277908.0632
277496.1786
277049.3973
276565.5553
276043.0694
275481.0004
274878.8289
274236.0106
273551.4744
272823.2468
272048.3094
271222.7015
270341.7902
269400.5987
268394.0791
267317.2376
266165.0657
264932.295
263613.0549
262200.5479
260686.8393
259062.8104
257318.2578
255442.0609
253422.293
251246.1373
248899.4941
246366.2343
243627.1494
240658.7246
237431.8951
233910.94
230052.6421
225805.8335
221111.4543
215903.2838
210109.5253
203655.4429
196467.2322
188477.2638
179630.7338
169893.5965
159261.4251
147768.5632
135496.573
122656.7514
109302.8547
95662.73978
82039.31453
68793.05445
56303.13581
44914.60471
34887.33178
26363.614
19363.4005
282182.9899
282120.5869
282048.0731
281968.1731
281883.8023
281796.6919
281707.032
281613.8407
281515.514
281410.293
281296.6105
281173.3206
281039.7761
280895.7196
280740.9994
280575.1941
280397.2924
280205.5765
279997.764
279771.34
279523.9193
279253.4729
278958.3186
278636.9027
278287.5077
277908.0632
277496.1786
277049.3973
276565.5553
276043.0694
275481.0004
274878.8289
274236.0106
273551.4744
272823.2468
272048.3094
271222.7015
270341.7902
269400.5987
268394.0791
267317.2376
266165.0657
264932.295
263613.0549
262200.5479
260686.8393
259062.8104
257318.2578
255442.0609
253422.293
251246.1373
248899.4941
246366.2343
243627.1494
240658.7246
237431.8951
233910.94
230052.6421
225805.8335
221111.4543
215903.2838
210109.5253
203655.4429
196467.2322
188477.2638
179630.7338
169893.5965
159261.4251
147768.5632
135496.573
122656.7514
109302.8547
95662.73978
82039.31453
68793.05445
56303.13581
44914.60471
34887.33178
26363.614
19363.4005
282182.9899
282120.5869
282048.0731
281968.1731
281883.8023
281796.6919
281707.032
281613.8407
281515.514
281410.293
281296.6105
281173.3206
281039.7761
280895.7196
280740.9994
280575.1941
280397.2924
280205.5765
279997.764
279771.34
279523.9193
279253.4729
278958.3186
278636.9027
278287.5077
277908.0632
277496.1786
277049.3973
276565.5553
276043.0694
275481.0004
274878.8289
274236.0106
273551.4744
272823.2468
272048.3094
271222.7015
270341.7902
269400.5987
268394.0791
267317.2376
266165.0657
264932.295
263613.0549
262200.5479
260686.8393
259062.8104
257318.2578
255442.0609
253422.293
251246.1373
248899.4941
246366.2343
243627.1494
240658.7246
237431.8951
233910.94
230052.6421
225805.8335
221111.4543
215903.2838
210109.5253
203655.4429
196467.2322
188477.2638
179630.7338
169893.5965
159261.4251
147768.5632
135496.573
122656.7514
109302.8547
95662.73978
82039.31453
68793.05445
56303.13581
44914.60471
34887.33178
26363.614
19363.4005
282182.9899
282120.5869
282048.0731
281968.1731
281883.8023
281796.6919
281707.032
281613.8407
281515.514
281410.293
281296.6105
281173.3206
281039.7761
280895.7196
280740.9994
280575.1941
280397.2924
280205.5765
279997.764
279771.34
279523.9193
279253.4729
278958.3186
278636.9027
278287.5077
277908.0632
277496.1786
277049.3973
276565.5553
276043.0694
275481.0004
274878.8289
274236.0106
273551.4744
272823.2468
272048.3094
271222.7015
270341.7902
269400.5987
268394.0791
267317.2376
266165.0657
264932.295
263613.0549
262200.5479
260686.8393
259062.8104
257318.2578
255442.0609
253422.293
251246.1373
248899.4941
246366.2343
243627.1494
240658.7246
237431.8951
233910.94
230052.6421
225805.8335
221111.4543
215903.2838
210109.5253
203655.4429
196467.2322
188477.2638
179630.7338
169893.5965
159261.4251
147768.5632
135496.573
122656.7514
109302.8547
95662.73978
82039.31453
68793.05445
56303.13581
44914.60471
34887.33178
26363.614
19363.4005
282182.9899
282120.5869
282048.0731
281968.1731
281883.8023
281796.6919
281707.032
281613.8407
281515.514
281410.293
281296.6105
281173.3206
281039.7761
280895.7196
280740.9994
280575.1941
280397.2924
280205.5765
279997.764
279771.34
279523.9193
279253.4729
278958.3186
278636.9027
278287.5077
277908.0632
277496.1786
277049.3973
276565.5553
276043.0694
275481.0004
274878.8289
274236.0106
273551.4744
272823.2468
272048.3094
271222.7015
270341.7902
269400.5987
268394.0791
267317.2376
266165.0657
264932.295
263613.0549
262200.5479
260686.8393
259062.8104
257318.2578
255442.0609
253422.293
251246.1373
248899.4941
246366.2343
243627.1494
240658.7246
237431.8951
233910.94
230052.6421
225805.8335
221111.4543
215903.2838
210109.5253
203655.4429
196467.2322
188477.2638
179630.7338
169893.5965
159261.4251
147768.5632
135496.573
122656.7514
109302.8547
95662.73978
82039.31453
68793.05445
56303.13581
44914.60471
34887.33178
26363.614
19363.4005
282182.9899
282120.5869
282048.0731
281968.1731
281883.8023
281796.6919
281707.032
281613.8407
281515.514
281410.293
281296.6105
281173.3206
281039.7761
280895.7196
280740.9994
280575.1941
280397.2924
280205.5765
279997.764
279771.34
279523.9193
279253.4729
278958.3186
278636.9027
278287.5077
277908.0632
277496.1786
277049.3973
276565.5553
276043.0694
275481.0004
274878.8289
274236.0106
273551.4744
272823.2468
272048.3094
271222.7015
270341.7902
269400.5987
268394.0791
267317.2376
266165.0657
264932.295
263613.0549
262200.5479
260686.8393
259062.8104
257318.2578
255442.0609
253422.293
251246.1373
248899.4941
246366.2343
243627.1494
240658.7246
237431.8951
233910.94
230052.6421
225805.8335
221111.4543
215903.2838
210109.5253
203655.4429
196467.2322
188477.2638
179630.7338
169893.5965
159261.4251
147768.5632
135496.573
122656.7514
109302.8547
95662.73978
82039.31453
68793.05445
56303.13581
44914.60471
34887.33178
26363.614
19363.4005
282182.9899
282120.5869
282048.0731
281968.1731
281883.8023
281796.6919
281707.032
281613.8407
281515.514
281410.293
281296.6105
281173.3206
281039.7761
280895.7196
280740.9994
280575.1941
280397.2924
280205.5765
279997.764
279771.34
279523.9193
279253.4729
278958.3186
278636.9027
278287.5077
277908.0632
277496.1786
277049.3973
276565.5553
276043.0694
275481.0004
274878.8289
274236.0106
273551.4744
272823.2468
272048.3094
271222.7015
270341.7902
269400.5987
268394.0791
267317.2376
266165.0657
264932.295
263613.0549
262200.5479
260686.8393
259062.8104
257318.2578
255442.0609
253422.293
251246.1373
248899.4941
246366.2343
243627.1494
240658.7246
237431.8951
233910.94
230052.6421
225805.8335
221111.4543
215903.2838
210109.5253
203655.4429
196467.2322
188477.2638
179630.7338
169893.5965
159261.4251
147768.5632
135496.573
122656.7514
109302.8547
95662.73978
82039.31453
68793.05445
56303.13581
44914.60471
34887.33178
26363.614
19363.4005
282182.9899
282120.5869
282048.0731
281968.1731
281883.8023
281796.6919
281707.032
281613.8407
281515.514
281410.293
281296.6105
281173.3206
281039.7761
280895.7196
280740.9994
280575.1941
280397.2924
280205.5765
279997.764
279771.34
279523.9193
279253.4729
278958.3186
278636.9027
278287.5077
277908.0632
277496.1786
277049.3973
276565.5553
276043.0694
275481.0004
274878.8289
274236.0106
273551.4744
272823.2468
272048.3094
271222.7015
270341.7902
269400.5987
268394.0791
267317.2376
266165.0657
264932.295
263613.0549
262200.5479
260686.8393
259062.8104
257318.2578
255442.0609
253422.293
251246.1373
248899.4941
246366.2343
243627.1494
240658.7246
237431.8951
233910.94
230052.6421
225805.8335
221111.4543
215903.2838
210109.5253
203655.4429
196467.2322
188477.2638
179630.7338
169893.5965
159261.4251
147768.5632
135496.573
122656.7514
109302.8547
95662.73978
82039.31453
68793.05445
56303.13581
44914.60471
34887.33178
26363.614
19363.4005
282182.9899
282120.5869
282048.0731
281968.1731
281883.8023
281796.6919
281707.032
281613.8407
281515.514
281410.293
281296.6105
281173.3206
281039.7761
280895.7196
280740.9994
280575.1941
280397.2924
280205.5765
279997.764
279771.34
279523.9193
279253.4729
278958.3186
278636.9027
278287.5077
277908.0632
277496.1786
277049.3973
276565.5553
276043.0694
275481.0004
274878.8289
274236.0106
273551.4744
272823.2468
272048.3094
271222.7015
270341.7902
269400.5987
268394.0791
267317.2376
266165.0657
264932.295
263613.0549
262200.5479
260686.8393
259062.8104
257318.2578
255442.0609
253422.293
251246.1373
248899.4941
246366.2343
243627.1494
240658.7246
237431.8951
233910.94
230052.6421
225805.8335
221111.4543
215903.2838
210109.5253
203655.4429
196467.2322
188477.2638
179630.7338
169893.5965
159261.4251
147768.5632
135496.573
122656.7514
109302.8547
95662.73978
82039.31453
68793.05445
56303.13581
44914.60471
34887.33178
26363.614
19363.4005
282182.9899
282120.5869
282048.0731
281968.1731
281883.8023
281796.6919
281707.032
281613.8407
281515.514
281410.293
281296.6105
281173.3206
281039.7761
280895.7196
280740.9994
280575.1941
280397.2924
280205.5765
279997.764
279771.34
279523.9193
279253.4729
278958.3186
278636.9027
278287.5077
277908.0632
277496.1786
277049.3973
276565.5553
276043.0694
275481.0004
274878.8289
274236.0106
273551.4744
272823.2468
272048.3094
271222.7015
270341.7902
269400.5987
268394.0791
267317.2376
266165.0657
264932.295
263613.0549
262200.5479
260686.8393
259062.8104
257318.2578
255442.0609
253422.293
251246.1373
248899.4941
246366.2343
243627.1494
240658.7246
237431.8951
233910.94
230052.6421
225805.8335
221111.4543
215903.2838
210109.5253
203655.4429
196467.2322
188477.2638
179630.7338
169893.5965
159261.4251
147768.5632
135496.573
122656.7514
109302.8547
95662.73978
82039.31453
68793.05445
56303.13581
44914.60471
34887.33178
26363.614
19363.4005
282182.9899
282120.5869
282048.0731
281968.1731
281883.8023
281796.6919
281707.032
281613.8407
281515.514
281410.293
281296.6105
281173.3206
281039.7761
280895.7196
280740.9994
280575.1941
280397.2924
280205.5765
279997.764
279771.34
279523.9193
279253.4729
278958.3186
278636.9027
278287.5077
277908.0632
277496.1786
277049.3973
276565.5553
276043.0694
275481.0004
274878.8289
274236.0106
273551.4744
272823.2468
272048.3094
271222.7015
270341.7902
269400.5987
268394.0791
267317.2376
266165.0657
264932.295
263613.0549
262200.5479
260686.8393
259062.8104
257318.2578
255442.0609
253422.293
251246.1373
248899.4941
246366.2343
243627.1494
240658.7246
237431.8951
233910.94
230052.6421
225805.8335
221111.4543
215903.2838
210109.5253
203655.4429
196467.2322
188477.2638
179630.7338
169893.5965
159261.4251
147768.5632
135496.573
122656.7514
109302.8547
95662.73978
82039.31453
68793.05445
56303.13581
44914.60471
34887.33178
26363.614
19363.4005
282182.9899
282120.5869
282048.0731
281968.1731
281883.8023
281796.6919
281707.032
281613.8407
281515.514
281410.293
281296.6105
281173.3206
281039.7761
280895.7196
280740.9994
280575.1941
280397.2924
280205.5765
279997.764
279771.34
279523.9193
279253.4729
278958.3186
278636.9027
278287.5077
277908.0632
277496.1786
277049.3973
276565.5553
276043.0694
275481.0004
274878.8289
274236.0106
273551.4744
272823.2468
272048.3094
271222.7015
270341.7902
269400.5987
268394.0791
267317.2376
266165.0657
264932.295
263613.0549
262200.5479
260686.8393
259062.8104
257318.2578
255442.0609
253422.293
251246.1373
248899.4941
246366.2343
243627.1494
240658.7246
237431.8951
233910.94
230052.6421
225805.8335
221111.4543
215903.2838
210109.5253
203655.4429
196467.2322
188477.2638
179630.7338
169893.5965
159261.4251
147768.5632
135496.573
122656.7514
109302.8547
95662.73978
82039.31453
68793.05445
56303.13581
44914.60471
34887.33178
26363.614
19363.4005
282182.9899
282120.5869
282048.0731
281968.1731
281883.8023
281796.6919
281707.032
281613.8407
281515.514
281410.293
281296.6105
281173.3206
281039.7761
280895.7196
280740.9994
280575.1941
280397.2924
280205.5765
279997.764
279771.34
279523.9193
279253.4729
278958.3186
278636.9027
278287.5077
277908.0632
277496.1786
277049.3973
276565.5553
276043.0694
275481.0004
274878.8289
274236.0106
273551.4744
272823.2468
272048.3094
271222.7015
270341.7902
269400.5987
268394.0791
267317.2376
266165.0657
264932.295
263613.0549
262200.5479
260686.8393
259062.8104
257318.2578
255442.0609
253422.293
251246.1373
248899.4941
246366.2343
243627.1494
240658.7246
237431.8951
233910.94
230052.6421
225805.8335
221111.4543
215903.2838
210109.5253
203655.4429
196467.2322
188477.2638
179630.7338
169893.5965
159261.4251
147768.5632
135496.573
122656.7514
109302.8547
95662.73978
82039.31453
68793.05445
56303.13581
44914.60471
34887.33178
26363.614
19363.4005
282182.9899
282120.5869
282048.0731
281968.1731
281883.8023
281796.6919
281707.032
281613.8407
281515.514
281410.293
281296.6105
281173.3206
281039.7761
280895.7196
280740.9994
280575.1941
280397.2924
280205.5765
279997.764
279771.34
279523.9193
279253.4729
278958.3186
278636.9027
278287.5077
277908.0632
277496.1786
277049.3973
276565.5553
276043.0694
275481.0004
274878.8289
274236.0106
273551.4744
272823.2468
272048.3094
271222.7015
270341.7902
269400.5987
268394.0791
267317.2376
266165.0657
264932.295
263613.0549
262200.5479
260686.8393
259062.8104
257318.2578
255442.0609
253422.293
251246.1373
248899.4941
246366.2343
243627.1494
240658.7246
237431.8951
233910.94
230052.6421
225805.8335
221111.4543
215903.2838
210109.5253
203655.4429
196467.2322
188477.2638
179630.7338
169893.5965
159261.4251
147768.5632
135496.573
122656.7514
109302.8547
95662.73978
82039.31453
68793.05445
56303.13581
44914.60471
34887.33178
26363.614
19363.4005
282182.9899
282120.5869
282048.0731
281968.1731
281883.8023
281796.6919
281707.032
281613.8407
281515.514
281410.293
281296.6105
281173.3206
281039.7761
280895.7196
280740.9994
280575.1941
280397.2924
280205.5765
279997.764
279771.34
279523.9193
279253.4729
278958.3186
278636.9027
278287.5077
277908.0632
277496.1786
277049.3973
276565.5553
276043.0694
275481.0004
274878.8289
274236.0106
273551.4744
272823.2468
272048.3094
271222.7015
270341.7902
269400.5987
268394.0791
267317.2376
266165.0657
264932.295
263613.0549
262200.5479
260686.8393
259062.8104
257318.2578
255442.0609
253422.293
251246.1373
248899.4941
246366.2343
243627.1494
240658.7246
237431.8951
233910.94
230052.6421
225805.8335
221111.4543
215903.2838
210109.5253
203655.4429
196467.2322
188477.2638
179630.7338
169893.5965
159261.4251
147768.5632
135496.573
122656.7514
109302.8547
95662.73978
82039.31453
68793.05445
56303.13581
44914.60471
34887.33178
26363.614
19363.4005
282182.9899
282120.5869
282048.0731
281968.1731
281883.8023
281796.6919
281707.032
281613.8407
281515.514
281410.293
281296.6105
281173.3206
281039.7761
280895.7196
280740.9994
280575.1941
280397.2924
280205.5765
279997.764
279771.34
279523.9193
279253.4729
278958.3186
278636.9027
278287.5077
277908.0632
277496.1786
277049.3973
276565.5553
276043.0694
275481.0004
274878.8289
274236.0106
273551.4744
272823.2468
272048.3094
271222.7015
270341.7902
269400.5987
268394.0791
267317.2376
266165.0657
264932.295
263613.0549
262200.5479
260686.8393
259062.8104
257318.2578
255442.0609
253422.293
251246.1373
248899.4941
246366.2343
243627.1494
240658.7246
237431.8951
233910.94
230052.6421
225805.8335
221111.4543
215903.2838
210109.5253
203655.4429
196467.2322
188477.2638
179630.7338
169893.5965
159261.4251
147768.5632
135496.573
122656.7514
109302.8547
95662.73978
82039.31453
68793.05445
56303.13581
44914.60471
34887.33178
26363.614
19363.4005
282182.9899
282120.5869
282048.0731
281968.1731
281883.8023
281796.6919
281707.032
281613.8407
281515.514
281410.293
281296.6105
281173.3206
281039.7761
280895.7196
280740.9994
280575.1941
280397.2924
280205.5765
279997.764
279771.34
279523.9193
279253.4729
278958.3186
278636.9027
278287.5077
277908.0632
277496.1786
277049.3973
276565.5553
276043.0694
275481.0004
274878.8289
274236.0106
273551.4744
272823.2468
272048.3094
271222.7015
270341.7902
269400.5987
268394.0791
267317.2376
266165.0657
264932.295
263613.0549
262200.5479
260686.8393
259062.8104
257318.2578
255442.0609
253422.293
251246.1373
248899.4941
246366.2343
243627.1494
240658.7246
237431.8951
233910.94
230052.6421
225805.8335
221111.4543
215903.2838
210109.5253
203655.4429
196467.2322
188477.2638
179630.7338
169893.5965
159261.4251
147768.5632
135496.573
122656.7514
109302.8547
95662.73978
82039.31453
68793.05445
56303.13581
44914.60471
34887.33178
26363.614
19363.4005
282182.9899
282120.5869
282048.0731
281968.1731
281883.8023
281796.6919
281707.032
281613.8407
281515.514
281410.293
281296.6105
281173.3206
281039.7761
280895.7196
280740.9994
280575.1941
280397.2924
280205.5765
279997.764
279771.34
279523.9193
279253.4729
278958.3186
278636.9027
278287.5077
277908.0632
277496.1786
277049.3973
276565.5553
276043.0694
275481.0004
274878.8289
274236.0106
273551.4744
272823.2468
272048.3094
271222.7015
270341.7902
269400.5987
268394.0791
267317.2376
266165.0657
264932.295
263613.0549
262200.5479
260686.8393
259062.8104
257318.2578
255442.0609
253422.293
251246.1373
248899.4941
246366.2343
243627.1494
240658.7246
237431.8951
233910.94
230052.6421
225805.8335
221111.4543
215903.2838
210109.5253
203655.4429
196467.2322
188477.2638
179630.7338
169893.5965
159261.4251
147768.5632
135496.573
122656.7514
109302.8547
95662.73978
82039.31453
68793.05445
56303.13581
44914.60471
34887.33178
26363.614
19363.4005
282182.9899
282120.5869
282048.0731
281968.1731
281883.8023
281796.6919
281707.032
281613.8407
281515.514
281410.293
281296.6105
281173.3206
281039.7761
280895.7196
280740.9994
280575.1941
280397.2924
280205.5765
279997.764
279771.34
279523.9193
279253.4729
278958.3186
278636.9027
278287.5077
277908.0632
277496.1786
277049.3973
276565.5553
276043.0694
275481.0004
274878.8289
274236.0106
273551.4744
272823.2468
272048.3094
271222.7015
270341.7902
269400.5987
268394.0791
267317.2376
266165.0657
264932.295
263613.0549
262200.5479
260686.8393
259062.8104
257318.2578
255442.0609
253422.293
251246.1373
248899.4941
246366.2343
243627.1494
240658.7246
237431.8951
233910.94
230052.6421
225805.8335
221111.4543
215903.2838
210109.5253
203655.4429
196467.2322
188477.2638
179630.7338
169893.5965
159261.4251
147768.5632
135496.573
122656.7514
109302.8547
95662.73978
82039.31453
68793.05445
56303.13581
44914.60471
34887.33178
26363.614
19363.4005
282182.9899
282120.5869
282048.0731
281968.1731
281883.8023
281796.6919
281707.032
281613.8407
281515.514
281410.293
281296.6105
281173.3206
281039.7761
280895.7196
280740.9994
280575.1941
280397.2924
280205.5765
279997.764
279771.34
279523.9193
279253.4729
278958.3186
278636.9027
278287.5077
277908.0632
277496.1786
277049.3973
276565.5553
276043.0694
275481.0004
274878.8289
274236.0106
273551.4744
272823.2468
272048.3094
271222.7015
270341.7902
269400.5987
268394.0791
267317.2376
266165.0657
264932.295
263613.0549
262200.5479
260686.8393
259062.8104
257318.2578
255442.0609
253422.293
251246.1373
248899.4941
246366.2343
243627.1494
240658.7246
237431.8951
233910.94
230052.6421
225805.8335
221111.4543
215903.2838
210109.5253
203655.4429
196467.2322
188477.2638
179630.7338
169893.5965
159261.4251
147768.5632
135496.573
122656.7514
109302.8547
95662.73978
82039.31453
68793.05445
56303.13581
44914.60471
34887.33178
26363.614
19363.4005
282182.9899
282120.5869
282048.0731
281968.1731
281883.8023
281796.6919
281707.032
281613.8407
281515.514
281410.293
281296.6105
281173.3206
281039.7761
280895.7196
280740.9994
280575.1941
280397.2924
280205.5765
279997.764
279771.34
279523.9193
279253.4729
278958.3186
278636.9027
278287.5077
277908.0632
277496.1786
277049.3973
276565.5553
276043.0694
275481.0004
274878.8289
274236.0106
273551.4744
272823.2468
272048.3094
271222.7015
270341.7902
269400.5987
268394.0791
267317.2376
266165.0657
264932.295
263613.0549
262200.5479
260686.8393
259062.8104
257318.2578
255442.0609
253422.293
251246.1373
248899.4941
246366.2343
243627.1494
240658.7246
237431.8951
233910.94
230052.6421
225805.8335
221111.4543
215903.2838
210109.5253
203655.4429
196467.2322
188477.2638
179630.7338
169893.5965
159261.4251
147768.5632
135496.573
122656.7514
109302.8547
95662.73978
82039.31453
68793.05445
56303.13581
44914.60471
34887.33178
26363.614
19363.4005
282182.9899
282120.5869
282048.0731
281968.1731
281883.8023
281796.6919
281707.032
281613.8407
281515.514
281410.293
281296.6105
281173.3206
281039.7761
280895.7196
280740.9994
280575.1941
280397.2924
280205.5765
279997.764
279771.34
279523.9193
279253.4729
278958.3186
278636.9027
278287.5077
277908.0632
277496.1786
277049.3973
276565.5553
276043.0694
275481.0004
274878.8289
274236.0106
273551.4744
272823.2468
272048.3094
271222.7015
270341.7902
269400.5987
268394.0791
267317.2376
266165.0657
264932.295
263613.0549
262200.5479
260686.8393
259062.8104
257318.2578
255442.0609
253422.293
251246.1373
248899.4941
246366.2343
243627.1494
240658.7246
237431.8951
233910.94
230052.6421
225805.8335
221111.4543
215903.2838
210109.5253
203655.4429
196467.2322
188477.2638
179630.7338
169893.5965
159261.4251
147768.5632
135496.573
122656.7514
109302.8547
95662.73978
82039.31453
68793.05445
56303.13581
44914.60471
34887.33178
26363.614
19363.4005
282182.9899
282120.5869
282048.0731
281968.1731
281883.8023
281796.6919
281707.032
281613.8407
281515.514
281410.293
281296.6105
281173.3206
281039.7761
280895.7196
280740.9994
280575.1941
280397.2924
280205.5765
279997.764
279771.34
279523.9193
279253.4729
278958.3186
278636.9027
278287.5077
277908.0632
277496.1786
277049.3973
276565.5553
276043.0694
275481.0004
274878.8289
274236.0106
273551.4744
272823.2468
272048.3094
271222.7015
270341.7902
269400.5987
268394.0791
267317.2376
266165.0657
264932.295
263613.0549
262200.5479
260686.8393
259062.8104
257318.2578
255442.0609
253422.293
251246.1373
248899.4941
246366.2343
243627.1494
240658.7246
237431.8951
233910.94
230052.6421
225805.8335
221111.4543
215903.2838
210109.5253
203655.4429
196467.2322
188477.2638
179630.7338
169893.5965
159261.4251
147768.5632
135496.573
122656.7514
109302.8547
95662.73978
82039.31453
68793.05445
56303.13581
44914.60471
34887.33178
26363.614
19363.4005
282182.9899
282120.5869
282048.0731
281968.1731
281883.8023
281796.6919
281707.032
281613.8407
281515.514
281410.293
281296.6105
281173.3206
281039.7761
280895.7196
280740.9994
280575.1941
280397.2924
280205.5765
279997.764
279771.34
279523.9193
279253.4729
278958.3186
278636.9027
278287.5077
277908.0632
277496.1786
277049.3973
276565.5553
276043.0694
275481.0004
274878.8289
274236.0106
273551.4744
272823.2468
272048.3094
271222.7015
270341.7902
269400.5987
268394.0791
267317.2376
266165.0657
264932.295
263613.0549
262200.5479
260686.8393
259062.8104
257318.2578
255442.0609
253422.293
251246.1373
248899.4941
246366.2343
243627.1494
240658.7246
237431.8951
233910.94
230052.6421
225805.8335
221111.4543
215903.2838
210109.5253
203655.4429
196467.2322
188477.2638
179630.7338
169893.5965
159261.4251
147768.5632
135496.573
122656.7514
109302.8547
95662.73978
82039.31453
68793.05445
56303.13581
44914.60471
34887.33178
26363.614
19363.4005
282182.9899
282120.5869
282048.0731
281968.1731
281883.8023
281796.6919
281707.032
281613.8407
281515.514
281410.293
281296.6105
281173.3206
281039.7761
280895.7196
280740.9994
280575.1941
280397.2924
280205.5765
279997.764
279771.34
279523.9193
279253.4729
278958.3186
278636.9027
278287.5077
277908.0632
277496.1786
277049.3973
276565.5553
276043.0694
275481.0004
274878.8289
274236.0106
273551.4744
272823.2468
272048.3094
271222.7015
270341.7902
269400.5987
268394.0791
267317.2376
266165.0657
264932.295
263613.0549
262200.5479
260686.8393
259062.8104
257318.2578
255442.0609
253422.293
251246.1373
248899.4941
246366.2343
243627.1494
240658.7246
237431.8951
233910.94
230052.6421
225805.8335
221111.4543
215903.2838
210109.5253
203655.4429
196467.2322
188477.2638
179630.7338
169893.5965
159261.4251
147768.5632
135496.573
122656.7514
109302.8547
95662.73978
82039.31453
68793.05445
56303.13581
44914.60471
34887.33178
26363.614
19363.4005
282182.9899
282120.5869
282048.0731
281968.1731
281883.8023
281796.6919
281707.032
281613.8407
281515.514
281410.293
281296.6105
281173.3206
281039.7761
280895.7196
280740.9994
280575.1941
280397.2924
280205.5765
279997.764
279771.34
279523.9193
279253.4729
278958.3186
278636.9027
278287.5077
277908.0632
277496.1786
277049.3973
276565.5553
276043.0694
275481.0004
274878.8289
274236.0106
273551.4744
272823.2468
272048.3094
271222.7015
270341.7902
269400.5987
268394.0791
267317.2376
266165.0657
264932.295
263613.0549
262200.5479
260686.8393
259062.8104
257318.2578
255442.0609
253422.293
251246.1373
248899.4941
246366.2343
243627.1494
240658.7246
237431.8951
233910.94
230052.6421
225805.8335
221111.4543
215903.2838
210109.5253
203655.4429
196467.2322
188477.2638
179630.7338
169893.5965
159261.4251
147768.5632
135496.573
122656.7514
109302.8547
95662.73978
82039.31453
68793.05445
56303.13581
44914.60471
34887.33178
26363.614
19363.4005
282182.9899
282120.5869
282048.0731
281968.1731
281883.8023
281796.6919
281707.032
281613.8407
281515.514
281410.293
281296.6105
281173.3206
281039.7761
280895.7196
280740.9994
280575.1941
280397.2924
280205.5765
279997.764
279771.34
279523.9193
279253.4729
278958.3186
278636.9027
278287.5077
277908.0632
277496.1786
277049.3973
276565.5553
276043.0694
275481.0004
274878.8289
274236.0106
273551.4744
272823.2468
272048.3094
271222.7015
270341.7902
269400.5987
268394.0791
267317.2376
266165.0657
264932.295
263613.0549
262200.5479
260686.8393
259062.8104
257318.2578
255442.0609
253422.293
251246.1373
248899.4941
246366.2343
243627.1494
240658.7246
237431.8951
233910.94
230052.6421
225805.8335
221111.4543
215903.2838
210109.5253
203655.4429
196467.2322
188477.2638
179630.7338
169893.5965
159261.4251
147768.5632
135496.573
122656.7514
109302.8547
95662.73978
82039.31453
68793.05445
56303.13581
44914.60471
34887.33178
26363.614
19363.4005
282182.9899
282120.5869
282048.0731
281968.1731
281883.8023
281796.6919
281707.032
281613.8407
281515.514
281410.293
281296.6105
281173.3206
281039.7761
280895.7196
280740.9994
280575.1941
280397.2924
280205.5765
279997.764
279771.34
279523.9193
279253.4729
278958.3186
278636.9027
278287.5077
277908.0632
277496.1786
277049.3973
276565.5553
276043.0694
275481.0004
274878.8289
274236.0106
273551.4744
272823.2468
272048.3094
271222.7015
270341.7902
269400.5987
268394.0791
267317.2376
266165.0657
264932.295
263613.0549
262200.5479
260686.8393
259062.8104
257318.2578
255442.0609
253422.293
251246.1373
248899.4941
246366.2343
243627.1494
240658.7246
237431.8951
233910.94
230052.6421
225805.8335
221111.4543
215903.2838
210109.5253
203655.4429
196467.2322
188477.2638
179630.7338
169893.5965
159261.4251
147768.5632
135496.573
122656.7514
109302.8547
95662.73978
82039.31453
68793.05445
56303.13581
44914.60471
34887.33178
26363.614
19363.4005
282182.9899
282120.5869
282048.0731
281968.1731
281883.8023
281796.6919
281707.032
281613.8407
281515.514
281410.293
281296.6105
281173.3206
281039.7761
280895.7196
280740.9994
280575.1941
280397.2924
280205.5765
279997.764
279771.34
279523.9193
279253.4729
278958.3186
278636.9027
278287.5077
277908.0632
277496.1786
277049.3973
276565.5553
276043.0694
275481.0004
274878.8289
274236.0106
273551.4744
272823.2468
272048.3094
271222.7015
270341.7902
269400.5987
268394.0791
267317.2376
266165.0657
264932.295
263613.0549
262200.5479
260686.8393
259062.8104
257318.2578
255442.0609
253422.293
251246.1373
248899.4941
246366.2343
243627.1494
240658.7246
237431.8951
233910.94
230052.6421
225805.8335
221111.4543
215903.2838
210109.5253
203655.4429
196467.2322
188477.2638
179630.7338
169893.5965
159261.4251
147768.5632
135496.573
122656.7514
109302.8547
95662.73978
82039.31453
68793.05445
56303.13581
44914.60471
34887.33178
26363.614
19363.4005
282182.9899
282120.5869
282048.0731
281968.1731
281883.8023
281796.6919
281707.032
281613.8407
281515.514
281410.293
281296.6105
281173.3206
281039.7761
280895.7196
280740.9994
280575.1941
280397.2924
280205.5765
279997.764
279771.34
279523.9193
279253.4729
278958.3186
278636.9027
278287.5077
277908.0632
277496.1786
277049.3973
276565.5553
276043.0694
275481.0004
274878.8289
274236.0106
273551.4744
272823.2468
272048.3094
271222.7015
270341.7902
269400.5987
268394.0791
267317.2376
266165.0657
264932.295
263613.0549
262200.5479
260686.8393
259062.8104
257318.2578
255442.0609
253422.293
251246.1373
248899.4941
246366.2343
243627.1494
240658.7246
237431.8951
233910.94
230052.6421
225805.8335
221111.4543
215903.2838
210109.5253
203655.4429
196467.2322
188477.2638
179630.7338
169893.5965
159261.4251
147768.5632
135496.573
122656.7514
109302.8547
95662.73978
82039.31453
68793.05445
56303.13581
44914.60471
34887.33178
26363.614
19363.4005
282182.9899
282120.5869
282048.0731
281968.1731
281883.8023
281796.6919
281707.032
281613.8407
281515.514
281410.293
281296.6105
281173.3206
281039.7761
280895.7196
280740.9994
280575.1941
280397.2924
280205.5765
279997.764
279771.34
279523.9193
279253.4729
278958.3186
278636.9027
278287.5077
277908.0632
277496.1786
277049.3973
276565.5553
276043.0694
275481.0004
274878.8289
274236.0106
273551.4744
272823.2468
272048.3094
271222.7015
270341.7902
269400.5987
268394.0791
267317.2376
266165.0657
264932.295
263613.0549
262200.5479
260686.8393
259062.8104
257318.2578
255442.0609
253422.293
251246.1373
248899.4941
246366.2343
243627.1494
240658.7246
237431.8951
233910.94
230052.6421
225805.8335
221111.4543
215903.2838
210109.5253
203655.4429
196467.2322
188477.2638
179630.7338
169893.5965
159261.4251
147768.5632
135496.573
122656.7514
109302.8547
95662.73978
82039.31453
68793.05445
56303.13581
44914.60471
34887.33178
26363.614
19363.4005
282182.9899
282120.5869
282048.0731
281968.1731
281883.8023
281796.6919
281707.032
281613.8407
281515.514
281410.293
281296.6105
281173.3206
281039.7761
280895.7196
280740.9994
280575.1941
280397.2924
280205.5765
279997.764
279771.34
279523.9193
279253.4729
278958.3186
278636.9027
278287.5077
277908.0632
277496.1786
277049.3973
276565.5553
276043.0694
275481.0004
274878.8289
274236.0106
273551.4744
272823.2468
272048.3094
271222.7015
270341.7902
269400.5987
268394.0791
267317.2376
266165.0657
264932.295
263613.0549
262200.5479
260686.8393
259062.8104
257318.2578
255442.0609
253422.293
251246.1373
248899.4941
246366.2343
243627.1494
240658.7246
237431.8951
233910.94
230052.6421
225805.8335
221111.4543
215903.2838
210109.5253
203655.4429
196467.2322
188477.2638
179630.7338
169893.5965
159261.4251
147768.5632
135496.573
122656.7514
109302.8547
95662.73978
82039.31453
68793.05445
56303.13581
44914.60471
34887.33178
26363.614
19363.4005
282182.9899
282120.5869
282048.0731
281968.1731
281883.8023
281796.6919
281707.032
281613.8407
281515.514
281410.293
281296.6105
281173.3206
281039.7761
280895.7196
280740.9994
280575.1941
280397.2924
280205.5765
279997.764
279771.34
279523.9193
279253.4729
278958.3186
278636.9027
278287.5077
277908.0632
277496.1786
277049.3973
276565.5553
276043.0694
275481.0004
274878.8289
274236.0106
273551.4744
272823.2468
272048.3094
271222.7015
270341.7902
269400.5987
268394.0791
267317.2376
266165.0657
264932.295
263613.0549
262200.5479
260686.8393
259062.8104
257318.2578
255442.0609
253422.293
251246.1373
248899.4941
246366.2343
243627.1494
240658.7246
237431.8951
233910.94
230052.6421
225805.8335
221111.4543
215903.2838
210109.5253
203655.4429
196467.2322
188477.2638
179630.7338
169893.5965
159261.4251
147768.5632
135496.573
122656.7514
109302.8547
95662.73978
82039.31453
68793.05445
56303.13581
44914.60471
34887.33178
26363.614
19363.4005
282182.9899
282120.5869
282048.0731
281968.1731
281883.8023
281796.6919
281707.032
281613.8407
281515.514
281410.293
281296.6105
281173.3206
281039.7761
280895.7196
280740.9994
280575.1941
280397.2924
280205.5765
279997.764
279771.34
279523.9193
279253.4729
278958.3186
278636.9027
278287.5077
277908.0632
277496.1786
277049.3973
276565.5553
276043.0694
275481.0004
274878.8289
274236.0106
273551.4744
272823.2468
272048.3094
271222.7015
270341.7902
269400.5987
268394.0791
267317.2376
266165.0657
264932.295
263613.0549
262200.5479
260686.8393
259062.8104
257318.2578
255442.0609
253422.293
251246.1373
248899.4941
246366.2343
243627.1494
240658.7246
237431.8951
233910.94
230052.6421
225805.8335
221111.4543
215903.2838
210109.5253
203655.4429
196467.2322
188477.2638
179630.7338
169893.5965
159261.4251
147768.5632
135496.573
122656.7514
109302.8547
95662.73978
82039.31453
68793.05445
56303.13581
44914.60471
34887.33178
26363.614
19363.4005
282182.9899
282120.5869
282048.0731
281968.1731
281883.8023
281796.6919
281707.032
281613.8407
281515.514
281410.293
281296.6105
281173.3206
281039.7761
280895.7196
280740.9994
280575.1941
280397.2924
280205.5765
279997.764
279771.34
279523.9193
279253.4729
278958.3186
278636.9027
278287.5077
277908.0632
277496.1786
277049.3973
276565.5553
276043.0694
275481.0004
274878.8289
274236.0106
273551.4744
272823.2468
272048.3094
271222.7015
270341.7902
269400.5987
268394.0791
267317.2376
266165.0657
264932.295
263613.0549
262200.5479
260686.8393
259062.8104
257318.2578
255442.0609
253422.293
251246.1373
248899.4941
246366.2343
243627.1494
240658.7246
237431.8951
233910.94
230052.6421
225805.8335
221111.4543
215903.2838
210109.5253
203655.4429
196467.2322
188477.2638
179630.7338
169893.5965
159261.4251
147768.5632
135496.573
122656.7514
109302.8547
95662.73978
82039.31453
68793.05445
56303.13581
44914.60471
34887.33178
26363.614
19363.4005
282182.9899
282120.5869
282048.0731
281968.1731
281883.8023
281796.6919
281707.032
281613.8407
281515.514
281410.293
281296.6105
281173.3206
281039.7761
280895.7196
280740.9994
280575.1941
280397.2924
280205.5765
279997.764
279771.34
279523.9193
279253.4729
278958.3186
278636.9027
278287.5077
277908.0632
277496.1786
277049.3973
276565.5553
276043.0694
275481.0004
274878.8289
274236.0106
273551.4744
272823.2468
272048.3094
271222.7015
270341.7902
269400.5987
268394.0791
267317.2376
266165.0657
264932.295
263613.0549
262200.5479
260686.8393
259062.8104
257318.2578
255442.0609
253422.293
251246.1373
248899.4941
246366.2343
243627.1494
240658.7246
237431.8951
233910.94
230052.6421
225805.8335
221111.4543
215903.2838
210109.5253
203655.4429
196467.2322
188477.2638
179630.7338
169893.5965
159261.4251
147768.5632
135496.573
122656.7514
109302.8547
95662.73978
82039.31453
68793.05445
56303.13581
44914.60471
34887.33178
26363.614
19363.4005
282182.9899
282120.5869
282048.0731
281968.1731
281883.8023
281796.6919
281707.032
281613.8407
281515.514
281410.293
281296.6105
281173.3206
281039.7761
280895.7196
280740.9994
280575.1941
280397.2924
280205.5765
279997.764
279771.34
279523.9193
279253.4729
278958.3186
278636.9027
278287.5077
277908.0632
277496.1786
277049.3973
276565.5553
276043.0694
275481.0004
274878.8289
274236.0106
273551.4744
272823.2468
272048.3094
271222.7015
270341.7902
269400.5987
268394.0791
267317.2376
266165.0657
264932.295
263613.0549
262200.5479
260686.8393
259062.8104
257318.2578
255442.0609
253422.293
251246.1373
248899.4941
246366.2343
243627.1494
240658.7246
237431.8951
233910.94
230052.6421
225805.8335
221111.4543
215903.2838
210109.5253
203655.4429
196467.2322
188477.2638
179630.7338
169893.5965
159261.4251
147768.5632
135496.573
122656.7514
109302.8547
95662.73978
82039.31453
68793.05445
56303.13581
44914.60471
34887.33178
26363.614
19363.4005
282182.9899
282120.5869
282048.0731
281968.1731
281883.8023
281796.6919
281707.032
281613.8407
281515.514
281410.293
281296.6105
281173.3206
281039.7761
280895.7196
280740.9994
280575.1941
280397.2924
280205.5765
279997.764
279771.34
279523.9193
279253.4729
278958.3186
278636.9027
278287.5077
277908.0632
277496.1786
277049.3973
276565.5553
276043.0694
275481.0004
274878.8289
274236.0106
273551.4744
272823.2468
272048.3094
271222.7015
270341.7902
269400.5987
268394.0791
267317.2376
266165.0657
264932.295
263613.0549
262200.5479
260686.8393
259062.8104
257318.2578
255442.0609
253422.293
251246.1373
248899.4941
246366.2343
243627.1494
240658.7246
237431.8951
233910.94
230052.6421
225805.8335
221111.4543
215903.2838
210109.5253
203655.4429
196467.2322
188477.2638
179630.7338
169893.5965
159261.4251
147768.5632
135496.573
122656.7514
109302.8547
95662.73978
82039.31453
68793.05445
56303.13581
44914.60471
34887.33178
26363.614
19363.4005
282182.9899
282120.5869
282048.0731
281968.1731
281883.8023
281796.6919
281707.032
281613.8407
281515.514
281410.293
281296.6105
281173.3206
281039.7761
280895.7196
280740.9994
280575.1941
280397.2924
280205.5765
279997.764
279771.34
279523.9193
279253.4729
278958.3186
278636.9027
278287.5077
277908.0632
277496.1786
277049.3973
276565.5553
276043.0694
275481.0004
274878.8289
274236.0106
273551.4744
272823.2468
272048.3094
271222.7015
270341.7902
269400.5987
268394.0791
267317.2376
266165.0657
264932.295
263613.0549
262200.5479
260686.8393
259062.8104
257318.2578
255442.0609
253422.293
251246.1373
248899.4941
246366.2343
243627.1494
240658.7246
237431.8951
233910.94
230052.6421
225805.8335
221111.4543
215903.2838
210109.5253
203655.4429
196467.2322
188477.2638
179630.7338
169893.5965
159261.4251
147768.5632
135496.573
122656.7514
109302.8547
95662.73978
82039.31453
68793.05445
56303.13581
44914.60471
34887.33178
26363.614
19363.4005
282182.9899
282120.5869
282048.0731
281968.1731
281883.8023
281796.6919
281707.032
281613.8407
281515.514
281410.293
281296.6105
281173.3206
281039.7761
280895.7196
280740.9994
280575.1941
280397.2924
280205.5765
279997.764
279771.34
279523.9193
279253.4729
278958.3186
278636.9027
278287.5077
277908.0632
277496.1786
277049.3973
276565.5553
276043.0694
275481.0004
274878.8289
274236.0106
273551.4744
272823.2468
272048.3094
271222.7015
270341.7902
269400.5987
268394.0791
267317.2376
266165.0657
264932.295
263613.0549
262200.5479
260686.8393
259062.8104
257318.2578
255442.0609
253422.293
251246.1373
248899.4941
246366.2343
243627.1494
240658.7246
237431.8951
233910.94
230052.6421
225805.8335
221111.4543
215903.2838
210109.5253
203655.4429
196467.2322
188477.2638
179630.7338
169893.5965
159261.4251
147768.5632
135496.573
122656.7514
109302.8547
95662.73978
82039.31453
68793.05445
56303.13581
44914.60471
34887.33178
26363.614
19363.4005
282182.9899
282120.5869
282048.0731
281968.1731
281883.8023
281796.6919
281707.032
281613.8407
281515.514
281410.293
281296.6105
281173.3206
281039.7761
280895.7196
280740.9994
280575.1941
280397.2924
280205.5765
279997.764
279771.34
279523.9193
279253.4729
278958.3186
278636.9027
278287.5077
277908.0632
277496.1786
277049.3973
276565.5553
276043.0694
275481.0004
274878.8289
274236.0106
273551.4744
272823.2468
272048.3094
271222.7015
270341.7902
269400.5987
268394.0791
267317.2376
266165.0657
264932.295
263613.0549
262200.5479
260686.8393
259062.8104
257318.2578
255442.0609
253422.293
251246.1373
248899.4941
246366.2343
243627.1494
240658.7246
237431.8951
233910.94
230052.6421
225805.8335
221111.4543
215903.2838
210109.5253
203655.4429
196467.2322
188477.2638
179630.7338
169893.5965
159261.4251
147768.5632
135496.573
122656.7514
109302.8547
95662.73978
82039.31453
68793.05445
56303.13581
44914.60471
34887.33178
26363.614
19363.4005
282182.9899
282120.5869
282048.0731
281968.1731
281883.8023
281796.6919
281707.032
281613.8407
281515.514
281410.293
281296.6105
281173.3206
281039.7761
280895.7196
280740.9994
280575.1941
280397.2924
280205.5765
279997.764
279771.34
279523.9193
279253.4729
278958.3186
278636.9027
278287.5077
277908.0632
277496.1786
277049.3973
276565.5553
276043.0694
275481.0004
274878.8289
274236.0106
273551.4744
272823.2468
272048.3094
271222.7015
270341.7902
269400.5987
268394.0791
267317.2376
266165.0657
264932.295
263613.0549
262200.5479
260686.8393
259062.8104
257318.2578
255442.0609
253422.293
251246.1373
248899.4941
246366.2343
243627.1494
240658.7246
237431.8951
233910.94
230052.6421
225805.8335
221111.4543
215903.2838
210109.5253
203655.4429
196467.2322
188477.2638
179630.7338
169893.5965
159261.4251
147768.5632
135496.573
122656.7514
109302.8547
95662.73978
82039.31453
68793.05445
56303.13581
44914.60471
34887.33178
26363.614
19363.4005
282182.9899
282120.5869
282048.0731
281968.1731
281883.8023
281796.6919
281707.032
281613.8407
281515.514
281410.293
281296.6105
281173.3206
281039.7761
280895.7196
280740.9994
280575.1941
280397.2924
280205.5765
279997.764
279771.34
279523.9193
279253.4729
278958.3186
278636.9027
278287.5077
277908.0632
277496.1786
277049.3973
276565.5553
276043.0694
275481.0004
274878.8289
274236.0106
273551.4744
272823.2468
272048.3094
271222.7015
270341.7902
269400.5987
268394.0791
267317.2376
266165.0657
264932.295
263613.0549
262200.5479
260686.8393
259062.8104
257318.2578
255442.0609
253422.293
251246.1373
248899.4941
246366.2343
243627.1494
240658.7246
237431.8951
233910.94
230052.6421
225805.8335
221111.4543
215903.2838
210109.5253
203655.4429
196467.2322
188477.2638
179630.7338
169893.5965
159261.4251
147768.5632
135496.573
122656.7514
109302.8547
95662.73978
82039.31453
68793.05445
56303.13581
44914.60471
34887.33178
26363.614
19363.4005
282182.9899
282120.5869
282048.0731
281968.1731
281883.8023
281796.6919
281707.032
281613.8407
281515.514
281410.293
281296.6105
281173.3206
281039.7761
280895.7196
280740.9994
280575.1941
280397.2924
280205.5765
279997.764
279771.34
279523.9193
279253.4729
278958.3186
278636.9027
278287.5077
277908.0632
277496.1786
277049.3973
276565.5553
276043.0694
275481.0004
274878.8289
274236.0106
273551.4744
272823.2468
272048.3094
271222.7015
270341.7902
269400.5987
268394.0791
267317.2376
266165.0657
264932.295
263613.0549
262200.5479
260686.8393
259062.8104
257318.2578
255442.0609
253422.293
251246.1373
248899.4941
246366.2343
243627.1494
240658.7246
237431.8951
233910.94
230052.6421
225805.8335
221111.4543
215903.2838
210109.5253
203655.4429
196467.2322
188477.2638
179630.7338
169893.5965
159261.4251
147768.5632
135496.573
122656.7514
109302.8547
95662.73978
82039.31453
68793.05445
56303.13581
44914.60471
34887.33178
26363.614
19363.4005
282182.9899
282120.5869
282048.0731
281968.1731
281883.8023
281796.6919
281707.032
281613.8407
281515.514
281410.293
281296.6105
281173.3206
281039.7761
280895.7196
280740.9994
280575.1941
280397.2924
280205.5765
279997.764
279771.34
279523.9193
279253.4729
278958.3186
278636.9027
278287.5077
277908.0632
277496.1786
277049.3973
276565.5553
276043.0694
275481.0004
274878.8289
274236.0106
273551.4744
272823.2468
272048.3094
271222.7015
270341.7902
269400.5987
268394.0791
267317.2376
266165.0657
264932.295
263613.0549
262200.5479
260686.8393
259062.8104
257318.2578
255442.0609
253422.293
251246.1373
248899.4941
246366.2343
243627.1494
240658.7246
237431.8951
233910.94
230052.6421
225805.8335
221111.4543
215903.2838
210109.5253
203655.4429
196467.2322
188477.2638
179630.7338
169893.5965
159261.4251
147768.5632
135496.573
122656.7514
109302.8547
95662.73978
82039.31453
68793.05445
56303.13581
44914.60471
34887.33178
26363.614
19363.4005
282182.9899
282120.5869
282048.0731
281968.1731
281883.8023
281796.6919
281707.032
281613.8407
281515.514
281410.293
281296.6105
281173.3206
281039.7761
280895.7196
280740.9994
280575.1941
280397.2924
280205.5765
279997.764
279771.34
279523.9193
279253.4729
278958.3186
278636.9027
278287.5077
277908.0632
277496.1786
277049.3973
276565.5553
276043.0694
275481.0004
274878.8289
274236.0106
273551.4744
272823.2468
272048.3094
271222.7015
270341.7902
269400.5987
268394.0791
267317.2376
266165.0657
264932.295
263613.0549
262200.5479
260686.8393
259062.8104
257318.2578
255442.0609
253422.293
251246.1373
248899.4941
246366.2343
243627.1494
240658.7246
237431.8951
233910.94
230052.6421
225805.8335
221111.4543
215903.2838
210109.5253
203655.4429
196467.2322
188477.2638
179630.7338
169893.5965
159261.4251
147768.5632
135496.573
122656.7514
109302.8547
95662.73978
82039.31453
68793.05445
56303.13581
44914.60471
34887.33178
26363.614
19363.4005
282182.9899
282120.5869
282048.0731
281968.1731
281883.8023
281796.6919
281707.032
281613.8407
281515.514
281410.293
281296.6105
281173.3206
281039.7761
280895.7196
280740.9994
280575.1941
280397.2924
280205.5765
279997.764
279771.34
279523.9193
279253.4729
278958.3186
278636.9027
278287.5077
277908.0632
277496.1786
277049.3973
276565.5553
276043.0694
275481.0004
274878.8289
274236.0106
273551.4744
272823.2468
272048.3094
271222.7015
270341.7902
269400.5987
268394.0791
267317.2376
266165.0657
264932.295
263613.0549
262200.5479
260686.8393
259062.8104
257318.2578
255442.0609
253422.293
251246.1373
248899.4941
246366.2343
243627.1494
240658.7246
237431.8951
233910.94
230052.6421
225805.8335
221111.4543
215903.2838
210109.5253
203655.4429
196467.2322
188477.2638
179630.7338
169893.5965
159261.4251
147768.5632
135496.573
122656.7514
109302.8547
95662.73978
82039.31453
68793.05445
56303.13581
44914.60471
34887.33178
26363.614
19363.4005
282182.9899
282120.5869
282048.0731
281968.1731
281883.8023
281796.6919
281707.032
281613.8407
281515.514
281410.293
281296.6105
281173.3206
281039.7761
280895.7196
280740.9994
280575.1941
280397.2924
280205.5765
279997.764
279771.34
279523.9193
279253.4729
278958.3186
278636.9027
278287.5077
277908.0632
277496.1786
277049.3973
276565.5553
276043.0694
275481.0004
274878.8289
274236.0106
273551.4744
272823.2468
272048.3094
271222.7015
270341.7902
269400.5987
268394.0791
267317.2376
266165.0657
264932.295
263613.0549
262200.5479
260686.8393
259062.8104
257318.2578
255442.0609
253422.293
251246.1373
248899.4941
246366.2343
243627.1494
240658.7246
237431.8951
233910.94
230052.6421
225805.8335
221111.4543
215903.2838
210109.5253
203655.4429
196467.2322
188477.2638
179630.7338
169893.5965
159261.4251
147768.5632
135496.573
122656.7514
109302.8547
95662.73978
82039.31453
68793.05445
56303.13581
44914.60471
34887.33178
26363.614
19363.4005
282182.9899
282120.5869
282048.0731
281968.1731
281883.8023
281796.6919
281707.032
281613.8407
281515.514
281410.293
281296.6105
281173.3206
281039.7761
280895.7196
280740.9994
280575.1941
280397.2924
280205.5765
279997.764
279771.34
279523.9193
279253.4729
278958.3186
278636.9027
278287.5077
277908.0632
277496.1786
277049.3973
276565.5553
276043.0694
275481.0004
274878.8289
274236.0106
273551.4744
272823.2468
272048.3094
271222.7015
270341.7902
269400.5987
268394.0791
267317.2376
266165.0657
264932.295
263613.0549
262200.5479
260686.8393
259062.8104
257318.2578
255442.0609
253422.293
251246.1373
248899.4941
246366.2343
243627.1494
240658.7246
237431.8951
233910.94
230052.6421
225805.8335
221111.4543
215903.2838
210109.5253
203655.4429
196467.2322
188477.2638
179630.7338
169893.5965
159261.4251
147768.5632
135496.573
122656.7514
109302.8547
95662.73978
82039.31453
68793.05445
56303.13581
44914.60471
34887.33178
26363.614
19363.4005
282182.9899
282120.5869
282048.0731
281968.1731
281883.8023
281796.6919
281707.032
281613.8407
281515.514
281410.293
281296.6105
281173.3206
281039.7761
280895.7196
280740.9994
280575.1941
280397.2924
280205.5765
279997.764
279771.34
279523.9193
279253.4729
278958.3186
278636.9027
278287.5077
277908.0632
277496.1786
277049.3973
276565.5553
276043.0694
275481.0004
274878.8289
274236.0106
273551.4744
272823.2468
272048.3094
271222.7015
270341.7902
269400.5987
268394.0791
267317.2376
266165.0657
264932.295
263613.0549
262200.5479
260686.8393
259062.8104
257318.2578
255442.0609
253422.293
251246.1373
248899.4941
246366.2343
243627.1494
240658.7246
237431.8951
233910.94
230052.6421
225805.8335
221111.4543
215903.2838
210109.5253
203655.4429
196467.2322
188477.2638
179630.7338
169893.5965
159261.4251
147768.5632
135496.573
122656.7514
109302.8547
95662.73978
82039.31453
68793.05445
56303.13581
44914.60471
34887.33178
26363.614
19363.4005
282182.9899
282120.5869
282048.0731
281968.1731
281883.8023
281796.6919
281707.032
281613.8407
281515.514
281410.293
281296.6105
281173.3206
281039.7761
280895.7196
280740.9994
280575.1941
280397.2924
280205.5765
279997.764
279771.34
279523.9193
279253.4729
278958.3186
278636.9027
278287.5077
277908.0632
277496.1786
277049.3973
276565.5553
276043.0694
275481.0004
274878.8289
274236.0106
273551.4744
272823.2468
272048.3094
271222.7015
270341.7902
269400.5987
268394.0791
267317.2376
266165.0657
264932.295
263613.0549
262200.5479
260686.8393
259062.8104
257318.2578
255442.0609
253422.293
251246.1373
248899.4941
246366.2343
243627.1494
240658.7246
237431.8951
233910.94
230052.6421
225805.8335
221111.4543
215903.2838
210109.5253
203655.4429
196467.2322
188477.2638
179630.7338
169893.5965
159261.4251
147768.5632
135496.573
122656.7514
109302.8547
95662.73978
82039.31453
68793.05445
56303.13581
44914.60471
34887.33178
26363.614
19363.4005
282182.9899
282120.5869
282048.0731
281968.1731
281883.8023
281796.6919
281707.032
281613.8407
281515.514
281410.293
281296.6105
281173.3206
281039.7761
280895.7196
280740.9994
280575.1941
280397.2924
280205.5765
279997.764
279771.34
279523.9193
279253.4729
278958.3186
278636.9027
278287.5077
277908.0632
277496.1786
277049.3973
276565.5553
276043.0694
275481.0004
274878.8289
274236.0106
273551.4744
272823.2468
272048.3094
271222.7015
270341.7902
269400.5987
268394.0791
267317.2376
266165.0657
264932.295
263613.0549
262200.5479
260686.8393
259062.8104
257318.2578
255442.0609
253422.293
251246.1373
248899.4941
246366.2343
243627.1494
240658.7246
237431.8951
233910.94
230052.6421
225805.8335
221111.4543
215903.2838
210109.5253
203655.4429
196467.2322
188477.2638
179630.7338
169893.5965
159261.4251
147768.5632
135496.573
122656.7514
109302.8547
95662.73978
82039.31453
68793.05445
56303.13581
44914.60471
34887.33178
26363.614
19363.4005
282182.9899
282120.5869
282048.0731
281968.1731
281883.8023
281796.6919
281707.032
281613.8407
281515.514
281410.293
281296.6105
281173.3206
281039.7761
280895.7196
280740.9994
280575.1941
280397.2924
280205.5765
279997.764
279771.34
279523.9193
279253.4729
278958.3186
278636.9027
278287.5077
277908.0632
277496.1786
277049.3973
276565.5553
276043.0694
275481.0004
274878.8289
274236.0106
273551.4744
272823.2468
272048.3094
271222.7015
270341.7902
269400.5987
268394.0791
267317.2376
266165.0657
264932.295
263613.0549
262200.5479
260686.8393
259062.8104
257318.2578
255442.0609
253422.293
251246.1373
248899.4941
246366.2343
243627.1494
240658.7246
237431.8951
233910.94
230052.6421
225805.8335
221111.4543
215903.2838
210109.5253
203655.4429
196467.2322
188477.2638
179630.7338
169893.5965
159261.4251
147768.5632
135496.573
122656.7514
109302.8547
95662.73978
82039.31453
68793.05445
56303.13581
44914.60471
34887.33178
26363.614
19363.4005
282182.9899
282120.5869
282048.0731
281968.1731
281883.8023
281796.6919
281707.032
281613.8407
281515.514
281410.293
281296.6105
281173.3206
281039.7761
280895.7196
280740.9994
280575.1941
280397.2924
280205.5765
279997.764
279771.34
279523.9193
279253.4729
278958.3186
278636.9027
278287.5077
277908.0632
277496.1786
277049.3973
276565.5553
276043.0694
275481.0004
274878.8289
274236.0106
273551.4744
272823.2468
272048.3094
271222.7015
270341.7902
269400.5987
268394.0791
267317.2376
266165.0657
264932.295
263613.0549
262200.5479
260686.8393
259062.8104
257318.2578
255442.0609
253422.293
251246.1373
248899.4941
246366.2343
243627.1494
240658.7246
237431.8951
233910.94
230052.6421
225805.8335
221111.4543
215903.2838
210109.5253
203655.4429
196467.2322
188477.2638
179630.7338
169893.5965
159261.4251
147768.5632
135496.573
122656.7514
109302.8547
95662.73978
82039.31453
68793.05445
56303.13581
44914.60471
34887.33178
26363.614
19363.4005
282182.9899
282120.5869
282048.0731
281968.1731
281883.8023
281796.6919
281707.032
281613.8407
281515.514
281410.293
281296.6105
281173.3206
281039.7761
280895.7196
280740.9994
280575.1941
280397.2924
280205.5765
279997.764
279771.34
279523.9193
279253.4729
278958.3186
278636.9027
278287.5077
277908.0632
277496.1786
277049.3973
276565.5553
276043.0694
275481.0004
274878.8289
274236.0106
273551.4744
272823.2468
272048.3094
271222.7015
270341.7902
269400.5987
268394.0791
267317.2376
266165.0657
264932.295
263613.0549
262200.5479
260686.8393
259062.8104
257318.2578
255442.0609
253422.293
251246.1373
248899.4941
246366.2343
243627.1494
240658.7246
237431.8951
233910.94
230052.6421
225805.8335
221111.4543
215903.2838
210109.5253
203655.4429
196467.2322
188477.2638
179630.7338
169893.5965
159261.4251
147768.5632
135496.573
122656.7514
109302.8547
95662.73978
82039.31453
68793.05445
56303.13581
44914.60471
34887.33178
26363.614
19363.4005
282182.9899
282120.5869
282048.0731
281968.1731
281883.8023
281796.6919
281707.032
281613.8407
281515.514
281410.293
281296.6105
281173.3206
281039.7761
280895.7196
280740.9994
280575.1941
280397.2924
280205.5765
279997.764
279771.34
279523.9193
279253.4729
278958.3186
278636.9027
278287.5077
277908.0632
277496.1786
277049.3973
276565.5553
276043.0694
275481.0004
274878.8289
274236.0106
273551.4744
272823.2468
272048.3094
271222.7015
270341.7902
269400.5987
268394.0791
267317.2376
266165.0657
264932.295
263613.0549
262200.5479
260686.8393
259062.8104
257318.2578
255442.0609
253422.293
251246.1373
248899.4941
246366.2343
243627.1494
240658.7246
237431.8951
233910.94
230052.6421
225805.8335
221111.4543
215903.2838
210109.5253
203655.4429
196467.2322
188477.2638
179630.7338
169893.5965
159261.4251
147768.5632
135496.573
122656.7514
109302.8547
95662.73978
82039.31453
68793.05445
56303.13581
44914.60471
34887.33178
26363.614
19363.4005
282182.9899
282120.5869
282048.0731
281968.1731
281883.8023
281796.6919
281707.032
281613.8407
281515.514
281410.293
281296.6105
281173.3206
281039.7761
280895.7196
280740.9994
280575.1941
280397.2924
280205.5765
279997.764
279771.34
279523.9193
279253.4729
278958.3186
278636.9027
278287.5077
277908.0632
277496.1786
277049.3973
276565.5553
276043.0694
275481.0004
274878.8289
274236.0106
273551.4744
272823.2468
272048.3094
271222.7015
270341.7902
269400.5987
268394.0791
267317.2376
266165.0657
264932.295
263613.0549
262200.5479
260686.8393
259062.8104
257318.2578
255442.0609
253422.293
251246.1373
248899.4941
246366.2343
243627.1494
240658.7246
237431.8951
233910.94
230052.6421
225805.8335
221111.4543
215903.2838
210109.5253
203655.4429
196467.2322
188477.2638
179630.7338
169893.5965
159261.4251
147768.5632
135496.573
122656.7514
109302.8547
95662.73978
82039.31453
68793.05445
56303.13581
44914.60471
34887.33178
26363.614
19363.4005
282182.9899
282120.5869
282048.0731
281968.1731
281883.8023
281796.6919
281707.032
281613.8407
281515.514
281410.293
281296.6105
281173.3206
281039.7761
280895.7196
280740.9994
280575.1941
280397.2924
280205.5765
279997.764
279771.34
279523.9193
279253.4729
278958.3186
278636.9027
278287.5077
277908.0632
277496.1786
277049.3973
276565.5553
276043.0694
275481.0004
274878.8289
274236.0106
273551.4744
272823.2468
272048.3094
271222.7015
270341.7902
269400.5987
268394.0791
267317.2376
266165.0657
264932.295
263613.0549
262200.5479
260686.8393
259062.8104
257318.2578
255442.0609
253422.293
251246.1373
248899.4941
246366.2343
243627.1494
240658.7246
237431.8951
233910.94
230052.6421
225805.8335
221111.4543
215903.2838
210109.5253
203655.4429
196467.2322
188477.2638
179630.7338
169893.5965
159261.4251
147768.5632
135496.573
122656.7514
109302.8547
95662.73978
82039.31453
68793.05445
56303.13581
44914.60471
34887.33178
26363.614
19363.4005
282182.9899
282120.5869
282048.0731
281968.1731
281883.8023
281796.6919
281707.032
281613.8407
281515.514
281410.293
281296.6105
281173.3206
281039.7761
280895.7196
280740.9994
280575.1941
280397.2924
280205.5765
279997.764
279771.34
279523.9193
279253.4729
278958.3186
278636.9027
278287.5077
277908.0632
277496.1786
277049.3973
276565.5553
276043.0694
275481.0004
274878.8289
274236.0106
273551.4744
272823.2468
272048.3094
271222.7015
270341.7902
269400.5987
268394.0791
267317.2376
266165.0657
264932.295
263613.0549
262200.5479
260686.8393
259062.8104
257318.2578
255442.0609
253422.293
251246.1373
248899.4941
246366.2343
243627.1494
240658.7246
237431.8951
233910.94
230052.6421
225805.8335
221111.4543
215903.2838
210109.5253
203655.4429
196467.2322
188477.2638
179630.7338
169893.5965
159261.4251
147768.5632
135496.573
122656.7514
109302.8547
95662.73978
82039.31453
68793.05445
56303.13581
44914.60471
34887.33178
26363.614
19363.4005
282182.9899
282120.5869
282048.0731
281968.1731
281883.8023
281796.6919
281707.032
281613.8407
281515.514
281410.293
281296.6105
281173.3206
281039.7761
280895.7196
280740.9994
280575.1941
280397.2924
280205.5765
279997.764
279771.34
279523.9193
279253.4729
278958.3186
278636.9027
278287.5077
277908.0632
277496.1786
277049.3973
276565.5553
276043.0694
275481.0004
274878.8289
274236.0106
273551.4744
272823.2468
272048.3094
271222.7015
270341.7902
269400.5987
268394.0791
267317.2376
266165.0657
264932.295
263613.0549
262200.5479
260686.8393
259062.8104
257318.2578
255442.0609
253422.293
251246.1373
248899.4941
246366.2343
243627.1494
240658.7246
237431.8951
233910.94
230052.6421
225805.8335
221111.4543
215903.2838
210109.5253
203655.4429
196467.2322
188477.2638
179630.7338
169893.5965
159261.4251
147768.5632
135496.573
122656.7514
109302.8547
95662.73978
82039.31453
68793.05445
56303.13581
44914.60471
34887.33178
26363.614
19363.4005
282182.9899
282120.5869
282048.0731
281968.1731
281883.8023
281796.6919
281707.032
281613.8407
281515.514
281410.293
281296.6105
281173.3206
281039.7761
280895.7196
280740.9994
280575.1941
280397.2924
280205.5765
279997.764
279771.34
279523.9193
279253.4729
278958.3186
278636.9027
278287.5077
277908.0632
277496.1786
277049.3973
276565.5553
276043.0694
275481.0004
274878.8289
274236.0106
273551.4744
272823.2468
272048.3094
271222.7015
270341.7902
269400.5987
268394.0791
267317.2376
266165.0657
264932.295
263613.0549
262200.5479
260686.8393
259062.8104
257318.2578
255442.0609
253422.293
251246.1373
248899.4941
246366.2343
243627.1494
240658.7246
237431.8951
233910.94
230052.6421
225805.8335
221111.4543
215903.2838
210109.5253
203655.4429
196467.2322
188477.2638
179630.7338
169893.5965
159261.4251
147768.5632
135496.573
122656.7514
109302.8547
95662.73978
82039.31453
68793.05445
56303.13581
44914.60471
34887.33178
26363.614
19363.4005
282182.9899
282120.5869
282048.0731
281968.1731
281883.8023
281796.6919
281707.032
281613.8407
281515.514
281410.293
281296.6105
281173.3206
281039.7761
280895.7196
280740.9994
280575.1941
280397.2924
280205.5765
279997.764
279771.34
279523.9193
279253.4729
278958.3186
278636.9027
278287.5077
277908.0632
277496.1786
277049.3973
276565.5553
276043.0694
275481.0004
274878.8289
274236.0106
273551.4744
272823.2468
272048.3094
271222.7015
270341.7902
269400.5987
268394.0791
267317.2376
266165.0657
264932.295
263613.0549
262200.5479
260686.8393
259062.8104
257318.2578
255442.0609
253422.293
251246.1373
248899.4941
246366.2343
243627.1494
240658.7246
237431.8951
233910.94
230052.6421
225805.8335
221111.4543
215903.2838
210109.5253
203655.4429
196467.2322
188477.2638
179630.7338
169893.5965
159261.4251
147768.5632
135496.573
122656.7514
109302.8547
95662.73978
82039.31453
68793.05445
56303.13581
44914.60471
34887.33178
26363.614
19363.4005
282182.9899
282120.5869
282048.0731
281968.1731
281883.8023
281796.6919
281707.032
281613.8407
281515.514
281410.293
281296.6105
281173.3206
281039.7761
280895.7196
280740.9994
280575.1941
280397.2924
280205.5765
279997.764
279771.34
279523.9193
279253.4729
278958.3186
278636.9027
278287.5077
277908.0632
277496.1786
277049.3973
276565.5553
276043.0694
275481.0004
274878.8289
274236.0106
273551.4744
272823.2468
272048.3094
271222.7015
270341.7902
269400.5987
268394.0791
267317.2376
266165.0657
264932.295
263613.0549
262200.5479
260686.8393
259062.8104
257318.2578
255442.0609
253422.293
251246.1373
248899.4941
246366.2343
243627.1494
240658.7246
237431.8951
233910.94
230052.6421
225805.8335
221111.4543
215903.2838
210109.5253
203655.4429
196467.2322
188477.2638
179630.7338
169893.5965
159261.4251
147768.5632
135496.573
122656.7514
109302.8547
95662.73978
82039.31453
68793.05445
56303.13581
44914.60471
34887.33178
26363.614
19363.4005
282182.9899
282120.5869
282048.0731
281968.1731
281883.8023
281796.6919
281707.032
281613.8407
281515.514
281410.293
281296.6105
281173.3206
281039.7761
280895.7196
280740.9994
280575.1941
280397.2924
280205.5765
279997.764
279771.34
279523.9193
279253.4729
278958.3186
278636.9027
278287.5077
277908.0632
277496.1786
277049.3973
276565.5553
276043.0694
275481.0004
274878.8289
274236.0106
273551.4744
272823.2468
272048.3094
271222.7015
270341.7902
269400.5987
268394.0791
267317.2376
266165.0657
264932.295
263613.0549
262200.5479
260686.8393
259062.8104
257318.2578
255442.0609
253422.293
251246.1373
248899.4941
246366.2343
243627.1494
240658.7246
237431.8951
233910.94
230052.6421
225805.8335
221111.4543
215903.2838
210109.5253
203655.4429
196467.2322
188477.2638
179630.7338
169893.5965
159261.4251
147768.5632
135496.573
122656.7514
109302.8547
95662.73978
82039.31453
68793.05445
56303.13581
44914.60471
34887.33178
26363.614
19363.4005
282182.9899
282120.5869
282048.0731
281968.1731
281883.8023
281796.6919
281707.032
281613.8407
281515.514
281410.293
281296.6105
281173.3206
281039.7761
280895.7196
280740.9994
280575.1941
280397.2924
280205.5765
279997.764
279771.34
279523.9193
279253.4729
278958.3186
278636.9027
278287.5077
277908.0632
277496.1786
277049.3973
276565.5553
276043.0694
275481.0004
274878.8289
274236.0106
273551.4744
272823.2468
272048.3094
271222.7015
270341.7902
269400.5987
268394.0791
267317.2376
266165.0657
264932.295
263613.0549
262200.5479
260686.8393
259062.8104
257318.2578
255442.0609
253422.293
251246.1373
248899.4941
246366.2343
243627.1494
240658.7246
237431.8951
233910.94
230052.6421
225805.8335
221111.4543
215903.2838
210109.5253
203655.4429
196467.2322
188477.2638
179630.7338
169893.5965
159261.4251
147768.5632
135496.573
122656.7514
109302.8547
95662.73978
82039.31453
68793.05445
56303.13581
44914.60471
34887.33178
26363.614
19363.4005
282182.9899
282120.5869
282048.0731
281968.1731
281883.8023
281796.6919
281707.032
281613.8407
281515.514
281410.293
281296.6105
281173.3206
281039.7761
280895.7196
280740.9994
280575.1941
280397.2924
280205.5765
279997.764
279771.34
279523.9193
279253.4729
278958.3186
278636.9027
278287.5077
277908.0632
277496.1786
277049.3973
276565.5553
276043.0694
275481.0004
274878.8289
274236.0106
273551.4744
272823.2468
272048.3094
271222.7015
270341.7902
269400.5987
268394.0791
267317.2376
266165.0657
264932.295
263613.0549
262200.5479
260686.8393
259062.8104
257318.2578
255442.0609
253422.293
251246.1373
248899.4941
246366.2343
243627.1494
240658.7246
237431.8951
233910.94
230052.6421
225805.8335
221111.4543
215903.2838
210109.5253
203655.4429
196467.2322
188477.2638
179630.7338
169893.5965
159261.4251
147768.5632
135496.573
122656.7514
109302.8547
95662.73978
82039.31453
68793.05445
56303.13581
44914.60471
34887.33178
26363.614
19363.4005
282182.9899
282120.5869
282048.0731
281968.1731
281883.8023
281796.6919
281707.032
281613.8407
281515.514
281410.293
281296.6105
281173.3206
281039.7761
280895.7196
280740.9994
280575.1941
280397.2924
280205.5765
279997.764
279771.34
279523.9193
279253.4729
278958.3186
278636.9027
278287.5077
277908.0632
277496.1786
277049.3973
276565.5553
276043.0694
275481.0004
274878.8289
274236.0106
273551.4744
272823.2468
272048.3094
271222.7015
270341.7902
269400.5987
268394.0791
267317.2376
266165.0657
264932.295
263613.0549
262200.5479
260686.8393
259062.8104
257318.2578
255442.0609
253422.293
251246.1373
248899.4941
246366.2343
243627.1494
240658.7246
237431.8951
233910.94
230052.6421
225805.8335
221111.4543
215903.2838
210109.5253
203655.4429
196467.2322
188477.2638
179630.7338
169893.5965
159261.4251
147768.5632
135496.573
122656.7514
109302.8547
95662.73978
82039.31453
68793.05445
56303.13581
44914.60471
34887.33178
26363.614
19363.4005
282182.9899
282120.5869
282048.0731
281968.1731
281883.8023
281796.6919
281707.032
281613.8407
281515.514
281410.293
281296.6105
281173.3206
281039.7761
280895.7196
280740.9994
280575.1941
280397.2924
280205.5765
279997.764
279771.34
279523.9193
279253.4729
278958.3186
278636.9027
278287.5077
277908.0632
277496.1786
277049.3973
276565.5553
276043.0694
275481.0004
274878.8289
274236.0106
273551.4744
272823.2468
272048.3094
271222.7015
270341.7902
269400.5987
268394.0791
267317.2376
266165.0657
264932.295
263613.0549
262200.5479
260686.8393
259062.8104
257318.2578
255442.0609
253422.293
251246.1373
248899.4941
246366.2343
243627.1494
240658.7246
237431.8951
233910.94
230052.6421
225805.8335
221111.4543
215903.2838
210109.5253
203655.4429
196467.2322
188477.2638
179630.7338
169893.5965
159261.4251
147768.5632
135496.573
122656.7514
109302.8547
95662.73978
82039.31453
68793.05445
56303.13581
44914.60471
34887.33178
26363.614
19363.4005
282182.9899
282120.5869
282048.0731
281968.1731
281883.8023
281796.6919
281707.032
281613.8407
281515.514
281410.293
281296.6105
281173.3206
281039.7761
280895.7196
280740.9994
280575.1941
280397.2924
280205.5765
279997.764
279771.34
279523.9193
279253.4729
278958.3186
278636.9027
278287.5077
277908.0632
277496.1786
277049.3973
276565.5553
276043.0694
275481.0004
274878.8289
274236.0106
273551.4744
272823.2468
272048.3094
271222.7015
270341.7902
269400.5987
268394.0791
267317.2376
266165.0657
264932.295
263613.0549
262200.5479
260686.8393
259062.8104
257318.2578
255442.0609
253422.293
251246.1373
248899.4941
246366.2343
243627.1494
240658.7246
237431.8951
233910.94
230052.6421
225805.8335
221111.4543
215903.2838
210109.5253
203655.4429
196467.2322
188477.2638
179630.7338
169893.5965
159261.4251
147768.5632
135496.573
122656.7514
109302.8547
95662.73978
82039.31453
68793.05445
56303.13581
44914.60471
34887.33178
26363.614
19363.4005
282182.9899
282120.5869
282048.0731
281968.1731
281883.8023
281796.6919
281707.032
281613.8407
281515.514
281410.293
281296.6105
281173.3206
281039.7761
280895.7196
280740.9994
280575.1941
280397.2924
280205.5765
279997.764
279771.34
279523.9193
279253.4729
278958.3186
278636.9027
278287.5077
277908.0632
277496.1786
277049.3973
276565.5553
276043.0694
275481.0004
274878.8289
274236.0106
273551.4744
272823.2468
272048.3094
271222.7015
270341.7902
269400.5987
268394.0791
267317.2376
266165.0657
264932.295
263613.0549
262200.5479
260686.8393
259062.8104
257318.2578
255442.0609
253422.293
251246.1373
248899.4941
246366.2343
243627.1494
240658.7246
237431.8951
233910.94
230052.6421
225805.8335
221111.4543
215903.2838
210109.5253
203655.4429
196467.2322
188477.2638
179630.7338
169893.5965
159261.4251
147768.5632
135496.573
122656.7514
109302.8547
95662.73978
82039.31453
68793.05445
56303.13581
44914.60471
34887.33178
26363.614
19363.4005
282182.9899
282120.5869
282048.0731
281968.1731
281883.8023
281796.6919
281707.032
281613.8407
281515.514
281410.293
281296.6105
281173.3206
281039.7761
280895.7196
280740.9994
280575.1941
280397.2924
280205.5765
279997.764
279771.34
279523.9193
279253.4729
278958.3186
278636.9027
278287.5077
277908.0632
277496.1786
277049.3973
276565.5553
276043.0694
275481.0004
274878.8289
274236.0106
273551.4744
272823.2468
272048.3094
271222.7015
270341.7902
269400.5987
268394.0791
267317.2376
266165.0657
264932.295
263613.0549
262200.5479
260686.8393
259062.8104
257318.2578
255442.0609
253422.293
251246.1373
248899.4941
246366.2343
243627.1494
240658.7246
237431.8951
233910.94
230052.6421
225805.8335
221111.4543
215903.2838
210109.5253
203655.4429
196467.2322
188477.2638
179630.7338
169893.5965
159261.4251
147768.5632
135496.573
122656.7514
109302.8547
95662.73978
82039.31453
68793.05445
56303.13581
44914.60471
34887.33178
26363.614
19363.4005
282182.9899
282120.5869
282048.0731
281968.1731
281883.8023
281796.6919
281707.032
281613.8407
281515.514
281410.293
281296.6105
281173.3206
281039.7761
280895.7196
280740.9994
280575.1941
280397.2924
280205.5765
279997.764
279771.34
279523.9193
279253.4729
278958.3186
278636.9027
278287.5077
277908.0632
277496.1786
277049.3973
276565.5553
276043.0694
275481.0004
274878.8289
274236.0106
273551.4744
272823.2468
272048.3094
271222.7015
270341.7902
269400.5987
268394.0791
267317.2376
266165.0657
264932.295
263613.0549
262200.5479
260686.8393
259062.8104
257318.2578
255442.0609
253422.293
251246.1373
248899.4941
246366.2343
243627.1494
240658.7246
237431.8951
233910.94
230052.6421
225805.8335
221111.4543
215903.2838
210109.5253
203655.4429
196467.2322
188477.2638
179630.7338
169893.5965
159261.4251
147768.5632
135496.573
122656.7514
109302.8547
95662.73978
82039.31453
68793.05445
56303.13581
44914.60471
34887.33178
26363.614
19363.4005
282182.9899
282120.5869
282048.0731
281968.1731
281883.8023
281796.6919
281707.032
281613.8407
281515.514
281410.293
281296.6105
281173.3206
281039.7761
280895.7196
280740.9994
280575.1941
280397.2924
280205.5765
279997.764
279771.34
279523.9193
279253.4729
278958.3186
278636.9027
278287.5077
277908.0632
277496.1786
277049.3973
276565.5553
276043.0694
275481.0004
274878.8289
274236.0106
273551.4744
272823.2468
272048.3094
271222.7015
270341.7902
269400.5987
268394.0791
267317.2376
266165.0657
264932.295
263613.0549
262200.5479
260686.8393
259062.8104
257318.2578
255442.0609
253422.293
251246.1373
248899.4941
246366.2343
243627.1494
240658.7246
237431.8951
233910.94
230052.6421
225805.8335
221111.4543
215903.2838
210109.5253
203655.4429
196467.2322
188477.2638
179630.7338
169893.5965
159261.4251
147768.5632
135496.573
122656.7514
109302.8547
95662.73978
82039.31453
68793.05445
56303.13581
44914.60471
34887.33178
26363.614
19363.4005
282182.9899
282120.5869
282048.0731
281968.1731
281883.8023
281796.6919
281707.032
281613.8407
281515.514
281410.293
281296.6105
281173.3206
281039.7761
280895.7196
280740.9994
280575.1941
280397.2924
280205.5765
279997.764
279771.34
279523.9193
279253.4729
278958.3186
278636.9027
278287.5077
277908.0632
277496.1786
277049.3973
276565.5553
276043.0694
275481.0004
274878.8289
274236.0106
273551.4744
272823.2468
272048.3094
271222.7015
270341.7902
269400.5987
268394.0791
267317.2376
266165.0657
264932.295
263613.0549
262200.5479
260686.8393
259062.8104
257318.2578
255442.0609
253422.293
251246.1373
248899.4941
246366.2343
243627.1494
240658.7246
237431.8951
233910.94
230052.6421
225805.8335
221111.4543
215903.2838
210109.5253
203655.4429
196467.2322
188477.2638
179630.7338
169893.5965
159261.4251
147768.5632
135496.573
122656.7514
109302.8547
95662.73978
82039.31453
68793.05445
56303.13581
44914.60471
34887.33178
26363.614
19363.4005
282182.9899
282120.5869
282048.0731
281968.1731
281883.8023
281796.6919
281707.032
281613.8407
281515.514
281410.293
281296.6105
281173.3206
281039.7761
280895.7196
280740.9994
280575.1941
280397.2924
280205.5765
279997.764
279771.34
279523.9193
279253.4729
278958.3186
278636.9027
278287.5077
277908.0632
277496.1786
277049.3973
276565.5553
276043.0694
275481.0004
274878.8289
274236.0106
273551.4744
272823.2468
272048.3094
271222.7015
270341.7902
269400.5987
268394.0791
267317.2376
266165.0657
264932.295
263613.0549
262200.5479
260686.8393
259062.8104
257318.2578
255442.0609
253422.293
251246.1373
248899.4941
246366.2343
243627.1494
240658.7246
237431.8951
233910.94
230052.6421
225805.8335
221111.4543
215903.2838
210109.5253
203655.4429
196467.2322
188477.2638
179630.7338
169893.5965
159261.4251
147768.5632
135496.573
122656.7514
109302.8547
95662.73978
82039.31453
68793.05445
56303.13581
44914.60471
34887.33178
26363.614
19363.4005
282182.9899
282120.5869
282048.0731
281968.1731
281883.8023
281796.6919
281707.032
281613.8407
281515.514
281410.293
281296.6105
281173.3206
281039.7761
280895.7196
280740.9994
280575.1941
280397.2924
280205.5765
279997.764
279771.34
279523.9193
279253.4729
278958.3186
278636.9027
278287.5077
277908.0632
277496.1786
277049.3973
276565.5553
276043.0694
275481.0004
274878.8289
274236.0106
273551.4744
272823.2468
272048.3094
271222.7015
270341.7902
269400.5987
268394.0791
267317.2376
266165.0657
264932.295
263613.0549
262200.5479
260686.8393
259062.8104
257318.2578
255442.0609
253422.293
251246.1373
248899.4941
246366.2343
243627.1494
240658.7246
237431.8951
233910.94
230052.6421
225805.8335
221111.4543
215903.2838
210109.5253
203655.4429
196467.2322
188477.2638
179630.7338
169893.5965
159261.4251
147768.5632
135496.573
122656.7514
109302.8547
95662.73978
82039.31453
68793.05445
56303.13581
44914.60471
34887.33178
26363.614
19363.4005
282182.9899
282120.5869
282048.0731
281968.1731
281883.8023
281796.6919
281707.032
281613.8407
281515.514
281410.293
281296.6105
281173.3206
281039.7761
280895.7196
280740.9994
280575.1941
280397.2924
280205.5765
279997.764
279771.34
279523.9193
279253.4729
278958.3186
278636.9027
278287.5077
277908.0632
277496.1786
277049.3973
276565.5553
276043.0694
275481.0004
274878.8289
274236.0106
273551.4744
272823.2468
272048.3094
271222.7015
270341.7902
269400.5987
268394.0791
267317.2376
266165.0657
264932.295
263613.0549
262200.5479
260686.8393
259062.8104
257318.2578
255442.0609
253422.293
251246.1373
248899.4941
246366.2343
243627.1494
240658.7246
237431.8951
233910.94
230052.6421
225805.8335
221111.4543
215903.2838
210109.5253
203655.4429
196467.2322
188477.2638
179630.7338
169893.5965
159261.4251
147768.5632
135496.573
122656.7514
109302.8547
95662.73978
82039.31453
68793.05445
56303.13581
44914.60471
34887.33178
26363.614
19363.4005
282182.9899
282120.5869
282048.0731
281968.1731
281883.8023
281796.6919
281707.032
281613.8407
281515.514
281410.293
281296.6105
281173.3206
281039.7761
280895.7196
280740.9994
280575.1941
280397.2924
280205.5765
279997.764
279771.34
279523.9193
279253.4729
278958.3186
278636.9027
278287.5077
277908.0632
277496.1786
277049.3973
276565.5553
276043.0694
275481.0004
274878.8289
274236.0106
273551.4744
272823.2468
272048.3094
271222.7015
270341.7902
269400.5987
268394.0791
267317.2376
266165.0657
264932.295
263613.0549
262200.5479
260686.8393
259062.8104
257318.2578
255442.0609
253422.293
251246.1373
248899.4941
246366.2343
243627.1494
240658.7246
237431.8951
233910.94
230052.6421
225805.8335
221111.4543
215903.2838
210109.5253
203655.4429
196467.2322
188477.2638
179630.7338
169893.5965
159261.4251
147768.5632
135496.573
122656.7514
109302.8547
95662.73978
82039.31453
68793.05445
56303.13581
44914.60471
34887.33178
26363.614
19363.4005
282182.9899
282120.5869
282048.0731
281968.1731
281883.8023
281796.6919
281707.032
281613.8407
281515.514
281410.293
281296.6105
281173.3206
281039.7761
280895.7196
280740.9994
280575.1941
280397.2924
280205.5765
279997.764
279771.34
279523.9193
279253.4729
278958.3186
278636.9027
278287.5077
277908.0632
277496.1786
277049.3973
276565.5553
276043.0694
275481.0004
274878.8289
274236.0106
273551.4744
272823.2468
272048.3094
271222.7015
270341.7902
269400.5987
268394.0791
267317.2376
266165.0657
264932.295
263613.0549
262200.5479
260686.8393
259062.8104
257318.2578
255442.0609
253422.293
251246.1373
248899.4941
246366.2343
243627.1494
240658.7246
237431.8951
233910.94
230052.6421
225805.8335
221111.4543
215903.2838
210109.5253
203655.4429
196467.2322
188477.2638
179630.7338
169893.5965
159261.4251
147768.5632
135496.573
122656.7514
109302.8547
95662.73978
82039.31453
68793.05445
56303.13581
44914.60471
34887.33178
26363.614
19363.4005
282182.9899
282120.5869
282048.0731
281968.1731
281883.8023
281796.6919
281707.032
281613.8407
281515.514
281410.293
281296.6105
281173.3206
281039.7761
280895.7196
280740.9994
280575.1941
280397.2924
280205.5765
279997.764
279771.34
279523.9193
279253.4729
278958.3186
278636.9027
278287.5077
277908.0632
277496.1786
277049.3973
276565.5553
276043.0694
275481.0004
274878.8289
274236.0106
273551.4744
272823.2468
272048.3094
271222.7015
270341.7902
269400.5987
268394.0791
267317.2376
266165.0657
264932.295
263613.0549
262200.5479
260686.8393
259062.8104
257318.2578
255442.0609
253422.293
251246.1373
248899.4941
246366.2343
243627.1494
240658.7246
237431.8951
233910.94
230052.6421
225805.8335
221111.4543
215903.2838
210109.5253
203655.4429
196467.2322
188477.2638
179630.7338
169893.5965
159261.4251
147768.5632
135496.573
122656.7514
109302.8547
95662.73978
82039.31453
68793.05445
56303.13581
44914.60471
34887.33178
26363.614
19363.4005
282182.9899
282120.5869
282048.0731
281968.1731
281883.8023
281796.6919
281707.032
281613.8407
281515.514
281410.293
281296.6105
281173.3206
281039.7761
280895.7196
280740.9994
280575.1941
280397.2924
280205.5765
279997.764
279771.34
279523.9193
279253.4729
278958.3186
278636.9027
278287.5077
277908.0632
277496.1786
277049.3973
276565.5553
276043.0694
275481.0004
274878.8289
274236.0106
273551.4744
272823.2468
272048.3094
271222.7015
270341.7902
269400.5987
268394.0791
267317.2376
266165.0657
264932.295
263613.0549
262200.5479
260686.8393
259062.8104
257318.2578
255442.0609
253422.293
251246.1373
248899.4941
246366.2343
243627.1494
240658.7246
237431.8951
233910.94
230052.6421
225805.8335
221111.4543
215903.2838
210109.5253
203655.4429
196467.2322
188477.2638
179630.7338
169893.5965
159261.4251
147768.5632
135496.573
122656.7514
109302.8547
95662.73978
82039.31453
68793.05445
56303.13581
44914.60471
34887.33178
26363.614
19363.4005
282182.9899
282120.5869
282048.0731
281968.1731
281883.8023
281796.6919
281707.032
281613.8407
281515.514
281410.293
281296.6105
281173.3206
281039.7761
280895.7196
280740.9994
280575.1941
280397.2924
280205.5765
279997.764
279771.34
279523.9193
279253.4729
278958.3186
278636.9027
278287.5077
277908.0632
277496.1786
277049.3973
276565.5553
276043.0694
275481.0004
274878.8289
274236.0106
273551.4744
272823.2468
272048.3094
271222.7015
270341.7902
269400.5987
268394.0791
267317.2376
266165.0657
264932.295
263613.0549
262200.5479
260686.8393
259062.8104
257318.2578
255442.0609
253422.293
251246.1373
248899.4941
246366.2343
243627.1494
240658.7246
237431.8951
233910.94
230052.6421
225805.8335
221111.4543
215903.2838
210109.5253
203655.4429
196467.2322
188477.2638
179630.7338
169893.5965
159261.4251
147768.5632
135496.573
122656.7514
109302.8547
95662.73978
82039.31453
68793.05445
56303.13581
44914.60471
34887.33178
26363.614
19363.4005
282182.9899
282120.5869
282048.0731
281968.1731
281883.8023
281796.6919
281707.032
281613.8407
281515.514
281410.293
281296.6105
281173.3206
281039.7761
280895.7196
280740.9994
280575.1941
280397.2924
280205.5765
279997.764
279771.34
279523.9193
279253.4729
278958.3186
278636.9027
278287.5077
277908.0632
277496.1786
277049.3973
276565.5553
276043.0694
275481.0004
274878.8289
274236.0106
273551.4744
272823.2468
272048.3094
271222.7015
270341.7902
269400.5987
268394.0791
267317.2376
266165.0657
264932.295
263613.0549
262200.5479
260686.8393
259062.8104
257318.2578
255442.0609
253422.293
251246.1373
248899.4941
246366.2343
243627.1494
240658.7246
237431.8951
233910.94
230052.6421
225805.8335
221111.4543
215903.2838
210109.5253
203655.4429
196467.2322
188477.2638
179630.7338
169893.5965
159261.4251
147768.5632
135496.573
122656.7514
109302.8547
95662.73978
82039.31453
68793.05445
56303.13581
44914.60471
34887.33178
26363.614
19363.4005
282182.9899
282120.5869
282048.0731
281968.1731
281883.8023
281796.6919
281707.032
281613.8407
281515.514
281410.293
281296.6105
281173.3206
281039.7761
280895.7196
280740.9994
280575.1941
280397.2924
280205.5765
279997.764
279771.34
279523.9193
279253.4729
278958.3186
278636.9027
278287.5077
277908.0632
277496.1786
277049.3973
276565.5553
276043.0694
275481.0004
274878.8289
274236.0106
273551.4744
272823.2468
272048.3094
271222.7015
270341.7902
269400.5987
268394.0791
267317.2376
266165.0657
264932.295
263613.0549
262200.5479
260686.8393
259062.8104
257318.2578
255442.0609
253422.293
251246.1373
248899.4941
246366.2343
243627.1494
240658.7246
237431.8951
233910.94
230052.6421
225805.8335
221111.4543
215903.2838
210109.5253
203655.4429
196467.2322
188477.2638
179630.7338
169893.5965
159261.4251
147768.5632
135496.573
122656.7514
109302.8547
95662.73978
82039.31453
68793.05445
56303.13581
44914.60471
34887.33178
26363.614
19363.4005
282182.9899
282120.5869
282048.0731
281968.1731
281883.8023
281796.6919
281707.032
281613.8407
281515.514
281410.293
281296.6105
281173.3206
281039.7761
280895.7196
280740.9994
280575.1941
280397.2924
280205.5765
279997.764
279771.34
279523.9193
279253.4729
278958.3186
278636.9027
278287.5077
277908.0632
277496.1786
277049.3973
276565.5553
276043.0694
275481.0004
274878.8289
274236.0106
273551.4744
272823.2468
272048.3094
271222.7015
270341.7902
269400.5987
268394.0791
267317.2376
266165.0657
264932.295
263613.0549
262200.5479
260686.8393
259062.8104
257318.2578
255442.0609
253422.293
251246.1373
248899.4941
246366.2343
243627.1494
240658.7246
237431.8951
233910.94
230052.6421
225805.8335
221111.4543
215903.2838
210109.5253
203655.4429
196467.2322
188477.2638
179630.7338
169893.5965
159261.4251
147768.5632
135496.573
122656.7514
109302.8547
95662.73978
82039.31453
68793.05445
56303.13581
44914.60471
34887.33178
26363.614
19363.4005
282182.9899
282120.5869
282048.0731
281968.1731
281883.8023
281796.6919
281707.032
281613.8407
281515.514
281410.293
281296.6105
281173.3206
281039.7761
280895.7196
280740.9994
280575.1941
280397.2924
280205.5765
279997.764
279771.34
279523.9193
279253.4729
278958.3186
278636.9027
278287.5077
277908.0632
277496.1786
277049.3973
276565.5553
276043.0694
275481.0004
274878.8289
274236.0106
273551.4744
272823.2468
272048.3094
271222.7015
270341.7902
269400.5987
268394.0791
267317.2376
266165.0657
264932.295
263613.0549
262200.5479
260686.8393
259062.8104
257318.2578
255442.0609
253422.293
251246.1373
248899.4941
246366.2343
243627.1494
240658.7246
237431.8951
233910.94
230052.6421
225805.8335
221111.4543
215903.2838
210109.5253
203655.4429
196467.2322
188477.2638
179630.7338
169893.5965
159261.4251
147768.5632
135496.573
122656.7514
109302.8547
95662.73978
82039.31453
68793.05445
56303.13581
44914.60471
34887.33178
26363.614
19363.4005
282182.9899
282120.5869
282048.0731
281968.1731
281883.8023
281796.6919
281707.032
281613.8407
281515.514
281410.293
281296.6105
281173.3206
281039.7761
280895.7196
280740.9994
280575.1941
280397.2924
280205.5765
279997.764
279771.34
279523.9193
279253.4729
278958.3186
278636.9027
278287.5077
277908.0632
277496.1786
277049.3973
276565.5553
276043.0694
275481.0004
274878.8289
274236.0106
273551.4744
272823.2468
272048.3094
271222.7015
270341.7902
269400.5987
268394.0791
267317.2376
266165.0657
264932.295
263613.0549
262200.5479
260686.8393
259062.8104
257318.2578
255442.0609
253422.293
251246.1373
248899.4941
246366.2343
243627.1494
240658.7246
237431.8951
233910.94
230052.6421
225805.8335
221111.4543
215903.2838
210109.5253
203655.4429
196467.2322
188477.2638
179630.7338
169893.5965
159261.4251
147768.5632
135496.573
122656.7514
109302.8547
95662.73978
82039.31453
68793.05445
56303.13581
44914.60471
34887.33178
26363.614
19363.4005
282182.9899
282120.5869
282048.0731
281968.1731
281883.8023
281796.6919
281707.032
281613.8407
281515.514
281410.293
281296.6105
281173.3206
281039.7761
280895.7196
280740.9994
280575.1941
280397.2924
280205.5765
279997.764
279771.34
279523.9193
279253.4729
278958.3186
278636.9027
278287.5077
277908.0632
277496.1786
277049.3973
276565.5553
276043.0694
275481.0004
274878.8289
274236.0106
273551.4744
272823.2468
272048.3094
271222.7015
270341.7902
269400.5987
268394.0791
267317.2376
266165.0657
264932.295
263613.0549
262200.5479
260686.8393
259062.8104
257318.2578
255442.0609
253422.293
251246.1373
248899.4941
246366.2343
243627.1494
240658.7246
237431.8951
233910.94
230052.6421
225805.8335
221111.4543
215903.2838
210109.5253
203655.4429
196467.2322
188477.2638
179630.7338
169893.5965
159261.4251
147768.5632
135496.573
122656.7514
109302.8547
95662.73978
82039.31453
68793.05445
56303.13581
44914.60471
34887.33178
26363.614
19363.4005
282182.9899
282120.5869
282048.0731
281968.1731
281883.8023
281796.6919
281707.032
281613.8407
281515.514
281410.293
281296.6105
281173.3206
281039.7761
280895.7196
280740.9994
280575.1941
280397.2924
280205.5765
279997.764
279771.34
279523.9193
279253.4729
278958.3186
278636.9027
278287.5077
277908.0632
277496.1786
277049.3973
276565.5553
276043.0694
275481.0004
274878.8289
274236.0106
273551.4744
272823.2468
272048.3094
271222.7015
270341.7902
269400.5987
268394.0791
267317.2376
266165.0657
264932.295
263613.0549
262200.5479
260686.8393
259062.8104
257318.2578
255442.0609
253422.293
251246.1373
248899.4941
246366.2343
243627.1494
240658.7246
237431.8951
233910.94
230052.6421
225805.8335
221111.4543
215903.2838
210109.5253
203655.4429
196467.2322
188477.2638
179630.7338
169893.5965
159261.4251
147768.5632
135496.573
122656.7514
109302.8547
95662.73978
82039.31453
68793.05445
56303.13581
44914.60471
34887.33178
26363.614
19363.4005
282182.9899
282120.5869
282048.0731
281968.1731
281883.8023
281796.6919
281707.032
281613.8407
281515.514
281410.293
281296.6105
281173.3206
281039.7761
280895.7196
280740.9994
280575.1941
280397.2924
280205.5765
279997.764
279771.34
279523.9193
279253.4729
278958.3186
278636.9027
278287.5077
277908.0632
277496.1786
277049.3973
276565.5553
276043.0694
275481.0004
274878.8289
274236.0106
273551.4744
272823.2468
272048.3094
271222.7015
270341.7902
269400.5987
268394.0791
267317.2376
266165.0657
264932.295
263613.0549
262200.5479
260686.8393
259062.8104
257318.2578
255442.0609
253422.293
251246.1373
248899.4941
246366.2343
243627.1494
240658.7246
237431.8951
233910.94
230052.6421
225805.8335
221111.4543
215903.2838
210109.5253
203655.4429
196467.2322
188477.2638
179630.7338
169893.5965
159261.4251
147768.5632
135496.573
122656.7514
109302.8547
95662.73978
82039.31453
68793.05445
56303.13581
44914.60471
34887.33178
26363.614
19363.4005
282182.9899
282120.5869
282048.0731
281968.1731
281883.8023
281796.6919
281707.032
281613.8407
281515.514
281410.293
281296.6105
281173.3206
281039.7761
280895.7196
280740.9994
280575.1941
280397.2924
280205.5765
279997.764
279771.34
279523.9193
279253.4729
278958.3186
278636.9027
278287.5077
277908.0632
277496.1786
277049.3973
276565.5553
276043.0694
275481.0004
274878.8289
274236.0106
273551.4744
272823.2468
272048.3094
271222.7015
270341.7902
269400.5987
268394.0791
267317.2376
266165.0657
264932.295
263613.0549
262200.5479
260686.8393
259062.8104
257318.2578
255442.0609
253422.293
251246.1373
248899.4941
246366.2343
243627.1494
240658.7246
237431.8951
233910.94
230052.6421
225805.8335
221111.4543
215903.2838
210109.5253
203655.4429
196467.2322
188477.2638
179630.7338
169893.5965
159261.4251
147768.5632
135496.573
122656.7514
109302.8547
95662.73978
82039.31453
68793.05445
56303.13581
44914.60471
34887.33178
26363.614
19363.4005
282182.9899
282120.5869
282048.0731
281968.1731
281883.8023
281796.6919
281707.032
281613.8407
281515.514
281410.293
281296.6105
281173.3206
281039.7761
280895.7196
280740.9994
280575.1941
280397.2924
280205.5765
279997.764
279771.34
279523.9193
279253.4729
278958.3186
278636.9027
278287.5077
277908.0632
277496.1786
277049.3973
276565.5553
276043.0694
275481.0004
274878.8289
274236.0106
273551.4744
272823.2468
272048.3094
271222.7015
270341.7902
269400.5987
268394.0791
267317.2376
266165.0657
264932.295
263613.0549
262200.5479
260686.8393
259062.8104
257318.2578
255442.0609
253422.293
251246.1373
248899.4941
246366.2343
243627.1494
240658.7246
237431.8951
233910.94
230052.6421
225805.8335
221111.4543
215903.2838
210109.5253
203655.4429
196467.2322
188477.2638
179630.7338
169893.5965
159261.4251
147768.5632
135496.573
122656.7514
109302.8547
95662.73978
82039.31453
68793.05445
56303.13581
44914.60471
34887.33178
26363.614
19363.4005
282182.9899
282120.5869
282048.0731
281968.1731
281883.8023
281796.6919
281707.032
281613.8407
281515.514
281410.293
281296.6105
281173.3206
281039.7761
280895.7196
280740.9994
280575.1941
280397.2924
280205.5765
279997.764
279771.34
279523.9193
279253.4729
278958.3186
278636.9027
278287.5077
277908.0632
277496.1786
277049.3973
276565.5553
276043.0694
275481.0004
274878.8289
274236.0106
273551.4744
272823.2468
272048.3094
271222.7015
270341.7902
269400.5987
268394.0791
267317.2376
266165.0657
264932.295
263613.0549
262200.5479
260686.8393
259062.8104
257318.2578
255442.0609
253422.293
251246.1373
248899.4941
246366.2343
243627.1494
240658.7246
237431.8951
233910.94
230052.6421
225805.8335
221111.4543
215903.2838
210109.5253
203655.4429
196467.2322
188477.2638
179630.7338
169893.5965
159261.4251
147768.5632
135496.573
122656.7514
109302.8547
95662.73978
82039.31453
68793.05445
56303.13581
44914.60471
34887.33178
26363.614
19363.4005
282182.9899
282120.5869
282048.0731
281968.1731
281883.8023
281796.6919
281707.032
281613.8407
281515.514
281410.293
281296.6105
281173.3206
281039.7761
280895.7196
280740.9994
280575.1941
280397.2924
280205.5765
279997.764
279771.34
279523.9193
279253.4729
278958.3186
278636.9027
278287.5077
277908.0632
277496.1786
277049.3973
276565.5553
276043.0694
275481.0004
274878.8289
274236.0106
273551.4744
272823.2468
272048.3094
271222.7015
270341.7902
269400.5987
268394.0791
267317.2376
266165.0657
264932.295
263613.0549
262200.5479
260686.8393
259062.8104
257318.2578
255442.0609
253422.293
251246.1373
248899.4941
246366.2343
243627.1494
240658.7246
237431.8951
233910.94
230052.6421
225805.8335
221111.4543
215903.2838
210109.5253
203655.4429
196467.2322
188477.2638
179630.7338
169893.5965
159261.4251
147768.5632
135496.573
122656.7514
109302.8547
95662.73978
82039.31453
68793.05445
56303.13581
44914.60471
34887.33178
26363.614
19363.4005
282182.9899
282120.5869
282048.0731
281968.1731
281883.8023
281796.6919
281707.032
281613.8407
281515.514
281410.293
281296.6105
281173.3206
281039.7761
280895.7196
280740.9994
280575.1941
280397.2924
280205.5765
279997.764
279771.34
279523.9193
279253.4729
278958.3186
278636.9027
278287.5077
277908.0632
277496.1786
277049.3973
276565.5553
276043.0694
275481.0004
274878.8289
274236.0106
273551.4744
272823.2468
272048.3094
271222.7015
270341.7902
269400.5987
268394.0791
267317.2376
266165.0657
264932.295
263613.0549
262200.5479
260686.8393
259062.8104
257318.2578
255442.0609
253422.293
251246.1373
248899.4941
246366.2343
243627.1494
240658.7246
237431.8951
233910.94
230052.6421
225805.8335
221111.4543
215903.2838
210109.5253
203655.4429
196467.2322
188477.2638
179630.7338
169893.5965
159261.4251
147768.5632
135496.573
122656.7514
109302.8547
95662.73978
82039.31453
68793.05445
56303.13581
44914.60471
34887.33178
26363.614
19363.4005
282182.9899
282120.5869
282048.0731
281968.1731
281883.8023
281796.6919
281707.032
281613.8407
281515.514
281410.293
281296.6105
281173.3206
281039.7761
280895.7196
280740.9994
280575.1941
280397.2924
280205.5765
279997.764
279771.34
279523.9193
279253.4729
278958.3186
278636.9027
278287.5077
277908.0632
277496.1786
277049.3973
276565.5553
276043.0694
275481.0004
274878.8289
274236.0106
273551.4744
272823.2468
272048.3094
271222.7015
270341.7902
269400.5987
268394.0791
267317.2376
266165.0657
264932.295
263613.0549
262200.5479
260686.8393
259062.8104
257318.2578
255442.0609
253422.293
251246.1373
248899.4941
246366.2343
243627.1494
240658.7246
237431.8951
233910.94
230052.6421
225805.8335
221111.4543
215903.2838
210109.5253
203655.4429
196467.2322
188477.2638
179630.7338
169893.5965
159261.4251
147768.5632
135496.573
122656.7514
109302.8547
95662.73978
82039.31453
68793.05445
56303.13581
44914.60471
34887.33178
26363.614
19363.4005
282182.9899
282120.5869
282048.0731
281968.1731
281883.8023
281796.6919
281707.032
281613.8407
281515.514
281410.293
281296.6105
281173.3206
281039.7761
280895.7196
280740.9994
280575.1941
280397.2924
280205.5765
279997.764
279771.34
279523.9193
279253.4729
278958.3186
278636.9027
278287.5077
277908.0632
277496.1786
277049.3973
276565.5553
276043.0694
275481.0004
274878.8289
274236.0106
273551.4744
272823.2468
272048.3094
271222.7015
270341.7902
269400.5987
268394.0791
267317.2376
266165.0657
264932.295
263613.0549
262200.5479
260686.8393
259062.8104
257318.2578
255442.0609
253422.293
251246.1373
248899.4941
246366.2343
243627.1494
240658.7246
237431.8951
233910.94
230052.6421
225805.8335
221111.4543
215903.2838
210109.5253
203655.4429
196467.2322
188477.2638
179630.7338
169893.5965
159261.4251
147768.5632
135496.573
122656.7514
109302.8547
95662.73978
82039.31453
68793.05445
56303.13581
44914.60471
34887.33178
26363.614
19363.4005
282182.9899
282120.5869
282048.0731
281968.1731
281883.8023
281796.6919
281707.032
281613.8407
281515.514
281410.293
281296.6105
281173.3206
281039.7761
280895.7196
280740.9994
280575.1941
280397.2924
280205.5765
279997.764
279771.34
279523.9193
279253.4729
278958.3186
278636.9027
278287.5077
277908.0632
277496.1786
277049.3973
276565.5553
276043.0694
275481.0004
274878.8289
274236.0106
273551.4744
272823.2468
272048.3094
271222.7015
270341.7902
269400.5987
268394.0791
267317.2376
266165.0657
264932.295
263613.0549
262200.5479
260686.8393
259062.8104
257318.2578
255442.0609
253422.293
251246.1373
248899.4941
246366.2343
243627.1494
240658.7246
237431.8951
233910.94
230052.6421
225805.8335
221111.4543
215903.2838
210109.5253
203655.4429
196467.2322
188477.2638
179630.7338
169893.5965
159261.4251
147768.5632
135496.573
122656.7514
109302.8547
95662.73978
82039.31453
68793.05445
56303.13581
44914.60471
34887.33178
26363.614
19363.4005
282182.9899
282120.5869
282048.0731
281968.1731
281883.8023
281796.6919
281707.032
281613.8407
281515.514
281410.293
281296.6105
281173.3206
281039.7761
280895.7196
280740.9994
280575.1941
280397.2924
280205.5765
279997.764
279771.34
279523.9193
279253.4729
278958.3186
278636.9027
278287.5077
277908.0632
277496.1786
277049.3973
276565.5553
276043.0694
275481.0004
274878.8289
274236.0106
273551.4744
272823.2468
272048.3094
271222.7015
270341.7902
269400.5987
268394.0791
267317.2376
266165.0657
264932.295
263613.0549
262200.5479
260686.8393
259062.8104
257318.2578
255442.0609
253422.293
251246.1373
248899.4941
246366.2343
243627.1494
240658.7246
237431.8951
233910.94
230052.6421
225805.8335
221111.4543
215903.2838
210109.5253
203655.4429
196467.2322
188477.2638
179630.7338
169893.5965
159261.4251
147768.5632
135496.573
122656.7514
109302.8547
95662.73978
82039.31453
68793.05445
56303.13581
44914.60471
34887.33178
26363.614
19363.4005
282182.9899
282120.5869
282048.0731
281968.1731
281883.8023
281796.6919
281707.032
281613.8407
281515.514
281410.293
281296.6105
281173.3206
281039.7761
280895.7196
280740.9994
280575.1941
280397.2924
280205.5765
279997.764
279771.34
279523.9193
279253.4729
278958.3186
278636.9027
278287.5077
277908.0632
277496.1786
277049.3973
276565.5553
276043.0694
275481.0004
274878.8289
274236.0106
273551.4744
272823.2468
272048.3094
271222.7015
270341.7902
269400.5987
268394.0791
267317.2376
266165.0657
264932.295
263613.0549
262200.5479
260686.8393
259062.8104
257318.2578
255442.0609
253422.293
251246.1373
248899.4941
246366.2343
243627.1494
240658.7246
237431.8951
233910.94
230052.6421
225805.8335
221111.4543
215903.2838
210109.5253
203655.4429
196467.2322
188477.2638
179630.7338
169893.5965
159261.4251
147768.5632
135496.573
122656.7514
109302.8547
95662.73978
82039.31453
68793.05445
56303.13581
44914.60471
34887.33178
26363.614
19363.4005
282182.9899
282120.5869
282048.0731
281968.1731
281883.8023
281796.6919
281707.032
281613.8407
281515.514
281410.293
281296.6105
281173.3206
281039.7761
280895.7196
280740.9994
280575.1941
280397.2924
280205.5765
279997.764
279771.34
279523.9193
279253.4729
278958.3186
278636.9027
278287.5077
277908.0632
277496.1786
277049.3973
276565.5553
276043.0694
275481.0004
274878.8289
274236.0106
273551.4744
272823.2468
272048.3094
271222.7015
270341.7902
269400.5987
268394.0791
267317.2376
266165.0657
264932.295
263613.0549
262200.5479
260686.8393
259062.8104
257318.2578
255442.0609
253422.293
251246.1373
248899.4941
246366.2343
243627.1494
240658.7246
237431.8951
233910.94
230052.6421
225805.8335
221111.4543
215903.2838
210109.5253
203655.4429
196467.2322
188477.2638
179630.7338
169893.5965
159261.4251
147768.5632
135496.573
122656.7514
109302.8547
95662.73978
82039.31453
68793.05445
56303.13581
44914.60471
34887.33178
26363.614
19363.4005
282182.9899
282120.5869
282048.0731
281968.1731
281883.8023
281796.6919
281707.032
281613.8407
281515.514
281410.293
281296.6105
281173.3206
281039.7761
280895.7196
280740.9994
280575.1941
280397.2924
280205.5765
279997.764
279771.34
279523.9193
279253.4729
278958.3186
278636.9027
278287.5077
277908.0632
277496.1786
277049.3973
276565.5553
276043.0694
275481.0004
274878.8289
274236.0106
273551.4744
272823.2468
272048.3094
271222.7015
270341.7902
269400.5987
268394.0791
267317.2376
266165.0657
264932.295
263613.0549
262200.5479
260686.8393
259062.8104
257318.2578
255442.0609
253422.293
251246.1373
248899.4941
246366.2343
243627.1494
240658.7246
237431.8951
233910.94
230052.6421
225805.8335
221111.4543
215903.2838
210109.5253
203655.4429
196467.2322
188477.2638
179630.7338
169893.5965
159261.4251
147768.5632
135496.573
122656.7514
109302.8547
95662.73978
82039.31453
68793.05445
56303.13581
44914.60471
34887.33178
26363.614
19363.4005
282182.9899
282120.5869
282048.0731
281968.1731
281883.8023
281796.6919
281707.032
281613.8407
281515.514
281410.293
281296.6105
281173.3206
281039.7761
280895.7196
280740.9994
280575.1941
280397.2924
280205.5765
279997.764
279771.34
279523.9193
279253.4729
278958.3186
278636.9027
278287.5077
277908.0632
277496.1786
277049.3973
276565.5553
276043.0694
275481.0004
274878.8289
274236.0106
273551.4744
272823.2468
272048.3094
271222.7015
270341.7902
269400.5987
268394.0791
267317.2376
266165.0657
264932.295
263613.0549
262200.5479
260686.8393
259062.8104
257318.2578
255442.0609
253422.293
251246.1373
248899.4941
246366.2343
243627.1494
240658.7246
237431.8951
233910.94
230052.6421
225805.8335
221111.4543
215903.2838
210109.5253
203655.4429
196467.2322
188477.2638
179630.7338
169893.5965
159261.4251
147768.5632
135496.573
122656.7514
109302.8547
95662.73978
82039.31453
68793.05445
56303.13581
44914.60471
34887.33178
26363.614
19363.4005
282182.9899
282120.5869
282048.0731
281968.1731
281883.8023
281796.6919
281707.032
281613.8407
281515.514
281410.293
281296.6105
281173.3206
281039.7761
280895.7196
280740.9994
280575.1941
280397.2924
280205.5765
279997.764
279771.34
279523.9193
279253.4729
278958.3186
278636.9027
278287.5077
277908.0632
277496.1786
277049.3973
276565.5553
276043.0694
275481.0004
274878.8289
274236.0106
273551.4744
272823.2468
272048.3094
271222.7015
270341.7902
269400.5987
268394.0791
267317.2376
266165.0657
264932.295
263613.0549
262200.5479
260686.8393
259062.8104
257318.2578
255442.0609
253422.293
251246.1373
248899.4941
246366.2343
243627.1494
240658.7246
237431.8951
233910.94
230052.6421
225805.8335
221111.4543
215903.2838
210109.5253
203655.4429
196467.2322
188477.2638
179630.7338
169893.5965
159261.4251
147768.5632
135496.573
122656.7514
109302.8547
95662.73978
82039.31453
68793.05445
56303.13581
44914.60471
34887.33178
26363.614
19363.4005
282182.9899
282120.5869
282048.0731
281968.1731
281883.8023
281796.6919
281707.032
281613.8407
281515.514
281410.293
281296.6105
281173.3206
281039.7761
280895.7196
280740.9994
280575.1941
280397.2924
280205.5765
279997.764
279771.34
279523.9193
279253.4729
278958.3186
278636.9027
278287.5077
277908.0632
277496.1786
277049.3973
276565.5553
276043.0694
275481.0004
274878.8289
274236.0106
273551.4744
272823.2468
272048.3094
271222.7015
270341.7902
269400.5987
268394.0791
267317.2376
266165.0657
264932.295
263613.0549
262200.5479
260686.8393
259062.8104
257318.2578
255442.0609
253422.293
251246.1373
248899.4941
246366.2343
243627.1494
240658.7246
237431.8951
233910.94
230052.6421
225805.8335
221111.4543
215903.2838
210109.5253
203655.4429
196467.2322
188477.2638
179630.7338
169893.5965
159261.4251
147768.5632
135496.573
122656.7514
109302.8547
95662.73978
82039.31453
68793.05445
56303.13581
44914.60471
34887.33178
26363.614
19363.4005
282182.9899
282120.5869
282048.0731
281968.1731
281883.8023
281796.6919
281707.032
281613.8407
281515.514
281410.293
281296.6105
281173.3206
281039.7761
280895.7196
280740.9994
280575.1941
280397.2924
280205.5765
279997.764
279771.34
279523.9193
279253.4729
278958.3186
278636.9027
278287.5077
277908.0632
277496.1786
277049.3973
276565.5553
276043.0694
275481.0004
274878.8289
274236.0106
273551.4744
272823.2468
272048.3094
271222.7015
270341.7902
269400.5987
268394.0791
267317.2376
266165.0657
264932.295
263613.0549
262200.5479
260686.8393
259062.8104
257318.2578
255442.0609
253422.293
251246.1373
248899.4941
246366.2343
243627.1494
240658.7246
237431.8951
233910.94
230052.6421
225805.8335
221111.4543
215903.2838
210109.5253
203655.4429
196467.2322
188477.2638
179630.7338
169893.5965
159261.4251
147768.5632
135496.573
122656.7514
109302.8547
95662.73978
82039.31453
68793.05445
56303.13581
44914.60471
34887.33178
26363.614
19363.4005
282182.9899
282120.5869
282048.0731
281968.1731
281883.8023
281796.6919
281707.032
281613.8407
281515.514
281410.293
281296.6105
281173.3206
281039.7761
280895.7196
280740.9994
280575.1941
280397.2924
280205.5765
279997.764
279771.34
279523.9193
279253.4729
278958.3186
278636.9027
278287.5077
277908.0632
277496.1786
277049.3973
276565.5553
276043.0694
275481.0004
274878.8289
274236.0106
273551.4744
272823.2468
272048.3094
271222.7015
270341.7902
269400.5987
268394.0791
267317.2376
266165.0657
264932.295
263613.0549
262200.5479
260686.8393
259062.8104
257318.2578
255442.0609
253422.293
251246.1373
248899.4941
246366.2343
243627.1494
240658.7246
237431.8951
233910.94
230052.6421
225805.8335
221111.4543
215903.2838
210109.5253
203655.4429
196467.2322
188477.2638
179630.7338
169893.5965
159261.4251
147768.5632
135496.573
122656.7514
109302.8547
95662.73978
82039.31453
68793.05445
56303.13581
44914.60471
34887.33178
26363.614
19363.4005
282182.9899
282120.5869
282048.0731
281968.1731
281883.8023
281796.6919
281707.032
281613.8407
281515.514
281410.293
281296.6105
281173.3206
281039.7761
280895.7196
280740.9994
280575.1941
280397.2924
280205.5765
279997.764
279771.34
279523.9193
279253.4729
278958.3186
278636.9027
278287.5077
277908.0632
277496.1786
277049.3973
276565.5553
276043.0694
275481.0004
274878.8289
274236.0106
273551.4744
272823.2468
272048.3094
271222.7015
270341.7902
269400.5987
268394.0791
267317.2376
266165.0657
264932.295
263613.0549
262200.5479
260686.8393
259062.8104
257318.2578
255442.0609
253422.293
251246.1373
248899.4941
246366.2343
243627.1494
240658.7246
237431.8951
233910.94
230052.6421
225805.8335
221111.4543
215903.2838
210109.5253
203655.4429
196467.2322
188477.2638
179630.7338
169893.5965
159261.4251
147768.5632
135496.573
122656.7514
109302.8547
95662.73978
82039.31453
68793.05445
56303.13581
44914.60471
34887.33178
26363.614
19363.4005
282182.9899
282120.5869
282048.0731
281968.1731
281883.8023
281796.6919
281707.032
281613.8407
281515.514
281410.293
281296.6105
281173.3206
281039.7761
280895.7196
280740.9994
280575.1941
280397.2924
280205.5765
279997.764
279771.34
279523.9193
279253.4729
278958.3186
278636.9027
278287.5077
277908.0632
277496.1786
277049.3973
276565.5553
276043.0694
275481.0004
274878.8289
274236.0106
273551.4744
272823.2468
272048.3094
271222.7015
270341.7902
269400.5987
268394.0791
267317.2376
266165.0657
264932.295
263613.0549
262200.5479
260686.8393
259062.8104
257318.2578
255442.0609
253422.293
251246.1373
248899.4941
246366.2343
243627.1494
240658.7246
237431.8951
233910.94
230052.6421
225805.8335
221111.4543
215903.2838
210109.5253
203655.4429
196467.2322
188477.2638
179630.7338
169893.5965
159261.4251
147768.5632
135496.573
122656.7514
109302.8547
95662.73978
82039.31453
68793.05445
56303.13581
44914.60471
34887.33178
26363.614
19363.4005
282182.9899
282120.5869
282048.0731
281968.1731
281883.8023
281796.6919
281707.032
281613.8407
281515.514
281410.293
281296.6105
281173.3206
281039.7761
280895.7196
280740.9994
280575.1941
280397.2924
280205.5765
279997.764
279771.34
279523.9193
279253.4729
278958.3186
278636.9027
278287.5077
277908.0632
277496.1786
277049.3973
276565.5553
276043.0694
275481.0004
274878.8289
274236.0106
273551.4744
272823.2468
272048.3094
271222.7015
270341.7902
269400.5987
268394.0791
267317.2376
266165.0657
264932.295
263613.0549
262200.5479
260686.8393
259062.8104
257318.2578
255442.0609
253422.293
251246.1373
248899.4941
246366.2343
243627.1494
240658.7246
237431.8951
233910.94
230052.6421
225805.8335
221111.4543
215903.2838
210109.5253
203655.4429
196467.2322
188477.2638
179630.7338
169893.5965
159261.4251
147768.5632
135496.573
122656.7514
109302.8547
95662.73978
82039.31453
68793.05445
56303.13581
44914.60471
34887.33178
26363.614
19363.4005
282182.9899
282120.5869
282048.0731
281968.1731
281883.8023
281796.6919
281707.032
281613.8407
281515.514
281410.293
281296.6105
281173.3206
281039.7761
280895.7196
280740.9994
280575.1941
280397.2924
280205.5765
279997.764
279771.34
279523.9193
279253.4729
278958.3186
278636.9027
278287.5077
277908.0632
277496.1786
277049.3973
276565.5553
276043.0694
275481.0004
274878.8289
274236.0106
273551.4744
272823.2468
272048.3094
271222.7015
270341.7902
269400.5987
268394.0791
267317.2376
266165.0657
264932.295
263613.0549
262200.5479
260686.8393
259062.8104
257318.2578
255442.0609
253422.293
251246.1373
248899.4941
246366.2343
243627.1494
240658.7246
237431.8951
233910.94
230052.6421
225805.8335
221111.4543
215903.2838
210109.5253
203655.4429
196467.2322
188477.2638
179630.7338
169893.5965
159261.4251
147768.5632
135496.573
122656.7514
109302.8547
95662.73978
82039.31453
68793.05445
56303.13581
44914.60471
34887.33178
26363.614
19363.4005
282182.9899
282120.5869
282048.0731
281968.1731
281883.8023
281796.6919
281707.032
281613.8407
281515.514
281410.293
281296.6105
281173.3206
281039.7761
280895.7196
280740.9994
280575.1941
280397.2924
280205.5765
279997.764
279771.34
279523.9193
279253.4729
278958.3186
278636.9027
278287.5077
277908.0632
277496.1786
277049.3973
276565.5553
276043.0694
275481.0004
274878.8289
274236.0106
273551.4744
272823.2468
272048.3094
271222.7015
270341.7902
269400.5987
268394.0791
267317.2376
266165.0657
264932.295
263613.0549
262200.5479
260686.8393
259062.8104
257318.2578
255442.0609
253422.293
251246.1373
248899.4941
246366.2343
243627.1494
240658.7246
237431.8951
233910.94
230052.6421
225805.8335
221111.4543
215903.2838
210109.5253
203655.4429
196467.2322
188477.2638
179630.7338
169893.5965
159261.4251
147768.5632
135496.573
122656.7514
109302.8547
95662.73978
82039.31453
68793.05445
56303.13581
44914.60471
34887.33178
26363.614
19363.4005
282182.9899
282120.5869
282048.0731
281968.1731
281883.8023
281796.6919
281707.032
281613.8407
281515.514
281410.293
281296.6105
281173.3206
281039.7761
280895.7196
280740.9994
280575.1941
280397.2924
280205.5765
279997.764
279771.34
279523.9193
279253.4729
278958.3186
278636.9027
278287.5077
277908.0632
277496.1786
277049.3973
276565.5553
276043.0694
275481.0004
274878.8289
274236.0106
273551.4744
272823.2468
272048.3094
271222.7015
270341.7902
269400.5987
268394.0791
267317.2376
266165.0657
264932.295
263613.0549
262200.5479
260686.8393
259062.8104
257318.2578
255442.0609
253422.293
251246.1373
248899.4941
246366.2343
243627.1494
240658.7246
237431.8951
233910.94
230052.6421
225805.8335
221111.4543
215903.2838
210109.5253
203655.4429
196467.2322
188477.2638
179630.7338
169893.5965
159261.4251
147768.5632
135496.573
122656.7514
109302.8547
95662.73978
82039.31453
68793.05445
56303.13581
44914.60471
34887.33178
26363.614
19363.4005
282182.9899
282120.5869
282048.0731
281968.1731
281883.8023
281796.6919
281707.032
281613.8407
281515.514
281410.293
281296.6105
281173.3206
281039.7761
280895.7196
280740.9994
280575.1941
280397.2924
280205.5765
279997.764
279771.34
279523.9193
279253.4729
278958.3186
278636.9027
278287.5077
277908.0632
277496.1786
277049.3973
276565.5553
276043.0694
275481.0004
274878.8289
274236.0106
273551.4744
272823.2468
272048.3094
271222.7015
270341.7902
269400.5987
268394.0791
267317.2376
266165.0657
264932.295
263613.0549
262200.5479
260686.8393
259062.8104
257318.2578
255442.0609
253422.293
251246.1373
248899.4941
246366.2343
243627.1494
240658.7246
237431.8951
233910.94
230052.6421
225805.8335
221111.4543
215903.2838
210109.5253
203655.4429
196467.2322
188477.2638
179630.7338
169893.5965
159261.4251
147768.5632
135496.573
122656.7514
109302.8547
95662.73978
82039.31453
68793.05445
56303.13581
44914.60471
34887.33178
26363.614
19363.4005
282182.9899
282120.5869
282048.0731
281968.1731
281883.8023
281796.6919
281707.032
281613.8407
281515.514
281410.293
281296.6105
281173.3206
281039.7761
280895.7196
280740.9994
280575.1941
280397.2924
280205.5765
279997.764
279771.34
279523.9193
279253.4729
278958.3186
278636.9027
278287.5077
277908.0632
277496.1786
277049.3973
276565.5553
276043.0694
275481.0004
274878.8289
274236.0106
273551.4744
272823.2468
272048.3094
271222.7015
270341.7902
269400.5987
268394.0791
267317.2376
266165.0657
264932.295
263613.0549
262200.5479
260686.8393
259062.8104
257318.2578
255442.0609
253422.293
251246.1373
248899.4941
246366.2343
243627.1494
240658.7246
237431.8951
233910.94
230052.6421
225805.8335
221111.4543
215903.2838
210109.5253
203655.4429
196467.2322
188477.2638
179630.7338
169893.5965
159261.4251
147768.5632
135496.573
122656.7514
109302.8547
95662.73978
82039.31453
68793.05445
56303.13581
44914.60471
34887.33178
26363.614
19363.4005
282182.9899
282120.5869
282048.0731
281968.1731
281883.8023
281796.6919
281707.032
281613.8407
281515.514
281410.293
281296.6105
281173.3206
281039.7761
280895.7196
280740.9994
280575.1941
280397.2924
280205.5765
279997.764
279771.34
279523.9193
279253.4729
278958.3186
278636.9027
278287.5077
277908.0632
277496.1786
277049.3973
276565.5553
276043.0694
275481.0004
274878.8289
274236.0106
273551.4744
272823.2468
272048.3094
271222.7015
270341.7902
269400.5987
268394.0791
267317.2376
266165.0657
264932.295
263613.0549
262200.5479
260686.8393
259062.8104
257318.2578
255442.0609
253422.293
251246.1373
248899.4941
246366.2343
243627.1494
240658.7246
237431.8951
233910.94
230052.6421
225805.8335
221111.4543
215903.2838
210109.5253
203655.4429
196467.2322
188477.2638
179630.7338
169893.5965
159261.4251
147768.5632
135496.573
122656.7514
109302.8547
95662.73978
82039.31453
68793.05445
56303.13581
44914.60471
34887.33178
26363.614
19363.4005
282182.9899
282120.5869
282048.0731
281968.1731
281883.8023
281796.6919
281707.032
281613.8407
281515.514
281410.293
281296.6105
281173.3206
281039.7761
280895.7196
280740.9994
280575.1941
280397.2924
280205.5765
279997.764
279771.34
279523.9193
279253.4729
278958.3186
278636.9027
278287.5077
277908.0632
277496.1786
277049.3973
276565.5553
276043.0694
275481.0004
274878.8289
274236.0106
273551.4744
272823.2468
272048.3094
271222.7015
270341.7902
269400.5987
268394.0791
267317.2376
266165.0657
264932.295
263613.0549
262200.5479
260686.8393
259062.8104
257318.2578
255442.0609
253422.293
251246.1373
248899.4941
246366.2343
243627.1494
240658.7246
237431.8951
233910.94
230052.6421
225805.8335
221111.4543
215903.2838
210109.5253
203655.4429
196467.2322
188477.2638
179630.7338
169893.5965
159261.4251
147768.5632
135496.573
122656.7514
109302.8547
95662.73978
82039.31453
68793.05445
56303.13581
44914.60471
34887.33178
26363.614
19363.4005
282182.9899
282120.5869
282048.0731
281968.1731
281883.8023
281796.6919
281707.032
281613.8407
281515.514
281410.293
281296.6105
281173.3206
281039.7761
280895.7196
280740.9994
280575.1941
280397.2924
280205.5765
279997.764
279771.34
279523.9193
279253.4729
278958.3186
278636.9027
278287.5077
277908.0632
277496.1786
277049.3973
276565.5553
276043.0694
275481.0004
274878.8289
274236.0106
273551.4744
272823.2468
272048.3094
271222.7015
270341.7902
269400.5987
268394.0791
267317.2376
266165.0657
264932.295
263613.0549
262200.5479
260686.8393
259062.8104
257318.2578
255442.0609
253422.293
251246.1373
248899.4941
246366.2343
243627.1494
240658.7246
237431.8951
233910.94
230052.6421
225805.8335
221111.4543
215903.2838
210109.5253
203655.4429
196467.2322
188477.2638
179630.7338
169893.5965
159261.4251
147768.5632
135496.573
122656.7514
109302.8547
95662.73978
82039.31453
68793.05445
56303.13581
44914.60471
34887.33178
26363.614
19363.4005
282182.9899
282120.5869
282048.0731
281968.1731
281883.8023
281796.6919
281707.032
281613.8407
281515.514
281410.293
281296.6105
281173.3206
281039.7761
280895.7196
280740.9994
280575.1941
280397.2924
280205.5765
279997.764
279771.34
279523.9193
279253.4729
278958.3186
278636.9027
278287.5077
277908.0632
277496.1786
277049.3973
276565.5553
276043.0694
275481.0004
274878.8289
274236.0106
273551.4744
272823.2468
272048.3094
271222.7015
270341.7902
269400.5987
268394.0791
267317.2376
266165.0657
264932.295
263613.0549
262200.5479
260686.8393
259062.8104
257318.2578
255442.0609
253422.293
251246.1373
248899.4941
246366.2343
243627.1494
240658.7246
237431.8951
233910.94
230052.6421
225805.8335
221111.4543
215903.2838
210109.5253
203655.4429
196467.2322
188477.2638
179630.7338
169893.5965
159261.4251
147768.5632
135496.573
122656.7514
109302.8547
95662.73978
82039.31453
68793.05445
56303.13581
44914.60471
34887.33178
26363.614
19363.4005
282182.9899
282120.5869
282048.0731
281968.1731
281883.8023
281796.6919
281707.032
281613.8407
281515.514
281410.293
281296.6105
281173.3206
281039.7761
280895.7196
280740.9994
280575.1941
280397.2924
280205.5765
279997.764
279771.34
279523.9193
279253.4729
278958.3186
278636.9027
278287.5077
277908.0632
277496.1786
277049.3973
276565.5553
276043.0694
275481.0004
274878.8289
274236.0106
273551.4744
272823.2468
272048.3094
271222.7015
270341.7902
269400.5987
268394.0791
267317.2376
266165.0657
264932.295
263613.0549
262200.5479
260686.8393
259062.8104
257318.2578
255442.0609
253422.293
251246.1373
248899.4941
246366.2343
243627.1494
240658.7246
237431.8951
233910.94
230052.6421
225805.8335
221111.4543
215903.2838
210109.5253
203655.4429
196467.2322
188477.2638
179630.7338
169893.5965
159261.4251
147768.5632
135496.573
122656.7514
109302.8547
95662.73978
82039.31453
68793.05445
56303.13581
44914.60471
34887.33178
26363.614
19363.4005
282182.9899
282120.5869
282048.0731
281968.1731
281883.8023
281796.6919
281707.032
281613.8407
281515.514
281410.293
281296.6105
281173.3206
281039.7761
280895.7196
280740.9994
280575.1941
280397.2924
280205.5765
279997.764
279771.34
279523.9193
279253.4729
278958.3186
278636.9027
278287.5077
277908.0632
277496.1786
277049.3973
276565.5553
276043.0694
275481.0004
274878.8289
274236.0106
273551.4744
272823.2468
272048.3094
271222.7015
270341.7902
269400.5987
268394.0791
267317.2376
266165.0657
264932.295
263613.0549
262200.5479
260686.8393
259062.8104
257318.2578
255442.0609
253422.293
251246.1373
248899.4941
246366.2343
243627.1494
240658.7246
237431.8951
233910.94
230052.6421
225805.8335
221111.4543
215903.2838
210109.5253
203655.4429
196467.2322
188477.2638
179630.7338
169893.5965
159261.4251
147768.5632
135496.573
122656.7514
109302.8547
95662.73978
82039.31453
68793.05445
56303.13581
44914.60471
34887.33178
26363.614
19363.4005
282182.9899
282120.5869
282048.0731
281968.1731
281883.8023
281796.6919
281707.032
281613.8407
281515.514
281410.293
281296.6105
281173.3206
281039.7761
280895.7196
280740.9994
280575.1941
280397.2924
280205.5765
279997.764
279771.34
279523.9193
279253.4729
278958.3186
278636.9027
278287.5077
277908.0632
277496.1786
277049.3973
276565.5553
276043.0694
275481.0004
274878.8289
274236.0106
273551.4744
272823.2468
272048.3094
271222.7015
270341.7902
269400.5987
268394.0791
267317.2376
266165.0657
264932.295
263613.0549
262200.5479
260686.8393
259062.8104
257318.2578
255442.0609
253422.293
251246.1373
248899.4941
246366.2343
243627.1494
240658.7246
237431.8951
233910.94
230052.6421
225805.8335
221111.4543
215903.2838
210109.5253
203655.4429
196467.2322
188477.2638
179630.7338
169893.5965
159261.4251
147768.5632
135496.573
122656.7514
109302.8547
95662.73978
82039.31453
68793.05445
56303.13581
44914.60471
34887.33178
26363.614
19363.4005
282182.9899
282120.5869
282048.0731
281968.1731
281883.8023
281796.6919
281707.032
281613.8407
281515.514
281410.293
281296.6105
281173.3206
281039.7761
280895.7196
280740.9994
280575.1941
280397.2924
280205.5765
279997.764
279771.34
279523.9193
279253.4729
278958.3186
278636.9027
278287.5077
277908.0632
277496.1786
277049.3973
276565.5553
276043.0694
275481.0004
274878.8289
274236.0106
273551.4744
272823.2468
272048.3094
271222.7015
270341.7902
269400.5987
268394.0791
267317.2376
266165.0657
264932.295
263613.0549
262200.5479
260686.8393
259062.8104
257318.2578
255442.0609
253422.293
251246.1373
248899.4941
246366.2343
243627.1494
240658.7246
237431.8951
233910.94
230052.6421
225805.8335
221111.4543
215903.2838
210109.5253
203655.4429
196467.2322
188477.2638
179630.7338
169893.5965
159261.4251
147768.5632
135496.573
122656.7514
109302.8547
95662.73978
82039.31453
68793.05445
56303.13581
44914.60471
34887.33178
26363.614
19363.4005
282182.9899
282120.5869
282048.0731
281968.1731
281883.8023
281796.6919
281707.032
281613.8407
281515.514
281410.293
281296.6105
281173.3206
281039.7761
280895.7196
280740.9994
280575.1941
280397.2924
280205.5765
279997.764
279771.34
279523.9193
279253.4729
278958.3186
278636.9027
278287.5077
277908.0632
277496.1786
277049.3973
276565.5553
276043.0694
275481.0004
274878.8289
274236.0106
273551.4744
272823.2468
272048.3094
271222.7015
270341.7902
269400.5987
268394.0791
267317.2376
266165.0657
264932.295
263613.0549
262200.5479
260686.8393
259062.8104
257318.2578
255442.0609
253422.293
251246.1373
248899.4941
246366.2343
243627.1494
240658.7246
237431.8951
233910.94
230052.6421
225805.8335
221111.4543
215903.2838
210109.5253
203655.4429
196467.2322
188477.2638
179630.7338
169893.5965
159261.4251
147768.5632
135496.573
122656.7514
109302.8547
95662.73978
82039.31453
68793.05445
56303.13581
44914.60471
34887.33178
26363.614
19363.4005
282182.9899
282120.5869
282048.0731
281968.1731
281883.8023
281796.6919
281707.032
281613.8407
281515.514
281410.293
281296.6105
281173.3206
281039.7761
280895.7196
280740.9994
280575.1941
280397.2924
280205.5765
279997.764
279771.34
279523.9193
279253.4729
278958.3186
278636.9027
278287.5077
277908.0632
277496.1786
277049.3973
276565.5553
276043.0694
275481.0004
274878.8289
274236.0106
273551.4744
272823.2468
272048.3094
271222.7015
270341.7902
269400.5987
268394.0791
267317.2376
266165.0657
264932.295
263613.0549
262200.5479
260686.8393
259062.8104
257318.2578
255442.0609
253422.293
251246.1373
248899.4941
246366.2343
243627.1494
240658.7246
237431.8951
233910.94
230052.6421
225805.8335
221111.4543
215903.2838
210109.5253
203655.4429
196467.2322
188477.2638
179630.7338
169893.5965
159261.4251
147768.5632
135496.573
122656.7514
109302.8547
95662.73978
82039.31453
68793.05445
56303.13581
44914.60471
34887.33178
26363.614
19363.4005
282182.9899
282120.5869
282048.0731
281968.1731
281883.8023
281796.6919
281707.032
281613.8407
281515.514
281410.293
281296.6105
281173.3206
281039.7761
280895.7196
280740.9994
280575.1941
280397.2924
280205.5765
279997.764
279771.34
279523.9193
279253.4729
278958.3186
278636.9027
278287.5077
277908.0632
277496.1786
277049.3973
276565.5553
276043.0694
275481.0004
274878.8289
274236.0106
273551.4744
272823.2468
272048.3094
271222.7015
270341.7902
269400.5987
268394.0791
267317.2376
266165.0657
264932.295
263613.0549
262200.5479
260686.8393
259062.8104
257318.2578
255442.0609
253422.293
251246.1373
248899.4941
246366.2343
243627.1494
240658.7246
237431.8951
233910.94
230052.6421
225805.8335
221111.4543
215903.2838
210109.5253
203655.4429
196467.2322
188477.2638
179630.7338
169893.5965
159261.4251
147768.5632
135496.573
122656.7514
109302.8547
95662.73978
82039.31453
68793.05445
56303.13581
44914.60471
34887.33178
26363.614
19363.4005
282182.9899
282120.5869
282048.0731
281968.1731
281883.8023
281796.6919
281707.032
281613.8407
281515.514
281410.293
281296.6105
281173.3206
281039.7761
280895.7196
280740.9994
280575.1941
280397.2924
280205.5765
279997.764
279771.34
279523.9193
279253.4729
278958.3186
278636.9027
278287.5077
277908.0632
277496.1786
277049.3973
276565.5553
276043.0694
275481.0004
274878.8289
274236.0106
273551.4744
272823.2468
272048.3094
271222.7015
270341.7902
269400.5987
268394.0791
267317.2376
266165.0657
264932.295
263613.0549
262200.5479
260686.8393
259062.8104
257318.2578
255442.0609
253422.293
251246.1373
248899.4941
246366.2343
243627.1494
240658.7246
237431.8951
233910.94
230052.6421
225805.8335
221111.4543
215903.2838
210109.5253
203655.4429
196467.2322
188477.2638
179630.7338
169893.5965
159261.4251
147768.5632
135496.573
122656.7514
109302.8547
95662.73978
82039.31453
68793.05445
56303.13581
44914.60471
34887.33178
26363.614
19363.4005
282182.9899
282120.5869
282048.0731
281968.1731
281883.8023
281796.6919
281707.032
281613.8407
281515.514
281410.293
281296.6105
281173.3206
281039.7761
280895.7196
280740.9994
280575.1941
280397.2924
280205.5765
279997.764
279771.34
279523.9193
279253.4729
278958.3186
278636.9027
278287.5077
277908.0632
277496.1786
277049.3973
276565.5553
276043.0694
275481.0004
274878.8289
274236.0106
273551.4744
272823.2468
272048.3094
271222.7015
270341.7902
269400.5987
268394.0791
267317.2376
266165.0657
264932.295
263613.0549
262200.5479
260686.8393
259062.8104
257318.2578
255442.0609
253422.293
251246.1373
248899.4941
246366.2343
243627.1494
240658.7246
237431.8951
233910.94
230052.6421
225805.8335
221111.4543
215903.2838
210109.5253
203655.4429
196467.2322
188477.2638
179630.7338
169893.5965
159261.4251
147768.5632
135496.573
122656.7514
109302.8547
95662.73978
82039.31453
68793.05445
56303.13581
44914.60471
34887.33178
26363.614
19363.4005
282182.9899
282120.5869
282048.0731
281968.1731
281883.8023
281796.6919
281707.032
281613.8407
281515.514
281410.293
281296.6105
281173.3206
281039.7761
280895.7196
280740.9994
280575.1941
280397.2924
280205.5765
279997.764
279771.34
279523.9193
279253.4729
278958.3186
278636.9027
278287.5077
277908.0632
277496.1786
277049.3973
276565.5553
276043.0694
275481.0004
274878.8289
274236.0106
273551.4744
272823.2468
272048.3094
271222.7015
270341.7902
269400.5987
268394.0791
267317.2376
266165.0657
264932.295
263613.0549
262200.5479
260686.8393
259062.8104
257318.2578
255442.0609
253422.293
251246.1373
248899.4941
246366.2343
243627.1494
240658.7246
237431.8951
233910.94
230052.6421
225805.8335
221111.4543
215903.2838
210109.5253
203655.4429
196467.2322
188477.2638
179630.7338
169893.5965
159261.4251
147768.5632
135496.573
122656.7514
109302.8547
95662.73978
82039.31453
68793.05445
56303.13581
44914.60471
34887.33178
26363.614
19363.4005
282182.9899
282120.5869
282048.0731
281968.1731
281883.8023
281796.6919
281707.032
281613.8407
281515.514
281410.293
281296.6105
281173.3206
281039.7761
280895.7196
280740.9994
280575.1941
280397.2924
280205.5765
279997.764
279771.34
279523.9193
279253.4729
278958.3186
278636.9027
278287.5077
277908.0632
277496.1786
277049.3973
276565.5553
276043.0694
275481.0004
274878.8289
274236.0106
273551.4744
272823.2468
272048.3094
271222.7015
270341.7902
269400.5987
268394.0791
267317.2376
266165.0657
264932.295
263613.0549
262200.5479
260686.8393
259062.8104
257318.2578
255442.0609
253422.293
251246.1373
248899.4941
246366.2343
243627.1494
240658.7246
237431.8951
233910.94
230052.6421
225805.8335
221111.4543
215903.2838
210109.5253
203655.4429
196467.2322
188477.2638
179630.7338
169893.5965
159261.4251
147768.5632
135496.573
122656.7514
109302.8547
95662.73978
82039.31453
68793.05445
56303.13581
44914.60471
34887.33178
26363.614
19363.4005
282182.9899
282120.5869
282048.0731
281968.1731
281883.8023
281796.6919
281707.032
281613.8407
281515.514
281410.293
281296.6105
281173.3206
281039.7761
280895.7196
280740.9994
280575.1941
280397.2924
280205.5765
279997.764
279771.34
279523.9193
279253.4729
278958.3186
278636.9027
278287.5077
277908.0632
277496.1786
277049.3973
276565.5553
276043.0694
275481.0004
274878.8289
274236.0106
273551.4744
272823.2468
272048.3094
271222.7015
270341.7902
269400.5987
268394.0791
267317.2376
266165.0657
264932.295
263613.0549
262200.5479
260686.8393
259062.8104
257318.2578
255442.0609
253422.293
251246.1373
248899.4941
246366.2343
243627.1494
240658.7246
237431.8951
233910.94
230052.6421
225805.8335
221111.4543
215903.2838
210109.5253
203655.4429
196467.2322
188477.2638
179630.7338
169893.5965
159261.4251
147768.5632
135496.573
122656.7514
109302.8547
95662.73978
82039.31453
68793.05445
56303.13581
44914.60471
34887.33178
26363.614
19363.4005
282182.9899
282120.5869
282048.0731
281968.1731
281883.8023
281796.6919
281707.032
281613.8407
281515.514
281410.293
281296.6105
281173.3206
281039.7761
280895.7196
280740.9994
280575.1941
280397.2924
280205.5765
279997.764
279771.34
279523.9193
279253.4729
278958.3186
278636.9027
278287.5077
277908.0632
277496.1786
277049.3973
276565.5553
276043.0694
275481.0004
274878.8289
274236.0106
273551.4744
272823.2468
272048.3094
271222.7015
270341.7902
269400.5987
268394.0791
267317.2376
266165.0657
264932.295
263613.0549
262200.5479
260686.8393
259062.8104
257318.2578
255442.0609
253422.293
251246.1373
248899.4941
246366.2343
243627.1494
240658.7246
237431.8951
233910.94
230052.6421
225805.8335
221111.4543
215903.2838
210109.5253
203655.4429
196467.2322
188477.2638
179630.7338
169893.5965
159261.4251
147768.5632
135496.573
122656.7514
109302.8547
95662.73978
82039.31453
68793.05445
56303.13581
44914.60471
34887.33178
26363.614
19363.4005
282182.9899
282120.5869
282048.0731
281968.1731
281883.8023
281796.6919
281707.032
281613.8407
281515.514
281410.293
281296.6105
281173.3206
281039.7761
280895.7196
280740.9994
280575.1941
280397.2924
280205.5765
279997.764
279771.34
279523.9193
279253.4729
278958.3186
278636.9027
278287.5077
277908.0632
277496.1786
277049.3973
276565.5553
276043.0694
275481.0004
274878.8289
274236.0106
273551.4744
272823.2468
272048.3094
271222.7015
270341.7902
269400.5987
268394.0791
267317.2376
266165.0657
264932.295
263613.0549
262200.5479
260686.8393
259062.8104
257318.2578
255442.0609
253422.293
251246.1373
248899.4941
246366.2343
243627.1494
240658.7246
237431.8951
233910.94
230052.6421
225805.8335
221111.4543
215903.2838
210109.5253
203655.4429
196467.2322
188477.2638
179630.7338
169893.5965
159261.4251
147768.5632
135496.573
122656.7514
109302.8547
95662.73978
82039.31453
68793.05445
56303.13581
44914.60471
34887.33178
26363.614
19363.4005
282182.9899
282120.5869
282048.0731
281968.1731
281883.8023
281796.6919
281707.032
281613.8407
281515.514
281410.293
281296.6105
281173.3206
281039.7761
280895.7196
280740.9994
280575.1941
280397.2924
280205.5765
279997.764
279771.34
279523.9193
279253.4729
278958.3186
278636.9027
278287.5077
277908.0632
277496.1786
277049.3973
276565.5553
276043.0694
275481.0004
274878.8289
274236.0106
273551.4744
272823.2468
272048.3094
271222.7015
270341.7902
269400.5987
268394.0791
267317.2376
266165.0657
264932.295
263613.0549
262200.5479
260686.8393
259062.8104
257318.2578
255442.0609
253422.293
251246.1373
248899.4941
246366.2343
243627.1494
240658.7246
237431.8951
233910.94
230052.6421
225805.8335
221111.4543
215903.2838
210109.5253
203655.4429
196467.2322
188477.2638
179630.7338
169893.5965
159261.4251
147768.5632
135496.573
122656.7514
109302.8547
95662.73978
82039.31453
68793.05445
56303.13581
44914.60471
34887.33178
26363.614
19363.4005
282182.9899
282120.5869
282048.0731
281968.1731
281883.8023
281796.6919
281707.032
281613.8407
281515.514
281410.293
281296.6105
281173.3206
281039.7761
280895.7196
280740.9994
280575.1941
280397.2924
280205.5765
279997.764
279771.34
279523.9193
279253.4729
278958.3186
278636.9027
278287.5077
277908.0632
277496.1786
277049.3973
276565.5553
276043.0694
275481.0004
274878.8289
274236.0106
273551.4744
272823.2468
272048.3094
271222.7015
270341.7902
269400.5987
268394.0791
267317.2376
266165.0657
264932.295
263613.0549
262200.5479
260686.8393
259062.8104
257318.2578
255442.0609
253422.293
251246.1373
248899.4941
246366.2343
243627.1494
240658.7246
237431.8951
233910.94
230052.6421
225805.8335
221111.4543
215903.2838
210109.5253
203655.4429
196467.2322
188477.2638
179630.7338
169893.5965
159261.4251
147768.5632
135496.573
122656.7514
109302.8547
95662.73978
82039.31453
68793.05445
56303.13581
44914.60471
34887.33178
26363.614
19363.4005
282182.9899
282120.5869
282048.0731
281968.1731
281883.8023
281796.6919
281707.032
281613.8407
281515.514
281410.293
281296.6105
281173.3206
281039.7761
280895.7196
280740.9994
280575.1941
280397.2924
280205.5765
279997.764
279771.34
279523.9193
279253.4729
278958.3186
278636.9027
278287.5077
277908.0632
277496.1786
277049.3973
276565.5553
276043.0694
275481.0004
274878.8289
274236.0106
273551.4744
272823.2468
272048.3094
271222.7015
270341.7902
269400.5987
268394.0791
267317.2376
266165.0657
264932.295
263613.0549
262200.5479
260686.8393
259062.8104
257318.2578
255442.0609
253422.293
251246.1373
248899.4941
246366.2343
243627.1494
240658.7246
237431.8951
233910.94
230052.6421
225805.8335
221111.4543
215903.2838
210109.5253
203655.4429
196467.2322
188477.2638
179630.7338
169893.5965
159261.4251
147768.5632
135496.573
122656.7514
109302.8547
95662.73978
82039.31453
68793.05445
56303.13581
44914.60471
34887.33178
26363.614
19363.4005
282182.9899
282120.5869
282048.0731
281968.1731
281883.8023
281796.6919
281707.032
281613.8407
281515.514
281410.293
281296.6105
281173.3206
281039.7761
280895.7196
280740.9994
280575.1941
280397.2924
280205.5765
279997.764
279771.34
279523.9193
279253.4729
278958.3186
278636.9027
278287.5077
277908.0632
277496.1786
277049.3973
276565.5553
276043.0694
275481.0004
274878.8289
274236.0106
273551.4744
272823.2468
272048.3094
271222.7015
270341.7902
269400.5987
268394.0791
267317.2376
266165.0657
264932.295
263613.0549
262200.5479
260686.8393
259062.8104
257318.2578
255442.0609
253422.293
251246.1373
248899.4941
246366.2343
243627.1494
240658.7246
237431.8951
233910.94
230052.6421
225805.8335
221111.4543
215903.2838
210109.5253
203655.4429
196467.2322
188477.2638
179630.7338
169893.5965
159261.4251
147768.5632
135496.573
122656.7514
109302.8547
95662.73978
82039.31453
68793.05445
56303.13581
44914.60471
34887.33178
26363.614
19363.4005
282182.9899
282120.5869
282048.0731
281968.1731
281883.8023
281796.6919
281707.032
281613.8407
281515.514
281410.293
281296.6105
281173.3206
281039.7761
280895.7196
280740.9994
280575.1941
280397.2924
280205.5765
279997.764
279771.34
279523.9193
279253.4729
278958.3186
278636.9027
278287.5077
277908.0632
277496.1786
277049.3973
276565.5553
276043.0694
275481.0004
274878.8289
274236.0106
273551.4744
272823.2468
272048.3094
271222.7015
270341.7902
269400.5987
268394.0791
267317.2376
266165.0657
264932.295
263613.0549
262200.5479
260686.8393
259062.8104
257318.2578
255442.0609
253422.293
251246.1373
248899.4941
246366.2343
243627.1494
240658.7246
237431.8951
233910.94
230052.6421
225805.8335
221111.4543
215903.2838
210109.5253
203655.4429
196467.2322
188477.2638
179630.7338
169893.5965
159261.4251
147768.5632
135496.573
122656.7514
109302.8547
95662.73978
82039.31453
68793.05445
56303.13581
44914.60471
34887.33178
26363.614
19363.4005
282182.9899
282120.5869
282048.0731
281968.1731
281883.8023
281796.6919
281707.032
281613.8407
281515.514
281410.293
281296.6105
281173.3206
281039.7761
280895.7196
280740.9994
280575.1941
280397.2924
280205.5765
279997.764
279771.34
279523.9193
279253.4729
278958.3186
278636.9027
278287.5077
277908.0632
277496.1786
277049.3973
276565.5553
276043.0694
275481.0004
274878.8289
274236.0106
273551.4744
272823.2468
272048.3094
271222.7015
270341.7902
269400.5987
268394.0791
267317.2376
266165.0657
264932.295
263613.0549
262200.5479
260686.8393
259062.8104
257318.2578
255442.0609
253422.293
251246.1373
248899.4941
246366.2343
243627.1494
240658.7246
237431.8951
233910.94
230052.6421
225805.8335
221111.4543
215903.2838
210109.5253
203655.4429
196467.2322
188477.2638
179630.7338
169893.5965
159261.4251
147768.5632
135496.573
122656.7514
109302.8547
95662.73978
82039.31453
68793.05445
56303.13581
44914.60471
34887.33178
26363.614
19363.4005
282182.9899
282120.5869
282048.0731
281968.1731
281883.8023
281796.6919
281707.032
281613.8407
281515.514
281410.293
281296.6105
281173.3206
281039.7761
280895.7196
280740.9994
280575.1941
280397.2924
280205.5765
279997.764
279771.34
279523.9193
279253.4729
278958.3186
278636.9027
278287.5077
277908.0632
277496.1786
277049.3973
276565.5553
276043.0694
275481.0004
274878.8289
274236.0106
273551.4744
272823.2468
272048.3094
271222.7015
270341.7902
269400.5987
268394.0791
267317.2376
266165.0657
264932.295
263613.0549
262200.5479
260686.8393
259062.8104
257318.2578
255442.0609
253422.293
251246.1373
248899.4941
246366.2343
243627.1494
240658.7246
237431.8951
233910.94
230052.6421
225805.8335
221111.4543
215903.2838
210109.5253
203655.4429
196467.2322
188477.2638
179630.7338
169893.5965
159261.4251
147768.5632
135496.573
122656.7514
109302.8547
95662.73978
82039.31453
68793.05445
56303.13581
44914.60471
34887.33178
26363.614
19363.4005
282182.9899
282120.5869
282048.0731
281968.1731
281883.8023
281796.6919
281707.032
281613.8407
281515.514
281410.293
281296.6105
281173.3206
281039.7761
280895.7196
280740.9994
280575.1941
280397.2924
280205.5765
279997.764
279771.34
279523.9193
279253.4729
278958.3186
278636.9027
278287.5077
277908.0632
277496.1786
277049.3973
276565.5553
276043.0694
275481.0004
274878.8289
274236.0106
273551.4744
272823.2468
272048.3094
271222.7015
270341.7902
269400.5987
268394.0791
267317.2376
266165.0657
264932.295
263613.0549
262200.5479
260686.8393
259062.8104
257318.2578
255442.0609
253422.293
251246.1373
248899.4941
246366.2343
243627.1494
240658.7246
237431.8951
233910.94
230052.6421
225805.8335
221111.4543
215903.2838
210109.5253
203655.4429
196467.2322
188477.2638
179630.7338
169893.5965
159261.4251
147768.5632
135496.573
122656.7514
109302.8547
95662.73978
82039.31453
68793.05445
56303.13581
44914.60471
34887.33178
26363.614
19363.4005
282182.9899
282120.5869
282048.0731
281968.1731
281883.8023
281796.6919
281707.032
281613.8407
281515.514
281410.293
281296.6105
281173.3206
281039.7761
280895.7196
280740.9994
280575.1941
280397.2924
280205.5765
279997.764
279771.34
279523.9193
279253.4729
278958.3186
278636.9027
278287.5077
277908.0632
277496.1786
277049.3973
276565.5553
276043.0694
275481.0004
274878.8289
274236.0106
273551.4744
272823.2468
272048.3094
271222.7015
270341.7902
269400.5987
268394.0791
267317.2376
266165.0657
264932.295
263613.0549
262200.5479
260686.8393
259062.8104
257318.2578
255442.0609
253422.293
251246.1373
248899.4941
246366.2343
243627.1494
240658.7246
237431.8951
233910.94
230052.6421
225805.8335
221111.4543
215903.2838
210109.5253
203655.4429
196467.2322
188477.2638
179630.7338
169893.5965
159261.4251
147768.5632
135496.573
122656.7514
109302.8547
95662.73978
82039.31453
68793.05445
56303.13581
44914.60471
34887.33178
26363.614
19363.4005
282182.9899
282120.5869
282048.0731
281968.1731
281883.8023
281796.6919
281707.032
281613.8407
281515.514
281410.293
281296.6105
281173.3206
281039.7761
280895.7196
280740.9994
280575.1941
280397.2924
280205.5765
279997.764
279771.34
279523.9193
279253.4729
278958.3186
278636.9027
278287.5077
277908.0632
277496.1786
277049.3973
276565.5553
276043.0694
275481.0004
274878.8289
274236.0106
273551.4744
272823.2468
272048.3094
271222.7015
270341.7902
269400.5987
268394.0791
267317.2376
266165.0657
264932.295
263613.0549
262200.5479
260686.8393
259062.8104
257318.2578
255442.0609
253422.293
251246.1373
248899.4941
246366.2343
243627.1494
240658.7246
237431.8951
233910.94
230052.6421
225805.8335
221111.4543
215903.2838
210109.5253
203655.4429
196467.2322
188477.2638
179630.7338
169893.5965
159261.4251
147768.5632
135496.573
122656.7514
109302.8547
95662.73978
82039.31453
68793.05445
56303.13581
44914.60471
34887.33178
26363.614
19363.4005
282182.9899
282120.5869
282048.0731
281968.1731
281883.8023
281796.6919
281707.032
281613.8407
281515.514
281410.293
281296.6105
281173.3206
281039.7761
280895.7196
280740.9994
280575.1941
280397.2924
280205.5765
279997.764
279771.34
279523.9193
279253.4729
278958.3186
278636.9027
278287.5077
277908.0632
277496.1786
277049.3973
276565.5553
276043.0694
275481.0004
274878.8289
274236.0106
273551.4744
272823.2468
272048.3094
271222.7015
270341.7902
269400.5987
268394.0791
267317.2376
266165.0657
264932.295
263613.0549
262200.5479
260686.8393
259062.8104
257318.2578
255442.0609
253422.293
251246.1373
248899.4941
246366.2343
243627.1494
240658.7246
237431.8951
233910.94
230052.6421
225805.8335
221111.4543
215903.2838
210109.5253
203655.4429
196467.2322
188477.2638
179630.7338
169893.5965
159261.4251
147768.5632
135496.573
122656.7514
109302.8547
95662.73978
82039.31453
68793.05445
56303.13581
44914.60471
34887.33178
26363.614
19363.4005
282182.9899
282120.5869
282048.0731
281968.1731
281883.8023
281796.6919
281707.032
281613.8407
281515.514
281410.293
281296.6105
281173.3206
281039.7761
280895.7196
280740.9994
280575.1941
280397.2924
280205.5765
279997.764
279771.34
279523.9193
279253.4729
278958.3186
278636.9027
278287.5077
277908.0632
277496.1786
277049.3973
276565.5553
276043.0694
275481.0004
274878.8289
274236.0106
273551.4744
272823.2468
272048.3094
271222.7015
270341.7902
269400.5987
268394.0791
267317.2376
266165.0657
264932.295
263613.0549
262200.5479
260686.8393
259062.8104
257318.2578
255442.0609
253422.293
251246.1373
248899.4941
246366.2343
243627.1494
240658.7246
237431.8951
233910.94
230052.6421
225805.8335
221111.4543
215903.2838
210109.5253
203655.4429
196467.2322
188477.2638
179630.7338
169893.5965
159261.4251
147768.5632
135496.573
122656.7514
109302.8547
95662.73978
82039.31453
68793.05445
56303.13581
44914.60471
34887.33178
26363.614
19363.4005
282182.9899
282120.5869
282048.0731
281968.1731
281883.8023
281796.6919
281707.032
281613.8407
281515.514
281410.293
281296.6105
281173.3206
281039.7761
280895.7196
280740.9994
280575.1941
280397.2924
280205.5765
279997.764
279771.34
279523.9193
279253.4729
278958.3186
278636.9027
278287.5077
277908.0632
277496.1786
277049.3973
276565.5553
276043.0694
275481.0004
274878.8289
274236.0106
273551.4744
272823.2468
272048.3094
271222.7015
270341.7902
269400.5987
268394.0791
267317.2376
266165.0657
264932.295
263613.0549
262200.5479
260686.8393
259062.8104
257318.2578
255442.0609
253422.293
251246.1373
248899.4941
246366.2343
243627.1494
240658.7246
237431.8951
233910.94
230052.6421
225805.8335
221111.4543
215903.2838
210109.5253
203655.4429
196467.2322
188477.2638
179630.7338
169893.5965
159261.4251
147768.5632
135496.573
122656.7514
109302.8547
95662.73978
82039.31453
68793.05445
56303.13581
44914.60471
34887.33178
26363.614
19363.4005
282182.9899
282120.5869
282048.0731
281968.1731
281883.8023
281796.6919
281707.032
281613.8407
281515.514
281410.293
281296.6105
281173.3206
281039.7761
280895.7196
280740.9994
280575.1941
280397.2924
280205.5765
279997.764
279771.34
279523.9193
279253.4729
278958.3186
278636.9027
278287.5077
277908.0632
277496.1786
277049.3973
276565.5553
276043.0694
275481.0004
274878.8289
274236.0106
273551.4744
272823.2468
272048.3094
271222.7015
270341.7902
269400.5987
268394.0791
267317.2376
266165.0657
264932.295
263613.0549
262200.5479
260686.8393
259062.8104
257318.2578
255442.0609
253422.293
251246.1373
248899.4941
246366.2343
243627.1494
240658.7246
237431.8951
233910.94
230052.6421
225805.8335
221111.4543
215903.2838
210109.5253
203655.4429
196467.2322
188477.2638
179630.7338
169893.5965
159261.4251
147768.5632
135496.573
122656.7514
109302.8547
95662.73978
82039.31453
68793.05445
56303.13581
44914.60471
34887.33178
26363.614
19363.4005
282182.9899
282120.5869
282048.0731
281968.1731
281883.8023
281796.6919
281707.032
281613.8407
281515.514
281410.293
281296.6105
281173.3206
281039.7761
280895.7196
280740.9994
280575.1941
280397.2924
280205.5765
279997.764
279771.34
279523.9193
279253.4729
278958.3186
278636.9027
278287.5077
277908.0632
277496.1786
277049.3973
276565.5553
276043.0694
275481.0004
274878.8289
274236.0106
273551.4744
272823.2468
272048.3094
271222.7015
270341.7902
269400.5987
268394.0791
267317.2376
266165.0657
264932.295
263613.0549
262200.5479
260686.8393
259062.8104
257318.2578
255442.0609
253422.293
251246.1373
248899.4941
246366.2343
243627.1494
240658.7246
237431.8951
233910.94
230052.6421
225805.8335
221111.4543
215903.2838
210109.5253
203655.4429
196467.2322
188477.2638
179630.7338
169893.5965
159261.4251
147768.5632
135496.573
122656.7514
109302.8547
95662.73978
82039.31453
68793.05445
56303.13581
44914.60471
34887.33178
26363.614
19363.4005
282182.9899
282120.5869
282048.0731
281968.1731
281883.8023
281796.6919
281707.032
281613.8407
281515.514
281410.293
281296.6105
281173.3206
281039.7761
280895.7196
280740.9994
280575.1941
280397.2924
280205.5765
279997.764
279771.34
279523.9193
279253.4729
278958.3186
278636.9027
278287.5077
277908.0632
277496.1786
277049.3973
276565.5553
276043.0694
275481.0004
274878.8289
274236.0106
273551.4744
272823.2468
272048.3094
271222.7015
270341.7902
269400.5987
268394.0791
267317.2376
266165.0657
264932.295
263613.0549
262200.5479
260686.8393
259062.8104
257318.2578
255442.0609
253422.293
251246.1373
248899.4941
246366.2343
243627.1494
240658.7246
237431.8951
233910.94
230052.6421
225805.8335
221111.4543
215903.2838
210109.5253
203655.4429
196467.2322
188477.2638
179630.7338
169893.5965
159261.4251
147768.5632
135496.573
122656.7514
109302.8547
95662.73978
82039.31453
68793.05445
56303.13581
44914.60471
34887.33178
26363.614
19363.4005
282182.9899
282120.5869
282048.0731
281968.1731
281883.8023
281796.6919
281707.032
281613.8407
281515.514
281410.293
281296.6105
281173.3206
281039.7761
280895.7196
280740.9994
280575.1941
280397.2924
280205.5765
279997.764
279771.34
279523.9193
279253.4729
278958.3186
278636.9027
278287.5077
277908.0632
277496.1786
277049.3973
276565.5553
276043.0694
275481.0004
274878.8289
274236.0106
273551.4744
272823.2468
272048.3094
271222.7015
270341.7902
269400.5987
268394.0791
267317.2376
266165.0657
264932.295
263613.0549
262200.5479
260686.8393
259062.8104
257318.2578
255442.0609
253422.293
251246.1373
248899.4941
246366.2343
243627.1494
240658.7246
237431.8951
233910.94
230052.6421
225805.8335
221111.4543
215903.2838
210109.5253
203655.4429
196467.2322
188477.2638
179630.7338
169893.5965
159261.4251
147768.5632
135496.573
122656.7514
109302.8547
95662.73978
82039.31453
68793.05445
56303.13581
44914.60471
34887.33178
26363.614
19363.4005
282182.9899
282120.5869
282048.0731
281968.1731
281883.8023
281796.6919
281707.032
281613.8407
281515.514
281410.293
281296.6105
281173.3206
281039.7761
280895.7196
280740.9994
280575.1941
280397.2924
280205.5765
279997.764
279771.34
279523.9193
279253.4729
278958.3186
278636.9027
278287.5077
277908.0632
277496.1786
277049.3973
276565.5553
276043.0694
275481.0004
274878.8289
274236.0106
273551.4744
272823.2468
272048.3094
271222.7015
270341.7902
269400.5987
268394.0791
267317.2376
266165.0657
264932.295
263613.0549
262200.5479
260686.8393
259062.8104
257318.2578
255442.0609
253422.293
251246.1373
248899.4941
246366.2343
243627.1494
240658.7246
237431.8951
233910.94
230052.6421
225805.8335
221111.4543
215903.2838
210109.5253
203655.4429
196467.2322
188477.2638
179630.7338
169893.5965
159261.4251
147768.5632
135496.573
122656.7514
109302.8547
95662.73978
82039.31453
68793.05445
56303.13581
44914.60471
34887.33178
26363.614
19363.4005
282182.9899
282120.5869
282048.0731
281968.1731
281883.8023
281796.6919
281707.032
281613.8407
281515.514
281410.293
281296.6105
281173.3206
281039.7761
280895.7196
280740.9994
280575.1941
280397.2924
280205.5765
279997.764
279771.34
279523.9193
279253.4729
278958.3186
278636.9027
278287.5077
277908.0632
277496.1786
277049.3973
276565.5553
276043.0694
275481.0004
274878.8289
274236.0106
273551.4744
272823.2468
272048.3094
271222.7015
270341.7902
269400.5987
268394.0791
267317.2376
266165.0657
264932.295
263613.0549
262200.5479
260686.8393
259062.8104
257318.2578
255442.0609
253422.293
251246.1373
248899.4941
246366.2343
243627.1494
240658.7246
237431.8951
233910.94
230052.6421
225805.8335
221111.4543
215903.2838
210109.5253
203655.4429
196467.2322
188477.2638
179630.7338
169893.5965
159261.4251
147768.5632
135496.573
122656.7514
109302.8547
95662.73978
82039.31453
68793.05445
56303.13581
44914.60471
34887.33178
26363.614
19363.4005
282182.9899
282120.5869
282048.0731
281968.1731
281883.8023
281796.6919
281707.032
281613.8407
281515.514
281410.293
281296.6105
281173.3206
281039.7761
280895.7196
280740.9994
280575.1941
280397.2924
280205.5765
279997.764
279771.34
279523.9193
279253.4729
278958.3186
278636.9027
278287.5077
277908.0632
277496.1786
277049.3973
276565.5553
276043.0694
275481.0004
274878.8289
274236.0106
273551.4744
272823.2468
272048.3094
271222.7015
270341.7902
269400.5987
268394.0791
267317.2376
266165.0657
264932.295
263613.0549
262200.5479
260686.8393
259062.8104
257318.2578
255442.0609
253422.293
251246.1373
248899.4941
246366.2343
243627.1494
240658.7246
237431.8951
233910.94
230052.6421
225805.8335
221111.4543
215903.2838
210109.5253
203655.4429
196467.2322
188477.2638
179630.7338
169893.5965
159261.4251
147768.5632
135496.573
122656.7514
109302.8547
95662.73978
82039.31453
68793.05445
56303.13581
44914.60471
34887.33178
26363.614
19363.4005
282182.9899
282120.5869
282048.0731
281968.1731
281883.8023
281796.6919
281707.032
281613.8407
281515.514
281410.293
281296.6105
281173.3206
281039.7761
280895.7196
280740.9994
280575.1941
280397.2924
280205.5765
279997.764
279771.34
279523.9193
279253.4729
278958.3186
278636.9027
278287.5077
277908.0632
277496.1786
277049.3973
276565.5553
276043.0694
275481.0004
274878.8289
274236.0106
273551.4744
272823.2468
272048.3094
271222.7015
270341.7902
269400.5987
268394.0791
267317.2376
266165.0657
264932.295
263613.0549
262200.5479
260686.8393
259062.8104
257318.2578
255442.0609
253422.293
251246.1373
248899.4941
246366.2343
243627.1494
240658.7246
237431.8951
233910.94
230052.6421
225805.8335
221111.4543
215903.2838
210109.5253
203655.4429
196467.2322
188477.2638
179630.7338
169893.5965
159261.4251
147768.5632
135496.573
122656.7514
109302.8547
95662.73978
82039.31453
68793.05445
56303.13581
44914.60471
34887.33178
26363.614
19363.4005
282182.9899
282120.5869
282048.0731
281968.1731
281883.8023
281796.6919
281707.032
281613.8407
281515.514
281410.293
281296.6105
281173.3206
281039.7761
280895.7196
280740.9994
280575.1941
280397.2924
280205.5765
279997.764
279771.34
279523.9193
279253.4729
278958.3186
278636.9027
278287.5077
277908.0632
277496.1786
277049.3973
276565.5553
276043.0694
275481.0004
274878.8289
274236.0106
273551.4744
272823.2468
272048.3094
271222.7015
270341.7902
269400.5987
268394.0791
267317.2376
266165.0657
264932.295
263613.0549
262200.5479
260686.8393
259062.8104
257318.2578
255442.0609
253422.293
251246.1373
248899.4941
246366.2343
243627.1494
240658.7246
237431.8951
233910.94
230052.6421
225805.8335
221111.4543
215903.2838
210109.5253
203655.4429
196467.2322
188477.2638
179630.7338
169893.5965
159261.4251
147768.5632
135496.573
122656.7514
109302.8547
95662.73978
82039.31453
68793.05445
56303.13581
44914.60471
34887.33178
26363.614
19363.4005
282182.9899
282120.5869
282048.0731
281968.1731
281883.8023
281796.6919
281707.032
281613.8407
281515.514
281410.293
281296.6105
281173.3206
281039.7761
280895.7196
280740.9994
280575.1941
280397.2924
280205.5765
279997.764
279771.34
279523.9193
279253.4729
278958.3186
278636.9027
278287.5077
277908.0632
277496.1786
277049.3973
276565.5553
276043.0694
275481.0004
274878.8289
274236.0106
273551.4744
272823.2468
272048.3094
271222.7015
270341.7902
269400.5987
268394.0791
267317.2376
266165.0657
264932.295
263613.0549
262200.5479
260686.8393
259062.8104
257318.2578
255442.0609
253422.293
251246.1373
248899.4941
246366.2343
243627.1494
240658.7246
237431.8951
233910.94
230052.6421
225805.8335
221111.4543
215903.2838
210109.5253
203655.4429
196467.2322
188477.2638
179630.7338
169893.5965
159261.4251
147768.5632
135496.573
122656.7514
109302.8547
95662.73978
82039.31453
68793.05445
56303.13581
44914.60471
34887.33178
26363.614
19363.4005
282182.9899
282120.5869
282048.0731
281968.1731
281883.8023
281796.6919
281707.032
281613.8407
281515.514
281410.293
281296.6105
281173.3206
281039.7761
280895.7196
280740.9994
280575.1941
280397.2924
280205.5765
279997.764
279771.34
279523.9193
279253.4729
278958.3186
278636.9027
278287.5077
277908.0632
277496.1786
277049.3973
276565.5553
276043.0694
275481.0004
274878.8289
274236.0106
273551.4744
272823.2468
272048.3094
271222.7015
270341.7902
269400.5987
268394.0791
267317.2376
266165.0657
264932.295
263613.0549
262200.5479
260686.8393
259062.8104
257318.2578
255442.0609
253422.293
251246.1373
248899.4941
246366.2343
243627.1494
240658.7246
237431.8951
233910.94
230052.6421
225805.8335
221111.4543
215903.2838
210109.5253
203655.4429
196467.2322
188477.2638
179630.7338
169893.5965
159261.4251
147768.5632
135496.573
122656.7514
109302.8547
95662.73978
82039.31453
68793.05445
56303.13581
44914.60471
34887.33178
26363.614
19363.4005
282182.9899
282120.5869
282048.0731
281968.1731
281883.8023
281796.6919
281707.032
281613.8407
281515.514
281410.293
281296.6105
281173.3206
281039.7761
280895.7196
280740.9994
280575.1941
280397.2924
280205.5765
279997.764
279771.34
279523.9193
279253.4729
278958.3186
278636.9027
278287.5077
277908.0632
277496.1786
277049.3973
276565.5553
276043.0694
275481.0004
274878.8289
274236.0106
273551.4744
272823.2468
272048.3094
271222.7015
270341.7902
269400.5987
268394.0791
267317.2376
266165.0657
264932.295
263613.0549
262200.5479
260686.8393
259062.8104
257318.2578
255442.0609
253422.293
251246.1373
248899.4941
246366.2343
243627.1494
240658.7246
237431.8951
233910.94
230052.6421
225805.8335
221111.4543
215903.2838
210109.5253
203655.4429
196467.2322
188477.2638
179630.7338
169893.5965
159261.4251
147768.5632
135496.573
122656.7514
109302.8547
95662.73978
82039.31453
68793.05445
56303.13581
44914.60471
34887.33178
26363.614
19363.4005
282182.9899
282120.5869
282048.0731
281968.1731
281883.8023
281796.6919
281707.032
281613.8407
281515.514
281410.293
281296.6105
281173.3206
281039.7761
280895.7196
280740.9994
280575.1941
280397.2924
280205.5765
279997.764
279771.34
279523.9193
279253.4729
278958.3186
278636.9027
278287.5077
277908.0632
277496.1786
277049.3973
276565.5553
276043.0694
275481.0004
274878.8289
274236.0106
273551.4744
272823.2468
272048.3094
271222.7015
270341.7902
269400.5987
268394.0791
267317.2376
266165.0657
264932.295
263613.0549
262200.5479
260686.8393
259062.8104
257318.2578
255442.0609
253422.293
251246.1373
248899.4941
246366.2343
243627.1494
240658.7246
237431.8951
233910.94
230052.6421
225805.8335
221111.4543
215903.2838
210109.5253
203655.4429
196467.2322
188477.2638
179630.7338
169893.5965
159261.4251
147768.5632
135496.573
122656.7514
109302.8547
95662.73978
82039.31453
68793.05445
56303.13581
44914.60471
34887.33178
26363.614
19363.4005
282182.9899
282120.5869
282048.0731
281968.1731
281883.8023
281796.6919
281707.032
281613.8407
281515.514
281410.293
281296.6105
281173.3206
281039.7761
280895.7196
280740.9994
280575.1941
280397.2924
280205.5765
279997.764
279771.34
279523.9193
279253.4729
278958.3186
278636.9027
278287.5077
277908.0632
277496.1786
277049.3973
276565.5553
276043.0694
275481.0004
274878.8289
274236.0106
273551.4744
272823.2468
272048.3094
271222.7015
270341.7902
269400.5987
268394.0791
267317.2376
266165.0657
264932.295
263613.0549
262200.5479
260686.8393
259062.8104
257318.2578
255442.0609
253422.293
251246.1373
248899.4941
246366.2343
243627.1494
240658.7246
237431.8951
233910.94
230052.6421
225805.8335
221111.4543
215903.2838
210109.5253
203655.4429
196467.2322
188477.2638
179630.7338
169893.5965
159261.4251
147768.5632
135496.573
122656.7514
109302.8547
95662.73978
82039.31453
68793.05445
56303.13581
44914.60471
34887.33178
26363.614
19363.4005
282182.9899
282120.5869
282048.0731
281968.1731
281883.8023
281796.6919
281707.032
281613.8407
281515.514
281410.293
281296.6105
281173.3206
281039.7761
280895.7196
280740.9994
280575.1941
280397.2924
280205.5765
279997.764
279771.34
279523.9193
279253.4729
278958.3186
278636.9027
278287.5077
277908.0632
277496.1786
277049.3973
276565.5553
276043.0694
275481.0004
274878.8289
274236.0106
273551.4744
272823.2468
272048.3094
271222.7015
270341.7902
269400.5987
268394.0791
267317.2376
266165.0657
264932.295
263613.0549
262200.5479
260686.8393
259062.8104
257318.2578
255442.0609
253422.293
251246.1373
248899.4941
246366.2343
243627.1494
240658.7246
237431.8951
233910.94
230052.6421
225805.8335
221111.4543
215903.2838
210109.5253
203655.4429
196467.2322
188477.2638
179630.7338
169893.5965
159261.4251
147768.5632
135496.573
122656.7514
109302.8547
95662.73978
82039.31453
68793.05445
56303.13581
44914.60471
34887.33178
26363.614
19363.4005
282182.9899
282120.5869
282048.0731
281968.1731
281883.8023
281796.6919
281707.032
281613.8407
281515.514
281410.293
281296.6105
281173.3206
281039.7761
280895.7196
280740.9994
280575.1941
280397.2924
280205.5765
279997.764
279771.34
279523.9193
279253.4729
278958.3186
278636.9027
278287.5077
277908.0632
277496.1786
277049.3973
276565.5553
276043.0694
275481.0004
274878.8289
274236.0106
273551.4744
272823.2468
272048.3094
271222.7015
270341.7902
269400.5987
268394.0791
267317.2376
266165.0657
264932.295
263613.0549
262200.5479
260686.8393
259062.8104
257318.2578
255442.0609
253422.293
251246.1373
248899.4941
246366.2343
243627.1494
240658.7246
237431.8951
233910.94
230052.6421
225805.8335
221111.4543
215903.2838
210109.5253
203655.4429
196467.2322
188477.2638
179630.7338
169893.5965
159261.4251
147768.5632
135496.573
122656.7514
109302.8547
95662.73978
82039.31453
68793.05445
56303.13581
44914.60471
34887.33178
26363.614
19363.4005
282182.9899
282120.5869
282048.0731
281968.1731
281883.8023
281796.6919
281707.032
281613.8407
281515.514
281410.293
281296.6105
281173.3206
281039.7761
280895.7196
280740.9994
280575.1941
280397.2924
280205.5765
279997.764
279771.34
279523.9193
279253.4729
278958.3186
278636.9027
278287.5077
277908.0632
277496.1786
277049.3973
276565.5553
276043.0694
275481.0004
274878.8289
274236.0106
273551.4744
272823.2468
272048.3094
271222.7015
270341.7902
269400.5987
268394.0791
267317.2376
266165.0657
264932.295
263613.0549
262200.5479
260686.8393
259062.8104
257318.2578
255442.0609
253422.293
251246.1373
248899.4941
246366.2343
243627.1494
240658.7246
237431.8951
233910.94
230052.6421
225805.8335
221111.4543
215903.2838
210109.5253
203655.4429
196467.2322
188477.2638
179630.7338
169893.5965
159261.4251
147768.5632
135496.573
122656.7514
109302.8547
95662.73978
82039.31453
68793.05445
56303.13581
44914.60471
34887.33178
26363.614
19363.4005
282182.9899
282120.5869
282048.0731
281968.1731
281883.8023
281796.6919
281707.032
281613.8407
281515.514
281410.293
281296.6105
281173.3206
281039.7761
280895.7196
280740.9994
280575.1941
280397.2924
280205.5765
279997.764
279771.34
279523.9193
279253.4729
278958.3186
278636.9027
278287.5077
277908.0632
277496.1786
277049.3973
276565.5553
276043.0694
275481.0004
274878.8289
274236.0106
273551.4744
272823.2468
272048.3094
271222.7015
270341.7902
269400.5987
268394.0791
267317.2376
266165.0657
264932.295
263613.0549
262200.5479
260686.8393
259062.8104
257318.2578
255442.0609
253422.293
251246.1373
248899.4941
246366.2343
243627.1494
240658.7246
237431.8951
233910.94
230052.6421
225805.8335
221111.4543
215903.2838
210109.5253
203655.4429
196467.2322
188477.2638
179630.7338
169893.5965
159261.4251
147768.5632
135496.573
122656.7514
109302.8547
95662.73978
82039.31453
68793.05445
56303.13581
44914.60471
34887.33178
26363.614
19363.4005
282182.9899
282120.5869
282048.0731
281968.1731
281883.8023
281796.6919
281707.032
281613.8407
281515.514
281410.293
281296.6105
281173.3206
281039.7761
280895.7196
280740.9994
280575.1941
280397.2924
280205.5765
279997.764
279771.34
279523.9193
279253.4729
278958.3186
278636.9027
278287.5077
277908.0632
277496.1786
277049.3973
276565.5553
276043.0694
275481.0004
274878.8289
274236.0106
273551.4744
272823.2468
272048.3094
271222.7015
270341.7902
269400.5987
268394.0791
267317.2376
266165.0657
264932.295
263613.0549
262200.5479
260686.8393
259062.8104
257318.2578
255442.0609
253422.293
251246.1373
248899.4941
246366.2343
243627.1494
240658.7246
237431.8951
233910.94
230052.6421
225805.8335
221111.4543
215903.2838
210109.5253
203655.4429
196467.2322
188477.2638
179630.7338
169893.5965
159261.4251
147768.5632
135496.573
122656.7514
109302.8547
95662.73978
82039.31453
68793.05445
56303.13581
44914.60471
34887.33178
26363.614
19363.4005
282182.9899
282120.5869
282048.0731
281968.1731
281883.8023
281796.6919
281707.032
281613.8407
281515.514
281410.293
281296.6105
281173.3206
281039.7761
280895.7196
280740.9994
280575.1941
280397.2924
280205.5765
279997.764
279771.34
279523.9193
279253.4729
278958.3186
278636.9027
278287.5077
277908.0632
277496.1786
277049.3973
276565.5553
276043.0694
275481.0004
274878.8289
274236.0106
273551.4744
272823.2468
272048.3094
271222.7015
270341.7902
269400.5987
268394.0791
267317.2376
266165.0657
264932.295
263613.0549
262200.5479
260686.8393
259062.8104
257318.2578
255442.0609
253422.293
251246.1373
248899.4941
246366.2343
243627.1494
240658.7246
237431.8951
233910.94
230052.6421
225805.8335
221111.4543
215903.2838
210109.5253
203655.4429
196467.2322
188477.2638
179630.7338
169893.5965
159261.4251
147768.5632
135496.573
122656.7514
109302.8547
95662.73978
82039.31453
68793.05445
56303.13581
44914.60471
34887.33178
26363.614
19363.4005
282182.9899
282120.5869
282048.0731
281968.1731
281883.8023
281796.6919
281707.032
281613.8407
281515.514
281410.293
281296.6105
281173.3206
281039.7761
280895.7196
280740.9994
280575.1941
280397.2924
280205.5765
279997.764
279771.34
279523.9193
279253.4729
278958.3186
278636.9027
278287.5077
277908.0632
277496.1786
277049.3973
276565.5553
276043.0694
275481.0004
274878.8289
274236.0106
273551.4744
272823.2468
272048.3094
271222.7015
270341.7902
269400.5987
268394.0791
267317.2376
266165.0657
264932.295
263613.0549
262200.5479
260686.8393
259062.8104
257318.2578
255442.0609
253422.293
251246.1373
248899.4941
246366.2343
243627.1494
240658.7246
237431.8951
233910.94
230052.6421
225805.8335
221111.4543
215903.2838
210109.5253
203655.4429
196467.2322
188477.2638
179630.7338
169893.5965
159261.4251
147768.5632
135496.573
122656.7514
109302.8547
95662.73978
82039.31453
68793.05445
56303.13581
44914.60471
34887.33178
26363.614
19363.4005
282182.9899
282120.5869
282048.0731
281968.1731
281883.8023
281796.6919
281707.032
281613.8407
281515.514
281410.293
281296.6105
281173.3206
281039.7761
280895.7196
280740.9994
280575.1941
280397.2924
280205.5765
279997.764
279771.34
279523.9193
279253.4729
278958.3186
278636.9027
278287.5077
277908.0632
277496.1786
277049.3973
276565.5553
276043.0694
275481.0004
274878.8289
274236.0106
273551.4744
272823.2468
272048.3094
271222.7015
270341.7902
269400.5987
268394.0791
267317.2376
266165.0657
264932.295
263613.0549
262200.5479
260686.8393
259062.8104
257318.2578
255442.0609
253422.293
251246.1373
248899.4941
246366.2343
243627.1494
240658.7246
237431.8951
233910.94
230052.6421
225805.8335
221111.4543
215903.2838
210109.5253
203655.4429
196467.2322
188477.2638
179630.7338
169893.5965
159261.4251
147768.5632
135496.573
122656.7514
109302.8547
95662.73978
82039.31453
68793.05445
56303.13581
44914.60471
34887.33178
26363.614
19363.4005
282182.9899
282120.5869
282048.0731
281968.1731
281883.8023
281796.6919
281707.032
281613.8407
281515.514
281410.293
281296.6105
281173.3206
281039.7761
280895.7196
280740.9994
280575.1941
280397.2924
280205.5765
279997.764
279771.34
279523.9193
279253.4729
278958.3186
278636.9027
278287.5077
277908.0632
277496.1786
277049.3973
276565.5553
276043.0694
275481.0004
274878.8289
274236.0106
273551.4744
272823.2468
272048.3094
271222.7015
270341.7902
269400.5987
268394.0791
267317.2376
266165.0657
264932.295
263613.0549
262200.5479
260686.8393
259062.8104
257318.2578
255442.0609
253422.293
251246.1373
248899.4941
246366.2343
243627.1494
240658.7246
237431.8951
233910.94
230052.6421
225805.8335
221111.4543
215903.2838
210109.5253
203655.4429
196467.2322
188477.2638
179630.7338
169893.5965
159261.4251
147768.5632
135496.573
122656.7514
109302.8547
95662.73978
82039.31453
68793.05445
56303.13581
44914.60471
34887.33178
26363.614
19363.4005
282182.9899
282120.5869
282048.0731
281968.1731
281883.8023
281796.6919
281707.032
281613.8407
281515.514
281410.293
281296.6105
281173.3206
281039.7761
280895.7196
280740.9994
280575.1941
280397.2924
280205.5765
279997.764
279771.34
279523.9193
279253.4729
278958.3186
278636.9027
278287.5077
277908.0632
277496.1786
277049.3973
276565.5553
276043.0694
275481.0004
274878.8289
274236.0106
273551.4744
272823.2468
272048.3094
271222.7015
270341.7902
269400.5987
268394.0791
267317.2376
266165.0657
264932.295
263613.0549
262200.5479
260686.8393
259062.8104
257318.2578
255442.0609
253422.293
251246.1373
248899.4941
246366.2343
243627.1494
240658.7246
237431.8951
233910.94
230052.6421
225805.8335
221111.4543
215903.2838
210109.5253
203655.4429
196467.2322
188477.2638
179630.7338
169893.5965
159261.4251
147768.5632
135496.573
122656.7514
109302.8547
95662.73978
82039.31453
68793.05445
56303.13581
44914.60471
34887.33178
26363.614
19363.4005
282182.9899
282120.5869
282048.0731
281968.1731
281883.8023
281796.6919
281707.032
281613.8407
281515.514
281410.293
281296.6105
281173.3206
281039.7761
280895.7196
280740.9994
280575.1941
280397.2924
280205.5765
279997.764
279771.34
279523.9193
279253.4729
278958.3186
278636.9027
278287.5077
277908.0632
277496.1786
277049.3973
276565.5553
276043.0694
275481.0004
274878.8289
274236.0106
273551.4744
272823.2468
272048.3094
271222.7015
270341.7902
269400.5987
268394.0791
267317.2376
266165.0657
264932.295
263613.0549
262200.5479
260686.8393
259062.8104
257318.2578
255442.0609
253422.293
251246.1373
248899.4941
246366.2343
243627.1494
240658.7246
237431.8951
233910.94
230052.6421
225805.8335
221111.4543
215903.2838
210109.5253
203655.4429
196467.2322
188477.2638
179630.7338
169893.5965
159261.4251
147768.5632
135496.573
122656.7514
109302.8547
95662.73978
82039.31453
68793.05445
56303.13581
44914.60471
34887.33178
26363.614
19363.4005
282182.9899
282120.5869
282048.0731
281968.1731
281883.8023
281796.6919
281707.032
281613.8407
281515.514
281410.293
281296.6105
281173.3206
281039.7761
280895.7196
280740.9994
280575.1941
280397.2924
280205.5765
279997.764
279771.34
279523.9193
279253.4729
278958.3186
278636.9027
278287.5077
277908.0632
277496.1786
277049.3973
276565.5553
276043.0694
275481.0004
274878.8289
274236.0106
273551.4744
272823.2468
272048.3094
271222.7015
270341.7902
269400.5987
268394.0791
267317.2376
266165.0657
264932.295
263613.0549
262200.5479
260686.8393
259062.8104
257318.2578
255442.0609
253422.293
251246.1373
248899.4941
246366.2343
243627.1494
240658.7246
237431.8951
233910.94
230052.6421
225805.8335
221111.4543
215903.2838
210109.5253
203655.4429
196467.2322
188477.2638
179630.7338
169893.5965
159261.4251
147768.5632
135496.573
122656.7514
109302.8547
95662.73978
82039.31453
68793.05445
56303.13581
44914.60471
34887.33178
26363.614
19363.4005
282182.9899
282120.5869
282048.0731
281968.1731
281883.8023
281796.6919
281707.032
281613.8407
281515.514
281410.293
281296.6105
281173.3206
281039.7761
280895.7196
280740.9994
280575.1941
280397.2924
280205.5765
279997.764
279771.34
279523.9193
279253.4729
278958.3186
278636.9027
278287.5077
277908.0632
277496.1786
277049.3973
276565.5553
276043.0694
275481.0004
274878.8289
274236.0106
273551.4744
272823.2468
272048.3094
271222.7015
270341.7902
269400.5987
268394.0791
267317.2376
266165.0657
264932.295
263613.0549
262200.5479
260686.8393
259062.8104
257318.2578
255442.0609
253422.293
251246.1373
248899.4941
246366.2343
243627.1494
240658.7246
237431.8951
233910.94
230052.6421
225805.8335
221111.4543
215903.2838
210109.5253
203655.4429
196467.2322
188477.2638
179630.7338
169893.5965
159261.4251
147768.5632
135496.573
122656.7514
109302.8547
95662.73978
82039.31453
68793.05445
56303.13581
44914.60471
34887.33178
26363.614
19363.4005
282182.9899
282120.5869
282048.0731
281968.1731
281883.8023
281796.6919
281707.032
281613.8407
281515.514
281410.293
281296.6105
281173.3206
281039.7761
280895.7196
280740.9994
280575.1941
280397.2924
280205.5765
279997.764
279771.34
279523.9193
279253.4729
278958.3186
278636.9027
278287.5077
277908.0632
277496.1786
277049.3973
276565.5553
276043.0694
275481.0004
274878.8289
274236.0106
273551.4744
272823.2468
272048.3094
271222.7015
270341.7902
269400.5987
268394.0791
267317.2376
266165.0657
264932.295
263613.0549
262200.5479
260686.8393
259062.8104
257318.2578
255442.0609
253422.293
251246.1373
248899.4941
246366.2343
243627.1494
240658.7246
237431.8951
233910.94
230052.6421
225805.8335
221111.4543
215903.2838
210109.5253
203655.4429
196467.2322
188477.2638
179630.7338
169893.5965
159261.4251
147768.5632
135496.573
122656.7514
109302.8547
95662.73978
82039.31453
68793.05445
56303.13581
44914.60471
34887.33178
26363.614
19363.4005
282182.9899
282120.5869
282048.0731
281968.1731
281883.8023
281796.6919
281707.032
281613.8407
281515.514
281410.293
281296.6105
281173.3206
281039.7761
280895.7196
280740.9994
280575.1941
280397.2924
280205.5765
279997.764
279771.34
279523.9193
279253.4729
278958.3186
278636.9027
278287.5077
277908.0632
277496.1786
277049.3973
276565.5553
276043.0694
275481.0004
274878.8289
274236.0106
273551.4744
272823.2468
272048.3094
271222.7015
270341.7902
269400.5987
268394.0791
267317.2376
266165.0657
264932.295
263613.0549
262200.5479
260686.8393
259062.8104
257318.2578
255442.0609
253422.293
251246.1373
248899.4941
246366.2343
243627.1494
240658.7246
237431.8951
233910.94
230052.6421
225805.8335
221111.4543
215903.2838
210109.5253
203655.4429
196467.2322
188477.2638
179630.7338
169893.5965
159261.4251
147768.5632
135496.573
122656.7514
109302.8547
95662.73978
82039.31453
68793.05445
56303.13581
44914.60471
34887.33178
26363.614
19363.4005
282182.9899
282120.5869
282048.0731
281968.1731
281883.8023
281796.6919
281707.032
281613.8407
281515.514
281410.293
281296.6105
281173.3206
281039.7761
280895.7196
280740.9994
280575.1941
280397.2924
280205.5765
279997.764
279771.34
279523.9193
279253.4729
278958.3186
278636.9027
278287.5077
277908.0632
277496.1786
277049.3973
276565.5553
276043.0694
275481.0004
274878.8289
274236.0106
273551.4744
272823.2468
272048.3094
271222.7015
270341.7902
269400.5987
268394.0791
267317.2376
266165.0657
264932.295
263613.0549
262200.5479
260686.8393
259062.8104
257318.2578
255442.0609
253422.293
251246.1373
248899.4941
246366.2343
243627.1494
240658.7246
237431.8951
233910.94
230052.6421
225805.8335
221111.4543
215903.2838
210109.5253
203655.4429
196467.2322
188477.2638
179630.7338
169893.5965
159261.4251
147768.5632
135496.573
122656.7514
109302.8547
95662.73978
82039.31453
68793.05445
56303.13581
44914.60471
34887.33178
26363.614
19363.4005
282182.9899
282120.5869
282048.0731
281968.1731
281883.8023
281796.6919
281707.032
281613.8407
281515.514
281410.293
281296.6105
281173.3206
281039.7761
280895.7196
280740.9994
280575.1941
280397.2924
280205.5765
279997.764
279771.34
279523.9193
279253.4729
278958.3186
278636.9027
278287.5077
277908.0632
277496.1786
277049.3973
276565.5553
276043.0694
275481.0004
274878.8289
274236.0106
273551.4744
272823.2468
272048.3094
271222.7015
270341.7902
269400.5987
268394.0791
267317.2376
266165.0657
264932.295
263613.0549
262200.5479
260686.8393
259062.8104
257318.2578
255442.0609
253422.293
251246.1373
248899.4941
246366.2343
243627.1494
240658.7246
237431.8951
233910.94
230052.6421
225805.8335
221111.4543
215903.2838
210109.5253
203655.4429
196467.2322
188477.2638
179630.7338
169893.5965
159261.4251
147768.5632
135496.573
122656.7514
109302.8547
95662.73978
82039.31453
68793.05445
56303.13581
44914.60471
34887.33178
26363.614
19363.4005
282182.9899
282120.5869
282048.0731
281968.1731
281883.8023
281796.6919
281707.032
281613.8407
281515.514
281410.293
281296.6105
281173.3206
281039.7761
280895.7196
280740.9994
280575.1941
280397.2924
280205.5765
279997.764
279771.34
279523.9193
279253.4729
278958.3186
278636.9027
278287.5077
277908.0632
277496.1786
277049.3973
276565.5553
276043.0694
275481.0004
274878.8289
274236.0106
273551.4744
272823.2468
272048.3094
271222.7015
270341.7902
269400.5987
268394.0791
267317.2376
266165.0657
264932.295
263613.0549
262200.5479
260686.8393
259062.8104
257318.2578
255442.0609
253422.293
251246.1373
248899.4941
246366.2343
243627.1494
240658.7246
237431.8951
233910.94
230052.6421
225805.8335
221111.4543
215903.2838
210109.5253
203655.4429
196467.2322
188477.2638
179630.7338
169893.5965
159261.4251
147768.5632
135496.573
122656.7514
109302.8547
95662.73978
82039.31453
68793.05445
56303.13581
44914.60471
34887.33178
26363.614
19363.4005
282182.9899
282120.5869
282048.0731
281968.1731
281883.8023
281796.6919
281707.032
281613.8407
281515.514
281410.293
281296.6105
281173.3206
281039.7761
280895.7196
280740.9994
280575.1941
280397.2924
280205.5765
279997.764
279771.34
279523.9193
279253.4729
278958.3186
278636.9027
278287.5077
277908.0632
277496.1786
277049.3973
276565.5553
276043.0694
275481.0004
274878.8289
274236.0106
273551.4744
272823.2468
272048.3094
271222.7015
270341.7902
269400.5987
268394.0791
267317.2376
266165.0657
264932.295
263613.0549
262200.5479
260686.8393
259062.8104
257318.2578
255442.0609
253422.293
251246.1373
248899.4941
246366.2343
243627.1494
240658.7246
237431.8951
233910.94
230052.6421
225805.8335
221111.4543
215903.2838
210109.5253
203655.4429
196467.2322
188477.2638
179630.7338
169893.5965
159261.4251
147768.5632
135496.573
122656.7514
109302.8547
95662.73978
82039.31453
68793.05445
56303.13581
44914.60471
34887.33178
26363.614
19363.4005
282182.9899
282120.5869
282048.0731
281968.1731
281883.8023
281796.6919
281707.032
281613.8407
281515.514
281410.293
281296.6105
281173.3206
281039.7761
280895.7196
280740.9994
280575.1941
280397.2924
280205.5765
279997.764
279771.34
279523.9193
279253.4729
278958.3186
278636.9027
278287.5077
277908.0632
277496.1786
277049.3973
276565.5553
276043.0694
275481.0004
274878.8289
274236.0106
273551.4744
272823.2468
272048.3094
271222.7015
270341.7902
269400.5987
268394.0791
267317.2376
266165.0657
264932.295
263613.0549
262200.5479
260686.8393
259062.8104
257318.2578
255442.0609
253422.293
251246.1373
248899.4941
246366.2343
243627.1494
240658.7246
237431.8951
233910.94
230052.6421
225805.8335
221111.4543
215903.2838
210109.5253
203655.4429
196467.2322
188477.2638
179630.7338
169893.5965
159261.4251
147768.5632
135496.573
122656.7514
109302.8547
95662.73978
82039.31453
68793.05445
56303.13581
44914.60471
34887.33178
26363.614
19363.4005
282182.9899
282120.5869
282048.0731
281968.1731
281883.8023
281796.6919
281707.032
281613.8407
281515.514
281410.293
281296.6105
281173.3206
281039.7761
280895.7196
280740.9994
280575.1941
280397.2924
280205.5765
279997.764
279771.34
279523.9193
279253.4729
278958.3186
278636.9027
278287.5077
277908.0632
277496.1786
277049.3973
276565.5553
276043.0694
275481.0004
274878.8289
274236.0106
273551.4744
272823.2468
272048.3094
271222.7015
270341.7902
269400.5987
268394.0791
267317.2376
266165.0657
264932.295
263613.0549
262200.5479
260686.8393
259062.8104
257318.2578
255442.0609
253422.293
251246.1373
248899.4941
246366.2343
243627.1494
240658.7246
237431.8951
233910.94
230052.6421
225805.8335
221111.4543
215903.2838
210109.5253
203655.4429
196467.2322
188477.2638
179630.7338
169893.5965
159261.4251
147768.5632
135496.573
122656.7514
109302.8547
95662.73978
82039.31453
68793.05445
56303.13581
44914.60471
34887.33178
26363.614
19363.4005
282182.9899
282120.5869
282048.0731
281968.1731
281883.8023
281796.6919
281707.032
281613.8407
281515.514
281410.293
281296.6105
281173.3206
281039.7761
280895.7196
280740.9994
280575.1941
280397.2924
280205.5765
279997.764
279771.34
279523.9193
279253.4729
278958.3186
278636.9027
278287.5077
277908.0632
277496.1786
277049.3973
276565.5553
276043.0694
275481.0004
274878.8289
274236.0106
273551.4744
272823.2468
272048.3094
271222.7015
270341.7902
269400.5987
268394.0791
267317.2376
266165.0657
264932.295
263613.0549
262200.5479
260686.8393
259062.8104
257318.2578
255442.0609
253422.293
251246.1373
248899.4941
246366.2343
243627.1494
240658.7246
237431.8951
233910.94
230052.6421
225805.8335
221111.4543
215903.2838
210109.5253
203655.4429
196467.2322
188477.2638
179630.7338
169893.5965
159261.4251
147768.5632
135496.573
122656.7514
109302.8547
95662.73978
82039.31453
68793.05445
56303.13581
44914.60471
34887.33178
26363.614
19363.4005
282182.9899
282120.5869
282048.0731
281968.1731
281883.8023
281796.6919
281707.032
281613.8407
281515.514
281410.293
281296.6105
281173.3206
281039.7761
280895.7196
280740.9994
280575.1941
280397.2924
280205.5765
279997.764
279771.34
279523.9193
279253.4729
278958.3186
278636.9027
278287.5077
277908.0632
277496.1786
277049.3973
276565.5553
276043.0694
275481.0004
274878.8289
274236.0106
273551.4744
272823.2468
272048.3094
271222.7015
270341.7902
269400.5987
268394.0791
267317.2376
266165.0657
264932.295
263613.0549
262200.5479
260686.8393
259062.8104
257318.2578
255442.0609
253422.293
251246.1373
248899.4941
246366.2343
243627.1494
240658.7246
237431.8951
233910.94
230052.6421
225805.8335
221111.4543
215903.2838
210109.5253
203655.4429
196467.2322
188477.2638
179630.7338
169893.5965
159261.4251
147768.5632
135496.573
122656.7514
109302.8547
95662.73978
82039.31453
68793.05445
56303.13581
44914.60471
34887.33178
26363.614
19363.4005
282182.9899
282120.5869
282048.0731
281968.1731
281883.8023
281796.6919
281707.032
281613.8407
281515.514
281410.293
281296.6105
281173.3206
281039.7761
280895.7196
280740.9994
280575.1941
280397.2924
280205.5765
279997.764
279771.34
279523.9193
279253.4729
278958.3186
278636.9027
278287.5077
277908.0632
277496.1786
277049.3973
276565.5553
276043.0694
275481.0004
274878.8289
274236.0106
273551.4744
272823.2468
272048.3094
271222.7015
270341.7902
269400.5987
268394.0791
267317.2376
266165.0657
264932.295
263613.0549
262200.5479
260686.8393
259062.8104
257318.2578
255442.0609
253422.293
251246.1373
248899.4941
246366.2343
243627.1494
240658.7246
237431.8951
233910.94
230052.6421
225805.8335
221111.4543
215903.2838
210109.5253
203655.4429
196467.2322
188477.2638
179630.7338
169893.5965
159261.4251
147768.5632
135496.573
122656.7514
109302.8547
95662.73978
82039.31453
68793.05445
56303.13581
44914.60471
34887.33178
26363.614
19363.4005
282182.9899
282120.5869
282048.0731
281968.1731
281883.8023
281796.6919
281707.032
281613.8407
281515.514
281410.293
281296.6105
281173.3206
281039.7761
280895.7196
280740.9994
280575.1941
280397.2924
280205.5765
279997.764
279771.34
279523.9193
279253.4729
278958.3186
278636.9027
278287.5077
277908.0632
277496.1786
277049.3973
276565.5553
276043.0694
275481.0004
274878.8289
274236.0106
273551.4744
272823.2468
272048.3094
271222.7015
270341.7902
269400.5987
268394.0791
267317.2376
266165.0657
264932.295
263613.0549
262200.5479
260686.8393
259062.8104
257318.2578
255442.0609
253422.293
251246.1373
248899.4941
246366.2343
243627.1494
240658.7246
237431.8951
233910.94
230052.6421
225805.8335
221111.4543
215903.2838
210109.5253
203655.4429
196467.2322
188477.2638
179630.7338
169893.5965
159261.4251
147768.5632
135496.573
122656.7514
109302.8547
95662.73978
82039.31453
68793.05445
56303.13581
44914.60471
34887.33178
26363.614
19363.4005
282182.9899
282120.5869
282048.0731
281968.1731
281883.8023
281796.6919
281707.032
281613.8407
281515.514
281410.293
281296.6105
281173.3206
281039.7761
280895.7196
280740.9994
280575.1941
280397.2924
280205.5765
279997.764
279771.34
279523.9193
279253.4729
278958.3186
278636.9027
278287.5077
277908.0632
277496.1786
277049.3973
276565.5553
276043.0694
275481.0004
274878.8289
274236.0106
273551.4744
272823.2468
272048.3094
271222.7015
270341.7902
269400.5987
268394.0791
267317.2376
266165.0657
264932.295
263613.0549
262200.5479
260686.8393
259062.8104
257318.2578
255442.0609
253422.293
251246.1373
248899.4941
246366.2343
243627.1494
240658.7246
237431.8951
233910.94
230052.6421
225805.8335
221111.4543
215903.2838
210109.5253
203655.4429
196467.2322
188477.2638
179630.7338
169893.5965
159261.4251
147768.5632
135496.573
122656.7514
109302.8547
95662.73978
82039.31453
68793.05445
56303.13581
44914.60471
34887.33178
26363.614
19363.4005
282182.9899
282120.5869
282048.0731
281968.1731
281883.8023
281796.6919
281707.032
281613.8407
281515.514
281410.293
281296.6105
281173.3206
281039.7761
280895.7196
280740.9994
280575.1941
280397.2924
280205.5765
279997.764
279771.34
279523.9193
279253.4729
278958.3186
278636.9027
278287.5077
277908.0632
277496.1786
277049.3973
276565.5553
276043.0694
275481.0004
274878.8289
274236.0106
273551.4744
272823.2468
272048.3094
271222.7015
270341.7902
269400.5987
268394.0791
267317.2376
266165.0657
264932.295
263613.0549
262200.5479
260686.8393
259062.8104
257318.2578
255442.0609
253422.293
251246.1373
248899.4941
246366.2343
243627.1494
240658.7246
237431.8951
233910.94
230052.6421
225805.8335
221111.4543
215903.2838
210109.5253
203655.4429
196467.2322
188477.2638
179630.7338
169893.5965
159261.4251
147768.5632
135496.573
122656.7514
109302.8547
95662.73978
82039.31453
68793.05445
56303.13581
44914.60471
34887.33178
26363.614
19363.4005
282182.9899
282120.5869
282048.0731
281968.1731
281883.8023
281796.6919
281707.032
281613.8407
281515.514
281410.293
281296.6105
281173.3206
281039.7761
280895.7196
280740.9994
280575.1941
280397.2924
280205.5765
279997.764
279771.34
279523.9193
279253.4729
278958.3186
278636.9027
278287.5077
277908.0632
277496.1786
277049.3973
276565.5553
276043.0694
275481.0004
274878.8289
274236.0106
273551.4744
272823.2468
272048.3094
271222.7015
270341.7902
269400.5987
268394.0791
267317.2376
266165.0657
264932.295
263613.0549
262200.5479
260686.8393
259062.8104
257318.2578
255442.0609
253422.293
251246.1373
248899.4941
246366.2343
243627.1494
240658.7246
237431.8951
233910.94
230052.6421
225805.8335
221111.4543
215903.2838
210109.5253
203655.4429
196467.2322
188477.2638
179630.7338
169893.5965
159261.4251
147768.5632
135496.573
122656.7514
109302.8547
95662.73978
82039.31453
68793.05445
56303.13581
44914.60471
34887.33178
26363.614
19363.4005
282182.9899
282120.5869
282048.0731
281968.1731
281883.8023
281796.6919
281707.032
281613.8407
281515.514
281410.293
281296.6105
281173.3206
281039.7761
280895.7196
280740.9994
280575.1941
280397.2924
280205.5765
279997.764
279771.34
279523.9193
279253.4729
278958.3186
278636.9027
278287.5077
277908.0632
277496.1786
277049.3973
276565.5553
276043.0694
275481.0004
274878.8289
274236.0106
273551.4744
272823.2468
272048.3094
271222.7015
270341.7902
269400.5987
268394.0791
267317.2376
266165.0657
264932.295
263613.0549
262200.5479
260686.8393
259062.8104
257318.2578
255442.0609
253422.293
251246.1373
248899.4941
246366.2343
243627.1494
240658.7246
237431.8951
233910.94
230052.6421
225805.8335
221111.4543
215903.2838
210109.5253
203655.4429
196467.2322
188477.2638
179630.7338
169893.5965
159261.4251
147768.5632
135496.573
122656.7514
109302.8547
95662.73978
82039.31453
68793.05445
56303.13581
44914.60471
34887.33178
26363.614
19363.4005
282182.9899
282120.5869
282048.0731
281968.1731
281883.8023
281796.6919
281707.032
281613.8407
281515.514
281410.293
281296.6105
281173.3206
281039.7761
280895.7196
280740.9994
280575.1941
280397.2924
280205.5765
279997.764
279771.34
279523.9193
279253.4729
278958.3186
278636.9027
278287.5077
277908.0632
277496.1786
277049.3973
276565.5553
276043.0694
275481.0004
274878.8289
274236.0106
273551.4744
272823.2468
272048.3094
271222.7015
270341.7902
269400.5987
268394.0791
267317.2376
266165.0657
264932.295
263613.0549
262200.5479
260686.8393
259062.8104
257318.2578
255442.0609
253422.293
251246.1373
248899.4941
246366.2343
243627.1494
240658.7246
237431.8951
233910.94
230052.6421
225805.8335
221111.4543
215903.2838
210109.5253
203655.4429
196467.2322
188477.2638
179630.7338
169893.5965
159261.4251
147768.5632
135496.573
122656.7514
109302.8547
95662.73978
82039.31453
68793.05445
56303.13581
44914.60471
34887.33178
26363.614
19363.4005
282182.9899
282120.5869
282048.0731
281968.1731
281883.8023
281796.6919
281707.032
281613.8407
281515.514
281410.293
281296.6105
281173.3206
281039.7761
280895.7196
280740.9994
280575.1941
280397.2924
280205.5765
279997.764
279771.34
279523.9193
279253.4729
278958.3186
278636.9027
278287.5077
277908.0632
277496.1786
277049.3973
276565.5553
276043.0694
275481.0004
274878.8289
274236.0106
273551.4744
272823.2468
272048.3094
271222.7015
270341.7902
269400.5987
268394.0791
267317.2376
266165.0657
264932.295
263613.0549
262200.5479
260686.8393
259062.8104
257318.2578
255442.0609
253422.293
251246.1373
248899.4941
246366.2343
243627.1494
240658.7246
237431.8951
233910.94
230052.6421
225805.8335
221111.4543
215903.2838
210109.5253
203655.4429
196467.2322
188477.2638
179630.7338
169893.5965
159261.4251
147768.5632
135496.573
122656.7514
109302.8547
95662.73978
82039.31453
68793.05445
56303.13581
44914.60471
34887.33178
26363.614
19363.4005
282182.9899
282120.5869
282048.0731
281968.1731
281883.8023
281796.6919
281707.032
281613.8407
281515.514
281410.293
281296.6105
281173.3206
281039.7761
280895.7196
280740.9994
280575.1941
280397.2924
280205.5765
279997.764
279771.34
279523.9193
279253.4729
278958.3186
278636.9027
278287.5077
277908.0632
277496.1786
277049.3973
276565.5553
276043.0694
275481.0004
274878.8289
274236.0106
273551.4744
272823.2468
272048.3094
271222.7015
270341.7902
269400.5987
268394.0791
267317.2376
266165.0657
264932.295
263613.0549
262200.5479
260686.8393
259062.8104
257318.2578
255442.0609
253422.293
251246.1373
248899.4941
246366.2343
243627.1494
240658.7246
237431.8951
233910.94
230052.6421
225805.8335
221111.4543
215903.2838
210109.5253
203655.4429
196467.2322
188477.2638
179630.7338
169893.5965
159261.4251
147768.5632
135496.573
122656.7514
109302.8547
95662.73978
82039.31453
68793.05445
56303.13581
44914.60471
34887.33178
26363.614
19363.4005
282182.9899
282120.5869
282048.0731
281968.1731
281883.8023
281796.6919
281707.032
281613.8407
281515.514
281410.293
281296.6105
281173.3206
281039.7761
280895.7196
280740.9994
280575.1941
280397.2924
280205.5765
279997.764
279771.34
279523.9193
279253.4729
278958.3186
278636.9027
278287.5077
277908.0632
277496.1786
277049.3973
276565.5553
276043.0694
275481.0004
274878.8289
274236.0106
273551.4744
272823.2468
272048.3094
271222.7015
270341.7902
269400.5987
268394.0791
267317.2376
266165.0657
264932.295
263613.0549
262200.5479
260686.8393
259062.8104
257318.2578
255442.0609
253422.293
251246.1373
248899.4941
246366.2343
243627.1494
240658.7246
237431.8951
233910.94
230052.6421
225805.8335
221111.4543
215903.2838
210109.5253
203655.4429
196467.2322
188477.2638
179630.7338
169893.5965
159261.4251
147768.5632
135496.573
122656.7514
109302.8547
95662.73978
82039.31453
68793.05445
56303.13581
44914.60471
34887.33178
26363.614
19363.4005
282182.9899
282120.5869
282048.0731
281968.1731
281883.8023
281796.6919
281707.032
281613.8407
281515.514
281410.293
281296.6105
281173.3206
281039.7761
280895.7196
280740.9994
280575.1941
280397.2924
280205.5765
279997.764
279771.34
279523.9193
279253.4729
278958.3186
278636.9027
278287.5077
277908.0632
277496.1786
277049.3973
276565.5553
276043.0694
275481.0004
274878.8289
274236.0106
273551.4744
272823.2468
272048.3094
271222.7015
270341.7902
269400.5987
268394.0791
267317.2376
266165.0657
264932.295
263613.0549
262200.5479
260686.8393
259062.8104
257318.2578
255442.0609
253422.293
251246.1373
248899.4941
246366.2343
243627.1494
240658.7246
237431.8951
233910.94
230052.6421
225805.8335
221111.4543
215903.2838
210109.5253
203655.4429
196467.2322
188477.2638
179630.7338
169893.5965
159261.4251
147768.5632
135496.573
122656.7514
109302.8547
95662.73978
82039.31453
68793.05445
56303.13581
44914.60471
34887.33178
26363.614
19363.4005
282182.9899
282120.5869
282048.0731
281968.1731
281883.8023
281796.6919
281707.032
281613.8407
281515.514
281410.293
281296.6105
281173.3206
281039.7761
280895.7196
280740.9994
280575.1941
280397.2924
280205.5765
279997.764
279771.34
279523.9193
279253.4729
278958.3186
278636.9027
278287.5077
277908.0632
277496.1786
277049.3973
276565.5553
276043.0694
275481.0004
274878.8289
274236.0106
273551.4744
272823.2468
272048.3094
271222.7015
270341.7902
269400.5987
268394.0791
267317.2376
266165.0657
264932.295
263613.0549
262200.5479
260686.8393
259062.8104
257318.2578
255442.0609
253422.293
251246.1373
248899.4941
246366.2343
243627.1494
240658.7246
237431.8951
233910.94
230052.6421
225805.8335
221111.4543
215903.2838
210109.5253
203655.4429
196467.2322
188477.2638
179630.7338
169893.5965
159261.4251
147768.5632
135496.573
122656.7514
109302.8547
95662.73978
82039.31453
68793.05445
56303.13581
44914.60471
34887.33178
26363.614
19363.4005
282182.9899
282120.5869
282048.0731
281968.1731
281883.8023
281796.6919
281707.032
281613.8407
281515.514
281410.293
281296.6105
281173.3206
281039.7761
280895.7196
280740.9994
280575.1941
280397.2924
280205.5765
279997.764
279771.34
279523.9193
279253.4729
278958.3186
278636.9027
278287.5077
277908.0632
277496.1786
277049.3973
276565.5553
276043.0694
275481.0004
274878.8289
274236.0106
273551.4744
272823.2468
272048.3094
271222.7015
270341.7902
269400.5987
268394.0791
267317.2376
266165.0657
264932.295
263613.0549
262200.5479
260686.8393
259062.8104
257318.2578
255442.0609
253422.293
251246.1373
248899.4941
246366.2343
243627.1494
240658.7246
237431.8951
233910.94
230052.6421
225805.8335
221111.4543
215903.2838
210109.5253
203655.4429
196467.2322
188477.2638
179630.7338
169893.5965
159261.4251
147768.5632
135496.573
122656.7514
109302.8547
95662.73978
82039.31453
68793.05445
56303.13581
44914.60471
34887.33178
26363.614
19363.4005
282182.9899
282120.5869
282048.0731
281968.1731
281883.8023
281796.6919
281707.032
281613.8407
281515.514
281410.293
281296.6105
281173.3206
281039.7761
280895.7196
280740.9994
280575.1941
280397.2924
280205.5765
279997.764
279771.34
279523.9193
279253.4729
278958.3186
278636.9027
278287.5077
277908.0632
277496.1786
277049.3973
276565.5553
276043.0694
275481.0004
274878.8289
274236.0106
273551.4744
272823.2468
272048.3094
271222.7015
270341.7902
269400.5987
268394.0791
267317.2376
266165.0657
264932.295
263613.0549
262200.5479
260686.8393
259062.8104
257318.2578
255442.0609
253422.293
251246.1373
248899.4941
246366.2343
243627.1494
240658.7246
237431.8951
233910.94
230052.6421
225805.8335
221111.4543
215903.2838
210109.5253
203655.4429
196467.2322
188477.2638
179630.7338
169893.5965
159261.4251
147768.5632
135496.573
122656.7514
109302.8547
95662.73978
82039.31453
68793.05445
56303.13581
44914.60471
34887.33178
26363.614
19363.4005
282182.9899
282120.5869
282048.0731
281968.1731
281883.8023
281796.6919
281707.032
281613.8407
281515.514
281410.293
281296.6105
281173.3206
281039.7761
280895.7196
280740.9994
280575.1941
280397.2924
280205.5765
279997.764
279771.34
279523.9193
279253.4729
278958.3186
278636.9027
278287.5077
277908.0632
277496.1786
277049.3973
276565.5553
276043.0694
275481.0004
274878.8289
274236.0106
273551.4744
272823.2468
272048.3094
271222.7015
270341.7902
269400.5987
268394.0791
267317.2376
266165.0657
264932.295
263613.0549
262200.5479
260686.8393
259062.8104
257318.2578
255442.0609
253422.293
251246.1373
248899.4941
246366.2343
243627.1494
240658.7246
237431.8951
233910.94
230052.6421
225805.8335
221111.4543
215903.2838
210109.5253
203655.4429
196467.2322
188477.2638
179630.7338
169893.5965
159261.4251
147768.5632
135496.573
122656.7514
109302.8547
95662.73978
82039.31453
68793.05445
56303.13581
44914.60471
34887.33178
26363.614
19363.4005
282182.9899
282120.5869
282048.0731
281968.1731
281883.8023
281796.6919
281707.032
281613.8407
281515.514
281410.293
281296.6105
281173.3206
281039.7761
280895.7196
280740.9994
280575.1941
280397.2924
280205.5765
279997.764
279771.34
279523.9193
279253.4729
278958.3186
278636.9027
278287.5077
277908.0632
277496.1786
277049.3973
276565.5553
276043.0694
275481.0004
274878.8289
274236.0106
273551.4744
272823.2468
272048.3094
271222.7015
270341.7902
269400.5987
268394.0791
267317.2376
266165.0657
264932.295
263613.0549
262200.5479
260686.8393
259062.8104
257318.2578
255442.0609
253422.293
251246.1373
248899.4941
246366.2343
243627.1494
240658.7246
237431.8951
233910.94
230052.6421
225805.8335
221111.4543
215903.2838
210109.5253
203655.4429
196467.2322
188477.2638
179630.7338
169893.5965
159261.4251
147768.5632
135496.573
122656.7514
109302.8547
95662.73978
82039.31453
68793.05445
56303.13581
44914.60471
34887.33178
26363.614
19363.4005
282182.9899
282120.5869
282048.0731
281968.1731
281883.8023
281796.6919
281707.032
281613.8407
281515.514
281410.293
281296.6105
281173.3206
281039.7761
280895.7196
280740.9994
280575.1941
280397.2924
280205.5765
279997.764
279771.34
279523.9193
279253.4729
278958.3186
278636.9027
278287.5077
277908.0632
277496.1786
277049.3973
276565.5553
276043.0694
275481.0004
274878.8289
274236.0106
273551.4744
272823.2468
272048.3094
271222.7015
270341.7902
269400.5987
268394.0791
267317.2376
266165.0657
264932.295
263613.0549
262200.5479
260686.8393
259062.8104
257318.2578
255442.0609
253422.293
251246.1373
248899.4941
246366.2343
243627.1494
240658.7246
237431.8951
233910.94
230052.6421
225805.8335
221111.4543
215903.2838
210109.5253
203655.4429
196467.2322
188477.2638
179630.7338
169893.5965
159261.4251
147768.5632
135496.573
122656.7514
109302.8547
95662.73978
82039.31453
68793.05445
56303.13581
44914.60471
34887.33178
26363.614
19363.4005
282182.9899
282120.5869
282048.0731
281968.1731
281883.8023
281796.6919
281707.032
281613.8407
281515.514
281410.293
281296.6105
281173.3206
281039.7761
280895.7196
280740.9994
280575.1941
280397.2924
280205.5765
279997.764
279771.34
279523.9193
279253.4729
278958.3186
278636.9027
278287.5077
277908.0632
277496.1786
277049.3973
276565.5553
276043.0694
275481.0004
274878.8289
274236.0106
273551.4744
272823.2468
272048.3094
271222.7015
270341.7902
269400.5987
268394.0791
267317.2376
266165.0657
264932.295
263613.0549
262200.5479
260686.8393
259062.8104
257318.2578
255442.0609
253422.293
251246.1373
248899.4941
246366.2343
243627.1494
240658.7246
237431.8951
233910.94
230052.6421
225805.8335
221111.4543
215903.2838
210109.5253
203655.4429
196467.2322
188477.2638
179630.7338
169893.5965
159261.4251
147768.5632
135496.573
122656.7514
109302.8547
95662.73978
82039.31453
68793.05445
56303.13581
44914.60471
34887.33178
26363.614
19363.4005
282182.9899
282120.5869
282048.0731
281968.1731
281883.8023
281796.6919
281707.032
281613.8407
281515.514
281410.293
281296.6105
281173.3206
281039.7761
280895.7196
280740.9994
280575.1941
280397.2924
280205.5765
279997.764
279771.34
279523.9193
279253.4729
278958.3186
278636.9027
278287.5077
277908.0632
277496.1786
277049.3973
276565.5553
276043.0694
275481.0004
274878.8289
274236.0106
273551.4744
272823.2468
272048.3094
271222.7015
270341.7902
269400.5987
268394.0791
267317.2376
266165.0657
264932.295
263613.0549
262200.5479
260686.8393
259062.8104
257318.2578
255442.0609
253422.293
251246.1373
248899.4941
246366.2343
243627.1494
240658.7246
237431.8951
233910.94
230052.6421
225805.8335
221111.4543
215903.2838
210109.5253
203655.4429
196467.2322
188477.2638
179630.7338
169893.5965
159261.4251
147768.5632
135496.573
122656.7514
109302.8547
95662.73978
82039.31453
68793.05445
56303.13581
44914.60471
34887.33178
26363.614
19363.4005
282182.9899
282120.5869
282048.0731
281968.1731
281883.8023
281796.6919
281707.032
281613.8407
281515.514
281410.293
281296.6105
281173.3206
281039.7761
280895.7196
280740.9994
280575.1941
280397.2924
280205.5765
279997.764
279771.34
279523.9193
279253.4729
278958.3186
278636.9027
278287.5077
277908.0632
277496.1786
277049.3973
276565.5553
276043.0694
275481.0004
274878.8289
274236.0106
273551.4744
272823.2468
272048.3094
271222.7015
270341.7902
269400.5987
268394.0791
267317.2376
266165.0657
264932.295
263613.0549
262200.5479
260686.8393
259062.8104
257318.2578
255442.0609
253422.293
251246.1373
248899.4941
246366.2343
243627.1494
240658.7246
237431.8951
233910.94
230052.6421
225805.8335
221111.4543
215903.2838
210109.5253
203655.4429
196467.2322
188477.2638
179630.7338
169893.5965
159261.4251
147768.5632
135496.573
122656.7514
109302.8547
95662.73978
82039.31453
68793.05445
56303.13581
44914.60471
34887.33178
26363.614
19363.4005
282182.9899
282120.5869
282048.0731
281968.1731
281883.8023
281796.6919
281707.032
281613.8407
281515.514
281410.293
281296.6105
281173.3206
281039.7761
280895.7196
280740.9994
280575.1941
280397.2924
280205.5765
279997.764
279771.34
279523.9193
279253.4729
278958.3186
278636.9027
278287.5077
277908.0632
277496.1786
277049.3973
276565.5553
276043.0694
275481.0004
274878.8289
274236.0106
273551.4744
272823.2468
272048.3094
271222.7015
270341.7902
269400.5987
268394.0791
267317.2376
266165.0657
264932.295
263613.0549
262200.5479
260686.8393
259062.8104
257318.2578
255442.0609
253422.293
251246.1373
248899.4941
246366.2343
243627.1494
240658.7246
237431.8951
233910.94
230052.6421
225805.8335
221111.4543
215903.2838
210109.5253
203655.4429
196467.2322
188477.2638
179630.7338
169893.5965
159261.4251
147768.5632
135496.573
122656.7514
109302.8547
95662.73978
82039.31453
68793.05445
56303.13581
44914.60471
34887.33178
26363.614
19363.4005
282182.9899
282120.5869
282048.0731
281968.1731
281883.8023
281796.6919
281707.032
281613.8407
281515.514
281410.293
281296.6105
281173.3206
281039.7761
280895.7196
280740.9994
280575.1941
280397.2924
280205.5765
279997.764
279771.34
279523.9193
279253.4729
278958.3186
278636.9027
278287.5077
277908.0632
277496.1786
277049.3973
276565.5553
276043.0694
275481.0004
274878.8289
274236.0106
273551.4744
272823.2468
272048.3094
271222.7015
270341.7902
269400.5987
268394.0791
267317.2376
266165.0657
264932.295
263613.0549
262200.5479
260686.8393
259062.8104
257318.2578
255442.0609
253422.293
251246.1373
248899.4941
246366.2343
243627.1494
240658.7246
237431.8951
233910.94
230052.6421
225805.8335
221111.4543
215903.2838
210109.5253
203655.4429
196467.2322
188477.2638
179630.7338
169893.5965
159261.4251
147768.5632
135496.573
122656.7514
109302.8547
95662.73978
82039.31453
68793.05445
56303.13581
44914.60471
34887.33178
26363.614
19363.4005
282182.9899
282120.5869
282048.0731
281968.1731
281883.8023
281796.6919
281707.032
281613.8407
281515.514
281410.293
281296.6105
281173.3206
281039.7761
280895.7196
280740.9994
280575.1941
280397.2924
280205.5765
279997.764
279771.34
279523.9193
279253.4729
278958.3186
278636.9027
278287.5077
277908.0632
277496.1786
277049.3973
276565.5553
276043.0694
275481.0004
274878.8289
274236.0106
273551.4744
272823.2468
272048.3094
271222.7015
270341.7902
269400.5987
268394.0791
267317.2376
266165.0657
264932.295
263613.0549
262200.5479
260686.8393
259062.8104
257318.2578
255442.0609
253422.293
251246.1373
248899.4941
246366.2343
243627.1494
240658.7246
237431.8951
233910.94
230052.6421
225805.8335
221111.4543
215903.2838
210109.5253
203655.4429
196467.2322
188477.2638
179630.7338
169893.5965
159261.4251
147768.5632
135496.573
122656.7514
109302.8547
95662.73978
82039.31453
68793.05445
56303.13581
44914.60471
34887.33178
26363.614
19363.4005
282182.9899
282120.5869
282048.0731
281968.1731
281883.8023
281796.6919
281707.032
281613.8407
281515.514
281410.293
281296.6105
281173.3206
281039.7761
280895.7196
280740.9994
280575.1941
280397.2924
280205.5765
279997.764
279771.34
279523.9193
279253.4729
278958.3186
278636.9027
278287.5077
277908.0632
277496.1786
277049.3973
276565.5553
276043.0694
275481.0004
274878.8289
274236.0106
273551.4744
272823.2468
272048.3094
271222.7015
270341.7902
269400.5987
268394.0791
267317.2376
266165.0657
264932.295
263613.0549
262200.5479
260686.8393
259062.8104
257318.2578
255442.0609
253422.293
251246.1373
248899.4941
246366.2343
243627.1494
240658.7246
237431.8951
233910.94
230052.6421
225805.8335
221111.4543
215903.2838
210109.5253
203655.4429
196467.2322
188477.2638
179630.7338
169893.5965
159261.4251
147768.5632
135496.573
122656.7514
109302.8547
95662.73978
82039.31453
68793.05445
56303.13581
44914.60471
34887.33178
26363.614
19363.4005
282182.9899
282120.5869
282048.0731
281968.1731
281883.8023
281796.6919
281707.032
281613.8407
281515.514
281410.293
281296.6105
281173.3206
281039.7761
280895.7196
280740.9994
280575.1941
280397.2924
280205.5765
279997.764
279771.34
279523.9193
279253.4729
278958.3186
278636.9027
278287.5077
277908.0632
277496.1786
277049.3973
276565.5553
276043.0694
275481.0004
274878.8289
274236.0106
273551.4744
272823.2468
272048.3094
271222.7015
270341.7902
269400.5987
268394.0791
267317.2376
266165.0657
264932.295
263613.0549
262200.5479
260686.8393
259062.8104
257318.2578
255442.0609
253422.293
251246.1373
248899.4941
246366.2343
243627.1494
240658.7246
237431.8951
233910.94
230052.6421
225805.8335
221111.4543
215903.2838
210109.5253
203655.4429
196467.2322
188477.2638
179630.7338
169893.5965
159261.4251
147768.5632
135496.573
122656.7514
109302.8547
95662.73978
82039.31453
68793.05445
56303.13581
44914.60471
34887.33178
26363.614
19363.4005
282182.9899
282120.5869
282048.0731
281968.1731
281883.8023
281796.6919
281707.032
281613.8407
281515.514
281410.293
281296.6105
281173.3206
281039.7761
280895.7196
280740.9994
280575.1941
280397.2924
280205.5765
279997.764
279771.34
279523.9193
279253.4729
278958.3186
278636.9027
278287.5077
277908.0632
277496.1786
277049.3973
276565.5553
276043.0694
275481.0004
274878.8289
274236.0106
273551.4744
272823.2468
272048.3094
271222.7015
270341.7902
269400.5987
268394.0791
267317.2376
266165.0657
264932.295
263613.0549
262200.5479
260686.8393
259062.8104
257318.2578
255442.0609
253422.293
251246.1373
248899.4941
246366.2343
243627.1494
240658.7246
237431.8951
233910.94
230052.6421
225805.8335
221111.4543
215903.2838
210109.5253
203655.4429
196467.2322
188477.2638
179630.7338
169893.5965
159261.4251
147768.5632
135496.573
122656.7514
109302.8547
95662.73978
82039.31453
68793.05445
56303.13581
44914.60471
34887.33178
26363.614
19363.4005
282182.9899
282120.5869
282048.0731
281968.1731
281883.8023
281796.6919
281707.032
281613.8407
281515.514
281410.293
281296.6105
281173.3206
281039.7761
280895.7196
280740.9994
280575.1941
280397.2924
280205.5765
279997.764
279771.34
279523.9193
279253.4729
278958.3186
278636.9027
278287.5077
277908.0632
277496.1786
277049.3973
276565.5553
276043.0694
275481.0004
274878.8289
274236.0106
273551.4744
272823.2468
272048.3094
271222.7015
270341.7902
269400.5987
268394.0791
267317.2376
266165.0657
264932.295
263613.0549
262200.5479
260686.8393
259062.8104
257318.2578
255442.0609
253422.293
251246.1373
248899.4941
246366.2343
243627.1494
240658.7246
237431.8951
233910.94
230052.6421
225805.8335
221111.4543
215903.2838
210109.5253
203655.4429
196467.2322
188477.2638
179630.7338
169893.5965
159261.4251
147768.5632
135496.573
122656.7514
109302.8547
95662.73978
82039.31453
68793.05445
56303.13581
44914.60471
34887.33178
26363.614
19363.4005
282182.9899
282120.5869
282048.0731
281968.1731
281883.8023
281796.6919
281707.032
281613.8407
281515.514
281410.293
281296.6105
281173.3206
281039.7761
280895.7196
280740.9994
280575.1941
280397.2924
280205.5765
279997.764
279771.34
279523.9193
279253.4729
278958.3186
278636.9027
278287.5077
277908.0632
277496.1786
277049.3973
276565.5553
276043.0694
275481.0004
274878.8289
274236.0106
273551.4744
272823.2468
272048.3094
271222.7015
270341.7902
269400.5987
268394.0791
267317.2376
266165.0657
264932.295
263613.0549
262200.5479
260686.8393
259062.8104
257318.2578
255442.0609
253422.293
251246.1373
248899.4941
246366.2343
243627.1494
240658.7246
237431.8951
233910.94
230052.6421
225805.8335
221111.4543
215903.2838
210109.5253
203655.4429
196467.2322
188477.2638
179630.7338
169893.5965
159261.4251
147768.5632
135496.573
122656.7514
109302.8547
95662.73978
82039.31453
68793.05445
56303.13581
44914.60471
34887.33178
26363.614
19363.4005
