549432
549048.2914
548663.9426
548287.7623
547920.764
547557.2228
547189.0462
546806.8188
546402.8389
545972.0844
545510.07
545014.1527
544481.4328
543907.7443
543287.5528
542611.5715
541869.6858
541051.0889
540144.5228
539139.2402
538025.7638
536796.8974
535445.6389
533964.0079
532339.4799
530556.0036
528593.5326
526426.9744
524032.1415
521390.9032
518485.9359
515307.8603
511856.1022
508127.2696
504113.735
499805.0883
495178.1797
490203.6544
484863.3655
479136.2642
473017.9929
466525.9595
459680.7494
452517.1756
445055.0883
437288.5499
429186.8876
420712.1166
411819.6414
402470.119
392629.4793
382254.6515
371304.3343
359751.2389
347556.9621
334668.9035
321021.6129
306559.5171
291213.113
274947.161
257788.9177
239790.6377
221091.1813
201889.5339
182365.043
162722.8858
143197.0291
124053.713
105555.5082
87968.73396
71623.00621
56833.06648
43842.49784
32855.54078
23932.3625
16969.82892
11748.55569
7970.235488
5314.124902
3489.854355
549432
549048.2914
548663.9426
548287.7623
547920.764
547557.2228
547189.0462
546806.8188
546402.8389
545972.0844
545510.07
545014.1527
544481.4328
543907.7443
543287.5528
542611.5715
541869.6858
541051.0889
540144.5228
539139.2402
538025.7638
536796.8974
535445.6389
533964.0079
532339.4799
530556.0036
528593.5326
526426.9744
524032.1415
521390.9032
518485.9359
515307.8603
511856.1022
508127.2696
504113.735
499805.0883
495178.1797
490203.6544
484863.3655
479136.2642
473017.9929
466525.9595
459680.7494
452517.1756
445055.0883
437288.5499
429186.8876
420712.1166
411819.6414
402470.119
392629.4793
382254.6515
371304.3343
359751.2389
347556.9621
334668.9035
321021.6129
306559.5171
291213.113
274947.161
257788.9177
239790.6377
221091.1813
201889.5339
182365.043
162722.8858
143197.0291
124053.713
105555.5082
87968.73396
71623.00621
56833.06648
43842.49784
32855.54078
23932.3625
16969.82892
11748.55569
7970.235488
5314.124902
3489.854355
549432
549048.2914
548663.9426
548287.7623
547920.764
547557.2228
547189.0462
546806.8188
546402.8389
545972.0844
545510.07
545014.1527
544481.4328
543907.7443
543287.5528
542611.5715
541869.6858
541051.0889
540144.5228
539139.2402
538025.7638
536796.8974
535445.6389
533964.0079
532339.4799
530556.0036
528593.5326
526426.9744
524032.1415
521390.9032
518485.9359
515307.8603
511856.1022
508127.2696
504113.735
499805.0883
495178.1797
490203.6544
484863.3655
479136.2642
473017.9929
466525.9595
459680.7494
452517.1756
445055.0883
437288.5499
429186.8876
420712.1166
411819.6414
402470.119
392629.4793
382254.6515
371304.3343
359751.2389
347556.9621
334668.9035
321021.6129
306559.5171
291213.113
274947.161
257788.9177
239790.6377
221091.1813
201889.5339
182365.043
162722.8858
143197.0291
124053.713
105555.5082
87968.73396
71623.00621
56833.06648
43842.49784
32855.54078
23932.3625
16969.82892
11748.55569
7970.235488
5314.124902
3489.854355
549432
549048.2914
548663.9426
548287.7623
547920.764
547557.2228
547189.0462
546806.8188
546402.8389
545972.0844
545510.07
545014.1527
544481.4328
543907.7443
543287.5528
542611.5715
541869.6858
541051.0889
540144.5228
539139.2402
538025.7638
536796.8974
535445.6389
533964.0079
532339.4799
530556.0036
528593.5326
526426.9744
524032.1415
521390.9032
518485.9359
515307.8603
511856.1022
508127.2696
504113.735
499805.0883
495178.1797
490203.6544
484863.3655
479136.2642
473017.9929
466525.9595
459680.7494
452517.1756
445055.0883
437288.5499
429186.8876
420712.1166
411819.6414
402470.119
392629.4793
382254.6515
371304.3343
359751.2389
347556.9621
334668.9035
321021.6129
306559.5171
291213.113
274947.161
257788.9177
239790.6377
221091.1813
201889.5339
182365.043
162722.8858
143197.0291
124053.713
105555.5082
87968.73396
71623.00621
56833.06648
43842.49784
32855.54078
23932.3625
16969.82892
11748.55569
7970.235488
5314.124902
3489.854355
549432
549048.2914
548663.9426
548287.7623
547920.764
547557.2228
547189.0462
546806.8188
546402.8389
545972.0844
545510.07
545014.1527
544481.4328
543907.7443
543287.5528
542611.5715
541869.6858
541051.0889
540144.5228
539139.2402
538025.7638
536796.8974
535445.6389
533964.0079
532339.4799
530556.0036
528593.5326
526426.9744
524032.1415
521390.9032
518485.9359
515307.8603
511856.1022
508127.2696
504113.735
499805.0883
495178.1797
490203.6544
484863.3655
479136.2642
473017.9929
466525.9595
459680.7494
452517.1756
445055.0883
437288.5499
429186.8876
420712.1166
411819.6414
402470.119
392629.4793
382254.6515
371304.3343
359751.2389
347556.9621
334668.9035
321021.6129
306559.5171
291213.113
274947.161
257788.9177
239790.6377
221091.1813
201889.5339
182365.043
162722.8858
143197.0291
124053.713
105555.5082
87968.73396
71623.00621
56833.06648
43842.49784
32855.54078
23932.3625
16969.82892
11748.55569
7970.235488
5314.124902
3489.854355
549432
549048.2914
548663.9426
548287.7623
547920.764
547557.2228
547189.0462
546806.8188
546402.8389
545972.0844
545510.07
545014.1527
544481.4328
543907.7443
543287.5528
542611.5715
541869.6858
541051.0889
540144.5228
539139.2402
538025.7638
536796.8974
535445.6389
533964.0079
532339.4799
530556.0036
528593.5326
526426.9744
524032.1415
521390.9032
518485.9359
515307.8603
511856.1022
508127.2696
504113.735
499805.0883
495178.1797
490203.6544
484863.3655
479136.2642
473017.9929
466525.9595
459680.7494
452517.1756
445055.0883
437288.5499
429186.8876
420712.1166
411819.6414
402470.119
392629.4793
382254.6515
371304.3343
359751.2389
347556.9621
334668.9035
321021.6129
306559.5171
291213.113
274947.161
257788.9177
239790.6377
221091.1813
201889.5339
182365.043
162722.8858
143197.0291
124053.713
105555.5082
87968.73396
71623.00621
56833.06648
43842.49784
32855.54078
23932.3625
16969.82892
11748.55569
7970.235488
5314.124902
3489.854355
549432
549048.2914
548663.9426
548287.7623
547920.764
547557.2228
547189.0462
546806.8188
546402.8389
545972.0844
545510.07
545014.1527
544481.4328
543907.7443
543287.5528
542611.5715
541869.6858
541051.0889
540144.5228
539139.2402
538025.7638
536796.8974
535445.6389
533964.0079
532339.4799
530556.0036
528593.5326
526426.9744
524032.1415
521390.9032
518485.9359
515307.8603
511856.1022
508127.2696
504113.735
499805.0883
495178.1797
490203.6544
484863.3655
479136.2642
473017.9929
466525.9595
459680.7494
452517.1756
445055.0883
437288.5499
429186.8876
420712.1166
411819.6414
402470.119
392629.4793
382254.6515
371304.3343
359751.2389
347556.9621
334668.9035
321021.6129
306559.5171
291213.113
274947.161
257788.9177
239790.6377
221091.1813
201889.5339
182365.043
162722.8858
143197.0291
124053.713
105555.5082
87968.73396
71623.00621
56833.06648
43842.49784
32855.54078
23932.3625
16969.82892
11748.55569
7970.235488
5314.124902
3489.854355
549432
549048.2914
548663.9426
548287.7623
547920.764
547557.2228
547189.0462
546806.8188
546402.8389
545972.0844
545510.07
545014.1527
544481.4328
543907.7443
543287.5528
542611.5715
541869.6858
541051.0889
540144.5228
539139.2402
538025.7638
536796.8974
535445.6389
533964.0079
532339.4799
530556.0036
528593.5326
526426.9744
524032.1415
521390.9032
518485.9359
515307.8603
511856.1022
508127.2696
504113.735
499805.0883
495178.1797
490203.6544
484863.3655
479136.2642
473017.9929
466525.9595
459680.7494
452517.1756
445055.0883
437288.5499
429186.8876
420712.1166
411819.6414
402470.119
392629.4793
382254.6515
371304.3343
359751.2389
347556.9621
334668.9035
321021.6129
306559.5171
291213.113
274947.161
257788.9177
239790.6377
221091.1813
201889.5339
182365.043
162722.8858
143197.0291
124053.713
105555.5082
87968.73396
71623.00621
56833.06648
43842.49784
32855.54078
23932.3625
16969.82892
11748.55569
7970.235488
5314.124902
3489.854355
549432
549048.2914
548663.9426
548287.7623
547920.764
547557.2228
547189.0462
546806.8188
546402.8389
545972.0844
545510.07
545014.1527
544481.4328
543907.7443
543287.5528
542611.5715
541869.6858
541051.0889
540144.5228
539139.2402
538025.7638
536796.8974
535445.6389
533964.0079
532339.4799
530556.0036
528593.5326
526426.9744
524032.1415
521390.9032
518485.9359
515307.8603
511856.1022
508127.2696
504113.735
499805.0883
495178.1797
490203.6544
484863.3655
479136.2642
473017.9929
466525.9595
459680.7494
452517.1756
445055.0883
437288.5499
429186.8876
420712.1166
411819.6414
402470.119
392629.4793
382254.6515
371304.3343
359751.2389
347556.9621
334668.9035
321021.6129
306559.5171
291213.113
274947.161
257788.9177
239790.6377
221091.1813
201889.5339
182365.043
162722.8858
143197.0291
124053.713
105555.5082
87968.73396
71623.00621
56833.06648
43842.49784
32855.54078
23932.3625
16969.82892
11748.55569
7970.235488
5314.124902
3489.854355
549432
549048.2914
548663.9426
548287.7623
547920.764
547557.2228
547189.0462
546806.8188
546402.8389
545972.0844
545510.07
545014.1527
544481.4328
543907.7443
543287.5528
542611.5715
541869.6858
541051.0889
540144.5228
539139.2402
538025.7638
536796.8974
535445.6389
533964.0079
532339.4799
530556.0036
528593.5326
526426.9744
524032.1415
521390.9032
518485.9359
515307.8603
511856.1022
508127.2696
504113.735
499805.0883
495178.1797
490203.6544
484863.3655
479136.2642
473017.9929
466525.9595
459680.7494
452517.1756
445055.0883
437288.5499
429186.8876
420712.1166
411819.6414
402470.119
392629.4793
382254.6515
371304.3343
359751.2389
347556.9621
334668.9035
321021.6129
306559.5171
291213.113
274947.161
257788.9177
239790.6377
221091.1813
201889.5339
182365.043
162722.8858
143197.0291
124053.713
105555.5082
87968.73396
71623.00621
56833.06648
43842.49784
32855.54078
23932.3625
16969.82892
11748.55569
7970.235488
5314.124902
3489.854355
549432
549048.2914
548663.9426
548287.7623
547920.764
547557.2228
547189.0462
546806.8188
546402.8389
545972.0844
545510.07
545014.1527
544481.4328
543907.7443
543287.5528
542611.5715
541869.6858
541051.0889
540144.5228
539139.2402
538025.7638
536796.8974
535445.6389
533964.0079
532339.4799
530556.0036
528593.5326
526426.9744
524032.1415
521390.9032
518485.9359
515307.8603
511856.1022
508127.2696
504113.735
499805.0883
495178.1797
490203.6544
484863.3655
479136.2642
473017.9929
466525.9595
459680.7494
452517.1756
445055.0883
437288.5499
429186.8876
420712.1166
411819.6414
402470.119
392629.4793
382254.6515
371304.3343
359751.2389
347556.9621
334668.9035
321021.6129
306559.5171
291213.113
274947.161
257788.9177
239790.6377
221091.1813
201889.5339
182365.043
162722.8858
143197.0291
124053.713
105555.5082
87968.73396
71623.00621
56833.06648
43842.49784
32855.54078
23932.3625
16969.82892
11748.55569
7970.235488
5314.124902
3489.854355
549432
549048.2914
548663.9426
548287.7623
547920.764
547557.2228
547189.0462
546806.8188
546402.8389
545972.0844
545510.07
545014.1527
544481.4328
543907.7443
543287.5528
542611.5715
541869.6858
541051.0889
540144.5228
539139.2402
538025.7638
536796.8974
535445.6389
533964.0079
532339.4799
530556.0036
528593.5326
526426.9744
524032.1415
521390.9032
518485.9359
515307.8603
511856.1022
508127.2696
504113.735
499805.0883
495178.1797
490203.6544
484863.3655
479136.2642
473017.9929
466525.9595
459680.7494
452517.1756
445055.0883
437288.5499
429186.8876
420712.1166
411819.6414
402470.119
392629.4793
382254.6515
371304.3343
359751.2389
347556.9621
334668.9035
321021.6129
306559.5171
291213.113
274947.161
257788.9177
239790.6377
221091.1813
201889.5339
182365.043
162722.8858
143197.0291
124053.713
105555.5082
87968.73396
71623.00621
56833.06648
43842.49784
32855.54078
23932.3625
16969.82892
11748.55569
7970.235488
5314.124902
3489.854355
539855
549055.3719
548670.4699
548293.389
547925.4111
547561.9554
547193.4976
546811.9647
546408.2538
545977.1773
545516.3232
545020.7601
544488.4855
543915.3235
543295.2571
542621.2866
541880.5801
541062.9446
540157.8583
539154.5545
538043.4259
536816.2146
535467.0803
533987.4068
532366.3002
530585.3643
528625.207
526463.5924
524073.3907
521435.0082
518539.2837
515369.8084
511922.7979
508202.0179
504196.1649
499890.3979
495272.1141
490309.2115
484972.3685
479261.4554
473156.2714
466668.8839
459833.0168
452663.298
445199.5312
437440.371
429352.8946
420885.0575
411998.5936
402649.8704
392810.3161
382452.9393
371523.5419
359977.5164
347794.6415
334920.9583
321289.7481
306828.6347
291502.4924
275245.4952
258073.0329
240085.4481
221367.6202
202135.5488
182631.1831
163007.5225
143483.9611
124316.2793
105800.7907
88213.18541
71815.16773
56983.63009
43984.4037
32957.45935
24003.65331
17025.01906
11785.09954
7992.003058
5326.99772
3496.084954
517871
539491.9861
548683.7789
548305.6185
547936.025
547570.8495
547202.7735
546820.8643
546418.6721
545988.2078
545526.7137
545033.5534
544502.0592
543929.9075
543311.053
542637.478
541901.0464
541085.9585
540182.9398
539182.7433
538075.718
536853.3288
535507.5571
534032.2455
532415.2288
530641.5245
528686.9172
526530.473
524150.8694
521522.3121
518632.5088
515481.7993
512051.9161
508340.2512
504350.3237
500059.9263
495447.4412
490502.1161
485188.8266
479484.4574
473411.0772
466948.5791
460120.2607
452967.5507
445490.1088
437726.8344
429654.0223
421215.259
412343.3876
403007.3789
393169.9104
382814.8363
371919.7237
360414.3505
348244.8604
335393.1206
321789.6432
307359.3351
292034.3893
275814.6032
258656.1296
240637.1548
221933.3875
202660.4208
183093.501
163498.6372
143999.966
124828.0143
106262.137
88639.14463
72226.56843
57299.05418
44224.21079
33174.13029
24153.65326
17126.15013
11859.48443
8039.050362
5354.273567
3511.753167
491792
517529.6993
539133.1171
548324.3768
547953.3435
547586.0625
547215.7397
546834.676
546432.132
546004.0908
545543.5893
545049.4678
544521.7442
543950.913
543333.7897
542662.2904
541926.6664
541118.3701
540219.4416
539222.5353
538120.3579
536904.3087
535565.9454
534095.7818
532485.5582
530718.3841
528775.3577
526628.0538
524257.0437
521645.3567
518770.914
515629.1249
512227.5471
508541.345
504564.5977
500298.0206
495708.8131
490772.3433
485485.7884
479816.8342
473752.25
467336.0447
460542.8325
453398.9076
445944.8918
438159.6595
430080.1696
421663.7787
412836.8474
403523.714
393705.9912
383354.4155
372462.6791
361007.4614
348897.0059
336064.3412
322492.5164
308102.0757
292820.7181
276600.6053
259491.4776
241486.0872
222729.9124
203466.435
183832.4654
164142.2941
144671.3515
125520.9165
106937.5608
89240.48198
72768.24651
57806.13955
44601.87341
33451.96716
24393.55131
17286.20301
11963.69024
8111.887166
5398.362575
3536.707439
471171
491474.5443
517191.632
538785.4917
547976.9826
547608.1051
547235.3919
546851.7155
546450.5927
546022.2799
545565.1603
545072.4479
544543.4667
543977.9481
543362.8326
542693.9594
541961.458
541154.5077
540265.1349
539274.0113
538176.4301
536967.0519
535637.3612
534177.3239
532574.1954
530816.5646
528882.9541
526752.2406
524394.5686
521795.3621
518944.4633
515823.635
512433.6884
508785.2238
504842.1444
500592.7044
496035.4441
491130.4726
485855.8461
480222.6522
474204.7631
467798.2968
461064.4136
453964.2723
446519.029
438763.0143
430653.161
422227.9112
413431.7106
404180.2045
394393.9676
384069.1152
373182.0737
361730.9856
349685.4788
336928.9058
323381.2842
309031.1658
293800.0399
277633.3248
260519.3347
242569.0549
223819.4958
204478.4779
184841.8825
165056.0829
145457.8683
126326.386
107753.5662
90023.48125
73450.21101
58403.82549
45142.59577
33841.88887
24670.55564
17514.47009
12110.61448
8204.561634
5459.966343
3572.396656
448839
470873.0548
491159.4806
516863.6474
538449.1161
547636.2831
547262.0081
546875.8159
546471.8113
546045.5598
545588.2646
545099.9582
544572.8695
544005.8629
543397.8147
542731.803
542003.0007
541200.3945
540313.0076
539334.4419
538244.4531
537041.0249
535719.896
534270.9849
532680.9115
530932.6035
529011.7505
526893.8904
524558.5073
521977.3473
519143.0683
516052.5855
512689.0305
509054.5303
505158.5689
500951.064
496414.9939
491550.4177
486315.707
480697.2009
474723.4794
468373.9133
461649.1498
454619.9587
447226.0159
439478.1068
431403.2661
422939.5674
414132.9479
404921.1366
395213.6968
384928.8393
374075.0635
362629.5263
350588.5924
337910.6625
324454.8032
310133.264
294949.5912
278840.6877
261785.5342
243821.5383
225125.2863
205776.9468
186034.1932
166227.2613
146504.0301
127215.5608
108647.0813
90913.2021
74284.25405
59112.05041
45744.39471
34366.28976
25035.94675
17765.10193
12307.69245
8327.274545
5535.187975
3619.909103
430195
448560.8635
470576.7778
490853.3279
516545.9134
538118.9805
547294.5826
546907.0176
546500.4767
546071.1124
545616.5573
545128.1872
544606.6321
544042.1098
543432.4461
542775.4901
542050.5712
541252.9085
540371.2477
539395.3799
538321.1698
537127.2289
535813.4411
534375.0742
532798.7747
531066.7827
529157.8992
527056.5755
524738.0579
522185.4861
519374.2643
516304.536
512978.0249
509375.0869
505495.1167
501344.2329
496858.6268
492019.4718
486833.8122
481263.5126
475306.4773
469008.3974
462349.3786
455327.1956
448014.7541
440325.1108
432257.6415
423835.1937
414982.5592
405759.3886
396100.9373
385912.0282
375106.3018
363699.9419
351665.0611
338991.8716
325627.2281
311411.5471
296259.5774
280202.7286
263208.8705
245303.3887
226579.2419
207274.3032
187503.7969
167559.9157
147792.4737
128350.3977
109598.6034
91852.74925
75197.66033
59945.74744
46432.13108
34931.09619
25508.8382
18083.27568
12518.62927
8485.652399
5630.874444
3677.064493
414453
429933.24
448283.7449
470288.432
490556.3979
516233.8301
537787.7211
546944.0041
546536.384
546104.5117
545646.6134
545161.7103
544640.25
544082.5377
543476.0911
542817.5125
542103.8785
541311.281
540435.963
539467.3429
538396.585
537221.8346
535919.499
534489.9251
532926.3195
531211.0617
529322.2182
527236.0337
524938.418
522407.2074
519631.2734
516589.6507
513287.8098
509728.4157
505884.983
501751.9934
497332.8299
492553.0163
487397.0811
481884.3819
475983.2496
469702.6834
463101.114
456152.1822
448843.4972
441245.391
433243.1729
424827.7169
416023.1989
406746.9474
397076.647
386945.9552
376252.8833
364901.9461
352911.4417
340244.5107
326884.5359
312771.3373
297737.1784
281713.0094
264772.0383
246925.914
228253.0546
208900.4173
189155.6593
169158.3867
149222.6643
129710.5264
110778.6894
92829.80571
76139.8841
60837.28488
47221.71304
35561.84589
26008.27985
18484.56786
12779.55911
8653.203808
5751.08516
3747.709705
396823
414205.5513
429671.9375
448013.6308
470008.4589
490264.5186
515920.528
537447.7548
546577.9012
546145.2993
545684.9356
545196.4543
544679.2723
544121.9021
543523.7251
542869.2545
542154.1099
541375.2658
540506.3413
539545.5981
538483.718
537313.1888
536033.6286
534617.5661
533064.3407
531364.2061
529495.4969
527433.6465
525154.8742
522649.4275
519899.6345
516900.1432
513631.2954
510100.1866
506306.665
502215.1665
497815.8549
493112.7156
488025.2455
482546.3389
476710.8047
470492.8139
463908.186
457021.3382
449792.4114
442194.1817
434293.6072
425950.8118
417153.434
407932.6993
398202.6022
388059.7262
377433.7214
366211.3355
354282.8674
341664.8774
328311.1112
314202.118
299279.8406
283382.3748
266471.7381
248674.2471
230052.2527
210736.293
190918.9551
170923.2246
150904.9719
131194.3341
112165.5796
94015.82044
77104.14222
61742.77059
48052.80601
36273.76101
26557.75036
18903.62261
13102.6964
8856.627624
5877.883678
3834.621638
383353
396590.6698
413958.0731
429416.8695
447751.0765
469733.0458
489971.3532
515598.8901
537092.6575
546191.5181
545730.8017
545239.9106
544718.9404
544166.7893
543569.3226
542924.7812
542214.7956
541434.6555
540582.1893
539629.2921
538576.9298
537416.9923
536142.4279
534752.9148
533215.4245
531527.5051
529676.7529
527638.9741
525389.4235
522906.9672
520188.1053
517219.5765
513999.639
510506.166
506744.3171
502709.1325
498356.4277
493675.2238
488674.9844
483273.6118
477475.2909
471329.9197
464813.2603
457941.4243
450778.2174
443265.7743
435361.0794
427130.5157
418413.7998
409200.8273
399533.89
389324.6456
378686.0484
367538.9361
355753.9541
343203.8874
329902.9583
315799.691
300880.3578
285101.4573
268322.0867
250547.9924
231964.305
212683.6668
192881.3604
172784.1693
152738.4788
132914.5574
113659.6575
95388.88152
78255.78256
62659.39074
48888.38771
37015.41699
27170.73735
19360.18229
13438.09279
9105.052712
6029.617661
3926.621647
375512
383133.026
396357.8763
413716.1489
429168.6826
447492.6083
469456.2847
489670.2865
515262.854
536717.808
545781.9125
545291.0779
544767.7948
544211.7112
543620.5684
542977.2423
542279.048
541505.27
540651.8017
539718.2964
538675.3304
537526.6327
536264.4459
534880.7351
533373.8212
531704.1335
529867.7998
527851.3058
525630.3225
523182.4839
520491.0087
517558.6514
514374.3455
510936.4067
507216.6656
503216.4874
498926.7165
494297.4681
489321.2772
484017.7296
478305.5349
472199.7555
465761.5326
458961.8208
451810.6504
444367.038
436554.1949
428315.8004
419722.5464
410598.7546
400940.4202
390801.8803
380090.3005
368929.984
357227.7467
344835.0427
331607.1777
317559.8396
302644.8839
286866.0615
270208.0864
252564.1496
233991.3436
214732.1086
194942.8113
174833.0931
154654.7832
134771.4633
115372.5517
96854.21877
79573.76918
63740.38495
49728.08485
37756.31669
27805.17404
19865.46621
13801.33085
9362.328868
6212.817376
4035.376057
366310
375300.8875
382912.1904
396129.9563
413480.4898
428924.1742
447232.7374
469171.9611
489355.6529
514908.0391
536320.3365
545347.2929
544824.5393
544266.3229
543671.2048
543035.4876
542339.1487
541579.2231
540733.4574
539799.2962
538778.8728
537641.1899
536392.0341
535022.582
533522.3783
531887.6529
530072.4432
528073.0231
525877.1647
523462.8637
520811.7232
517911.1761
514768.1607
511370.3027
507712.6323
503759.026
499507.7038
494948.3015
490029.565
484751.9405
479147.7889
473135.8671
466738.3555
460021.7101
452945.8791
445510.7499
437769.8368
429629.7745
421025.4454
412036.905
402476.4927
392347.3411
381713.5786
370473.5917
358757.3161
346454.0681
333396.3419
319426.2391
304569.0086
288791.5981
272128.2604
254603.3155
236152.7572
216885.8708
197094.7503
176970.0758
156747.367
136699.6633
117208.2269
98519.26074
80970.52695
64966.51399
50708.48527
38497.47991
28436.77133
20386.57405
14201.1617
9639.988003
6402.672127
4165.362907
354266
366108.1471
375088.5373
382695.6359
395907.6768
413248.138
428678.2139
446965.6653
468874.7393
489023.3497
514531.7228
535898.5113
544886.1262
544329.0168
543732.0612
543092.4434
542405.1791
541647.8712
540818.2104
539893.212
538872.5035
537760.7108
536524.2487
535169.7089
533685.804
532058.8974
530283.5162
528308.5967
526132.9321
523748.0241
521135.6919
518281.2932
515174.3553
511822.7117
508209.4205
504324.502
500124.3739
495607.0509
490765.2712
485550.4751
479973.5288
474079.0939
467782.0626
461106.0275
454116.9959
446759.9499
439023.8469
430959.1752
422460.2602
413457.85
404044.7659
394022.1315
383398.2537
372242.5475
360439.8612
348121.5722
335159.2023
321370.6688
306593.4595
290873.4922
274205.916
256666.525
238326.2752
219166.2963
199343.2509
179188.1743
158918.3764
138791.9828
119105.4311
100293.7443
82546.67492
66259.34217
51812.8024
39355.93412
29067.05148
20904.6065
14612.86903
9944.517383
6607.194551
4300.466382
347441
354074.4637
365904.7228
374879.9885
382484.2018
395688.3448
413014.2907
428425.3597
446686.4003
468560.7456
488670.824
514132.2721
535450.877
544396.331
543801.1955
543160.1679
542469.1923
541722.5959
540896.4196
539989.9599
538979.9704
537868.2675
536661.2256
535321.138
533854.1827
532245.8745
530479.7249
528550.0736
526402.7834
524041.5657
521463.1519
518652.9109
515597.8519
512286.3381
508724.0606
504887.8251
500763.2465
496301.9744
491505.9942
486375.2079
480865.965
474999.0658
468827.9739
462257.9595
455308.5057
448041.5359
440386.2502
432322.9571
423903.4154
415014.0254
405584.5632
395721.252
385212.0299
374066.2663
362353.6065
349942.2393
336963.632
323275.4014
308689.3077
293049.9989
276436.4187
258883.4498
240515.0123
221449.7887
201710.9826
181494.9183
161162.3258
140954.3294
121153.9868
102121.4885
84219.45649
67710.24092
52973.05432
40317.6708
29792.33911
21421.21046
15022.3103
10258.10408
6830.994326
4445.925597
348220
347256.6765
353881.0673
365704.6403
374676.148
382275.4109
395467.4883
412773.8114
428160.9006
446391.3015
468227.5615
488296.553
513708.3405
534975.4736
543874.7099
543236.3679
542544.5416
541794.5239
540980.8556
540078.8294
539089.9791
537990.6242
536784.0464
535477.1055
534026.5041
532437.4351
530692.5524
528773.9219
526677.941
524349.3886
521798.3678
519026.6167
516020.9722
512766.9197
509248.6751
505468.2824
501396.8516
497018.316
492283.3812
487201.9535
481783.3562
475988.1979
469843.8213
463407.2088
456568.5089
449339.5602
441777.6361
433798.219
425377.0428
416571.4898
407262.9529
397380.8334
387042.4714
376018.8082
364315.7191
351999.3902
338921.141
325215.1851
310732.9652
295291.6498
278756.1193
261249.3988
242853.4396
223741.2238
204074.7411
183913.7649
163487.7392
143182.4048
123265.1917
104087.4258
85938.4416
69245.51597
54269.59498
41325.74588
30601.47974
22012.47468
15430.84041
10570.48525
7061.713051
4604.849637
355013
348038.9036
347070.2072
353690.5563
365508.8552
374474.6992
382065.058
395240.2887
412522.2316
427881.3826
446078.0899
467873.7552
487899.3076
513258.1296
534469.2748
543316.689
542628.5679
541878.3799
541061.6578
540174.0863
539190.679
538115.212
536922.6737
535616.5991
534203.1212
532632.5446
530909.5466
529015.2991
526932.5111
524661.8392
522148.0191
519407.3728
516444.6711
513245.1381
509789.8527
506057.3999
502046.8384
497726.1371
493081.3685
488065.8693
482699.6766
477001.0374
470931.3846
464519.5579
457820.9915
450707.142
443181.5885
435299.1651
426965.4072
418155.6009
408935.6598
399182.3392
388822.6213
377980.6391
366406.3379
354098.7931
341119.8501
327307.7006
312805.6106
297469.6146
281135.1625
263699.4899
245336.7329
226177.8933
206440.7489
186323.5644
165918.3732
145485.4692
125435.8907
106109.5385
87781.99845
70821.01489
55638.79837
42448.59329
31448.53725
22670.02603
15896.3077
10882.66592
7292.155533
4769.029333
364363
354832.0637
347855.3547
346886.2426
353503.9278
365315.217
374271.6367
381848.5851
395002.5367
412256.2611
427584.637
445745.4249
467498.1932
487477.4553
512778.8439
533927.9122
542716.432
541971.1136
541155.007
540264.8048
539297.9321
538228.9624
537063.2004
535772.94
534360.814
532831.6797
531129.6527
529260.3682
527205.5373
524950.5351
522501.5326
519802.6726
516874.6398
513722.3269
510326.5744
506662.6483
502704.0839
498449.5303
493867.4351
488949.5316
483653.709
478009.6838
472041.4531
465706.3109
459029.7212
452062.4108
444656.3439
436808.8802
428576.2292
419857.8276
410631.2583
400971.3022
390747.9265
379881.8325
368499.182
356326.3035
343354.991
329645.4853
315030.3205
299671.022
283440.2751
266203.6265
247899.5317
228755.0514
208947.1783
188731.4927
168336.7708
147886.9678
127675.6281
108185.6252
89676.08485
72507.09991
57043.10657
43632.96319
32389.63888
23358.00384
16412.64892
11236.91239
7522.98065
4933.585096
376492
364181.0841
354648.3318
347673.9974
346705.8231
353319.1975
365119.9217
374062.5879
381621.9925
394751.1197
411973.8282
427269.3956
445392.2698
467099.3856
487028.4439
512266.417
533345.7837
542067.3813
541257.4417
540368.7241
539399.6777
538349.4406
537191.2705
535930.8262
534536.4306
533009.3042
531353.4829
529508.0617
527481.7174
525258.6266
522827.9251
520200.9838
517319.2158
514204.941
510860.5795
507261.252
503377.0015
499178.7235
494668.2324
489817.7527
484626.6175
479056.6328
473144.2105
466914.446
460315.721
453367.0791
446114.0483
438390.8152
430192.0898
421579.3584
412448.4081
402779.4956
392654.0031
381931.2571
370521.5082
358549.359
345717.7727
332014.2174
317503.6931
302023.4994
285763.8395
268625.1033
250511.7083
231407.538
211589.4244
191274.6226
170750.6922
150274.8158
130007.0432
110325.2421
91619.12501
74238.56442
58543.84036
44847.81829
33381.86239
24120.98741
16952.95076
11629.10333
7783.948762
5098.885014
397272
376307.8359
363996.0049
354466.5162
347495.9307
346527.0927
353132.7836
364918.7927
373843.7017
381382.314
394484.0767
411673.7333
426934.7063
445017.2785
466674.9872
486548.5303
511715.6028
532716.5704
541363.0839
540481.9476
539515.3176
538463.3809
537326.2539
536074.557
534713.2199
533205.9663
531553.0684
529759.1429
527759.975
525569.2614
523174.6564
520568.6222
517765.8821
514702.1948
511399.1084
507855.3787
504041.0005
499923.1139
495473.3061
490699.8386
485580.4738
480121.6143
474285.9485
468112.1953
461622.0944
454752.08
447514.2883
439951.0088
431881.7636
423302.2645
414281.7907
404712.6823
394575.783
383955.0175
372694.9736
360692.5843
348069.8147
334510.0367
320002.8749
304627.2456
288237.1494
271060.7229
253034.2989
234105.4568
214303.2283
193948.581
173294.1593
152656.9448
132324.9049
112549.7562
93620.40725
76014.3999
60085.12767
46145.0562
34400.35001
24925.45487
17551.30946
12039.70011
8072.346164
5285.084571
412636
397081.6236
376120.1112
363812.5748
354287.7966
347319.3878
346346.6354
352940.7301
364708.1378
373612.1137
381127.6776
394200.2804
411355.0975
426579.3453
444618.3075
466221.5206
486032.85
511120.4575
532034.039
540598.0248
539640.4891
538591.9439
537453.6049
536225.3909
534874.0693
533403.4015
531772.8357
529983.0664
528041.2349
525881.3575
523523.238
520957.5362
518178.1479
515200.5444
511952.2829
508453.0736
504698.676
500656.1994
496293.074
491584.6157
486547.3124
481163.8608
475444.9218
469349.7109
462915.0553
456156.5607
448998.1419
441446.8458
433545.0368
425100.7031
416112.9786
406659.1273
396625.934
385991.0941
374836.6209
362989.6185
350333.3291
336989.2957
322628.5031
307252.115
290963.4252
273644.4273
255567.5076
236708.8102
217059.2788
196690.7799
175963.0184
155162.4359
134637.1133
114762.0858
95699.75411
77843.24933
61666.36169
47478.22055
35487.60623
25752.17081
18182.53157
12493.90726
8374.514831
5490.49034
414998
412442.1774
396887.2008
375933.777
363632.0651
354110.4675
347141.0434
346160.6526
352739.5254
364485.2006
373366.0121
380857.0141
393898.9244
411016.8015
426201.3418
444192.1432
465734.4323
485475.8693
510475.1034
531292.8558
539768.1241
538730.2676
537596.3345
536367.4344
535042.2112
533583.0178
531992.9393
530228.3472
528292.2232
526196.0086
523872.5874
521347.5239
518612.6144
515660.6073
512505.4912
509065.3954
505358.9098
501381.0291
497099.0507
492483.5739
487515.2106
482218.2197
476577.4497
470603.7429
464248.7065
457544.6662
450500.6883
443029.7768
435137.0232
426868.1285
418021.5019
408599.913
398686.4967
388158.8121
376987.3844
365249.0274
352753.0883
339371.9688
325232.2716
310002.6913
293706.6521
276481.7281
258246.6999
239320.1239
219717.9839
199472.715
178697.1841
157787.4386
137065.8492
116969.8507
97769.25447
79743.16089
63295.46751
48846.92327
36606.15298
26634.84996
18832.16897
12973.41731
8708.433915
5705.894379
415969
414807.0275
412243.8578
396693.9314
375750.2052
363452.8202
353931.2352
346957.1718
345965.7563
352526.5369
364248.2351
373104.3716
380569.5797
393578.9963
410657.0291
425797.7128
443734.5517
465208.5247
484872.1038
509774.5089
530489.0788
538870.6339
537749.0574
536525.636
535200.3426
533770.1124
532193.2413
530473.4837
528565.7717
526477.0694
524223.9782
521737.5052
519047.2996
516143.7887
513016.3719
509676.6349
506033.7324
502107.3527
497894.7532
493366.1457
488496.7755
483271.9885
477721.2563
471827.6183
465598.2624
458974.5601
451983.976
444630.7288
436819.7578
428557.3287
419894.4558
410619.8818
400738.0369
390334.2236
379272.9036
367514.5287
355129.7746
341913.0911
327732.1542
312726.6895
296574.7613
279332.4351
261178.9446
242074.8556
222382.8665
202156.7693
181469.1907
160475.0123
139607.7164
119286.7164
99836.00234
81636.21039
64988.29163
50258.26629
37755.83917
27544.23057
19526.09332
13467.76291
9061.253109
5943.659264
415621
415781.5003
414611.2423
412046.4144
396503.3198
375567.7777
363271.5561
353746.3825
346764.4351
345759.3956
352300.0929
363996.2605
372826.4981
380264.4525
393238.8324
410272.9971
425364.4953
443240.6767
464638.637
484216.8588
509014.9584
529620.0542
537903.3692
536694.0642
535375.4324
533945.9112
532401.201
530696.7117
528838.6435
526781.9084
524538.2564
522128.9515
519481.1326
516626.2627
513551.2903
510241.3384
506706.2958
502848.2171
498690.8326
494236.3561
489459.2888
484338.9339
478862.8375
473062.018
466913.9696
460419.8529
453510.3072
446209.5956
438519.9647
430341.074
421682.2947
412599.8229
402870.6408
392497.4219
381563.5667
369917.7542
357509.7406
344406.0997
330392.4141
315340.395
299412.2679
282307.1002
264121.7655
245080.8081
225188.1094
204846.0898
184145.0257
163199.1311
142209.4992
121709.71
102003.7936
83528.81887
66677.52675
51725.7192
38942.73623
28480.25704
20242.17132
13996.09998
9425.627087
6195.095514
413766
415437.3737
415588.8949
414416.0093
411851.4659
396313.7522
375383.1971
363084.539
353552.5634
346560.31
345539.9474
352059.2614
363728.6335
372531.5413
379940.0982
392875.8546
409860.9783
424897.1226
442705.6904
464020.3498
483506.6678
508193.95
528683.6741
536863.5969
535560.979
534139.4879
532596.5033
530927.7695
529087.3629
527085.4798
524877.5395
522479.5711
519915.792
517106.9694
514084.5102
510831.0108
507327.9468
503585.5909
499501.3989
495105.7863
490407.2914
485384.1163
480017.154
474292.5974
468239.5395
461827.6359
455051.6555
447832.9261
440195.2927
432141.8356
423568.5591
414487.8622
404958.9199
394743.5584
383839.0032
372323.753
360030.2316
346899.8285
332999.9863
318116.06
302134.1071
285247.9296
267187.4822
248095.269
228241.2304
207672.1731
186826.0085
165830.8351
144846.9228
124190.1121
104270.1363
85513.68597
68368.78409
53192.78948
40178.03508
29447.97718
20980.43916
14542.25199
9815.279979
6455.208098
410398
413586.8018
415248.371
415396.5213
414223.0107
411657.4328
396121.8503
375192.6901
362888.3955
353347.2411
346343.1884
345306.5143
351803.4521
363444.5752
372218.0678
379594.1062
392486.5809
409416.6586
424391.0445
442125.455
463350.4002
482739.1957
507309.4982
527677.3088
535747.1124
534343.7447
532810.4203
531144.7178
529344.0694
527362.5114
525214.8977
522856.4229
520305.7371
517587.8123
514614.9927
511417.9374
507975.5167
504267.4793
500307.181
495989.6421
491353.3261
486412.6008
481146.9844
475535.552
469559.7679
463244.7306
456551.8612
449471.0175
441916.663
433914.9791
425471.4623
416478.25
406948.6498
396941.2541
386199.2497
374711.7144
362551.3361
349536.6795
335605.9869
320835.0338
305019.1471
288068.9957
270217.0928
251231.3856
231301.6398
210741.1332
189639.5208
168468.3386
147397.7005
126705.4138
106591.112
87588.88301
70142.91313
54664.14535
41415.59672
30456.4229
21744.94613
15106.29413
10218.76474
6733.499991
405578
410223.7574
413401.9851
415059.2857
415206.115
414030.7534
411460.9075
395923.7182
374992.8309
362680.5585
353128.796
346112.1898
345058.5464
351531.9612
363142.754
371883.7936
379223.1964
392066.9623
408935.7289
423842.3593
441496.9173
462626.5909
481912.5916
506359.1296
526596.9295
534548.0323
533035.2292
531381.1332
529585.1137
527647.6635
525523.1899
523230.6271
520723.1339
518019.8911
515144.8677
512001.0963
508619.2305
504976.2687
501052.7139
496867.3763
492313.7423
487437.9223
482257.9238
476751.2989
470892.1068
464655.0292
458060.9299
451064.3372
443652.6473
435735.8624
427344.0794
418484.9655
409044.6558
399033.9955
388507.1664
377186.3482
365051.832
352172.2172
338357.4987
323550.4951
307844.1759
291054.0627
273124.2971
254330.2216
234482.2461
213817.0024
192689.1816
171233.3914
149955.4909
129141.4683
108946.3499
89715.634
71998.37738
56208.45991
42659.27438
31469.05511
22542.74835
15691.36942
10636.19902
7022.13776
399442
405409.19
410043.692
413216.7884
414871.9095
415016.2809
413835.919
411257.9351
395715.8067
374781.006
362459.3875
352896.3482
345866.7905
344795.3995
351243.563
362821.0144
371525.5812
378823.5307
391612.9404
408414.4879
423248.1834
440818.0167
461847.1731
481024.5476
505339.0713
525436.9179
533259.4661
531628.6334
529846.4827
527915.49
525839.701
523573.102
521137.0993
518480.6323
515621.7654
512582.8577
509258.0882
505680.0238
501826.1595
497679.8943
493266.6523
488477.6107
483364.5243
477945.9867
472194.5404
466077.2936
459561.8283
452666.1776
445340.239
437571.31
429266.2311
420458.8007
411156.7477
401236.8797
390704.0055
379605.0182
367640.841
354784.8484
341106.0561
326413.6141
310664.1246
293976.6028
276195.7928
257305.6307
237625.5114
217011.28
195746.122
174225.9673
152635.0867
131586.1809
111231.1848
91875.85638
73901.99723
57824.6253
43965.70335
32488.90547
23345.78254
16302.83329
11069.89185
7321.236608
392130
399279.0178
405234.3923
409862.9683
413033.0494
414684.9451
414823.7985
413634.6212
411044.8929
395495.3961
374555.5397
362223.9966
352649.3905
345606.3875
344515.9303
350936.2412
362476.3663
371139.7416
378391.2535
391121.0269
407850.2
422606.574
440087.1122
461009.9763
480071.5622
504244.0875
524190.7363
531874.8998
530119.1029
528204.4968
526137.1128
523923.8588
521516.5471
518937.1011
516128.5361
513107.2478
509894.7119
506377.7749
502593.3247
498521.3771
494149.2121
489508.3925
484485.5253
479135.1912
473473.7809
467466.9854
461074.6632
454258.5412
447036.1
439354.7493
431202.9665
422484.0263
413233.4509
403455.6738
393014.7662
381906.8259
370170.5428
357487.8117
343829.7103
329272.4362
313633.5955
296892.9757
279203.1928
260445.0454
240646.1278
220169.3159
198919.2313
177226.9068
155531.6385
134146.1734
113526.4987
93975.5447
75837.92572
59484.84444
45334.14994
33561.28744
24156.44651
16919.80964
11523.77476
7632.440809
383861
391973.1462
399109.9178
405058.6724
409683.4535
412849.564
414495.271
414624.8579
413423.2797
410818.9906
395260.7376
374315.534
361973.8923
352387.3502
345329.8918
344218.2277
350607.1735
362105.2808
370722.5632
377923.0494
390588.6449
407241.0248
421915.9877
439302.1754
460111.7258
479048.8108
503068.1308
522852.2619
530389.7621
528504.8885
526456.5478
524253.6365
521904.3045
519356.1506
516630.1416
513662.7368
510469.3732
507072.409
503353.2791
499355.2758
495061.8315
490463.539
485596.2331
480338.9253
474746.4675
468831.3956
462552.2886
455862.9324
448721.2369
441146.3015
433084.1077
424523.9391
415363.462
405636.7158
395341.3514
384326.2417
372577.964
360128.461
346645.5067
332104.7487
316597.8164
299960.3928
282203.9192
263519.8581
243829.7419
223207.3316
202058.3039
180341.2305
158438.1366
136910.7698
115929.6939
96087.54413
77723.77441
61175.84177
46742.04423
34685.86825
25009.77902
17544.06473
11982.82591
7958.526522
374899
383710.4645
391810.0793
398939.6503
404883.9193
409504.039
412663.3195
414299.1645
414415.9341
413199.1265
410578.4318
395010.9006
374060.5052
361708.529
352109.1728
345035.4525
343899.5902
350253.012
361704.199
370270.8526
377416.4711
390014.0616
406585.502
421174.5203
438460.162
459147.9353
477950.7569
501805.5891
521417.2758
528802.5194
526787.4619
524606.2633
522269.1088
519783.5087
517091.3169
514212.1218
511076.3849
507700.2727
504109.1945
500180.7011
495965.5187
491449.9137
486625.8986
481531.0059
476033.9067
470188.2553
464002.5929
457429.5017
450418.6054
442925.9215
434973.2818
426504.7376
417508.3357
407873.0135
397627.9668
386761.4858
375106.5862
362641.8581
349396.3621
335030.9734
319534.3523
303022.0671
285356.7817
266588.0985
246949.4552
226406.5372
205081.8517
183424.7195
161454.5542
139687.286
118523.2299
98299.10462
79623.46355
62827.07046
48178.51389
35844.81699
25905.73738
18201.94455
12448.33028
8289.067437
365508
374754.8611
383553.6521
391645.6197
398770.116
404709.1195
409321.8289
412470.6917
414093.1632
414194.2911
412960.3758
410322.2659
394745.403
373789.9329
361426.8799
351813.0347
344720.4275
343556.7968
349870.3708
361270.0562
369782.2525
376869.8725
389395.9023
405881.8341
420379.3263
437556.927
458113.4963
476772.3197
500452.6715
519884.4757
527114.7426
524970.422
522657.5672
520185.8489
517560.774
514717.9451
511676.3069
508361.7755
504793.2964
501001.1293
496859.4315
492425.9839
487688.0545
482636.5458
477308.3944
471560.2148
465444.4263
458966.7479
452075.5568
444718.0892
436849.3805
428493.5597
419590.6629
410124.4252
399971.829
389154.7391
377651.1713
365279.937
352015.5114
337890.1185
322566.5681
306055.4157
288503.9238
269809.0871
250063.3321
229543.7135
208263.8487
186399.0008
164444.2478
142569.5227
121130.8391
100684.9624
81613.5725
64493.27983
49584.8853
37029.48404
26830.75463
18893.56253
12939.44047
8624.936656
355922
365370.2325
374604.411
383395.2438
391481.6717
398600.3963
404531.5005
409133.3082
412268.2927
413874.5694
413958.16
412706.0902
410050.0198
394463.7374
373502.8111
361127.136
351496.3068
344381.6493
343186.5807
349456.3318
360800.5893
369255.1741
376281.9449
388732.4803
405127.346
419526.5507
436587.7808
457003.7656
475510.133
499008.3161
518255.4949
525330.002
523057.5693
520612.6312
518003.06
515232.0031
512229.3987
509015.1553
505512.3721
501744.4735
497747.3629
493390.9542
488738.5255
483775.9488
478490.7493
472917.9884
466901.8347
460494.6791
453701.2187
446467.2566
438738.4218
430468.2215
421681.0842
412309.9827
402331.1468
391607.2503
380151.9466
367934.2401
354762.7056
340613.7131
325530.1099
309186.1514
291622.729
273024.9579
253329.9317
232676.4584
211386.902
189527.8805
167332.752
145429.8069
123839.0909
103086.9251
83760.20403
66239.92007
51006.66549
38192.56186
27778.15135
19608.81081
13456.3513
8979.591349
346272
355790.493
365226.1471
374452.186
383237.1408
391317.4101
398427.8472
404347.6655
408935.1721
412053.4691
413641.6327
413706.6172
412435.818
409761.2066
394164.8938
373197.3295
360806.6591
351155.816
344015.8934
342786.1198
349008.7365
360294.2696
368688.3521
375651.0871
388021.2936
404318.4309
418611.8579
435548.5081
455815.7344
474163.3569
497474.1676
516533.8036
523451.9691
521050.9245
518470.5626
515716.6407
512790.6619
509618.2779
506222.2358
502524.1682
498552.7139
494348.9475
489776.5732
484902.3044
479708.4772
474177.9406
468343.8896
462038.779
455316.7798
448183.2039
440581.9075
432456.2992
423756.3122
414503.7847
404621.4551
394075.6511
382714.0223
370543.1412
357526.5311
343468.554
328354.9978
312247.302
294840.5601
276213.1792
256592.669
235961.1887
214507.5157
192602.0646
170370.7951
148198.261
126530.5817
105583.4298
85924.72425
68124.16512
52498.36465
39370.73264
28710.89167
20342.81166
13991.78617
9353.269016
336656
346146.59
355652.6842
365080.1303
374300.0765
383078.6086
391150.3232
398249.1985
404154.4047
408724.8235
411824.4971
413393.4455
413439.237
412149.114
409454.8354
393847.0255
372870.8262
360462.2533
350788.3294
343620.3746
342353.3276
348526.1284
359749.8808
368080.2458
374974.94
387258.9909
403451.0666
417631.3991
434436.4426
454548.7575
472733.621
495853.5163
514722.8908
521482.529
518949.5087
516227.2648
513320.147
510229.4969
506878.2545
503293.5186
499395.8572
495218.6618
490806.6642
486014.937
480911.8276
475474.9323
469682.3216
463566.422
456949.2348
449888.3236
442390.2865
434396.3021
425845.5135
416681.449
406920.2445
396472.1075
385292.5393
373215.4619
360243.662
346340.6253
331314.1661
315167.6251
297988.6846
279501.9195
259829.1717
239243.8647
217778.4841
195676.2996
173359.4555
151110.047
129140.8614
108068.578
88176.59974
70027.47183
54108.11145
40608.08428
29657.63852
21067.53227
14542.27421
9740.894079
327328
336536.4793
346014.9087
355512.8024
364934.0494
374147.4281
382917.2625
390977.2686
398061.3411
403949.1832
408500.57
411580.4897
413129.6106
413155.6174
411845.0409
409129.0562
393507.3933
372520.0644
360090.6582
350391.0533
343193.0375
341886.8012
348007.3552
359165.9516
367428.6022
374250.3657
386441.8704
402521.7287
416582.807
433251.1186
453204.4611
471224.0139
494149.5966
512824.4792
519420.6177
516749.2394
513876.3995
510806.4642
507542.2846
504005.2725
500227.4894
496127.6899
491742.6013
487118.6733
482100.2035
476756.2648
471059.6326
464984.5277
458564.1777
451611.1669
444187.1754
436299.3774
427884.203
418873.7132
409202.0639
398877.3639
387796.3977
375904.8987
363026.3774
349165.0758
334291.4162
318225.0305
300994.9281
282721.7571
263167.484
242502.5141
221049.7729
198898.2616
176351.0549
153978.5437
131886.8781
110484.0051
90422.39035
72009.90654
55737.32463
41944.00061
30653.07766
21804.53388
15087.27385
10140.07344
318533
327214.0823
336410.7315
345881.0303
355372.691
364787.3293
373991.9861
382750.0948
390795.2454
397861.8093
403730.3457
408261.547
411321.0768
412849.7685
412854.8758
411521.8051
408781.0929
393142.646
372141.7299
359689.0525
349961.9244
342732.4966
341385.43
347451.0215
358540.3372
366730.4437
373473.9269
385566.7266
401528.3111
415465.7734
431994.1447
451785.7685
469637.5022
492363.9377
510837.4463
517262.1702
514443.8893
511410.9959
508169.4676
504724.9534
500997.6234
497024.026
492719.4667
488122.2147
483278.7972
478021.4178
472420.0499
466443.5211
460063.5556
453315.4979
446002.7047
438190.3448
429884.2139
421013.1439
411499.1856
401264.9287
390309.4964
378517.2281
365827.0303
352057.3332
337220.4994
321301.6141
304140.7428
285799.9605
266438.6965
245863.9573
224299.9472
202123.3643
179486.5699
156853.112
134596.3478
113026.1374
92610.32561
73990.99513
57436.52932
43298.87656
31728.43134
22580.36019
15642.53283
10536.25741
310421
318424.3334
327093.9948
336282.6841
345746.7763
355231.8539
364637.8459
373830.8801
382574.2181
390601.8648
397648.9898
403497.0517
408007.4112
411045.9405
412553.0919
412535.276
411176.679
408407.5266
392749.3409
371732.9498
359255.3467
349499.5494
342237.653
340847.8694
346855.1024
357870.2202
365982.5303
372642.6823
384631.7006
400470.6408
414281.8928
430668.2681
450295.4194
467975.4224
490495.3957
508757.8132
515001.0551
512026.6273
508825.0312
505405.0573
501775.5972
497854.8168
493682.4616
489168.4201
484350.9846
479275.9659
473763.1346
467884.4237
461605.9832
454898.1337
447798.7674
440100.9538
431871.556
423112.219
413741.2673
403668.6073
392804.3281
381139.3777
368548.463
354968.5274
340219.687
324330.0146
307307.1292
289019.8225
269569.9626
249161.1282
227653.5013
205330.9313
182628.4104
159866.6285
137315.101
115538.833
94914.4831
75925.95049
59138.31242
44713.99735
32821.35716
23418.96325
16227.63845
10940.57669
303216
310317.1933
318309.553
326971.5128
336154.1218
345611.7127
355088.2842
364482.8588
373661.3347
382387.3213
390395.5569
397422.0677
403248.9851
407737.8869
410754.3118
412237.9106
412194.1525
410806.2897
408004.8402
392324.4946
371291.6001
358788.1339
349002.8261
341707.1871
340272.1846
346216.9583
357152.5656
365182.1371
371754.9918
383636.746
399350.3067
413033.7776
429276.0096
448734.589
466236.6292
488540.1784
506579.6644
512630.5882
509491.5392
506114.3944
502511.1479
498693.3853
494575.7472
490199.5957
485467.7194
480417.7229
475094.8603
469306.8907
463129.1703
456526.1262
449466.9378
441991.201
433879.6186
425198.1407
415941.4463
406015.1927
395316.2113
383742.8474
371280.4599
357798.7783
343239.0388
327430.875
310425.9179
292261.9765
272844.4744
252321.6283
230946.6411
208641.8653
185756.8447
162889.8147
140166.4652
118063.8635
97196.40061
77965.34738
60804.86083
46134.51469
33964.61467
24273.01889
16860.46552
11366.98756
297085
303116.6103
310207.3244
318192.2895
326848.3847
336024.6714
345473.9489
354939.3716
364319.7072
373481.1215
382187.8851
390175.5391
397180.7598
402985.9172
407452.27
410444.5952
411901.6311
411828.1932
410407.164
407569.9872
391865.9049
370816.2532
358286.305
348470.4392
341139.213
339655.8719
345533.7754
356384.8641
364327.8037
370810.9221
382583.4336
398169.8028
411723.7646
427818.3961
447102.1351
464417.5571
486492.7279
504296.5792
510144.9603
506834.5108
503276.8269
499486.5857
495476.7941
491156.7975
486568.3082
481606.0819
476307.2203
470717.3187
464632.8547
458133.759
451182.8932
443747.3446
435866.4942
427305.9428
418128.0866
408318.4622
397769.1039
386364.4297
373993.5545
360640.5467
346176.2308
330553.4067
313619.5907
295457.7908
276143.3361
255626.3323
234108.017
211897.2649
188987.8802
165904.0801
143030.8577
120713.6716
99493.3132
79989.3118
62563.11476
47529.45372
35114.84911
25167.73121
17506.18551
11828.38006
292040
296989.5585
303011.2102
310094.9001
318074.2682
326724.3044
335892.5616
345331.007
354782.5724
364146.2479
373288.7727
381975.1561
389941.554
396924.8748
402707.1999
407149.0352
410114.2702
411541.003
411433.9686
409976.2802
407100.7097
391372.0835
370305.7754
357748.531
347900.5087
340531.2946
338996.2789
344803.2564
355565.8228
363419.693
369812.0265
381474.1206
396931.2981
410352.746
426294.2874
445394.6661
462513.0334
484347.0218
501902.9526
507540.0424
504053.1146
500310.8565
496329.4324
492121.7995
487590.554
482777.22
477568.4059
472001.5956
466123.88
459720.8642
452877.3922
445553.7936
437713.0743
429391.8069
420337.8198
410607.8985
400177.434
388925.3457
376726.0035
363463.4245
349126.0916
333593.1146
316836.7118
298730.9541
279397.8847
258957.7122
237413.7614
215027.4705
192169.212
169019.4234
145891.0121
123379.6683
101905.6388
82030.26415
64311.94198
49002.72871
36247.48267
26069.93173
18183.56591
12299.97924
288089
291948.0529
296888.1533
302903.1947
309981.6232
317955.2423
326597.6102
335755.4391
345180.4544
354615.8251
363961.0628
373083.5622
381748.9
389693.4452
396653.82
402411.3805
406825.7387
409760.1554
411152.6493
411008.4912
409511.396
406595.4788
390841.8454
369758.8131
357172.9232
347290.6254
339880.8784
338291.2754
344024.2725
354695.6907
362459.3595
368760.5491
380310.8048
395635.5662
408919.5754
424700.475
443607.322
460517.4722
482097.7834
499394.7169
504813.2469
501145.5688
497214.147
493035.2693
488620.7062
483865.5336
478811.3432
473337.093
467481.7528
461294.7275
454550.3725
447337.7178
439612.553
431331.2573
422524.9657
412921.7441
402571.7509
391440.6377
379396.3215
366307.0649
352057.3764
336646.9351
319971.0928
302029.6437
282732.1607
262247.5592
240748.722
218301.2423
195233.5485
172091.5281
148849.6711
126046.0598
104336.7878
84175.81648
66078.87825
50471.5218
37445.08865
26960.69713
18868.0811
12795.29111
285261
288000.1118
291850.18
296784.0804
302794.2445
309867.2988
317833.6508
326466.066
335610.9783
345020.3103
354437.762
363763.4549
372865.2804
381508.9963
389430.6764
396366.219
402096.102
406479.2823
409378.9402
410733.6273
410549.5465
409010.9947
406053.0808
390273.7866
369173.4616
356557.086
346638.2905
339185.9518
337539.8724
343197.1526
353776.0165
361448.9678
367658.3467
379094.1455
394281.4547
407421.1927
423032.4233
441734.8823
458425.9644
479741.1133
496769.1829
501962.5
498109.1622
493981.9132
489596.1346
484961.9472
479966.8557
474653.3574
468893.4106
462728.2492
456209.5883
449099.1647
441488.4835
433326.2628
424559.7076
415212.4509
404991.889
393941.8687
382020.184
369087.4321
355011.0459
339682.85
323121.3176
305246.5207
286094.3852
265619.419
244045.7235
221606.8336
198439.4417
175056.1915
151772.1401
128807.169
106772.6319
86342.11147
67938.4317
51958.49048
38641.83173
27903.64463
19545.57662
13296.7634
283544
285174.7481
287905.3219
291749.5885
296678.9974
302684.2084
309750.4547
317707.3635
326327.446
335457.2755
344849.2555
354247.7139
363553.2364
372633.8396
381254.9639
389151.9499
396059.8077
401758.3591
406106.4348
408967.7377
410281.7555
410055.6344
408473.8737
405472.0857
389665.9472
368547.3247
355898.5638
345941.5773
338445.6401
336742.4763
342323.4267
352808.8843
360390.2701
366505.9837
377823.004
392866.0355
405853.3217
421285.2759
439772.7392
456234.8135
477274.3008
494024.0416
498984.7326
494938.7621
490605.9468
486000.3693
481130.7519
475877.4645
470284.8921
464218.2738
457721.1033
450846.3775
443341.0273
435296.7488
426652.6964
417344.9111
407388.4683
396470.4473
384630.1286
371820.7792
357900.6867
342743.0447
326254.751
308481.313
289376.6453
269021.9347
247426.7778
224878.8127
201679.8077
178159.277
154598.03
131539.4957
109298.0732
88516.77967
69819.60964
53525.2994
39855.86248
28848.0254
20263.53609
13794.21104
282901
283459.9854
285082.5997
287807.7565
291647.9118
296572.7884
302571.6914
309629.0577
317574.2484
326179.9215
335293.0615
344666.6515
354045.5182
363330.3558
372388.8174
380985.5884
388855.1028
395731.6855
401395.0121
405704.3776
408524.4114
409795.5621
409525.5724
407898.6253
404850.5131
389015.8855
367877.9789
355195.5081
345199.7137
337660.4366
335900.6239
341405.0922
351795.9425
359283.7562
365302.3311
376494.6005
391385.2706
404211.4157
419454.7421
437717.3684
453941.3385
474694.8881
491155.9455
495874.483
491625.9312
487074.5168
482233.3134
477110.3413
471579.3495
465687.2114
459291.9729
452438.4243
445178.9255
437243.0109
428720.2852
419538.3934
409621.1643
398975.2202
387269.0881
374540.5572
360743.1003
345738.9136
329414.6237
311700.9047
292679.2557
272347.3386
250841.3625
228236.4778
204891.5208
181299.3075
157557.7575
134187.1635
111802.1108
90774.458
71711.92994
55113.52298
41136.65086
29807.93151
20984.11167
14321.82832
283204
282818.8562
283370.0612
284987.6139
287709.0325
291545.0687
296464.1303
302454.7501
309501.0632
317432.5472
326022.2703
335117.7257
344472.3577
353831.1553
363094.444
372129.0792
380698.8085
388537.3429
395378.8107
401003.3194
405271.0258
408047.5209
409273.8853
408957.9787
407283.3109
404185.9123
388321.159
367163.6408
354447.2416
344413.2842
336831.91
335016.2526
340443.6845
350737.609
358128.2905
364044.7309
375105.1492
389834.8792
402491.4391
417537.4747
435566.0969
451542.9792
471999.3628
488159.2236
492623.0948
488158.8852
483373.0837
478278.4484
472883.0532
467054.1374
460840.879
454092.7849
446854.1279
439174.2813
430762.898
421705.6844
411917.728
401310.7134
389884.1753
377291.2073
363572.5352
348687.7823
332510.4801
314949.4274
295968.7881
275695.8601
254182.7667
231630.6604
208190.0197
184416.0913
160556.5705
136962.4236
114234.0887
93017.75118
73679.38465
56714.55797
42437.60921
30821.86988
21717.84725
14852.37997
284274
283123.4159
282730.7712
283277.2317
284891.3966
287609.1011
291439.801
296351.1602
302331.4199
309364.7786
317281.0829
325853.9092
334931.1491
344266.3838
353604.3058
362844.4439
371852.6641
380391.943
388195.7327
394998.5254
400581.2518
404804.9713
407535.9287
408715.3734
408350.96
406625.5483
403475.8601
387580.0142
366403.7264
353654.4443
343583.9144
335961.9796
334090.8137
339439.551
349632.7493
356921.2992
362729.6005
373650.6484
388211.0513
400690.1902
415530.8368
433316.2718
449036.1323
469182.0104
485025.1725
489218.7307
484523.2029
479485.3963
474118.4661
468430.8612
462282.6816
455724.3404
448594.6996
440935.3079
432790.2409
423847.3375
414187.4193
403712.9919
392324.8732
380018.1324
366434.904
351624.589
335560.0637
318134.9069
299290.0181
279033.9608
257550.3083
234956.628
211527.935
187620.1193
163537.9232
139778.3258
116785.6886
95201.71378
75638.60727
58381.73286
43751.81646
31853.80534
22493.78007
15393.48585
285851
284194.7307
283036.8438
282639.708
283183.0987
284793.9305
287506.7628
291330.3182
296231.986
302200.0691
309219.0694
317119.2981
325674.7386
334733.3675
344048.4568
353363.9866
362578.4938
371557.0039
380062.1627
387827.7015
394588.8591
400127.4388
404305.1064
406988.3169
408118.1839
407702.2092
405923.0129
402718.6646
386791.9521
365599.0153
352818.8113
342713.5367
335052.0462
333124.5932
338391.5657
348478.8756
355659.3484
361353.1742
372127.5245
386510.7137
398805.0503
413432.1207
430964.1929
446415.1212
466234.301
481742.12
485647.0881
480702.8914
475394.4768
469735.6798
463734.9046
457243.6178
450311.6614
442764.84
434639.823
425973.5406
416430.9138
406087.8403
394835.3782
382565.9395
369273.9809
354596.597
338598.8739
321275.4455
302549.9819
282406.787
260910.5906
238311.9028
214803.6353
190866.2975
166606.0534
142582.7208
119378.7193
97495.5769
77550.7712
60045.7007
45122.46939
32898.38155
23284.92526
15966.25563
287692
285772.8836
284109.4174
282947.2194
282547.273
283087.6785
284694.0713
287400.2929
291214.7931
296105.0301
302059.6016
309063.4019
316947.1102
325484.8179
334524.1506
343817.663
353108.4308
362294.136
371239.378
379706.9861
387431.3426
394148.4818
399640.8015
403770.1479
406402.8971
407480.0886
407009.5043
405174.1269
401913.9248
385957.8748
364751.2847
351942.2963
341803.5249
334102.3377
332116.4576
337297.3415
347272.7081
354338.8411
359912.0689
370532.8452
384731.2632
396833.2576
411237.5712
428504.1974
443671.6978
463145.0148
478296.1338
481892.4327
476681.308
471082.9778
465111.5157
458773.9968
451911.1257
444570.0041
436561.1102
427914.5142
418658.8901
408436.078
397318.0554
385186.6798
371929.7051
357546.109
341675.4156
324406.945
305767.0182
285720.958
264308.8289
241663.5781
218111.8273
194057.0595
169718.6599
145472.2455
121965.94
99830.6124
79561.58586
61673.77863
46493.57739
33989.4779
24087.27311
16551.1997
289603
287614.9487
285688.6605
284020.9743
282856.1553
282453.5117
282989.8724
284590.1489
287287.9191
291091.6949
295969.2303
301909.5049
308897.7093
316764.6005
325283.9574
334302.6514
343572.3287
352835.2906
361988.7595
370897.3986
379324.5742
387005.3685
393676.3477
399120.0975
403198.3678
405777.5271
406798.9729
406271.3857
404378.6018
401062.6568
385079.6788
363862.5251
351026.2527
340854.0564
333111.6994
331064.0833
336153.7659
346010.826
352956.5375
358403.4682
368864.0531
382869.8827
394771.0027
408941.5885
425928.2452
440795.1855
459900.9088
474672.0022
477938.4406
472441.427
466532.5917
460224.9919
453522.4136
446252.4334
438457.3359
429930.4685
420694.2461
410768.8565
399773.8732
387779.4038
374661.6202
360308.6824
344730.663
327578.9486
308977.1971
288994.9557
267651.9155
245056.4851
221420.4443
197283.3985
172783.3894
148407.9774
124635.3136
102165.0883
81612.15674
63388.09628
47838.47289
35083.30343
24926.54564
17145.41755
291366
289526.9822
287531.7233
285601.2251
283931.0204
282763.7216
282357.3627
282888.0547
284480.4358
287168.1495
290959.9903
295824.0936
301749.7274
308722.0942
316571.6172
325071.3725
334067.2864
343310.2137
352542.0653
361660.072
370529.2955
378913.6867
386548.771
393171.2581
398563.6654
402587.717
405110.2049
406073.4973
405487.6756
403537.536
400166.855
384159.4405
362934.0803
350070.8153
339863.9334
332077.8232
329964.4776
334957.6098
344690.1396
351509.6971
356824.8375
367118.3096
380922.7161
392612.7323
406536.3955
423226.0961
437773.136
456487.6355
470854.0037
473768.4129
467965.211
461722.5227
455050.5123
447947.4677
440225.5979
431920.7401
422807.944
412901.7422
402214.4419
390345.218
377365.5563
363150.8093
347596.2515
330731.3546
312230.922
292264.7445
270958.282
248398.5824
224773.4837
200514.3699
175886.4799
151303.8983
127351.7952
104577.2799
83666.48832
65139.51423
49256.48507
36158.8349
25769.60378
17767.73848
292785
291291.0419
289444.7243
287445.2022
285512.207
283839.6516
282668.8915
282257.2389
282780.5365
284363.4735
287039.9756
290819.2032
295669.5823
301580.3906
308536.4375
316367.4337
324845.565
333815.9183
343028.9233
352226.5543
361306.3721
370133.8757
378473.3514
386060.3967
392631.6213
397969.55
401936.3077
404399.711
405303.592
404659.5481
402652.9571
399228.6478
383198.5181
361966.037
349074.7328
338830.8289
330997.7723
328814.5466
333705.943
343307.9887
349995.78
355173.3135
365291.7521
378884.2363
390350.8664
404012.2322
420385.9445
434592.1528
452890.4108
466826.0414
469364.5757
463232.0359
456627.2815
449555.4734
442007.3101
433777.8508
424895.4369
415116.4204
404447.993
392896.1784
380042.7944
365965.3324
350544.8685
333692.4527
315467.2565
295581.324
274263.5749
251708.1663
228080.9354
203792.7619
178998.5155
154240.4809
130036.7219
107036.2635
85792.60118
66897.89127
50707.85842
37294.27171
26600.4299
18393.98809
293399.0091
292709.6768
291208.2828
289357.6276
287355.6094
285420.3294
283744.4607
282568.6572
282149.9604
282664.273
284236.5514
286901.0853
290667.3061
295503.6576
301399.0287
308337.4366
316147.6723
324601.1357
333542.4071
342721.9262
351882.0804
360920.7949
369703.7435
377995.1798
385530.5197
392046.3485
397325.6131
401231.3802
403632.9792
404475.8405
403772.5097
401708.9212
398230.0319
382176.4241
360936.1082
348013.6297
337728.8145
329844.2403
327585.8351
332367.8369
341829.3957
348375.8635
353406.187
363336.9201
376701.461
387927.1982
401301.0195
417331.3016
431167.4694
449016.1197
462486.7358
464617.2469
458120.1368
451113.202
443593.9924
435533.4673
426722.3412
417165.9386
406617.3279
395077.984
382526.427
368561.691
353261.6919
336523.1255
318291.6924
298645.0821
277375.8796
254778.6361
231119.8134
206791.4906
181925.1252
156969.5245
132560.5405
109292.8829
87809.89025
68597.88454
52076.66713
38393.17092
27435.71974
18987.02033
293399.0091
293323.528
292626.5147
291120.6554
289267.4387
287263.1385
285324.6084
283643.845
282461.2604
282033.9562
282538.1094
284099.0177
286751.2346
290504.1885
295325.9501
301204.6313
308123.2531
315909.7877
324335.1746
333243.9
342386.7477
351506.5605
360501.3691
369236.6516
377476.3725
384955.8321
391411.9957
396628.7721
400470.6555
402808.6395
403589.2048
402825.849
400704.1012
397167.8448
381088.9891
359838.9493
346881.7491
336551.8247
328611.6811
326272.2697
330936.362
340247.2764
346642.557
351514.9598
361243.7139
374362.5413
385323.9276
398385.053
414042.6376
427479.0091
444842.3634
457808.9721
459490.0615
452588.0301
445131.0642
437096.9102
428449.4022
418959.6087
408624.8843
397197.061
384650.648
370970.293
355767.924
339131.2764
320991.7224
301318.906
280250.9348
257669.8285
233939.1356
209546.7149
184602.0804
159535.9622
134905.9915
111414.0945
89661.16471
70210.86469
53400.02698
39429.55676
28244.1305
19583.23871
293399.0091
293323.528
293240.1915
292538.4605
291029.917
289174.3527
287166.7995
285223.4324
283536.0396
282345.1283
281908.0739
282401.3975
283950.6305
286590.3147
290329.4876
295135.4697
300995.4025
307891.4065
315650.9478
324044.9076
332917.9909
342021.361
351098.075
360045.9037
368729.8656
376913.6907
384332.9521
390725.5261
395876.7738
399652.7742
401925.6584
402642.9738
401818.2351
399635.3151
396037.7536
379930.5704
358668.6081
345672.8612
335294.2006
327294.0022
324867.0478
329404.6599
338554.4128
344787.5249
349489.8606
359000.7705
371850.2993
382524.0552
395245.6897
410500.6732
423505.4475
440343.0614
452756.918
453941.4121
446586.3348
438611.4694
429987.4153
420655.2518
410381.8308
399158.1076
386713.7959
373030.3412
358092.9169
341537.2595
323479.5005
303874.9579
282760.0725
260340.6266
236593.8442
212102.8769
187061.66
161883.4698
137111.6923
113385.3923
91401.35397
71691.10319
54655.65147
40431.53126
29006.55299
20160.27117
293399.0091
293323.528
293240.1915
293151.9526
292447.2802
290936.2638
289077.3727
287064.9702
285115.0265
283419.4655
282219.1071
281771.6668
282253.897
283791.2822
286417.9674
290142.2298
294930.4569
300768.9193
307639.1365
315368.4529
323727.995
332562.709
341623.8983
350654.4899
359551.7322
368180.2217
376303.8234
383658.8979
389984.7202
395068.2746
398776.711
400983.3277
401635.8174
400746.4773
398498.203
394833.8942
378694.8831
357418.6428
344381.1537
333949.7259
325884.3798
323363.4368
327765.7426
336742.6637
342801.1829
347319.8963
356591.6171
369148.3301
379509.68
391864.5254
406684.9309
419221.9551
435483.7487
447289.5758
447921.7699
440045.4255
431477.3398
422165.2861
412042.7573
400874.3502
388623.0843
375031.1614
360081.4553
343769.2531
325774.4413
306230.0761
285158.6921
262671.5037
239046.1856
214509.7907
189343.5374
164040.3539
139129.2359
115239.2333
93018.55768
73082.52041
55807.94321
41382.2203
29743.6606
20704.47784
293399.0091
293323.528
293240.1915
293151.9526
293060.5811
292353.1709
290838.6929
288974.8659
286955.8645
284997.8033
283292.9648
282082.5495
281624.4953
282095.5009
283620.6182
286233.2325
289940.6855
294708.5372
300522.485
307363.8118
315060.0258
323382.5205
332176.2382
341192.283
350173.2084
359015.7697
367584.4856
375643.8509
382931.4902
389188.2544
394202.2609
397841.7631
399980.3226
400564.5461
399606.2035
397286.8644
393549.7352
377375.1259
356083.0438
343000.2419
332511.4379
324376.0602
321754.5769
326011.7283
334802.6687
340672.7482
344989.1299
354000.5218
366239.3586
376263.1309
388222.0124
402571.5675
414595.7199
430224.9915
441358.1424
441361.3011
432887.9722
423628.1066
413521.8752
402496.7973
390294.03
376882.7702
362012.8217
345678.2502
327903.4227
308402.6401
287368.7539
264899.7144
241186.4097
216733.2266
191492.1814
166041.4051
140982.9497
116934.9324
94539.40275
74375.60106
56891.09201
42254.67154
30443.03981
21230.61509
293399.0091
293323.528
293240.1915
293151.9526
293060.5811
292966.2744
292255.1248
290735.5616
288865.0343
286837.8844
284870.5981
283155.8876
281935.2155
281466.4524
281925.8567
283437.6876
286034.4035
289722.5203
294467.0685
300253.5295
307063.2131
314723.8015
323006.718
331756.5593
340723.9886
349651.2258
358434.8622
366939.8054
374931.6395
382149.4292
388335.13
393278.0379
396846.6162
398913.467
399424.79
398391.4969
395994.7274
392178.2087
375964.9537
354655.2092
341522.9742
330972.4458
322762.1621
320032.731
324133.5548
332723.8963
338386.589
342482.3416
351210.9184
363106.3316
372765.6381
384295.3899
398129.0741
409589.1996
424519.8488
434893.8076
434182.4447
425013.0774
414954.7459
403941.6479
391873.6557
378503.2366
363800.1561
347532.3622
329724.3147
310418.0943
289407.5053
266952.7633
243232.3649
218673.6787
193477.0353
167925.6198
142702.7345
118492.9363
95930.51214
75591.63547
57897.69072
43074.77159
31084.86298
21729.82233
293399.0091
293323.528
293240.1915
293151.9526
293060.5811
292966.2744
292868.0227
292151.4912
290625.0607
288746.2693
286709.8579
284732.7576
283007.993
281776.9983
281297.1865
281744.0191
283240.8005
285819.1777
289485.1369
294203.5323
299959.8846
306735.5229
314358.0613
322598.6241
331301.2156
340216.0914
349085.4707
357806.2288
366244.0966
374165.9166
381311.7343
387424.6628
392294.3066
395788.1191
397778.4089
398210.6349
397095.7672
394614.6801
390712.7205
374457.396
353127.7448
339942.2732
329325.7281
321034.9242
318189.0029
322121.0264
330491.0796
335927.7765
339783.5041
348206.4535
359731.1357
368995.3471
380054.5794
393321.3996
404157.7048
418302.1354
427820.1467
426284.0015
416311.3608
405341.3227
393280.3722
380035.1417
365364.3717
349248.2036
331492.8547
312141.888
291298.8237
268846.6724
245117.4856
220528.6612
195209.2705
169666.2017
144322.1052
119938.3761
97208.65987
76703.93606
58844.31277
43836.91216
31688.17373
22187.94687
293399.0091
293323.528
293240.1915
293151.9526
293060.5811
292966.2744
292868.0227
292764.1718
292040.4522
290505.5721
288617.391
286571.1274
284584.0394
282849.1738
281607.5456
281115.7544
281548.3085
283027.6767
285584.9924
289226.0593
293915.8042
299639.7748
306379.0658
313960.8943
322155.8499
330807.3644
339665.6029
348473.2345
357127.8371
365496.1163
373345.7221
380417.7338
386455.5729
391247.9517
394661.9537
396569.2583
396915.4934
395711.8828
393140.0873
389146.0266
372844.6455
351493.3324
338250.9271
327563.3657
319185.4223
316213.3839
319959.3626
328089.6382
333280.5905
336876.796
344969.7571
356092.6805
364923.377
375465.1665
388105.6293
398238.2247
411498.3424
420037.4434
417556.264
406666.5084
394643.1052
381399.3613
366843.1003
350749.8508
333129.5056
313816.1212
292916.4454
270603.6229
246856.4834
222237.8216
196865.2072
171185.2541
145818.032
121299.42
98394.46268
77725.91499
59710.18323
44553.64175
32248.8463
22618.58177
293399.0091
293323.528
293240.1915
293151.9526
293060.5811
292966.2744
292868.0227
292764.1718
292652.9
291920.3817
290375.9086
288477.7375
286421.449
284424.3357
282679.0763
281425.9134
280920.4802
281336.4582
282795.7786
285329.4053
288943.1992
293602.1445
299291.5637
305991.9797
313529.9756
321675.6312
330272.0997
339069.8875
347812.5379
356398.4749
364694.9265
372470.3982
379466.1708
385424.7915
390134.7048
393462.2764
395279.4553
395532.2372
394233.1899
391563.6601
387470.0137
371118.9756
349744.5152
336440.8021
325676.2531
317203.6167
314091.3646
317634.4476
325504.2184
330429.5121
333745.4125
341480.604
352163.0951
360516.6835
370486.1848
382421.2553
391760.7764
404012.5577
411437.598
407882.5705
395933.3151
382720.9261
368159.9642
352169.4305
334561.8479
315365.4983
294487.5593
272106.3214
248469.7249
223814.4985
198390.9691
172637.398
147123.5675
122556.7122
99511.0293
78674.05694
60505.74278
45209.23071
32776.11204
23018.78212
293399.0091
293323.528
293240.1915
293151.9526
293060.5811
292966.2744
292868.0227
292764.1718
292652.9
292532.5776
291790.0866
290235.4042
288327.0633
286260.7142
284253.291
282496.753
281230.4237
280709.1023
281105.9459
282542.6878
285050.3561
288634.8461
293260.9497
298913.4321
305571.9985
313062.6149
321155.1421
329692.859
338427.0195
347102.2004
355617.2277
363839.8847
371538.7143
378454.0319
384328.1136
388948.7893
392182.5785
393901.9007
394054.2156
392652.3795
389877.2346
385676.6519
369272.5132
347872.8832
334502.5461
323654.1462
315074.9522
311809.0881
315131.4171
322719.6638
327358.0583
330369.7866
337712.267
347910.4905
355735.9312
365059.8733
376201.0742
384634.0482
395740.8057
401905.658
397117.2815
383972.1587
369435.6539
353433.6199
335915.9104
316721.4615
295941.5071
273565.8162
249849.5109
225277.1574
199798.4633
173975.3874
148371.5989
123653.9848
100542.4806
79566.83915
61243.82394
45811.58417
33258.39939
23395.13715
293399.0091
293323.528
293240.1915
293151.9526
293060.5811
292966.2744
292868.0227
292764.1718
292652.9
292532.5776
292402.0093
291648.898
290083.8119
288165.259
286088.5651
284069.9523
282300.5195
281018.8126
280479.104
280854.3673
282266.3639
284746.1574
288299.4238
292890.4373
298503.1664
305116.5003
312556.0622
320591.891
329067.7695
337735.85
346341.3312
354783.4689
362929.7889
370547.7202
377377.1885
383159.8487
387683.7711
390815.8166
392429.9713
392474.1229
390961.2651
388072.7313
383757.7593
367296.3785
345868.7663
332425.6372
321482.1941
312785.5287
309351.9628
312435.5975
319719.8756
324047.0365
326724.0608
333634.1658
343296.9068
350525.6587
359122.0795
369357.4008
376759.0518
386572.5196
391298.1184
385120.3575
370643.4529
354658.2823
337121.7543
318003.3191
297213.9539
274916.4689
251189.6269
226528.1519
201104.1741
175209.6641
149521.5215
124702.9266
101442.6557
80391.56498
61938.8103
46370.41818
33701.52376
23739.38721
293399.0091
293323.528
293240.1915
293151.9526
293060.5811
292966.2744
292868.0227
292764.1718
292652.9
292532.5776
292402.0093
292260.5245
291496.5674
289921.0218
287991.9646
285904.0427
283872.626
282088.1032
280788.5605
280228.0865
280579.6946
281965.1362
284415.2541
287935.1799
292488.4383
298058.2053
304622.8048
312007.8924
319984.0567
328395.7144
336995.5124
345529.3201
353896.0265
361961.7571
369493.3732
376230.0528
381913.6585
386332.6875
389355.4193
390856.3916
390783.7762
389151.7444
386141.9173
381704.1079
365180.3616
343721.2851
330194.822
319146.2137
310320.7087
306705.584
309531.4032
316486.1092
320471.084
322778.6495
329209.8981
338268.822
344824.2677
352589.0992
361795.1784
368030.5236
376369.6691
379476.9913
371751.7946
355817.7695
338289.8953
319144.8618
298416.8593
276098.5152
252429.8036
227743.1794
202220.9328
176354.6837
150582.3091
125669.4101
102303.1815
81111.32532
62580.81816
46896.62321
34112.63283
24055.68327
293399.0091
293323.528
293240.1915
293151.9526
293060.5811
292966.2744
292868.0227
292764.1718
292652.9
292532.5776
292402.0093
292260.5245
292107.8746
291332.9845
289746.6715
287806.2145
285705.4424
283659.0267
281856.975
280537.2661
279954.0263
280280.2669
281637.4648
284055.9176
287539.9821
292052.4431
297575.9305
304088.5486
311416.3332
319330.5532
327675.851
336205.413
344665.0257
352952.0902
360931.8404
368370.2023
375006.401
380582.6839
384889.0428
387794.168
389173.0123
388975.077
387215.5619
384075.5072
379505.0872
362912.9758
341414.668
327795.5333
316631.2701
307666.0428
303854.6521
306400.6868
312993.5937
316601.1816
318498.335
324388.1382
332766.7917
338551.3865
345370.191
353413.3243
358317.0541
364999.531
366304.3249
356881.7777
339395.8692
320250.7122
299488.0921
277215.9607
253515.165
228867.596
203305.5838
177334.0051
151566.3854
126560.9778
103096.0606
81799.38291
63141.11564
47382.71587
34499.73822
24349.12726
293399.0091
293323.528
293240.1915
293151.9526
293060.5811
292966.2744
292868.0227
292764.1718
292652.9
292532.5776
292402.0093
292260.5245
292107.8746
291943.9486
291157.7852
289559.7897
287606.2929
285490.464
283426.6114
281604.7243
280262.9035
279655.2662
279954.5535
281281.6377
283666.0442
287111.3632
291579.8859
297054.0333
303512.0043
310780.3276
318630.5612
326907.6019
335364.441
343745.711
351947.8093
359834.6945
367172.114
373699.4983
379160.5257
383345.7009
386123.9774
387371.7683
387039.7735
385143.4063
381862.8248
377148.7599
360477.5686
338933.8527
325212.4311
313922.6199
304806.1831
300781.3526
303019.4669
309213.987
312402.7855
313833.4615
319111.8807
326713.2544
331619.8863
337368.8611
344085.6481
347492.2859
352329.4161
351652.206
340410.7707
321297.7104
300525.8309
278211.0882
254541.2096
229851.648
204309.3468
178285.1703
152408.0541
127388.0714
103827.4805
82433.35162
63676.73411
47806.94197
34857.33474
24625.43776
293399.0091
293323.528
293240.1915
293151.9526
293060.5811
292966.2744
292868.0227
292764.1718
292652.9
292532.5776
292402.0093
292260.5245
292107.8746
291943.9486
291768.3818
290969.9932
289358.6499
287389.8842
285256.5481
283172.956
281329.3177
279963.8138
279330.2791
279600.8526
280895.5721
283243.1999
286646.8011
291068.5048
296490.8262
302892.1417
310099.0782
317883.5191
326089.8872
334469.9334
342767.6257
350877.9728
358664.3671
365892.5139
372303.0611
377640.1542
381694.6694
384336.8456
385444.4419
384968.5586
382924.5716
379491.8584
374617.8204
357858.2369
336262.9781
322430.3726
311004.6032
301723.2594
297462.1436
299360.3044
305113.5513
307827.1903
308728.8787
313306.7472
320024.1281
323937.1153
328464.6482
333690.8111
335429.8946
338236.2915
335422.5571
322258.4927
301508.3425
279175.1014
255454.9411
230781.9199
205187.8067
179165.4021
153225.5241
128095.4746
104506.0076
83018.17899
64170.24709
48212.48249
35169.41882
24880.68523
293399.0091
293323.528
293240.1915
293151.9526
293060.5811
292966.2744
292868.0227
292764.1718
292652.9
292532.5776
292402.0093
292260.5245
292107.8746
291943.9486
291768.3818
291580.196
290767.8738
289140.9228
287154.4121
285001.255
282896.0157
281029.09
279638.4681
278977.367
279217.0939
280476.8576
282784.8966
286144.0717
290516.6461
295885.303
302228.1836
309372.0385
317088.3769
325220.1173
333518.2413
341725.6947
349736.7762
357414.4166
364525.2498
370810.187
376013.696
379928.0381
382424.6191
383381.7644
382750.7312
380547.0129
376945.195
371895.7416
355038.2339
333386.3866
319433.2735
307858.9864
298393.6562
293870.0895
295390.5368
300644.7175
302820.301
303112.6278
306892.1057
312610.0007
315387.4079
318541.722
322107.506
322012.7483
322625.8214
317536.2737
302409.9482
280087.8108
256340.1032
231610.3623
206018.2574
179935.7518
153982.0311
128782.5394
105086.3436
83560.71435
64625.50598
48586.14307
35467.75676
25103.44654
293399.0091
293323.528
293240.1915
293151.9526
293060.5811
292966.2744
292868.0227
292764.1718
292652.9
292532.5776
292402.0093
292260.5245
292107.8746
291943.9486
291768.3818
291580.196
291377.6528
290549.0863
288904.0159
286897.4204
284722.5267
282594.116
280702.5064
279285.1667
278594.464
278800.8814
280023.0304
282288.9403
285601.5496
289923.3239
295236.7044
301519.5976
308598.1866
316242.6165
324294.7443
332504.4261
340614.265
348517.9385
356078.8334
363063.5634
369213.1447
374273.3584
378037.7472
380378.1019
381173.0786
380374.2519
377993.2687
374206.2048
368965.1199
352001.0279
330287.4477
316202.4059
304461.6737
294790.3535
289973.1267
291064.1107
295754.653
297311.5362
296906.7007
299782.2131
304359.251
305859.5455
307484.2826
309223.2534
307151.0362
305421.9192
297978.5801
280925.3623
257178.158
232412.9019
206757.8051
180664.0005
154644.1009
129418.3662
105649.9944
84024.7383
65047.84267
48930.8398
35742.64206
25316.39605
293399.0091
293323.528
293240.1915
293151.9526
293060.5811
292966.2744
292868.0227
292764.1718
292652.9
292532.5776
292402.0093
292260.5245
292107.8746
291943.9486
291768.3818
291580.196
291377.6528
291158.4064
290311.0256
288645.4584
286616.8376
284418.6778
282265.7137
280347.8606
278901.8412
278179.1797
278349.7661
279531.918
281753.7275
285018.2655
289287.7943
294544.5102
300765.3875
307775.0718
315342.7879
323308.9664
331422.9877
339427.2194
347215.5996
354651.0157
361499.885
367504.2828
372411.2017
376014.706
378186.7204
378806.3948
377821.667
375246.6629
371257.3762
365808.7752
348729.0596
326946.797
312713.0212
300785.0956
290881.1872
285726.0466
286329.8773
290374.4232
291224.3807
290028.144
291870.0286
295164.5496
295242.3385
295184.9567
294951.8092
290772.3212
286610.3729
276808.8189
257947.2024
233172.7313
207474.2296
181312.5336
155269.9875
129974.8207
106171.611
84475.4212
65409.06213
49250.60965
35996.21995
25512.60539
293399.0091
293323.528
293240.1915
293151.9526
293060.5811
292966.2744
292868.0227
292764.1718
292652.9
292532.5776
292402.0093
292260.5245
292107.8746
291943.9486
291768.3818
291580.196
291377.6528
291158.4064
290919.8465
290051.2089
288363.1661
286310.9672
284088.1551
281909.0929
279963.0766
278486.0987
277729.0703
277861.5883
279001.9324
281178.3019
284393.4881
288609.5476
293807.7473
299963.1649
306899.3365
314384.2218
322257.4354
330267.9739
338158.8506
345823.322
353123.5694
359826.7231
365675.8049
370418.2706
373848.4623
375838.5787
376264.3313
375076.3081
372289.6352
368081.4221
362408.4592
345201.8835
323338.8448
308936.8025
296796.434
286620.8072
281078.6381
281121.0986
284429.2981
284477.4685
282373.3997
283052.627
284918.5946
283432.6886
281561.4158
279223.6134
272863.0729
266248.2611
254167.3698
233869.9918
208152.5268
181940.7891
155827.3632
130500.864
106628.1124
84892.49435
65759.89626
49524.10495
36231.46026
25693.6058
293399.0091
293323.528
293240.1915
293151.9526
293060.5811
292966.2744
292868.0227
292764.1718
292652.9
292532.5776
292402.0093
292260.5245
292107.8746
291943.9486
291768.3818
291580.196
291377.6528
291158.4064
290919.8465
290659.4849
289767.5418
288055.432
285978.2455
283729.2318
281522.166
279545.7521
278035.4927
277241.981
277334.7696
278432.1268
280561.9419
283726.7163
287887.6302
293024.0826
299109.6574
305966.4365
313361.7176
321134.3636
329033.8312
336802.8891
344333.8957
351489.1763
358036.444
363718.9177
368284.2683
371527.2567
373316.4315
373530.2885
372120.6229
369104.8506
364659.9811
358742.9245
341392.4811
319434.3122
304840.0425
292449.4166
281958.8452
275965.3875
275365.426
277839.8103
276969.2238
273842.8915
273227.1094
273521.8929
270351.5449
266547.2578
262025.6731
253477.6322
244470.6079
230442.9749
208774.969
182535.6096
156367.3116
130969.3255
107059.6653
85257.5029
66084.56688
49789.73704
36432.65845
25861.51709
293399.0091
293323.528
293240.1915
293151.9526
293060.5811
292966.2744
292868.0227
292764.1718
292652.9
292532.5776
292402.0093
292260.5245
292107.8746
291943.9486
291768.3818
291580.196
291377.6528
291158.4064
290919.8465
290659.4849
290375.2229
289458.309
287720.683
285616.9342
283339.8068
281102.5175
279093.4315
277547.866
276716.3371
276768.3688
277821.7866
279904.1532
283017.0126
287119.7561
292190.3194
298200.4361
304971.3103
312269.6475
319934.3513
327714.4596
335352.3129
342740.1846
349740.3798
356120.4384
361623.5108
365997.6104
369034.0415
370603.8089
370586.7863
368937.2841
365673.8965
360971.6737
354784.0929
337269.9389
315198.3465
300375.2147
287692.6508
276829.5823
270315.2729
268985.9246
270506.7541
268601.9759
264337.0686
262298.0654
260898.1579
255935.1491
250130.0796
243410.1709
232744.5467
221651.3245
205715.6823
183081.4491
156878.5245
131423.1397
107443.9794
85602.56311
66368.7078
50035.55958
36628.07205
26005.12959
293399.0091
293323.528
293240.1915
293151.9526
293060.5811
292966.2744
292868.0227
292764.1718
292652.9
292532.5776
292402.0093
292260.5245
292107.8746
291943.9486
291768.3818
291580.196
291377.6528
291158.4064
290919.8465
290659.4849
290375.2229
290065.3416
289121.9297
287357.1703
285224.9183
282917.4488
280647.678
278603.9494
277021.6422
276151.1993
276161.6757
277170.4223
279204.0112
282262.1298
286302.7929
291302.1312
297230.5681
303908.4809
311102.7609
318651.4671
326303.0263
333800.172
341034.9178
347868.7699
354068.8067
359378.2092
363541.5032
366352.536
367683.368
367416.5688
365507.8876
361975.334
356988.2472
350499.838
332797.4578
310581.8061
295489.5337
282459.0811
271161.7742
264052.7704
261886.5499
262334.7375
259278.0793
253763.6249
250192.3387
246985.8604
240171.5919
232359.6947
223500.5487
211019.7929
197867.405
180398.6627
157347.6411
131852.8025
107816.2773
85909.8523
66637.31995
50250.69529
36808.91265
26144.61312
293399.0091
293323.528
293240.1915
293151.9526
293060.5811
292966.2744
292868.0227
292764.1718
292652.9
292532.5776
292402.0093
292260.5245
292107.8746
291943.9486
291768.3818
291580.196
291377.6528
291158.4064
290919.8465
290659.4849
290375.2229
290065.3416
289728.2569
288756.6467
286962.7659
284799.7503
282459.6726
280155.4701
278075.7233
276455.8809
275545.8591
275514.2036
276477.1183
278459.2987
281458.9883
285432.5014
290354.6993
296194.7153
302772.8382
309855.2899
317279.0672
324792.7691
332139.3853
339209.8945
345864.6766
351870.412
356966.5229
360899.908
363465.596
364537.9881
364001.3078
361811.0041
357980.8318
352677.3756
345851.9174
327923.1528
305530.1123
290114.1268
276676.0147
264879.6605
257083.597
253974.95
253228.3936
248906.9944
242051.7844
236850.925
231773.5078
223108.7035
213353.9411
202638.6447
188376.6719
173516.2574
155041.9454
132247.0842
108168.762
86207.53355
66876.52923
50454.07347
36967.17832
26273.69465
293399.0091
293323.528
293240.1915
293151.9526
293060.5811
292966.2744
292868.0227
292764.1718
292652.9
292532.5776
292402.0093
292260.5245
292107.8746
291943.9486
291768.3818
291580.196
291377.6528
291158.4064
290919.8465
290659.4849
290375.2229
290065.3416
289728.2569
289362.2078
288360.3214
286535.0074
284338.9285
281964.2867
279624.3022
277507.8092
275849.8727
274899.8308
274825.0424
275739.6792
277666.9777
280603.4208
284504.1598
289342.809
295087.8974
301558.7689
308520.7742
315810.5764
323176.7977
330361.9658
337255.6856
343717.2209
349509.1083
354372.7034
358055.936
360356.2974
361149.4845
360319.6625
357818.3153
353657.9741
348000.5791
340786.4107
322589.3974
299972.0519
284174.331
270266.1504
257888.6629
249317.0944
245158.7967
243099.2952
237419.2999
229144.4628
222262.8033
215307.2577
204859.6304
193439.1379
180894.8486
165193.5298
149126.9264
130309.1999
108492.2209
86489.37254
67108.25921
50635.18944
37116.7945
26386.6625
293399.0091
293323.528
293240.1915
293151.9526
293060.5811
292966.2744
292868.0227
292764.1718
292652.9
292532.5776
292402.0093
292260.5245
292107.8746
291943.9486
291768.3818
291580.196
291377.6528
291158.4064
290919.8465
290659.4849
290375.2229
290065.3416
289728.2569
289362.2078
288965.0514
287930.4796
286071.3778
283840.2467
281429.6895
279053.2255
276899.4952
275203.1317
274212.2064
274092.0098
274955.0965
276822.937
279690.7854
283512.6587
288261.5952
293904.6434
300259.9855
307092.8202
314239.2949
321447.3409
328458.7303
335161.6826
341410.631
346969.4765
351580.1672
354992.9148
357006.6641
357496.6836
356343.4311
353497.4202
348968.174
342903.6021
335243.4311
316721.0025
293830.4249
277590.7502
263132.9866
250097.8392
240662.6279
235352.4811
231879.6409
224759.0038
215030.9975
206472.2372
197696.3003
185737.7
172682.4793
158632.4796
141974.036
125337.762
106902.4288
86748.00324
67327.65679
50810.6425
37250.03338
26493.45648
293399.0091
293323.528
293240.1915
293151.9526
293060.5811
292966.2744
292868.0227
292764.1718
292652.9
292532.5776
292402.0093
292260.5245
292107.8746
291943.9486
291768.3818
291580.196
291377.6528
291158.4064
290919.8465
290659.4849
290375.2229
290065.3416
289728.2569
289362.2078
288965.0514
288534.3082
287464.5921
285569.6576
283302.0926
280854.9256
278441.5238
276250.2933
274514.7486
273480.8084
273312.1154
274119.2993
275922.5972
278716.059
282453.231
287105.7135
292638.8255
298870.2656
305564.913
312557.6665
319595.4631
326419.3472
332912.5066
338929.8451
344235.2794
348572.5436
351693.1359
353395.7652
353551.6045
352040.3461
348809.7491
343857.0252
337326.1859
329144.84
310236.4576
287023.1375
270264.2674
255183.7317
241416.2709
231036.1583
224490.362
219514.7451
210915.6477
199754.212
189583.9362
179243.0067
165807.4311
151430.7903
136335.2027
119325.9217
102823.9847
85476.84026
67528.98788
50976.75814
37379.10631
26588.56055
293399.0091
293323.528
293240.1915
293151.9526
293060.5811
292966.2744
292868.0227
292764.1718
292652.9
292532.5776
292402.0093
292260.5245
292107.8746
291943.9486
291768.3818
291580.196
291377.6528
291158.4064
290919.8465
290659.4849
290375.2229
290065.3416
289728.2569
289362.2078
288965.0514
288534.3082
288067.4436
286960.4284
285028.2246
282723.5047
280239.2745
277788.7066
275559.2909
273782.5436
272702.6531
272481.3124
273227.7528
274961.003
277674.5551
281320.6399
285869.178
291284.3793
297383.2688
303929.7049
310757.0027
317611.1115
324228.8385
330493.4703
336259.002
341290.4883
345332.4442
348135.98
349495.941
349282.2327
347371.9971
343700.9207
338264.1013
331189.7063
322405.9295
303049.085
279447.7047
262099.5764
246325.6184
231759.6557
220373.2486
212519.4968
205994.3933
195931.2354
183415.4087
171887.8638
160009.6398
145401.8406
130145.7781
114586.6116
97892.02032
82215.80575
66539.45099
51129.19485
37501.31013
26680.69103
293399.0091
293323.528
293240.1915
293151.9526
293060.5811
292966.2744
292868.0227
292764.1718
292652.9
292532.5776
292402.0093
292260.5245
292107.8746
291943.9486
291768.3818
291580.196
291377.6528
291158.4064
290919.8465
290659.4849
290375.2229
290065.3416
289728.2569
289362.2078
288965.0514
288534.3082
288067.4436
287562.2227
286416.3586
284446.1114
282103.7576
279582.2423
277093.8561
274824.2998
273003.5298
271873.7027
271595.0934
272275.5502
273933.531
276561.1258
280109.0201
284546.0643
289835.1253
295791.8441
302178.7472
308827.5286
315479.7124
321872.9003
327889.1078
333382.4446
338118.078
341839.6227
344294.1991
345275.544
344650.4586
342284.2267
338110.5359
332110.5595
324408.9291
314936.6219
295050.6777
271005.5818
253001.3955
236472.6301
221063.3547
208621.9269
199429.9963
191359.6095
179905.1307
166295.1167
153443.7281
140317.572
124964.2536
109384.5421
94004.00811
78272.31504
64000.89849
50379.97253
37613.45096
26767.91843
293399.0091
293323.528
293240.1915
293151.9526
293060.5811
292966.2744
292868.0227
292764.1718
292652.9
292532.5776
292402.0093
292260.5245
292107.8746
291943.9486
291768.3818
291580.196
291377.6528
291158.4064
290919.8465
290659.4849
290375.2229
290065.3416
289728.2569
289362.2078
288965.0514
288534.3082
288067.4436
287562.2227
287017.0118
285831.4105
283822.5882
281442.3541
278882.9055
276354.7719
274042.3218
272173.6648
270989.4599
270648.5805
271258.1132
272835.1026
275370.0047
278812.5667
283130.3361
288284.094
294087.7692
300302.5351
306755.0737
313187.3478
319336.4698
325084.1514
330283.5423
334698.2253
338067.3239
340136.6166
340696.9019
339602.5491
336716.8847
331959.7877
325310.9288
316893.2172
306624.4654
286137.1885
261598.2496
242881.3771
225558.8133
209275.2334
195772.4855
185261.5772
175707.4388
163112.4938
148451.1012
134559.7139
120594.6264
105029.5896
89736.3596
75163.54564
60931.08793
48457.92173
37062.28178
26847.96301
293399.0091
293323.528
293240.1915
293151.9526
293060.5811
292966.2744
292868.0227
292764.1718
292652.9
292532.5776
292402.0093
292260.5245
292107.8746
291943.9486
291768.3818
291580.196
291377.6528
291158.4064
290919.8465
290659.4849
290375.2229
290065.3416
289728.2569
289362.2078
288965.0514
288534.3082
288067.4436
287562.2227
287017.0118
286430.837
285204.8506
283157.1549
280738.3644
278139.0494
275568.4391
273209.2991
271288.4464
270045.0577
269637.2232
270170.4127
271660.0291
274095.4853
277425.3649
281615.185
286623.2717
292261.7936
298287.2891
304526.1048
310719.3614
316604.6777
322062.3846
326942.9311
331004.7339
333984.9351
335626.121
335706.898
334078.8253
330591.4892
325163.2439
317774.3199
308529.4202
297361.3318
276204.5975
251134.3582
231671.7802
213530.9732
196385.5536
181863.9128
170108.1923
159306.6213
145609.9843
130181.5197
115646.0891
101357.0181
86163.66481
71751.22738
58511.06622
46133.63186
35648.31538
26454.54604
293399.0091
293323.528
293240.1915
293151.9526
293060.5811
292966.2744
292868.0227
292764.1718
292652.9
292532.5776
292402.0093
292260.5245
292107.8746
291943.9486
291768.3818
291580.196
291377.6528
291158.4064
290919.8465
290659.4849
290375.2229
290065.3416
289728.2569
289362.2078
288965.0514
288534.3082
288067.4436
287562.2227
287017.0118
286430.837
285802.9631
284536.1764
282448.8759
279989.5594
277347.6397
274730.7774
272320.7124
270343.0022
269035.9556
268556.0222
269006.8158
270402.6809
272731.7528
275940.7435
279992.7827
284843.6427
290300.5067
296119.8495
302126.3709
308061.2851
313661.7304
318804.9252
323335.0216
327007.6306
329556.0159
330710.3861
330246.538
328001.4202
323822.96
317630.0565
309387.2679
299208.7378
287039.1207
265156.4544
239543.8651
219317.9685
200379.174
182433.4257
166988.4382
154230.0175
142212.4944
127690.0533
111883.291
97197.886
83150.77848
68894.57889
55854.74689
44301.32599
33938.43977
25445.27631
293399.0091
293323.528
293240.1915
293151.9526
293060.5811
292966.2744
292868.0227
292764.1718
292652.9
292532.5776
292402.0093
292260.5245
292107.8746
291943.9486
291768.3818
291580.196
291377.6528
291158.4064
290919.8465
290659.4849
290375.2229
290065.3416
289728.2569
289362.2078
288965.0514
288534.3082
288067.4436
287562.2227
287017.0118
286430.837
285802.9631
285132.8867
283824.448
281695.5084
279192.8842
276504.5697
273837.2422
271371.6708
269332.7867
267957.1656
267399.3783
267761.7477
269057.3216
271272.2489
274351.032
278254.322
282932.1369
288191.1013
293786.3588
299541.8041
305197.7516
310489.2384
315286.8209
319430.5352
322671.2363
324729.1866
325331.2956
324238.848
321285.92
316320.8235
309246.812
300040.6699
288822.3982
275557.5982
252918.8057
226770.2774
205809.7366
186143.321
167511.3681
151401.4663
137680.6271
124710.6858
109742.0235
94035.34048
79738.72985
66485.54098
53630.98871
42290.10869
32590.49468
24224.79066
293399.0091
293323.528
293240.1915
293151.9526
293060.5811
292966.2744
292868.0227
292764.1718
292652.9
292532.5776
292402.0093
292260.5245
292107.8746
291943.9486
291768.3818
291580.196
291377.6528
291158.4064
290919.8465
290659.4849
290375.2229
290065.3416
289728.2569
289362.2078
288965.0514
288534.3082
288067.4436
287562.2227
287017.0118
286430.837
285802.9631
285132.8867
284419.6657
283067.4115
280893.9792
278344.2051
275605.2654
272882.9155
270357.6114
268252.8065
266803.1009
266161.7501
266429.528
267617.4811
269709.4329
272647.6007
276387.0354
280876.2722
285920.0909
291273.1374
296757.462
302110.8674
307062.9001
311479.5219
315194.6195
317945.2446
319447.3819
319413.0214
317600.3827
313842.5601
307972.1337
299904.4572
289625.4517
277269.5449
262839.9101
239432.0043
212803.0429
191188.0716
170917.8142
151875.5851
135155.5888
120736.5463
107181.4339
92235.65424
77144.25611
63757.34164
51755.67302
40606.40264
31110.93249
23262.64603
293399.0091
293323.528
293240.1915
293151.9526
293060.5811
292966.2744
292868.0227
292764.1718
292652.9
292532.5776
292402.0093
292260.5245
292107.8746
291943.9486
291768.3818
291580.196
291377.6528
291158.4064
290919.8465
290659.4849
290375.2229
290065.3416
289728.2569
289362.2078
288965.0514
288534.3082
288067.4436
287562.2227
287017.0118
286430.837
285802.9631
285132.8867
284419.6657
283661.0416
282261.9788
280040.1292
277438.9176
274644.7771
271863.2089
269273.5217
267097.4685
265568.2325
264837.491
265003.75
266075.7204
268034.8211
270817.9392
274378.7292
278662.9043
283474.1622
288565.6553
293755.9461
298776.9868
303354.9105
307349.0433
310578.1338
312773.7825
313636.1451
312873.3601
310242.4072
305559.2794
298668.287
289493.9673
278040.4764
264472.8461
248824.0695
224684.9087
197684.5415
175549.9318
154964.068
135578.833
118522.2595
103765.8968
90083.53742
75667.83825
61682.85727
49631.90609
39186.51787
29872.30562
22206.55493
293399.0091
293323.528
293240.1915
293151.9526
293060.5811
292966.2744
292868.0227
292764.1718
292652.9
292532.5776
292402.0093
292260.5245
292107.8746
291943.9486
291768.3818
291580.196
291377.6528
291158.4064
290919.8465
290659.4849
290375.2229
290065.3416
289728.2569
289362.2078
288965.0514
288534.3082
288067.4436
287562.2227
287017.0118
286430.837
285802.9631
285132.8867
284419.6657
283661.0416
282853.9197
281403.9704
279129.3258
276472.039
273618.4868
270773.082
268113.7877
265861.2376
264246.9264
263420.2327
263477.0472
264423.6701
266236.1146
268850.0996
272216.5634
276279.0578
280839.1742
285646.9944
290514.2645
295169.0551
299332.171
302847.4675
305526.4997
307083.9487
307214.7595
305624.8974
302054.1457
296328.3251
288300.7079
277914.2514
265208.1971
250369.9297
233498.4979
208722.2651
181515.0259
159163.8162
138335.9115
118893.4159
101862.8487
87212.85685
73902.2951
60502.34589
48017.02362
37578.51964
28827.7602
21322.44013
293399.0091
293323.528
293240.1915
293151.9526
293060.5811
292966.2744
292868.0227
292764.1718
292652.9
292532.5776
292402.0093
292260.5245
292107.8746
291943.9486
291768.3818
291580.196
291377.6528
291158.4064
290919.8465
290659.4849
290375.2229
290065.3416
289728.2569
289362.2078
288965.0514
288534.3082
288067.4436
287562.2227
287017.0118
286430.837
285802.9631
285132.8867
284419.6657
283661.0416
282853.9197
281994.112
280488.7312
278156.5561
275438.9206
272521.3216
269606.8895
266872.8529
264538.4738
262832.8284
261902.6526
261841.132
262649.1971
264301.5679
266731.5006
269887.8627
273710.9508
277998.6618
282494.7974
287006.1107
291254.8669
294948.014
297921.5747
299968.505
300796.7128
300097.3918
297558.5063
292929.0816
286041.9723
276768.7221
265087.7977
251066.0684
234949.1455
216909.6966
191649.9241
164572.1188
142085.0128
121311.1862
102181.8356
85613.38852
71547.26011
59090.65627
47098.05448
36355.82042
27644.82817
20576.85801
293399.0091
293323.528
293240.1915
293151.9526
293060.5811
292966.2744
292868.0227
292764.1718
292652.9
292532.5776
292402.0093
292260.5245
292107.8746
291943.9486
291768.3818
291580.196
291377.6528
291158.4064
290919.8465
290659.4849
290375.2229
290065.3416
289728.2569
289362.2078
288965.0514
288534.3082
288067.4436
287562.2227
287017.0118
286430.837
285802.9631
285132.8867
284419.6657
283661.0416
282853.9197
281994.112
281076.9535
279511.224
277117.143
274334.4557
271347.5996
268359.044
265545.0558
263122.8156
261318.6324
260276.5127
260083.9896
260740.7139
262218.8124
264449.7224
267379.164
270942.5359
274930.8664
279083.484
283200.17
286989.0139
290150.6078
292501.9253
293826.9506
293828.0346
292176.8888
288569.2556
282760.7257
274600.3357
263995.1376
250952.0893
235602.4076
218257.2836
199167.6684
173761.0091
146912.9867
124598.8931
104259.7657
85881.48969
70235.09604
57207.62188
45999.12461
35660.02808
26745.3433
19732.49742
293399.0091
293323.528
293240.1915
293151.9526
293060.5811
292966.2744
292868.0227
292764.1718
292652.9
292532.5776
292402.0093
292260.5245
292107.8746
291943.9486
291768.3818
291580.196
291377.6528
291158.4064
290919.8465
290659.4849
290375.2229
290065.3416
289728.2569
289362.2078
288965.0514
288534.3082
288067.4436
287562.2227
287017.0118
286430.837
285802.9631
285132.8867
284419.6657
283661.0416
282853.9197
281994.112
281076.9535
280097.3962
278466.7488
276005.9488
273152.9247
270091.6974
267023.8526
264124.011
261606.949
259696.1186
258529.87
258194.1459
258686.0187
259975.6383
261991.573
264674.7911
267952.6069
271610.8925
275382.6039
279052.2897
282321.0629
284872.3242
286513.2416
287019.7437
286072.9994
283350.2169
278552.241
271450.3384
261926.8277
249917.6948
235495.4487
218864.135
200405.0302
180577.035
155115.8787
128832.6978
107085.3547
87627.94231
70455.03958
56158.44423
44533.27638
34827.97949
26233.48014
19090.45752
293399.0091
293323.528
293240.1915
293151.9526
293060.5811
292966.2744
292868.0227
292764.1718
292652.9
292532.5776
292402.0093
292260.5245
292107.8746
291943.9486
291768.3818
291580.196
291377.6528
291158.4064
290919.8465
290659.4849
290375.2229
290065.3416
289728.2569
289362.2078
288965.0514
288534.3082
288067.4436
287562.2227
287017.0118
286430.837
285802.9631
285132.8867
284419.6657
283661.0416
282853.9197
281994.112
281076.9535
280097.3962
279050.7306
277350.1428
274817.2188
271888.6668
268747.8853
265594.8941
262602.3764
259982.645
257953.3709
256651.319
256159.5183
256473.0663
257559.077
259341.6923
261754.0285
264716.9001
268009.1053
271349.2233
274513.4316
277185.2107
279039.849
279875.4744
279444.4005
277430.7262
273514.3692
267410.1925
258922.2109
247959.6768
234524.7647
218764.7749
200962.2444
181698.8994
161200.5225
136026.0763
110724.0586
90002.78507
71887.78591
56334.30627
43716.54399
33718.12072
25621.37938
18725.09665
293399.0091
293323.528
293240.1915
293151.9526
293060.5811
292966.2744
292868.0227
292764.1718
292652.9
292532.5776
292402.0093
292260.5245
292107.8746
291943.9486
291768.3818
291580.196
291377.6528
291158.4064
290919.8465
290659.4849
290375.2229
290065.3416
289728.2569
289362.2078
288965.0514
288534.3082
288067.4436
287562.2227
287017.0118
286430.837
285802.9631
285132.8867
284419.6657
283661.0416
282853.9197
281994.112
281076.9535
280097.3962
279050.7306
277931.783
276155.6236
273545.2579
270535.9141
267309.7008
264064.7857
260971.8919
258237.9744
256079.0089
254628.8492
253968.179
254089.0626
254954.0282
256479.7819
258593.1737
261206.533
264083.7203
266935.6576
269519.6122
271510.1214
272575.2208
272488.6906
271002.3774
267800.3599
262573.8348
255068.528
245115.2801
232687.3449
217863.0527
200871.0115
182204.1023
162202.0071
141361.895
116906.3405
93061.03226
73836.04788
57479.89884
43853.4438
33099.73636
24804.90616
18288.18756
293399.0091
293323.528
293240.1915
293151.9526
293060.5811
292966.2744
292868.0227
292764.1718
292652.9
292532.5776
292402.0093
292260.5245
292107.8746
291943.9486
291768.3818
291580.196
291377.6528
291158.4064
290919.8465
290659.4849
290375.2229
290065.3416
289728.2569
289362.2078
288965.0514
288534.3082
288067.4436
287562.2227
287017.0118
286430.837
285802.9631
285132.8867
284419.6657
283661.0416
282853.9197
281994.112
281076.9535
280097.3962
279050.7306
277931.783
276734.7587
274877.468
272184.263
269088.1611
265769.7133
262425.2212
259220.5828
256361.5444
254061.049
252450.6042
251607.4591
251519.1108
252140.537
253382.6172
255164.0123
257380.7816
259788.3299
262079.6895
264001.4683
265219.9374
265381.1134
264256.7997
261595.1564
257088.385
250455.3806
241467.0934
230018.1402
216156.1716
200043.0452
182121.3852
162653.0001
142240.129
121492.1601
98257.09843
76344.95786
59037.68644
44745.2304
33203.38929
24349.98858
17705.40023
293399.0091
293323.528
293240.1915
293151.9526
293060.5811
292966.2744
292868.0227
292764.1718
292652.9
292532.5776
292402.0093
292260.5245
292107.8746
291943.9486
291768.3818
291580.196
291377.6528
291158.4064
290919.8465
290659.4849
290375.2229
290065.3416
289728.2569
289362.2078
288965.0514
288534.3082
288067.4436
287562.2227
287017.0118
286430.837
285802.9631
285132.8867
284419.6657
283661.0416
282853.9197
281994.112
281076.9535
280097.3962
279050.7306
277931.783
276734.7587
275453.9227
273509.8448
270727.689
267537.9277
264119.563
260664.1591
257337.0129
254341.3581
251887.6612
250103.9906
249062.6072
248743.5249
249095.7716
250022.5521
251426.7625
253194.4163
255062.3826
256713.8706
257885.2403
258219.9589
257363.9426
255083.7358
251131.3888
245223.0984
237099.9404
226594.6527
213676.5995
198475.7777
181370.7027
162579.1588
142635.6192
122246.95
102111.3746
80607.6814
61043.7559
45957.89024
33878.60052
24426.24138
17380.68632
293399.0091
293323.528
293240.1915
293151.9526
293060.5811
292966.2744
292868.0227
292764.1718
292652.9
292532.5776
292402.0093
292260.5245
292107.8746
291943.9486
291768.3818
291580.196
291377.6528
291158.4064
290919.8465
290659.4849
290375.2229
290065.3416
289728.2569
289362.2078
288965.0514
288534.3082
288067.4436
287562.2227
287017.0118
286430.837
285802.9631
285132.8867
284419.6657
283661.0416
282853.9197
281994.112
281076.9535
280097.3962
279050.7306
277931.783
276734.7587
275453.9227
274083.4314
272046.177
269168.0102
265876.7987
262347.1307
258770.0998
255309.1396
252165.5724
249546.2804
247574.3454
246314.1295
245739.7807
245792.5536
246360.6065
247337.2408
248588.4223
249840.2361
250766.4773
251078.8472
250419.1268
248430.1484
244880.4241
239541.0327
232146.6677
222496.4813
210496.3322
196199.021
179949.7264
161909.027
142570.8653
122586.8504
102745.7583
83769.6338
64452.13627
47519.51512
34796.75912
24922.96394
17435.11452
293399.0091
293323.528
293240.1915
293151.9526
293060.5811
292966.2744
292868.0227
292764.1718
292652.9
292532.5776
292402.0093
292260.5245
292107.8746
291943.9486
291768.3818
291580.196
291377.6528
291158.4064
290919.8465
290659.4849
290375.2229
290065.3416
289728.2569
289362.2078
288965.0514
288534.3082
288067.4436
287562.2227
287017.0118
286430.837
285802.9631
285132.8867
284419.6657
283661.0416
282853.9197
281994.112
281076.9535
280097.3962
279050.7306
277931.783
276734.7587
275453.9227
274083.4314
272616.6941
270478.9024
267496.76
264092.5741
260440.8424
256730.9335
253125.075
249821.6084
247022.2761
244842.2911
243339.7218
242481.0659
242192.5625
242353.4872
242837.7978
243498.8236
244052.087
244147.9705
243493.7483
241726.4057
238492.9791
233578.5661
226767.5961
217848.2906
206689.3137
193278.8821
177885.4859
160640.5262
141983.2053
122531.1983
103031.4367
84290.06637
66980.36414
50172.76901
35979.13465
25598.41196
17789.66824
293399.0091
293323.528
293240.1915
293151.9526
293060.5811
292966.2744
292868.0227
292764.1718
292652.9
292532.5776
292402.0093
292260.5245
292107.8746
291943.9486
291768.3818
291580.196
291377.6528
291158.4064
290919.8465
290659.4849
290375.2229
290065.3416
289728.2569
289362.2078
288965.0514
288534.3082
288067.4436
287562.2227
287017.0118
286430.837
285802.9631
285132.8867
284419.6657
283661.0416
282853.9197
281994.112
281076.9535
280097.3962
279050.7306
277931.783
276734.7587
275453.9227
274083.4314
272616.6941
271046.1326
268799.5129
265701.6643
262173.6029
258388.5103
254534.706
250772.192
247294.8192
244296.314
241885.6568
240112.8339
238929.5764
238253.2375
237944.7063
237865.9374
237857.5886
237610.7938
236772.2535
235041.4257
232057.3852
227485.918
221123.0757
212800.5267
202371.3516
189783.257
175237.9176
158797.7855
140870.8164
122026.1394
102984.6625
84524.42989
67396.49062
52140.86813
37988.03097
26468.2325
18271.79373
293399.0091
293323.528
293240.1915
293151.9526
293060.5811
292966.2744
292868.0227
292764.1718
292652.9
292532.5776
292402.0093
292260.5245
292107.8746
291943.9486
291768.3818
291580.196
291377.6528
291158.4064
290919.8465
290659.4849
290375.2229
290065.3416
289728.2569
289362.2078
288965.0514
288534.3082
288067.4436
287562.2227
287017.0118
286430.837
285802.9631
285132.8867
284419.6657
283661.0416
282853.9197
281994.112
281076.9535
280097.3962
279050.7306
277931.783
276734.7587
275453.9227
274083.4314
272616.6941
271046.1326
269363.2213
266995.6748
263771.0011
260107.6162
256178.1029
252168.72
248235.7883
244565.8496
241346.2728
238678.051
236596.0306
235043.3247
233919.0465
233073.027
232355.2018
231579.7875
230432.5652
228553.2521
225639.8034
221347.3432
215355.3159
207503.6636
197682.204
185818.4806
172068.5797
156434.31
139254.8581
121070.1072
102560.172
84486.05742
67583.88255
52464.80182
39478.16619
27946.08725
18892.65965
293399.0091
293323.528
293240.1915
293151.9526
293060.5811
292966.2744
292868.0227
292764.1718
292652.9
292532.5776
292402.0093
292260.5245
292107.8746
291943.9486
291768.3818
291580.196
291377.6528
291158.4064
290919.8465
290659.4849
290375.2229
290065.3416
289728.2569
289362.2078
288965.0514
288534.3082
288067.4436
287562.2227
287017.0118
286430.837
285802.9631
285132.8867
284419.6657
283661.0416
282853.9197
281994.112
281076.9535
280097.3962
279050.7306
277931.783
276734.7587
275453.9227
274083.4314
272616.6941
271046.1326
269363.2213
267555.6003
265055.6089
261692.4266
257882.5026
253796.841
249618.1913
245496.4348
241612.5536
238145.8197
235182.2622
232747.7346
230767.5269
229129.7886
227673.3307
226222.6257
224583.7557
222433.6314
219411.1558
215225.9493
209544.0783
202091.1517
192761.6543
181512.8797
168473.882
153605.0526
137182.2508
119681.2869
101756.6488
84137.81602
67553.20077
52610.67708
39723.43077
29042.31277
19947.532
293399.0091
293323.528
293240.1915
293151.9526
293060.5811
292966.2744
292868.0227
292764.1718
292652.9
292532.5776
292402.0093
292260.5245
292107.8746
291943.9486
291768.3818
291580.196
291377.6528
291158.4064
290919.8465
290659.4849
290375.2229
290065.3416
289728.2569
289362.2078
288965.0514
288534.3082
288067.4436
287562.2227
287017.0118
286430.837
285802.9631
285132.8867
284419.6657
283661.0416
282853.9197
281994.112
281076.9535
280097.3962
279050.7306
277931.783
276734.7587
275453.9227
274083.4314
272616.6941
271046.1326
269363.2213
267555.6003
265611.4658
262966.9114
259453.7555
255485.3977
251229.8448
246863.5826
242531.9013
238408.5693
234657.8262
231356.9616
228513.6971
226042.7932
223821.4468
221664.3238
219388.4339
216787.8498
213536.319
209284.7697
203749.1054
196637.8398
187733.6719
176994.8041
164570.1728
150396.0778
134701.1845
117900.004
100589.3773
83478.62556
67274.75457
52586.79284
39833.8794
29222.74289
20730.00267
293399.0091
293323.528
293240.1915
293151.9526
293060.5811
292966.2744
292868.0227
292764.1718
292652.9
292532.5776
292402.0093
292260.5245
292107.8746
291943.9486
291768.3818
291580.196
291377.6528
291158.4064
290919.8465
290659.4849
290375.2229
290065.3416
289728.2569
289362.2078
288965.0514
288534.3082
288067.4436
287562.2227
287017.0118
286430.837
285802.9631
285132.8867
284419.6657
283661.0416
282853.9197
281994.112
281076.9535
280097.3962
279050.7306
277931.783
276734.7587
275453.9227
274083.4314
272616.6941
271046.1326
269363.2213
267555.6003
265611.4658
263518.388
260717.3377
257042.0453
252901.3229
248457.451
243882.5399
239315.7258
234916.7275
230841.0556
227148.2243
223835.1083
220805.9691
217914.1031
214967.8384
211772.8716
208116.3678
203681.0716
198124.737
191199.7909
182667.7883
172378.0832
160473.8217
146911.2495
131887.1319
115767.6747
99092.24976
82521.02498
66747.68032
52370.03638
39815.79559
29303.99499
20858.79121
293399.0091
293323.528
293240.1915
293151.9526
293060.5811
292966.2744
292868.0227
292764.1718
292652.9
292532.5776
292402.0093
292260.5245
292107.8746
291943.9486
291768.3818
291580.196
291377.6528
291158.4064
290919.8465
290659.4849
290375.2229
290065.3416
289728.2569
289362.2078
288965.0514
288534.3082
288067.4436
287562.2227
287017.0118
286430.837
285802.9631
285132.8867
284419.6657
283661.0416
282853.9197
281994.112
281076.9535
280097.3962
279050.7306
277931.783
276734.7587
275453.9227
274083.4314
272616.6941
271046.1326
269363.2213
267555.6003
265611.4658
263518.388
261264.0967
258293.8821
254442.226
250110.4839
245457.1614
240648.4538
235810.5973
231095.7458
226641.7035
222497.5922
218649.4305
214978.2132
211330.912
207505.7268
203301.988
198511.2651
192819.854
185921.8386
177616.0832
167726.5611
156288.0331
143254.4504
128831.1745
113349.1634
97300.07588
81292.8188
65982.00388
51959.7354
39651.67965
29290.69154
20916.78784
293399.0091
293323.528
293240.1915
293151.9526
293060.5811
292966.2744
292868.0227
292764.1718
292652.9
292532.5776
292402.0093
292260.5245
292107.8746
291943.9486
291768.3818
291580.196
291377.6528
291158.4064
290919.8465
290659.4849
290375.2229
290065.3416
289728.2569
289362.2078
288965.0514
288534.3082
288067.4436
287562.2227
287017.0118
286430.837
285802.9631
285132.8867
284419.6657
283661.0416
282853.9197
281994.112
281076.9535
280097.3962
279050.7306
277931.783
276734.7587
275453.9227
274083.4314
272616.6941
271046.1326
269363.2213
267555.6003
265611.4658
263518.388
261264.0967
258835.5587
255681.4012
251634.3826
247090.2327
242202.1944
237123.8055
231975.0766
226891.7605
222001.4419
217342.9012
212878.5924
208483.7154
203995.0479
199205.5284
193919.0812
187925.7255
180943.6939
172713.1008
163088.058
152070.6917
139517.8107
125624.4104
110722.7494
95267.37266
79822.56389
64999.95712
51363.69453
39341.02256
29169.95882
20907.29202
293399.0091
293323.528
293240.1915
293151.9526
293060.5811
292966.2744
292868.0227
292764.1718
292652.9
292532.5776
292402.0093
292260.5245
292107.8746
291943.9486
291768.3818
291580.196
291377.6528
291158.4064
290919.8465
290659.4849
290375.2229
290065.3416
289728.2569
289362.2078
288965.0514
288534.3082
288067.4436
287562.2227
287017.0118
286430.837
285802.9631
285132.8867
284419.6657
283661.0416
282853.9197
281994.112
281076.9535
280097.3962
279050.7306
277931.783
276734.7587
275453.9227
274083.4314
272616.6941
271046.1326
269363.2213
267555.6003
265611.4658
263518.388
261264.0967
258835.5587
256217.5991
252859.8832
248595.7294
243813.6098
238654.7894
233266.9252
227755.0949
222246.3792
216858.2454
211606.5464
206447.5242
201246.6852
195835.2761
190011.6837
183578.4182
176351.0046
168088.6263
158586.1127
147865.1539
135753.004
122347.6315
107966.7259
93059.93189
78154.98469
63824.3735
50599.22018
38889.73355
28941.42236
20821.11466
293399.0091
293323.528
293240.1915
293151.9526
293060.5811
292966.2744
292868.0227
292764.1718
292652.9
292532.5776
292402.0093
292260.5245
292107.8746
291943.9486
291768.3818
291580.196
291377.6528
291158.4064
290919.8465
290659.4849
290375.2229
290065.3416
289728.2569
289362.2078
288965.0514
288534.3082
288067.4436
287562.2227
287017.0118
286430.837
285802.9631
285132.8867
284419.6657
283661.0416
282853.9197
281994.112
281076.9535
280097.3962
279050.7306
277931.783
276734.7587
275453.9227
274083.4314
272616.6941
271046.1326
269363.2213
267555.6003
265611.4658
263518.388
261264.0967
258835.5587
256217.5991
253390.164
249806.4312
245299.1424
240242.6033
234773.0072
229023.4428
223092.0377
217097.5081
211134.6822
205213.9068
199281.1756
193196.8475
186796.9771
179879.3812
172271.4566
163822.2227
154339.895
143783.4275
131998.7343
119046.152
105150.5289
90743.55737
76344.05514
62491.0137
49684.08705
38310.91608
28609.42932
20657.98849
293399.0091
293323.528
293240.1915
293151.9526
293060.5811
292966.2744
292868.0227
292764.1718
292652.9
292532.5776
292402.0093
292260.5245
292107.8746
291943.9486
291768.3818
291580.196
291377.6528
291158.4064
290919.8465
290659.4849
290375.2229
290065.3416
289728.2569
289362.2078
288965.0514
288534.3082
288067.4436
287562.2227
287017.0118
286430.837
285802.9631
285132.8867
284419.6657
283661.0416
282853.9197
281994.112
281076.9535
280097.3962
279050.7306
277931.783
276734.7587
275453.9227
274083.4314
272616.6941
271046.1326
269363.2213
267555.6003
265611.4658
263518.388
261264.0967
258835.5587
256217.5991
253390.164
250330.3085
246493.7893
241706.378
236334.9949
230502.1268
224334.4174
217923.5749
211367.63
204756.2976
198090.3804
191309.958
184280.3188
176836.0977
168800.2507
160032.5044
150422.4598
139933.5587
128354.9907
115753.9128
102313.1032
88376.60836
74443.75906
61043.03411
48646.13304
37618.02816
28183.61931
20421.01643
293399.0091
293323.528
293240.1915
293151.9526
293060.5811
292966.2744
292868.0227
292764.1718
292652.9
292532.5776
292402.0093
292260.5245
292107.8746
291943.9486
291768.3818
291580.196
291377.6528
291158.4064
290919.8465
290659.4849
290375.2229
290065.3416
289728.2569
289362.2078
288965.0514
288534.3082
288067.4436
287562.2227
287017.0118
286430.837
285802.9631
285132.8867
284419.6657
283661.0416
282853.9197
281994.112
281076.9535
280097.3962
279050.7306
277931.783
276734.7587
275453.9227
274083.4314
272616.6941
271046.1326
269363.2213
267555.6003
265611.4658
263518.388
261264.0967
258835.5587
256217.5991
253390.164
250330.3085
247010.7196
242883.5276
237774.9609
232035.6996
225782.8269
219137.1719
212171.8944
204982.2081
197648.6561
190166.7945
182480.5141
174453.6392
165944.4091
156807.9088
146942.7198
136381.7832
124918.2255
112558.5975
99483.61903
85991.81713
72501.97292
59523.59899
47518.95324
36832.14709
27673.89281
20117.07912
293399.0091
293323.528
293240.1915
293151.9526
293060.5811
292966.2744
292868.0227
292764.1718
292652.9
292532.5776
292402.0093
292260.5245
292107.8746
291943.9486
291768.3818
291580.196
291377.6528
291158.4064
290919.8465
290659.4849
290375.2229
290065.3416
289728.2569
289362.2078
288965.0514
288534.3082
288067.4436
287562.2227
287017.0118
286430.837
285802.9631
285132.8867
284419.6657
283661.0416
282853.9197
281994.112
281076.9535
280097.3962
279050.7306
277931.783
276734.7587
275453.9227
274083.4314
272616.6941
271046.1326
269363.2213
267555.6003
265611.4658
263518.388
261264.0967
258835.5587
256217.5991
253390.164
250330.3085
247010.7196
243392.8867
238932.9638
233449.4705
227285.0013
220552.0255
213353.4608
205762.1756
197866.7246
189742.739
181390.1104
172749.8084
163708.6909
154154.9593
143981.8785
133226.8478
121747.5673
109544.7881
96737.43508
83613.70054
70545.54947
57970.98933
46336.14889
35978.70923
27095.75542
19753.24336
293399.0091
293323.528
293240.1915
293151.9526
293060.5811
292966.2744
292868.0227
292764.1718
292652.9
292532.5776
292402.0093
292260.5245
292107.8746
291943.9486
291768.3818
291580.196
291377.6528
291158.4064
290919.8465
290659.4849
290375.2229
290065.3416
289728.2569
289362.2078
288965.0514
288534.3082
288067.4436
287562.2227
287017.0118
286430.837
285802.9631
285132.8867
284419.6657
283661.0416
282853.9197
281994.112
281076.9535
280097.3962
279050.7306
277931.783
276734.7587
275453.9227
274083.4314
272616.6941
271046.1326
269363.2213
267555.6003
265611.4658
263518.388
261264.0967
258835.5587
256217.5991
253390.164
250330.3085
247010.7196
243392.8867
239434.0381
234586.4075
228669.8266
222019.3984
214730.972
206908.0468
198619.6173
189952.0848
180985.6262
171717.5501
162109.8025
152078.0768
141545.9258
130542.3763
118931.1668
106764.3365
94147.24478
81305.5959
68594.60173
56406.67599
45127.51982
35083.15554
26467.91954
19340.57686
293399.0091
293323.528
293240.1915
293151.9526
293060.5811
292966.2744
292868.0227
292764.1718
292652.9
292532.5776
292402.0093
292260.5245
292107.8746
291943.9486
291768.3818
291580.196
291377.6528
291158.4064
290919.8465
290659.4849
290375.2229
290065.3416
289728.2569
289362.2078
288965.0514
288534.3082
288067.4436
287562.2227
287017.0118
286430.837
285802.9631
285132.8867
284419.6657
283661.0416
282853.9197
281994.112
281076.9535
280097.3962
279050.7306
277931.783
276734.7587
275453.9227
274083.4314
272616.6941
271046.1326
269363.2213
267555.6003
265611.4658
263518.388
261264.0967
258835.5587
256217.5991
253390.164
250330.3085
247010.7196
243392.8867
239434.0381
235078.3664
229783.486
223372.141
216159.6164
208243.9434
199725.7123
190674.862
181185.3102
171334.6349
161141.1231
150592.7807
139638.9209
128333.7993
116534.748
104294.5449
91757.61165
79128.60035
66701.09005
54846.74092
43909.78002
34168.04881
25809.10094
18892.43626
293399.0091
293323.528
293240.1915
293151.9526
293060.5811
292966.2744
292868.0227
292764.1718
292652.9
292532.5776
292402.0093
292260.5245
292107.8746
291943.9486
291768.3818
291580.196
291377.6528
291158.4064
290919.8465
290659.4849
290375.2229
290065.3416
289728.2569
289362.2078
288965.0514
288534.3082
288067.4436
287562.2227
287017.0118
286430.837
285802.9631
285132.8867
284419.6657
283661.0416
282853.9197
281994.112
281076.9535
280097.3962
279050.7306
277931.783
276734.7587
275453.9227
274083.4314
272616.6941
271046.1326
269363.2213
267555.6003
265611.4658
263518.388
261264.0967
258835.5587
256217.5991
253390.164
250330.3085
247010.7196
243392.8867
239434.0381
235078.3664
230265.3726
224459.9998
217476.6558
209629.4284
201015.2363
191736.7133
181874.7293
171523.6708
160781.7924
149692.9207
138275.1139
126604.7974
114563.1586
102193.0485
89634.97229
77120.1685
64915.13701
53332.73046
42695.44847
33246.04394
25135.89804
18422.18062
293399.0091
293323.528
293240.1915
293151.9526
293060.5811
292966.2744
292868.0227
292764.1718
292652.9
292532.5776
292402.0093
292260.5245
292107.8746
291943.9486
291768.3818
291580.196
291377.6528
291158.4064
290919.8465
290659.4849
290375.2229
290065.3416
289728.2569
289362.2078
288965.0514
288534.3082
288067.4436
287562.2227
287017.0118
286430.837
285802.9631
285132.8867
284419.6657
283661.0416
282853.9197
281994.112
281076.9535
280097.3962
279050.7306
277931.783
276734.7587
275453.9227
274083.4314
272616.6941
271046.1326
269363.2213
267555.6003
265611.4658
263518.388
261264.0967
258835.5587
256217.5991
253390.164
250330.3085
247010.7196
243392.8867
239434.0381
235078.3664
230265.3726
224930.7223
218535.8027
210906.68
202352.6274
192974.6565
182887.5735
172176.3269
160959.1852
149359.1184
137448.8575
125368.2903
113019.6843
100464.0987
87828.86086
75336.13879
63267.46944
51904.72153
41516.86695
32326.61961
24457.62049
17941.65766
293399.0091
293323.528
293240.1915
293151.9526
293060.5811
292966.2744
292868.0227
292764.1718
292652.9
292532.5776
292402.0093
292260.5245
292107.8746
291943.9486
291768.3818
291580.196
291377.6528
291158.4064
290919.8465
290659.4849
290375.2229
290065.3416
289728.2569
289362.2078
288965.0514
288534.3082
288067.4436
287562.2227
287017.0118
286430.837
285802.9631
285132.8867
284419.6657
283661.0416
282853.9197
281994.112
281076.9535
280097.3962
279050.7306
277931.783
276734.7587
275453.9227
274083.4314
272616.6941
271046.1326
269363.2213
267555.6003
265611.4658
263518.388
261264.0967
258835.5587
256217.5991
253390.164
250330.3085
247010.7196
243392.8867
239434.0381
235078.3664
230265.3726
224930.7223
218994.1013
211933.83
203585.5422
194258.5522
184068.3825
173135.1615
161571.6429
149523.9085
137142.3585
124619.1581
111915.8586
99110.57671
86342.93111
73818.14355
61803.89581
50587.28263
40405.23332
31434.26321
23781.24133
17457.5125
293399.0091
293323.528
293240.1915
293151.9526
293060.5811
292966.2744
292868.0227
292764.1718
292652.9
292532.5776
292402.0093
292260.5245
292107.8746
291943.9486
291768.3818
291580.196
291377.6528
291158.4064
290919.8465
290659.4849
290375.2229
290065.3416
289728.2569
289362.2078
288965.0514
288534.3082
288067.4436
287562.2227
287017.0118
286430.837
285802.9631
285132.8867
284419.6657
283661.0416
282853.9197
281994.112
281076.9535
280097.3962
279050.7306
277931.783
276734.7587
275453.9227
274083.4314
272616.6941
271046.1326
269363.2213
267555.6003
265611.4658
263518.388
261264.0967
258835.5587
256217.5991
253390.164
250330.3085
247010.7196
243392.8867
239434.0381
235078.3664
230265.3726
224930.7223
218994.1013
212378.2835
204577.037
195442.1506
185293.0231
174253.0043
162471.421
150092.8544
137293.6696
124341.2682
111247.1107
98142.59662
85179.65928
72569.25367
60558.57024
49417.04122
39379.67294
30592.59604
23124.77483
16974.72237
293399.0091
293323.528
293240.1915
293151.9526
293060.5811
292966.2744
292868.0227
292764.1718
292652.9
292532.5776
292402.0093
292260.5245
292107.8746
291943.9486
291768.3818
291580.196
291377.6528
291158.4064
290919.8465
290659.4849
290375.2229
290065.3416
289728.2569
289362.2078
288965.0514
288534.3082
288067.4436
287562.2227
287017.0118
286430.837
285802.9631
285132.8867
284419.6657
283661.0416
282853.9197
281994.112
281076.9535
280097.3962
279050.7306
277931.783
276734.7587
275453.9227
274083.4314
272616.6941
271046.1326
269363.2213
267555.6003
265611.4658
263518.388
261264.0967
258835.5587
256217.5991
253390.164
250330.3085
247010.7196
243392.8867
239434.0381
235078.3664
230265.3726
224930.7223
218994.1013
212378.2835
205006.0623
196393.9858
186421.9954
175412.3414
163520.4136
150928.7081
137816.0788
124478.4556
110999.0393
97556.15019
84347.73783
71591.55038
59534.01202
48421.30617
38468.69844
29816.09874
22505.59811
16506.14563
293399.0091
293323.528
293240.1915
293151.9526
293060.5811
292966.2744
292868.0227
292764.1718
292652.9
292532.5776
292402.0093
292260.5245
292107.8746
291943.9486
291768.3818
291580.196
291377.6528
291158.4064
290919.8465
290659.4849
290375.2229
290065.3416
289728.2569
289362.2078
288965.0514
288534.3082
288067.4436
287562.2227
287017.0118
286430.837
285802.9631
285132.8867
284419.6657
283661.0416
282853.9197
281994.112
281076.9535
280097.3962
279050.7306
277931.783
276734.7587
275453.9227
274083.4314
272616.6941
271046.1326
269363.2213
267555.6003
265611.4658
263518.388
261264.0967
258835.5587
256217.5991
253390.164
250330.3085
247010.7196
243392.8867
239434.0381
235078.3664
230265.3726
224930.7223
218994.1013
212378.2835
205006.0623
196805.8501
187329.9009
176481.1116
164608.3448
151903.1755
138583.5643
124952.1023
111121.5061
97338.60843
83843.72193
70892.33947
58731.92854
47602.09187
37693.56844
29126.35951
21934.36395
16064.18582
293399.0091
293323.528
293240.1915
293151.9526
293060.5811
292966.2744
292868.0227
292764.1718
292652.9
292532.5776
292402.0093
292260.5245
292107.8746
291943.9486
291768.3818
291580.196
291377.6528
291158.4064
290919.8465
290659.4849
290375.2229
290065.3416
289728.2569
289362.2078
288965.0514
288534.3082
288067.4436
287562.2227
287017.0118
286430.837
285802.9631
285132.8867
284419.6657
283661.0416
282853.9197
281994.112
281076.9535
280097.3962
279050.7306
277931.783
276734.7587
275453.9227
274083.4314
272616.6941
271046.1326
269363.2213
267555.6003
265611.4658
263518.388
261264.0967
258835.5587
256217.5991
253390.164
250330.3085
247010.7196
243392.8867
239434.0381
235078.3664
230265.3726
224930.7223
218994.1013
212378.2835
205006.0623
196805.8501
187722.7567
177340.6035
165611.2873
152913.8151
139478.3256
125647.9495
111544.3289
97446.00349
83656.7577
70468.72566
58158.31329
46960.76349
37055.85102
28539.47417
21426.95379
15656.44674
293399.0091
293323.528
293240.1915
293151.9526
293060.5811
292966.2744
292868.0227
292764.1718
292652.9
292532.5776
292402.0093
292260.5245
292107.8746
291943.9486
291768.3818
291580.196
291377.6528
291158.4064
290919.8465
290659.4849
290375.2229
290065.3416
289728.2569
289362.2078
288965.0514
288534.3082
288067.4436
287562.2227
287017.0118
286430.837
285802.9631
285132.8867
284419.6657
283661.0416
282853.9197
281994.112
281076.9535
280097.3962
279050.7306
277931.783
276734.7587
275453.9227
274083.4314
272616.6941
271046.1326
269363.2213
267555.6003
265611.4658
263518.388
261264.0967
258835.5587
256217.5991
253390.164
250330.3085
247010.7196
243392.8867
239434.0381
235078.3664
230265.3726
224930.7223
218994.1013
212378.2835
205006.0623
196805.8501
187722.7567
177712.5103
166417.8414
153845.504
140406.3004
126459.1923
112165.5094
97816.79038
83749.05738
70311.58652
57810.79105
46502.1133
36556.60891
28056.63
20995.20862
15294.26437
293399.0091
293323.528
293240.1915
293151.9526
293060.5811
292966.2744
292868.0227
292764.1718
292652.9
292532.5776
292402.0093
292260.5245
292107.8746
291943.9486
291768.3818
291580.196
291377.6528
291158.4064
290919.8465
290659.4849
290375.2229
290065.3416
289728.2569
289362.2078
288965.0514
288534.3082
288067.4436
287562.2227
287017.0118
286430.837
285802.9631
285132.8867
284419.6657
283661.0416
282853.9197
281994.112
281076.9535
280097.3962
279050.7306
277931.783
276734.7587
275453.9227
274083.4314
272616.6941
271046.1326
269363.2213
267555.6003
265611.4658
263518.388
261264.0967
258835.5587
256217.5991
253390.164
250330.3085
247010.7196
243392.8867
239434.0381
235078.3664
230265.3726
224930.7223
218994.1013
212378.2835
205006.0623
196805.8501
187722.7567
177712.5103
166766.8417
154594.7568
141261.7823
127300.5484
112889.7031
98361.52338
84067.7267
70389.16228
57681.878
46224.24213
36199.57265
27678.63163
20640.00186
14986.09061
293399.0091
293323.528
293240.1915
293151.9526
293060.5811
292966.2744
292868.0227
292764.1718
292652.9
292532.5776
292402.0093
292260.5245
292107.8746
291943.9486
291768.3818
291580.196
291377.6528
291158.4064
290919.8465
290659.4849
290375.2229
290065.3416
289728.2569
289362.2078
288965.0514
288534.3082
288067.4436
287562.2227
287017.0118
286430.837
285802.9631
285132.8867
284419.6657
283661.0416
282853.9197
281994.112
281076.9535
280097.3962
279050.7306
277931.783
276734.7587
275453.9227
274083.4314
272616.6941
271046.1326
269363.2213
267555.6003
265611.4658
263518.388
261264.0967
258835.5587
256217.5991
253390.164
250330.3085
247010.7196
243392.8867
239434.0381
235078.3664
230265.3726
224930.7223
218994.1013
212378.2835
205006.0623
196805.8501
187722.7567
177712.5103
166766.8417
154918.9626
141949.7502
128076.1782
113640.7789
98996.59206
84535.89239
70656.99654
57745.51923
46121.16608
35983.26382
27408.30362
20361.92545
14732.54892
293399.0091
293323.528
293240.1915
293151.9526
293060.5811
292966.2744
292868.0227
292764.1718
292652.9
292532.5776
292402.0093
292260.5245
292107.8746
291943.9486
291768.3818
291580.196
291377.6528
291158.4064
290919.8465
290659.4849
290375.2229
290065.3416
289728.2569
289362.2078
288965.0514
288534.3082
288067.4436
287562.2227
287017.0118
286430.837
285802.9631
285132.8867
284419.6657
283661.0416
282853.9197
281994.112
281076.9535
280097.3962
279050.7306
277931.783
276734.7587
275453.9227
274083.4314
272616.6941
271046.1326
269363.2213
267555.6003
265611.4658
263518.388
261264.0967
258835.5587
256217.5991
253390.164
250330.3085
247010.7196
243392.8867
239434.0381
235078.3664
230265.3726
224930.7223
218994.1013
212378.2835
205006.0623
196805.8501
187722.7567
177712.5103
166766.8417
154918.9626
142247.4377
128699.9301
114333.1811
99655.23448
85081.69624
71050.47907
57965.2438
46172.05221
35903.02426
27244.52661
20163.05728
14534.06181
293399.0091
293323.528
293240.1915
293151.9526
293060.5811
292966.2744
292868.0227
292764.1718
292652.9
292532.5776
292402.0093
292260.5245
292107.8746
291943.9486
291768.3818
291580.196
291377.6528
291158.4064
290919.8465
290659.4849
290375.2229
290065.3416
289728.2569
289362.2078
288965.0514
288534.3082
288067.4436
287562.2227
287017.0118
286430.837
285802.9631
285132.8867
284419.6657
283661.0416
282853.9197
281994.112
281076.9535
280097.3962
279050.7306
277931.783
276734.7587
275453.9227
274083.4314
272616.6941
271046.1326
269363.2213
267555.6003
265611.4658
263518.388
261264.0967
258835.5587
256217.5991
253390.164
250330.3085
247010.7196
243392.8867
239434.0381
235078.3664
230265.3726
224930.7223
218994.1013
212378.2835
205006.0623
196805.8501
187722.7567
177712.5103
166766.8417
154918.9626
142247.4377
128969.831
114890.0024
100262.4241
85647.76031
71509.21468
58288.04709
46347.73916
35942.63657
27183.77368
20042.57389
14392.11245
293399.0091
293323.528
293240.1915
293151.9526
293060.5811
292966.2744
292868.0227
292764.1718
292652.9
292532.5776
292402.0093
292260.5245
292107.8746
291943.9486
291768.3818
291580.196
291377.6528
291158.4064
290919.8465
290659.4849
290375.2229
290065.3416
289728.2569
289362.2078
288965.0514
288534.3082
288067.4436
287562.2227
287017.0118
286430.837
285802.9631
285132.8867
284419.6657
283661.0416
282853.9197
281994.112
281076.9535
280097.3962
279050.7306
277931.783
276734.7587
275453.9227
274083.4314
272616.6941
271046.1326
269363.2213
267555.6003
265611.4658
263518.388
261264.0967
258835.5587
256217.5991
253390.164
250330.3085
247010.7196
243392.8867
239434.0381
235078.3664
230265.3726
224930.7223
218994.1013
212378.2835
205006.0623
196805.8501
187722.7567
177712.5103
166766.8417
154918.9626
142247.4377
128969.831
115130.942
100750.7185
86169.60375
71984.97856
58664.38239
46605.8456
36079.40009
27213.76592
19997.88069
14306.11307
293399.0091
293323.528
293240.1915
293151.9526
293060.5811
292966.2744
292868.0227
292764.1718
292652.9
292532.5776
292402.0093
292260.5245
292107.8746
291943.9486
291768.3818
291580.196
291377.6528
291158.4064
290919.8465
290659.4849
290375.2229
290065.3416
289728.2569
289362.2078
288965.0514
288534.3082
288067.4436
287562.2227
287017.0118
286430.837
285802.9631
285132.8867
284419.6657
283661.0416
282853.9197
281994.112
281076.9535
280097.3962
279050.7306
277931.783
276734.7587
275453.9227
274083.4314
272616.6941
271046.1326
269363.2213
267555.6003
265611.4658
263518.388
261264.0967
258835.5587
256217.5991
253390.164
250330.3085
247010.7196
243392.8867
239434.0381
235078.3664
230265.3726
224930.7223
218994.1013
212378.2835
205006.0623
196805.8501
187722.7567
177712.5103
166766.8417
154918.9626
142247.4377
128969.831
115130.942
100962.0061
86589.2638
72423.576
59054.68724
46906.75506
36280.32306
27317.31565
20019.94463
14274.21168
293399.0091
293323.528
293240.1915
293151.9526
293060.5811
292966.2744
292868.0227
292764.1718
292652.9
292532.5776
292402.0093
292260.5245
292107.8746
291943.9486
291768.3818
291580.196
291377.6528
291158.4064
290919.8465
290659.4849
290375.2229
290065.3416
289728.2569
289362.2078
288965.0514
288534.3082
288067.4436
287562.2227
287017.0118
286430.837
285802.9631
285132.8867
284419.6657
283661.0416
282853.9197
281994.112
281076.9535
280097.3962
279050.7306
277931.783
276734.7587
275453.9227
274083.4314
272616.6941
271046.1326
269363.2213
267555.6003
265611.4658
263518.388
261264.0967
258835.5587
256217.5991
253390.164
250330.3085
247010.7196
243392.8867
239434.0381
235078.3664
230265.3726
224930.7223
218994.1013
212378.2835
205006.0623
196805.8501
187722.7567
177712.5103
166766.8417
154918.9626
142247.4377
128969.831
115130.942
100962.0061
86770.85301
72776.29064
59414.50169
47218.83427
36514.56605
27469.44335
20096.12151
14289.96062
293399.0091
293323.528
293240.1915
293151.9526
293060.5811
292966.2744
292868.0227
292764.1718
292652.9
292532.5776
292402.0093
292260.5245
292107.8746
291943.9486
291768.3818
291580.196
291377.6528
291158.4064
290919.8465
290659.4849
290375.2229
290065.3416
289728.2569
289362.2078
288965.0514
288534.3082
288067.4436
287562.2227
287017.0118
286430.837
285802.9631
285132.8867
284419.6657
283661.0416
282853.9197
281994.112
281076.9535
280097.3962
279050.7306
277931.783
276734.7587
275453.9227
274083.4314
272616.6941
271046.1326
269363.2213
267555.6003
265611.4658
263518.388
261264.0967
258835.5587
256217.5991
253390.164
250330.3085
247010.7196
243392.8867
239434.0381
235078.3664
230265.3726
224930.7223
218994.1013
212378.2835
205006.0623
196805.8501
187722.7567
177712.5103
166766.8417
154918.9626
142247.4377
128969.831
115130.942
100962.0061
86770.85301
72928.91222
59703.86001
47506.53402
36757.50413
27646.79911
20208.03503
14344.33463
293399.0091
293323.528
293240.1915
293151.9526
293060.5811
292966.2744
292868.0227
292764.1718
292652.9
292532.5776
292402.0093
292260.5245
292107.8746
291943.9486
291768.3818
291580.196
291377.6528
291158.4064
290919.8465
290659.4849
290375.2229
290065.3416
289728.2569
289362.2078
288965.0514
288534.3082
288067.4436
287562.2227
287017.0118
286430.837
285802.9631
285132.8867
284419.6657
283661.0416
282853.9197
281994.112
281076.9535
280097.3962
279050.7306
277931.783
276734.7587
275453.9227
274083.4314
272616.6941
271046.1326
269363.2213
267555.6003
265611.4658
263518.388
261264.0967
258835.5587
256217.5991
253390.164
250330.3085
247010.7196
243392.8867
239434.0381
235078.3664
230265.3726
224930.7223
218994.1013
212378.2835
205006.0623
196805.8501
187722.7567
177712.5103
166766.8417
154918.9626
142247.4377
128969.831
115130.942
100962.0061
86770.85301
72928.91222
59829.06696
47737.8986
36981.46401
27830.73832
20338.50769
14424.21695
293399.0091
293323.528
293240.1915
293151.9526
293060.5811
292966.2744
292868.0227
292764.1718
292652.9
292532.5776
292402.0093
292260.5245
292107.8746
291943.9486
291768.3818
291580.196
291377.6528
291158.4064
290919.8465
290659.4849
290375.2229
290065.3416
289728.2569
289362.2078
288965.0514
288534.3082
288067.4436
287562.2227
287017.0118
286430.837
285802.9631
285132.8867
284419.6657
283661.0416
282853.9197
281994.112
281076.9535
280097.3962
279050.7306
277931.783
276734.7587
275453.9227
274083.4314
272616.6941
271046.1326
269363.2213
267555.6003
265611.4658
263518.388
261264.0967
258835.5587
256217.5991
253390.164
250330.3085
247010.7196
243392.8867
239434.0381
235078.3664
230265.3726
224930.7223
218994.1013
212378.2835
205006.0623
196805.8501
187722.7567
177712.5103
166766.8417
154918.9626
142247.4377
128969.831
115130.942
100962.0061
86770.85301
72928.91222
59829.06696
47838.01133
37161.56978
28000.30829
20473.8235
14517.34654
293399.0091
293323.528
293240.1915
293151.9526
293060.5811
292966.2744
292868.0227
292764.1718
292652.9
292532.5776
292402.0093
292260.5245
292107.8746
291943.9486
291768.3818
291580.196
291377.6528
291158.4064
290919.8465
290659.4849
290375.2229
290065.3416
289728.2569
289362.2078
288965.0514
288534.3082
288067.4436
287562.2227
287017.0118
286430.837
285802.9631
285132.8867
284419.6657
283661.0416
282853.9197
281994.112
281076.9535
280097.3962
279050.7306
277931.783
276734.7587
275453.9227
274083.4314
272616.6941
271046.1326
269363.2213
267555.6003
265611.4658
263518.388
261264.0967
258835.5587
256217.5991
253390.164
250330.3085
247010.7196
243392.8867
239434.0381
235078.3664
230265.3726
224930.7223
218994.1013
212378.2835
205006.0623
196805.8501
187722.7567
177712.5103
166766.8417
154918.9626
142247.4377
128969.831
115130.942
100962.0061
86770.85301
72928.91222
59829.06696
47838.01133
37239.50254
28136.67436
20598.56851
14613.9331
293399.0091
293323.528
293240.1915
293151.9526
293060.5811
292966.2744
292868.0227
292764.1718
292652.9
292532.5776
292402.0093
292260.5245
292107.8746
291943.9486
291768.3818
291580.196
291377.6528
291158.4064
290919.8465
290659.4849
290375.2229
290065.3416
289728.2569
289362.2078
288965.0514
288534.3082
288067.4436
287562.2227
287017.0118
286430.837
285802.9631
285132.8867
284419.6657
283661.0416
282853.9197
281994.112
281076.9535
280097.3962
279050.7306
277931.783
276734.7587
275453.9227
274083.4314
272616.6941
271046.1326
269363.2213
267555.6003
265611.4658
263518.388
261264.0967
258835.5587
256217.5991
253390.164
250330.3085
247010.7196
243392.8867
239434.0381
235078.3664
230265.3726
224930.7223
218994.1013
212378.2835
205006.0623
196805.8501
187722.7567
177712.5103
166766.8417
154918.9626
142247.4377
128969.831
115130.942
100962.0061
86770.85301
72928.91222
59829.06696
47838.01133
37239.50254
28195.68072
20698.8869
14702.97437
293399.0091
293323.528
293240.1915
293151.9526
293060.5811
292966.2744
292868.0227
292764.1718
292652.9
292532.5776
292402.0093
292260.5245
292107.8746
291943.9486
291768.3818
291580.196
291377.6528
291158.4064
290919.8465
290659.4849
290375.2229
290065.3416
289728.2569
289362.2078
288965.0514
288534.3082
288067.4436
287562.2227
287017.0118
286430.837
285802.9631
285132.8867
284419.6657
283661.0416
282853.9197
281994.112
281076.9535
280097.3962
279050.7306
277931.783
276734.7587
275453.9227
274083.4314
272616.6941
271046.1326
269363.2213
267555.6003
265611.4658
263518.388
261264.0967
258835.5587
256217.5991
253390.164
250330.3085
247010.7196
243392.8867
239434.0381
235078.3664
230265.3726
224930.7223
218994.1013
212378.2835
205006.0623
196805.8501
187722.7567
177712.5103
166766.8417
154918.9626
142247.4377
128969.831
115130.942
100962.0061
86770.85301
72928.91222
59829.06696
47838.01133
37239.50254
28195.68072
20742.29522
14774.58025
293399.0091
293323.528
293240.1915
293151.9526
293060.5811
292966.2744
292868.0227
292764.1718
292652.9
292532.5776
292402.0093
292260.5245
292107.8746
291943.9486
291768.3818
291580.196
291377.6528
291158.4064
290919.8465
290659.4849
290375.2229
290065.3416
289728.2569
289362.2078
288965.0514
288534.3082
288067.4436
287562.2227
287017.0118
286430.837
285802.9631
285132.8867
284419.6657
283661.0416
282853.9197
281994.112
281076.9535
280097.3962
279050.7306
277931.783
276734.7587
275453.9227
274083.4314
272616.6941
271046.1326
269363.2213
267555.6003
265611.4658
263518.388
261264.0967
258835.5587
256217.5991
253390.164
250330.3085
247010.7196
243392.8867
239434.0381
235078.3664
230265.3726
224930.7223
218994.1013
212378.2835
205006.0623
196805.8501
187722.7567
177712.5103
166766.8417
154918.9626
142247.4377
128969.831
115130.942
100962.0061
86770.85301
72928.91222
59829.06696
47838.01133
37239.50254
28195.68072
20742.29522
14805.56452
293399.0091
293323.528
293240.1915
293151.9526
293060.5811
292966.2744
292868.0227
292764.1718
292652.9
292532.5776
292402.0093
292260.5245
292107.8746
291943.9486
291768.3818
291580.196
291377.6528
291158.4064
290919.8465
290659.4849
290375.2229
290065.3416
289728.2569
289362.2078
288965.0514
288534.3082
288067.4436
287562.2227
287017.0118
286430.837
285802.9631
285132.8867
284419.6657
283661.0416
282853.9197
281994.112
281076.9535
280097.3962
279050.7306
277931.783
276734.7587
275453.9227
274083.4314
272616.6941
271046.1326
269363.2213
267555.6003
265611.4658
263518.388
261264.0967
258835.5587
256217.5991
253390.164
250330.3085
247010.7196
243392.8867
239434.0381
235078.3664
230265.3726
224930.7223
218994.1013
212378.2835
205006.0623
196805.8501
187722.7567
177712.5103
166766.8417
154918.9626
142247.4377
128969.831
115130.942
100962.0061
86770.85301
72928.91222
59829.06696
47838.01133
37239.50254
28195.68072
20742.29522
14805.56452
293399.0091
293323.528
293240.1915
293151.9526
293060.5811
292966.2744
292868.0227
292764.1718
292652.9
292532.5776
292402.0093
292260.5245
292107.8746
291943.9486
291768.3818
291580.196
291377.6528
291158.4064
290919.8465
290659.4849
290375.2229
290065.3416
289728.2569
289362.2078
288965.0514
288534.3082
288067.4436
287562.2227
287017.0118
286430.837
285802.9631
285132.8867
284419.6657
283661.0416
282853.9197
281994.112
281076.9535
280097.3962
279050.7306
277931.783
276734.7587
275453.9227
274083.4314
272616.6941
271046.1326
269363.2213
267555.6003
265611.4658
263518.388
261264.0967
258835.5587
256217.5991
253390.164
250330.3085
247010.7196
243392.8867
239434.0381
235078.3664
230265.3726
224930.7223
218994.1013
212378.2835
205006.0623
196805.8501
187722.7567
177712.5103
166766.8417
154918.9626
142247.4377
128969.831
115130.942
100962.0061
86770.85301
72928.91222
59829.06696
47838.01133
37239.50254
28195.68072
20742.29522
14805.56452
293399.0091
293323.528
293240.1915
293151.9526
293060.5811
292966.2744
292868.0227
292764.1718
292652.9
292532.5776
292402.0093
292260.5245
292107.8746
291943.9486
291768.3818
291580.196
291377.6528
291158.4064
290919.8465
290659.4849
290375.2229
290065.3416
289728.2569
289362.2078
288965.0514
288534.3082
288067.4436
287562.2227
287017.0118
286430.837
285802.9631
285132.8867
284419.6657
283661.0416
282853.9197
281994.112
281076.9535
280097.3962
279050.7306
277931.783
276734.7587
275453.9227
274083.4314
272616.6941
271046.1326
269363.2213
267555.6003
265611.4658
263518.388
261264.0967
258835.5587
256217.5991
253390.164
250330.3085
247010.7196
243392.8867
239434.0381
235078.3664
230265.3726
224930.7223
218994.1013
212378.2835
205006.0623
196805.8501
187722.7567
177712.5103
166766.8417
154918.9626
142247.4377
128969.831
115130.942
100962.0061
86770.85301
72928.91222
59829.06696
47838.01133
37239.50254
28195.68072
20742.29522
14805.56452
293399.0091
293323.528
293240.1915
293151.9526
293060.5811
292966.2744
292868.0227
292764.1718
292652.9
292532.5776
292402.0093
292260.5245
292107.8746
291943.9486
291768.3818
291580.196
291377.6528
291158.4064
290919.8465
290659.4849
290375.2229
290065.3416
289728.2569
289362.2078
288965.0514
288534.3082
288067.4436
287562.2227
287017.0118
286430.837
285802.9631
285132.8867
284419.6657
283661.0416
282853.9197
281994.112
281076.9535
280097.3962
279050.7306
277931.783
276734.7587
275453.9227
274083.4314
272616.6941
271046.1326
269363.2213
267555.6003
265611.4658
263518.388
261264.0967
258835.5587
256217.5991
253390.164
250330.3085
247010.7196
243392.8867
239434.0381
235078.3664
230265.3726
224930.7223
218994.1013
212378.2835
205006.0623
196805.8501
187722.7567
177712.5103
166766.8417
154918.9626
142247.4377
128969.831
115130.942
100962.0061
86770.85301
72928.91222
59829.06696
47838.01133
37239.50254
28195.68072
20742.29522
14805.56452
293399.0091
293323.528
293240.1915
293151.9526
293060.5811
292966.2744
292868.0227
292764.1718
292652.9
292532.5776
292402.0093
292260.5245
292107.8746
291943.9486
291768.3818
291580.196
291377.6528
291158.4064
290919.8465
290659.4849
290375.2229
290065.3416
289728.2569
289362.2078
288965.0514
288534.3082
288067.4436
287562.2227
287017.0118
286430.837
285802.9631
285132.8867
284419.6657
283661.0416
282853.9197
281994.112
281076.9535
280097.3962
279050.7306
277931.783
276734.7587
275453.9227
274083.4314
272616.6941
271046.1326
269363.2213
267555.6003
265611.4658
263518.388
261264.0967
258835.5587
256217.5991
253390.164
250330.3085
247010.7196
243392.8867
239434.0381
235078.3664
230265.3726
224930.7223
218994.1013
212378.2835
205006.0623
196805.8501
187722.7567
177712.5103
166766.8417
154918.9626
142247.4377
128969.831
115130.942
100962.0061
86770.85301
72928.91222
59829.06696
47838.01133
37239.50254
28195.68072
20742.29522
14805.56452
293399.0091
293323.528
293240.1915
293151.9526
293060.5811
292966.2744
292868.0227
292764.1718
292652.9
292532.5776
292402.0093
292260.5245
292107.8746
291943.9486
291768.3818
291580.196
291377.6528
291158.4064
290919.8465
290659.4849
290375.2229
290065.3416
289728.2569
289362.2078
288965.0514
288534.3082
288067.4436
287562.2227
287017.0118
286430.837
285802.9631
285132.8867
284419.6657
283661.0416
282853.9197
281994.112
281076.9535
280097.3962
279050.7306
277931.783
276734.7587
275453.9227
274083.4314
272616.6941
271046.1326
269363.2213
267555.6003
265611.4658
263518.388
261264.0967
258835.5587
256217.5991
253390.164
250330.3085
247010.7196
243392.8867
239434.0381
235078.3664
230265.3726
224930.7223
218994.1013
212378.2835
205006.0623
196805.8501
187722.7567
177712.5103
166766.8417
154918.9626
142247.4377
128969.831
115130.942
100962.0061
86770.85301
72928.91222
59829.06696
47838.01133
37239.50254
28195.68072
20742.29522
14805.56452
293399.0091
293323.528
293240.1915
293151.9526
293060.5811
292966.2744
292868.0227
292764.1718
292652.9
292532.5776
292402.0093
292260.5245
292107.8746
291943.9486
291768.3818
291580.196
291377.6528
291158.4064
290919.8465
290659.4849
290375.2229
290065.3416
289728.2569
289362.2078
288965.0514
288534.3082
288067.4436
287562.2227
287017.0118
286430.837
285802.9631
285132.8867
284419.6657
283661.0416
282853.9197
281994.112
281076.9535
280097.3962
279050.7306
277931.783
276734.7587
275453.9227
274083.4314
272616.6941
271046.1326
269363.2213
267555.6003
265611.4658
263518.388
261264.0967
258835.5587
256217.5991
253390.164
250330.3085
247010.7196
243392.8867
239434.0381
235078.3664
230265.3726
224930.7223
218994.1013
212378.2835
205006.0623
196805.8501
187722.7567
177712.5103
166766.8417
154918.9626
142247.4377
128969.831
115130.942
100962.0061
86770.85301
72928.91222
59829.06696
47838.01133
37239.50254
28195.68072
20742.29522
14805.56452
293399.0091
293323.528
293240.1915
293151.9526
293060.5811
292966.2744
292868.0227
292764.1718
292652.9
292532.5776
292402.0093
292260.5245
292107.8746
291943.9486
291768.3818
291580.196
291377.6528
291158.4064
290919.8465
290659.4849
290375.2229
290065.3416
289728.2569
289362.2078
288965.0514
288534.3082
288067.4436
287562.2227
287017.0118
286430.837
285802.9631
285132.8867
284419.6657
283661.0416
282853.9197
281994.112
281076.9535
280097.3962
279050.7306
277931.783
276734.7587
275453.9227
274083.4314
272616.6941
271046.1326
269363.2213
267555.6003
265611.4658
263518.388
261264.0967
258835.5587
256217.5991
253390.164
250330.3085
247010.7196
243392.8867
239434.0381
235078.3664
230265.3726
224930.7223
218994.1013
212378.2835
205006.0623
196805.8501
187722.7567
177712.5103
166766.8417
154918.9626
142247.4377
128969.831
115130.942
100962.0061
86770.85301
72928.91222
59829.06696
47838.01133
37239.50254
28195.68072
20742.29522
14805.56452
293399.0091
293323.528
293240.1915
293151.9526
293060.5811
292966.2744
292868.0227
292764.1718
292652.9
292532.5776
292402.0093
292260.5245
292107.8746
291943.9486
291768.3818
291580.196
291377.6528
291158.4064
290919.8465
290659.4849
290375.2229
290065.3416
289728.2569
289362.2078
288965.0514
288534.3082
288067.4436
287562.2227
287017.0118
286430.837
285802.9631
285132.8867
284419.6657
283661.0416
282853.9197
281994.112
281076.9535
280097.3962
279050.7306
277931.783
276734.7587
275453.9227
274083.4314
272616.6941
271046.1326
269363.2213
267555.6003
265611.4658
263518.388
261264.0967
258835.5587
256217.5991
253390.164
250330.3085
247010.7196
243392.8867
239434.0381
235078.3664
230265.3726
224930.7223
218994.1013
212378.2835
205006.0623
196805.8501
187722.7567
177712.5103
166766.8417
154918.9626
142247.4377
128969.831
115130.942
100962.0061
86770.85301
72928.91222
59829.06696
47838.01133
37239.50254
28195.68072
20742.29522
14805.56452
293399.0091
293323.528
293240.1915
293151.9526
293060.5811
292966.2744
292868.0227
292764.1718
292652.9
292532.5776
292402.0093
292260.5245
292107.8746
291943.9486
291768.3818
291580.196
291377.6528
291158.4064
290919.8465
290659.4849
290375.2229
290065.3416
289728.2569
289362.2078
288965.0514
288534.3082
288067.4436
287562.2227
287017.0118
286430.837
285802.9631
285132.8867
284419.6657
283661.0416
282853.9197
281994.112
281076.9535
280097.3962
279050.7306
277931.783
276734.7587
275453.9227
274083.4314
272616.6941
271046.1326
269363.2213
267555.6003
265611.4658
263518.388
261264.0967
258835.5587
256217.5991
253390.164
250330.3085
247010.7196
243392.8867
239434.0381
235078.3664
230265.3726
224930.7223
218994.1013
212378.2835
205006.0623
196805.8501
187722.7567
177712.5103
166766.8417
154918.9626
142247.4377
128969.831
115130.942
100962.0061
86770.85301
72928.91222
59829.06696
47838.01133
37239.50254
28195.68072
20742.29522
14805.56452
293399.0091
293323.528
293240.1915
293151.9526
293060.5811
292966.2744
292868.0227
292764.1718
292652.9
292532.5776
292402.0093
292260.5245
292107.8746
291943.9486
291768.3818
291580.196
291377.6528
291158.4064
290919.8465
290659.4849
290375.2229
290065.3416
289728.2569
289362.2078
288965.0514
288534.3082
288067.4436
287562.2227
287017.0118
286430.837
285802.9631
285132.8867
284419.6657
283661.0416
282853.9197
281994.112
281076.9535
280097.3962
279050.7306
277931.783
276734.7587
275453.9227
274083.4314
272616.6941
271046.1326
269363.2213
267555.6003
265611.4658
263518.388
261264.0967
258835.5587
256217.5991
253390.164
250330.3085
247010.7196
243392.8867
239434.0381
235078.3664
230265.3726
224930.7223
218994.1013
212378.2835
205006.0623
196805.8501
187722.7567
177712.5103
166766.8417
154918.9626
142247.4377
128969.831
115130.942
100962.0061
86770.85301
72928.91222
59829.06696
47838.01133
37239.50254
28195.68072
20742.29522
14805.56452
293399.0091
293323.528
293240.1915
293151.9526
293060.5811
292966.2744
292868.0227
292764.1718
292652.9
292532.5776
292402.0093
292260.5245
292107.8746
291943.9486
291768.3818
291580.196
291377.6528
291158.4064
290919.8465
290659.4849
290375.2229
290065.3416
289728.2569
289362.2078
288965.0514
288534.3082
288067.4436
287562.2227
287017.0118
286430.837
285802.9631
285132.8867
284419.6657
283661.0416
282853.9197
281994.112
281076.9535
280097.3962
279050.7306
277931.783
276734.7587
275453.9227
274083.4314
272616.6941
271046.1326
269363.2213
267555.6003
265611.4658
263518.388
261264.0967
258835.5587
256217.5991
253390.164
250330.3085
247010.7196
243392.8867
239434.0381
235078.3664
230265.3726
224930.7223
218994.1013
212378.2835
205006.0623
196805.8501
187722.7567
177712.5103
166766.8417
154918.9626
142247.4377
128969.831
115130.942
100962.0061
86770.85301
72928.91222
59829.06696
47838.01133
37239.50254
28195.68072
20742.29522
14805.56452
293399.0091
293323.528
293240.1915
293151.9526
293060.5811
292966.2744
292868.0227
292764.1718
292652.9
292532.5776
292402.0093
292260.5245
292107.8746
291943.9486
291768.3818
291580.196
291377.6528
291158.4064
290919.8465
290659.4849
290375.2229
290065.3416
289728.2569
289362.2078
288965.0514
288534.3082
288067.4436
287562.2227
287017.0118
286430.837
285802.9631
285132.8867
284419.6657
283661.0416
282853.9197
281994.112
281076.9535
280097.3962
279050.7306
277931.783
276734.7587
275453.9227
274083.4314
272616.6941
271046.1326
269363.2213
267555.6003
265611.4658
263518.388
261264.0967
258835.5587
256217.5991
253390.164
250330.3085
247010.7196
243392.8867
239434.0381
235078.3664
230265.3726
224930.7223
218994.1013
212378.2835
205006.0623
196805.8501
187722.7567
177712.5103
166766.8417
154918.9626
142247.4377
128969.831
115130.942
100962.0061
86770.85301
72928.91222
59829.06696
47838.01133
37239.50254
28195.68072
20742.29522
14805.56452
293399.0091
293323.528
293240.1915
293151.9526
293060.5811
292966.2744
292868.0227
292764.1718
292652.9
292532.5776
292402.0093
292260.5245
292107.8746
291943.9486
291768.3818
291580.196
291377.6528
291158.4064
290919.8465
290659.4849
290375.2229
290065.3416
289728.2569
289362.2078
288965.0514
288534.3082
288067.4436
287562.2227
287017.0118
286430.837
285802.9631
285132.8867
284419.6657
283661.0416
282853.9197
281994.112
281076.9535
280097.3962
279050.7306
277931.783
276734.7587
275453.9227
274083.4314
272616.6941
271046.1326
269363.2213
267555.6003
265611.4658
263518.388
261264.0967
258835.5587
256217.5991
253390.164
250330.3085
247010.7196
243392.8867
239434.0381
235078.3664
230265.3726
224930.7223
218994.1013
212378.2835
205006.0623
196805.8501
187722.7567
177712.5103
166766.8417
154918.9626
142247.4377
128969.831
115130.942
100962.0061
86770.85301
72928.91222
59829.06696
47838.01133
37239.50254
28195.68072
20742.29522
14805.56452
293399.0091
293323.528
293240.1915
293151.9526
293060.5811
292966.2744
292868.0227
292764.1718
292652.9
292532.5776
292402.0093
292260.5245
292107.8746
291943.9486
291768.3818
291580.196
291377.6528
291158.4064
290919.8465
290659.4849
290375.2229
290065.3416
289728.2569
289362.2078
288965.0514
288534.3082
288067.4436
287562.2227
287017.0118
286430.837
285802.9631
285132.8867
284419.6657
283661.0416
282853.9197
281994.112
281076.9535
280097.3962
279050.7306
277931.783
276734.7587
275453.9227
274083.4314
272616.6941
271046.1326
269363.2213
267555.6003
265611.4658
263518.388
261264.0967
258835.5587
256217.5991
253390.164
250330.3085
247010.7196
243392.8867
239434.0381
235078.3664
230265.3726
224930.7223
218994.1013
212378.2835
205006.0623
196805.8501
187722.7567
177712.5103
166766.8417
154918.9626
142247.4377
128969.831
115130.942
100962.0061
86770.85301
72928.91222
59829.06696
47838.01133
37239.50254
28195.68072
20742.29522
14805.56452
293399.0091
293323.528
293240.1915
293151.9526
293060.5811
292966.2744
292868.0227
292764.1718
292652.9
292532.5776
292402.0093
292260.5245
292107.8746
291943.9486
291768.3818
291580.196
291377.6528
291158.4064
290919.8465
290659.4849
290375.2229
290065.3416
289728.2569
289362.2078
288965.0514
288534.3082
288067.4436
287562.2227
287017.0118
286430.837
285802.9631
285132.8867
284419.6657
283661.0416
282853.9197
281994.112
281076.9535
280097.3962
279050.7306
277931.783
276734.7587
275453.9227
274083.4314
272616.6941
271046.1326
269363.2213
267555.6003
265611.4658
263518.388
261264.0967
258835.5587
256217.5991
253390.164
250330.3085
247010.7196
243392.8867
239434.0381
235078.3664
230265.3726
224930.7223
218994.1013
212378.2835
205006.0623
196805.8501
187722.7567
177712.5103
166766.8417
154918.9626
142247.4377
128969.831
115130.942
100962.0061
86770.85301
72928.91222
59829.06696
47838.01133
37239.50254
28195.68072
20742.29522
14805.56452
293399.0091
293323.528
293240.1915
293151.9526
293060.5811
292966.2744
292868.0227
292764.1718
292652.9
292532.5776
292402.0093
292260.5245
292107.8746
291943.9486
291768.3818
291580.196
291377.6528
291158.4064
290919.8465
290659.4849
290375.2229
290065.3416
289728.2569
289362.2078
288965.0514
288534.3082
288067.4436
287562.2227
287017.0118
286430.837
285802.9631
285132.8867
284419.6657
283661.0416
282853.9197
281994.112
281076.9535
280097.3962
279050.7306
277931.783
276734.7587
275453.9227
274083.4314
272616.6941
271046.1326
269363.2213
267555.6003
265611.4658
263518.388
261264.0967
258835.5587
256217.5991
253390.164
250330.3085
247010.7196
243392.8867
239434.0381
235078.3664
230265.3726
224930.7223
218994.1013
212378.2835
205006.0623
196805.8501
187722.7567
177712.5103
166766.8417
154918.9626
142247.4377
128969.831
115130.942
100962.0061
86770.85301
72928.91222
59829.06696
47838.01133
37239.50254
28195.68072
20742.29522
14805.56452
293399.0091
293323.528
293240.1915
293151.9526
293060.5811
292966.2744
292868.0227
292764.1718
292652.9
292532.5776
292402.0093
292260.5245
292107.8746
291943.9486
291768.3818
291580.196
291377.6528
291158.4064
290919.8465
290659.4849
290375.2229
290065.3416
289728.2569
289362.2078
288965.0514
288534.3082
288067.4436
287562.2227
287017.0118
286430.837
285802.9631
285132.8867
284419.6657
283661.0416
282853.9197
281994.112
281076.9535
280097.3962
279050.7306
277931.783
276734.7587
275453.9227
274083.4314
272616.6941
271046.1326
269363.2213
267555.6003
265611.4658
263518.388
261264.0967
258835.5587
256217.5991
253390.164
250330.3085
247010.7196
243392.8867
239434.0381
235078.3664
230265.3726
224930.7223
218994.1013
212378.2835
205006.0623
196805.8501
187722.7567
177712.5103
166766.8417
154918.9626
142247.4377
128969.831
115130.942
100962.0061
86770.85301
72928.91222
59829.06696
47838.01133
37239.50254
28195.68072
20742.29522
14805.56452
293399.0091
293323.528
293240.1915
293151.9526
293060.5811
292966.2744
292868.0227
292764.1718
292652.9
292532.5776
292402.0093
292260.5245
292107.8746
291943.9486
291768.3818
291580.196
291377.6528
291158.4064
290919.8465
290659.4849
290375.2229
290065.3416
289728.2569
289362.2078
288965.0514
288534.3082
288067.4436
287562.2227
287017.0118
286430.837
285802.9631
285132.8867
284419.6657
283661.0416
282853.9197
281994.112
281076.9535
280097.3962
279050.7306
277931.783
276734.7587
275453.9227
274083.4314
272616.6941
271046.1326
269363.2213
267555.6003
265611.4658
263518.388
261264.0967
258835.5587
256217.5991
253390.164
250330.3085
247010.7196
243392.8867
239434.0381
235078.3664
230265.3726
224930.7223
218994.1013
212378.2835
205006.0623
196805.8501
187722.7567
177712.5103
166766.8417
154918.9626
142247.4377
128969.831
115130.942
100962.0061
86770.85301
72928.91222
59829.06696
47838.01133
37239.50254
28195.68072
20742.29522
14805.56452
293399.0091
293323.528
293240.1915
293151.9526
293060.5811
292966.2744
292868.0227
292764.1718
292652.9
292532.5776
292402.0093
292260.5245
292107.8746
291943.9486
291768.3818
291580.196
291377.6528
291158.4064
290919.8465
290659.4849
290375.2229
290065.3416
289728.2569
289362.2078
288965.0514
288534.3082
288067.4436
287562.2227
287017.0118
286430.837
285802.9631
285132.8867
284419.6657
283661.0416
282853.9197
281994.112
281076.9535
280097.3962
279050.7306
277931.783
276734.7587
275453.9227
274083.4314
272616.6941
271046.1326
269363.2213
267555.6003
265611.4658
263518.388
261264.0967
258835.5587
256217.5991
253390.164
250330.3085
247010.7196
243392.8867
239434.0381
235078.3664
230265.3726
224930.7223
218994.1013
212378.2835
205006.0623
196805.8501
187722.7567
177712.5103
166766.8417
154918.9626
142247.4377
128969.831
115130.942
100962.0061
86770.85301
72928.91222
59829.06696
47838.01133
37239.50254
28195.68072
20742.29522
14805.56452
293399.0091
293323.528
293240.1915
293151.9526
293060.5811
292966.2744
292868.0227
292764.1718
292652.9
292532.5776
292402.0093
292260.5245
292107.8746
291943.9486
291768.3818
291580.196
291377.6528
291158.4064
290919.8465
290659.4849
290375.2229
290065.3416
289728.2569
289362.2078
288965.0514
288534.3082
288067.4436
287562.2227
287017.0118
286430.837
285802.9631
285132.8867
284419.6657
283661.0416
282853.9197
281994.112
281076.9535
280097.3962
279050.7306
277931.783
276734.7587
275453.9227
274083.4314
272616.6941
271046.1326
269363.2213
267555.6003
265611.4658
263518.388
261264.0967
258835.5587
256217.5991
253390.164
250330.3085
247010.7196
243392.8867
239434.0381
235078.3664
230265.3726
224930.7223
218994.1013
212378.2835
205006.0623
196805.8501
187722.7567
177712.5103
166766.8417
154918.9626
142247.4377
128969.831
115130.942
100962.0061
86770.85301
72928.91222
59829.06696
47838.01133
37239.50254
28195.68072
20742.29522
14805.56452
293399.0091
293323.528
293240.1915
293151.9526
293060.5811
292966.2744
292868.0227
292764.1718
292652.9
292532.5776
292402.0093
292260.5245
292107.8746
291943.9486
291768.3818
291580.196
291377.6528
291158.4064
290919.8465
290659.4849
290375.2229
290065.3416
289728.2569
289362.2078
288965.0514
288534.3082
288067.4436
287562.2227
287017.0118
286430.837
285802.9631
285132.8867
284419.6657
283661.0416
282853.9197
281994.112
281076.9535
280097.3962
279050.7306
277931.783
276734.7587
275453.9227
274083.4314
272616.6941
271046.1326
269363.2213
267555.6003
265611.4658
263518.388
261264.0967
258835.5587
256217.5991
253390.164
250330.3085
247010.7196
243392.8867
239434.0381
235078.3664
230265.3726
224930.7223
218994.1013
212378.2835
205006.0623
196805.8501
187722.7567
177712.5103
166766.8417
154918.9626
142247.4377
128969.831
115130.942
100962.0061
86770.85301
72928.91222
59829.06696
47838.01133
37239.50254
28195.68072
20742.29522
14805.56452
293399.0091
293323.528
293240.1915
293151.9526
293060.5811
292966.2744
292868.0227
292764.1718
292652.9
292532.5776
292402.0093
292260.5245
292107.8746
291943.9486
291768.3818
291580.196
291377.6528
291158.4064
290919.8465
290659.4849
290375.2229
290065.3416
289728.2569
289362.2078
288965.0514
288534.3082
288067.4436
287562.2227
287017.0118
286430.837
285802.9631
285132.8867
284419.6657
283661.0416
282853.9197
281994.112
281076.9535
280097.3962
279050.7306
277931.783
276734.7587
275453.9227
274083.4314
272616.6941
271046.1326
269363.2213
267555.6003
265611.4658
263518.388
261264.0967
258835.5587
256217.5991
253390.164
250330.3085
247010.7196
243392.8867
239434.0381
235078.3664
230265.3726
224930.7223
218994.1013
212378.2835
205006.0623
196805.8501
187722.7567
177712.5103
166766.8417
154918.9626
142247.4377
128969.831
115130.942
100962.0061
86770.85301
72928.91222
59829.06696
47838.01133
37239.50254
28195.68072
20742.29522
14805.56452
293399.0091
293323.528
293240.1915
293151.9526
293060.5811
292966.2744
292868.0227
292764.1718
292652.9
292532.5776
292402.0093
292260.5245
292107.8746
291943.9486
291768.3818
291580.196
291377.6528
291158.4064
290919.8465
290659.4849
290375.2229
290065.3416
289728.2569
289362.2078
288965.0514
288534.3082
288067.4436
287562.2227
287017.0118
286430.837
285802.9631
285132.8867
284419.6657
283661.0416
282853.9197
281994.112
281076.9535
280097.3962
279050.7306
277931.783
276734.7587
275453.9227
274083.4314
272616.6941
271046.1326
269363.2213
267555.6003
265611.4658
263518.388
261264.0967
258835.5587
256217.5991
253390.164
250330.3085
247010.7196
243392.8867
239434.0381
235078.3664
230265.3726
224930.7223
218994.1013
212378.2835
205006.0623
196805.8501
187722.7567
177712.5103
166766.8417
154918.9626
142247.4377
128969.831
115130.942
100962.0061
86770.85301
72928.91222
59829.06696
47838.01133
37239.50254
28195.68072
20742.29522
14805.56452
293399.0091
293323.528
293240.1915
293151.9526
293060.5811
292966.2744
292868.0227
292764.1718
292652.9
292532.5776
292402.0093
292260.5245
292107.8746
291943.9486
291768.3818
291580.196
291377.6528
291158.4064
290919.8465
290659.4849
290375.2229
290065.3416
289728.2569
289362.2078
288965.0514
288534.3082
288067.4436
287562.2227
287017.0118
286430.837
285802.9631
285132.8867
284419.6657
283661.0416
282853.9197
281994.112
281076.9535
280097.3962
279050.7306
277931.783
276734.7587
275453.9227
274083.4314
272616.6941
271046.1326
269363.2213
267555.6003
265611.4658
263518.388
261264.0967
258835.5587
256217.5991
253390.164
250330.3085
247010.7196
243392.8867
239434.0381
235078.3664
230265.3726
224930.7223
218994.1013
212378.2835
205006.0623
196805.8501
187722.7567
177712.5103
166766.8417
154918.9626
142247.4377
128969.831
115130.942
100962.0061
86770.85301
72928.91222
59829.06696
47838.01133
37239.50254
28195.68072
20742.29522
14805.56452
293399.0091
293323.528
293240.1915
293151.9526
293060.5811
292966.2744
292868.0227
292764.1718
292652.9
292532.5776
292402.0093
292260.5245
292107.8746
291943.9486
291768.3818
291580.196
291377.6528
291158.4064
290919.8465
290659.4849
290375.2229
290065.3416
289728.2569
289362.2078
288965.0514
288534.3082
288067.4436
287562.2227
287017.0118
286430.837
285802.9631
285132.8867
284419.6657
283661.0416
282853.9197
281994.112
281076.9535
280097.3962
279050.7306
277931.783
276734.7587
275453.9227
274083.4314
272616.6941
271046.1326
269363.2213
267555.6003
265611.4658
263518.388
261264.0967
258835.5587
256217.5991
253390.164
250330.3085
247010.7196
243392.8867
239434.0381
235078.3664
230265.3726
224930.7223
218994.1013
212378.2835
205006.0623
196805.8501
187722.7567
177712.5103
166766.8417
154918.9626
142247.4377
128969.831
115130.942
100962.0061
86770.85301
72928.91222
59829.06696
47838.01133
37239.50254
28195.68072
20742.29522
14805.56452
293399.0091
293323.528
293240.1915
293151.9526
293060.5811
292966.2744
292868.0227
292764.1718
292652.9
292532.5776
292402.0093
292260.5245
292107.8746
291943.9486
291768.3818
291580.196
291377.6528
291158.4064
290919.8465
290659.4849
290375.2229
290065.3416
289728.2569
289362.2078
288965.0514
288534.3082
288067.4436
287562.2227
287017.0118
286430.837
285802.9631
285132.8867
284419.6657
283661.0416
282853.9197
281994.112
281076.9535
280097.3962
279050.7306
277931.783
276734.7587
275453.9227
274083.4314
272616.6941
271046.1326
269363.2213
267555.6003
265611.4658
263518.388
261264.0967
258835.5587
256217.5991
253390.164
250330.3085
247010.7196
243392.8867
239434.0381
235078.3664
230265.3726
224930.7223
218994.1013
212378.2835
205006.0623
196805.8501
187722.7567
177712.5103
166766.8417
154918.9626
142247.4377
128969.831
115130.942
100962.0061
86770.85301
72928.91222
59829.06696
47838.01133
37239.50254
28195.68072
20742.29522
14805.56452
293399.0091
293323.528
293240.1915
293151.9526
293060.5811
292966.2744
292868.0227
292764.1718
292652.9
292532.5776
292402.0093
292260.5245
292107.8746
291943.9486
291768.3818
291580.196
291377.6528
291158.4064
290919.8465
290659.4849
290375.2229
290065.3416
289728.2569
289362.2078
288965.0514
288534.3082
288067.4436
287562.2227
287017.0118
286430.837
285802.9631
285132.8867
284419.6657
283661.0416
282853.9197
281994.112
281076.9535
280097.3962
279050.7306
277931.783
276734.7587
275453.9227
274083.4314
272616.6941
271046.1326
269363.2213
267555.6003
265611.4658
263518.388
261264.0967
258835.5587
256217.5991
253390.164
250330.3085
247010.7196
243392.8867
239434.0381
235078.3664
230265.3726
224930.7223
218994.1013
212378.2835
205006.0623
196805.8501
187722.7567
177712.5103
166766.8417
154918.9626
142247.4377
128969.831
115130.942
100962.0061
86770.85301
72928.91222
59829.06696
47838.01133
37239.50254
28195.68072
20742.29522
14805.56452
293399.0091
293323.528
293240.1915
293151.9526
293060.5811
292966.2744
292868.0227
292764.1718
292652.9
292532.5776
292402.0093
292260.5245
292107.8746
291943.9486
291768.3818
291580.196
291377.6528
291158.4064
290919.8465
290659.4849
290375.2229
290065.3416
289728.2569
289362.2078
288965.0514
288534.3082
288067.4436
287562.2227
287017.0118
286430.837
285802.9631
285132.8867
284419.6657
283661.0416
282853.9197
281994.112
281076.9535
280097.3962
279050.7306
277931.783
276734.7587
275453.9227
274083.4314
272616.6941
271046.1326
269363.2213
267555.6003
265611.4658
263518.388
261264.0967
258835.5587
256217.5991
253390.164
250330.3085
247010.7196
243392.8867
239434.0381
235078.3664
230265.3726
224930.7223
218994.1013
212378.2835
205006.0623
196805.8501
187722.7567
177712.5103
166766.8417
154918.9626
142247.4377
128969.831
115130.942
100962.0061
86770.85301
72928.91222
59829.06696
47838.01133
37239.50254
28195.68072
20742.29522
14805.56452
293399.0091
293323.528
293240.1915
293151.9526
293060.5811
292966.2744
292868.0227
292764.1718
292652.9
292532.5776
292402.0093
292260.5245
292107.8746
291943.9486
291768.3818
291580.196
291377.6528
291158.4064
290919.8465
290659.4849
290375.2229
290065.3416
289728.2569
289362.2078
288965.0514
288534.3082
288067.4436
287562.2227
287017.0118
286430.837
285802.9631
285132.8867
284419.6657
283661.0416
282853.9197
281994.112
281076.9535
280097.3962
279050.7306
277931.783
276734.7587
275453.9227
274083.4314
272616.6941
271046.1326
269363.2213
267555.6003
265611.4658
263518.388
261264.0967
258835.5587
256217.5991
253390.164
250330.3085
247010.7196
243392.8867
239434.0381
235078.3664
230265.3726
224930.7223
218994.1013
212378.2835
205006.0623
196805.8501
187722.7567
177712.5103
166766.8417
154918.9626
142247.4377
128969.831
115130.942
100962.0061
86770.85301
72928.91222
59829.06696
47838.01133
37239.50254
28195.68072
20742.29522
14805.56452
293399.0091
293323.528
293240.1915
293151.9526
293060.5811
292966.2744
292868.0227
292764.1718
292652.9
292532.5776
292402.0093
292260.5245
292107.8746
291943.9486
291768.3818
291580.196
291377.6528
291158.4064
290919.8465
290659.4849
290375.2229
290065.3416
289728.2569
289362.2078
288965.0514
288534.3082
288067.4436
287562.2227
287017.0118
286430.837
285802.9631
285132.8867
284419.6657
283661.0416
282853.9197
281994.112
281076.9535
280097.3962
279050.7306
277931.783
276734.7587
275453.9227
274083.4314
272616.6941
271046.1326
269363.2213
267555.6003
265611.4658
263518.388
261264.0967
258835.5587
256217.5991
253390.164
250330.3085
247010.7196
243392.8867
239434.0381
235078.3664
230265.3726
224930.7223
218994.1013
212378.2835
205006.0623
196805.8501
187722.7567
177712.5103
166766.8417
154918.9626
142247.4377
128969.831
115130.942
100962.0061
86770.85301
72928.91222
59829.06696
47838.01133
37239.50254
28195.68072
20742.29522
14805.56452
293399.0091
293323.528
293240.1915
293151.9526
293060.5811
292966.2744
292868.0227
292764.1718
292652.9
292532.5776
292402.0093
292260.5245
292107.8746
291943.9486
291768.3818
291580.196
291377.6528
291158.4064
290919.8465
290659.4849
290375.2229
290065.3416
289728.2569
289362.2078
288965.0514
288534.3082
288067.4436
287562.2227
287017.0118
286430.837
285802.9631
285132.8867
284419.6657
283661.0416
282853.9197
281994.112
281076.9535
280097.3962
279050.7306
277931.783
276734.7587
275453.9227
274083.4314
272616.6941
271046.1326
269363.2213
267555.6003
265611.4658
263518.388
261264.0967
258835.5587
256217.5991
253390.164
250330.3085
247010.7196
243392.8867
239434.0381
235078.3664
230265.3726
224930.7223
218994.1013
212378.2835
205006.0623
196805.8501
187722.7567
177712.5103
166766.8417
154918.9626
142247.4377
128969.831
115130.942
100962.0061
86770.85301
72928.91222
59829.06696
47838.01133
37239.50254
28195.68072
20742.29522
14805.56452
293399.0091
293323.528
293240.1915
293151.9526
293060.5811
292966.2744
292868.0227
292764.1718
292652.9
292532.5776
292402.0093
292260.5245
292107.8746
291943.9486
291768.3818
291580.196
291377.6528
291158.4064
290919.8465
290659.4849
290375.2229
290065.3416
289728.2569
289362.2078
288965.0514
288534.3082
288067.4436
287562.2227
287017.0118
286430.837
285802.9631
285132.8867
284419.6657
283661.0416
282853.9197
281994.112
281076.9535
280097.3962
279050.7306
277931.783
276734.7587
275453.9227
274083.4314
272616.6941
271046.1326
269363.2213
267555.6003
265611.4658
263518.388
261264.0967
258835.5587
256217.5991
253390.164
250330.3085
247010.7196
243392.8867
239434.0381
235078.3664
230265.3726
224930.7223
218994.1013
212378.2835
205006.0623
196805.8501
187722.7567
177712.5103
166766.8417
154918.9626
142247.4377
128969.831
115130.942
100962.0061
86770.85301
72928.91222
59829.06696
47838.01133
37239.50254
28195.68072
20742.29522
14805.56452
293399.0091
293323.528
293240.1915
293151.9526
293060.5811
292966.2744
292868.0227
292764.1718
292652.9
292532.5776
292402.0093
292260.5245
292107.8746
291943.9486
291768.3818
291580.196
291377.6528
291158.4064
290919.8465
290659.4849
290375.2229
290065.3416
289728.2569
289362.2078
288965.0514
288534.3082
288067.4436
287562.2227
287017.0118
286430.837
285802.9631
285132.8867
284419.6657
283661.0416
282853.9197
281994.112
281076.9535
280097.3962
279050.7306
277931.783
276734.7587
275453.9227
274083.4314
272616.6941
271046.1326
269363.2213
267555.6003
265611.4658
263518.388
261264.0967
258835.5587
256217.5991
253390.164
250330.3085
247010.7196
243392.8867
239434.0381
235078.3664
230265.3726
224930.7223
218994.1013
212378.2835
205006.0623
196805.8501
187722.7567
177712.5103
166766.8417
154918.9626
142247.4377
128969.831
115130.942
100962.0061
86770.85301
72928.91222
59829.06696
47838.01133
37239.50254
28195.68072
20742.29522
14805.56452
293399.0091
293323.528
293240.1915
293151.9526
293060.5811
292966.2744
292868.0227
292764.1718
292652.9
292532.5776
292402.0093
292260.5245
292107.8746
291943.9486
291768.3818
291580.196
291377.6528
291158.4064
290919.8465
290659.4849
290375.2229
290065.3416
289728.2569
289362.2078
288965.0514
288534.3082
288067.4436
287562.2227
287017.0118
286430.837
285802.9631
285132.8867
284419.6657
283661.0416
282853.9197
281994.112
281076.9535
280097.3962
279050.7306
277931.783
276734.7587
275453.9227
274083.4314
272616.6941
271046.1326
269363.2213
267555.6003
265611.4658
263518.388
261264.0967
258835.5587
256217.5991
253390.164
250330.3085
247010.7196
243392.8867
239434.0381
235078.3664
230265.3726
224930.7223
218994.1013
212378.2835
205006.0623
196805.8501
187722.7567
177712.5103
166766.8417
154918.9626
142247.4377
128969.831
115130.942
100962.0061
86770.85301
72928.91222
59829.06696
47838.01133
37239.50254
28195.68072
20742.29522
14805.56452
293399.0091
293323.528
293240.1915
293151.9526
293060.5811
292966.2744
292868.0227
292764.1718
292652.9
292532.5776
292402.0093
292260.5245
292107.8746
291943.9486
291768.3818
291580.196
291377.6528
291158.4064
290919.8465
290659.4849
290375.2229
290065.3416
289728.2569
289362.2078
288965.0514
288534.3082
288067.4436
287562.2227
287017.0118
286430.837
285802.9631
285132.8867
284419.6657
283661.0416
282853.9197
281994.112
281076.9535
280097.3962
279050.7306
277931.783
276734.7587
275453.9227
274083.4314
272616.6941
271046.1326
269363.2213
267555.6003
265611.4658
263518.388
261264.0967
258835.5587
256217.5991
253390.164
250330.3085
247010.7196
243392.8867
239434.0381
235078.3664
230265.3726
224930.7223
218994.1013
212378.2835
205006.0623
196805.8501
187722.7567
177712.5103
166766.8417
154918.9626
142247.4377
128969.831
115130.942
100962.0061
86770.85301
72928.91222
59829.06696
47838.01133
37239.50254
28195.68072
20742.29522
14805.56452
293399.0091
293323.528
293240.1915
293151.9526
293060.5811
292966.2744
292868.0227
292764.1718
292652.9
292532.5776
292402.0093
292260.5245
292107.8746
291943.9486
291768.3818
291580.196
291377.6528
291158.4064
290919.8465
290659.4849
290375.2229
290065.3416
289728.2569
289362.2078
288965.0514
288534.3082
288067.4436
287562.2227
287017.0118
286430.837
285802.9631
285132.8867
284419.6657
283661.0416
282853.9197
281994.112
281076.9535
280097.3962
279050.7306
277931.783
276734.7587
275453.9227
274083.4314
272616.6941
271046.1326
269363.2213
267555.6003
265611.4658
263518.388
261264.0967
258835.5587
256217.5991
253390.164
250330.3085
247010.7196
243392.8867
239434.0381
235078.3664
230265.3726
224930.7223
218994.1013
212378.2835
205006.0623
196805.8501
187722.7567
177712.5103
166766.8417
154918.9626
142247.4377
128969.831
115130.942
100962.0061
86770.85301
72928.91222
59829.06696
47838.01133
37239.50254
28195.68072
20742.29522
14805.56452
293399.0091
293323.528
293240.1915
293151.9526
293060.5811
292966.2744
292868.0227
292764.1718
292652.9
292532.5776
292402.0093
292260.5245
292107.8746
291943.9486
291768.3818
291580.196
291377.6528
291158.4064
290919.8465
290659.4849
290375.2229
290065.3416
289728.2569
289362.2078
288965.0514
288534.3082
288067.4436
287562.2227
287017.0118
286430.837
285802.9631
285132.8867
284419.6657
283661.0416
282853.9197
281994.112
281076.9535
280097.3962
279050.7306
277931.783
276734.7587
275453.9227
274083.4314
272616.6941
271046.1326
269363.2213
267555.6003
265611.4658
263518.388
261264.0967
258835.5587
256217.5991
253390.164
250330.3085
247010.7196
243392.8867
239434.0381
235078.3664
230265.3726
224930.7223
218994.1013
212378.2835
205006.0623
196805.8501
187722.7567
177712.5103
166766.8417
154918.9626
142247.4377
128969.831
115130.942
100962.0061
86770.85301
72928.91222
59829.06696
47838.01133
37239.50254
28195.68072
20742.29522
14805.56452
293399.0091
293323.528
293240.1915
293151.9526
293060.5811
292966.2744
292868.0227
292764.1718
292652.9
292532.5776
292402.0093
292260.5245
292107.8746
291943.9486
291768.3818
291580.196
291377.6528
291158.4064
290919.8465
290659.4849
290375.2229
290065.3416
289728.2569
289362.2078
288965.0514
288534.3082
288067.4436
287562.2227
287017.0118
286430.837
285802.9631
285132.8867
284419.6657
283661.0416
282853.9197
281994.112
281076.9535
280097.3962
279050.7306
277931.783
276734.7587
275453.9227
274083.4314
272616.6941
271046.1326
269363.2213
267555.6003
265611.4658
263518.388
261264.0967
258835.5587
256217.5991
253390.164
250330.3085
247010.7196
243392.8867
239434.0381
235078.3664
230265.3726
224930.7223
218994.1013
212378.2835
205006.0623
196805.8501
187722.7567
177712.5103
166766.8417
154918.9626
142247.4377
128969.831
115130.942
100962.0061
86770.85301
72928.91222
59829.06696
47838.01133
37239.50254
28195.68072
20742.29522
14805.56452
293399.0091
293323.528
293240.1915
293151.9526
293060.5811
292966.2744
292868.0227
292764.1718
292652.9
292532.5776
292402.0093
292260.5245
292107.8746
291943.9486
291768.3818
291580.196
291377.6528
291158.4064
290919.8465
290659.4849
290375.2229
290065.3416
289728.2569
289362.2078
288965.0514
288534.3082
288067.4436
287562.2227
287017.0118
286430.837
285802.9631
285132.8867
284419.6657
283661.0416
282853.9197
281994.112
281076.9535
280097.3962
279050.7306
277931.783
276734.7587
275453.9227
274083.4314
272616.6941
271046.1326
269363.2213
267555.6003
265611.4658
263518.388
261264.0967
258835.5587
256217.5991
253390.164
250330.3085
247010.7196
243392.8867
239434.0381
235078.3664
230265.3726
224930.7223
218994.1013
212378.2835
205006.0623
196805.8501
187722.7567
177712.5103
166766.8417
154918.9626
142247.4377
128969.831
115130.942
100962.0061
86770.85301
72928.91222
59829.06696
47838.01133
37239.50254
28195.68072
20742.29522
14805.56452
293399.0091
293323.528
293240.1915
293151.9526
293060.5811
292966.2744
292868.0227
292764.1718
292652.9
292532.5776
292402.0093
292260.5245
292107.8746
291943.9486
291768.3818
291580.196
291377.6528
291158.4064
290919.8465
290659.4849
290375.2229
290065.3416
289728.2569
289362.2078
288965.0514
288534.3082
288067.4436
287562.2227
287017.0118
286430.837
285802.9631
285132.8867
284419.6657
283661.0416
282853.9197
281994.112
281076.9535
280097.3962
279050.7306
277931.783
276734.7587
275453.9227
274083.4314
272616.6941
271046.1326
269363.2213
267555.6003
265611.4658
263518.388
261264.0967
258835.5587
256217.5991
253390.164
250330.3085
247010.7196
243392.8867
239434.0381
235078.3664
230265.3726
224930.7223
218994.1013
212378.2835
205006.0623
196805.8501
187722.7567
177712.5103
166766.8417
154918.9626
142247.4377
128969.831
115130.942
100962.0061
86770.85301
72928.91222
59829.06696
47838.01133
37239.50254
28195.68072
20742.29522
14805.56452
293399.0091
293323.528
293240.1915
293151.9526
293060.5811
292966.2744
292868.0227
292764.1718
292652.9
292532.5776
292402.0093
292260.5245
292107.8746
291943.9486
291768.3818
291580.196
291377.6528
291158.4064
290919.8465
290659.4849
290375.2229
290065.3416
289728.2569
289362.2078
288965.0514
288534.3082
288067.4436
287562.2227
287017.0118
286430.837
285802.9631
285132.8867
284419.6657
283661.0416
282853.9197
281994.112
281076.9535
280097.3962
279050.7306
277931.783
276734.7587
275453.9227
274083.4314
272616.6941
271046.1326
269363.2213
267555.6003
265611.4658
263518.388
261264.0967
258835.5587
256217.5991
253390.164
250330.3085
247010.7196
243392.8867
239434.0381
235078.3664
230265.3726
224930.7223
218994.1013
212378.2835
205006.0623
196805.8501
187722.7567
177712.5103
166766.8417
154918.9626
142247.4377
128969.831
115130.942
100962.0061
86770.85301
72928.91222
59829.06696
47838.01133
37239.50254
28195.68072
20742.29522
14805.56452
293399.0091
293323.528
293240.1915
293151.9526
293060.5811
292966.2744
292868.0227
292764.1718
292652.9
292532.5776
292402.0093
292260.5245
292107.8746
291943.9486
291768.3818
291580.196
291377.6528
291158.4064
290919.8465
290659.4849
290375.2229
290065.3416
289728.2569
289362.2078
288965.0514
288534.3082
288067.4436
287562.2227
287017.0118
286430.837
285802.9631
285132.8867
284419.6657
283661.0416
282853.9197
281994.112
281076.9535
280097.3962
279050.7306
277931.783
276734.7587
275453.9227
274083.4314
272616.6941
271046.1326
269363.2213
267555.6003
265611.4658
263518.388
261264.0967
258835.5587
256217.5991
253390.164
250330.3085
247010.7196
243392.8867
239434.0381
235078.3664
230265.3726
224930.7223
218994.1013
212378.2835
205006.0623
196805.8501
187722.7567
177712.5103
166766.8417
154918.9626
142247.4377
128969.831
115130.942
100962.0061
86770.85301
72928.91222
59829.06696
47838.01133
37239.50254
28195.68072
20742.29522
14805.56452
293399.0091
293323.528
293240.1915
293151.9526
293060.5811
292966.2744
292868.0227
292764.1718
292652.9
292532.5776
292402.0093
292260.5245
292107.8746
291943.9486
291768.3818
291580.196
291377.6528
291158.4064
290919.8465
290659.4849
290375.2229
290065.3416
289728.2569
289362.2078
288965.0514
288534.3082
288067.4436
287562.2227
287017.0118
286430.837
285802.9631
285132.8867
284419.6657
283661.0416
282853.9197
281994.112
281076.9535
280097.3962
279050.7306
277931.783
276734.7587
275453.9227
274083.4314
272616.6941
271046.1326
269363.2213
267555.6003
265611.4658
263518.388
261264.0967
258835.5587
256217.5991
253390.164
250330.3085
247010.7196
243392.8867
239434.0381
235078.3664
230265.3726
224930.7223
218994.1013
212378.2835
205006.0623
196805.8501
187722.7567
177712.5103
166766.8417
154918.9626
142247.4377
128969.831
115130.942
100962.0061
86770.85301
72928.91222
59829.06696
47838.01133
37239.50254
28195.68072
20742.29522
14805.56452
293399.0091
293323.528
293240.1915
293151.9526
293060.5811
292966.2744
292868.0227
292764.1718
292652.9
292532.5776
292402.0093
292260.5245
292107.8746
291943.9486
291768.3818
291580.196
291377.6528
291158.4064
290919.8465
290659.4849
290375.2229
290065.3416
289728.2569
289362.2078
288965.0514
288534.3082
288067.4436
287562.2227
287017.0118
286430.837
285802.9631
285132.8867
284419.6657
283661.0416
282853.9197
281994.112
281076.9535
280097.3962
279050.7306
277931.783
276734.7587
275453.9227
274083.4314
272616.6941
271046.1326
269363.2213
267555.6003
265611.4658
263518.388
261264.0967
258835.5587
256217.5991
253390.164
250330.3085
247010.7196
243392.8867
239434.0381
235078.3664
230265.3726
224930.7223
218994.1013
212378.2835
205006.0623
196805.8501
187722.7567
177712.5103
166766.8417
154918.9626
142247.4377
128969.831
115130.942
100962.0061
86770.85301
72928.91222
59829.06696
47838.01133
37239.50254
28195.68072
20742.29522
14805.56452
293399.0091
293323.528
293240.1915
293151.9526
293060.5811
292966.2744
292868.0227
292764.1718
292652.9
292532.5776
292402.0093
292260.5245
292107.8746
291943.9486
291768.3818
291580.196
291377.6528
291158.4064
290919.8465
290659.4849
290375.2229
290065.3416
289728.2569
289362.2078
288965.0514
288534.3082
288067.4436
287562.2227
287017.0118
286430.837
285802.9631
285132.8867
284419.6657
283661.0416
282853.9197
281994.112
281076.9535
280097.3962
279050.7306
277931.783
276734.7587
275453.9227
274083.4314
272616.6941
271046.1326
269363.2213
267555.6003
265611.4658
263518.388
261264.0967
258835.5587
256217.5991
253390.164
250330.3085
247010.7196
243392.8867
239434.0381
235078.3664
230265.3726
224930.7223
218994.1013
212378.2835
205006.0623
196805.8501
187722.7567
177712.5103
166766.8417
154918.9626
142247.4377
128969.831
115130.942
100962.0061
86770.85301
72928.91222
59829.06696
47838.01133
37239.50254
28195.68072
20742.29522
14805.56452
293399.0091
293323.528
293240.1915
293151.9526
293060.5811
292966.2744
292868.0227
292764.1718
292652.9
292532.5776
292402.0093
292260.5245
292107.8746
291943.9486
291768.3818
291580.196
291377.6528
291158.4064
290919.8465
290659.4849
290375.2229
290065.3416
289728.2569
289362.2078
288965.0514
288534.3082
288067.4436
287562.2227
287017.0118
286430.837
285802.9631
285132.8867
284419.6657
283661.0416
282853.9197
281994.112
281076.9535
280097.3962
279050.7306
277931.783
276734.7587
275453.9227
274083.4314
272616.6941
271046.1326
269363.2213
267555.6003
265611.4658
263518.388
261264.0967
258835.5587
256217.5991
253390.164
250330.3085
247010.7196
243392.8867
239434.0381
235078.3664
230265.3726
224930.7223
218994.1013
212378.2835
205006.0623
196805.8501
187722.7567
177712.5103
166766.8417
154918.9626
142247.4377
128969.831
115130.942
100962.0061
86770.85301
72928.91222
59829.06696
47838.01133
37239.50254
28195.68072
20742.29522
14805.56452
293399.0091
293323.528
293240.1915
293151.9526
293060.5811
292966.2744
292868.0227
292764.1718
292652.9
292532.5776
292402.0093
292260.5245
292107.8746
291943.9486
291768.3818
291580.196
291377.6528
291158.4064
290919.8465
290659.4849
290375.2229
290065.3416
289728.2569
289362.2078
288965.0514
288534.3082
288067.4436
287562.2227
287017.0118
286430.837
285802.9631
285132.8867
284419.6657
283661.0416
282853.9197
281994.112
281076.9535
280097.3962
279050.7306
277931.783
276734.7587
275453.9227
274083.4314
272616.6941
271046.1326
269363.2213
267555.6003
265611.4658
263518.388
261264.0967
258835.5587
256217.5991
253390.164
250330.3085
247010.7196
243392.8867
239434.0381
235078.3664
230265.3726
224930.7223
218994.1013
212378.2835
205006.0623
196805.8501
187722.7567
177712.5103
166766.8417
154918.9626
142247.4377
128969.831
115130.942
100962.0061
86770.85301
72928.91222
59829.06696
47838.01133
37239.50254
28195.68072
20742.29522
14805.56452
293399.0091
293323.528
293240.1915
293151.9526
293060.5811
292966.2744
292868.0227
292764.1718
292652.9
292532.5776
292402.0093
292260.5245
292107.8746
291943.9486
291768.3818
291580.196
291377.6528
291158.4064
290919.8465
290659.4849
290375.2229
290065.3416
289728.2569
289362.2078
288965.0514
288534.3082
288067.4436
287562.2227
287017.0118
286430.837
285802.9631
285132.8867
284419.6657
283661.0416
282853.9197
281994.112
281076.9535
280097.3962
279050.7306
277931.783
276734.7587
275453.9227
274083.4314
272616.6941
271046.1326
269363.2213
267555.6003
265611.4658
263518.388
261264.0967
258835.5587
256217.5991
253390.164
250330.3085
247010.7196
243392.8867
239434.0381
235078.3664
230265.3726
224930.7223
218994.1013
212378.2835
205006.0623
196805.8501
187722.7567
177712.5103
166766.8417
154918.9626
142247.4377
128969.831
115130.942
100962.0061
86770.85301
72928.91222
59829.06696
47838.01133
37239.50254
28195.68072
20742.29522
14805.56452
293399.0091
293323.528
293240.1915
293151.9526
293060.5811
292966.2744
292868.0227
292764.1718
292652.9
292532.5776
292402.0093
292260.5245
292107.8746
291943.9486
291768.3818
291580.196
291377.6528
291158.4064
290919.8465
290659.4849
290375.2229
290065.3416
289728.2569
289362.2078
288965.0514
288534.3082
288067.4436
287562.2227
287017.0118
286430.837
285802.9631
285132.8867
284419.6657
283661.0416
282853.9197
281994.112
281076.9535
280097.3962
279050.7306
277931.783
276734.7587
275453.9227
274083.4314
272616.6941
271046.1326
269363.2213
267555.6003
265611.4658
263518.388
261264.0967
258835.5587
256217.5991
253390.164
250330.3085
247010.7196
243392.8867
239434.0381
235078.3664
230265.3726
224930.7223
218994.1013
212378.2835
205006.0623
196805.8501
187722.7567
177712.5103
166766.8417
154918.9626
142247.4377
128969.831
115130.942
100962.0061
86770.85301
72928.91222
59829.06696
47838.01133
37239.50254
28195.68072
20742.29522
14805.56452
293399.0091
293323.528
293240.1915
293151.9526
293060.5811
292966.2744
292868.0227
292764.1718
292652.9
292532.5776
292402.0093
292260.5245
292107.8746
291943.9486
291768.3818
291580.196
291377.6528
291158.4064
290919.8465
290659.4849
290375.2229
290065.3416
289728.2569
289362.2078
288965.0514
288534.3082
288067.4436
287562.2227
287017.0118
286430.837
285802.9631
285132.8867
284419.6657
283661.0416
282853.9197
281994.112
281076.9535
280097.3962
279050.7306
277931.783
276734.7587
275453.9227
274083.4314
272616.6941
271046.1326
269363.2213
267555.6003
265611.4658
263518.388
261264.0967
258835.5587
256217.5991
253390.164
250330.3085
247010.7196
243392.8867
239434.0381
235078.3664
230265.3726
224930.7223
218994.1013
212378.2835
205006.0623
196805.8501
187722.7567
177712.5103
166766.8417
154918.9626
142247.4377
128969.831
115130.942
100962.0061
86770.85301
72928.91222
59829.06696
47838.01133
37239.50254
28195.68072
20742.29522
14805.56452
293399.0091
293323.528
293240.1915
293151.9526
293060.5811
292966.2744
292868.0227
292764.1718
292652.9
292532.5776
292402.0093
292260.5245
292107.8746
291943.9486
291768.3818
291580.196
291377.6528
291158.4064
290919.8465
290659.4849
290375.2229
290065.3416
289728.2569
289362.2078
288965.0514
288534.3082
288067.4436
287562.2227
287017.0118
286430.837
285802.9631
285132.8867
284419.6657
283661.0416
282853.9197
281994.112
281076.9535
280097.3962
279050.7306
277931.783
276734.7587
275453.9227
274083.4314
272616.6941
271046.1326
269363.2213
267555.6003
265611.4658
263518.388
261264.0967
258835.5587
256217.5991
253390.164
250330.3085
247010.7196
243392.8867
239434.0381
235078.3664
230265.3726
224930.7223
218994.1013
212378.2835
205006.0623
196805.8501
187722.7567
177712.5103
166766.8417
154918.9626
142247.4377
128969.831
115130.942
100962.0061
86770.85301
72928.91222
59829.06696
47838.01133
37239.50254
28195.68072
20742.29522
14805.56452
293399.0091
293323.528
293240.1915
293151.9526
293060.5811
292966.2744
292868.0227
292764.1718
292652.9
292532.5776
292402.0093
292260.5245
292107.8746
291943.9486
291768.3818
291580.196
291377.6528
291158.4064
290919.8465
290659.4849
290375.2229
290065.3416
289728.2569
289362.2078
288965.0514
288534.3082
288067.4436
287562.2227
287017.0118
286430.837
285802.9631
285132.8867
284419.6657
283661.0416
282853.9197
281994.112
281076.9535
280097.3962
279050.7306
277931.783
276734.7587
275453.9227
274083.4314
272616.6941
271046.1326
269363.2213
267555.6003
265611.4658
263518.388
261264.0967
258835.5587
256217.5991
253390.164
250330.3085
247010.7196
243392.8867
239434.0381
235078.3664
230265.3726
224930.7223
218994.1013
212378.2835
205006.0623
196805.8501
187722.7567
177712.5103
166766.8417
154918.9626
142247.4377
128969.831
115130.942
100962.0061
86770.85301
72928.91222
59829.06696
47838.01133
37239.50254
28195.68072
20742.29522
14805.56452
293399.0091
293323.528
293240.1915
293151.9526
293060.5811
292966.2744
292868.0227
292764.1718
292652.9
292532.5776
292402.0093
292260.5245
292107.8746
291943.9486
291768.3818
291580.196
291377.6528
291158.4064
290919.8465
290659.4849
290375.2229
290065.3416
289728.2569
289362.2078
288965.0514
288534.3082
288067.4436
287562.2227
287017.0118
286430.837
285802.9631
285132.8867
284419.6657
283661.0416
282853.9197
281994.112
281076.9535
280097.3962
279050.7306
277931.783
276734.7587
275453.9227
274083.4314
272616.6941
271046.1326
269363.2213
267555.6003
265611.4658
263518.388
261264.0967
258835.5587
256217.5991
253390.164
250330.3085
247010.7196
243392.8867
239434.0381
235078.3664
230265.3726
224930.7223
218994.1013
212378.2835
205006.0623
196805.8501
187722.7567
177712.5103
166766.8417
154918.9626
142247.4377
128969.831
115130.942
100962.0061
86770.85301
72928.91222
59829.06696
47838.01133
37239.50254
28195.68072
20742.29522
14805.56452
293399.0091
293323.528
293240.1915
293151.9526
293060.5811
292966.2744
292868.0227
292764.1718
292652.9
292532.5776
292402.0093
292260.5245
292107.8746
291943.9486
291768.3818
291580.196
291377.6528
291158.4064
290919.8465
290659.4849
290375.2229
290065.3416
289728.2569
289362.2078
288965.0514
288534.3082
288067.4436
287562.2227
287017.0118
286430.837
285802.9631
285132.8867
284419.6657
283661.0416
282853.9197
281994.112
281076.9535
280097.3962
279050.7306
277931.783
276734.7587
275453.9227
274083.4314
272616.6941
271046.1326
269363.2213
267555.6003
265611.4658
263518.388
261264.0967
258835.5587
256217.5991
253390.164
250330.3085
247010.7196
243392.8867
239434.0381
235078.3664
230265.3726
224930.7223
218994.1013
212378.2835
205006.0623
196805.8501
187722.7567
177712.5103
166766.8417
154918.9626
142247.4377
128969.831
115130.942
100962.0061
86770.85301
72928.91222
59829.06696
47838.01133
37239.50254
28195.68072
20742.29522
14805.56452
293399.0091
293323.528
293240.1915
293151.9526
293060.5811
292966.2744
292868.0227
292764.1718
292652.9
292532.5776
292402.0093
292260.5245
292107.8746
291943.9486
291768.3818
291580.196
291377.6528
291158.4064
290919.8465
290659.4849
290375.2229
290065.3416
289728.2569
289362.2078
288965.0514
288534.3082
288067.4436
287562.2227
287017.0118
286430.837
285802.9631
285132.8867
284419.6657
283661.0416
282853.9197
281994.112
281076.9535
280097.3962
279050.7306
277931.783
276734.7587
275453.9227
274083.4314
272616.6941
271046.1326
269363.2213
267555.6003
265611.4658
263518.388
261264.0967
258835.5587
256217.5991
253390.164
250330.3085
247010.7196
243392.8867
239434.0381
235078.3664
230265.3726
224930.7223
218994.1013
212378.2835
205006.0623
196805.8501
187722.7567
177712.5103
166766.8417
154918.9626
142247.4377
128969.831
115130.942
100962.0061
86770.85301
72928.91222
59829.06696
47838.01133
37239.50254
28195.68072
20742.29522
14805.56452
293399.0091
293323.528
293240.1915
293151.9526
293060.5811
292966.2744
292868.0227
292764.1718
292652.9
292532.5776
292402.0093
292260.5245
292107.8746
291943.9486
291768.3818
291580.196
291377.6528
291158.4064
290919.8465
290659.4849
290375.2229
290065.3416
289728.2569
289362.2078
288965.0514
288534.3082
288067.4436
287562.2227
287017.0118
286430.837
285802.9631
285132.8867
284419.6657
283661.0416
282853.9197
281994.112
281076.9535
280097.3962
279050.7306
277931.783
276734.7587
275453.9227
274083.4314
272616.6941
271046.1326
269363.2213
267555.6003
265611.4658
263518.388
261264.0967
258835.5587
256217.5991
253390.164
250330.3085
247010.7196
243392.8867
239434.0381
235078.3664
230265.3726
224930.7223
218994.1013
212378.2835
205006.0623
196805.8501
187722.7567
177712.5103
166766.8417
154918.9626
142247.4377
128969.831
115130.942
100962.0061
86770.85301
72928.91222
59829.06696
47838.01133
37239.50254
28195.68072
20742.29522
14805.56452
293399.0091
293323.528
293240.1915
293151.9526
293060.5811
292966.2744
292868.0227
292764.1718
292652.9
292532.5776
292402.0093
292260.5245
292107.8746
291943.9486
291768.3818
291580.196
291377.6528
291158.4064
290919.8465
290659.4849
290375.2229
290065.3416
289728.2569
289362.2078
288965.0514
288534.3082
288067.4436
287562.2227
287017.0118
286430.837
285802.9631
285132.8867
284419.6657
283661.0416
282853.9197
281994.112
281076.9535
280097.3962
279050.7306
277931.783
276734.7587
275453.9227
274083.4314
272616.6941
271046.1326
269363.2213
267555.6003
265611.4658
263518.388
261264.0967
258835.5587
256217.5991
253390.164
250330.3085
247010.7196
243392.8867
239434.0381
235078.3664
230265.3726
224930.7223
218994.1013
212378.2835
205006.0623
196805.8501
187722.7567
177712.5103
166766.8417
154918.9626
142247.4377
128969.831
115130.942
100962.0061
86770.85301
72928.91222
59829.06696
47838.01133
37239.50254
28195.68072
20742.29522
14805.56452
293399.0091
293323.528
293240.1915
293151.9526
293060.5811
292966.2744
292868.0227
292764.1718
292652.9
292532.5776
292402.0093
292260.5245
292107.8746
291943.9486
291768.3818
291580.196
291377.6528
291158.4064
290919.8465
290659.4849
290375.2229
290065.3416
289728.2569
289362.2078
288965.0514
288534.3082
288067.4436
287562.2227
287017.0118
286430.837
285802.9631
285132.8867
284419.6657
283661.0416
282853.9197
281994.112
281076.9535
280097.3962
279050.7306
277931.783
276734.7587
275453.9227
274083.4314
272616.6941
271046.1326
269363.2213
267555.6003
265611.4658
263518.388
261264.0967
258835.5587
256217.5991
253390.164
250330.3085
247010.7196
243392.8867
239434.0381
235078.3664
230265.3726
224930.7223
218994.1013
212378.2835
205006.0623
196805.8501
187722.7567
177712.5103
166766.8417
154918.9626
142247.4377
128969.831
115130.942
100962.0061
86770.85301
72928.91222
59829.06696
47838.01133
37239.50254
28195.68072
20742.29522
14805.56452
293399.0091
293323.528
293240.1915
293151.9526
293060.5811
292966.2744
292868.0227
292764.1718
292652.9
292532.5776
292402.0093
292260.5245
292107.8746
291943.9486
291768.3818
291580.196
291377.6528
291158.4064
290919.8465
290659.4849
290375.2229
290065.3416
289728.2569
289362.2078
288965.0514
288534.3082
288067.4436
287562.2227
287017.0118
286430.837
285802.9631
285132.8867
284419.6657
283661.0416
282853.9197
281994.112
281076.9535
280097.3962
279050.7306
277931.783
276734.7587
275453.9227
274083.4314
272616.6941
271046.1326
269363.2213
267555.6003
265611.4658
263518.388
261264.0967
258835.5587
256217.5991
253390.164
250330.3085
247010.7196
243392.8867
239434.0381
235078.3664
230265.3726
224930.7223
218994.1013
212378.2835
205006.0623
196805.8501
187722.7567
177712.5103
166766.8417
154918.9626
142247.4377
128969.831
115130.942
100962.0061
86770.85301
72928.91222
59829.06696
47838.01133
37239.50254
28195.68072
20742.29522
14805.56452
293399.0091
293323.528
293240.1915
293151.9526
293060.5811
292966.2744
292868.0227
292764.1718
292652.9
292532.5776
292402.0093
292260.5245
292107.8746
291943.9486
291768.3818
291580.196
291377.6528
291158.4064
290919.8465
290659.4849
290375.2229
290065.3416
289728.2569
289362.2078
288965.0514
288534.3082
288067.4436
287562.2227
287017.0118
286430.837
285802.9631
285132.8867
284419.6657
283661.0416
282853.9197
281994.112
281076.9535
280097.3962
279050.7306
277931.783
276734.7587
275453.9227
274083.4314
272616.6941
271046.1326
269363.2213
267555.6003
265611.4658
263518.388
261264.0967
258835.5587
256217.5991
253390.164
250330.3085
247010.7196
243392.8867
239434.0381
235078.3664
230265.3726
224930.7223
218994.1013
212378.2835
205006.0623
196805.8501
187722.7567
177712.5103
166766.8417
154918.9626
142247.4377
128969.831
115130.942
100962.0061
86770.85301
72928.91222
59829.06696
47838.01133
37239.50254
28195.68072
20742.29522
14805.56452
293399.0091
293323.528
293240.1915
293151.9526
293060.5811
292966.2744
292868.0227
292764.1718
292652.9
292532.5776
292402.0093
292260.5245
292107.8746
291943.9486
291768.3818
291580.196
291377.6528
291158.4064
290919.8465
290659.4849
290375.2229
290065.3416
289728.2569
289362.2078
288965.0514
288534.3082
288067.4436
287562.2227
287017.0118
286430.837
285802.9631
285132.8867
284419.6657
283661.0416
282853.9197
281994.112
281076.9535
280097.3962
279050.7306
277931.783
276734.7587
275453.9227
274083.4314
272616.6941
271046.1326
269363.2213
267555.6003
265611.4658
263518.388
261264.0967
258835.5587
256217.5991
253390.164
250330.3085
247010.7196
243392.8867
239434.0381
235078.3664
230265.3726
224930.7223
218994.1013
212378.2835
205006.0623
196805.8501
187722.7567
177712.5103
166766.8417
154918.9626
142247.4377
128969.831
115130.942
100962.0061
86770.85301
72928.91222
59829.06696
47838.01133
37239.50254
28195.68072
20742.29522
14805.56452
293399.0091
293323.528
293240.1915
293151.9526
293060.5811
292966.2744
292868.0227
292764.1718
292652.9
292532.5776
292402.0093
292260.5245
292107.8746
291943.9486
291768.3818
291580.196
291377.6528
291158.4064
290919.8465
290659.4849
290375.2229
290065.3416
289728.2569
289362.2078
288965.0514
288534.3082
288067.4436
287562.2227
287017.0118
286430.837
285802.9631
285132.8867
284419.6657
283661.0416
282853.9197
281994.112
281076.9535
280097.3962
279050.7306
277931.783
276734.7587
275453.9227
274083.4314
272616.6941
271046.1326
269363.2213
267555.6003
265611.4658
263518.388
261264.0967
258835.5587
256217.5991
253390.164
250330.3085
247010.7196
243392.8867
239434.0381
235078.3664
230265.3726
224930.7223
218994.1013
212378.2835
205006.0623
196805.8501
187722.7567
177712.5103
166766.8417
154918.9626
142247.4377
128969.831
115130.942
100962.0061
86770.85301
72928.91222
59829.06696
47838.01133
37239.50254
28195.68072
20742.29522
14805.56452
293399.0091
293323.528
293240.1915
293151.9526
293060.5811
292966.2744
292868.0227
292764.1718
292652.9
292532.5776
292402.0093
292260.5245
292107.8746
291943.9486
291768.3818
291580.196
291377.6528
291158.4064
290919.8465
290659.4849
290375.2229
290065.3416
289728.2569
289362.2078
288965.0514
288534.3082
288067.4436
287562.2227
287017.0118
286430.837
285802.9631
285132.8867
284419.6657
283661.0416
282853.9197
281994.112
281076.9535
280097.3962
279050.7306
277931.783
276734.7587
275453.9227
274083.4314
272616.6941
271046.1326
269363.2213
267555.6003
265611.4658
263518.388
261264.0967
258835.5587
256217.5991
253390.164
250330.3085
247010.7196
243392.8867
239434.0381
235078.3664
230265.3726
224930.7223
218994.1013
212378.2835
205006.0623
196805.8501
187722.7567
177712.5103
166766.8417
154918.9626
142247.4377
128969.831
115130.942
100962.0061
86770.85301
72928.91222
59829.06696
47838.01133
37239.50254
28195.68072
20742.29522
14805.56452
293399.0091
293323.528
293240.1915
293151.9526
293060.5811
292966.2744
292868.0227
292764.1718
292652.9
292532.5776
292402.0093
292260.5245
292107.8746
291943.9486
291768.3818
291580.196
291377.6528
291158.4064
290919.8465
290659.4849
290375.2229
290065.3416
289728.2569
289362.2078
288965.0514
288534.3082
288067.4436
287562.2227
287017.0118
286430.837
285802.9631
285132.8867
284419.6657
283661.0416
282853.9197
281994.112
281076.9535
280097.3962
279050.7306
277931.783
276734.7587
275453.9227
274083.4314
272616.6941
271046.1326
269363.2213
267555.6003
265611.4658
263518.388
261264.0967
258835.5587
256217.5991
253390.164
250330.3085
247010.7196
243392.8867
239434.0381
235078.3664
230265.3726
224930.7223
218994.1013
212378.2835
205006.0623
196805.8501
187722.7567
177712.5103
166766.8417
154918.9626
142247.4377
128969.831
115130.942
100962.0061
86770.85301
72928.91222
59829.06696
47838.01133
37239.50254
28195.68072
20742.29522
14805.56452
293399.0091
293323.528
293240.1915
293151.9526
293060.5811
292966.2744
292868.0227
292764.1718
292652.9
292532.5776
292402.0093
292260.5245
292107.8746
291943.9486
291768.3818
291580.196
291377.6528
291158.4064
290919.8465
290659.4849
290375.2229
290065.3416
289728.2569
289362.2078
288965.0514
288534.3082
288067.4436
287562.2227
287017.0118
286430.837
285802.9631
285132.8867
284419.6657
283661.0416
282853.9197
281994.112
281076.9535
280097.3962
279050.7306
277931.783
276734.7587
275453.9227
274083.4314
272616.6941
271046.1326
269363.2213
267555.6003
265611.4658
263518.388
261264.0967
258835.5587
256217.5991
253390.164
250330.3085
247010.7196
243392.8867
239434.0381
235078.3664
230265.3726
224930.7223
218994.1013
212378.2835
205006.0623
196805.8501
187722.7567
177712.5103
166766.8417
154918.9626
142247.4377
128969.831
115130.942
100962.0061
86770.85301
72928.91222
59829.06696
47838.01133
37239.50254
28195.68072
20742.29522
14805.56452
293399.0091
293323.528
293240.1915
293151.9526
293060.5811
292966.2744
292868.0227
292764.1718
292652.9
292532.5776
292402.0093
292260.5245
292107.8746
291943.9486
291768.3818
291580.196
291377.6528
291158.4064
290919.8465
290659.4849
290375.2229
290065.3416
289728.2569
289362.2078
288965.0514
288534.3082
288067.4436
287562.2227
287017.0118
286430.837
285802.9631
285132.8867
284419.6657
283661.0416
282853.9197
281994.112
281076.9535
280097.3962
279050.7306
277931.783
276734.7587
275453.9227
274083.4314
272616.6941
271046.1326
269363.2213
267555.6003
265611.4658
263518.388
261264.0967
258835.5587
256217.5991
253390.164
250330.3085
247010.7196
243392.8867
239434.0381
235078.3664
230265.3726
224930.7223
218994.1013
212378.2835
205006.0623
196805.8501
187722.7567
177712.5103
166766.8417
154918.9626
142247.4377
128969.831
115130.942
100962.0061
86770.85301
72928.91222
59829.06696
47838.01133
37239.50254
28195.68072
20742.29522
14805.56452
293399.0091
293323.528
293240.1915
293151.9526
293060.5811
292966.2744
292868.0227
292764.1718
292652.9
292532.5776
292402.0093
292260.5245
292107.8746
291943.9486
291768.3818
291580.196
291377.6528
291158.4064
290919.8465
290659.4849
290375.2229
290065.3416
289728.2569
289362.2078
288965.0514
288534.3082
288067.4436
287562.2227
287017.0118
286430.837
285802.9631
285132.8867
284419.6657
283661.0416
282853.9197
281994.112
281076.9535
280097.3962
279050.7306
277931.783
276734.7587
275453.9227
274083.4314
272616.6941
271046.1326
269363.2213
267555.6003
265611.4658
263518.388
261264.0967
258835.5587
256217.5991
253390.164
250330.3085
247010.7196
243392.8867
239434.0381
235078.3664
230265.3726
224930.7223
218994.1013
212378.2835
205006.0623
196805.8501
187722.7567
177712.5103
166766.8417
154918.9626
142247.4377
128969.831
115130.942
100962.0061
86770.85301
72928.91222
59829.06696
47838.01133
37239.50254
28195.68072
20742.29522
14805.56452
293399.0091
293323.528
293240.1915
293151.9526
293060.5811
292966.2744
292868.0227
292764.1718
292652.9
292532.5776
292402.0093
292260.5245
292107.8746
291943.9486
291768.3818
291580.196
291377.6528
291158.4064
290919.8465
290659.4849
290375.2229
290065.3416
289728.2569
289362.2078
288965.0514
288534.3082
288067.4436
287562.2227
287017.0118
286430.837
285802.9631
285132.8867
284419.6657
283661.0416
282853.9197
281994.112
281076.9535
280097.3962
279050.7306
277931.783
276734.7587
275453.9227
274083.4314
272616.6941
271046.1326
269363.2213
267555.6003
265611.4658
263518.388
261264.0967
258835.5587
256217.5991
253390.164
250330.3085
247010.7196
243392.8867
239434.0381
235078.3664
230265.3726
224930.7223
218994.1013
212378.2835
205006.0623
196805.8501
187722.7567
177712.5103
166766.8417
154918.9626
142247.4377
128969.831
115130.942
100962.0061
86770.85301
72928.91222
59829.06696
47838.01133
37239.50254
28195.68072
20742.29522
14805.56452
293399.0091
293323.528
293240.1915
293151.9526
293060.5811
292966.2744
292868.0227
292764.1718
292652.9
292532.5776
292402.0093
292260.5245
292107.8746
291943.9486
291768.3818
291580.196
291377.6528
291158.4064
290919.8465
290659.4849
290375.2229
290065.3416
289728.2569
289362.2078
288965.0514
288534.3082
288067.4436
287562.2227
287017.0118
286430.837
285802.9631
285132.8867
284419.6657
283661.0416
282853.9197
281994.112
281076.9535
280097.3962
279050.7306
277931.783
276734.7587
275453.9227
274083.4314
272616.6941
271046.1326
269363.2213
267555.6003
265611.4658
263518.388
261264.0967
258835.5587
256217.5991
253390.164
250330.3085
247010.7196
243392.8867
239434.0381
235078.3664
230265.3726
224930.7223
218994.1013
212378.2835
205006.0623
196805.8501
187722.7567
177712.5103
166766.8417
154918.9626
142247.4377
128969.831
115130.942
100962.0061
86770.85301
72928.91222
59829.06696
47838.01133
37239.50254
28195.68072
20742.29522
14805.56452
293399.0091
293323.528
293240.1915
293151.9526
293060.5811
292966.2744
292868.0227
292764.1718
292652.9
292532.5776
292402.0093
292260.5245
292107.8746
291943.9486
291768.3818
291580.196
291377.6528
291158.4064
290919.8465
290659.4849
290375.2229
290065.3416
289728.2569
289362.2078
288965.0514
288534.3082
288067.4436
287562.2227
287017.0118
286430.837
285802.9631
285132.8867
284419.6657
283661.0416
282853.9197
281994.112
281076.9535
280097.3962
279050.7306
277931.783
276734.7587
275453.9227
274083.4314
272616.6941
271046.1326
269363.2213
267555.6003
265611.4658
263518.388
261264.0967
258835.5587
256217.5991
253390.164
250330.3085
247010.7196
243392.8867
239434.0381
235078.3664
230265.3726
224930.7223
218994.1013
212378.2835
205006.0623
196805.8501
187722.7567
177712.5103
166766.8417
154918.9626
142247.4377
128969.831
115130.942
100962.0061
86770.85301
72928.91222
59829.06696
47838.01133
37239.50254
28195.68072
20742.29522
14805.56452
293399.0091
293323.528
293240.1915
293151.9526
293060.5811
292966.2744
292868.0227
292764.1718
292652.9
292532.5776
292402.0093
292260.5245
292107.8746
291943.9486
291768.3818
291580.196
291377.6528
291158.4064
290919.8465
290659.4849
290375.2229
290065.3416
289728.2569
289362.2078
288965.0514
288534.3082
288067.4436
287562.2227
287017.0118
286430.837
285802.9631
285132.8867
284419.6657
283661.0416
282853.9197
281994.112
281076.9535
280097.3962
279050.7306
277931.783
276734.7587
275453.9227
274083.4314
272616.6941
271046.1326
269363.2213
267555.6003
265611.4658
263518.388
261264.0967
258835.5587
256217.5991
253390.164
250330.3085
247010.7196
243392.8867
239434.0381
235078.3664
230265.3726
224930.7223
218994.1013
212378.2835
205006.0623
196805.8501
187722.7567
177712.5103
166766.8417
154918.9626
142247.4377
128969.831
115130.942
100962.0061
86770.85301
72928.91222
59829.06696
47838.01133
37239.50254
28195.68072
20742.29522
14805.56452
293399.0091
293323.528
293240.1915
293151.9526
293060.5811
292966.2744
292868.0227
292764.1718
292652.9
292532.5776
292402.0093
292260.5245
292107.8746
291943.9486
291768.3818
291580.196
291377.6528
291158.4064
290919.8465
290659.4849
290375.2229
290065.3416
289728.2569
289362.2078
288965.0514
288534.3082
288067.4436
287562.2227
287017.0118
286430.837
285802.9631
285132.8867
284419.6657
283661.0416
282853.9197
281994.112
281076.9535
280097.3962
279050.7306
277931.783
276734.7587
275453.9227
274083.4314
272616.6941
271046.1326
269363.2213
267555.6003
265611.4658
263518.388
261264.0967
258835.5587
256217.5991
253390.164
250330.3085
247010.7196
243392.8867
239434.0381
235078.3664
230265.3726
224930.7223
218994.1013
212378.2835
205006.0623
196805.8501
187722.7567
177712.5103
166766.8417
154918.9626
142247.4377
128969.831
115130.942
100962.0061
86770.85301
72928.91222
59829.06696
47838.01133
37239.50254
28195.68072
20742.29522
14805.56452
293399.0091
293323.528
293240.1915
293151.9526
293060.5811
292966.2744
292868.0227
292764.1718
292652.9
292532.5776
292402.0093
292260.5245
292107.8746
291943.9486
291768.3818
291580.196
291377.6528
291158.4064
290919.8465
290659.4849
290375.2229
290065.3416
289728.2569
289362.2078
288965.0514
288534.3082
288067.4436
287562.2227
287017.0118
286430.837
285802.9631
285132.8867
284419.6657
283661.0416
282853.9197
281994.112
281076.9535
280097.3962
279050.7306
277931.783
276734.7587
275453.9227
274083.4314
272616.6941
271046.1326
269363.2213
267555.6003
265611.4658
263518.388
261264.0967
258835.5587
256217.5991
253390.164
250330.3085
247010.7196
243392.8867
239434.0381
235078.3664
230265.3726
224930.7223
218994.1013
212378.2835
205006.0623
196805.8501
187722.7567
177712.5103
166766.8417
154918.9626
142247.4377
128969.831
115130.942
100962.0061
86770.85301
72928.91222
59829.06696
47838.01133
37239.50254
28195.68072
20742.29522
14805.56452
293399.0091
293323.528
293240.1915
293151.9526
293060.5811
292966.2744
292868.0227
292764.1718
292652.9
292532.5776
292402.0093
292260.5245
292107.8746
291943.9486
291768.3818
291580.196
291377.6528
291158.4064
290919.8465
290659.4849
290375.2229
290065.3416
289728.2569
289362.2078
288965.0514
288534.3082
288067.4436
287562.2227
287017.0118
286430.837
285802.9631
285132.8867
284419.6657
283661.0416
282853.9197
281994.112
281076.9535
280097.3962
279050.7306
277931.783
276734.7587
275453.9227
274083.4314
272616.6941
271046.1326
269363.2213
267555.6003
265611.4658
263518.388
261264.0967
258835.5587
256217.5991
253390.164
250330.3085
247010.7196
243392.8867
239434.0381
235078.3664
230265.3726
224930.7223
218994.1013
212378.2835
205006.0623
196805.8501
187722.7567
177712.5103
166766.8417
154918.9626
142247.4377
128969.831
115130.942
100962.0061
86770.85301
72928.91222
59829.06696
47838.01133
37239.50254
28195.68072
20742.29522
14805.56452
293399.0091
293323.528
293240.1915
293151.9526
293060.5811
292966.2744
292868.0227
292764.1718
292652.9
292532.5776
292402.0093
292260.5245
292107.8746
291943.9486
291768.3818
291580.196
291377.6528
291158.4064
290919.8465
290659.4849
290375.2229
290065.3416
289728.2569
289362.2078
288965.0514
288534.3082
288067.4436
287562.2227
287017.0118
286430.837
285802.9631
285132.8867
284419.6657
283661.0416
282853.9197
281994.112
281076.9535
280097.3962
279050.7306
277931.783
276734.7587
275453.9227
274083.4314
272616.6941
271046.1326
269363.2213
267555.6003
265611.4658
263518.388
261264.0967
258835.5587
256217.5991
253390.164
250330.3085
247010.7196
243392.8867
239434.0381
235078.3664
230265.3726
224930.7223
218994.1013
212378.2835
205006.0623
196805.8501
187722.7567
177712.5103
166766.8417
154918.9626
142247.4377
128969.831
115130.942
100962.0061
86770.85301
72928.91222
59829.06696
47838.01133
37239.50254
28195.68072
20742.29522
14805.56452
293399.0091
293323.528
293240.1915
293151.9526
293060.5811
292966.2744
292868.0227
292764.1718
292652.9
292532.5776
292402.0093
292260.5245
292107.8746
291943.9486
291768.3818
291580.196
291377.6528
291158.4064
290919.8465
290659.4849
290375.2229
290065.3416
289728.2569
289362.2078
288965.0514
288534.3082
288067.4436
287562.2227
287017.0118
286430.837
285802.9631
285132.8867
284419.6657
283661.0416
282853.9197
281994.112
281076.9535
280097.3962
279050.7306
277931.783
276734.7587
275453.9227
274083.4314
272616.6941
271046.1326
269363.2213
267555.6003
265611.4658
263518.388
261264.0967
258835.5587
256217.5991
253390.164
250330.3085
247010.7196
243392.8867
239434.0381
235078.3664
230265.3726
224930.7223
218994.1013
212378.2835
205006.0623
196805.8501
187722.7567
177712.5103
166766.8417
154918.9626
142247.4377
128969.831
115130.942
100962.0061
86770.85301
72928.91222
59829.06696
47838.01133
37239.50254
28195.68072
20742.29522
14805.56452
293399.0091
293323.528
293240.1915
293151.9526
293060.5811
292966.2744
292868.0227
292764.1718
292652.9
292532.5776
292402.0093
292260.5245
292107.8746
291943.9486
291768.3818
291580.196
291377.6528
291158.4064
290919.8465
290659.4849
290375.2229
290065.3416
289728.2569
289362.2078
288965.0514
288534.3082
288067.4436
287562.2227
287017.0118
286430.837
285802.9631
285132.8867
284419.6657
283661.0416
282853.9197
281994.112
281076.9535
280097.3962
279050.7306
277931.783
276734.7587
275453.9227
274083.4314
272616.6941
271046.1326
269363.2213
267555.6003
265611.4658
263518.388
261264.0967
258835.5587
256217.5991
253390.164
250330.3085
247010.7196
243392.8867
239434.0381
235078.3664
230265.3726
224930.7223
218994.1013
212378.2835
205006.0623
196805.8501
187722.7567
177712.5103
166766.8417
154918.9626
142247.4377
128969.831
115130.942
100962.0061
86770.85301
72928.91222
59829.06696
47838.01133
37239.50254
28195.68072
20742.29522
14805.56452
293399.0091
293323.528
293240.1915
293151.9526
293060.5811
292966.2744
292868.0227
292764.1718
292652.9
292532.5776
292402.0093
292260.5245
292107.8746
291943.9486
291768.3818
291580.196
291377.6528
291158.4064
290919.8465
290659.4849
290375.2229
290065.3416
289728.2569
289362.2078
288965.0514
288534.3082
288067.4436
287562.2227
287017.0118
286430.837
285802.9631
285132.8867
284419.6657
283661.0416
282853.9197
281994.112
281076.9535
280097.3962
279050.7306
277931.783
276734.7587
275453.9227
274083.4314
272616.6941
271046.1326
269363.2213
267555.6003
265611.4658
263518.388
261264.0967
258835.5587
256217.5991
253390.164
250330.3085
247010.7196
243392.8867
239434.0381
235078.3664
230265.3726
224930.7223
218994.1013
212378.2835
205006.0623
196805.8501
187722.7567
177712.5103
166766.8417
154918.9626
142247.4377
128969.831
115130.942
100962.0061
86770.85301
72928.91222
59829.06696
47838.01133
37239.50254
28195.68072
20742.29522
14805.56452
293399.0091
293323.528
293240.1915
293151.9526
293060.5811
292966.2744
292868.0227
292764.1718
292652.9
292532.5776
292402.0093
292260.5245
292107.8746
291943.9486
291768.3818
291580.196
291377.6528
291158.4064
290919.8465
290659.4849
290375.2229
290065.3416
289728.2569
289362.2078
288965.0514
288534.3082
288067.4436
287562.2227
287017.0118
286430.837
285802.9631
285132.8867
284419.6657
283661.0416
282853.9197
281994.112
281076.9535
280097.3962
279050.7306
277931.783
276734.7587
275453.9227
274083.4314
272616.6941
271046.1326
269363.2213
267555.6003
265611.4658
263518.388
261264.0967
258835.5587
256217.5991
253390.164
250330.3085
247010.7196
243392.8867
239434.0381
235078.3664
230265.3726
224930.7223
218994.1013
212378.2835
205006.0623
196805.8501
187722.7567
177712.5103
166766.8417
154918.9626
142247.4377
128969.831
115130.942
100962.0061
86770.85301
72928.91222
59829.06696
47838.01133
37239.50254
28195.68072
20742.29522
14805.56452
293399.0091
293323.528
293240.1915
293151.9526
293060.5811
292966.2744
292868.0227
292764.1718
292652.9
292532.5776
292402.0093
292260.5245
292107.8746
291943.9486
291768.3818
291580.196
291377.6528
291158.4064
290919.8465
290659.4849
290375.2229
290065.3416
289728.2569
289362.2078
288965.0514
288534.3082
288067.4436
287562.2227
287017.0118
286430.837
285802.9631
285132.8867
284419.6657
283661.0416
282853.9197
281994.112
281076.9535
280097.3962
279050.7306
277931.783
276734.7587
275453.9227
274083.4314
272616.6941
271046.1326
269363.2213
267555.6003
265611.4658
263518.388
261264.0967
258835.5587
256217.5991
253390.164
250330.3085
247010.7196
243392.8867
239434.0381
235078.3664
230265.3726
224930.7223
218994.1013
212378.2835
205006.0623
196805.8501
187722.7567
177712.5103
166766.8417
154918.9626
142247.4377
128969.831
115130.942
100962.0061
86770.85301
72928.91222
59829.06696
47838.01133
37239.50254
28195.68072
20742.29522
14805.56452
293399.0091
293323.528
293240.1915
293151.9526
293060.5811
292966.2744
292868.0227
292764.1718
292652.9
292532.5776
292402.0093
292260.5245
292107.8746
291943.9486
291768.3818
291580.196
291377.6528
291158.4064
290919.8465
290659.4849
290375.2229
290065.3416
289728.2569
289362.2078
288965.0514
288534.3082
288067.4436
287562.2227
287017.0118
286430.837
285802.9631
285132.8867
284419.6657
283661.0416
282853.9197
281994.112
281076.9535
280097.3962
279050.7306
277931.783
276734.7587
275453.9227
274083.4314
272616.6941
271046.1326
269363.2213
267555.6003
265611.4658
263518.388
261264.0967
258835.5587
256217.5991
253390.164
250330.3085
247010.7196
243392.8867
239434.0381
235078.3664
230265.3726
224930.7223
218994.1013
212378.2835
205006.0623
196805.8501
187722.7567
177712.5103
166766.8417
154918.9626
142247.4377
128969.831
115130.942
100962.0061
86770.85301
72928.91222
59829.06696
47838.01133
37239.50254
28195.68072
20742.29522
14805.56452
293399.0091
293323.528
293240.1915
293151.9526
293060.5811
292966.2744
292868.0227
292764.1718
292652.9
292532.5776
292402.0093
292260.5245
292107.8746
291943.9486
291768.3818
291580.196
291377.6528
291158.4064
290919.8465
290659.4849
290375.2229
290065.3416
289728.2569
289362.2078
288965.0514
288534.3082
288067.4436
287562.2227
287017.0118
286430.837
285802.9631
285132.8867
284419.6657
283661.0416
282853.9197
281994.112
281076.9535
280097.3962
279050.7306
277931.783
276734.7587
275453.9227
274083.4314
272616.6941
271046.1326
269363.2213
267555.6003
265611.4658
263518.388
261264.0967
258835.5587
256217.5991
253390.164
250330.3085
247010.7196
243392.8867
239434.0381
235078.3664
230265.3726
224930.7223
218994.1013
212378.2835
205006.0623
196805.8501
187722.7567
177712.5103
166766.8417
154918.9626
142247.4377
128969.831
115130.942
100962.0061
86770.85301
72928.91222
59829.06696
47838.01133
37239.50254
28195.68072
20742.29522
14805.56452
293399.0091
293323.528
293240.1915
293151.9526
293060.5811
292966.2744
292868.0227
292764.1718
292652.9
292532.5776
292402.0093
292260.5245
292107.8746
291943.9486
291768.3818
291580.196
291377.6528
291158.4064
290919.8465
290659.4849
290375.2229
290065.3416
289728.2569
289362.2078
288965.0514
288534.3082
288067.4436
287562.2227
287017.0118
286430.837
285802.9631
285132.8867
284419.6657
283661.0416
282853.9197
281994.112
281076.9535
280097.3962
279050.7306
277931.783
276734.7587
275453.9227
274083.4314
272616.6941
271046.1326
269363.2213
267555.6003
265611.4658
263518.388
261264.0967
258835.5587
256217.5991
253390.164
250330.3085
247010.7196
243392.8867
239434.0381
235078.3664
230265.3726
224930.7223
218994.1013
212378.2835
205006.0623
196805.8501
187722.7567
177712.5103
166766.8417
154918.9626
142247.4377
128969.831
115130.942
100962.0061
86770.85301
72928.91222
59829.06696
47838.01133
37239.50254
28195.68072
20742.29522
14805.56452
293399.0091
293323.528
293240.1915
293151.9526
293060.5811
292966.2744
292868.0227
292764.1718
292652.9
292532.5776
292402.0093
292260.5245
292107.8746
291943.9486
291768.3818
291580.196
291377.6528
291158.4064
290919.8465
290659.4849
290375.2229
290065.3416
289728.2569
289362.2078
288965.0514
288534.3082
288067.4436
287562.2227
287017.0118
286430.837
285802.9631
285132.8867
284419.6657
283661.0416
282853.9197
281994.112
281076.9535
280097.3962
279050.7306
277931.783
276734.7587
275453.9227
274083.4314
272616.6941
271046.1326
269363.2213
267555.6003
265611.4658
263518.388
261264.0967
258835.5587
256217.5991
253390.164
250330.3085
247010.7196
243392.8867
239434.0381
235078.3664
230265.3726
224930.7223
218994.1013
212378.2835
205006.0623
196805.8501
187722.7567
177712.5103
166766.8417
154918.9626
142247.4377
128969.831
115130.942
100962.0061
86770.85301
72928.91222
59829.06696
47838.01133
37239.50254
28195.68072
20742.29522
14805.56452
293399.0091
293323.528
293240.1915
293151.9526
293060.5811
292966.2744
292868.0227
292764.1718
292652.9
292532.5776
292402.0093
292260.5245
292107.8746
291943.9486
291768.3818
291580.196
291377.6528
291158.4064
290919.8465
290659.4849
290375.2229
290065.3416
289728.2569
289362.2078
288965.0514
288534.3082
288067.4436
287562.2227
287017.0118
286430.837
285802.9631
285132.8867
284419.6657
283661.0416
282853.9197
281994.112
281076.9535
280097.3962
279050.7306
277931.783
276734.7587
275453.9227
274083.4314
272616.6941
271046.1326
269363.2213
267555.6003
265611.4658
263518.388
261264.0967
258835.5587
256217.5991
253390.164
250330.3085
247010.7196
243392.8867
239434.0381
235078.3664
230265.3726
224930.7223
218994.1013
212378.2835
205006.0623
196805.8501
187722.7567
177712.5103
166766.8417
154918.9626
142247.4377
128969.831
115130.942
100962.0061
86770.85301
72928.91222
59829.06696
47838.01133
37239.50254
28195.68072
20742.29522
14805.56452
293399.0091
293323.528
293240.1915
293151.9526
293060.5811
292966.2744
292868.0227
292764.1718
292652.9
292532.5776
292402.0093
292260.5245
292107.8746
291943.9486
291768.3818
291580.196
291377.6528
291158.4064
290919.8465
290659.4849
290375.2229
290065.3416
289728.2569
289362.2078
288965.0514
288534.3082
288067.4436
287562.2227
287017.0118
286430.837
285802.9631
285132.8867
284419.6657
283661.0416
282853.9197
281994.112
281076.9535
280097.3962
279050.7306
277931.783
276734.7587
275453.9227
274083.4314
272616.6941
271046.1326
269363.2213
267555.6003
265611.4658
263518.388
261264.0967
258835.5587
256217.5991
253390.164
250330.3085
247010.7196
243392.8867
239434.0381
235078.3664
230265.3726
224930.7223
218994.1013
212378.2835
205006.0623
196805.8501
187722.7567
177712.5103
166766.8417
154918.9626
142247.4377
128969.831
115130.942
100962.0061
86770.85301
72928.91222
59829.06696
47838.01133
37239.50254
28195.68072
20742.29522
14805.56452
293399.0091
293323.528
293240.1915
293151.9526
293060.5811
292966.2744
292868.0227
292764.1718
292652.9
292532.5776
292402.0093
292260.5245
292107.8746
291943.9486
291768.3818
291580.196
291377.6528
291158.4064
290919.8465
290659.4849
290375.2229
290065.3416
289728.2569
289362.2078
288965.0514
288534.3082
288067.4436
287562.2227
287017.0118
286430.837
285802.9631
285132.8867
284419.6657
283661.0416
282853.9197
281994.112
281076.9535
280097.3962
279050.7306
277931.783
276734.7587
275453.9227
274083.4314
272616.6941
271046.1326
269363.2213
267555.6003
265611.4658
263518.388
261264.0967
258835.5587
256217.5991
253390.164
250330.3085
247010.7196
243392.8867
239434.0381
235078.3664
230265.3726
224930.7223
218994.1013
212378.2835
205006.0623
196805.8501
187722.7567
177712.5103
166766.8417
154918.9626
142247.4377
128969.831
115130.942
100962.0061
86770.85301
72928.91222
59829.06696
47838.01133
37239.50254
28195.68072
20742.29522
14805.56452
293399.0091
293323.528
293240.1915
293151.9526
293060.5811
292966.2744
292868.0227
292764.1718
292652.9
292532.5776
292402.0093
292260.5245
292107.8746
291943.9486
291768.3818
291580.196
291377.6528
291158.4064
290919.8465
290659.4849
290375.2229
290065.3416
289728.2569
289362.2078
288965.0514
288534.3082
288067.4436
287562.2227
287017.0118
286430.837
285802.9631
285132.8867
284419.6657
283661.0416
282853.9197
281994.112
281076.9535
280097.3962
279050.7306
277931.783
276734.7587
275453.9227
274083.4314
272616.6941
271046.1326
269363.2213
267555.6003
265611.4658
263518.388
261264.0967
258835.5587
256217.5991
253390.164
250330.3085
247010.7196
243392.8867
239434.0381
235078.3664
230265.3726
224930.7223
218994.1013
212378.2835
205006.0623
196805.8501
187722.7567
177712.5103
166766.8417
154918.9626
142247.4377
128969.831
115130.942
100962.0061
86770.85301
72928.91222
59829.06696
47838.01133
37239.50254
28195.68072
20742.29522
14805.56452
293399.0091
293323.528
293240.1915
293151.9526
293060.5811
292966.2744
292868.0227
292764.1718
292652.9
292532.5776
292402.0093
292260.5245
292107.8746
291943.9486
291768.3818
291580.196
291377.6528
291158.4064
290919.8465
290659.4849
290375.2229
290065.3416
289728.2569
289362.2078
288965.0514
288534.3082
288067.4436
287562.2227
287017.0118
286430.837
285802.9631
285132.8867
284419.6657
283661.0416
282853.9197
281994.112
281076.9535
280097.3962
279050.7306
277931.783
276734.7587
275453.9227
274083.4314
272616.6941
271046.1326
269363.2213
267555.6003
265611.4658
263518.388
261264.0967
258835.5587
256217.5991
253390.164
250330.3085
247010.7196
243392.8867
239434.0381
235078.3664
230265.3726
224930.7223
218994.1013
212378.2835
205006.0623
196805.8501
187722.7567
177712.5103
166766.8417
154918.9626
142247.4377
128969.831
115130.942
100962.0061
86770.85301
72928.91222
59829.06696
47838.01133
37239.50254
28195.68072
20742.29522
14805.56452
293399.0091
293323.528
293240.1915
293151.9526
293060.5811
292966.2744
292868.0227
292764.1718
292652.9
292532.5776
292402.0093
292260.5245
292107.8746
291943.9486
291768.3818
291580.196
291377.6528
291158.4064
290919.8465
290659.4849
290375.2229
290065.3416
289728.2569
289362.2078
288965.0514
288534.3082
288067.4436
287562.2227
287017.0118
286430.837
285802.9631
285132.8867
284419.6657
283661.0416
282853.9197
281994.112
281076.9535
280097.3962
279050.7306
277931.783
276734.7587
275453.9227
274083.4314
272616.6941
271046.1326
269363.2213
267555.6003
265611.4658
263518.388
261264.0967
258835.5587
256217.5991
253390.164
250330.3085
247010.7196
243392.8867
239434.0381
235078.3664
230265.3726
224930.7223
218994.1013
212378.2835
205006.0623
196805.8501
187722.7567
177712.5103
166766.8417
154918.9626
142247.4377
128969.831
115130.942
100962.0061
86770.85301
72928.91222
59829.06696
47838.01133
37239.50254
28195.68072
20742.29522
14805.56452
293399.0091
293323.528
293240.1915
293151.9526
293060.5811
292966.2744
292868.0227
292764.1718
292652.9
292532.5776
292402.0093
292260.5245
292107.8746
291943.9486
291768.3818
291580.196
291377.6528
291158.4064
290919.8465
290659.4849
290375.2229
290065.3416
289728.2569
289362.2078
288965.0514
288534.3082
288067.4436
287562.2227
287017.0118
286430.837
285802.9631
285132.8867
284419.6657
283661.0416
282853.9197
281994.112
281076.9535
280097.3962
279050.7306
277931.783
276734.7587
275453.9227
274083.4314
272616.6941
271046.1326
269363.2213
267555.6003
265611.4658
263518.388
261264.0967
258835.5587
256217.5991
253390.164
250330.3085
247010.7196
243392.8867
239434.0381
235078.3664
230265.3726
224930.7223
218994.1013
212378.2835
205006.0623
196805.8501
187722.7567
177712.5103
166766.8417
154918.9626
142247.4377
128969.831
115130.942
100962.0061
86770.85301
72928.91222
59829.06696
47838.01133
37239.50254
28195.68072
20742.29522
14805.56452
293399.0091
293323.528
293240.1915
293151.9526
293060.5811
292966.2744
292868.0227
292764.1718
292652.9
292532.5776
292402.0093
292260.5245
292107.8746
291943.9486
291768.3818
291580.196
291377.6528
291158.4064
290919.8465
290659.4849
290375.2229
290065.3416
289728.2569
289362.2078
288965.0514
288534.3082
288067.4436
287562.2227
287017.0118
286430.837
285802.9631
285132.8867
284419.6657
283661.0416
282853.9197
281994.112
281076.9535
280097.3962
279050.7306
277931.783
276734.7587
275453.9227
274083.4314
272616.6941
271046.1326
269363.2213
267555.6003
265611.4658
263518.388
261264.0967
258835.5587
256217.5991
253390.164
250330.3085
247010.7196
243392.8867
239434.0381
235078.3664
230265.3726
224930.7223
218994.1013
212378.2835
205006.0623
196805.8501
187722.7567
177712.5103
166766.8417
154918.9626
142247.4377
128969.831
115130.942
100962.0061
86770.85301
72928.91222
59829.06696
47838.01133
37239.50254
28195.68072
20742.29522
14805.56452
293399.0091
293323.528
293240.1915
293151.9526
293060.5811
292966.2744
292868.0227
292764.1718
292652.9
292532.5776
292402.0093
292260.5245
292107.8746
291943.9486
291768.3818
291580.196
291377.6528
291158.4064
290919.8465
290659.4849
290375.2229
290065.3416
289728.2569
289362.2078
288965.0514
288534.3082
288067.4436
287562.2227
287017.0118
286430.837
285802.9631
285132.8867
284419.6657
283661.0416
282853.9197
281994.112
281076.9535
280097.3962
279050.7306
277931.783
276734.7587
275453.9227
274083.4314
272616.6941
271046.1326
269363.2213
267555.6003
265611.4658
263518.388
261264.0967
258835.5587
256217.5991
253390.164
250330.3085
247010.7196
243392.8867
239434.0381
235078.3664
230265.3726
224930.7223
218994.1013
212378.2835
205006.0623
196805.8501
187722.7567
177712.5103
166766.8417
154918.9626
142247.4377
128969.831
115130.942
100962.0061
86770.85301
72928.91222
59829.06696
47838.01133
37239.50254
28195.68072
20742.29522
14805.56452
293399.0091
293323.528
293240.1915
293151.9526
293060.5811
292966.2744
292868.0227
292764.1718
292652.9
292532.5776
292402.0093
292260.5245
292107.8746
291943.9486
291768.3818
291580.196
291377.6528
291158.4064
290919.8465
290659.4849
290375.2229
290065.3416
289728.2569
289362.2078
288965.0514
288534.3082
288067.4436
287562.2227
287017.0118
286430.837
285802.9631
285132.8867
284419.6657
283661.0416
282853.9197
281994.112
281076.9535
280097.3962
279050.7306
277931.783
276734.7587
275453.9227
274083.4314
272616.6941
271046.1326
269363.2213
267555.6003
265611.4658
263518.388
261264.0967
258835.5587
256217.5991
253390.164
250330.3085
247010.7196
243392.8867
239434.0381
235078.3664
230265.3726
224930.7223
218994.1013
212378.2835
205006.0623
196805.8501
187722.7567
177712.5103
166766.8417
154918.9626
142247.4377
128969.831
115130.942
100962.0061
86770.85301
72928.91222
59829.06696
47838.01133
37239.50254
28195.68072
20742.29522
14805.56452
293399.0091
293323.528
293240.1915
293151.9526
293060.5811
292966.2744
292868.0227
292764.1718
292652.9
292532.5776
292402.0093
292260.5245
292107.8746
291943.9486
291768.3818
291580.196
291377.6528
291158.4064
290919.8465
290659.4849
290375.2229
290065.3416
289728.2569
289362.2078
288965.0514
288534.3082
288067.4436
287562.2227
287017.0118
286430.837
285802.9631
285132.8867
284419.6657
283661.0416
282853.9197
281994.112
281076.9535
280097.3962
279050.7306
277931.783
276734.7587
275453.9227
274083.4314
272616.6941
271046.1326
269363.2213
267555.6003
265611.4658
263518.388
261264.0967
258835.5587
256217.5991
253390.164
250330.3085
247010.7196
243392.8867
239434.0381
235078.3664
230265.3726
224930.7223
218994.1013
212378.2835
205006.0623
196805.8501
187722.7567
177712.5103
166766.8417
154918.9626
142247.4377
128969.831
115130.942
100962.0061
86770.85301
72928.91222
59829.06696
47838.01133
37239.50254
28195.68072
20742.29522
14805.56452
293399.0091
293323.528
293240.1915
293151.9526
293060.5811
292966.2744
292868.0227
292764.1718
292652.9
292532.5776
292402.0093
292260.5245
292107.8746
291943.9486
291768.3818
291580.196
291377.6528
291158.4064
290919.8465
290659.4849
290375.2229
290065.3416
289728.2569
289362.2078
288965.0514
288534.3082
288067.4436
287562.2227
287017.0118
286430.837
285802.9631
285132.8867
284419.6657
283661.0416
282853.9197
281994.112
281076.9535
280097.3962
279050.7306
277931.783
276734.7587
275453.9227
274083.4314
272616.6941
271046.1326
269363.2213
267555.6003
265611.4658
263518.388
261264.0967
258835.5587
256217.5991
253390.164
250330.3085
247010.7196
243392.8867
239434.0381
235078.3664
230265.3726
224930.7223
218994.1013
212378.2835
205006.0623
196805.8501
187722.7567
177712.5103
166766.8417
154918.9626
142247.4377
128969.831
115130.942
100962.0061
86770.85301
72928.91222
59829.06696
47838.01133
37239.50254
28195.68072
20742.29522
14805.56452
293399.0091
293323.528
293240.1915
293151.9526
293060.5811
292966.2744
292868.0227
292764.1718
292652.9
292532.5776
292402.0093
292260.5245
292107.8746
291943.9486
291768.3818
291580.196
291377.6528
291158.4064
290919.8465
290659.4849
290375.2229
290065.3416
289728.2569
289362.2078
288965.0514
288534.3082
288067.4436
287562.2227
287017.0118
286430.837
285802.9631
285132.8867
284419.6657
283661.0416
282853.9197
281994.112
281076.9535
280097.3962
279050.7306
277931.783
276734.7587
275453.9227
274083.4314
272616.6941
271046.1326
269363.2213
267555.6003
265611.4658
263518.388
261264.0967
258835.5587
256217.5991
253390.164
250330.3085
247010.7196
243392.8867
239434.0381
235078.3664
230265.3726
224930.7223
218994.1013
212378.2835
205006.0623
196805.8501
187722.7567
177712.5103
166766.8417
154918.9626
142247.4377
128969.831
115130.942
100962.0061
86770.85301
72928.91222
59829.06696
47838.01133
37239.50254
28195.68072
20742.29522
14805.56452
293399.0091
293323.528
293240.1915
293151.9526
293060.5811
292966.2744
292868.0227
292764.1718
292652.9
292532.5776
292402.0093
292260.5245
292107.8746
291943.9486
291768.3818
291580.196
291377.6528
291158.4064
290919.8465
290659.4849
290375.2229
290065.3416
289728.2569
289362.2078
288965.0514
288534.3082
288067.4436
287562.2227
287017.0118
286430.837
285802.9631
285132.8867
284419.6657
283661.0416
282853.9197
281994.112
281076.9535
280097.3962
279050.7306
277931.783
276734.7587
275453.9227
274083.4314
272616.6941
271046.1326
269363.2213
267555.6003
265611.4658
263518.388
261264.0967
258835.5587
256217.5991
253390.164
250330.3085
247010.7196
243392.8867
239434.0381
235078.3664
230265.3726
224930.7223
218994.1013
212378.2835
205006.0623
196805.8501
187722.7567
177712.5103
166766.8417
154918.9626
142247.4377
128969.831
115130.942
100962.0061
86770.85301
72928.91222
59829.06696
47838.01133
37239.50254
28195.68072
20742.29522
14805.56452
293399.0091
293323.528
293240.1915
293151.9526
293060.5811
292966.2744
292868.0227
292764.1718
292652.9
292532.5776
292402.0093
292260.5245
292107.8746
291943.9486
291768.3818
291580.196
291377.6528
291158.4064
290919.8465
290659.4849
290375.2229
290065.3416
289728.2569
289362.2078
288965.0514
288534.3082
288067.4436
287562.2227
287017.0118
286430.837
285802.9631
285132.8867
284419.6657
283661.0416
282853.9197
281994.112
281076.9535
280097.3962
279050.7306
277931.783
276734.7587
275453.9227
274083.4314
272616.6941
271046.1326
269363.2213
267555.6003
265611.4658
263518.388
261264.0967
258835.5587
256217.5991
253390.164
250330.3085
247010.7196
243392.8867
239434.0381
235078.3664
230265.3726
224930.7223
218994.1013
212378.2835
205006.0623
196805.8501
187722.7567
177712.5103
166766.8417
154918.9626
142247.4377
128969.831
115130.942
100962.0061
86770.85301
72928.91222
59829.06696
47838.01133
37239.50254
28195.68072
20742.29522
14805.56452
293399.0091
293323.528
293240.1915
293151.9526
293060.5811
292966.2744
292868.0227
292764.1718
292652.9
292532.5776
292402.0093
292260.5245
292107.8746
291943.9486
291768.3818
291580.196
291377.6528
291158.4064
290919.8465
290659.4849
290375.2229
290065.3416
289728.2569
289362.2078
288965.0514
288534.3082
288067.4436
287562.2227
287017.0118
286430.837
285802.9631
285132.8867
284419.6657
283661.0416
282853.9197
281994.112
281076.9535
280097.3962
279050.7306
277931.783
276734.7587
275453.9227
274083.4314
272616.6941
271046.1326
269363.2213
267555.6003
265611.4658
263518.388
261264.0967
258835.5587
256217.5991
253390.164
250330.3085
247010.7196
243392.8867
239434.0381
235078.3664
230265.3726
224930.7223
218994.1013
212378.2835
205006.0623
196805.8501
187722.7567
177712.5103
166766.8417
154918.9626
142247.4377
128969.831
115130.942
100962.0061
86770.85301
72928.91222
59829.06696
47838.01133
37239.50254
28195.68072
20742.29522
14805.56452
293399.0091
293323.528
293240.1915
293151.9526
293060.5811
292966.2744
292868.0227
292764.1718
292652.9
292532.5776
292402.0093
292260.5245
292107.8746
291943.9486
291768.3818
291580.196
291377.6528
291158.4064
290919.8465
290659.4849
290375.2229
290065.3416
289728.2569
289362.2078
288965.0514
288534.3082
288067.4436
287562.2227
287017.0118
286430.837
285802.9631
285132.8867
284419.6657
283661.0416
282853.9197
281994.112
281076.9535
280097.3962
279050.7306
277931.783
276734.7587
275453.9227
274083.4314
272616.6941
271046.1326
269363.2213
267555.6003
265611.4658
263518.388
261264.0967
258835.5587
256217.5991
253390.164
250330.3085
247010.7196
243392.8867
239434.0381
235078.3664
230265.3726
224930.7223
218994.1013
212378.2835
205006.0623
196805.8501
187722.7567
177712.5103
166766.8417
154918.9626
142247.4377
128969.831
115130.942
100962.0061
86770.85301
72928.91222
59829.06696
47838.01133
37239.50254
28195.68072
20742.29522
14805.56452
293399.0091
293323.528
293240.1915
293151.9526
293060.5811
292966.2744
292868.0227
292764.1718
292652.9
292532.5776
292402.0093
292260.5245
292107.8746
291943.9486
291768.3818
291580.196
291377.6528
291158.4064
290919.8465
290659.4849
290375.2229
290065.3416
289728.2569
289362.2078
288965.0514
288534.3082
288067.4436
287562.2227
287017.0118
286430.837
285802.9631
285132.8867
284419.6657
283661.0416
282853.9197
281994.112
281076.9535
280097.3962
279050.7306
277931.783
276734.7587
275453.9227
274083.4314
272616.6941
271046.1326
269363.2213
267555.6003
265611.4658
263518.388
261264.0967
258835.5587
256217.5991
253390.164
250330.3085
247010.7196
243392.8867
239434.0381
235078.3664
230265.3726
224930.7223
218994.1013
212378.2835
205006.0623
196805.8501
187722.7567
177712.5103
166766.8417
154918.9626
142247.4377
128969.831
115130.942
100962.0061
86770.85301
72928.91222
59829.06696
47838.01133
37239.50254
28195.68072
20742.29522
14805.56452
293399.0091
293323.528
293240.1915
293151.9526
293060.5811
292966.2744
292868.0227
292764.1718
292652.9
292532.5776
292402.0093
292260.5245
292107.8746
291943.9486
291768.3818
291580.196
291377.6528
291158.4064
290919.8465
290659.4849
290375.2229
290065.3416
289728.2569
289362.2078
288965.0514
288534.3082
288067.4436
287562.2227
287017.0118
286430.837
285802.9631
285132.8867
284419.6657
283661.0416
282853.9197
281994.112
281076.9535
280097.3962
279050.7306
277931.783
276734.7587
275453.9227
274083.4314
272616.6941
271046.1326
269363.2213
267555.6003
265611.4658
263518.388
261264.0967
258835.5587
256217.5991
253390.164
250330.3085
247010.7196
243392.8867
239434.0381
235078.3664
230265.3726
224930.7223
218994.1013
212378.2835
205006.0623
196805.8501
187722.7567
177712.5103
166766.8417
154918.9626
142247.4377
128969.831
115130.942
100962.0061
86770.85301
72928.91222
59829.06696
47838.01133
37239.50254
28195.68072
20742.29522
14805.56452
293399.0091
293323.528
293240.1915
293151.9526
293060.5811
292966.2744
292868.0227
292764.1718
292652.9
292532.5776
292402.0093
292260.5245
292107.8746
291943.9486
291768.3818
291580.196
291377.6528
291158.4064
290919.8465
290659.4849
290375.2229
290065.3416
289728.2569
289362.2078
288965.0514
288534.3082
288067.4436
287562.2227
287017.0118
286430.837
285802.9631
285132.8867
284419.6657
283661.0416
282853.9197
281994.112
281076.9535
280097.3962
279050.7306
277931.783
276734.7587
275453.9227
274083.4314
272616.6941
271046.1326
269363.2213
267555.6003
265611.4658
263518.388
261264.0967
258835.5587
256217.5991
253390.164
250330.3085
247010.7196
243392.8867
239434.0381
235078.3664
230265.3726
224930.7223
218994.1013
212378.2835
205006.0623
196805.8501
187722.7567
177712.5103
166766.8417
154918.9626
142247.4377
128969.831
115130.942
100962.0061
86770.85301
72928.91222
59829.06696
47838.01133
37239.50254
28195.68072
20742.29522
14805.56452
293399.0091
293323.528
293240.1915
293151.9526
293060.5811
292966.2744
292868.0227
292764.1718
292652.9
292532.5776
292402.0093
292260.5245
292107.8746
291943.9486
291768.3818
291580.196
291377.6528
291158.4064
290919.8465
290659.4849
290375.2229
290065.3416
289728.2569
289362.2078
288965.0514
288534.3082
288067.4436
287562.2227
287017.0118
286430.837
285802.9631
285132.8867
284419.6657
283661.0416
282853.9197
281994.112
281076.9535
280097.3962
279050.7306
277931.783
276734.7587
275453.9227
274083.4314
272616.6941
271046.1326
269363.2213
267555.6003
265611.4658
263518.388
261264.0967
258835.5587
256217.5991
253390.164
250330.3085
247010.7196
243392.8867
239434.0381
235078.3664
230265.3726
224930.7223
218994.1013
212378.2835
205006.0623
196805.8501
187722.7567
177712.5103
166766.8417
154918.9626
142247.4377
128969.831
115130.942
100962.0061
86770.85301
72928.91222
59829.06696
47838.01133
37239.50254
28195.68072
20742.29522
14805.56452
293399.0091
293323.528
293240.1915
293151.9526
293060.5811
292966.2744
292868.0227
292764.1718
292652.9
292532.5776
292402.0093
292260.5245
292107.8746
291943.9486
291768.3818
291580.196
291377.6528
291158.4064
290919.8465
290659.4849
290375.2229
290065.3416
289728.2569
289362.2078
288965.0514
288534.3082
288067.4436
287562.2227
287017.0118
286430.837
285802.9631
285132.8867
284419.6657
283661.0416
282853.9197
281994.112
281076.9535
280097.3962
279050.7306
277931.783
276734.7587
275453.9227
274083.4314
272616.6941
271046.1326
269363.2213
267555.6003
265611.4658
263518.388
261264.0967
258835.5587
256217.5991
253390.164
250330.3085
247010.7196
243392.8867
239434.0381
235078.3664
230265.3726
224930.7223
218994.1013
212378.2835
205006.0623
196805.8501
187722.7567
177712.5103
166766.8417
154918.9626
142247.4377
128969.831
115130.942
100962.0061
86770.85301
72928.91222
59829.06696
47838.01133
37239.50254
28195.68072
20742.29522
14805.56452
293399.0091
293323.528
293240.1915
293151.9526
293060.5811
292966.2744
292868.0227
292764.1718
292652.9
292532.5776
292402.0093
292260.5245
292107.8746
291943.9486
291768.3818
291580.196
291377.6528
291158.4064
290919.8465
290659.4849
290375.2229
290065.3416
289728.2569
289362.2078
288965.0514
288534.3082
288067.4436
287562.2227
287017.0118
286430.837
285802.9631
285132.8867
284419.6657
283661.0416
282853.9197
281994.112
281076.9535
280097.3962
279050.7306
277931.783
276734.7587
275453.9227
274083.4314
272616.6941
271046.1326
269363.2213
267555.6003
265611.4658
263518.388
261264.0967
258835.5587
256217.5991
253390.164
250330.3085
247010.7196
243392.8867
239434.0381
235078.3664
230265.3726
224930.7223
218994.1013
212378.2835
205006.0623
196805.8501
187722.7567
177712.5103
166766.8417
154918.9626
142247.4377
128969.831
115130.942
100962.0061
86770.85301
72928.91222
59829.06696
47838.01133
37239.50254
28195.68072
20742.29522
14805.56452
293399.0091
293323.528
293240.1915
293151.9526
293060.5811
292966.2744
292868.0227
292764.1718
292652.9
292532.5776
292402.0093
292260.5245
292107.8746
291943.9486
291768.3818
291580.196
291377.6528
291158.4064
290919.8465
290659.4849
290375.2229
290065.3416
289728.2569
289362.2078
288965.0514
288534.3082
288067.4436
287562.2227
287017.0118
286430.837
285802.9631
285132.8867
284419.6657
283661.0416
282853.9197
281994.112
281076.9535
280097.3962
279050.7306
277931.783
276734.7587
275453.9227
274083.4314
272616.6941
271046.1326
269363.2213
267555.6003
265611.4658
263518.388
261264.0967
258835.5587
256217.5991
253390.164
250330.3085
247010.7196
243392.8867
239434.0381
235078.3664
230265.3726
224930.7223
218994.1013
212378.2835
205006.0623
196805.8501
187722.7567
177712.5103
166766.8417
154918.9626
142247.4377
128969.831
115130.942
100962.0061
86770.85301
72928.91222
59829.06696
47838.01133
37239.50254
28195.68072
20742.29522
14805.56452
293399.0091
293323.528
293240.1915
293151.9526
293060.5811
292966.2744
292868.0227
292764.1718
292652.9
292532.5776
292402.0093
292260.5245
292107.8746
291943.9486
291768.3818
291580.196
291377.6528
291158.4064
290919.8465
290659.4849
290375.2229
290065.3416
289728.2569
289362.2078
288965.0514
288534.3082
288067.4436
287562.2227
287017.0118
286430.837
285802.9631
285132.8867
284419.6657
283661.0416
282853.9197
281994.112
281076.9535
280097.3962
279050.7306
277931.783
276734.7587
275453.9227
274083.4314
272616.6941
271046.1326
269363.2213
267555.6003
265611.4658
263518.388
261264.0967
258835.5587
256217.5991
253390.164
250330.3085
247010.7196
243392.8867
239434.0381
235078.3664
230265.3726
224930.7223
218994.1013
212378.2835
205006.0623
196805.8501
187722.7567
177712.5103
166766.8417
154918.9626
142247.4377
128969.831
115130.942
100962.0061
86770.85301
72928.91222
59829.06696
47838.01133
37239.50254
28195.68072
20742.29522
14805.56452
293399.0091
293323.528
293240.1915
293151.9526
293060.5811
292966.2744
292868.0227
292764.1718
292652.9
292532.5776
292402.0093
292260.5245
292107.8746
291943.9486
291768.3818
291580.196
291377.6528
291158.4064
290919.8465
290659.4849
290375.2229
290065.3416
289728.2569
289362.2078
288965.0514
288534.3082
288067.4436
287562.2227
287017.0118
286430.837
285802.9631
285132.8867
284419.6657
283661.0416
282853.9197
281994.112
281076.9535
280097.3962
279050.7306
277931.783
276734.7587
275453.9227
274083.4314
272616.6941
271046.1326
269363.2213
267555.6003
265611.4658
263518.388
261264.0967
258835.5587
256217.5991
253390.164
250330.3085
247010.7196
243392.8867
239434.0381
235078.3664
230265.3726
224930.7223
218994.1013
212378.2835
205006.0623
196805.8501
187722.7567
177712.5103
166766.8417
154918.9626
142247.4377
128969.831
115130.942
100962.0061
86770.85301
72928.91222
59829.06696
47838.01133
37239.50254
28195.68072
20742.29522
14805.56452
293399.0091
293323.528
293240.1915
293151.9526
293060.5811
292966.2744
292868.0227
292764.1718
292652.9
292532.5776
292402.0093
292260.5245
292107.8746
291943.9486
291768.3818
291580.196
291377.6528
291158.4064
290919.8465
290659.4849
290375.2229
290065.3416
289728.2569
289362.2078
288965.0514
288534.3082
288067.4436
287562.2227
287017.0118
286430.837
285802.9631
285132.8867
284419.6657
283661.0416
282853.9197
281994.112
281076.9535
280097.3962
279050.7306
277931.783
276734.7587
275453.9227
274083.4314
272616.6941
271046.1326
269363.2213
267555.6003
265611.4658
263518.388
261264.0967
258835.5587
256217.5991
253390.164
250330.3085
247010.7196
243392.8867
239434.0381
235078.3664
230265.3726
224930.7223
218994.1013
212378.2835
205006.0623
196805.8501
187722.7567
177712.5103
166766.8417
154918.9626
142247.4377
128969.831
115130.942
100962.0061
86770.85301
72928.91222
59829.06696
47838.01133
37239.50254
28195.68072
20742.29522
14805.56452
293399.0091
293323.528
293240.1915
293151.9526
293060.5811
292966.2744
292868.0227
292764.1718
292652.9
292532.5776
292402.0093
292260.5245
292107.8746
291943.9486
291768.3818
291580.196
291377.6528
291158.4064
290919.8465
290659.4849
290375.2229
290065.3416
289728.2569
289362.2078
288965.0514
288534.3082
288067.4436
287562.2227
287017.0118
286430.837
285802.9631
285132.8867
284419.6657
283661.0416
282853.9197
281994.112
281076.9535
280097.3962
279050.7306
277931.783
276734.7587
275453.9227
274083.4314
272616.6941
271046.1326
269363.2213
267555.6003
265611.4658
263518.388
261264.0967
258835.5587
256217.5991
253390.164
250330.3085
247010.7196
243392.8867
239434.0381
235078.3664
230265.3726
224930.7223
218994.1013
212378.2835
205006.0623
196805.8501
187722.7567
177712.5103
166766.8417
154918.9626
142247.4377
128969.831
115130.942
100962.0061
86770.85301
72928.91222
59829.06696
47838.01133
37239.50254
28195.68072
20742.29522
14805.56452
293399.0091
293323.528
293240.1915
293151.9526
293060.5811
292966.2744
292868.0227
292764.1718
292652.9
292532.5776
292402.0093
292260.5245
292107.8746
291943.9486
291768.3818
291580.196
291377.6528
291158.4064
290919.8465
290659.4849
290375.2229
290065.3416
289728.2569
289362.2078
288965.0514
288534.3082
288067.4436
287562.2227
287017.0118
286430.837
285802.9631
285132.8867
284419.6657
283661.0416
282853.9197
281994.112
281076.9535
280097.3962
279050.7306
277931.783
276734.7587
275453.9227
274083.4314
272616.6941
271046.1326
269363.2213
267555.6003
265611.4658
263518.388
261264.0967
258835.5587
256217.5991
253390.164
250330.3085
247010.7196
243392.8867
239434.0381
235078.3664
230265.3726
224930.7223
218994.1013
212378.2835
205006.0623
196805.8501
187722.7567
177712.5103
166766.8417
154918.9626
142247.4377
128969.831
115130.942
100962.0061
86770.85301
72928.91222
59829.06696
47838.01133
37239.50254
28195.68072
20742.29522
14805.56452
293399.0091
293323.528
293240.1915
293151.9526
293060.5811
292966.2744
292868.0227
292764.1718
292652.9
292532.5776
292402.0093
292260.5245
292107.8746
291943.9486
291768.3818
291580.196
291377.6528
291158.4064
290919.8465
290659.4849
290375.2229
290065.3416
289728.2569
289362.2078
288965.0514
288534.3082
288067.4436
287562.2227
287017.0118
286430.837
285802.9631
285132.8867
284419.6657
283661.0416
282853.9197
281994.112
281076.9535
280097.3962
279050.7306
277931.783
276734.7587
275453.9227
274083.4314
272616.6941
271046.1326
269363.2213
267555.6003
265611.4658
263518.388
261264.0967
258835.5587
256217.5991
253390.164
250330.3085
247010.7196
243392.8867
239434.0381
235078.3664
230265.3726
224930.7223
218994.1013
212378.2835
205006.0623
196805.8501
187722.7567
177712.5103
166766.8417
154918.9626
142247.4377
128969.831
115130.942
100962.0061
86770.85301
72928.91222
59829.06696
47838.01133
37239.50254
28195.68072
20742.29522
14805.56452
293399.0091
293323.528
293240.1915
293151.9526
293060.5811
292966.2744
292868.0227
292764.1718
292652.9
292532.5776
292402.0093
292260.5245
292107.8746
291943.9486
291768.3818
291580.196
291377.6528
291158.4064
290919.8465
290659.4849
290375.2229
290065.3416
289728.2569
289362.2078
288965.0514
288534.3082
288067.4436
287562.2227
287017.0118
286430.837
285802.9631
285132.8867
284419.6657
283661.0416
282853.9197
281994.112
281076.9535
280097.3962
279050.7306
277931.783
276734.7587
275453.9227
274083.4314
272616.6941
271046.1326
269363.2213
267555.6003
265611.4658
263518.388
261264.0967
258835.5587
256217.5991
253390.164
250330.3085
247010.7196
243392.8867
239434.0381
235078.3664
230265.3726
224930.7223
218994.1013
212378.2835
205006.0623
196805.8501
187722.7567
177712.5103
166766.8417
154918.9626
142247.4377
128969.831
115130.942
100962.0061
86770.85301
72928.91222
59829.06696
47838.01133
37239.50254
28195.68072
20742.29522
14805.56452
293399.0091
293323.528
293240.1915
293151.9526
293060.5811
292966.2744
292868.0227
292764.1718
292652.9
292532.5776
292402.0093
292260.5245
292107.8746
291943.9486
291768.3818
291580.196
291377.6528
291158.4064
290919.8465
290659.4849
290375.2229
290065.3416
289728.2569
289362.2078
288965.0514
288534.3082
288067.4436
287562.2227
287017.0118
286430.837
285802.9631
285132.8867
284419.6657
283661.0416
282853.9197
281994.112
281076.9535
280097.3962
279050.7306
277931.783
276734.7587
275453.9227
274083.4314
272616.6941
271046.1326
269363.2213
267555.6003
265611.4658
263518.388
261264.0967
258835.5587
256217.5991
253390.164
250330.3085
247010.7196
243392.8867
239434.0381
235078.3664
230265.3726
224930.7223
218994.1013
212378.2835
205006.0623
196805.8501
187722.7567
177712.5103
166766.8417
154918.9626
142247.4377
128969.831
115130.942
100962.0061
86770.85301
72928.91222
59829.06696
47838.01133
37239.50254
28195.68072
20742.29522
14805.56452
293399.0091
293323.528
293240.1915
293151.9526
293060.5811
292966.2744
292868.0227
292764.1718
292652.9
292532.5776
292402.0093
292260.5245
292107.8746
291943.9486
291768.3818
291580.196
291377.6528
291158.4064
290919.8465
290659.4849
290375.2229
290065.3416
289728.2569
289362.2078
288965.0514
288534.3082
288067.4436
287562.2227
287017.0118
286430.837
285802.9631
285132.8867
284419.6657
283661.0416
282853.9197
281994.112
281076.9535
280097.3962
279050.7306
277931.783
276734.7587
275453.9227
274083.4314
272616.6941
271046.1326
269363.2213
267555.6003
265611.4658
263518.388
261264.0967
258835.5587
256217.5991
253390.164
250330.3085
247010.7196
243392.8867
239434.0381
235078.3664
230265.3726
224930.7223
218994.1013
212378.2835
205006.0623
196805.8501
187722.7567
177712.5103
166766.8417
154918.9626
142247.4377
128969.831
115130.942
100962.0061
86770.85301
72928.91222
59829.06696
47838.01133
37239.50254
28195.68072
20742.29522
14805.56452
293399.0091
293323.528
293240.1915
293151.9526
293060.5811
292966.2744
292868.0227
292764.1718
292652.9
292532.5776
292402.0093
292260.5245
292107.8746
291943.9486
291768.3818
291580.196
291377.6528
291158.4064
290919.8465
290659.4849
290375.2229
290065.3416
289728.2569
289362.2078
288965.0514
288534.3082
288067.4436
287562.2227
287017.0118
286430.837
285802.9631
285132.8867
284419.6657
283661.0416
282853.9197
281994.112
281076.9535
280097.3962
279050.7306
277931.783
276734.7587
275453.9227
274083.4314
272616.6941
271046.1326
269363.2213
267555.6003
265611.4658
263518.388
261264.0967
258835.5587
256217.5991
253390.164
250330.3085
247010.7196
243392.8867
239434.0381
235078.3664
230265.3726
224930.7223
218994.1013
212378.2835
205006.0623
196805.8501
187722.7567
177712.5103
166766.8417
154918.9626
142247.4377
128969.831
115130.942
100962.0061
86770.85301
72928.91222
59829.06696
47838.01133
37239.50254
28195.68072
20742.29522
14805.56452
293399.0091
293323.528
293240.1915
293151.9526
293060.5811
292966.2744
292868.0227
292764.1718
292652.9
292532.5776
292402.0093
292260.5245
292107.8746
291943.9486
291768.3818
291580.196
291377.6528
291158.4064
290919.8465
290659.4849
290375.2229
290065.3416
289728.2569
289362.2078
288965.0514
288534.3082
288067.4436
287562.2227
287017.0118
286430.837
285802.9631
285132.8867
284419.6657
283661.0416
282853.9197
281994.112
281076.9535
280097.3962
279050.7306
277931.783
276734.7587
275453.9227
274083.4314
272616.6941
271046.1326
269363.2213
267555.6003
265611.4658
263518.388
261264.0967
258835.5587
256217.5991
253390.164
250330.3085
247010.7196
243392.8867
239434.0381
235078.3664
230265.3726
224930.7223
218994.1013
212378.2835
205006.0623
196805.8501
187722.7567
177712.5103
166766.8417
154918.9626
142247.4377
128969.831
115130.942
100962.0061
86770.85301
72928.91222
59829.06696
47838.01133
37239.50254
28195.68072
20742.29522
14805.56452
293399.0091
293323.528
293240.1915
293151.9526
293060.5811
292966.2744
292868.0227
292764.1718
292652.9
292532.5776
292402.0093
292260.5245
292107.8746
291943.9486
291768.3818
291580.196
291377.6528
291158.4064
290919.8465
290659.4849
290375.2229
290065.3416
289728.2569
289362.2078
288965.0514
288534.3082
288067.4436
287562.2227
287017.0118
286430.837
285802.9631
285132.8867
284419.6657
283661.0416
282853.9197
281994.112
281076.9535
280097.3962
279050.7306
277931.783
276734.7587
275453.9227
274083.4314
272616.6941
271046.1326
269363.2213
267555.6003
265611.4658
263518.388
261264.0967
258835.5587
256217.5991
253390.164
250330.3085
247010.7196
243392.8867
239434.0381
235078.3664
230265.3726
224930.7223
218994.1013
212378.2835
205006.0623
196805.8501
187722.7567
177712.5103
166766.8417
154918.9626
142247.4377
128969.831
115130.942
100962.0061
86770.85301
72928.91222
59829.06696
47838.01133
37239.50254
28195.68072
20742.29522
14805.56452
293399.0091
293323.528
293240.1915
293151.9526
293060.5811
292966.2744
292868.0227
292764.1718
292652.9
292532.5776
292402.0093
292260.5245
292107.8746
291943.9486
291768.3818
291580.196
291377.6528
291158.4064
290919.8465
290659.4849
290375.2229
290065.3416
289728.2569
289362.2078
288965.0514
288534.3082
288067.4436
287562.2227
287017.0118
286430.837
285802.9631
285132.8867
284419.6657
283661.0416
282853.9197
281994.112
281076.9535
280097.3962
279050.7306
277931.783
276734.7587
275453.9227
274083.4314
272616.6941
271046.1326
269363.2213
267555.6003
265611.4658
263518.388
261264.0967
258835.5587
256217.5991
253390.164
250330.3085
247010.7196
243392.8867
239434.0381
235078.3664
230265.3726
224930.7223
218994.1013
212378.2835
205006.0623
196805.8501
187722.7567
177712.5103
166766.8417
154918.9626
142247.4377
128969.831
115130.942
100962.0061
86770.85301
72928.91222
59829.06696
47838.01133
37239.50254
28195.68072
20742.29522
14805.56452
293399.0091
293323.528
293240.1915
293151.9526
293060.5811
292966.2744
292868.0227
292764.1718
292652.9
292532.5776
292402.0093
292260.5245
292107.8746
291943.9486
291768.3818
291580.196
291377.6528
291158.4064
290919.8465
290659.4849
290375.2229
290065.3416
289728.2569
289362.2078
288965.0514
288534.3082
288067.4436
287562.2227
287017.0118
286430.837
285802.9631
285132.8867
284419.6657
283661.0416
282853.9197
281994.112
281076.9535
280097.3962
279050.7306
277931.783
276734.7587
275453.9227
274083.4314
272616.6941
271046.1326
269363.2213
267555.6003
265611.4658
263518.388
261264.0967
258835.5587
256217.5991
253390.164
250330.3085
247010.7196
243392.8867
239434.0381
235078.3664
230265.3726
224930.7223
218994.1013
212378.2835
205006.0623
196805.8501
187722.7567
177712.5103
166766.8417
154918.9626
142247.4377
128969.831
115130.942
100962.0061
86770.85301
72928.91222
59829.06696
47838.01133
37239.50254
28195.68072
20742.29522
14805.56452
293399.0091
293323.528
293240.1915
293151.9526
293060.5811
292966.2744
292868.0227
292764.1718
292652.9
292532.5776
292402.0093
292260.5245
292107.8746
291943.9486
291768.3818
291580.196
291377.6528
291158.4064
290919.8465
290659.4849
290375.2229
290065.3416
289728.2569
289362.2078
288965.0514
288534.3082
288067.4436
287562.2227
287017.0118
286430.837
285802.9631
285132.8867
284419.6657
283661.0416
282853.9197
281994.112
281076.9535
280097.3962
279050.7306
277931.783
276734.7587
275453.9227
274083.4314
272616.6941
271046.1326
269363.2213
267555.6003
265611.4658
263518.388
261264.0967
258835.5587
256217.5991
253390.164
250330.3085
247010.7196
243392.8867
239434.0381
235078.3664
230265.3726
224930.7223
218994.1013
212378.2835
205006.0623
196805.8501
187722.7567
177712.5103
166766.8417
154918.9626
142247.4377
128969.831
115130.942
100962.0061
86770.85301
72928.91222
59829.06696
47838.01133
37239.50254
28195.68072
20742.29522
14805.56452
293399.0091
293323.528
293240.1915
293151.9526
293060.5811
292966.2744
292868.0227
292764.1718
292652.9
292532.5776
292402.0093
292260.5245
292107.8746
291943.9486
291768.3818
291580.196
291377.6528
291158.4064
290919.8465
290659.4849
290375.2229
290065.3416
289728.2569
289362.2078
288965.0514
288534.3082
288067.4436
287562.2227
287017.0118
286430.837
285802.9631
285132.8867
284419.6657
283661.0416
282853.9197
281994.112
281076.9535
280097.3962
279050.7306
277931.783
276734.7587
275453.9227
274083.4314
272616.6941
271046.1326
269363.2213
267555.6003
265611.4658
263518.388
261264.0967
258835.5587
256217.5991
253390.164
250330.3085
247010.7196
243392.8867
239434.0381
235078.3664
230265.3726
224930.7223
218994.1013
212378.2835
205006.0623
196805.8501
187722.7567
177712.5103
166766.8417
154918.9626
142247.4377
128969.831
115130.942
100962.0061
86770.85301
72928.91222
59829.06696
47838.01133
37239.50254
28195.68072
20742.29522
14805.56452
293399.0091
293323.528
293240.1915
293151.9526
293060.5811
292966.2744
292868.0227
292764.1718
292652.9
292532.5776
292402.0093
292260.5245
292107.8746
291943.9486
291768.3818
291580.196
291377.6528
291158.4064
290919.8465
290659.4849
290375.2229
290065.3416
289728.2569
289362.2078
288965.0514
288534.3082
288067.4436
287562.2227
287017.0118
286430.837
285802.9631
285132.8867
284419.6657
283661.0416
282853.9197
281994.112
281076.9535
280097.3962
279050.7306
277931.783
276734.7587
275453.9227
274083.4314
272616.6941
271046.1326
269363.2213
267555.6003
265611.4658
263518.388
261264.0967
258835.5587
256217.5991
253390.164
250330.3085
247010.7196
243392.8867
239434.0381
235078.3664
230265.3726
224930.7223
218994.1013
212378.2835
205006.0623
196805.8501
187722.7567
177712.5103
166766.8417
154918.9626
142247.4377
128969.831
115130.942
100962.0061
86770.85301
72928.91222
59829.06696
47838.01133
37239.50254
28195.68072
20742.29522
14805.56452
293399.0091
293323.528
293240.1915
293151.9526
293060.5811
292966.2744
292868.0227
292764.1718
292652.9
292532.5776
292402.0093
292260.5245
292107.8746
291943.9486
291768.3818
291580.196
291377.6528
291158.4064
290919.8465
290659.4849
290375.2229
290065.3416
289728.2569
289362.2078
288965.0514
288534.3082
288067.4436
287562.2227
287017.0118
286430.837
285802.9631
285132.8867
284419.6657
283661.0416
282853.9197
281994.112
281076.9535
280097.3962
279050.7306
277931.783
276734.7587
275453.9227
274083.4314
272616.6941
271046.1326
269363.2213
267555.6003
265611.4658
263518.388
261264.0967
258835.5587
256217.5991
253390.164
250330.3085
247010.7196
243392.8867
239434.0381
235078.3664
230265.3726
224930.7223
218994.1013
212378.2835
205006.0623
196805.8501
187722.7567
177712.5103
166766.8417
154918.9626
142247.4377
128969.831
115130.942
100962.0061
86770.85301
72928.91222
59829.06696
47838.01133
37239.50254
28195.68072
20742.29522
14805.56452
293399.0091
293323.528
293240.1915
293151.9526
293060.5811
292966.2744
292868.0227
292764.1718
292652.9
292532.5776
292402.0093
292260.5245
292107.8746
291943.9486
291768.3818
291580.196
291377.6528
291158.4064
290919.8465
290659.4849
290375.2229
290065.3416
289728.2569
289362.2078
288965.0514
288534.3082
288067.4436
287562.2227
287017.0118
286430.837
285802.9631
285132.8867
284419.6657
283661.0416
282853.9197
281994.112
281076.9535
280097.3962
279050.7306
277931.783
276734.7587
275453.9227
274083.4314
272616.6941
271046.1326
269363.2213
267555.6003
265611.4658
263518.388
261264.0967
258835.5587
256217.5991
253390.164
250330.3085
247010.7196
243392.8867
239434.0381
235078.3664
230265.3726
224930.7223
218994.1013
212378.2835
205006.0623
196805.8501
187722.7567
177712.5103
166766.8417
154918.9626
142247.4377
128969.831
115130.942
100962.0061
86770.85301
72928.91222
59829.06696
47838.01133
37239.50254
28195.68072
20742.29522
14805.56452
293399.0091
293323.528
293240.1915
293151.9526
293060.5811
292966.2744
292868.0227
292764.1718
292652.9
292532.5776
292402.0093
292260.5245
292107.8746
291943.9486
291768.3818
291580.196
291377.6528
291158.4064
290919.8465
290659.4849
290375.2229
290065.3416
289728.2569
289362.2078
288965.0514
288534.3082
288067.4436
287562.2227
287017.0118
286430.837
285802.9631
285132.8867
284419.6657
283661.0416
282853.9197
281994.112
281076.9535
280097.3962
279050.7306
277931.783
276734.7587
275453.9227
274083.4314
272616.6941
271046.1326
269363.2213
267555.6003
265611.4658
263518.388
261264.0967
258835.5587
256217.5991
253390.164
250330.3085
247010.7196
243392.8867
239434.0381
235078.3664
230265.3726
224930.7223
218994.1013
212378.2835
205006.0623
196805.8501
187722.7567
177712.5103
166766.8417
154918.9626
142247.4377
128969.831
115130.942
100962.0061
86770.85301
72928.91222
59829.06696
47838.01133
37239.50254
28195.68072
20742.29522
14805.56452
293399.0091
293323.528
293240.1915
293151.9526
293060.5811
292966.2744
292868.0227
292764.1718
292652.9
292532.5776
292402.0093
292260.5245
292107.8746
291943.9486
291768.3818
291580.196
291377.6528
291158.4064
290919.8465
290659.4849
290375.2229
290065.3416
289728.2569
289362.2078
288965.0514
288534.3082
288067.4436
287562.2227
287017.0118
286430.837
285802.9631
285132.8867
284419.6657
283661.0416
282853.9197
281994.112
281076.9535
280097.3962
279050.7306
277931.783
276734.7587
275453.9227
274083.4314
272616.6941
271046.1326
269363.2213
267555.6003
265611.4658
263518.388
261264.0967
258835.5587
256217.5991
253390.164
250330.3085
247010.7196
243392.8867
239434.0381
235078.3664
230265.3726
224930.7223
218994.1013
212378.2835
205006.0623
196805.8501
187722.7567
177712.5103
166766.8417
154918.9626
142247.4377
128969.831
115130.942
100962.0061
86770.85301
72928.91222
59829.06696
47838.01133
37239.50254
28195.68072
20742.29522
14805.56452
293399.0091
293323.528
293240.1915
293151.9526
293060.5811
292966.2744
292868.0227
292764.1718
292652.9
292532.5776
292402.0093
292260.5245
292107.8746
291943.9486
291768.3818
291580.196
291377.6528
291158.4064
290919.8465
290659.4849
290375.2229
290065.3416
289728.2569
289362.2078
288965.0514
288534.3082
288067.4436
287562.2227
287017.0118
286430.837
285802.9631
285132.8867
284419.6657
283661.0416
282853.9197
281994.112
281076.9535
280097.3962
279050.7306
277931.783
276734.7587
275453.9227
274083.4314
272616.6941
271046.1326
269363.2213
267555.6003
265611.4658
263518.388
261264.0967
258835.5587
256217.5991
253390.164
250330.3085
247010.7196
243392.8867
239434.0381
235078.3664
230265.3726
224930.7223
218994.1013
212378.2835
205006.0623
196805.8501
187722.7567
177712.5103
166766.8417
154918.9626
142247.4377
128969.831
115130.942
100962.0061
86770.85301
72928.91222
59829.06696
47838.01133
37239.50254
28195.68072
20742.29522
14805.56452
293399.0091
293323.528
293240.1915
293151.9526
293060.5811
292966.2744
292868.0227
292764.1718
292652.9
292532.5776
292402.0093
292260.5245
292107.8746
291943.9486
291768.3818
291580.196
291377.6528
291158.4064
290919.8465
290659.4849
290375.2229
290065.3416
289728.2569
289362.2078
288965.0514
288534.3082
288067.4436
287562.2227
287017.0118
286430.837
285802.9631
285132.8867
284419.6657
283661.0416
282853.9197
281994.112
281076.9535
280097.3962
279050.7306
277931.783
276734.7587
275453.9227
274083.4314
272616.6941
271046.1326
269363.2213
267555.6003
265611.4658
263518.388
261264.0967
258835.5587
256217.5991
253390.164
250330.3085
247010.7196
243392.8867
239434.0381
235078.3664
230265.3726
224930.7223
218994.1013
212378.2835
205006.0623
196805.8501
187722.7567
177712.5103
166766.8417
154918.9626
142247.4377
128969.831
115130.942
100962.0061
86770.85301
72928.91222
59829.06696
47838.01133
37239.50254
28195.68072
20742.29522
14805.56452
293399.0091
293323.528
293240.1915
293151.9526
293060.5811
292966.2744
292868.0227
292764.1718
292652.9
292532.5776
292402.0093
292260.5245
292107.8746
291943.9486
291768.3818
291580.196
291377.6528
291158.4064
290919.8465
290659.4849
290375.2229
290065.3416
289728.2569
289362.2078
288965.0514
288534.3082
288067.4436
287562.2227
287017.0118
286430.837
285802.9631
285132.8867
284419.6657
283661.0416
282853.9197
281994.112
281076.9535
280097.3962
279050.7306
277931.783
276734.7587
275453.9227
274083.4314
272616.6941
271046.1326
269363.2213
267555.6003
265611.4658
263518.388
261264.0967
258835.5587
256217.5991
253390.164
250330.3085
247010.7196
243392.8867
239434.0381
235078.3664
230265.3726
224930.7223
218994.1013
212378.2835
205006.0623
196805.8501
187722.7567
177712.5103
166766.8417
154918.9626
142247.4377
128969.831
115130.942
100962.0061
86770.85301
72928.91222
59829.06696
47838.01133
37239.50254
28195.68072
20742.29522
14805.56452
293399.0091
293323.528
293240.1915
293151.9526
293060.5811
292966.2744
292868.0227
292764.1718
292652.9
292532.5776
292402.0093
292260.5245
292107.8746
291943.9486
291768.3818
291580.196
291377.6528
291158.4064
290919.8465
290659.4849
290375.2229
290065.3416
289728.2569
289362.2078
288965.0514
288534.3082
288067.4436
287562.2227
287017.0118
286430.837
285802.9631
285132.8867
284419.6657
283661.0416
282853.9197
281994.112
281076.9535
280097.3962
279050.7306
277931.783
276734.7587
275453.9227
274083.4314
272616.6941
271046.1326
269363.2213
267555.6003
265611.4658
263518.388
261264.0967
258835.5587
256217.5991
253390.164
250330.3085
247010.7196
243392.8867
239434.0381
235078.3664
230265.3726
224930.7223
218994.1013
212378.2835
205006.0623
196805.8501
187722.7567
177712.5103
166766.8417
154918.9626
142247.4377
128969.831
115130.942
100962.0061
86770.85301
72928.91222
59829.06696
47838.01133
37239.50254
28195.68072
20742.29522
14805.56452
293399.0091
293323.528
293240.1915
293151.9526
293060.5811
292966.2744
292868.0227
292764.1718
292652.9
292532.5776
292402.0093
292260.5245
292107.8746
291943.9486
291768.3818
291580.196
291377.6528
291158.4064
290919.8465
290659.4849
290375.2229
290065.3416
289728.2569
289362.2078
288965.0514
288534.3082
288067.4436
287562.2227
287017.0118
286430.837
285802.9631
285132.8867
284419.6657
283661.0416
282853.9197
281994.112
281076.9535
280097.3962
279050.7306
277931.783
276734.7587
275453.9227
274083.4314
272616.6941
271046.1326
269363.2213
267555.6003
265611.4658
263518.388
261264.0967
258835.5587
256217.5991
253390.164
250330.3085
247010.7196
243392.8867
239434.0381
235078.3664
230265.3726
224930.7223
218994.1013
212378.2835
205006.0623
196805.8501
187722.7567
177712.5103
166766.8417
154918.9626
142247.4377
128969.831
115130.942
100962.0061
86770.85301
72928.91222
59829.06696
47838.01133
37239.50254
28195.68072
20742.29522
14805.56452
293399.0091
293323.528
293240.1915
293151.9526
293060.5811
292966.2744
292868.0227
292764.1718
292652.9
292532.5776
292402.0093
292260.5245
292107.8746
291943.9486
291768.3818
291580.196
291377.6528
291158.4064
290919.8465
290659.4849
290375.2229
290065.3416
289728.2569
289362.2078
288965.0514
288534.3082
288067.4436
287562.2227
287017.0118
286430.837
285802.9631
285132.8867
284419.6657
283661.0416
282853.9197
281994.112
281076.9535
280097.3962
279050.7306
277931.783
276734.7587
275453.9227
274083.4314
272616.6941
271046.1326
269363.2213
267555.6003
265611.4658
263518.388
261264.0967
258835.5587
256217.5991
253390.164
250330.3085
247010.7196
243392.8867
239434.0381
235078.3664
230265.3726
224930.7223
218994.1013
212378.2835
205006.0623
196805.8501
187722.7567
177712.5103
166766.8417
154918.9626
142247.4377
128969.831
115130.942
100962.0061
86770.85301
72928.91222
59829.06696
47838.01133
37239.50254
28195.68072
20742.29522
14805.56452
293399.0091
293323.528
293240.1915
293151.9526
293060.5811
292966.2744
292868.0227
292764.1718
292652.9
292532.5776
292402.0093
292260.5245
292107.8746
291943.9486
291768.3818
291580.196
291377.6528
291158.4064
290919.8465
290659.4849
290375.2229
290065.3416
289728.2569
289362.2078
288965.0514
288534.3082
288067.4436
287562.2227
287017.0118
286430.837
285802.9631
285132.8867
284419.6657
283661.0416
282853.9197
281994.112
281076.9535
280097.3962
279050.7306
277931.783
276734.7587
275453.9227
274083.4314
272616.6941
271046.1326
269363.2213
267555.6003
265611.4658
263518.388
261264.0967
258835.5587
256217.5991
253390.164
250330.3085
247010.7196
243392.8867
239434.0381
235078.3664
230265.3726
224930.7223
218994.1013
212378.2835
205006.0623
196805.8501
187722.7567
177712.5103
166766.8417
154918.9626
142247.4377
128969.831
115130.942
100962.0061
86770.85301
72928.91222
59829.06696
47838.01133
37239.50254
28195.68072
20742.29522
14805.56452
293399.0091
293323.528
293240.1915
293151.9526
293060.5811
292966.2744
292868.0227
292764.1718
292652.9
292532.5776
292402.0093
292260.5245
292107.8746
291943.9486
291768.3818
291580.196
291377.6528
291158.4064
290919.8465
290659.4849
290375.2229
290065.3416
289728.2569
289362.2078
288965.0514
288534.3082
288067.4436
287562.2227
287017.0118
286430.837
285802.9631
285132.8867
284419.6657
283661.0416
282853.9197
281994.112
281076.9535
280097.3962
279050.7306
277931.783
276734.7587
275453.9227
274083.4314
272616.6941
271046.1326
269363.2213
267555.6003
265611.4658
263518.388
261264.0967
258835.5587
256217.5991
253390.164
250330.3085
247010.7196
243392.8867
239434.0381
235078.3664
230265.3726
224930.7223
218994.1013
212378.2835
205006.0623
196805.8501
187722.7567
177712.5103
166766.8417
154918.9626
142247.4377
128969.831
115130.942
100962.0061
86770.85301
72928.91222
59829.06696
47838.01133
37239.50254
28195.68072
20742.29522
14805.56452
293399.0091
293323.528
293240.1915
293151.9526
293060.5811
292966.2744
292868.0227
292764.1718
292652.9
292532.5776
292402.0093
292260.5245
292107.8746
291943.9486
291768.3818
291580.196
291377.6528
291158.4064
290919.8465
290659.4849
290375.2229
290065.3416
289728.2569
289362.2078
288965.0514
288534.3082
288067.4436
287562.2227
287017.0118
286430.837
285802.9631
285132.8867
284419.6657
283661.0416
282853.9197
281994.112
281076.9535
280097.3962
279050.7306
277931.783
276734.7587
275453.9227
274083.4314
272616.6941
271046.1326
269363.2213
267555.6003
265611.4658
263518.388
261264.0967
258835.5587
256217.5991
253390.164
250330.3085
247010.7196
243392.8867
239434.0381
235078.3664
230265.3726
224930.7223
218994.1013
212378.2835
205006.0623
196805.8501
187722.7567
177712.5103
166766.8417
154918.9626
142247.4377
128969.831
115130.942
100962.0061
86770.85301
72928.91222
59829.06696
47838.01133
37239.50254
28195.68072
20742.29522
14805.56452
293399.0091
293323.528
293240.1915
293151.9526
293060.5811
292966.2744
292868.0227
292764.1718
292652.9
292532.5776
292402.0093
292260.5245
292107.8746
291943.9486
291768.3818
291580.196
291377.6528
291158.4064
290919.8465
290659.4849
290375.2229
290065.3416
289728.2569
289362.2078
288965.0514
288534.3082
288067.4436
287562.2227
287017.0118
286430.837
285802.9631
285132.8867
284419.6657
283661.0416
282853.9197
281994.112
281076.9535
280097.3962
279050.7306
277931.783
276734.7587
275453.9227
274083.4314
272616.6941
271046.1326
269363.2213
267555.6003
265611.4658
263518.388
261264.0967
258835.5587
256217.5991
253390.164
250330.3085
247010.7196
243392.8867
239434.0381
235078.3664
230265.3726
224930.7223
218994.1013
212378.2835
205006.0623
196805.8501
187722.7567
177712.5103
166766.8417
154918.9626
142247.4377
128969.831
115130.942
100962.0061
86770.85301
72928.91222
59829.06696
47838.01133
37239.50254
28195.68072
20742.29522
14805.56452
293399.0091
293323.528
293240.1915
293151.9526
293060.5811
292966.2744
292868.0227
292764.1718
292652.9
292532.5776
292402.0093
292260.5245
292107.8746
291943.9486
291768.3818
291580.196
291377.6528
291158.4064
290919.8465
290659.4849
290375.2229
290065.3416
289728.2569
289362.2078
288965.0514
288534.3082
288067.4436
287562.2227
287017.0118
286430.837
285802.9631
285132.8867
284419.6657
283661.0416
282853.9197
281994.112
281076.9535
280097.3962
279050.7306
277931.783
276734.7587
275453.9227
274083.4314
272616.6941
271046.1326
269363.2213
267555.6003
265611.4658
263518.388
261264.0967
258835.5587
256217.5991
253390.164
250330.3085
247010.7196
243392.8867
239434.0381
235078.3664
230265.3726
224930.7223
218994.1013
212378.2835
205006.0623
196805.8501
187722.7567
177712.5103
166766.8417
154918.9626
142247.4377
128969.831
115130.942
100962.0061
86770.85301
72928.91222
59829.06696
47838.01133
37239.50254
28195.68072
20742.29522
14805.56452
293399.0091
293323.528
293240.1915
293151.9526
293060.5811
292966.2744
292868.0227
292764.1718
292652.9
292532.5776
292402.0093
292260.5245
292107.8746
291943.9486
291768.3818
291580.196
291377.6528
291158.4064
290919.8465
290659.4849
290375.2229
290065.3416
289728.2569
289362.2078
288965.0514
288534.3082
288067.4436
287562.2227
287017.0118
286430.837
285802.9631
285132.8867
284419.6657
283661.0416
282853.9197
281994.112
281076.9535
280097.3962
279050.7306
277931.783
276734.7587
275453.9227
274083.4314
272616.6941
271046.1326
269363.2213
267555.6003
265611.4658
263518.388
261264.0967
258835.5587
256217.5991
253390.164
250330.3085
247010.7196
243392.8867
239434.0381
235078.3664
230265.3726
224930.7223
218994.1013
212378.2835
205006.0623
196805.8501
187722.7567
177712.5103
166766.8417
154918.9626
142247.4377
128969.831
115130.942
100962.0061
86770.85301
72928.91222
59829.06696
47838.01133
37239.50254
28195.68072
20742.29522
14805.56452
293399.0091
293323.528
293240.1915
293151.9526
293060.5811
292966.2744
292868.0227
292764.1718
292652.9
292532.5776
292402.0093
292260.5245
292107.8746
291943.9486
291768.3818
291580.196
291377.6528
291158.4064
290919.8465
290659.4849
290375.2229
290065.3416
289728.2569
289362.2078
288965.0514
288534.3082
288067.4436
287562.2227
287017.0118
286430.837
285802.9631
285132.8867
284419.6657
283661.0416
282853.9197
281994.112
281076.9535
280097.3962
279050.7306
277931.783
276734.7587
275453.9227
274083.4314
272616.6941
271046.1326
269363.2213
267555.6003
265611.4658
263518.388
261264.0967
258835.5587
256217.5991
253390.164
250330.3085
247010.7196
243392.8867
239434.0381
235078.3664
230265.3726
224930.7223
218994.1013
212378.2835
205006.0623
196805.8501
187722.7567
177712.5103
166766.8417
154918.9626
142247.4377
128969.831
115130.942
100962.0061
86770.85301
72928.91222
59829.06696
47838.01133
37239.50254
28195.68072
20742.29522
14805.56452
293399.0091
293323.528
293240.1915
293151.9526
293060.5811
292966.2744
292868.0227
292764.1718
292652.9
292532.5776
292402.0093
292260.5245
292107.8746
291943.9486
291768.3818
291580.196
291377.6528
291158.4064
290919.8465
290659.4849
290375.2229
290065.3416
289728.2569
289362.2078
288965.0514
288534.3082
288067.4436
287562.2227
287017.0118
286430.837
285802.9631
285132.8867
284419.6657
283661.0416
282853.9197
281994.112
281076.9535
280097.3962
279050.7306
277931.783
276734.7587
275453.9227
274083.4314
272616.6941
271046.1326
269363.2213
267555.6003
265611.4658
263518.388
261264.0967
258835.5587
256217.5991
253390.164
250330.3085
247010.7196
243392.8867
239434.0381
235078.3664
230265.3726
224930.7223
218994.1013
212378.2835
205006.0623
196805.8501
187722.7567
177712.5103
166766.8417
154918.9626
142247.4377
128969.831
115130.942
100962.0061
86770.85301
72928.91222
59829.06696
47838.01133
37239.50254
28195.68072
20742.29522
14805.56452
293399.0091
293323.528
293240.1915
293151.9526
293060.5811
292966.2744
292868.0227
292764.1718
292652.9
292532.5776
292402.0093
292260.5245
292107.8746
291943.9486
291768.3818
291580.196
291377.6528
291158.4064
290919.8465
290659.4849
290375.2229
290065.3416
289728.2569
289362.2078
288965.0514
288534.3082
288067.4436
287562.2227
287017.0118
286430.837
285802.9631
285132.8867
284419.6657
283661.0416
282853.9197
281994.112
281076.9535
280097.3962
279050.7306
277931.783
276734.7587
275453.9227
274083.4314
272616.6941
271046.1326
269363.2213
267555.6003
265611.4658
263518.388
261264.0967
258835.5587
256217.5991
253390.164
250330.3085
247010.7196
243392.8867
239434.0381
235078.3664
230265.3726
224930.7223
218994.1013
212378.2835
205006.0623
196805.8501
187722.7567
177712.5103
166766.8417
154918.9626
142247.4377
128969.831
115130.942
100962.0061
86770.85301
72928.91222
59829.06696
47838.01133
37239.50254
28195.68072
20742.29522
14805.56452
293399.0091
293323.528
293240.1915
293151.9526
293060.5811
292966.2744
292868.0227
292764.1718
292652.9
292532.5776
292402.0093
292260.5245
292107.8746
291943.9486
291768.3818
291580.196
291377.6528
291158.4064
290919.8465
290659.4849
290375.2229
290065.3416
289728.2569
289362.2078
288965.0514
288534.3082
288067.4436
287562.2227
287017.0118
286430.837
285802.9631
285132.8867
284419.6657
283661.0416
282853.9197
281994.112
281076.9535
280097.3962
279050.7306
277931.783
276734.7587
275453.9227
274083.4314
272616.6941
271046.1326
269363.2213
267555.6003
265611.4658
263518.388
261264.0967
258835.5587
256217.5991
253390.164
250330.3085
247010.7196
243392.8867
239434.0381
235078.3664
230265.3726
224930.7223
218994.1013
212378.2835
205006.0623
196805.8501
187722.7567
177712.5103
166766.8417
154918.9626
142247.4377
128969.831
115130.942
100962.0061
86770.85301
72928.91222
59829.06696
47838.01133
37239.50254
28195.68072
20742.29522
14805.56452
293399.0091
293323.528
293240.1915
293151.9526
293060.5811
292966.2744
292868.0227
292764.1718
292652.9
292532.5776
292402.0093
292260.5245
292107.8746
291943.9486
291768.3818
291580.196
291377.6528
291158.4064
290919.8465
290659.4849
290375.2229
290065.3416
289728.2569
289362.2078
288965.0514
288534.3082
288067.4436
287562.2227
287017.0118
286430.837
285802.9631
285132.8867
284419.6657
283661.0416
282853.9197
281994.112
281076.9535
280097.3962
279050.7306
277931.783
276734.7587
275453.9227
274083.4314
272616.6941
271046.1326
269363.2213
267555.6003
265611.4658
263518.388
261264.0967
258835.5587
256217.5991
253390.164
250330.3085
247010.7196
243392.8867
239434.0381
235078.3664
230265.3726
224930.7223
218994.1013
212378.2835
205006.0623
196805.8501
187722.7567
177712.5103
166766.8417
154918.9626
142247.4377
128969.831
115130.942
100962.0061
86770.85301
72928.91222
59829.06696
47838.01133
37239.50254
28195.68072
20742.29522
14805.56452
293399.0091
293323.528
293240.1915
293151.9526
293060.5811
292966.2744
292868.0227
292764.1718
292652.9
292532.5776
292402.0093
292260.5245
292107.8746
291943.9486
291768.3818
291580.196
291377.6528
291158.4064
290919.8465
290659.4849
290375.2229
290065.3416
289728.2569
289362.2078
288965.0514
288534.3082
288067.4436
287562.2227
287017.0118
286430.837
285802.9631
285132.8867
284419.6657
283661.0416
282853.9197
281994.112
281076.9535
280097.3962
279050.7306
277931.783
276734.7587
275453.9227
274083.4314
272616.6941
271046.1326
269363.2213
267555.6003
265611.4658
263518.388
261264.0967
258835.5587
256217.5991
253390.164
250330.3085
247010.7196
243392.8867
239434.0381
235078.3664
230265.3726
224930.7223
218994.1013
212378.2835
205006.0623
196805.8501
187722.7567
177712.5103
166766.8417
154918.9626
142247.4377
128969.831
115130.942
100962.0061
86770.85301
72928.91222
59829.06696
47838.01133
37239.50254
28195.68072
20742.29522
14805.56452
293399.0091
293323.528
293240.1915
293151.9526
293060.5811
292966.2744
292868.0227
292764.1718
292652.9
292532.5776
292402.0093
292260.5245
292107.8746
291943.9486
291768.3818
291580.196
291377.6528
291158.4064
290919.8465
290659.4849
290375.2229
290065.3416
289728.2569
289362.2078
288965.0514
288534.3082
288067.4436
287562.2227
287017.0118
286430.837
285802.9631
285132.8867
284419.6657
283661.0416
282853.9197
281994.112
281076.9535
280097.3962
279050.7306
277931.783
276734.7587
275453.9227
274083.4314
272616.6941
271046.1326
269363.2213
267555.6003
265611.4658
263518.388
261264.0967
258835.5587
256217.5991
253390.164
250330.3085
247010.7196
243392.8867
239434.0381
235078.3664
230265.3726
224930.7223
218994.1013
212378.2835
205006.0623
196805.8501
187722.7567
177712.5103
166766.8417
154918.9626
142247.4377
128969.831
115130.942
100962.0061
86770.85301
72928.91222
59829.06696
47838.01133
37239.50254
28195.68072
20742.29522
14805.56452
293399.0091
293323.528
293240.1915
293151.9526
293060.5811
292966.2744
292868.0227
292764.1718
292652.9
292532.5776
292402.0093
292260.5245
292107.8746
291943.9486
291768.3818
291580.196
291377.6528
291158.4064
290919.8465
290659.4849
290375.2229
290065.3416
289728.2569
289362.2078
288965.0514
288534.3082
288067.4436
287562.2227
287017.0118
286430.837
285802.9631
285132.8867
284419.6657
283661.0416
282853.9197
281994.112
281076.9535
280097.3962
279050.7306
277931.783
276734.7587
275453.9227
274083.4314
272616.6941
271046.1326
269363.2213
267555.6003
265611.4658
263518.388
261264.0967
258835.5587
256217.5991
253390.164
250330.3085
247010.7196
243392.8867
239434.0381
235078.3664
230265.3726
224930.7223
218994.1013
212378.2835
205006.0623
196805.8501
187722.7567
177712.5103
166766.8417
154918.9626
142247.4377
128969.831
115130.942
100962.0061
86770.85301
72928.91222
59829.06696
47838.01133
37239.50254
28195.68072
20742.29522
14805.56452
293399.0091
293323.528
293240.1915
293151.9526
293060.5811
292966.2744
292868.0227
292764.1718
292652.9
292532.5776
292402.0093
292260.5245
292107.8746
291943.9486
291768.3818
291580.196
291377.6528
291158.4064
290919.8465
290659.4849
290375.2229
290065.3416
289728.2569
289362.2078
288965.0514
288534.3082
288067.4436
287562.2227
287017.0118
286430.837
285802.9631
285132.8867
284419.6657
283661.0416
282853.9197
281994.112
281076.9535
280097.3962
279050.7306
277931.783
276734.7587
275453.9227
274083.4314
272616.6941
271046.1326
269363.2213
267555.6003
265611.4658
263518.388
261264.0967
258835.5587
256217.5991
253390.164
250330.3085
247010.7196
243392.8867
239434.0381
235078.3664
230265.3726
224930.7223
218994.1013
212378.2835
205006.0623
196805.8501
187722.7567
177712.5103
166766.8417
154918.9626
142247.4377
128969.831
115130.942
100962.0061
86770.85301
72928.91222
59829.06696
47838.01133
37239.50254
28195.68072
20742.29522
14805.56452
293399.0091
293323.528
293240.1915
293151.9526
293060.5811
292966.2744
292868.0227
292764.1718
292652.9
292532.5776
292402.0093
292260.5245
292107.8746
291943.9486
291768.3818
291580.196
291377.6528
291158.4064
290919.8465
290659.4849
290375.2229
290065.3416
289728.2569
289362.2078
288965.0514
288534.3082
288067.4436
287562.2227
287017.0118
286430.837
285802.9631
285132.8867
284419.6657
283661.0416
282853.9197
281994.112
281076.9535
280097.3962
279050.7306
277931.783
276734.7587
275453.9227
274083.4314
272616.6941
271046.1326
269363.2213
267555.6003
265611.4658
263518.388
261264.0967
258835.5587
256217.5991
253390.164
250330.3085
247010.7196
243392.8867
239434.0381
235078.3664
230265.3726
224930.7223
218994.1013
212378.2835
205006.0623
196805.8501
187722.7567
177712.5103
166766.8417
154918.9626
142247.4377
128969.831
115130.942
100962.0061
86770.85301
72928.91222
59829.06696
47838.01133
37239.50254
28195.68072
20742.29522
14805.56452
293399.0091
293323.528
293240.1915
293151.9526
293060.5811
292966.2744
292868.0227
292764.1718
292652.9
292532.5776
292402.0093
292260.5245
292107.8746
291943.9486
291768.3818
291580.196
291377.6528
291158.4064
290919.8465
290659.4849
290375.2229
290065.3416
289728.2569
289362.2078
288965.0514
288534.3082
288067.4436
287562.2227
287017.0118
286430.837
285802.9631
285132.8867
284419.6657
283661.0416
282853.9197
281994.112
281076.9535
280097.3962
279050.7306
277931.783
276734.7587
275453.9227
274083.4314
272616.6941
271046.1326
269363.2213
267555.6003
265611.4658
263518.388
261264.0967
258835.5587
256217.5991
253390.164
250330.3085
247010.7196
243392.8867
239434.0381
235078.3664
230265.3726
224930.7223
218994.1013
212378.2835
205006.0623
196805.8501
187722.7567
177712.5103
166766.8417
154918.9626
142247.4377
128969.831
115130.942
100962.0061
86770.85301
72928.91222
59829.06696
47838.01133
37239.50254
28195.68072
20742.29522
14805.56452
293399.0091
293323.528
293240.1915
293151.9526
293060.5811
292966.2744
292868.0227
292764.1718
292652.9
292532.5776
292402.0093
292260.5245
292107.8746
291943.9486
291768.3818
291580.196
291377.6528
291158.4064
290919.8465
290659.4849
290375.2229
290065.3416
289728.2569
289362.2078
288965.0514
288534.3082
288067.4436
287562.2227
287017.0118
286430.837
285802.9631
285132.8867
284419.6657
283661.0416
282853.9197
281994.112
281076.9535
280097.3962
279050.7306
277931.783
276734.7587
275453.9227
274083.4314
272616.6941
271046.1326
269363.2213
267555.6003
265611.4658
263518.388
261264.0967
258835.5587
256217.5991
253390.164
250330.3085
247010.7196
243392.8867
239434.0381
235078.3664
230265.3726
224930.7223
218994.1013
212378.2835
205006.0623
196805.8501
187722.7567
177712.5103
166766.8417
154918.9626
142247.4377
128969.831
115130.942
100962.0061
86770.85301
72928.91222
59829.06696
47838.01133
37239.50254
28195.68072
20742.29522
14805.56452
293399.0091
293323.528
293240.1915
293151.9526
293060.5811
292966.2744
292868.0227
292764.1718
292652.9
292532.5776
292402.0093
292260.5245
292107.8746
291943.9486
291768.3818
291580.196
291377.6528
291158.4064
290919.8465
290659.4849
290375.2229
290065.3416
289728.2569
289362.2078
288965.0514
288534.3082
288067.4436
287562.2227
287017.0118
286430.837
285802.9631
285132.8867
284419.6657
283661.0416
282853.9197
281994.112
281076.9535
280097.3962
279050.7306
277931.783
276734.7587
275453.9227
274083.4314
272616.6941
271046.1326
269363.2213
267555.6003
265611.4658
263518.388
261264.0967
258835.5587
256217.5991
253390.164
250330.3085
247010.7196
243392.8867
239434.0381
235078.3664
230265.3726
224930.7223
218994.1013
212378.2835
205006.0623
196805.8501
187722.7567
177712.5103
166766.8417
154918.9626
142247.4377
128969.831
115130.942
100962.0061
86770.85301
72928.91222
59829.06696
47838.01133
37239.50254
28195.68072
20742.29522
14805.56452
293399.0091
293323.528
293240.1915
293151.9526
293060.5811
292966.2744
292868.0227
292764.1718
292652.9
292532.5776
292402.0093
292260.5245
292107.8746
291943.9486
291768.3818
291580.196
291377.6528
291158.4064
290919.8465
290659.4849
290375.2229
290065.3416
289728.2569
289362.2078
288965.0514
288534.3082
288067.4436
287562.2227
287017.0118
286430.837
285802.9631
285132.8867
284419.6657
283661.0416
282853.9197
281994.112
281076.9535
280097.3962
279050.7306
277931.783
276734.7587
275453.9227
274083.4314
272616.6941
271046.1326
269363.2213
267555.6003
265611.4658
263518.388
261264.0967
258835.5587
256217.5991
253390.164
250330.3085
247010.7196
243392.8867
239434.0381
235078.3664
230265.3726
224930.7223
218994.1013
212378.2835
205006.0623
196805.8501
187722.7567
177712.5103
166766.8417
154918.9626
142247.4377
128969.831
115130.942
100962.0061
86770.85301
72928.91222
59829.06696
47838.01133
37239.50254
28195.68072
20742.29522
14805.56452
293399.0091
293323.528
293240.1915
293151.9526
293060.5811
292966.2744
292868.0227
292764.1718
292652.9
292532.5776
292402.0093
292260.5245
292107.8746
291943.9486
291768.3818
291580.196
291377.6528
291158.4064
290919.8465
290659.4849
290375.2229
290065.3416
289728.2569
289362.2078
288965.0514
288534.3082
288067.4436
287562.2227
287017.0118
286430.837
285802.9631
285132.8867
284419.6657
283661.0416
282853.9197
281994.112
281076.9535
280097.3962
279050.7306
277931.783
276734.7587
275453.9227
274083.4314
272616.6941
271046.1326
269363.2213
267555.6003
265611.4658
263518.388
261264.0967
258835.5587
256217.5991
253390.164
250330.3085
247010.7196
243392.8867
239434.0381
235078.3664
230265.3726
224930.7223
218994.1013
212378.2835
205006.0623
196805.8501
187722.7567
177712.5103
166766.8417
154918.9626
142247.4377
128969.831
115130.942
100962.0061
86770.85301
72928.91222
59829.06696
47838.01133
37239.50254
28195.68072
20742.29522
14805.56452
293399.0091
293323.528
293240.1915
293151.9526
293060.5811
292966.2744
292868.0227
292764.1718
292652.9
292532.5776
292402.0093
292260.5245
292107.8746
291943.9486
291768.3818
291580.196
291377.6528
291158.4064
290919.8465
290659.4849
290375.2229
290065.3416
289728.2569
289362.2078
288965.0514
288534.3082
288067.4436
287562.2227
287017.0118
286430.837
285802.9631
285132.8867
284419.6657
283661.0416
282853.9197
281994.112
281076.9535
280097.3962
279050.7306
277931.783
276734.7587
275453.9227
274083.4314
272616.6941
271046.1326
269363.2213
267555.6003
265611.4658
263518.388
261264.0967
258835.5587
256217.5991
253390.164
250330.3085
247010.7196
243392.8867
239434.0381
235078.3664
230265.3726
224930.7223
218994.1013
212378.2835
205006.0623
196805.8501
187722.7567
177712.5103
166766.8417
154918.9626
142247.4377
128969.831
115130.942
100962.0061
86770.85301
72928.91222
59829.06696
47838.01133
37239.50254
28195.68072
20742.29522
14805.56452
293399.0091
293323.528
293240.1915
293151.9526
293060.5811
292966.2744
292868.0227
292764.1718
292652.9
292532.5776
292402.0093
292260.5245
292107.8746
291943.9486
291768.3818
291580.196
291377.6528
291158.4064
290919.8465
290659.4849
290375.2229
290065.3416
289728.2569
289362.2078
288965.0514
288534.3082
288067.4436
287562.2227
287017.0118
286430.837
285802.9631
285132.8867
284419.6657
283661.0416
282853.9197
281994.112
281076.9535
280097.3962
279050.7306
277931.783
276734.7587
275453.9227
274083.4314
272616.6941
271046.1326
269363.2213
267555.6003
265611.4658
263518.388
261264.0967
258835.5587
256217.5991
253390.164
250330.3085
247010.7196
243392.8867
239434.0381
235078.3664
230265.3726
224930.7223
218994.1013
212378.2835
205006.0623
196805.8501
187722.7567
177712.5103
166766.8417
154918.9626
142247.4377
128969.831
115130.942
100962.0061
86770.85301
72928.91222
59829.06696
47838.01133
37239.50254
28195.68072
20742.29522
14805.56452
293399.0091
293323.528
293240.1915
293151.9526
293060.5811
292966.2744
292868.0227
292764.1718
292652.9
292532.5776
292402.0093
292260.5245
292107.8746
291943.9486
291768.3818
291580.196
291377.6528
291158.4064
290919.8465
290659.4849
290375.2229
290065.3416
289728.2569
289362.2078
288965.0514
288534.3082
288067.4436
287562.2227
287017.0118
286430.837
285802.9631
285132.8867
284419.6657
283661.0416
282853.9197
281994.112
281076.9535
280097.3962
279050.7306
277931.783
276734.7587
275453.9227
274083.4314
272616.6941
271046.1326
269363.2213
267555.6003
265611.4658
263518.388
261264.0967
258835.5587
256217.5991
253390.164
250330.3085
247010.7196
243392.8867
239434.0381
235078.3664
230265.3726
224930.7223
218994.1013
212378.2835
205006.0623
196805.8501
187722.7567
177712.5103
166766.8417
154918.9626
142247.4377
128969.831
115130.942
100962.0061
86770.85301
72928.91222
59829.06696
47838.01133
37239.50254
28195.68072
20742.29522
14805.56452
293399.0091
293323.528
293240.1915
293151.9526
293060.5811
292966.2744
292868.0227
292764.1718
292652.9
292532.5776
292402.0093
292260.5245
292107.8746
291943.9486
291768.3818
291580.196
291377.6528
291158.4064
290919.8465
290659.4849
290375.2229
290065.3416
289728.2569
289362.2078
288965.0514
288534.3082
288067.4436
287562.2227
287017.0118
286430.837
285802.9631
285132.8867
284419.6657
283661.0416
282853.9197
281994.112
281076.9535
280097.3962
279050.7306
277931.783
276734.7587
275453.9227
274083.4314
272616.6941
271046.1326
269363.2213
267555.6003
265611.4658
263518.388
261264.0967
258835.5587
256217.5991
253390.164
250330.3085
247010.7196
243392.8867
239434.0381
235078.3664
230265.3726
224930.7223
218994.1013
212378.2835
205006.0623
196805.8501
187722.7567
177712.5103
166766.8417
154918.9626
142247.4377
128969.831
115130.942
100962.0061
86770.85301
72928.91222
59829.06696
47838.01133
37239.50254
28195.68072
20742.29522
14805.56452
293399.0091
293323.528
293240.1915
293151.9526
293060.5811
292966.2744
292868.0227
292764.1718
292652.9
292532.5776
292402.0093
292260.5245
292107.8746
291943.9486
291768.3818
291580.196
291377.6528
291158.4064
290919.8465
290659.4849
290375.2229
290065.3416
289728.2569
289362.2078
288965.0514
288534.3082
288067.4436
287562.2227
287017.0118
286430.837
285802.9631
285132.8867
284419.6657
283661.0416
282853.9197
281994.112
281076.9535
280097.3962
279050.7306
277931.783
276734.7587
275453.9227
274083.4314
272616.6941
271046.1326
269363.2213
267555.6003
265611.4658
263518.388
261264.0967
258835.5587
256217.5991
253390.164
250330.3085
247010.7196
243392.8867
239434.0381
235078.3664
230265.3726
224930.7223
218994.1013
212378.2835
205006.0623
196805.8501
187722.7567
177712.5103
166766.8417
154918.9626
142247.4377
128969.831
115130.942
100962.0061
86770.85301
72928.91222
59829.06696
47838.01133
37239.50254
28195.68072
20742.29522
14805.56452
293399.0091
293323.528
293240.1915
293151.9526
293060.5811
292966.2744
292868.0227
292764.1718
292652.9
292532.5776
292402.0093
292260.5245
292107.8746
291943.9486
291768.3818
291580.196
291377.6528
291158.4064
290919.8465
290659.4849
290375.2229
290065.3416
289728.2569
289362.2078
288965.0514
288534.3082
288067.4436
287562.2227
287017.0118
286430.837
285802.9631
285132.8867
284419.6657
283661.0416
282853.9197
281994.112
281076.9535
280097.3962
279050.7306
277931.783
276734.7587
275453.9227
274083.4314
272616.6941
271046.1326
269363.2213
267555.6003
265611.4658
263518.388
261264.0967
258835.5587
256217.5991
253390.164
250330.3085
247010.7196
243392.8867
239434.0381
235078.3664
230265.3726
224930.7223
218994.1013
212378.2835
205006.0623
196805.8501
187722.7567
177712.5103
166766.8417
154918.9626
142247.4377
128969.831
115130.942
100962.0061
86770.85301
72928.91222
59829.06696
47838.01133
37239.50254
28195.68072
20742.29522
14805.56452
293399.0091
293323.528
293240.1915
293151.9526
293060.5811
292966.2744
292868.0227
292764.1718
292652.9
292532.5776
292402.0093
292260.5245
292107.8746
291943.9486
291768.3818
291580.196
291377.6528
291158.4064
290919.8465
290659.4849
290375.2229
290065.3416
289728.2569
289362.2078
288965.0514
288534.3082
288067.4436
287562.2227
287017.0118
286430.837
285802.9631
285132.8867
284419.6657
283661.0416
282853.9197
281994.112
281076.9535
280097.3962
279050.7306
277931.783
276734.7587
275453.9227
274083.4314
272616.6941
271046.1326
269363.2213
267555.6003
265611.4658
263518.388
261264.0967
258835.5587
256217.5991
253390.164
250330.3085
247010.7196
243392.8867
239434.0381
235078.3664
230265.3726
224930.7223
218994.1013
212378.2835
205006.0623
196805.8501
187722.7567
177712.5103
166766.8417
154918.9626
142247.4377
128969.831
115130.942
100962.0061
86770.85301
72928.91222
59829.06696
47838.01133
37239.50254
28195.68072
20742.29522
14805.56452
293399.0091
293323.528
293240.1915
293151.9526
293060.5811
292966.2744
292868.0227
292764.1718
292652.9
292532.5776
292402.0093
292260.5245
292107.8746
291943.9486
291768.3818
291580.196
291377.6528
291158.4064
290919.8465
290659.4849
290375.2229
290065.3416
289728.2569
289362.2078
288965.0514
288534.3082
288067.4436
287562.2227
287017.0118
286430.837
285802.9631
285132.8867
284419.6657
283661.0416
282853.9197
281994.112
281076.9535
280097.3962
279050.7306
277931.783
276734.7587
275453.9227
274083.4314
272616.6941
271046.1326
269363.2213
267555.6003
265611.4658
263518.388
261264.0967
258835.5587
256217.5991
253390.164
250330.3085
247010.7196
243392.8867
239434.0381
235078.3664
230265.3726
224930.7223
218994.1013
212378.2835
205006.0623
196805.8501
187722.7567
177712.5103
166766.8417
154918.9626
142247.4377
128969.831
115130.942
100962.0061
86770.85301
72928.91222
59829.06696
47838.01133
37239.50254
28195.68072
20742.29522
14805.56452
293399.0091
293323.528
293240.1915
293151.9526
293060.5811
292966.2744
292868.0227
292764.1718
292652.9
292532.5776
292402.0093
292260.5245
292107.8746
291943.9486
291768.3818
291580.196
291377.6528
291158.4064
290919.8465
290659.4849
290375.2229
290065.3416
289728.2569
289362.2078
288965.0514
288534.3082
288067.4436
287562.2227
287017.0118
286430.837
285802.9631
285132.8867
284419.6657
283661.0416
282853.9197
281994.112
281076.9535
280097.3962
279050.7306
277931.783
276734.7587
275453.9227
274083.4314
272616.6941
271046.1326
269363.2213
267555.6003
265611.4658
263518.388
261264.0967
258835.5587
256217.5991
253390.164
250330.3085
247010.7196
243392.8867
239434.0381
235078.3664
230265.3726
224930.7223
218994.1013
212378.2835
205006.0623
196805.8501
187722.7567
177712.5103
166766.8417
154918.9626
142247.4377
128969.831
115130.942
100962.0061
86770.85301
72928.91222
59829.06696
47838.01133
37239.50254
28195.68072
20742.29522
14805.56452
293399.0091
293323.528
293240.1915
293151.9526
293060.5811
292966.2744
292868.0227
292764.1718
292652.9
292532.5776
292402.0093
292260.5245
292107.8746
291943.9486
291768.3818
291580.196
291377.6528
291158.4064
290919.8465
290659.4849
290375.2229
290065.3416
289728.2569
289362.2078
288965.0514
288534.3082
288067.4436
287562.2227
287017.0118
286430.837
285802.9631
285132.8867
284419.6657
283661.0416
282853.9197
281994.112
281076.9535
280097.3962
279050.7306
277931.783
276734.7587
275453.9227
274083.4314
272616.6941
271046.1326
269363.2213
267555.6003
265611.4658
263518.388
261264.0967
258835.5587
256217.5991
253390.164
250330.3085
247010.7196
243392.8867
239434.0381
235078.3664
230265.3726
224930.7223
218994.1013
212378.2835
205006.0623
196805.8501
187722.7567
177712.5103
166766.8417
154918.9626
142247.4377
128969.831
115130.942
100962.0061
86770.85301
72928.91222
59829.06696
47838.01133
37239.50254
28195.68072
20742.29522
14805.56452
293399.0091
293323.528
293240.1915
293151.9526
293060.5811
292966.2744
292868.0227
292764.1718
292652.9
292532.5776
292402.0093
292260.5245
292107.8746
291943.9486
291768.3818
291580.196
291377.6528
291158.4064
290919.8465
290659.4849
290375.2229
290065.3416
289728.2569
289362.2078
288965.0514
288534.3082
288067.4436
287562.2227
287017.0118
286430.837
285802.9631
285132.8867
284419.6657
283661.0416
282853.9197
281994.112
281076.9535
280097.3962
279050.7306
277931.783
276734.7587
275453.9227
274083.4314
272616.6941
271046.1326
269363.2213
267555.6003
265611.4658
263518.388
261264.0967
258835.5587
256217.5991
253390.164
250330.3085
247010.7196
243392.8867
239434.0381
235078.3664
230265.3726
224930.7223
218994.1013
212378.2835
205006.0623
196805.8501
187722.7567
177712.5103
166766.8417
154918.9626
142247.4377
128969.831
115130.942
100962.0061
86770.85301
72928.91222
59829.06696
47838.01133
37239.50254
28195.68072
20742.29522
14805.56452
293399.0091
293323.528
293240.1915
293151.9526
293060.5811
292966.2744
292868.0227
292764.1718
292652.9
292532.5776
292402.0093
292260.5245
292107.8746
291943.9486
291768.3818
291580.196
291377.6528
291158.4064
290919.8465
290659.4849
290375.2229
290065.3416
289728.2569
289362.2078
288965.0514
288534.3082
288067.4436
287562.2227
287017.0118
286430.837
285802.9631
285132.8867
284419.6657
283661.0416
282853.9197
281994.112
281076.9535
280097.3962
279050.7306
277931.783
276734.7587
275453.9227
274083.4314
272616.6941
271046.1326
269363.2213
267555.6003
265611.4658
263518.388
261264.0967
258835.5587
256217.5991
253390.164
250330.3085
247010.7196
243392.8867
239434.0381
235078.3664
230265.3726
224930.7223
218994.1013
212378.2835
205006.0623
196805.8501
187722.7567
177712.5103
166766.8417
154918.9626
142247.4377
128969.831
115130.942
100962.0061
86770.85301
72928.91222
59829.06696
47838.01133
37239.50254
28195.68072
20742.29522
14805.56452
293399.0091
293323.528
293240.1915
293151.9526
293060.5811
292966.2744
292868.0227
292764.1718
292652.9
292532.5776
292402.0093
292260.5245
292107.8746
291943.9486
291768.3818
291580.196
291377.6528
291158.4064
290919.8465
290659.4849
290375.2229
290065.3416
289728.2569
289362.2078
288965.0514
288534.3082
288067.4436
287562.2227
287017.0118
286430.837
285802.9631
285132.8867
284419.6657
283661.0416
282853.9197
281994.112
281076.9535
280097.3962
279050.7306
277931.783
276734.7587
275453.9227
274083.4314
272616.6941
271046.1326
269363.2213
267555.6003
265611.4658
263518.388
261264.0967
258835.5587
256217.5991
253390.164
250330.3085
247010.7196
243392.8867
239434.0381
235078.3664
230265.3726
224930.7223
218994.1013
212378.2835
205006.0623
196805.8501
187722.7567
177712.5103
166766.8417
154918.9626
142247.4377
128969.831
115130.942
100962.0061
86770.85301
72928.91222
59829.06696
47838.01133
37239.50254
28195.68072
20742.29522
14805.56452
293399.0091
293323.528
293240.1915
293151.9526
293060.5811
292966.2744
292868.0227
292764.1718
292652.9
292532.5776
292402.0093
292260.5245
292107.8746
291943.9486
291768.3818
291580.196
291377.6528
291158.4064
290919.8465
290659.4849
290375.2229
290065.3416
289728.2569
289362.2078
288965.0514
288534.3082
288067.4436
287562.2227
287017.0118
286430.837
285802.9631
285132.8867
284419.6657
283661.0416
282853.9197
281994.112
281076.9535
280097.3962
279050.7306
277931.783
276734.7587
275453.9227
274083.4314
272616.6941
271046.1326
269363.2213
267555.6003
265611.4658
263518.388
261264.0967
258835.5587
256217.5991
253390.164
250330.3085
247010.7196
243392.8867
239434.0381
235078.3664
230265.3726
224930.7223
218994.1013
212378.2835
205006.0623
196805.8501
187722.7567
177712.5103
166766.8417
154918.9626
142247.4377
128969.831
115130.942
100962.0061
86770.85301
72928.91222
59829.06696
47838.01133
37239.50254
28195.68072
20742.29522
14805.56452
293399.0091
293323.528
293240.1915
293151.9526
293060.5811
292966.2744
292868.0227
292764.1718
292652.9
292532.5776
292402.0093
292260.5245
292107.8746
291943.9486
291768.3818
291580.196
291377.6528
291158.4064
290919.8465
290659.4849
290375.2229
290065.3416
289728.2569
289362.2078
288965.0514
288534.3082
288067.4436
287562.2227
287017.0118
286430.837
285802.9631
285132.8867
284419.6657
283661.0416
282853.9197
281994.112
281076.9535
280097.3962
279050.7306
277931.783
276734.7587
275453.9227
274083.4314
272616.6941
271046.1326
269363.2213
267555.6003
265611.4658
263518.388
261264.0967
258835.5587
256217.5991
253390.164
250330.3085
247010.7196
243392.8867
239434.0381
235078.3664
230265.3726
224930.7223
218994.1013
212378.2835
205006.0623
196805.8501
187722.7567
177712.5103
166766.8417
154918.9626
142247.4377
128969.831
115130.942
100962.0061
86770.85301
72928.91222
59829.06696
47838.01133
37239.50254
28195.68072
20742.29522
14805.56452
293399.0091
293323.528
293240.1915
293151.9526
293060.5811
292966.2744
292868.0227
292764.1718
292652.9
292532.5776
292402.0093
292260.5245
292107.8746
291943.9486
291768.3818
291580.196
291377.6528
291158.4064
290919.8465
290659.4849
290375.2229
290065.3416
289728.2569
289362.2078
288965.0514
288534.3082
288067.4436
287562.2227
287017.0118
286430.837
285802.9631
285132.8867
284419.6657
283661.0416
282853.9197
281994.112
281076.9535
280097.3962
279050.7306
277931.783
276734.7587
275453.9227
274083.4314
272616.6941
271046.1326
269363.2213
267555.6003
265611.4658
263518.388
261264.0967
258835.5587
256217.5991
253390.164
250330.3085
247010.7196
243392.8867
239434.0381
235078.3664
230265.3726
224930.7223
218994.1013
212378.2835
205006.0623
196805.8501
187722.7567
177712.5103
166766.8417
154918.9626
142247.4377
128969.831
115130.942
100962.0061
86770.85301
72928.91222
59829.06696
47838.01133
37239.50254
28195.68072
20742.29522
14805.56452
293399.0091
293323.528
293240.1915
293151.9526
293060.5811
292966.2744
292868.0227
292764.1718
292652.9
292532.5776
292402.0093
292260.5245
292107.8746
291943.9486
291768.3818
291580.196
291377.6528
291158.4064
290919.8465
290659.4849
290375.2229
290065.3416
289728.2569
289362.2078
288965.0514
288534.3082
288067.4436
287562.2227
287017.0118
286430.837
285802.9631
285132.8867
284419.6657
283661.0416
282853.9197
281994.112
281076.9535
280097.3962
279050.7306
277931.783
276734.7587
275453.9227
274083.4314
272616.6941
271046.1326
269363.2213
267555.6003
265611.4658
263518.388
261264.0967
258835.5587
256217.5991
253390.164
250330.3085
247010.7196
243392.8867
239434.0381
235078.3664
230265.3726
224930.7223
218994.1013
212378.2835
205006.0623
196805.8501
187722.7567
177712.5103
166766.8417
154918.9626
142247.4377
128969.831
115130.942
100962.0061
86770.85301
72928.91222
59829.06696
47838.01133
37239.50254
28195.68072
20742.29522
14805.56452
293399.0091
293323.528
293240.1915
293151.9526
293060.5811
292966.2744
292868.0227
292764.1718
292652.9
292532.5776
292402.0093
292260.5245
292107.8746
291943.9486
291768.3818
291580.196
291377.6528
291158.4064
290919.8465
290659.4849
290375.2229
290065.3416
289728.2569
289362.2078
288965.0514
288534.3082
288067.4436
287562.2227
287017.0118
286430.837
285802.9631
285132.8867
284419.6657
283661.0416
282853.9197
281994.112
281076.9535
280097.3962
279050.7306
277931.783
276734.7587
275453.9227
274083.4314
272616.6941
271046.1326
269363.2213
267555.6003
265611.4658
263518.388
261264.0967
258835.5587
256217.5991
253390.164
250330.3085
247010.7196
243392.8867
239434.0381
235078.3664
230265.3726
224930.7223
218994.1013
212378.2835
205006.0623
196805.8501
187722.7567
177712.5103
166766.8417
154918.9626
142247.4377
128969.831
115130.942
100962.0061
86770.85301
72928.91222
59829.06696
47838.01133
37239.50254
28195.68072
20742.29522
14805.56452
293399.0091
293323.528
293240.1915
293151.9526
293060.5811
292966.2744
292868.0227
292764.1718
292652.9
292532.5776
292402.0093
292260.5245
292107.8746
291943.9486
291768.3818
291580.196
291377.6528
291158.4064
290919.8465
290659.4849
290375.2229
290065.3416
289728.2569
289362.2078
288965.0514
288534.3082
288067.4436
287562.2227
287017.0118
286430.837
285802.9631
285132.8867
284419.6657
283661.0416
282853.9197
281994.112
281076.9535
280097.3962
279050.7306
277931.783
276734.7587
275453.9227
274083.4314
272616.6941
271046.1326
269363.2213
267555.6003
265611.4658
263518.388
261264.0967
258835.5587
256217.5991
253390.164
250330.3085
247010.7196
243392.8867
239434.0381
235078.3664
230265.3726
224930.7223
218994.1013
212378.2835
205006.0623
196805.8501
187722.7567
177712.5103
166766.8417
154918.9626
142247.4377
128969.831
115130.942
100962.0061
86770.85301
72928.91222
59829.06696
47838.01133
37239.50254
28195.68072
20742.29522
14805.56452
293399.0091
293323.528
293240.1915
293151.9526
293060.5811
292966.2744
292868.0227
292764.1718
292652.9
292532.5776
292402.0093
292260.5245
292107.8746
291943.9486
291768.3818
291580.196
291377.6528
291158.4064
290919.8465
290659.4849
290375.2229
290065.3416
289728.2569
289362.2078
288965.0514
288534.3082
288067.4436
287562.2227
287017.0118
286430.837
285802.9631
285132.8867
284419.6657
283661.0416
282853.9197
281994.112
281076.9535
280097.3962
279050.7306
277931.783
276734.7587
275453.9227
274083.4314
272616.6941
271046.1326
269363.2213
267555.6003
265611.4658
263518.388
261264.0967
258835.5587
256217.5991
253390.164
250330.3085
247010.7196
243392.8867
239434.0381
235078.3664
230265.3726
224930.7223
218994.1013
212378.2835
205006.0623
196805.8501
187722.7567
177712.5103
166766.8417
154918.9626
142247.4377
128969.831
115130.942
100962.0061
86770.85301
72928.91222
59829.06696
47838.01133
37239.50254
28195.68072
20742.29522
14805.56452
293399.0091
293323.528
293240.1915
293151.9526
293060.5811
292966.2744
292868.0227
292764.1718
292652.9
292532.5776
292402.0093
292260.5245
292107.8746
291943.9486
291768.3818
291580.196
291377.6528
291158.4064
290919.8465
290659.4849
290375.2229
290065.3416
289728.2569
289362.2078
288965.0514
288534.3082
288067.4436
287562.2227
287017.0118
286430.837
285802.9631
285132.8867
284419.6657
283661.0416
282853.9197
281994.112
281076.9535
280097.3962
279050.7306
277931.783
276734.7587
275453.9227
274083.4314
272616.6941
271046.1326
269363.2213
267555.6003
265611.4658
263518.388
261264.0967
258835.5587
256217.5991
253390.164
250330.3085
247010.7196
243392.8867
239434.0381
235078.3664
230265.3726
224930.7223
218994.1013
212378.2835
205006.0623
196805.8501
187722.7567
177712.5103
166766.8417
154918.9626
142247.4377
128969.831
115130.942
100962.0061
86770.85301
72928.91222
59829.06696
47838.01133
37239.50254
28195.68072
20742.29522
14805.56452
293399.0091
293323.528
293240.1915
293151.9526
293060.5811
292966.2744
292868.0227
292764.1718
292652.9
292532.5776
292402.0093
292260.5245
292107.8746
291943.9486
291768.3818
291580.196
291377.6528
291158.4064
290919.8465
290659.4849
290375.2229
290065.3416
289728.2569
289362.2078
288965.0514
288534.3082
288067.4436
287562.2227
287017.0118
286430.837
285802.9631
285132.8867
284419.6657
283661.0416
282853.9197
281994.112
281076.9535
280097.3962
279050.7306
277931.783
276734.7587
275453.9227
274083.4314
272616.6941
271046.1326
269363.2213
267555.6003
265611.4658
263518.388
261264.0967
258835.5587
256217.5991
253390.164
250330.3085
247010.7196
243392.8867
239434.0381
235078.3664
230265.3726
224930.7223
218994.1013
212378.2835
205006.0623
196805.8501
187722.7567
177712.5103
166766.8417
154918.9626
142247.4377
128969.831
115130.942
100962.0061
86770.85301
72928.91222
59829.06696
47838.01133
37239.50254
28195.68072
20742.29522
14805.56452
293399.0091
293323.528
293240.1915
293151.9526
293060.5811
292966.2744
292868.0227
292764.1718
292652.9
292532.5776
292402.0093
292260.5245
292107.8746
291943.9486
291768.3818
291580.196
291377.6528
291158.4064
290919.8465
290659.4849
290375.2229
290065.3416
289728.2569
289362.2078
288965.0514
288534.3082
288067.4436
287562.2227
287017.0118
286430.837
285802.9631
285132.8867
284419.6657
283661.0416
282853.9197
281994.112
281076.9535
280097.3962
279050.7306
277931.783
276734.7587
275453.9227
274083.4314
272616.6941
271046.1326
269363.2213
267555.6003
265611.4658
263518.388
261264.0967
258835.5587
256217.5991
253390.164
250330.3085
247010.7196
243392.8867
239434.0381
235078.3664
230265.3726
224930.7223
218994.1013
212378.2835
205006.0623
196805.8501
187722.7567
177712.5103
166766.8417
154918.9626
142247.4377
128969.831
115130.942
100962.0061
86770.85301
72928.91222
59829.06696
47838.01133
37239.50254
28195.68072
20742.29522
14805.56452
293399.0091
293323.528
293240.1915
293151.9526
293060.5811
292966.2744
292868.0227
292764.1718
292652.9
292532.5776
292402.0093
292260.5245
292107.8746
291943.9486
291768.3818
291580.196
291377.6528
291158.4064
290919.8465
290659.4849
290375.2229
290065.3416
289728.2569
289362.2078
288965.0514
288534.3082
288067.4436
287562.2227
287017.0118
286430.837
285802.9631
285132.8867
284419.6657
283661.0416
282853.9197
281994.112
281076.9535
280097.3962
279050.7306
277931.783
276734.7587
275453.9227
274083.4314
272616.6941
271046.1326
269363.2213
267555.6003
265611.4658
263518.388
261264.0967
258835.5587
256217.5991
253390.164
250330.3085
247010.7196
243392.8867
239434.0381
235078.3664
230265.3726
224930.7223
218994.1013
212378.2835
205006.0623
196805.8501
187722.7567
177712.5103
166766.8417
154918.9626
142247.4377
128969.831
115130.942
100962.0061
86770.85301
72928.91222
59829.06696
47838.01133
37239.50254
28195.68072
20742.29522
14805.56452
293399.0091
293323.528
293240.1915
293151.9526
293060.5811
292966.2744
292868.0227
292764.1718
292652.9
292532.5776
292402.0093
292260.5245
292107.8746
291943.9486
291768.3818
291580.196
291377.6528
291158.4064
290919.8465
290659.4849
290375.2229
290065.3416
289728.2569
289362.2078
288965.0514
288534.3082
288067.4436
287562.2227
287017.0118
286430.837
285802.9631
285132.8867
284419.6657
283661.0416
282853.9197
281994.112
281076.9535
280097.3962
279050.7306
277931.783
276734.7587
275453.9227
274083.4314
272616.6941
271046.1326
269363.2213
267555.6003
265611.4658
263518.388
261264.0967
258835.5587
256217.5991
253390.164
250330.3085
247010.7196
243392.8867
239434.0381
235078.3664
230265.3726
224930.7223
218994.1013
212378.2835
205006.0623
196805.8501
187722.7567
177712.5103
166766.8417
154918.9626
142247.4377
128969.831
115130.942
100962.0061
86770.85301
72928.91222
59829.06696
47838.01133
37239.50254
28195.68072
20742.29522
14805.56452
293399.0091
293323.528
293240.1915
293151.9526
293060.5811
292966.2744
292868.0227
292764.1718
292652.9
292532.5776
292402.0093
292260.5245
292107.8746
291943.9486
291768.3818
291580.196
291377.6528
291158.4064
290919.8465
290659.4849
290375.2229
290065.3416
289728.2569
289362.2078
288965.0514
288534.3082
288067.4436
287562.2227
287017.0118
286430.837
285802.9631
285132.8867
284419.6657
283661.0416
282853.9197
281994.112
281076.9535
280097.3962
279050.7306
277931.783
276734.7587
275453.9227
274083.4314
272616.6941
271046.1326
269363.2213
267555.6003
265611.4658
263518.388
261264.0967
258835.5587
256217.5991
253390.164
250330.3085
247010.7196
243392.8867
239434.0381
235078.3664
230265.3726
224930.7223
218994.1013
212378.2835
205006.0623
196805.8501
187722.7567
177712.5103
166766.8417
154918.9626
142247.4377
128969.831
115130.942
100962.0061
86770.85301
72928.91222
59829.06696
47838.01133
37239.50254
28195.68072
20742.29522
14805.56452
293399.0091
293323.528
293240.1915
293151.9526
293060.5811
292966.2744
292868.0227
292764.1718
292652.9
292532.5776
292402.0093
292260.5245
292107.8746
291943.9486
291768.3818
291580.196
291377.6528
291158.4064
290919.8465
290659.4849
290375.2229
290065.3416
289728.2569
289362.2078
288965.0514
288534.3082
288067.4436
287562.2227
287017.0118
286430.837
285802.9631
285132.8867
284419.6657
283661.0416
282853.9197
281994.112
281076.9535
280097.3962
279050.7306
277931.783
276734.7587
275453.9227
274083.4314
272616.6941
271046.1326
269363.2213
267555.6003
265611.4658
263518.388
261264.0967
258835.5587
256217.5991
253390.164
250330.3085
247010.7196
243392.8867
239434.0381
235078.3664
230265.3726
224930.7223
218994.1013
212378.2835
205006.0623
196805.8501
187722.7567
177712.5103
166766.8417
154918.9626
142247.4377
128969.831
115130.942
100962.0061
86770.85301
72928.91222
59829.06696
47838.01133
37239.50254
28195.68072
20742.29522
14805.56452
293399.0091
293323.528
293240.1915
293151.9526
293060.5811
292966.2744
292868.0227
292764.1718
292652.9
292532.5776
292402.0093
292260.5245
292107.8746
291943.9486
291768.3818
291580.196
291377.6528
291158.4064
290919.8465
290659.4849
290375.2229
290065.3416
289728.2569
289362.2078
288965.0514
288534.3082
288067.4436
287562.2227
287017.0118
286430.837
285802.9631
285132.8867
284419.6657
283661.0416
282853.9197
281994.112
281076.9535
280097.3962
279050.7306
277931.783
276734.7587
275453.9227
274083.4314
272616.6941
271046.1326
269363.2213
267555.6003
265611.4658
263518.388
261264.0967
258835.5587
256217.5991
253390.164
250330.3085
247010.7196
243392.8867
239434.0381
235078.3664
230265.3726
224930.7223
218994.1013
212378.2835
205006.0623
196805.8501
187722.7567
177712.5103
166766.8417
154918.9626
142247.4377
128969.831
115130.942
100962.0061
86770.85301
72928.91222
59829.06696
47838.01133
37239.50254
28195.68072
20742.29522
14805.56452
293399.0091
293323.528
293240.1915
293151.9526
293060.5811
292966.2744
292868.0227
292764.1718
292652.9
292532.5776
292402.0093
292260.5245
292107.8746
291943.9486
291768.3818
291580.196
291377.6528
291158.4064
290919.8465
290659.4849
290375.2229
290065.3416
289728.2569
289362.2078
288965.0514
288534.3082
288067.4436
287562.2227
287017.0118
286430.837
285802.9631
285132.8867
284419.6657
283661.0416
282853.9197
281994.112
281076.9535
280097.3962
279050.7306
277931.783
276734.7587
275453.9227
274083.4314
272616.6941
271046.1326
269363.2213
267555.6003
265611.4658
263518.388
261264.0967
258835.5587
256217.5991
253390.164
250330.3085
247010.7196
243392.8867
239434.0381
235078.3664
230265.3726
224930.7223
218994.1013
212378.2835
205006.0623
196805.8501
187722.7567
177712.5103
166766.8417
154918.9626
142247.4377
128969.831
115130.942
100962.0061
86770.85301
72928.91222
59829.06696
47838.01133
37239.50254
28195.68072
20742.29522
14805.56452
293399.0091
293323.528
293240.1915
293151.9526
293060.5811
292966.2744
292868.0227
292764.1718
292652.9
292532.5776
292402.0093
292260.5245
292107.8746
291943.9486
291768.3818
291580.196
291377.6528
291158.4064
290919.8465
290659.4849
290375.2229
290065.3416
289728.2569
289362.2078
288965.0514
288534.3082
288067.4436
287562.2227
287017.0118
286430.837
285802.9631
285132.8867
284419.6657
283661.0416
282853.9197
281994.112
281076.9535
280097.3962
279050.7306
277931.783
276734.7587
275453.9227
274083.4314
272616.6941
271046.1326
269363.2213
267555.6003
265611.4658
263518.388
261264.0967
258835.5587
256217.5991
253390.164
250330.3085
247010.7196
243392.8867
239434.0381
235078.3664
230265.3726
224930.7223
218994.1013
212378.2835
205006.0623
196805.8501
187722.7567
177712.5103
166766.8417
154918.9626
142247.4377
128969.831
115130.942
100962.0061
86770.85301
72928.91222
59829.06696
47838.01133
37239.50254
28195.68072
20742.29522
14805.56452
293399.0091
293323.528
293240.1915
293151.9526
293060.5811
292966.2744
292868.0227
292764.1718
292652.9
292532.5776
292402.0093
292260.5245
292107.8746
291943.9486
291768.3818
291580.196
291377.6528
291158.4064
290919.8465
290659.4849
290375.2229
290065.3416
289728.2569
289362.2078
288965.0514
288534.3082
288067.4436
287562.2227
287017.0118
286430.837
285802.9631
285132.8867
284419.6657
283661.0416
282853.9197
281994.112
281076.9535
280097.3962
279050.7306
277931.783
276734.7587
275453.9227
274083.4314
272616.6941
271046.1326
269363.2213
267555.6003
265611.4658
263518.388
261264.0967
258835.5587
256217.5991
253390.164
250330.3085
247010.7196
243392.8867
239434.0381
235078.3664
230265.3726
224930.7223
218994.1013
212378.2835
205006.0623
196805.8501
187722.7567
177712.5103
166766.8417
154918.9626
142247.4377
128969.831
115130.942
100962.0061
86770.85301
72928.91222
59829.06696
47838.01133
37239.50254
28195.68072
20742.29522
14805.56452
293399.0091
293323.528
293240.1915
293151.9526
293060.5811
292966.2744
292868.0227
292764.1718
292652.9
292532.5776
292402.0093
292260.5245
292107.8746
291943.9486
291768.3818
291580.196
291377.6528
291158.4064
290919.8465
290659.4849
290375.2229
290065.3416
289728.2569
289362.2078
288965.0514
288534.3082
288067.4436
287562.2227
287017.0118
286430.837
285802.9631
285132.8867
284419.6657
283661.0416
282853.9197
281994.112
281076.9535
280097.3962
279050.7306
277931.783
276734.7587
275453.9227
274083.4314
272616.6941
271046.1326
269363.2213
267555.6003
265611.4658
263518.388
261264.0967
258835.5587
256217.5991
253390.164
250330.3085
247010.7196
243392.8867
239434.0381
235078.3664
230265.3726
224930.7223
218994.1013
212378.2835
205006.0623
196805.8501
187722.7567
177712.5103
166766.8417
154918.9626
142247.4377
128969.831
115130.942
100962.0061
86770.85301
72928.91222
59829.06696
47838.01133
37239.50254
28195.68072
20742.29522
14805.56452
293399.0091
293323.528
293240.1915
293151.9526
293060.5811
292966.2744
292868.0227
292764.1718
292652.9
292532.5776
292402.0093
292260.5245
292107.8746
291943.9486
291768.3818
291580.196
291377.6528
291158.4064
290919.8465
290659.4849
290375.2229
290065.3416
289728.2569
289362.2078
288965.0514
288534.3082
288067.4436
287562.2227
287017.0118
286430.837
285802.9631
285132.8867
284419.6657
283661.0416
282853.9197
281994.112
281076.9535
280097.3962
279050.7306
277931.783
276734.7587
275453.9227
274083.4314
272616.6941
271046.1326
269363.2213
267555.6003
265611.4658
263518.388
261264.0967
258835.5587
256217.5991
253390.164
250330.3085
247010.7196
243392.8867
239434.0381
235078.3664
230265.3726
224930.7223
218994.1013
212378.2835
205006.0623
196805.8501
187722.7567
177712.5103
166766.8417
154918.9626
142247.4377
128969.831
115130.942
100962.0061
86770.85301
72928.91222
59829.06696
47838.01133
37239.50254
28195.68072
20742.29522
14805.56452
293399.0091
293323.528
293240.1915
293151.9526
293060.5811
292966.2744
292868.0227
292764.1718
292652.9
292532.5776
292402.0093
292260.5245
292107.8746
291943.9486
291768.3818
291580.196
291377.6528
291158.4064
290919.8465
290659.4849
290375.2229
290065.3416
289728.2569
289362.2078
288965.0514
288534.3082
288067.4436
287562.2227
287017.0118
286430.837
285802.9631
285132.8867
284419.6657
283661.0416
282853.9197
281994.112
281076.9535
280097.3962
279050.7306
277931.783
276734.7587
275453.9227
274083.4314
272616.6941
271046.1326
269363.2213
267555.6003
265611.4658
263518.388
261264.0967
258835.5587
256217.5991
253390.164
250330.3085
247010.7196
243392.8867
239434.0381
235078.3664
230265.3726
224930.7223
218994.1013
212378.2835
205006.0623
196805.8501
187722.7567
177712.5103
166766.8417
154918.9626
142247.4377
128969.831
115130.942
100962.0061
86770.85301
72928.91222
59829.06696
47838.01133
37239.50254
28195.68072
20742.29522
14805.56452
293399.0091
293323.528
293240.1915
293151.9526
293060.5811
292966.2744
292868.0227
292764.1718
292652.9
292532.5776
292402.0093
292260.5245
292107.8746
291943.9486
291768.3818
291580.196
291377.6528
291158.4064
290919.8465
290659.4849
290375.2229
290065.3416
289728.2569
289362.2078
288965.0514
288534.3082
288067.4436
287562.2227
287017.0118
286430.837
285802.9631
285132.8867
284419.6657
283661.0416
282853.9197
281994.112
281076.9535
280097.3962
279050.7306
277931.783
276734.7587
275453.9227
274083.4314
272616.6941
271046.1326
269363.2213
267555.6003
265611.4658
263518.388
261264.0967
258835.5587
256217.5991
253390.164
250330.3085
247010.7196
243392.8867
239434.0381
235078.3664
230265.3726
224930.7223
218994.1013
212378.2835
205006.0623
196805.8501
187722.7567
177712.5103
166766.8417
154918.9626
142247.4377
128969.831
115130.942
100962.0061
86770.85301
72928.91222
59829.06696
47838.01133
37239.50254
28195.68072
20742.29522
14805.56452
293399.0091
293323.528
293240.1915
293151.9526
293060.5811
292966.2744
292868.0227
292764.1718
292652.9
292532.5776
292402.0093
292260.5245
292107.8746
291943.9486
291768.3818
291580.196
291377.6528
291158.4064
290919.8465
290659.4849
290375.2229
290065.3416
289728.2569
289362.2078
288965.0514
288534.3082
288067.4436
287562.2227
287017.0118
286430.837
285802.9631
285132.8867
284419.6657
283661.0416
282853.9197
281994.112
281076.9535
280097.3962
279050.7306
277931.783
276734.7587
275453.9227
274083.4314
272616.6941
271046.1326
269363.2213
267555.6003
265611.4658
263518.388
261264.0967
258835.5587
256217.5991
253390.164
250330.3085
247010.7196
243392.8867
239434.0381
235078.3664
230265.3726
224930.7223
218994.1013
212378.2835
205006.0623
196805.8501
187722.7567
177712.5103
166766.8417
154918.9626
142247.4377
128969.831
115130.942
100962.0061
86770.85301
72928.91222
59829.06696
47838.01133
37239.50254
28195.68072
20742.29522
14805.56452
293399.0091
293323.528
293240.1915
293151.9526
293060.5811
292966.2744
292868.0227
292764.1718
292652.9
292532.5776
292402.0093
292260.5245
292107.8746
291943.9486
291768.3818
291580.196
291377.6528
291158.4064
290919.8465
290659.4849
290375.2229
290065.3416
289728.2569
289362.2078
288965.0514
288534.3082
288067.4436
287562.2227
287017.0118
286430.837
285802.9631
285132.8867
284419.6657
283661.0416
282853.9197
281994.112
281076.9535
280097.3962
279050.7306
277931.783
276734.7587
275453.9227
274083.4314
272616.6941
271046.1326
269363.2213
267555.6003
265611.4658
263518.388
261264.0967
258835.5587
256217.5991
253390.164
250330.3085
247010.7196
243392.8867
239434.0381
235078.3664
230265.3726
224930.7223
218994.1013
212378.2835
205006.0623
196805.8501
187722.7567
177712.5103
166766.8417
154918.9626
142247.4377
128969.831
115130.942
100962.0061
86770.85301
72928.91222
59829.06696
47838.01133
37239.50254
28195.68072
20742.29522
14805.56452
293399.0091
293323.528
293240.1915
293151.9526
293060.5811
292966.2744
292868.0227
292764.1718
292652.9
292532.5776
292402.0093
292260.5245
292107.8746
291943.9486
291768.3818
291580.196
291377.6528
291158.4064
290919.8465
290659.4849
290375.2229
290065.3416
289728.2569
289362.2078
288965.0514
288534.3082
288067.4436
287562.2227
287017.0118
286430.837
285802.9631
285132.8867
284419.6657
283661.0416
282853.9197
281994.112
281076.9535
280097.3962
279050.7306
277931.783
276734.7587
275453.9227
274083.4314
272616.6941
271046.1326
269363.2213
267555.6003
265611.4658
263518.388
261264.0967
258835.5587
256217.5991
253390.164
250330.3085
247010.7196
243392.8867
239434.0381
235078.3664
230265.3726
224930.7223
218994.1013
212378.2835
205006.0623
196805.8501
187722.7567
177712.5103
166766.8417
154918.9626
142247.4377
128969.831
115130.942
100962.0061
86770.85301
72928.91222
59829.06696
47838.01133
37239.50254
28195.68072
20742.29522
14805.56452
293399.0091
293323.528
293240.1915
293151.9526
293060.5811
292966.2744
292868.0227
292764.1718
292652.9
292532.5776
292402.0093
292260.5245
292107.8746
291943.9486
291768.3818
291580.196
291377.6528
291158.4064
290919.8465
290659.4849
290375.2229
290065.3416
289728.2569
289362.2078
288965.0514
288534.3082
288067.4436
287562.2227
287017.0118
286430.837
285802.9631
285132.8867
284419.6657
283661.0416
282853.9197
281994.112
281076.9535
280097.3962
279050.7306
277931.783
276734.7587
275453.9227
274083.4314
272616.6941
271046.1326
269363.2213
267555.6003
265611.4658
263518.388
261264.0967
258835.5587
256217.5991
253390.164
250330.3085
247010.7196
243392.8867
239434.0381
235078.3664
230265.3726
224930.7223
218994.1013
212378.2835
205006.0623
196805.8501
187722.7567
177712.5103
166766.8417
154918.9626
142247.4377
128969.831
115130.942
100962.0061
86770.85301
72928.91222
59829.06696
47838.01133
37239.50254
28195.68072
20742.29522
14805.56452
293399.0091
293323.528
293240.1915
293151.9526
293060.5811
292966.2744
292868.0227
292764.1718
292652.9
292532.5776
292402.0093
292260.5245
292107.8746
291943.9486
291768.3818
291580.196
291377.6528
291158.4064
290919.8465
290659.4849
290375.2229
290065.3416
289728.2569
289362.2078
288965.0514
288534.3082
288067.4436
287562.2227
287017.0118
286430.837
285802.9631
285132.8867
284419.6657
283661.0416
282853.9197
281994.112
281076.9535
280097.3962
279050.7306
277931.783
276734.7587
275453.9227
274083.4314
272616.6941
271046.1326
269363.2213
267555.6003
265611.4658
263518.388
261264.0967
258835.5587
256217.5991
253390.164
250330.3085
247010.7196
243392.8867
239434.0381
235078.3664
230265.3726
224930.7223
218994.1013
212378.2835
205006.0623
196805.8501
187722.7567
177712.5103
166766.8417
154918.9626
142247.4377
128969.831
115130.942
100962.0061
86770.85301
72928.91222
59829.06696
47838.01133
37239.50254
28195.68072
20742.29522
14805.56452
293399.0091
293323.528
293240.1915
293151.9526
293060.5811
292966.2744
292868.0227
292764.1718
292652.9
292532.5776
292402.0093
292260.5245
292107.8746
291943.9486
291768.3818
291580.196
291377.6528
291158.4064
290919.8465
290659.4849
290375.2229
290065.3416
289728.2569
289362.2078
288965.0514
288534.3082
288067.4436
287562.2227
287017.0118
286430.837
285802.9631
285132.8867
284419.6657
283661.0416
282853.9197
281994.112
281076.9535
280097.3962
279050.7306
277931.783
276734.7587
275453.9227
274083.4314
272616.6941
271046.1326
269363.2213
267555.6003
265611.4658
263518.388
261264.0967
258835.5587
256217.5991
253390.164
250330.3085
247010.7196
243392.8867
239434.0381
235078.3664
230265.3726
224930.7223
218994.1013
212378.2835
205006.0623
196805.8501
187722.7567
177712.5103
166766.8417
154918.9626
142247.4377
128969.831
115130.942
100962.0061
86770.85301
72928.91222
59829.06696
47838.01133
37239.50254
28195.68072
20742.29522
14805.56452
293399.0091
293323.528
293240.1915
293151.9526
293060.5811
292966.2744
292868.0227
292764.1718
292652.9
292532.5776
292402.0093
292260.5245
292107.8746
291943.9486
291768.3818
291580.196
291377.6528
291158.4064
290919.8465
290659.4849
290375.2229
290065.3416
289728.2569
289362.2078
288965.0514
288534.3082
288067.4436
287562.2227
287017.0118
286430.837
285802.9631
285132.8867
284419.6657
283661.0416
282853.9197
281994.112
281076.9535
280097.3962
279050.7306
277931.783
276734.7587
275453.9227
274083.4314
272616.6941
271046.1326
269363.2213
267555.6003
265611.4658
263518.388
261264.0967
258835.5587
256217.5991
253390.164
250330.3085
247010.7196
243392.8867
239434.0381
235078.3664
230265.3726
224930.7223
218994.1013
212378.2835
205006.0623
196805.8501
187722.7567
177712.5103
166766.8417
154918.9626
142247.4377
128969.831
115130.942
100962.0061
86770.85301
72928.91222
59829.06696
47838.01133
37239.50254
28195.68072
20742.29522
14805.56452
293399.0091
293323.528
293240.1915
293151.9526
293060.5811
292966.2744
292868.0227
292764.1718
292652.9
292532.5776
292402.0093
292260.5245
292107.8746
291943.9486
291768.3818
291580.196
291377.6528
291158.4064
290919.8465
290659.4849
290375.2229
290065.3416
289728.2569
289362.2078
288965.0514
288534.3082
288067.4436
287562.2227
287017.0118
286430.837
285802.9631
285132.8867
284419.6657
283661.0416
282853.9197
281994.112
281076.9535
280097.3962
279050.7306
277931.783
276734.7587
275453.9227
274083.4314
272616.6941
271046.1326
269363.2213
267555.6003
265611.4658
263518.388
261264.0967
258835.5587
256217.5991
253390.164
250330.3085
247010.7196
243392.8867
239434.0381
235078.3664
230265.3726
224930.7223
218994.1013
212378.2835
205006.0623
196805.8501
187722.7567
177712.5103
166766.8417
154918.9626
142247.4377
128969.831
115130.942
100962.0061
86770.85301
72928.91222
59829.06696
47838.01133
37239.50254
28195.68072
20742.29522
14805.56452
293399.0091
293323.528
293240.1915
293151.9526
293060.5811
292966.2744
292868.0227
292764.1718
292652.9
292532.5776
292402.0093
292260.5245
292107.8746
291943.9486
291768.3818
291580.196
291377.6528
291158.4064
290919.8465
290659.4849
290375.2229
290065.3416
289728.2569
289362.2078
288965.0514
288534.3082
288067.4436
287562.2227
287017.0118
286430.837
285802.9631
285132.8867
284419.6657
283661.0416
282853.9197
281994.112
281076.9535
280097.3962
279050.7306
277931.783
276734.7587
275453.9227
274083.4314
272616.6941
271046.1326
269363.2213
267555.6003
265611.4658
263518.388
261264.0967
258835.5587
256217.5991
253390.164
250330.3085
247010.7196
243392.8867
239434.0381
235078.3664
230265.3726
224930.7223
218994.1013
212378.2835
205006.0623
196805.8501
187722.7567
177712.5103
166766.8417
154918.9626
142247.4377
128969.831
115130.942
100962.0061
86770.85301
72928.91222
59829.06696
47838.01133
37239.50254
28195.68072
20742.29522
14805.56452
293399.0091
293323.528
293240.1915
293151.9526
293060.5811
292966.2744
292868.0227
292764.1718
292652.9
292532.5776
292402.0093
292260.5245
292107.8746
291943.9486
291768.3818
291580.196
291377.6528
291158.4064
290919.8465
290659.4849
290375.2229
290065.3416
289728.2569
289362.2078
288965.0514
288534.3082
288067.4436
287562.2227
287017.0118
286430.837
285802.9631
285132.8867
284419.6657
283661.0416
282853.9197
281994.112
281076.9535
280097.3962
279050.7306
277931.783
276734.7587
275453.9227
274083.4314
272616.6941
271046.1326
269363.2213
267555.6003
265611.4658
263518.388
261264.0967
258835.5587
256217.5991
253390.164
250330.3085
247010.7196
243392.8867
239434.0381
235078.3664
230265.3726
224930.7223
218994.1013
212378.2835
205006.0623
196805.8501
187722.7567
177712.5103
166766.8417
154918.9626
142247.4377
128969.831
115130.942
100962.0061
86770.85301
72928.91222
59829.06696
47838.01133
37239.50254
28195.68072
20742.29522
14805.56452
293399.0091
293323.528
293240.1915
293151.9526
293060.5811
292966.2744
292868.0227
292764.1718
292652.9
292532.5776
292402.0093
292260.5245
292107.8746
291943.9486
291768.3818
291580.196
291377.6528
291158.4064
290919.8465
290659.4849
290375.2229
290065.3416
289728.2569
289362.2078
288965.0514
288534.3082
288067.4436
287562.2227
287017.0118
286430.837
285802.9631
285132.8867
284419.6657
283661.0416
282853.9197
281994.112
281076.9535
280097.3962
279050.7306
277931.783
276734.7587
275453.9227
274083.4314
272616.6941
271046.1326
269363.2213
267555.6003
265611.4658
263518.388
261264.0967
258835.5587
256217.5991
253390.164
250330.3085
247010.7196
243392.8867
239434.0381
235078.3664
230265.3726
224930.7223
218994.1013
212378.2835
205006.0623
196805.8501
187722.7567
177712.5103
166766.8417
154918.9626
142247.4377
128969.831
115130.942
100962.0061
86770.85301
72928.91222
59829.06696
47838.01133
37239.50254
28195.68072
20742.29522
14805.56452
293399.0091
293323.528
293240.1915
293151.9526
293060.5811
292966.2744
292868.0227
292764.1718
292652.9
292532.5776
292402.0093
292260.5245
292107.8746
291943.9486
291768.3818
291580.196
291377.6528
291158.4064
290919.8465
290659.4849
290375.2229
290065.3416
289728.2569
289362.2078
288965.0514
288534.3082
288067.4436
287562.2227
287017.0118
286430.837
285802.9631
285132.8867
284419.6657
283661.0416
282853.9197
281994.112
281076.9535
280097.3962
279050.7306
277931.783
276734.7587
275453.9227
274083.4314
272616.6941
271046.1326
269363.2213
267555.6003
265611.4658
263518.388
261264.0967
258835.5587
256217.5991
253390.164
250330.3085
247010.7196
243392.8867
239434.0381
235078.3664
230265.3726
224930.7223
218994.1013
212378.2835
205006.0623
196805.8501
187722.7567
177712.5103
166766.8417
154918.9626
142247.4377
128969.831
115130.942
100962.0061
86770.85301
72928.91222
59829.06696
47838.01133
37239.50254
28195.68072
20742.29522
14805.56452
293399.0091
293323.528
293240.1915
293151.9526
293060.5811
292966.2744
292868.0227
292764.1718
292652.9
292532.5776
292402.0093
292260.5245
292107.8746
291943.9486
291768.3818
291580.196
291377.6528
291158.4064
290919.8465
290659.4849
290375.2229
290065.3416
289728.2569
289362.2078
288965.0514
288534.3082
288067.4436
287562.2227
287017.0118
286430.837
285802.9631
285132.8867
284419.6657
283661.0416
282853.9197
281994.112
281076.9535
280097.3962
279050.7306
277931.783
276734.7587
275453.9227
274083.4314
272616.6941
271046.1326
269363.2213
267555.6003
265611.4658
263518.388
261264.0967
258835.5587
256217.5991
253390.164
250330.3085
247010.7196
243392.8867
239434.0381
235078.3664
230265.3726
224930.7223
218994.1013
212378.2835
205006.0623
196805.8501
187722.7567
177712.5103
166766.8417
154918.9626
142247.4377
128969.831
115130.942
100962.0061
86770.85301
72928.91222
59829.06696
47838.01133
37239.50254
28195.68072
20742.29522
14805.56452
293399.0091
293323.528
293240.1915
293151.9526
293060.5811
292966.2744
292868.0227
292764.1718
292652.9
292532.5776
292402.0093
292260.5245
292107.8746
291943.9486
291768.3818
291580.196
291377.6528
291158.4064
290919.8465
290659.4849
290375.2229
290065.3416
289728.2569
289362.2078
288965.0514
288534.3082
288067.4436
287562.2227
287017.0118
286430.837
285802.9631
285132.8867
284419.6657
283661.0416
282853.9197
281994.112
281076.9535
280097.3962
279050.7306
277931.783
276734.7587
275453.9227
274083.4314
272616.6941
271046.1326
269363.2213
267555.6003
265611.4658
263518.388
261264.0967
258835.5587
256217.5991
253390.164
250330.3085
247010.7196
243392.8867
239434.0381
235078.3664
230265.3726
224930.7223
218994.1013
212378.2835
205006.0623
196805.8501
187722.7567
177712.5103
166766.8417
154918.9626
142247.4377
128969.831
115130.942
100962.0061
86770.85301
72928.91222
59829.06696
47838.01133
37239.50254
28195.68072
20742.29522
14805.56452
293399.0091
293323.528
293240.1915
293151.9526
293060.5811
292966.2744
292868.0227
292764.1718
292652.9
292532.5776
292402.0093
292260.5245
292107.8746
291943.9486
291768.3818
291580.196
291377.6528
291158.4064
290919.8465
290659.4849
290375.2229
290065.3416
289728.2569
289362.2078
288965.0514
288534.3082
288067.4436
287562.2227
287017.0118
286430.837
285802.9631
285132.8867
284419.6657
283661.0416
282853.9197
281994.112
281076.9535
280097.3962
279050.7306
277931.783
276734.7587
275453.9227
274083.4314
272616.6941
271046.1326
269363.2213
267555.6003
265611.4658
263518.388
261264.0967
258835.5587
256217.5991
253390.164
250330.3085
247010.7196
243392.8867
239434.0381
235078.3664
230265.3726
224930.7223
218994.1013
212378.2835
205006.0623
196805.8501
187722.7567
177712.5103
166766.8417
154918.9626
142247.4377
128969.831
115130.942
100962.0061
86770.85301
72928.91222
59829.06696
47838.01133
37239.50254
28195.68072
20742.29522
14805.56452
293399.0091
293323.528
293240.1915
293151.9526
293060.5811
292966.2744
292868.0227
292764.1718
292652.9
292532.5776
292402.0093
292260.5245
292107.8746
291943.9486
291768.3818
291580.196
291377.6528
291158.4064
290919.8465
290659.4849
290375.2229
290065.3416
289728.2569
289362.2078
288965.0514
288534.3082
288067.4436
287562.2227
287017.0118
286430.837
285802.9631
285132.8867
284419.6657
283661.0416
282853.9197
281994.112
281076.9535
280097.3962
279050.7306
277931.783
276734.7587
275453.9227
274083.4314
272616.6941
271046.1326
269363.2213
267555.6003
265611.4658
263518.388
261264.0967
258835.5587
256217.5991
253390.164
250330.3085
247010.7196
243392.8867
239434.0381
235078.3664
230265.3726
224930.7223
218994.1013
212378.2835
205006.0623
196805.8501
187722.7567
177712.5103
166766.8417
154918.9626
142247.4377
128969.831
115130.942
100962.0061
86770.85301
72928.91222
59829.06696
47838.01133
37239.50254
28195.68072
20742.29522
14805.56452
293399.0091
293323.528
293240.1915
293151.9526
293060.5811
292966.2744
292868.0227
292764.1718
292652.9
292532.5776
292402.0093
292260.5245
292107.8746
291943.9486
291768.3818
291580.196
291377.6528
291158.4064
290919.8465
290659.4849
290375.2229
290065.3416
289728.2569
289362.2078
288965.0514
288534.3082
288067.4436
287562.2227
287017.0118
286430.837
285802.9631
285132.8867
284419.6657
283661.0416
282853.9197
281994.112
281076.9535
280097.3962
279050.7306
277931.783
276734.7587
275453.9227
274083.4314
272616.6941
271046.1326
269363.2213
267555.6003
265611.4658
263518.388
261264.0967
258835.5587
256217.5991
253390.164
250330.3085
247010.7196
243392.8867
239434.0381
235078.3664
230265.3726
224930.7223
218994.1013
212378.2835
205006.0623
196805.8501
187722.7567
177712.5103
166766.8417
154918.9626
142247.4377
128969.831
115130.942
100962.0061
86770.85301
72928.91222
59829.06696
47838.01133
37239.50254
28195.68072
20742.29522
14805.56452
293399.0091
293323.528
293240.1915
293151.9526
293060.5811
292966.2744
292868.0227
292764.1718
292652.9
292532.5776
292402.0093
292260.5245
292107.8746
291943.9486
291768.3818
291580.196
291377.6528
291158.4064
290919.8465
290659.4849
290375.2229
290065.3416
289728.2569
289362.2078
288965.0514
288534.3082
288067.4436
287562.2227
287017.0118
286430.837
285802.9631
285132.8867
284419.6657
283661.0416
282853.9197
281994.112
281076.9535
280097.3962
279050.7306
277931.783
276734.7587
275453.9227
274083.4314
272616.6941
271046.1326
269363.2213
267555.6003
265611.4658
263518.388
261264.0967
258835.5587
256217.5991
253390.164
250330.3085
247010.7196
243392.8867
239434.0381
235078.3664
230265.3726
224930.7223
218994.1013
212378.2835
205006.0623
196805.8501
187722.7567
177712.5103
166766.8417
154918.9626
142247.4377
128969.831
115130.942
100962.0061
86770.85301
72928.91222
59829.06696
47838.01133
37239.50254
28195.68072
20742.29522
14805.56452
293399.0091
293323.528
293240.1915
293151.9526
293060.5811
292966.2744
292868.0227
292764.1718
292652.9
292532.5776
292402.0093
292260.5245
292107.8746
291943.9486
291768.3818
291580.196
291377.6528
291158.4064
290919.8465
290659.4849
290375.2229
290065.3416
289728.2569
289362.2078
288965.0514
288534.3082
288067.4436
287562.2227
287017.0118
286430.837
285802.9631
285132.8867
284419.6657
283661.0416
282853.9197
281994.112
281076.9535
280097.3962
279050.7306
277931.783
276734.7587
275453.9227
274083.4314
272616.6941
271046.1326
269363.2213
267555.6003
265611.4658
263518.388
261264.0967
258835.5587
256217.5991
253390.164
250330.3085
247010.7196
243392.8867
239434.0381
235078.3664
230265.3726
224930.7223
218994.1013
212378.2835
205006.0623
196805.8501
187722.7567
177712.5103
166766.8417
154918.9626
142247.4377
128969.831
115130.942
100962.0061
86770.85301
72928.91222
59829.06696
47838.01133
37239.50254
28195.68072
20742.29522
14805.56452
293399.0091
293323.528
293240.1915
293151.9526
293060.5811
292966.2744
292868.0227
292764.1718
292652.9
292532.5776
292402.0093
292260.5245
292107.8746
291943.9486
291768.3818
291580.196
291377.6528
291158.4064
290919.8465
290659.4849
290375.2229
290065.3416
289728.2569
289362.2078
288965.0514
288534.3082
288067.4436
287562.2227
287017.0118
286430.837
285802.9631
285132.8867
284419.6657
283661.0416
282853.9197
281994.112
281076.9535
280097.3962
279050.7306
277931.783
276734.7587
275453.9227
274083.4314
272616.6941
271046.1326
269363.2213
267555.6003
265611.4658
263518.388
261264.0967
258835.5587
256217.5991
253390.164
250330.3085
247010.7196
243392.8867
239434.0381
235078.3664
230265.3726
224930.7223
218994.1013
212378.2835
205006.0623
196805.8501
187722.7567
177712.5103
166766.8417
154918.9626
142247.4377
128969.831
115130.942
100962.0061
86770.85301
72928.91222
59829.06696
47838.01133
37239.50254
28195.68072
20742.29522
14805.56452
293399.0091
293323.528
293240.1915
293151.9526
293060.5811
292966.2744
292868.0227
292764.1718
292652.9
292532.5776
292402.0093
292260.5245
292107.8746
291943.9486
291768.3818
291580.196
291377.6528
291158.4064
290919.8465
290659.4849
290375.2229
290065.3416
289728.2569
289362.2078
288965.0514
288534.3082
288067.4436
287562.2227
287017.0118
286430.837
285802.9631
285132.8867
284419.6657
283661.0416
282853.9197
281994.112
281076.9535
280097.3962
279050.7306
277931.783
276734.7587
275453.9227
274083.4314
272616.6941
271046.1326
269363.2213
267555.6003
265611.4658
263518.388
261264.0967
258835.5587
256217.5991
253390.164
250330.3085
247010.7196
243392.8867
239434.0381
235078.3664
230265.3726
224930.7223
218994.1013
212378.2835
205006.0623
196805.8501
187722.7567
177712.5103
166766.8417
154918.9626
142247.4377
128969.831
115130.942
100962.0061
86770.85301
72928.91222
59829.06696
47838.01133
37239.50254
28195.68072
20742.29522
14805.56452
293399.0091
293323.528
293240.1915
293151.9526
293060.5811
292966.2744
292868.0227
292764.1718
292652.9
292532.5776
292402.0093
292260.5245
292107.8746
291943.9486
291768.3818
291580.196
291377.6528
291158.4064
290919.8465
290659.4849
290375.2229
290065.3416
289728.2569
289362.2078
288965.0514
288534.3082
288067.4436
287562.2227
287017.0118
286430.837
285802.9631
285132.8867
284419.6657
283661.0416
282853.9197
281994.112
281076.9535
280097.3962
279050.7306
277931.783
276734.7587
275453.9227
274083.4314
272616.6941
271046.1326
269363.2213
267555.6003
265611.4658
263518.388
261264.0967
258835.5587
256217.5991
253390.164
250330.3085
247010.7196
243392.8867
239434.0381
235078.3664
230265.3726
224930.7223
218994.1013
212378.2835
205006.0623
196805.8501
187722.7567
177712.5103
166766.8417
154918.9626
142247.4377
128969.831
115130.942
100962.0061
86770.85301
72928.91222
59829.06696
47838.01133
37239.50254
28195.68072
20742.29522
14805.56452
293399.0091
293323.528
293240.1915
293151.9526
293060.5811
292966.2744
292868.0227
292764.1718
292652.9
292532.5776
292402.0093
292260.5245
292107.8746
291943.9486
291768.3818
291580.196
291377.6528
291158.4064
290919.8465
290659.4849
290375.2229
290065.3416
289728.2569
289362.2078
288965.0514
288534.3082
288067.4436
287562.2227
287017.0118
286430.837
285802.9631
285132.8867
284419.6657
283661.0416
282853.9197
281994.112
281076.9535
280097.3962
279050.7306
277931.783
276734.7587
275453.9227
274083.4314
272616.6941
271046.1326
269363.2213
267555.6003
265611.4658
263518.388
261264.0967
258835.5587
256217.5991
253390.164
250330.3085
247010.7196
243392.8867
239434.0381
235078.3664
230265.3726
224930.7223
218994.1013
212378.2835
205006.0623
196805.8501
187722.7567
177712.5103
166766.8417
154918.9626
142247.4377
128969.831
115130.942
100962.0061
86770.85301
72928.91222
59829.06696
47838.01133
37239.50254
28195.68072
20742.29522
14805.56452
293399.0091
293323.528
293240.1915
293151.9526
293060.5811
292966.2744
292868.0227
292764.1718
292652.9
292532.5776
292402.0093
292260.5245
292107.8746
291943.9486
291768.3818
291580.196
291377.6528
291158.4064
290919.8465
290659.4849
290375.2229
290065.3416
289728.2569
289362.2078
288965.0514
288534.3082
288067.4436
287562.2227
287017.0118
286430.837
285802.9631
285132.8867
284419.6657
283661.0416
282853.9197
281994.112
281076.9535
280097.3962
279050.7306
277931.783
276734.7587
275453.9227
274083.4314
272616.6941
271046.1326
269363.2213
267555.6003
265611.4658
263518.388
261264.0967
258835.5587
256217.5991
253390.164
250330.3085
247010.7196
243392.8867
239434.0381
235078.3664
230265.3726
224930.7223
218994.1013
212378.2835
205006.0623
196805.8501
187722.7567
177712.5103
166766.8417
154918.9626
142247.4377
128969.831
115130.942
100962.0061
86770.85301
72928.91222
59829.06696
47838.01133
37239.50254
28195.68072
20742.29522
14805.56452
293399.0091
293323.528
293240.1915
293151.9526
293060.5811
292966.2744
292868.0227
292764.1718
292652.9
292532.5776
292402.0093
292260.5245
292107.8746
291943.9486
291768.3818
291580.196
291377.6528
291158.4064
290919.8465
290659.4849
290375.2229
290065.3416
289728.2569
289362.2078
288965.0514
288534.3082
288067.4436
287562.2227
287017.0118
286430.837
285802.9631
285132.8867
284419.6657
283661.0416
282853.9197
281994.112
281076.9535
280097.3962
279050.7306
277931.783
276734.7587
275453.9227
274083.4314
272616.6941
271046.1326
269363.2213
267555.6003
265611.4658
263518.388
261264.0967
258835.5587
256217.5991
253390.164
250330.3085
247010.7196
243392.8867
239434.0381
235078.3664
230265.3726
224930.7223
218994.1013
212378.2835
205006.0623
196805.8501
187722.7567
177712.5103
166766.8417
154918.9626
142247.4377
128969.831
115130.942
100962.0061
86770.85301
72928.91222
59829.06696
47838.01133
37239.50254
28195.68072
20742.29522
14805.56452
293399.0091
293323.528
293240.1915
293151.9526
293060.5811
292966.2744
292868.0227
292764.1718
292652.9
292532.5776
292402.0093
292260.5245
292107.8746
291943.9486
291768.3818
291580.196
291377.6528
291158.4064
290919.8465
290659.4849
290375.2229
290065.3416
289728.2569
289362.2078
288965.0514
288534.3082
288067.4436
287562.2227
287017.0118
286430.837
285802.9631
285132.8867
284419.6657
283661.0416
282853.9197
281994.112
281076.9535
280097.3962
279050.7306
277931.783
276734.7587
275453.9227
274083.4314
272616.6941
271046.1326
269363.2213
267555.6003
265611.4658
263518.388
261264.0967
258835.5587
256217.5991
253390.164
250330.3085
247010.7196
243392.8867
239434.0381
235078.3664
230265.3726
224930.7223
218994.1013
212378.2835
205006.0623
196805.8501
187722.7567
177712.5103
166766.8417
154918.9626
142247.4377
128969.831
115130.942
100962.0061
86770.85301
72928.91222
59829.06696
47838.01133
37239.50254
28195.68072
20742.29522
14805.56452
293399.0091
293323.528
293240.1915
293151.9526
293060.5811
292966.2744
292868.0227
292764.1718
292652.9
292532.5776
292402.0093
292260.5245
292107.8746
291943.9486
291768.3818
291580.196
291377.6528
291158.4064
290919.8465
290659.4849
290375.2229
290065.3416
289728.2569
289362.2078
288965.0514
288534.3082
288067.4436
287562.2227
287017.0118
286430.837
285802.9631
285132.8867
284419.6657
283661.0416
282853.9197
281994.112
281076.9535
280097.3962
279050.7306
277931.783
276734.7587
275453.9227
274083.4314
272616.6941
271046.1326
269363.2213
267555.6003
265611.4658
263518.388
261264.0967
258835.5587
256217.5991
253390.164
250330.3085
247010.7196
243392.8867
239434.0381
235078.3664
230265.3726
224930.7223
218994.1013
212378.2835
205006.0623
196805.8501
187722.7567
177712.5103
166766.8417
154918.9626
142247.4377
128969.831
115130.942
100962.0061
86770.85301
72928.91222
59829.06696
47838.01133
37239.50254
28195.68072
20742.29522
14805.56452
293399.0091
293323.528
293240.1915
293151.9526
293060.5811
292966.2744
292868.0227
292764.1718
292652.9
292532.5776
292402.0093
292260.5245
292107.8746
291943.9486
291768.3818
291580.196
291377.6528
291158.4064
290919.8465
290659.4849
290375.2229
290065.3416
289728.2569
289362.2078
288965.0514
288534.3082
288067.4436
287562.2227
287017.0118
286430.837
285802.9631
285132.8867
284419.6657
283661.0416
282853.9197
281994.112
281076.9535
280097.3962
279050.7306
277931.783
276734.7587
275453.9227
274083.4314
272616.6941
271046.1326
269363.2213
267555.6003
265611.4658
263518.388
261264.0967
258835.5587
256217.5991
253390.164
250330.3085
247010.7196
243392.8867
239434.0381
235078.3664
230265.3726
224930.7223
218994.1013
212378.2835
205006.0623
196805.8501
187722.7567
177712.5103
166766.8417
154918.9626
142247.4377
128969.831
115130.942
100962.0061
86770.85301
72928.91222
59829.06696
47838.01133
37239.50254
28195.68072
20742.29522
14805.56452
293399.0091
293323.528
293240.1915
293151.9526
293060.5811
292966.2744
292868.0227
292764.1718
292652.9
292532.5776
292402.0093
292260.5245
292107.8746
291943.9486
291768.3818
291580.196
291377.6528
291158.4064
290919.8465
290659.4849
290375.2229
290065.3416
289728.2569
289362.2078
288965.0514
288534.3082
288067.4436
287562.2227
287017.0118
286430.837
285802.9631
285132.8867
284419.6657
283661.0416
282853.9197
281994.112
281076.9535
280097.3962
279050.7306
277931.783
276734.7587
275453.9227
274083.4314
272616.6941
271046.1326
269363.2213
267555.6003
265611.4658
263518.388
261264.0967
258835.5587
256217.5991
253390.164
250330.3085
247010.7196
243392.8867
239434.0381
235078.3664
230265.3726
224930.7223
218994.1013
212378.2835
205006.0623
196805.8501
187722.7567
177712.5103
166766.8417
154918.9626
142247.4377
128969.831
115130.942
100962.0061
86770.85301
72928.91222
59829.06696
47838.01133
37239.50254
28195.68072
20742.29522
14805.56452
293399.0091
293323.528
293240.1915
293151.9526
293060.5811
292966.2744
292868.0227
292764.1718
292652.9
292532.5776
292402.0093
292260.5245
292107.8746
291943.9486
291768.3818
291580.196
291377.6528
291158.4064
290919.8465
290659.4849
290375.2229
290065.3416
289728.2569
289362.2078
288965.0514
288534.3082
288067.4436
287562.2227
287017.0118
286430.837
285802.9631
285132.8867
284419.6657
283661.0416
282853.9197
281994.112
281076.9535
280097.3962
279050.7306
277931.783
276734.7587
275453.9227
274083.4314
272616.6941
271046.1326
269363.2213
267555.6003
265611.4658
263518.388
261264.0967
258835.5587
256217.5991
253390.164
250330.3085
247010.7196
243392.8867
239434.0381
235078.3664
230265.3726
224930.7223
218994.1013
212378.2835
205006.0623
196805.8501
187722.7567
177712.5103
166766.8417
154918.9626
142247.4377
128969.831
115130.942
100962.0061
86770.85301
72928.91222
59829.06696
47838.01133
37239.50254
28195.68072
20742.29522
14805.56452
293399.0091
293323.528
293240.1915
293151.9526
293060.5811
292966.2744
292868.0227
292764.1718
292652.9
292532.5776
292402.0093
292260.5245
292107.8746
291943.9486
291768.3818
291580.196
291377.6528
291158.4064
290919.8465
290659.4849
290375.2229
290065.3416
289728.2569
289362.2078
288965.0514
288534.3082
288067.4436
287562.2227
287017.0118
286430.837
285802.9631
285132.8867
284419.6657
283661.0416
282853.9197
281994.112
281076.9535
280097.3962
279050.7306
277931.783
276734.7587
275453.9227
274083.4314
272616.6941
271046.1326
269363.2213
267555.6003
265611.4658
263518.388
261264.0967
258835.5587
256217.5991
253390.164
250330.3085
247010.7196
243392.8867
239434.0381
235078.3664
230265.3726
224930.7223
218994.1013
212378.2835
205006.0623
196805.8501
187722.7567
177712.5103
166766.8417
154918.9626
142247.4377
128969.831
115130.942
100962.0061
86770.85301
72928.91222
59829.06696
47838.01133
37239.50254
28195.68072
20742.29522
14805.56452
293399.0091
293323.528
293240.1915
293151.9526
293060.5811
292966.2744
292868.0227
292764.1718
292652.9
292532.5776
292402.0093
292260.5245
292107.8746
291943.9486
291768.3818
291580.196
291377.6528
291158.4064
290919.8465
290659.4849
290375.2229
290065.3416
289728.2569
289362.2078
288965.0514
288534.3082
288067.4436
287562.2227
287017.0118
286430.837
285802.9631
285132.8867
284419.6657
283661.0416
282853.9197
281994.112
281076.9535
280097.3962
279050.7306
277931.783
276734.7587
275453.9227
274083.4314
272616.6941
271046.1326
269363.2213
267555.6003
265611.4658
263518.388
261264.0967
258835.5587
256217.5991
253390.164
250330.3085
247010.7196
243392.8867
239434.0381
235078.3664
230265.3726
224930.7223
218994.1013
212378.2835
205006.0623
196805.8501
187722.7567
177712.5103
166766.8417
154918.9626
142247.4377
128969.831
115130.942
100962.0061
86770.85301
72928.91222
59829.06696
47838.01133
37239.50254
28195.68072
20742.29522
14805.56452
293399.0091
293323.528
293240.1915
293151.9526
293060.5811
292966.2744
292868.0227
292764.1718
292652.9
292532.5776
292402.0093
292260.5245
292107.8746
291943.9486
291768.3818
291580.196
291377.6528
291158.4064
290919.8465
290659.4849
290375.2229
290065.3416
289728.2569
289362.2078
288965.0514
288534.3082
288067.4436
287562.2227
287017.0118
286430.837
285802.9631
285132.8867
284419.6657
283661.0416
282853.9197
281994.112
281076.9535
280097.3962
279050.7306
277931.783
276734.7587
275453.9227
274083.4314
272616.6941
271046.1326
269363.2213
267555.6003
265611.4658
263518.388
261264.0967
258835.5587
256217.5991
253390.164
250330.3085
247010.7196
243392.8867
239434.0381
235078.3664
230265.3726
224930.7223
218994.1013
212378.2835
205006.0623
196805.8501
187722.7567
177712.5103
166766.8417
154918.9626
142247.4377
128969.831
115130.942
100962.0061
86770.85301
72928.91222
59829.06696
47838.01133
37239.50254
28195.68072
20742.29522
14805.56452
293399.0091
293323.528
293240.1915
293151.9526
293060.5811
292966.2744
292868.0227
292764.1718
292652.9
292532.5776
292402.0093
292260.5245
292107.8746
291943.9486
291768.3818
291580.196
291377.6528
291158.4064
290919.8465
290659.4849
290375.2229
290065.3416
289728.2569
289362.2078
288965.0514
288534.3082
288067.4436
287562.2227
287017.0118
286430.837
285802.9631
285132.8867
284419.6657
283661.0416
282853.9197
281994.112
281076.9535
280097.3962
279050.7306
277931.783
276734.7587
275453.9227
274083.4314
272616.6941
271046.1326
269363.2213
267555.6003
265611.4658
263518.388
261264.0967
258835.5587
256217.5991
253390.164
250330.3085
247010.7196
243392.8867
239434.0381
235078.3664
230265.3726
224930.7223
218994.1013
212378.2835
205006.0623
196805.8501
187722.7567
177712.5103
166766.8417
154918.9626
142247.4377
128969.831
115130.942
100962.0061
86770.85301
72928.91222
59829.06696
47838.01133
37239.50254
28195.68072
20742.29522
14805.56452
293399.0091
293323.528
293240.1915
293151.9526
293060.5811
292966.2744
292868.0227
292764.1718
292652.9
292532.5776
292402.0093
292260.5245
292107.8746
291943.9486
291768.3818
291580.196
291377.6528
291158.4064
290919.8465
290659.4849
290375.2229
290065.3416
289728.2569
289362.2078
288965.0514
288534.3082
288067.4436
287562.2227
287017.0118
286430.837
285802.9631
285132.8867
284419.6657
283661.0416
282853.9197
281994.112
281076.9535
280097.3962
279050.7306
277931.783
276734.7587
275453.9227
274083.4314
272616.6941
271046.1326
269363.2213
267555.6003
265611.4658
263518.388
261264.0967
258835.5587
256217.5991
253390.164
250330.3085
247010.7196
243392.8867
239434.0381
235078.3664
230265.3726
224930.7223
218994.1013
212378.2835
205006.0623
196805.8501
187722.7567
177712.5103
166766.8417
154918.9626
142247.4377
128969.831
115130.942
100962.0061
86770.85301
72928.91222
59829.06696
47838.01133
37239.50254
28195.68072
20742.29522
14805.56452
293399.0091
293323.528
293240.1915
293151.9526
293060.5811
292966.2744
292868.0227
292764.1718
292652.9
292532.5776
292402.0093
292260.5245
292107.8746
291943.9486
291768.3818
291580.196
291377.6528
291158.4064
290919.8465
290659.4849
290375.2229
290065.3416
289728.2569
289362.2078
288965.0514
288534.3082
288067.4436
287562.2227
287017.0118
286430.837
285802.9631
285132.8867
284419.6657
283661.0416
282853.9197
281994.112
281076.9535
280097.3962
279050.7306
277931.783
276734.7587
275453.9227
274083.4314
272616.6941
271046.1326
269363.2213
267555.6003
265611.4658
263518.388
261264.0967
258835.5587
256217.5991
253390.164
250330.3085
247010.7196
243392.8867
239434.0381
235078.3664
230265.3726
224930.7223
218994.1013
212378.2835
205006.0623
196805.8501
187722.7567
177712.5103
166766.8417
154918.9626
142247.4377
128969.831
115130.942
100962.0061
86770.85301
72928.91222
59829.06696
47838.01133
37239.50254
28195.68072
20742.29522
14805.56452
293399.0091
293323.528
293240.1915
293151.9526
293060.5811
292966.2744
292868.0227
292764.1718
292652.9
292532.5776
292402.0093
292260.5245
292107.8746
291943.9486
291768.3818
291580.196
291377.6528
291158.4064
290919.8465
290659.4849
290375.2229
290065.3416
289728.2569
289362.2078
288965.0514
288534.3082
288067.4436
287562.2227
287017.0118
286430.837
285802.9631
285132.8867
284419.6657
283661.0416
282853.9197
281994.112
281076.9535
280097.3962
279050.7306
277931.783
276734.7587
275453.9227
274083.4314
272616.6941
271046.1326
269363.2213
267555.6003
265611.4658
263518.388
261264.0967
258835.5587
256217.5991
253390.164
250330.3085
247010.7196
243392.8867
239434.0381
235078.3664
230265.3726
224930.7223
218994.1013
212378.2835
205006.0623
196805.8501
187722.7567
177712.5103
166766.8417
154918.9626
142247.4377
128969.831
115130.942
100962.0061
86770.85301
72928.91222
59829.06696
47838.01133
37239.50254
28195.68072
20742.29522
14805.56452
293399.0091
293323.528
293240.1915
293151.9526
293060.5811
292966.2744
292868.0227
292764.1718
292652.9
292532.5776
292402.0093
292260.5245
292107.8746
291943.9486
291768.3818
291580.196
291377.6528
291158.4064
290919.8465
290659.4849
290375.2229
290065.3416
289728.2569
289362.2078
288965.0514
288534.3082
288067.4436
287562.2227
287017.0118
286430.837
285802.9631
285132.8867
284419.6657
283661.0416
282853.9197
281994.112
281076.9535
280097.3962
279050.7306
277931.783
276734.7587
275453.9227
274083.4314
272616.6941
271046.1326
269363.2213
267555.6003
265611.4658
263518.388
261264.0967
258835.5587
256217.5991
253390.164
250330.3085
247010.7196
243392.8867
239434.0381
235078.3664
230265.3726
224930.7223
218994.1013
212378.2835
205006.0623
196805.8501
187722.7567
177712.5103
166766.8417
154918.9626
142247.4377
128969.831
115130.942
100962.0061
86770.85301
72928.91222
59829.06696
47838.01133
37239.50254
28195.68072
20742.29522
14805.56452
293399.0091
293323.528
293240.1915
293151.9526
293060.5811
292966.2744
292868.0227
292764.1718
292652.9
292532.5776
292402.0093
292260.5245
292107.8746
291943.9486
291768.3818
291580.196
291377.6528
291158.4064
290919.8465
290659.4849
290375.2229
290065.3416
289728.2569
289362.2078
288965.0514
288534.3082
288067.4436
287562.2227
287017.0118
286430.837
285802.9631
285132.8867
284419.6657
283661.0416
282853.9197
281994.112
281076.9535
280097.3962
279050.7306
277931.783
276734.7587
275453.9227
274083.4314
272616.6941
271046.1326
269363.2213
267555.6003
265611.4658
263518.388
261264.0967
258835.5587
256217.5991
253390.164
250330.3085
247010.7196
243392.8867
239434.0381
235078.3664
230265.3726
224930.7223
218994.1013
212378.2835
205006.0623
196805.8501
187722.7567
177712.5103
166766.8417
154918.9626
142247.4377
128969.831
115130.942
100962.0061
86770.85301
72928.91222
59829.06696
47838.01133
37239.50254
28195.68072
20742.29522
14805.56452
293399.0091
293323.528
293240.1915
293151.9526
293060.5811
292966.2744
292868.0227
292764.1718
292652.9
292532.5776
292402.0093
292260.5245
292107.8746
291943.9486
291768.3818
291580.196
291377.6528
291158.4064
290919.8465
290659.4849
290375.2229
290065.3416
289728.2569
289362.2078
288965.0514
288534.3082
288067.4436
287562.2227
287017.0118
286430.837
285802.9631
285132.8867
284419.6657
283661.0416
282853.9197
281994.112
281076.9535
280097.3962
279050.7306
277931.783
276734.7587
275453.9227
274083.4314
272616.6941
271046.1326
269363.2213
267555.6003
265611.4658
263518.388
261264.0967
258835.5587
256217.5991
253390.164
250330.3085
247010.7196
243392.8867
239434.0381
235078.3664
230265.3726
224930.7223
218994.1013
212378.2835
205006.0623
196805.8501
187722.7567
177712.5103
166766.8417
154918.9626
142247.4377
128969.831
115130.942
100962.0061
86770.85301
72928.91222
59829.06696
47838.01133
37239.50254
28195.68072
20742.29522
14805.56452
293399.0091
293323.528
293240.1915
293151.9526
293060.5811
292966.2744
292868.0227
292764.1718
292652.9
292532.5776
292402.0093
292260.5245
292107.8746
291943.9486
291768.3818
291580.196
291377.6528
291158.4064
290919.8465
290659.4849
290375.2229
290065.3416
289728.2569
289362.2078
288965.0514
288534.3082
288067.4436
287562.2227
287017.0118
286430.837
285802.9631
285132.8867
284419.6657
283661.0416
282853.9197
281994.112
281076.9535
280097.3962
279050.7306
277931.783
276734.7587
275453.9227
274083.4314
272616.6941
271046.1326
269363.2213
267555.6003
265611.4658
263518.388
261264.0967
258835.5587
256217.5991
253390.164
250330.3085
247010.7196
243392.8867
239434.0381
235078.3664
230265.3726
224930.7223
218994.1013
212378.2835
205006.0623
196805.8501
187722.7567
177712.5103
166766.8417
154918.9626
142247.4377
128969.831
115130.942
100962.0061
86770.85301
72928.91222
59829.06696
47838.01133
37239.50254
28195.68072
20742.29522
14805.56452
293399.0091
293323.528
293240.1915
293151.9526
293060.5811
292966.2744
292868.0227
292764.1718
292652.9
292532.5776
292402.0093
292260.5245
292107.8746
291943.9486
291768.3818
291580.196
291377.6528
291158.4064
290919.8465
290659.4849
290375.2229
290065.3416
289728.2569
289362.2078
288965.0514
288534.3082
288067.4436
287562.2227
287017.0118
286430.837
285802.9631
285132.8867
284419.6657
283661.0416
282853.9197
281994.112
281076.9535
280097.3962
279050.7306
277931.783
276734.7587
275453.9227
274083.4314
272616.6941
271046.1326
269363.2213
267555.6003
265611.4658
263518.388
261264.0967
258835.5587
256217.5991
253390.164
250330.3085
247010.7196
243392.8867
239434.0381
235078.3664
230265.3726
224930.7223
218994.1013
212378.2835
205006.0623
196805.8501
187722.7567
177712.5103
166766.8417
154918.9626
142247.4377
128969.831
115130.942
100962.0061
86770.85301
72928.91222
59829.06696
47838.01133
37239.50254
28195.68072
20742.29522
14805.56452
293399.0091
293323.528
293240.1915
293151.9526
293060.5811
292966.2744
292868.0227
292764.1718
292652.9
292532.5776
292402.0093
292260.5245
292107.8746
291943.9486
291768.3818
291580.196
291377.6528
291158.4064
290919.8465
290659.4849
290375.2229
290065.3416
289728.2569
289362.2078
288965.0514
288534.3082
288067.4436
287562.2227
287017.0118
286430.837
285802.9631
285132.8867
284419.6657
283661.0416
282853.9197
281994.112
281076.9535
280097.3962
279050.7306
277931.783
276734.7587
275453.9227
274083.4314
272616.6941
271046.1326
269363.2213
267555.6003
265611.4658
263518.388
261264.0967
258835.5587
256217.5991
253390.164
250330.3085
247010.7196
243392.8867
239434.0381
235078.3664
230265.3726
224930.7223
218994.1013
212378.2835
205006.0623
196805.8501
187722.7567
177712.5103
166766.8417
154918.9626
142247.4377
128969.831
115130.942
100962.0061
86770.85301
72928.91222
59829.06696
47838.01133
37239.50254
28195.68072
20742.29522
14805.56452
293399.0091
293323.528
293240.1915
293151.9526
293060.5811
292966.2744
292868.0227
292764.1718
292652.9
292532.5776
292402.0093
292260.5245
292107.8746
291943.9486
291768.3818
291580.196
291377.6528
291158.4064
290919.8465
290659.4849
290375.2229
290065.3416
289728.2569
289362.2078
288965.0514
288534.3082
288067.4436
287562.2227
287017.0118
286430.837
285802.9631
285132.8867
284419.6657
283661.0416
282853.9197
281994.112
281076.9535
280097.3962
279050.7306
277931.783
276734.7587
275453.9227
274083.4314
272616.6941
271046.1326
269363.2213
267555.6003
265611.4658
263518.388
261264.0967
258835.5587
256217.5991
253390.164
250330.3085
247010.7196
243392.8867
239434.0381
235078.3664
230265.3726
224930.7223
218994.1013
212378.2835
205006.0623
196805.8501
187722.7567
177712.5103
166766.8417
154918.9626
142247.4377
128969.831
115130.942
100962.0061
86770.85301
72928.91222
59829.06696
47838.01133
37239.50254
28195.68072
20742.29522
14805.56452
293399.0091
293323.528
293240.1915
293151.9526
293060.5811
292966.2744
292868.0227
292764.1718
292652.9
292532.5776
292402.0093
292260.5245
292107.8746
291943.9486
291768.3818
291580.196
291377.6528
291158.4064
290919.8465
290659.4849
290375.2229
290065.3416
289728.2569
289362.2078
288965.0514
288534.3082
288067.4436
287562.2227
287017.0118
286430.837
285802.9631
285132.8867
284419.6657
283661.0416
282853.9197
281994.112
281076.9535
280097.3962
279050.7306
277931.783
276734.7587
275453.9227
274083.4314
272616.6941
271046.1326
269363.2213
267555.6003
265611.4658
263518.388
261264.0967
258835.5587
256217.5991
253390.164
250330.3085
247010.7196
243392.8867
239434.0381
235078.3664
230265.3726
224930.7223
218994.1013
212378.2835
205006.0623
196805.8501
187722.7567
177712.5103
166766.8417
154918.9626
142247.4377
128969.831
115130.942
100962.0061
86770.85301
72928.91222
59829.06696
47838.01133
37239.50254
28195.68072
20742.29522
14805.56452
293399.0091
293323.528
293240.1915
293151.9526
293060.5811
292966.2744
292868.0227
292764.1718
292652.9
292532.5776
292402.0093
292260.5245
292107.8746
291943.9486
291768.3818
291580.196
291377.6528
291158.4064
290919.8465
290659.4849
290375.2229
290065.3416
289728.2569
289362.2078
288965.0514
288534.3082
288067.4436
287562.2227
287017.0118
286430.837
285802.9631
285132.8867
284419.6657
283661.0416
282853.9197
281994.112
281076.9535
280097.3962
279050.7306
277931.783
276734.7587
275453.9227
274083.4314
272616.6941
271046.1326
269363.2213
267555.6003
265611.4658
263518.388
261264.0967
258835.5587
256217.5991
253390.164
250330.3085
247010.7196
243392.8867
239434.0381
235078.3664
230265.3726
224930.7223
218994.1013
212378.2835
205006.0623
196805.8501
187722.7567
177712.5103
166766.8417
154918.9626
142247.4377
128969.831
115130.942
100962.0061
86770.85301
72928.91222
59829.06696
47838.01133
37239.50254
28195.68072
20742.29522
14805.56452
293399.0091
293323.528
293240.1915
293151.9526
293060.5811
292966.2744
292868.0227
292764.1718
292652.9
292532.5776
292402.0093
292260.5245
292107.8746
291943.9486
291768.3818
291580.196
291377.6528
291158.4064
290919.8465
290659.4849
290375.2229
290065.3416
289728.2569
289362.2078
288965.0514
288534.3082
288067.4436
287562.2227
287017.0118
286430.837
285802.9631
285132.8867
284419.6657
283661.0416
282853.9197
281994.112
281076.9535
280097.3962
279050.7306
277931.783
276734.7587
275453.9227
274083.4314
272616.6941
271046.1326
269363.2213
267555.6003
265611.4658
263518.388
261264.0967
258835.5587
256217.5991
253390.164
250330.3085
247010.7196
243392.8867
239434.0381
235078.3664
230265.3726
224930.7223
218994.1013
212378.2835
205006.0623
196805.8501
187722.7567
177712.5103
166766.8417
154918.9626
142247.4377
128969.831
115130.942
100962.0061
86770.85301
72928.91222
59829.06696
47838.01133
37239.50254
28195.68072
20742.29522
14805.56452
293399.0091
293323.528
293240.1915
293151.9526
293060.5811
292966.2744
292868.0227
292764.1718
292652.9
292532.5776
292402.0093
292260.5245
292107.8746
291943.9486
291768.3818
291580.196
291377.6528
291158.4064
290919.8465
290659.4849
290375.2229
290065.3416
289728.2569
289362.2078
288965.0514
288534.3082
288067.4436
287562.2227
287017.0118
286430.837
285802.9631
285132.8867
284419.6657
283661.0416
282853.9197
281994.112
281076.9535
280097.3962
279050.7306
277931.783
276734.7587
275453.9227
274083.4314
272616.6941
271046.1326
269363.2213
267555.6003
265611.4658
263518.388
261264.0967
258835.5587
256217.5991
253390.164
250330.3085
247010.7196
243392.8867
239434.0381
235078.3664
230265.3726
224930.7223
218994.1013
212378.2835
205006.0623
196805.8501
187722.7567
177712.5103
166766.8417
154918.9626
142247.4377
128969.831
115130.942
100962.0061
86770.85301
72928.91222
59829.06696
47838.01133
37239.50254
28195.68072
20742.29522
14805.56452
293399.0091
293323.528
293240.1915
293151.9526
293060.5811
292966.2744
292868.0227
292764.1718
292652.9
292532.5776
292402.0093
292260.5245
292107.8746
291943.9486
291768.3818
291580.196
291377.6528
291158.4064
290919.8465
290659.4849
290375.2229
290065.3416
289728.2569
289362.2078
288965.0514
288534.3082
288067.4436
287562.2227
287017.0118
286430.837
285802.9631
285132.8867
284419.6657
283661.0416
282853.9197
281994.112
281076.9535
280097.3962
279050.7306
277931.783
276734.7587
275453.9227
274083.4314
272616.6941
271046.1326
269363.2213
267555.6003
265611.4658
263518.388
261264.0967
258835.5587
256217.5991
253390.164
250330.3085
247010.7196
243392.8867
239434.0381
235078.3664
230265.3726
224930.7223
218994.1013
212378.2835
205006.0623
196805.8501
187722.7567
177712.5103
166766.8417
154918.9626
142247.4377
128969.831
115130.942
100962.0061
86770.85301
72928.91222
59829.06696
47838.01133
37239.50254
28195.68072
20742.29522
14805.56452
293399.0091
293323.528
293240.1915
293151.9526
293060.5811
292966.2744
292868.0227
292764.1718
292652.9
292532.5776
292402.0093
292260.5245
292107.8746
291943.9486
291768.3818
291580.196
291377.6528
291158.4064
290919.8465
290659.4849
290375.2229
290065.3416
289728.2569
289362.2078
288965.0514
288534.3082
288067.4436
287562.2227
287017.0118
286430.837
285802.9631
285132.8867
284419.6657
283661.0416
282853.9197
281994.112
281076.9535
280097.3962
279050.7306
277931.783
276734.7587
275453.9227
274083.4314
272616.6941
271046.1326
269363.2213
267555.6003
265611.4658
263518.388
261264.0967
258835.5587
256217.5991
253390.164
250330.3085
247010.7196
243392.8867
239434.0381
235078.3664
230265.3726
224930.7223
218994.1013
212378.2835
205006.0623
196805.8501
187722.7567
177712.5103
166766.8417
154918.9626
142247.4377
128969.831
115130.942
100962.0061
86770.85301
72928.91222
59829.06696
47838.01133
37239.50254
28195.68072
20742.29522
14805.56452
293399.0091
293323.528
293240.1915
293151.9526
293060.5811
292966.2744
292868.0227
292764.1718
292652.9
292532.5776
292402.0093
292260.5245
292107.8746
291943.9486
291768.3818
291580.196
291377.6528
291158.4064
290919.8465
290659.4849
290375.2229
290065.3416
289728.2569
289362.2078
288965.0514
288534.3082
288067.4436
287562.2227
287017.0118
286430.837
285802.9631
285132.8867
284419.6657
283661.0416
282853.9197
281994.112
281076.9535
280097.3962
279050.7306
277931.783
276734.7587
275453.9227
274083.4314
272616.6941
271046.1326
269363.2213
267555.6003
265611.4658
263518.388
261264.0967
258835.5587
256217.5991
253390.164
250330.3085
247010.7196
243392.8867
239434.0381
235078.3664
230265.3726
224930.7223
218994.1013
212378.2835
205006.0623
196805.8501
187722.7567
177712.5103
166766.8417
154918.9626
142247.4377
128969.831
115130.942
100962.0061
86770.85301
72928.91222
59829.06696
47838.01133
37239.50254
28195.68072
20742.29522
14805.56452
293399.0091
293323.528
293240.1915
293151.9526
293060.5811
292966.2744
292868.0227
292764.1718
292652.9
292532.5776
292402.0093
292260.5245
292107.8746
291943.9486
291768.3818
291580.196
291377.6528
291158.4064
290919.8465
290659.4849
290375.2229
290065.3416
289728.2569
289362.2078
288965.0514
288534.3082
288067.4436
287562.2227
287017.0118
286430.837
285802.9631
285132.8867
284419.6657
283661.0416
282853.9197
281994.112
281076.9535
280097.3962
279050.7306
277931.783
276734.7587
275453.9227
274083.4314
272616.6941
271046.1326
269363.2213
267555.6003
265611.4658
263518.388
261264.0967
258835.5587
256217.5991
253390.164
250330.3085
247010.7196
243392.8867
239434.0381
235078.3664
230265.3726
224930.7223
218994.1013
212378.2835
205006.0623
196805.8501
187722.7567
177712.5103
166766.8417
154918.9626
142247.4377
128969.831
115130.942
100962.0061
86770.85301
72928.91222
59829.06696
47838.01133
37239.50254
28195.68072
20742.29522
14805.56452
293399.0091
293323.528
293240.1915
293151.9526
293060.5811
292966.2744
292868.0227
292764.1718
292652.9
292532.5776
292402.0093
292260.5245
292107.8746
291943.9486
291768.3818
291580.196
291377.6528
291158.4064
290919.8465
290659.4849
290375.2229
290065.3416
289728.2569
289362.2078
288965.0514
288534.3082
288067.4436
287562.2227
287017.0118
286430.837
285802.9631
285132.8867
284419.6657
283661.0416
282853.9197
281994.112
281076.9535
280097.3962
279050.7306
277931.783
276734.7587
275453.9227
274083.4314
272616.6941
271046.1326
269363.2213
267555.6003
265611.4658
263518.388
261264.0967
258835.5587
256217.5991
253390.164
250330.3085
247010.7196
243392.8867
239434.0381
235078.3664
230265.3726
224930.7223
218994.1013
212378.2835
205006.0623
196805.8501
187722.7567
177712.5103
166766.8417
154918.9626
142247.4377
128969.831
115130.942
100962.0061
86770.85301
72928.91222
59829.06696
47838.01133
37239.50254
28195.68072
20742.29522
14805.56452
293399.0091
293323.528
293240.1915
293151.9526
293060.5811
292966.2744
292868.0227
292764.1718
292652.9
292532.5776
292402.0093
292260.5245
292107.8746
291943.9486
291768.3818
291580.196
291377.6528
291158.4064
290919.8465
290659.4849
290375.2229
290065.3416
289728.2569
289362.2078
288965.0514
288534.3082
288067.4436
287562.2227
287017.0118
286430.837
285802.9631
285132.8867
284419.6657
283661.0416
282853.9197
281994.112
281076.9535
280097.3962
279050.7306
277931.783
276734.7587
275453.9227
274083.4314
272616.6941
271046.1326
269363.2213
267555.6003
265611.4658
263518.388
261264.0967
258835.5587
256217.5991
253390.164
250330.3085
247010.7196
243392.8867
239434.0381
235078.3664
230265.3726
224930.7223
218994.1013
212378.2835
205006.0623
196805.8501
187722.7567
177712.5103
166766.8417
154918.9626
142247.4377
128969.831
115130.942
100962.0061
86770.85301
72928.91222
59829.06696
47838.01133
37239.50254
28195.68072
20742.29522
14805.56452
293399.0091
293323.528
293240.1915
293151.9526
293060.5811
292966.2744
292868.0227
292764.1718
292652.9
292532.5776
292402.0093
292260.5245
292107.8746
291943.9486
291768.3818
291580.196
291377.6528
291158.4064
290919.8465
290659.4849
290375.2229
290065.3416
289728.2569
289362.2078
288965.0514
288534.3082
288067.4436
287562.2227
287017.0118
286430.837
285802.9631
285132.8867
284419.6657
283661.0416
282853.9197
281994.112
281076.9535
280097.3962
279050.7306
277931.783
276734.7587
275453.9227
274083.4314
272616.6941
271046.1326
269363.2213
267555.6003
265611.4658
263518.388
261264.0967
258835.5587
256217.5991
253390.164
250330.3085
247010.7196
243392.8867
239434.0381
235078.3664
230265.3726
224930.7223
218994.1013
212378.2835
205006.0623
196805.8501
187722.7567
177712.5103
166766.8417
154918.9626
142247.4377
128969.831
115130.942
100962.0061
86770.85301
72928.91222
59829.06696
47838.01133
37239.50254
28195.68072
20742.29522
14805.56452
293399.0091
293323.528
293240.1915
293151.9526
293060.5811
292966.2744
292868.0227
292764.1718
292652.9
292532.5776
292402.0093
292260.5245
292107.8746
291943.9486
291768.3818
291580.196
291377.6528
291158.4064
290919.8465
290659.4849
290375.2229
290065.3416
289728.2569
289362.2078
288965.0514
288534.3082
288067.4436
287562.2227
287017.0118
286430.837
285802.9631
285132.8867
284419.6657
283661.0416
282853.9197
281994.112
281076.9535
280097.3962
279050.7306
277931.783
276734.7587
275453.9227
274083.4314
272616.6941
271046.1326
269363.2213
267555.6003
265611.4658
263518.388
261264.0967
258835.5587
256217.5991
253390.164
250330.3085
247010.7196
243392.8867
239434.0381
235078.3664
230265.3726
224930.7223
218994.1013
212378.2835
205006.0623
196805.8501
187722.7567
177712.5103
166766.8417
154918.9626
142247.4377
128969.831
115130.942
100962.0061
86770.85301
72928.91222
59829.06696
47838.01133
37239.50254
28195.68072
20742.29522
14805.56452
293399.0091
293323.528
293240.1915
293151.9526
293060.5811
292966.2744
292868.0227
292764.1718
292652.9
292532.5776
292402.0093
292260.5245
292107.8746
291943.9486
291768.3818
291580.196
291377.6528
291158.4064
290919.8465
290659.4849
290375.2229
290065.3416
289728.2569
289362.2078
288965.0514
288534.3082
288067.4436
287562.2227
287017.0118
286430.837
285802.9631
285132.8867
284419.6657
283661.0416
282853.9197
281994.112
281076.9535
280097.3962
279050.7306
277931.783
276734.7587
275453.9227
274083.4314
272616.6941
271046.1326
269363.2213
267555.6003
265611.4658
263518.388
261264.0967
258835.5587
256217.5991
253390.164
250330.3085
247010.7196
243392.8867
239434.0381
235078.3664
230265.3726
224930.7223
218994.1013
212378.2835
205006.0623
196805.8501
187722.7567
177712.5103
166766.8417
154918.9626
142247.4377
128969.831
115130.942
100962.0061
86770.85301
72928.91222
59829.06696
47838.01133
37239.50254
28195.68072
20742.29522
14805.56452
293399.0091
293323.528
293240.1915
293151.9526
293060.5811
292966.2744
292868.0227
292764.1718
292652.9
292532.5776
292402.0093
292260.5245
292107.8746
291943.9486
291768.3818
291580.196
291377.6528
291158.4064
290919.8465
290659.4849
290375.2229
290065.3416
289728.2569
289362.2078
288965.0514
288534.3082
288067.4436
287562.2227
287017.0118
286430.837
285802.9631
285132.8867
284419.6657
283661.0416
282853.9197
281994.112
281076.9535
280097.3962
279050.7306
277931.783
276734.7587
275453.9227
274083.4314
272616.6941
271046.1326
269363.2213
267555.6003
265611.4658
263518.388
261264.0967
258835.5587
256217.5991
253390.164
250330.3085
247010.7196
243392.8867
239434.0381
235078.3664
230265.3726
224930.7223
218994.1013
212378.2835
205006.0623
196805.8501
187722.7567
177712.5103
166766.8417
154918.9626
142247.4377
128969.831
115130.942
100962.0061
86770.85301
72928.91222
59829.06696
47838.01133
37239.50254
28195.68072
20742.29522
14805.56452
293399.0091
293323.528
293240.1915
293151.9526
293060.5811
292966.2744
292868.0227
292764.1718
292652.9
292532.5776
292402.0093
292260.5245
292107.8746
291943.9486
291768.3818
291580.196
291377.6528
291158.4064
290919.8465
290659.4849
290375.2229
290065.3416
289728.2569
289362.2078
288965.0514
288534.3082
288067.4436
287562.2227
287017.0118
286430.837
285802.9631
285132.8867
284419.6657
283661.0416
282853.9197
281994.112
281076.9535
280097.3962
279050.7306
277931.783
276734.7587
275453.9227
274083.4314
272616.6941
271046.1326
269363.2213
267555.6003
265611.4658
263518.388
261264.0967
258835.5587
256217.5991
253390.164
250330.3085
247010.7196
243392.8867
239434.0381
235078.3664
230265.3726
224930.7223
218994.1013
212378.2835
205006.0623
196805.8501
187722.7567
177712.5103
166766.8417
154918.9626
142247.4377
128969.831
115130.942
100962.0061
86770.85301
72928.91222
59829.06696
47838.01133
37239.50254
28195.68072
20742.29522
14805.56452
293399.0091
293323.528
293240.1915
293151.9526
293060.5811
292966.2744
292868.0227
292764.1718
292652.9
292532.5776
292402.0093
292260.5245
292107.8746
291943.9486
291768.3818
291580.196
291377.6528
291158.4064
290919.8465
290659.4849
290375.2229
290065.3416
289728.2569
289362.2078
288965.0514
288534.3082
288067.4436
287562.2227
287017.0118
286430.837
285802.9631
285132.8867
284419.6657
283661.0416
282853.9197
281994.112
281076.9535
280097.3962
279050.7306
277931.783
276734.7587
275453.9227
274083.4314
272616.6941
271046.1326
269363.2213
267555.6003
265611.4658
263518.388
261264.0967
258835.5587
256217.5991
253390.164
250330.3085
247010.7196
243392.8867
239434.0381
235078.3664
230265.3726
224930.7223
218994.1013
212378.2835
205006.0623
196805.8501
187722.7567
177712.5103
166766.8417
154918.9626
142247.4377
128969.831
115130.942
100962.0061
86770.85301
72928.91222
59829.06696
47838.01133
37239.50254
28195.68072
20742.29522
14805.56452
293399.0091
293323.528
293240.1915
293151.9526
293060.5811
292966.2744
292868.0227
292764.1718
292652.9
292532.5776
292402.0093
292260.5245
292107.8746
291943.9486
291768.3818
291580.196
291377.6528
291158.4064
290919.8465
290659.4849
290375.2229
290065.3416
289728.2569
289362.2078
288965.0514
288534.3082
288067.4436
287562.2227
287017.0118
286430.837
285802.9631
285132.8867
284419.6657
283661.0416
282853.9197
281994.112
281076.9535
280097.3962
279050.7306
277931.783
276734.7587
275453.9227
274083.4314
272616.6941
271046.1326
269363.2213
267555.6003
265611.4658
263518.388
261264.0967
258835.5587
256217.5991
253390.164
250330.3085
247010.7196
243392.8867
239434.0381
235078.3664
230265.3726
224930.7223
218994.1013
212378.2835
205006.0623
196805.8501
187722.7567
177712.5103
166766.8417
154918.9626
142247.4377
128969.831
115130.942
100962.0061
86770.85301
72928.91222
59829.06696
47838.01133
37239.50254
28195.68072
20742.29522
14805.56452
293399.0091
293323.528
293240.1915
293151.9526
293060.5811
292966.2744
292868.0227
292764.1718
292652.9
292532.5776
292402.0093
292260.5245
292107.8746
291943.9486
291768.3818
291580.196
291377.6528
291158.4064
290919.8465
290659.4849
290375.2229
290065.3416
289728.2569
289362.2078
288965.0514
288534.3082
288067.4436
287562.2227
287017.0118
286430.837
285802.9631
285132.8867
284419.6657
283661.0416
282853.9197
281994.112
281076.9535
280097.3962
279050.7306
277931.783
276734.7587
275453.9227
274083.4314
272616.6941
271046.1326
269363.2213
267555.6003
265611.4658
263518.388
261264.0967
258835.5587
256217.5991
253390.164
250330.3085
247010.7196
243392.8867
239434.0381
235078.3664
230265.3726
224930.7223
218994.1013
212378.2835
205006.0623
196805.8501
187722.7567
177712.5103
166766.8417
154918.9626
142247.4377
128969.831
115130.942
100962.0061
86770.85301
72928.91222
59829.06696
47838.01133
37239.50254
28195.68072
20742.29522
14805.56452
293399.0091
293323.528
293240.1915
293151.9526
293060.5811
292966.2744
292868.0227
292764.1718
292652.9
292532.5776
292402.0093
292260.5245
292107.8746
291943.9486
291768.3818
291580.196
291377.6528
291158.4064
290919.8465
290659.4849
290375.2229
290065.3416
289728.2569
289362.2078
288965.0514
288534.3082
288067.4436
287562.2227
287017.0118
286430.837
285802.9631
285132.8867
284419.6657
283661.0416
282853.9197
281994.112
281076.9535
280097.3962
279050.7306
277931.783
276734.7587
275453.9227
274083.4314
272616.6941
271046.1326
269363.2213
267555.6003
265611.4658
263518.388
261264.0967
258835.5587
256217.5991
253390.164
250330.3085
247010.7196
243392.8867
239434.0381
235078.3664
230265.3726
224930.7223
218994.1013
212378.2835
205006.0623
196805.8501
187722.7567
177712.5103
166766.8417
154918.9626
142247.4377
128969.831
115130.942
100962.0061
86770.85301
72928.91222
59829.06696
47838.01133
37239.50254
28195.68072
20742.29522
14805.56452
293399.0091
293323.528
293240.1915
293151.9526
293060.5811
292966.2744
292868.0227
292764.1718
292652.9
292532.5776
292402.0093
292260.5245
292107.8746
291943.9486
291768.3818
291580.196
291377.6528
291158.4064
290919.8465
290659.4849
290375.2229
290065.3416
289728.2569
289362.2078
288965.0514
288534.3082
288067.4436
287562.2227
287017.0118
286430.837
285802.9631
285132.8867
284419.6657
283661.0416
282853.9197
281994.112
281076.9535
280097.3962
279050.7306
277931.783
276734.7587
275453.9227
274083.4314
272616.6941
271046.1326
269363.2213
267555.6003
265611.4658
263518.388
261264.0967
258835.5587
256217.5991
253390.164
250330.3085
247010.7196
243392.8867
239434.0381
235078.3664
230265.3726
224930.7223
218994.1013
212378.2835
205006.0623
196805.8501
187722.7567
177712.5103
166766.8417
154918.9626
142247.4377
128969.831
115130.942
100962.0061
86770.85301
72928.91222
59829.06696
47838.01133
37239.50254
28195.68072
20742.29522
14805.56452
293399.0091
293323.528
293240.1915
293151.9526
293060.5811
292966.2744
292868.0227
292764.1718
292652.9
292532.5776
292402.0093
292260.5245
292107.8746
291943.9486
291768.3818
291580.196
291377.6528
291158.4064
290919.8465
290659.4849
290375.2229
290065.3416
289728.2569
289362.2078
288965.0514
288534.3082
288067.4436
287562.2227
287017.0118
286430.837
285802.9631
285132.8867
284419.6657
283661.0416
282853.9197
281994.112
281076.9535
280097.3962
279050.7306
277931.783
276734.7587
275453.9227
274083.4314
272616.6941
271046.1326
269363.2213
267555.6003
265611.4658
263518.388
261264.0967
258835.5587
256217.5991
253390.164
250330.3085
247010.7196
243392.8867
239434.0381
235078.3664
230265.3726
224930.7223
218994.1013
212378.2835
205006.0623
196805.8501
187722.7567
177712.5103
166766.8417
154918.9626
142247.4377
128969.831
115130.942
100962.0061
86770.85301
72928.91222
59829.06696
47838.01133
37239.50254
28195.68072
20742.29522
14805.56452
293399.0091
293323.528
293240.1915
293151.9526
293060.5811
292966.2744
292868.0227
292764.1718
292652.9
292532.5776
292402.0093
292260.5245
292107.8746
291943.9486
291768.3818
291580.196
291377.6528
291158.4064
290919.8465
290659.4849
290375.2229
290065.3416
289728.2569
289362.2078
288965.0514
288534.3082
288067.4436
287562.2227
287017.0118
286430.837
285802.9631
285132.8867
284419.6657
283661.0416
282853.9197
281994.112
281076.9535
280097.3962
279050.7306
277931.783
276734.7587
275453.9227
274083.4314
272616.6941
271046.1326
269363.2213
267555.6003
265611.4658
263518.388
261264.0967
258835.5587
256217.5991
253390.164
250330.3085
247010.7196
243392.8867
239434.0381
235078.3664
230265.3726
224930.7223
218994.1013
212378.2835
205006.0623
196805.8501
187722.7567
177712.5103
166766.8417
154918.9626
142247.4377
128969.831
115130.942
100962.0061
86770.85301
72928.91222
59829.06696
47838.01133
37239.50254
28195.68072
20742.29522
14805.56452
293399.0091
293323.528
293240.1915
293151.9526
293060.5811
292966.2744
292868.0227
292764.1718
292652.9
292532.5776
292402.0093
292260.5245
292107.8746
291943.9486
291768.3818
291580.196
291377.6528
291158.4064
290919.8465
290659.4849
290375.2229
290065.3416
289728.2569
289362.2078
288965.0514
288534.3082
288067.4436
287562.2227
287017.0118
286430.837
285802.9631
285132.8867
284419.6657
283661.0416
282853.9197
281994.112
281076.9535
280097.3962
279050.7306
277931.783
276734.7587
275453.9227
274083.4314
272616.6941
271046.1326
269363.2213
267555.6003
265611.4658
263518.388
261264.0967
258835.5587
256217.5991
253390.164
250330.3085
247010.7196
243392.8867
239434.0381
235078.3664
230265.3726
224930.7223
218994.1013
212378.2835
205006.0623
196805.8501
187722.7567
177712.5103
166766.8417
154918.9626
142247.4377
128969.831
115130.942
100962.0061
86770.85301
72928.91222
59829.06696
47838.01133
37239.50254
28195.68072
20742.29522
14805.56452
293399.0091
293323.528
293240.1915
293151.9526
293060.5811
292966.2744
292868.0227
292764.1718
292652.9
292532.5776
292402.0093
292260.5245
292107.8746
291943.9486
291768.3818
291580.196
291377.6528
291158.4064
290919.8465
290659.4849
290375.2229
290065.3416
289728.2569
289362.2078
288965.0514
288534.3082
288067.4436
287562.2227
287017.0118
286430.837
285802.9631
285132.8867
284419.6657
283661.0416
282853.9197
281994.112
281076.9535
280097.3962
279050.7306
277931.783
276734.7587
275453.9227
274083.4314
272616.6941
271046.1326
269363.2213
267555.6003
265611.4658
263518.388
261264.0967
258835.5587
256217.5991
253390.164
250330.3085
247010.7196
243392.8867
239434.0381
235078.3664
230265.3726
224930.7223
218994.1013
212378.2835
205006.0623
196805.8501
187722.7567
177712.5103
166766.8417
154918.9626
142247.4377
128969.831
115130.942
100962.0061
86770.85301
72928.91222
59829.06696
47838.01133
37239.50254
28195.68072
20742.29522
14805.56452
293399.0091
293323.528
293240.1915
293151.9526
293060.5811
292966.2744
292868.0227
292764.1718
292652.9
292532.5776
292402.0093
292260.5245
292107.8746
291943.9486
291768.3818
291580.196
291377.6528
291158.4064
290919.8465
290659.4849
290375.2229
290065.3416
289728.2569
289362.2078
288965.0514
288534.3082
288067.4436
287562.2227
287017.0118
286430.837
285802.9631
285132.8867
284419.6657
283661.0416
282853.9197
281994.112
281076.9535
280097.3962
279050.7306
277931.783
276734.7587
275453.9227
274083.4314
272616.6941
271046.1326
269363.2213
267555.6003
265611.4658
263518.388
261264.0967
258835.5587
256217.5991
253390.164
250330.3085
247010.7196
243392.8867
239434.0381
235078.3664
230265.3726
224930.7223
218994.1013
212378.2835
205006.0623
196805.8501
187722.7567
177712.5103
166766.8417
154918.9626
142247.4377
128969.831
115130.942
100962.0061
86770.85301
72928.91222
59829.06696
47838.01133
37239.50254
28195.68072
20742.29522
14805.56452
293399.0091
293323.528
293240.1915
293151.9526
293060.5811
292966.2744
292868.0227
292764.1718
292652.9
292532.5776
292402.0093
292260.5245
292107.8746
291943.9486
291768.3818
291580.196
291377.6528
291158.4064
290919.8465
290659.4849
290375.2229
290065.3416
289728.2569
289362.2078
288965.0514
288534.3082
288067.4436
287562.2227
287017.0118
286430.837
285802.9631
285132.8867
284419.6657
283661.0416
282853.9197
281994.112
281076.9535
280097.3962
279050.7306
277931.783
276734.7587
275453.9227
274083.4314
272616.6941
271046.1326
269363.2213
267555.6003
265611.4658
263518.388
261264.0967
258835.5587
256217.5991
253390.164
250330.3085
247010.7196
243392.8867
239434.0381
235078.3664
230265.3726
224930.7223
218994.1013
212378.2835
205006.0623
196805.8501
187722.7567
177712.5103
166766.8417
154918.9626
142247.4377
128969.831
115130.942
100962.0061
86770.85301
72928.91222
59829.06696
47838.01133
37239.50254
28195.68072
20742.29522
14805.56452
293399.0091
293323.528
293240.1915
293151.9526
293060.5811
292966.2744
292868.0227
292764.1718
292652.9
292532.5776
292402.0093
292260.5245
292107.8746
291943.9486
291768.3818
291580.196
291377.6528
291158.4064
290919.8465
290659.4849
290375.2229
290065.3416
289728.2569
289362.2078
288965.0514
288534.3082
288067.4436
287562.2227
287017.0118
286430.837
285802.9631
285132.8867
284419.6657
283661.0416
282853.9197
281994.112
281076.9535
280097.3962
279050.7306
277931.783
276734.7587
275453.9227
274083.4314
272616.6941
271046.1326
269363.2213
267555.6003
265611.4658
263518.388
261264.0967
258835.5587
256217.5991
253390.164
250330.3085
247010.7196
243392.8867
239434.0381
235078.3664
230265.3726
224930.7223
218994.1013
212378.2835
205006.0623
196805.8501
187722.7567
177712.5103
166766.8417
154918.9626
142247.4377
128969.831
115130.942
100962.0061
86770.85301
72928.91222
59829.06696
47838.01133
37239.50254
28195.68072
20742.29522
14805.56452
293399.0091
293323.528
293240.1915
293151.9526
293060.5811
292966.2744
292868.0227
292764.1718
292652.9
292532.5776
292402.0093
292260.5245
292107.8746
291943.9486
291768.3818
291580.196
291377.6528
291158.4064
290919.8465
290659.4849
290375.2229
290065.3416
289728.2569
289362.2078
288965.0514
288534.3082
288067.4436
287562.2227
287017.0118
286430.837
285802.9631
285132.8867
284419.6657
283661.0416
282853.9197
281994.112
281076.9535
280097.3962
279050.7306
277931.783
276734.7587
275453.9227
274083.4314
272616.6941
271046.1326
269363.2213
267555.6003
265611.4658
263518.388
261264.0967
258835.5587
256217.5991
253390.164
250330.3085
247010.7196
243392.8867
239434.0381
235078.3664
230265.3726
224930.7223
218994.1013
212378.2835
205006.0623
196805.8501
187722.7567
177712.5103
166766.8417
154918.9626
142247.4377
128969.831
115130.942
100962.0061
86770.85301
72928.91222
59829.06696
47838.01133
37239.50254
28195.68072
20742.29522
14805.56452
293399.0091
293323.528
293240.1915
293151.9526
293060.5811
292966.2744
292868.0227
292764.1718
292652.9
292532.5776
292402.0093
292260.5245
292107.8746
291943.9486
291768.3818
291580.196
291377.6528
291158.4064
290919.8465
290659.4849
290375.2229
290065.3416
289728.2569
289362.2078
288965.0514
288534.3082
288067.4436
287562.2227
287017.0118
286430.837
285802.9631
285132.8867
284419.6657
283661.0416
282853.9197
281994.112
281076.9535
280097.3962
279050.7306
277931.783
276734.7587
275453.9227
274083.4314
272616.6941
271046.1326
269363.2213
267555.6003
265611.4658
263518.388
261264.0967
258835.5587
256217.5991
253390.164
250330.3085
247010.7196
243392.8867
239434.0381
235078.3664
230265.3726
224930.7223
218994.1013
212378.2835
205006.0623
196805.8501
187722.7567
177712.5103
166766.8417
154918.9626
142247.4377
128969.831
115130.942
100962.0061
86770.85301
72928.91222
59829.06696
47838.01133
37239.50254
28195.68072
20742.29522
14805.56452
293399.0091
293323.528
293240.1915
293151.9526
293060.5811
292966.2744
292868.0227
292764.1718
292652.9
292532.5776
292402.0093
292260.5245
292107.8746
291943.9486
291768.3818
291580.196
291377.6528
291158.4064
290919.8465
290659.4849
290375.2229
290065.3416
289728.2569
289362.2078
288965.0514
288534.3082
288067.4436
287562.2227
287017.0118
286430.837
285802.9631
285132.8867
284419.6657
283661.0416
282853.9197
281994.112
281076.9535
280097.3962
279050.7306
277931.783
276734.7587
275453.9227
274083.4314
272616.6941
271046.1326
269363.2213
267555.6003
265611.4658
263518.388
261264.0967
258835.5587
256217.5991
253390.164
250330.3085
247010.7196
243392.8867
239434.0381
235078.3664
230265.3726
224930.7223
218994.1013
212378.2835
205006.0623
196805.8501
187722.7567
177712.5103
166766.8417
154918.9626
142247.4377
128969.831
115130.942
100962.0061
86770.85301
72928.91222
59829.06696
47838.01133
37239.50254
28195.68072
20742.29522
14805.56452
293399.0091
293323.528
293240.1915
293151.9526
293060.5811
292966.2744
292868.0227
292764.1718
292652.9
292532.5776
292402.0093
292260.5245
292107.8746
291943.9486
291768.3818
291580.196
291377.6528
291158.4064
290919.8465
290659.4849
290375.2229
290065.3416
289728.2569
289362.2078
288965.0514
288534.3082
288067.4436
287562.2227
287017.0118
286430.837
285802.9631
285132.8867
284419.6657
283661.0416
282853.9197
281994.112
281076.9535
280097.3962
279050.7306
277931.783
276734.7587
275453.9227
274083.4314
272616.6941
271046.1326
269363.2213
267555.6003
265611.4658
263518.388
261264.0967
258835.5587
256217.5991
253390.164
250330.3085
247010.7196
243392.8867
239434.0381
235078.3664
230265.3726
224930.7223
218994.1013
212378.2835
205006.0623
196805.8501
187722.7567
177712.5103
166766.8417
154918.9626
142247.4377
128969.831
115130.942
100962.0061
86770.85301
72928.91222
59829.06696
47838.01133
37239.50254
28195.68072
20742.29522
14805.56452
293399.0091
293323.528
293240.1915
293151.9526
293060.5811
292966.2744
292868.0227
292764.1718
292652.9
292532.5776
292402.0093
292260.5245
292107.8746
291943.9486
291768.3818
291580.196
291377.6528
291158.4064
290919.8465
290659.4849
290375.2229
290065.3416
289728.2569
289362.2078
288965.0514
288534.3082
288067.4436
287562.2227
287017.0118
286430.837
285802.9631
285132.8867
284419.6657
283661.0416
282853.9197
281994.112
281076.9535
280097.3962
279050.7306
277931.783
276734.7587
275453.9227
274083.4314
272616.6941
271046.1326
269363.2213
267555.6003
265611.4658
263518.388
261264.0967
258835.5587
256217.5991
253390.164
250330.3085
247010.7196
243392.8867
239434.0381
235078.3664
230265.3726
224930.7223
218994.1013
212378.2835
205006.0623
196805.8501
187722.7567
177712.5103
166766.8417
154918.9626
142247.4377
128969.831
115130.942
100962.0061
86770.85301
72928.91222
59829.06696
47838.01133
37239.50254
28195.68072
20742.29522
14805.56452
293399.0091
293323.528
293240.1915
293151.9526
293060.5811
292966.2744
292868.0227
292764.1718
292652.9
292532.5776
292402.0093
292260.5245
292107.8746
291943.9486
291768.3818
291580.196
291377.6528
291158.4064
290919.8465
290659.4849
290375.2229
290065.3416
289728.2569
289362.2078
288965.0514
288534.3082
288067.4436
287562.2227
287017.0118
286430.837
285802.9631
285132.8867
284419.6657
283661.0416
282853.9197
281994.112
281076.9535
280097.3962
279050.7306
277931.783
276734.7587
275453.9227
274083.4314
272616.6941
271046.1326
269363.2213
267555.6003
265611.4658
263518.388
261264.0967
258835.5587
256217.5991
253390.164
250330.3085
247010.7196
243392.8867
239434.0381
235078.3664
230265.3726
224930.7223
218994.1013
212378.2835
205006.0623
196805.8501
187722.7567
177712.5103
166766.8417
154918.9626
142247.4377
128969.831
115130.942
100962.0061
86770.85301
72928.91222
59829.06696
47838.01133
37239.50254
28195.68072
20742.29522
14805.56452
293399.0091
293323.528
293240.1915
293151.9526
293060.5811
292966.2744
292868.0227
292764.1718
292652.9
292532.5776
292402.0093
292260.5245
292107.8746
291943.9486
291768.3818
291580.196
291377.6528
291158.4064
290919.8465
290659.4849
290375.2229
290065.3416
289728.2569
289362.2078
288965.0514
288534.3082
288067.4436
287562.2227
287017.0118
286430.837
285802.9631
285132.8867
284419.6657
283661.0416
282853.9197
281994.112
281076.9535
280097.3962
279050.7306
277931.783
276734.7587
275453.9227
274083.4314
272616.6941
271046.1326
269363.2213
267555.6003
265611.4658
263518.388
261264.0967
258835.5587
256217.5991
253390.164
250330.3085
247010.7196
243392.8867
239434.0381
235078.3664
230265.3726
224930.7223
218994.1013
212378.2835
205006.0623
196805.8501
187722.7567
177712.5103
166766.8417
154918.9626
142247.4377
128969.831
115130.942
100962.0061
86770.85301
72928.91222
59829.06696
47838.01133
37239.50254
28195.68072
20742.29522
14805.56452
293399.0091
293323.528
293240.1915
293151.9526
293060.5811
292966.2744
292868.0227
292764.1718
292652.9
292532.5776
292402.0093
292260.5245
292107.8746
291943.9486
291768.3818
291580.196
291377.6528
291158.4064
290919.8465
290659.4849
290375.2229
290065.3416
289728.2569
289362.2078
288965.0514
288534.3082
288067.4436
287562.2227
287017.0118
286430.837
285802.9631
285132.8867
284419.6657
283661.0416
282853.9197
281994.112
281076.9535
280097.3962
279050.7306
277931.783
276734.7587
275453.9227
274083.4314
272616.6941
271046.1326
269363.2213
267555.6003
265611.4658
263518.388
261264.0967
258835.5587
256217.5991
253390.164
250330.3085
247010.7196
243392.8867
239434.0381
235078.3664
230265.3726
224930.7223
218994.1013
212378.2835
205006.0623
196805.8501
187722.7567
177712.5103
166766.8417
154918.9626
142247.4377
128969.831
115130.942
100962.0061
86770.85301
72928.91222
59829.06696
47838.01133
37239.50254
28195.68072
20742.29522
14805.56452
293399.0091
293323.528
293240.1915
293151.9526
293060.5811
292966.2744
292868.0227
292764.1718
292652.9
292532.5776
292402.0093
292260.5245
292107.8746
291943.9486
291768.3818
291580.196
291377.6528
291158.4064
290919.8465
290659.4849
290375.2229
290065.3416
289728.2569
289362.2078
288965.0514
288534.3082
288067.4436
287562.2227
287017.0118
286430.837
285802.9631
285132.8867
284419.6657
283661.0416
282853.9197
281994.112
281076.9535
280097.3962
279050.7306
277931.783
276734.7587
275453.9227
274083.4314
272616.6941
271046.1326
269363.2213
267555.6003
265611.4658
263518.388
261264.0967
258835.5587
256217.5991
253390.164
250330.3085
247010.7196
243392.8867
239434.0381
235078.3664
230265.3726
224930.7223
218994.1013
212378.2835
205006.0623
196805.8501
187722.7567
177712.5103
166766.8417
154918.9626
142247.4377
128969.831
115130.942
100962.0061
86770.85301
72928.91222
59829.06696
47838.01133
37239.50254
28195.68072
20742.29522
14805.56452
293399.0091
293323.528
293240.1915
293151.9526
293060.5811
292966.2744
292868.0227
292764.1718
292652.9
292532.5776
292402.0093
292260.5245
292107.8746
291943.9486
291768.3818
291580.196
291377.6528
291158.4064
290919.8465
290659.4849
290375.2229
290065.3416
289728.2569
289362.2078
288965.0514
288534.3082
288067.4436
287562.2227
287017.0118
286430.837
285802.9631
285132.8867
284419.6657
283661.0416
282853.9197
281994.112
281076.9535
280097.3962
279050.7306
277931.783
276734.7587
275453.9227
274083.4314
272616.6941
271046.1326
269363.2213
267555.6003
265611.4658
263518.388
261264.0967
258835.5587
256217.5991
253390.164
250330.3085
247010.7196
243392.8867
239434.0381
235078.3664
230265.3726
224930.7223
218994.1013
212378.2835
205006.0623
196805.8501
187722.7567
177712.5103
166766.8417
154918.9626
142247.4377
128969.831
115130.942
100962.0061
86770.85301
72928.91222
59829.06696
47838.01133
37239.50254
28195.68072
20742.29522
14805.56452
293399.0091
293323.528
293240.1915
293151.9526
293060.5811
292966.2744
292868.0227
292764.1718
292652.9
292532.5776
292402.0093
292260.5245
292107.8746
291943.9486
291768.3818
291580.196
291377.6528
291158.4064
290919.8465
290659.4849
290375.2229
290065.3416
289728.2569
289362.2078
288965.0514
288534.3082
288067.4436
287562.2227
287017.0118
286430.837
285802.9631
285132.8867
284419.6657
283661.0416
282853.9197
281994.112
281076.9535
280097.3962
279050.7306
277931.783
276734.7587
275453.9227
274083.4314
272616.6941
271046.1326
269363.2213
267555.6003
265611.4658
263518.388
261264.0967
258835.5587
256217.5991
253390.164
250330.3085
247010.7196
243392.8867
239434.0381
235078.3664
230265.3726
224930.7223
218994.1013
212378.2835
205006.0623
196805.8501
187722.7567
177712.5103
166766.8417
154918.9626
142247.4377
128969.831
115130.942
100962.0061
86770.85301
72928.91222
59829.06696
47838.01133
37239.50254
28195.68072
20742.29522
14805.56452
293399.0091
293323.528
293240.1915
293151.9526
293060.5811
292966.2744
292868.0227
292764.1718
292652.9
292532.5776
292402.0093
292260.5245
292107.8746
291943.9486
291768.3818
291580.196
291377.6528
291158.4064
290919.8465
290659.4849
290375.2229
290065.3416
289728.2569
289362.2078
288965.0514
288534.3082
288067.4436
287562.2227
287017.0118
286430.837
285802.9631
285132.8867
284419.6657
283661.0416
282853.9197
281994.112
281076.9535
280097.3962
279050.7306
277931.783
276734.7587
275453.9227
274083.4314
272616.6941
271046.1326
269363.2213
267555.6003
265611.4658
263518.388
261264.0967
258835.5587
256217.5991
253390.164
250330.3085
247010.7196
243392.8867
239434.0381
235078.3664
230265.3726
224930.7223
218994.1013
212378.2835
205006.0623
196805.8501
187722.7567
177712.5103
166766.8417
154918.9626
142247.4377
128969.831
115130.942
100962.0061
86770.85301
72928.91222
59829.06696
47838.01133
37239.50254
28195.68072
20742.29522
14805.56452
293399.0091
293323.528
293240.1915
293151.9526
293060.5811
292966.2744
292868.0227
292764.1718
292652.9
292532.5776
292402.0093
292260.5245
292107.8746
291943.9486
291768.3818
291580.196
291377.6528
291158.4064
290919.8465
290659.4849
290375.2229
290065.3416
289728.2569
289362.2078
288965.0514
288534.3082
288067.4436
287562.2227
287017.0118
286430.837
285802.9631
285132.8867
284419.6657
283661.0416
282853.9197
281994.112
281076.9535
280097.3962
279050.7306
277931.783
276734.7587
275453.9227
274083.4314
272616.6941
271046.1326
269363.2213
267555.6003
265611.4658
263518.388
261264.0967
258835.5587
256217.5991
253390.164
250330.3085
247010.7196
243392.8867
239434.0381
235078.3664
230265.3726
224930.7223
218994.1013
212378.2835
205006.0623
196805.8501
187722.7567
177712.5103
166766.8417
154918.9626
142247.4377
128969.831
115130.942
100962.0061
86770.85301
72928.91222
59829.06696
47838.01133
37239.50254
28195.68072
20742.29522
14805.56452
293399.0091
293323.528
293240.1915
293151.9526
293060.5811
292966.2744
292868.0227
292764.1718
292652.9
292532.5776
292402.0093
292260.5245
292107.8746
291943.9486
291768.3818
291580.196
291377.6528
291158.4064
290919.8465
290659.4849
290375.2229
290065.3416
289728.2569
289362.2078
288965.0514
288534.3082
288067.4436
287562.2227
287017.0118
286430.837
285802.9631
285132.8867
284419.6657
283661.0416
282853.9197
281994.112
281076.9535
280097.3962
279050.7306
277931.783
276734.7587
275453.9227
274083.4314
272616.6941
271046.1326
269363.2213
267555.6003
265611.4658
263518.388
261264.0967
258835.5587
256217.5991
253390.164
250330.3085
247010.7196
243392.8867
239434.0381
235078.3664
230265.3726
224930.7223
218994.1013
212378.2835
205006.0623
196805.8501
187722.7567
177712.5103
166766.8417
154918.9626
142247.4377
128969.831
115130.942
100962.0061
86770.85301
72928.91222
59829.06696
47838.01133
37239.50254
28195.68072
20742.29522
14805.56452
293399.0091
293323.528
293240.1915
293151.9526
293060.5811
292966.2744
292868.0227
292764.1718
292652.9
292532.5776
292402.0093
292260.5245
292107.8746
291943.9486
291768.3818
291580.196
291377.6528
291158.4064
290919.8465
290659.4849
290375.2229
290065.3416
289728.2569
289362.2078
288965.0514
288534.3082
288067.4436
287562.2227
287017.0118
286430.837
285802.9631
285132.8867
284419.6657
283661.0416
282853.9197
281994.112
281076.9535
280097.3962
279050.7306
277931.783
276734.7587
275453.9227
274083.4314
272616.6941
271046.1326
269363.2213
267555.6003
265611.4658
263518.388
261264.0967
258835.5587
256217.5991
253390.164
250330.3085
247010.7196
243392.8867
239434.0381
235078.3664
230265.3726
224930.7223
218994.1013
212378.2835
205006.0623
196805.8501
187722.7567
177712.5103
166766.8417
154918.9626
142247.4377
128969.831
115130.942
100962.0061
86770.85301
72928.91222
59829.06696
47838.01133
37239.50254
28195.68072
20742.29522
14805.56452
293399.0091
293323.528
293240.1915
293151.9526
293060.5811
292966.2744
292868.0227
292764.1718
292652.9
292532.5776
292402.0093
292260.5245
292107.8746
291943.9486
291768.3818
291580.196
291377.6528
291158.4064
290919.8465
290659.4849
290375.2229
290065.3416
289728.2569
289362.2078
288965.0514
288534.3082
288067.4436
287562.2227
287017.0118
286430.837
285802.9631
285132.8867
284419.6657
283661.0416
282853.9197
281994.112
281076.9535
280097.3962
279050.7306
277931.783
276734.7587
275453.9227
274083.4314
272616.6941
271046.1326
269363.2213
267555.6003
265611.4658
263518.388
261264.0967
258835.5587
256217.5991
253390.164
250330.3085
247010.7196
243392.8867
239434.0381
235078.3664
230265.3726
224930.7223
218994.1013
212378.2835
205006.0623
196805.8501
187722.7567
177712.5103
166766.8417
154918.9626
142247.4377
128969.831
115130.942
100962.0061
86770.85301
72928.91222
59829.06696
47838.01133
37239.50254
28195.68072
20742.29522
14805.56452
293399.0091
293323.528
293240.1915
293151.9526
293060.5811
292966.2744
292868.0227
292764.1718
292652.9
292532.5776
292402.0093
292260.5245
292107.8746
291943.9486
291768.3818
291580.196
291377.6528
291158.4064
290919.8465
290659.4849
290375.2229
290065.3416
289728.2569
289362.2078
288965.0514
288534.3082
288067.4436
287562.2227
287017.0118
286430.837
285802.9631
285132.8867
284419.6657
283661.0416
282853.9197
281994.112
281076.9535
280097.3962
279050.7306
277931.783
276734.7587
275453.9227
274083.4314
272616.6941
271046.1326
269363.2213
267555.6003
265611.4658
263518.388
261264.0967
258835.5587
256217.5991
253390.164
250330.3085
247010.7196
243392.8867
239434.0381
235078.3664
230265.3726
224930.7223
218994.1013
212378.2835
205006.0623
196805.8501
187722.7567
177712.5103
166766.8417
154918.9626
142247.4377
128969.831
115130.942
100962.0061
86770.85301
72928.91222
59829.06696
47838.01133
37239.50254
28195.68072
20742.29522
14805.56452
293399.0091
293323.528
293240.1915
293151.9526
293060.5811
292966.2744
292868.0227
292764.1718
292652.9
292532.5776
292402.0093
292260.5245
292107.8746
291943.9486
291768.3818
291580.196
291377.6528
291158.4064
290919.8465
290659.4849
290375.2229
290065.3416
289728.2569
289362.2078
288965.0514
288534.3082
288067.4436
287562.2227
287017.0118
286430.837
285802.9631
285132.8867
284419.6657
283661.0416
282853.9197
281994.112
281076.9535
280097.3962
279050.7306
277931.783
276734.7587
275453.9227
274083.4314
272616.6941
271046.1326
269363.2213
267555.6003
265611.4658
263518.388
261264.0967
258835.5587
256217.5991
253390.164
250330.3085
247010.7196
243392.8867
239434.0381
235078.3664
230265.3726
224930.7223
218994.1013
212378.2835
205006.0623
196805.8501
187722.7567
177712.5103
166766.8417
154918.9626
142247.4377
128969.831
115130.942
100962.0061
86770.85301
72928.91222
59829.06696
47838.01133
37239.50254
28195.68072
20742.29522
14805.56452
293399.0091
293323.528
293240.1915
293151.9526
293060.5811
292966.2744
292868.0227
292764.1718
292652.9
292532.5776
292402.0093
292260.5245
292107.8746
291943.9486
291768.3818
291580.196
291377.6528
291158.4064
290919.8465
290659.4849
290375.2229
290065.3416
289728.2569
289362.2078
288965.0514
288534.3082
288067.4436
287562.2227
287017.0118
286430.837
285802.9631
285132.8867
284419.6657
283661.0416
282853.9197
281994.112
281076.9535
280097.3962
279050.7306
277931.783
276734.7587
275453.9227
274083.4314
272616.6941
271046.1326
269363.2213
267555.6003
265611.4658
263518.388
261264.0967
258835.5587
256217.5991
253390.164
250330.3085
247010.7196
243392.8867
239434.0381
235078.3664
230265.3726
224930.7223
218994.1013
212378.2835
205006.0623
196805.8501
187722.7567
177712.5103
166766.8417
154918.9626
142247.4377
128969.831
115130.942
100962.0061
86770.85301
72928.91222
59829.06696
47838.01133
37239.50254
28195.68072
20742.29522
14805.56452
293399.0091
293323.528
293240.1915
293151.9526
293060.5811
292966.2744
292868.0227
292764.1718
292652.9
292532.5776
292402.0093
292260.5245
292107.8746
291943.9486
291768.3818
291580.196
291377.6528
291158.4064
290919.8465
290659.4849
290375.2229
290065.3416
289728.2569
289362.2078
288965.0514
288534.3082
288067.4436
287562.2227
287017.0118
286430.837
285802.9631
285132.8867
284419.6657
283661.0416
282853.9197
281994.112
281076.9535
280097.3962
279050.7306
277931.783
276734.7587
275453.9227
274083.4314
272616.6941
271046.1326
269363.2213
267555.6003
265611.4658
263518.388
261264.0967
258835.5587
256217.5991
253390.164
250330.3085
247010.7196
243392.8867
239434.0381
235078.3664
230265.3726
224930.7223
218994.1013
212378.2835
205006.0623
196805.8501
187722.7567
177712.5103
166766.8417
154918.9626
142247.4377
128969.831
115130.942
100962.0061
86770.85301
72928.91222
59829.06696
47838.01133
37239.50254
28195.68072
20742.29522
14805.56452
293399.0091
293323.528
293240.1915
293151.9526
293060.5811
292966.2744
292868.0227
292764.1718
292652.9
292532.5776
292402.0093
292260.5245
292107.8746
291943.9486
291768.3818
291580.196
291377.6528
291158.4064
290919.8465
290659.4849
290375.2229
290065.3416
289728.2569
289362.2078
288965.0514
288534.3082
288067.4436
287562.2227
287017.0118
286430.837
285802.9631
285132.8867
284419.6657
283661.0416
282853.9197
281994.112
281076.9535
280097.3962
279050.7306
277931.783
276734.7587
275453.9227
274083.4314
272616.6941
271046.1326
269363.2213
267555.6003
265611.4658
263518.388
261264.0967
258835.5587
256217.5991
253390.164
250330.3085
247010.7196
243392.8867
239434.0381
235078.3664
230265.3726
224930.7223
218994.1013
212378.2835
205006.0623
196805.8501
187722.7567
177712.5103
166766.8417
154918.9626
142247.4377
128969.831
115130.942
100962.0061
86770.85301
72928.91222
59829.06696
47838.01133
37239.50254
28195.68072
20742.29522
14805.56452
293399.0091
293323.528
293240.1915
293151.9526
293060.5811
292966.2744
292868.0227
292764.1718
292652.9
292532.5776
292402.0093
292260.5245
292107.8746
291943.9486
291768.3818
291580.196
291377.6528
291158.4064
290919.8465
290659.4849
290375.2229
290065.3416
289728.2569
289362.2078
288965.0514
288534.3082
288067.4436
287562.2227
287017.0118
286430.837
285802.9631
285132.8867
284419.6657
283661.0416
282853.9197
281994.112
281076.9535
280097.3962
279050.7306
277931.783
276734.7587
275453.9227
274083.4314
272616.6941
271046.1326
269363.2213
267555.6003
265611.4658
263518.388
261264.0967
258835.5587
256217.5991
253390.164
250330.3085
247010.7196
243392.8867
239434.0381
235078.3664
230265.3726
224930.7223
218994.1013
212378.2835
205006.0623
196805.8501
187722.7567
177712.5103
166766.8417
154918.9626
142247.4377
128969.831
115130.942
100962.0061
86770.85301
72928.91222
59829.06696
47838.01133
37239.50254
28195.68072
20742.29522
14805.56452
293399.0091
293323.528
293240.1915
293151.9526
293060.5811
292966.2744
292868.0227
292764.1718
292652.9
292532.5776
292402.0093
292260.5245
292107.8746
291943.9486
291768.3818
291580.196
291377.6528
291158.4064
290919.8465
290659.4849
290375.2229
290065.3416
289728.2569
289362.2078
288965.0514
288534.3082
288067.4436
287562.2227
287017.0118
286430.837
285802.9631
285132.8867
284419.6657
283661.0416
282853.9197
281994.112
281076.9535
280097.3962
279050.7306
277931.783
276734.7587
275453.9227
274083.4314
272616.6941
271046.1326
269363.2213
267555.6003
265611.4658
263518.388
261264.0967
258835.5587
256217.5991
253390.164
250330.3085
247010.7196
243392.8867
239434.0381
235078.3664
230265.3726
224930.7223
218994.1013
212378.2835
205006.0623
196805.8501
187722.7567
177712.5103
166766.8417
154918.9626
142247.4377
128969.831
115130.942
100962.0061
86770.85301
72928.91222
59829.06696
47838.01133
37239.50254
28195.68072
20742.29522
14805.56452
293399.0091
293323.528
293240.1915
293151.9526
293060.5811
292966.2744
292868.0227
292764.1718
292652.9
292532.5776
292402.0093
292260.5245
292107.8746
291943.9486
291768.3818
291580.196
291377.6528
291158.4064
290919.8465
290659.4849
290375.2229
290065.3416
289728.2569
289362.2078
288965.0514
288534.3082
288067.4436
287562.2227
287017.0118
286430.837
285802.9631
285132.8867
284419.6657
283661.0416
282853.9197
281994.112
281076.9535
280097.3962
279050.7306
277931.783
276734.7587
275453.9227
274083.4314
272616.6941
271046.1326
269363.2213
267555.6003
265611.4658
263518.388
261264.0967
258835.5587
256217.5991
253390.164
250330.3085
247010.7196
243392.8867
239434.0381
235078.3664
230265.3726
224930.7223
218994.1013
212378.2835
205006.0623
196805.8501
187722.7567
177712.5103
166766.8417
154918.9626
142247.4377
128969.831
115130.942
100962.0061
86770.85301
72928.91222
59829.06696
47838.01133
37239.50254
28195.68072
20742.29522
14805.56452
293399.0091
293323.528
293240.1915
293151.9526
293060.5811
292966.2744
292868.0227
292764.1718
292652.9
292532.5776
292402.0093
292260.5245
292107.8746
291943.9486
291768.3818
291580.196
291377.6528
291158.4064
290919.8465
290659.4849
290375.2229
290065.3416
289728.2569
289362.2078
288965.0514
288534.3082
288067.4436
287562.2227
287017.0118
286430.837
285802.9631
285132.8867
284419.6657
283661.0416
282853.9197
281994.112
281076.9535
280097.3962
279050.7306
277931.783
276734.7587
275453.9227
274083.4314
272616.6941
271046.1326
269363.2213
267555.6003
265611.4658
263518.388
261264.0967
258835.5587
256217.5991
253390.164
250330.3085
247010.7196
243392.8867
239434.0381
235078.3664
230265.3726
224930.7223
218994.1013
212378.2835
205006.0623
196805.8501
187722.7567
177712.5103
166766.8417
154918.9626
142247.4377
128969.831
115130.942
100962.0061
86770.85301
72928.91222
59829.06696
47838.01133
37239.50254
28195.68072
20742.29522
14805.56452
293399.0091
293323.528
293240.1915
293151.9526
293060.5811
292966.2744
292868.0227
292764.1718
292652.9
292532.5776
292402.0093
292260.5245
292107.8746
291943.9486
291768.3818
291580.196
291377.6528
291158.4064
290919.8465
290659.4849
290375.2229
290065.3416
289728.2569
289362.2078
288965.0514
288534.3082
288067.4436
287562.2227
287017.0118
286430.837
285802.9631
285132.8867
284419.6657
283661.0416
282853.9197
281994.112
281076.9535
280097.3962
279050.7306
277931.783
276734.7587
275453.9227
274083.4314
272616.6941
271046.1326
269363.2213
267555.6003
265611.4658
263518.388
261264.0967
258835.5587
256217.5991
253390.164
250330.3085
247010.7196
243392.8867
239434.0381
235078.3664
230265.3726
224930.7223
218994.1013
212378.2835
205006.0623
196805.8501
187722.7567
177712.5103
166766.8417
154918.9626
142247.4377
128969.831
115130.942
100962.0061
86770.85301
72928.91222
59829.06696
47838.01133
37239.50254
28195.68072
20742.29522
14805.56452
293399.0091
293323.528
293240.1915
293151.9526
293060.5811
292966.2744
292868.0227
292764.1718
292652.9
292532.5776
292402.0093
292260.5245
292107.8746
291943.9486
291768.3818
291580.196
291377.6528
291158.4064
290919.8465
290659.4849
290375.2229
290065.3416
289728.2569
289362.2078
288965.0514
288534.3082
288067.4436
287562.2227
287017.0118
286430.837
285802.9631
285132.8867
284419.6657
283661.0416
282853.9197
281994.112
281076.9535
280097.3962
279050.7306
277931.783
276734.7587
275453.9227
274083.4314
272616.6941
271046.1326
269363.2213
267555.6003
265611.4658
263518.388
261264.0967
258835.5587
256217.5991
253390.164
250330.3085
247010.7196
243392.8867
239434.0381
235078.3664
230265.3726
224930.7223
218994.1013
212378.2835
205006.0623
196805.8501
187722.7567
177712.5103
166766.8417
154918.9626
142247.4377
128969.831
115130.942
100962.0061
86770.85301
72928.91222
59829.06696
47838.01133
37239.50254
28195.68072
20742.29522
14805.56452
293399.0091
293323.528
293240.1915
293151.9526
293060.5811
292966.2744
292868.0227
292764.1718
292652.9
292532.5776
292402.0093
292260.5245
292107.8746
291943.9486
291768.3818
291580.196
291377.6528
291158.4064
290919.8465
290659.4849
290375.2229
290065.3416
289728.2569
289362.2078
288965.0514
288534.3082
288067.4436
287562.2227
287017.0118
286430.837
285802.9631
285132.8867
284419.6657
283661.0416
282853.9197
281994.112
281076.9535
280097.3962
279050.7306
277931.783
276734.7587
275453.9227
274083.4314
272616.6941
271046.1326
269363.2213
267555.6003
265611.4658
263518.388
261264.0967
258835.5587
256217.5991
253390.164
250330.3085
247010.7196
243392.8867
239434.0381
235078.3664
230265.3726
224930.7223
218994.1013
212378.2835
205006.0623
196805.8501
187722.7567
177712.5103
166766.8417
154918.9626
142247.4377
128969.831
115130.942
100962.0061
86770.85301
72928.91222
59829.06696
47838.01133
37239.50254
28195.68072
20742.29522
14805.56452
293399.0091
293323.528
293240.1915
293151.9526
293060.5811
292966.2744
292868.0227
292764.1718
292652.9
292532.5776
292402.0093
292260.5245
292107.8746
291943.9486
291768.3818
291580.196
291377.6528
291158.4064
290919.8465
290659.4849
290375.2229
290065.3416
289728.2569
289362.2078
288965.0514
288534.3082
288067.4436
287562.2227
287017.0118
286430.837
285802.9631
285132.8867
284419.6657
283661.0416
282853.9197
281994.112
281076.9535
280097.3962
279050.7306
277931.783
276734.7587
275453.9227
274083.4314
272616.6941
271046.1326
269363.2213
267555.6003
265611.4658
263518.388
261264.0967
258835.5587
256217.5991
253390.164
250330.3085
247010.7196
243392.8867
239434.0381
235078.3664
230265.3726
224930.7223
218994.1013
212378.2835
205006.0623
196805.8501
187722.7567
177712.5103
166766.8417
154918.9626
142247.4377
128969.831
115130.942
100962.0061
86770.85301
72928.91222
59829.06696
47838.01133
37239.50254
28195.68072
20742.29522
14805.56452
293399.0091
293323.528
293240.1915
293151.9526
293060.5811
292966.2744
292868.0227
292764.1718
292652.9
292532.5776
292402.0093
292260.5245
292107.8746
291943.9486
291768.3818
291580.196
291377.6528
291158.4064
290919.8465
290659.4849
290375.2229
290065.3416
289728.2569
289362.2078
288965.0514
288534.3082
288067.4436
287562.2227
287017.0118
286430.837
285802.9631
285132.8867
284419.6657
283661.0416
282853.9197
281994.112
281076.9535
280097.3962
279050.7306
277931.783
276734.7587
275453.9227
274083.4314
272616.6941
271046.1326
269363.2213
267555.6003
265611.4658
263518.388
261264.0967
258835.5587
256217.5991
253390.164
250330.3085
247010.7196
243392.8867
239434.0381
235078.3664
230265.3726
224930.7223
218994.1013
212378.2835
205006.0623
196805.8501
187722.7567
177712.5103
166766.8417
154918.9626
142247.4377
128969.831
115130.942
100962.0061
86770.85301
72928.91222
59829.06696
47838.01133
37239.50254
28195.68072
20742.29522
14805.56452
293399.0091
293323.528
293240.1915
293151.9526
293060.5811
292966.2744
292868.0227
292764.1718
292652.9
292532.5776
292402.0093
292260.5245
292107.8746
291943.9486
291768.3818
291580.196
291377.6528
291158.4064
290919.8465
290659.4849
290375.2229
290065.3416
289728.2569
289362.2078
288965.0514
288534.3082
288067.4436
287562.2227
287017.0118
286430.837
285802.9631
285132.8867
284419.6657
283661.0416
282853.9197
281994.112
281076.9535
280097.3962
279050.7306
277931.783
276734.7587
275453.9227
274083.4314
272616.6941
271046.1326
269363.2213
267555.6003
265611.4658
263518.388
261264.0967
258835.5587
256217.5991
253390.164
250330.3085
247010.7196
243392.8867
239434.0381
235078.3664
230265.3726
224930.7223
218994.1013
212378.2835
205006.0623
196805.8501
187722.7567
177712.5103
166766.8417
154918.9626
142247.4377
128969.831
115130.942
100962.0061
86770.85301
72928.91222
59829.06696
47838.01133
37239.50254
28195.68072
20742.29522
14805.56452
293399.0091
293323.528
293240.1915
293151.9526
293060.5811
292966.2744
292868.0227
292764.1718
292652.9
292532.5776
292402.0093
292260.5245
292107.8746
291943.9486
291768.3818
291580.196
291377.6528
291158.4064
290919.8465
290659.4849
290375.2229
290065.3416
289728.2569
289362.2078
288965.0514
288534.3082
288067.4436
287562.2227
287017.0118
286430.837
285802.9631
285132.8867
284419.6657
283661.0416
282853.9197
281994.112
281076.9535
280097.3962
279050.7306
277931.783
276734.7587
275453.9227
274083.4314
272616.6941
271046.1326
269363.2213
267555.6003
265611.4658
263518.388
261264.0967
258835.5587
256217.5991
253390.164
250330.3085
247010.7196
243392.8867
239434.0381
235078.3664
230265.3726
224930.7223
218994.1013
212378.2835
205006.0623
196805.8501
187722.7567
177712.5103
166766.8417
154918.9626
142247.4377
128969.831
115130.942
100962.0061
86770.85301
72928.91222
59829.06696
47838.01133
37239.50254
28195.68072
20742.29522
14805.56452
293399.0091
293323.528
293240.1915
293151.9526
293060.5811
292966.2744
292868.0227
292764.1718
292652.9
292532.5776
292402.0093
292260.5245
292107.8746
291943.9486
291768.3818
291580.196
291377.6528
291158.4064
290919.8465
290659.4849
290375.2229
290065.3416
289728.2569
289362.2078
288965.0514
288534.3082
288067.4436
287562.2227
287017.0118
286430.837
285802.9631
285132.8867
284419.6657
283661.0416
282853.9197
281994.112
281076.9535
280097.3962
279050.7306
277931.783
276734.7587
275453.9227
274083.4314
272616.6941
271046.1326
269363.2213
267555.6003
265611.4658
263518.388
261264.0967
258835.5587
256217.5991
253390.164
250330.3085
247010.7196
243392.8867
239434.0381
235078.3664
230265.3726
224930.7223
218994.1013
212378.2835
205006.0623
196805.8501
187722.7567
177712.5103
166766.8417
154918.9626
142247.4377
128969.831
115130.942
100962.0061
86770.85301
72928.91222
59829.06696
47838.01133
37239.50254
28195.68072
20742.29522
14805.56452
293399.0091
293323.528
293240.1915
293151.9526
293060.5811
292966.2744
292868.0227
292764.1718
292652.9
292532.5776
292402.0093
292260.5245
292107.8746
291943.9486
291768.3818
291580.196
291377.6528
291158.4064
290919.8465
290659.4849
290375.2229
290065.3416
289728.2569
289362.2078
288965.0514
288534.3082
288067.4436
287562.2227
287017.0118
286430.837
285802.9631
285132.8867
284419.6657
283661.0416
282853.9197
281994.112
281076.9535
280097.3962
279050.7306
277931.783
276734.7587
275453.9227
274083.4314
272616.6941
271046.1326
269363.2213
267555.6003
265611.4658
263518.388
261264.0967
258835.5587
256217.5991
253390.164
250330.3085
247010.7196
243392.8867
239434.0381
235078.3664
230265.3726
224930.7223
218994.1013
212378.2835
205006.0623
196805.8501
187722.7567
177712.5103
166766.8417
154918.9626
142247.4377
128969.831
115130.942
100962.0061
86770.85301
72928.91222
59829.06696
47838.01133
37239.50254
28195.68072
20742.29522
14805.56452
293399.0091
293323.528
293240.1915
293151.9526
293060.5811
292966.2744
292868.0227
292764.1718
292652.9
292532.5776
292402.0093
292260.5245
292107.8746
291943.9486
291768.3818
291580.196
291377.6528
291158.4064
290919.8465
290659.4849
290375.2229
290065.3416
289728.2569
289362.2078
288965.0514
288534.3082
288067.4436
287562.2227
287017.0118
286430.837
285802.9631
285132.8867
284419.6657
283661.0416
282853.9197
281994.112
281076.9535
280097.3962
279050.7306
277931.783
276734.7587
275453.9227
274083.4314
272616.6941
271046.1326
269363.2213
267555.6003
265611.4658
263518.388
261264.0967
258835.5587
256217.5991
253390.164
250330.3085
247010.7196
243392.8867
239434.0381
235078.3664
230265.3726
224930.7223
218994.1013
212378.2835
205006.0623
196805.8501
187722.7567
177712.5103
166766.8417
154918.9626
142247.4377
128969.831
115130.942
100962.0061
86770.85301
72928.91222
59829.06696
47838.01133
37239.50254
28195.68072
20742.29522
14805.56452
293399.0091
293323.528
293240.1915
293151.9526
293060.5811
292966.2744
292868.0227
292764.1718
292652.9
292532.5776
292402.0093
292260.5245
292107.8746
291943.9486
291768.3818
291580.196
291377.6528
291158.4064
290919.8465
290659.4849
290375.2229
290065.3416
289728.2569
289362.2078
288965.0514
288534.3082
288067.4436
287562.2227
287017.0118
286430.837
285802.9631
285132.8867
284419.6657
283661.0416
282853.9197
281994.112
281076.9535
280097.3962
279050.7306
277931.783
276734.7587
275453.9227
274083.4314
272616.6941
271046.1326
269363.2213
267555.6003
265611.4658
263518.388
261264.0967
258835.5587
256217.5991
253390.164
250330.3085
247010.7196
243392.8867
239434.0381
235078.3664
230265.3726
224930.7223
218994.1013
212378.2835
205006.0623
196805.8501
187722.7567
177712.5103
166766.8417
154918.9626
142247.4377
128969.831
115130.942
100962.0061
86770.85301
72928.91222
59829.06696
47838.01133
37239.50254
28195.68072
20742.29522
14805.56452
293399.0091
293323.528
293240.1915
293151.9526
293060.5811
292966.2744
292868.0227
292764.1718
292652.9
292532.5776
292402.0093
292260.5245
292107.8746
291943.9486
291768.3818
291580.196
291377.6528
291158.4064
290919.8465
290659.4849
290375.2229
290065.3416
289728.2569
289362.2078
288965.0514
288534.3082
288067.4436
287562.2227
287017.0118
286430.837
285802.9631
285132.8867
284419.6657
283661.0416
282853.9197
281994.112
281076.9535
280097.3962
279050.7306
277931.783
276734.7587
275453.9227
274083.4314
272616.6941
271046.1326
269363.2213
267555.6003
265611.4658
263518.388
261264.0967
258835.5587
256217.5991
253390.164
250330.3085
247010.7196
243392.8867
239434.0381
235078.3664
230265.3726
224930.7223
218994.1013
212378.2835
205006.0623
196805.8501
187722.7567
177712.5103
166766.8417
154918.9626
142247.4377
128969.831
115130.942
100962.0061
86770.85301
72928.91222
59829.06696
47838.01133
37239.50254
28195.68072
20742.29522
14805.56452
293399.0091
293323.528
293240.1915
293151.9526
293060.5811
292966.2744
292868.0227
292764.1718
292652.9
292532.5776
292402.0093
292260.5245
292107.8746
291943.9486
291768.3818
291580.196
291377.6528
291158.4064
290919.8465
290659.4849
290375.2229
290065.3416
289728.2569
289362.2078
288965.0514
288534.3082
288067.4436
287562.2227
287017.0118
286430.837
285802.9631
285132.8867
284419.6657
283661.0416
282853.9197
281994.112
281076.9535
280097.3962
279050.7306
277931.783
276734.7587
275453.9227
274083.4314
272616.6941
271046.1326
269363.2213
267555.6003
265611.4658
263518.388
261264.0967
258835.5587
256217.5991
253390.164
250330.3085
247010.7196
243392.8867
239434.0381
235078.3664
230265.3726
224930.7223
218994.1013
212378.2835
205006.0623
196805.8501
187722.7567
177712.5103
166766.8417
154918.9626
142247.4377
128969.831
115130.942
100962.0061
86770.85301
72928.91222
59829.06696
47838.01133
37239.50254
28195.68072
20742.29522
14805.56452
293399.0091
293323.528
293240.1915
293151.9526
293060.5811
292966.2744
292868.0227
292764.1718
292652.9
292532.5776
292402.0093
292260.5245
292107.8746
291943.9486
291768.3818
291580.196
291377.6528
291158.4064
290919.8465
290659.4849
290375.2229
290065.3416
289728.2569
289362.2078
288965.0514
288534.3082
288067.4436
287562.2227
287017.0118
286430.837
285802.9631
285132.8867
284419.6657
283661.0416
282853.9197
281994.112
281076.9535
280097.3962
279050.7306
277931.783
276734.7587
275453.9227
274083.4314
272616.6941
271046.1326
269363.2213
267555.6003
265611.4658
263518.388
261264.0967
258835.5587
256217.5991
253390.164
250330.3085
247010.7196
243392.8867
239434.0381
235078.3664
230265.3726
224930.7223
218994.1013
212378.2835
205006.0623
196805.8501
187722.7567
177712.5103
166766.8417
154918.9626
142247.4377
128969.831
115130.942
100962.0061
86770.85301
72928.91222
59829.06696
47838.01133
37239.50254
28195.68072
20742.29522
14805.56452
293399.0091
293323.528
293240.1915
293151.9526
293060.5811
292966.2744
292868.0227
292764.1718
292652.9
292532.5776
292402.0093
292260.5245
292107.8746
291943.9486
291768.3818
291580.196
291377.6528
291158.4064
290919.8465
290659.4849
290375.2229
290065.3416
289728.2569
289362.2078
288965.0514
288534.3082
288067.4436
287562.2227
287017.0118
286430.837
285802.9631
285132.8867
284419.6657
283661.0416
282853.9197
281994.112
281076.9535
280097.3962
279050.7306
277931.783
276734.7587
275453.9227
274083.4314
272616.6941
271046.1326
269363.2213
267555.6003
265611.4658
263518.388
261264.0967
258835.5587
256217.5991
253390.164
250330.3085
247010.7196
243392.8867
239434.0381
235078.3664
230265.3726
224930.7223
218994.1013
212378.2835
205006.0623
196805.8501
187722.7567
177712.5103
166766.8417
154918.9626
142247.4377
128969.831
115130.942
100962.0061
86770.85301
72928.91222
59829.06696
47838.01133
37239.50254
28195.68072
20742.29522
14805.56452
293399.0091
293323.528
293240.1915
293151.9526
293060.5811
292966.2744
292868.0227
292764.1718
292652.9
292532.5776
292402.0093
292260.5245
292107.8746
291943.9486
291768.3818
291580.196
291377.6528
291158.4064
290919.8465
290659.4849
290375.2229
290065.3416
289728.2569
289362.2078
288965.0514
288534.3082
288067.4436
287562.2227
287017.0118
286430.837
285802.9631
285132.8867
284419.6657
283661.0416
282853.9197
281994.112
281076.9535
280097.3962
279050.7306
277931.783
276734.7587
275453.9227
274083.4314
272616.6941
271046.1326
269363.2213
267555.6003
265611.4658
263518.388
261264.0967
258835.5587
256217.5991
253390.164
250330.3085
247010.7196
243392.8867
239434.0381
235078.3664
230265.3726
224930.7223
218994.1013
212378.2835
205006.0623
196805.8501
187722.7567
177712.5103
166766.8417
154918.9626
142247.4377
128969.831
115130.942
100962.0061
86770.85301
72928.91222
59829.06696
47838.01133
37239.50254
28195.68072
20742.29522
14805.56452
293399.0091
293323.528
293240.1915
293151.9526
293060.5811
292966.2744
292868.0227
292764.1718
292652.9
292532.5776
292402.0093
292260.5245
292107.8746
291943.9486
291768.3818
291580.196
291377.6528
291158.4064
290919.8465
290659.4849
290375.2229
290065.3416
289728.2569
289362.2078
288965.0514
288534.3082
288067.4436
287562.2227
287017.0118
286430.837
285802.9631
285132.8867
284419.6657
283661.0416
282853.9197
281994.112
281076.9535
280097.3962
279050.7306
277931.783
276734.7587
275453.9227
274083.4314
272616.6941
271046.1326
269363.2213
267555.6003
265611.4658
263518.388
261264.0967
258835.5587
256217.5991
253390.164
250330.3085
247010.7196
243392.8867
239434.0381
235078.3664
230265.3726
224930.7223
218994.1013
212378.2835
205006.0623
196805.8501
187722.7567
177712.5103
166766.8417
154918.9626
142247.4377
128969.831
115130.942
100962.0061
86770.85301
72928.91222
59829.06696
47838.01133
37239.50254
28195.68072
20742.29522
14805.56452
293399.0091
293323.528
293240.1915
293151.9526
293060.5811
292966.2744
292868.0227
292764.1718
292652.9
292532.5776
292402.0093
292260.5245
292107.8746
291943.9486
291768.3818
291580.196
291377.6528
291158.4064
290919.8465
290659.4849
290375.2229
290065.3416
289728.2569
289362.2078
288965.0514
288534.3082
288067.4436
287562.2227
287017.0118
286430.837
285802.9631
285132.8867
284419.6657
283661.0416
282853.9197
281994.112
281076.9535
280097.3962
279050.7306
277931.783
276734.7587
275453.9227
274083.4314
272616.6941
271046.1326
269363.2213
267555.6003
265611.4658
263518.388
261264.0967
258835.5587
256217.5991
253390.164
250330.3085
247010.7196
243392.8867
239434.0381
235078.3664
230265.3726
224930.7223
218994.1013
212378.2835
205006.0623
196805.8501
187722.7567
177712.5103
166766.8417
154918.9626
142247.4377
128969.831
115130.942
100962.0061
86770.85301
72928.91222
59829.06696
47838.01133
37239.50254
28195.68072
20742.29522
14805.56452
293399.0091
293323.528
293240.1915
293151.9526
293060.5811
292966.2744
292868.0227
292764.1718
292652.9
292532.5776
292402.0093
292260.5245
292107.8746
291943.9486
291768.3818
291580.196
291377.6528
291158.4064
290919.8465
290659.4849
290375.2229
290065.3416
289728.2569
289362.2078
288965.0514
288534.3082
288067.4436
287562.2227
287017.0118
286430.837
285802.9631
285132.8867
284419.6657
283661.0416
282853.9197
281994.112
281076.9535
280097.3962
279050.7306
277931.783
276734.7587
275453.9227
274083.4314
272616.6941
271046.1326
269363.2213
267555.6003
265611.4658
263518.388
261264.0967
258835.5587
256217.5991
253390.164
250330.3085
247010.7196
243392.8867
239434.0381
235078.3664
230265.3726
224930.7223
218994.1013
212378.2835
205006.0623
196805.8501
187722.7567
177712.5103
166766.8417
154918.9626
142247.4377
128969.831
115130.942
100962.0061
86770.85301
72928.91222
59829.06696
47838.01133
37239.50254
28195.68072
20742.29522
14805.56452
293399.0091
293323.528
293240.1915
293151.9526
293060.5811
292966.2744
292868.0227
292764.1718
292652.9
292532.5776
292402.0093
292260.5245
292107.8746
291943.9486
291768.3818
291580.196
291377.6528
291158.4064
290919.8465
290659.4849
290375.2229
290065.3416
289728.2569
289362.2078
288965.0514
288534.3082
288067.4436
287562.2227
287017.0118
286430.837
285802.9631
285132.8867
284419.6657
283661.0416
282853.9197
281994.112
281076.9535
280097.3962
279050.7306
277931.783
276734.7587
275453.9227
274083.4314
272616.6941
271046.1326
269363.2213
267555.6003
265611.4658
263518.388
261264.0967
258835.5587
256217.5991
253390.164
250330.3085
247010.7196
243392.8867
239434.0381
235078.3664
230265.3726
224930.7223
218994.1013
212378.2835
205006.0623
196805.8501
187722.7567
177712.5103
166766.8417
154918.9626
142247.4377
128969.831
115130.942
100962.0061
86770.85301
72928.91222
59829.06696
47838.01133
37239.50254
28195.68072
20742.29522
14805.56452
293399.0091
293323.528
293240.1915
293151.9526
293060.5811
292966.2744
292868.0227
292764.1718
292652.9
292532.5776
292402.0093
292260.5245
292107.8746
291943.9486
291768.3818
291580.196
291377.6528
291158.4064
290919.8465
290659.4849
290375.2229
290065.3416
289728.2569
289362.2078
288965.0514
288534.3082
288067.4436
287562.2227
287017.0118
286430.837
285802.9631
285132.8867
284419.6657
283661.0416
282853.9197
281994.112
281076.9535
280097.3962
279050.7306
277931.783
276734.7587
275453.9227
274083.4314
272616.6941
271046.1326
269363.2213
267555.6003
265611.4658
263518.388
261264.0967
258835.5587
256217.5991
253390.164
250330.3085
247010.7196
243392.8867
239434.0381
235078.3664
230265.3726
224930.7223
218994.1013
212378.2835
205006.0623
196805.8501
187722.7567
177712.5103
166766.8417
154918.9626
142247.4377
128969.831
115130.942
100962.0061
86770.85301
72928.91222
59829.06696
47838.01133
37239.50254
28195.68072
20742.29522
14805.56452
293399.0091
293323.528
293240.1915
293151.9526
293060.5811
292966.2744
292868.0227
292764.1718
292652.9
292532.5776
292402.0093
292260.5245
292107.8746
291943.9486
291768.3818
291580.196
291377.6528
291158.4064
290919.8465
290659.4849
290375.2229
290065.3416
289728.2569
289362.2078
288965.0514
288534.3082
288067.4436
287562.2227
287017.0118
286430.837
285802.9631
285132.8867
284419.6657
283661.0416
282853.9197
281994.112
281076.9535
280097.3962
279050.7306
277931.783
276734.7587
275453.9227
274083.4314
272616.6941
271046.1326
269363.2213
267555.6003
265611.4658
263518.388
261264.0967
258835.5587
256217.5991
253390.164
250330.3085
247010.7196
243392.8867
239434.0381
235078.3664
230265.3726
224930.7223
218994.1013
212378.2835
205006.0623
196805.8501
187722.7567
177712.5103
166766.8417
154918.9626
142247.4377
128969.831
115130.942
100962.0061
86770.85301
72928.91222
59829.06696
47838.01133
37239.50254
28195.68072
20742.29522
14805.56452
293399.0091
293323.528
293240.1915
293151.9526
293060.5811
292966.2744
292868.0227
292764.1718
292652.9
292532.5776
292402.0093
292260.5245
292107.8746
291943.9486
291768.3818
291580.196
291377.6528
291158.4064
290919.8465
290659.4849
290375.2229
290065.3416
289728.2569
289362.2078
288965.0514
288534.3082
288067.4436
287562.2227
287017.0118
286430.837
285802.9631
285132.8867
284419.6657
283661.0416
282853.9197
281994.112
281076.9535
280097.3962
279050.7306
277931.783
276734.7587
275453.9227
274083.4314
272616.6941
271046.1326
269363.2213
267555.6003
265611.4658
263518.388
261264.0967
258835.5587
256217.5991
253390.164
250330.3085
247010.7196
243392.8867
239434.0381
235078.3664
230265.3726
224930.7223
218994.1013
212378.2835
205006.0623
196805.8501
187722.7567
177712.5103
166766.8417
154918.9626
142247.4377
128969.831
115130.942
100962.0061
86770.85301
72928.91222
59829.06696
47838.01133
37239.50254
28195.68072
20742.29522
14805.56452
293399.0091
293323.528
293240.1915
293151.9526
293060.5811
292966.2744
292868.0227
292764.1718
292652.9
292532.5776
292402.0093
292260.5245
292107.8746
291943.9486
291768.3818
291580.196
291377.6528
291158.4064
290919.8465
290659.4849
290375.2229
290065.3416
289728.2569
289362.2078
288965.0514
288534.3082
288067.4436
287562.2227
287017.0118
286430.837
285802.9631
285132.8867
284419.6657
283661.0416
282853.9197
281994.112
281076.9535
280097.3962
279050.7306
277931.783
276734.7587
275453.9227
274083.4314
272616.6941
271046.1326
269363.2213
267555.6003
265611.4658
263518.388
261264.0967
258835.5587
256217.5991
253390.164
250330.3085
247010.7196
243392.8867
239434.0381
235078.3664
230265.3726
224930.7223
218994.1013
212378.2835
205006.0623
196805.8501
187722.7567
177712.5103
166766.8417
154918.9626
142247.4377
128969.831
115130.942
100962.0061
86770.85301
72928.91222
59829.06696
47838.01133
37239.50254
28195.68072
20742.29522
14805.56452
293399.0091
293323.528
293240.1915
293151.9526
293060.5811
292966.2744
292868.0227
292764.1718
292652.9
292532.5776
292402.0093
292260.5245
292107.8746
291943.9486
291768.3818
291580.196
291377.6528
291158.4064
290919.8465
290659.4849
290375.2229
290065.3416
289728.2569
289362.2078
288965.0514
288534.3082
288067.4436
287562.2227
287017.0118
286430.837
285802.9631
285132.8867
284419.6657
283661.0416
282853.9197
281994.112
281076.9535
280097.3962
279050.7306
277931.783
276734.7587
275453.9227
274083.4314
272616.6941
271046.1326
269363.2213
267555.6003
265611.4658
263518.388
261264.0967
258835.5587
256217.5991
253390.164
250330.3085
247010.7196
243392.8867
239434.0381
235078.3664
230265.3726
224930.7223
218994.1013
212378.2835
205006.0623
196805.8501
187722.7567
177712.5103
166766.8417
154918.9626
142247.4377
128969.831
115130.942
100962.0061
86770.85301
72928.91222
59829.06696
47838.01133
37239.50254
28195.68072
20742.29522
14805.56452
293399.0091
293323.528
293240.1915
293151.9526
293060.5811
292966.2744
292868.0227
292764.1718
292652.9
292532.5776
292402.0093
292260.5245
292107.8746
291943.9486
291768.3818
291580.196
291377.6528
291158.4064
290919.8465
290659.4849
290375.2229
290065.3416
289728.2569
289362.2078
288965.0514
288534.3082
288067.4436
287562.2227
287017.0118
286430.837
285802.9631
285132.8867
284419.6657
283661.0416
282853.9197
281994.112
281076.9535
280097.3962
279050.7306
277931.783
276734.7587
275453.9227
274083.4314
272616.6941
271046.1326
269363.2213
267555.6003
265611.4658
263518.388
261264.0967
258835.5587
256217.5991
253390.164
250330.3085
247010.7196
243392.8867
239434.0381
235078.3664
230265.3726
224930.7223
218994.1013
212378.2835
205006.0623
196805.8501
187722.7567
177712.5103
166766.8417
154918.9626
142247.4377
128969.831
115130.942
100962.0061
86770.85301
72928.91222
59829.06696
47838.01133
37239.50254
28195.68072
20742.29522
14805.56452
293399.0091
293323.528
293240.1915
293151.9526
293060.5811
292966.2744
292868.0227
292764.1718
292652.9
292532.5776
292402.0093
292260.5245
292107.8746
291943.9486
291768.3818
291580.196
291377.6528
291158.4064
290919.8465
290659.4849
290375.2229
290065.3416
289728.2569
289362.2078
288965.0514
288534.3082
288067.4436
287562.2227
287017.0118
286430.837
285802.9631
285132.8867
284419.6657
283661.0416
282853.9197
281994.112
281076.9535
280097.3962
279050.7306
277931.783
276734.7587
275453.9227
274083.4314
272616.6941
271046.1326
269363.2213
267555.6003
265611.4658
263518.388
261264.0967
258835.5587
256217.5991
253390.164
250330.3085
247010.7196
243392.8867
239434.0381
235078.3664
230265.3726
224930.7223
218994.1013
212378.2835
205006.0623
196805.8501
187722.7567
177712.5103
166766.8417
154918.9626
142247.4377
128969.831
115130.942
100962.0061
86770.85301
72928.91222
59829.06696
47838.01133
37239.50254
28195.68072
20742.29522
14805.56452
293399.0091
293323.528
293240.1915
293151.9526
293060.5811
292966.2744
292868.0227
292764.1718
292652.9
292532.5776
292402.0093
292260.5245
292107.8746
291943.9486
291768.3818
291580.196
291377.6528
291158.4064
290919.8465
290659.4849
290375.2229
290065.3416
289728.2569
289362.2078
288965.0514
288534.3082
288067.4436
287562.2227
287017.0118
286430.837
285802.9631
285132.8867
284419.6657
283661.0416
282853.9197
281994.112
281076.9535
280097.3962
279050.7306
277931.783
276734.7587
275453.9227
274083.4314
272616.6941
271046.1326
269363.2213
267555.6003
265611.4658
263518.388
261264.0967
258835.5587
256217.5991
253390.164
250330.3085
247010.7196
243392.8867
239434.0381
235078.3664
230265.3726
224930.7223
218994.1013
212378.2835
205006.0623
196805.8501
187722.7567
177712.5103
166766.8417
154918.9626
142247.4377
128969.831
115130.942
100962.0061
86770.85301
72928.91222
59829.06696
47838.01133
37239.50254
28195.68072
20742.29522
14805.56452
293399.0091
293323.528
293240.1915
293151.9526
293060.5811
292966.2744
292868.0227
292764.1718
292652.9
292532.5776
292402.0093
292260.5245
292107.8746
291943.9486
291768.3818
291580.196
291377.6528
291158.4064
290919.8465
290659.4849
290375.2229
290065.3416
289728.2569
289362.2078
288965.0514
288534.3082
288067.4436
287562.2227
287017.0118
286430.837
285802.9631
285132.8867
284419.6657
283661.0416
282853.9197
281994.112
281076.9535
280097.3962
279050.7306
277931.783
276734.7587
275453.9227
274083.4314
272616.6941
271046.1326
269363.2213
267555.6003
265611.4658
263518.388
261264.0967
258835.5587
256217.5991
253390.164
250330.3085
247010.7196
243392.8867
239434.0381
235078.3664
230265.3726
224930.7223
218994.1013
212378.2835
205006.0623
196805.8501
187722.7567
177712.5103
166766.8417
154918.9626
142247.4377
128969.831
115130.942
100962.0061
86770.85301
72928.91222
59829.06696
47838.01133
37239.50254
28195.68072
20742.29522
14805.56452
293399.0091
293323.528
293240.1915
293151.9526
293060.5811
292966.2744
292868.0227
292764.1718
292652.9
292532.5776
292402.0093
292260.5245
292107.8746
291943.9486
291768.3818
291580.196
291377.6528
291158.4064
290919.8465
290659.4849
290375.2229
290065.3416
289728.2569
289362.2078
288965.0514
288534.3082
288067.4436
287562.2227
287017.0118
286430.837
285802.9631
285132.8867
284419.6657
283661.0416
282853.9197
281994.112
281076.9535
280097.3962
279050.7306
277931.783
276734.7587
275453.9227
274083.4314
272616.6941
271046.1326
269363.2213
267555.6003
265611.4658
263518.388
261264.0967
258835.5587
256217.5991
253390.164
250330.3085
247010.7196
243392.8867
239434.0381
235078.3664
230265.3726
224930.7223
218994.1013
212378.2835
205006.0623
196805.8501
187722.7567
177712.5103
166766.8417
154918.9626
142247.4377
128969.831
115130.942
100962.0061
86770.85301
72928.91222
59829.06696
47838.01133
37239.50254
28195.68072
20742.29522
14805.56452
293399.0091
293323.528
293240.1915
293151.9526
293060.5811
292966.2744
292868.0227
292764.1718
292652.9
292532.5776
292402.0093
292260.5245
292107.8746
291943.9486
291768.3818
291580.196
291377.6528
291158.4064
290919.8465
290659.4849
290375.2229
290065.3416
289728.2569
289362.2078
288965.0514
288534.3082
288067.4436
287562.2227
287017.0118
286430.837
285802.9631
285132.8867
284419.6657
283661.0416
282853.9197
281994.112
281076.9535
280097.3962
279050.7306
277931.783
276734.7587
275453.9227
274083.4314
272616.6941
271046.1326
269363.2213
267555.6003
265611.4658
263518.388
261264.0967
258835.5587
256217.5991
253390.164
250330.3085
247010.7196
243392.8867
239434.0381
235078.3664
230265.3726
224930.7223
218994.1013
212378.2835
205006.0623
196805.8501
187722.7567
177712.5103
166766.8417
154918.9626
142247.4377
128969.831
115130.942
100962.0061
86770.85301
72928.91222
59829.06696
47838.01133
37239.50254
28195.68072
20742.29522
14805.56452
293399.0091
293323.528
293240.1915
293151.9526
293060.5811
292966.2744
292868.0227
292764.1718
292652.9
292532.5776
292402.0093
292260.5245
292107.8746
291943.9486
291768.3818
291580.196
291377.6528
291158.4064
290919.8465
290659.4849
290375.2229
290065.3416
289728.2569
289362.2078
288965.0514
288534.3082
288067.4436
287562.2227
287017.0118
286430.837
285802.9631
285132.8867
284419.6657
283661.0416
282853.9197
281994.112
281076.9535
280097.3962
279050.7306
277931.783
276734.7587
275453.9227
274083.4314
272616.6941
271046.1326
269363.2213
267555.6003
265611.4658
263518.388
261264.0967
258835.5587
256217.5991
253390.164
250330.3085
247010.7196
243392.8867
239434.0381
235078.3664
230265.3726
224930.7223
218994.1013
212378.2835
205006.0623
196805.8501
187722.7567
177712.5103
166766.8417
154918.9626
142247.4377
128969.831
115130.942
100962.0061
86770.85301
72928.91222
59829.06696
47838.01133
37239.50254
28195.68072
20742.29522
14805.56452
293399.0091
293323.528
293240.1915
293151.9526
293060.5811
292966.2744
292868.0227
292764.1718
292652.9
292532.5776
292402.0093
292260.5245
292107.8746
291943.9486
291768.3818
291580.196
291377.6528
291158.4064
290919.8465
290659.4849
290375.2229
290065.3416
289728.2569
289362.2078
288965.0514
288534.3082
288067.4436
287562.2227
287017.0118
286430.837
285802.9631
285132.8867
284419.6657
283661.0416
282853.9197
281994.112
281076.9535
280097.3962
279050.7306
277931.783
276734.7587
275453.9227
274083.4314
272616.6941
271046.1326
269363.2213
267555.6003
265611.4658
263518.388
261264.0967
258835.5587
256217.5991
253390.164
250330.3085
247010.7196
243392.8867
239434.0381
235078.3664
230265.3726
224930.7223
218994.1013
212378.2835
205006.0623
196805.8501
187722.7567
177712.5103
166766.8417
154918.9626
142247.4377
128969.831
115130.942
100962.0061
86770.85301
72928.91222
59829.06696
47838.01133
37239.50254
28195.68072
20742.29522
14805.56452
293399.0091
293323.528
293240.1915
293151.9526
293060.5811
292966.2744
292868.0227
292764.1718
292652.9
292532.5776
292402.0093
292260.5245
292107.8746
291943.9486
291768.3818
291580.196
291377.6528
291158.4064
290919.8465
290659.4849
290375.2229
290065.3416
289728.2569
289362.2078
288965.0514
288534.3082
288067.4436
287562.2227
287017.0118
286430.837
285802.9631
285132.8867
284419.6657
283661.0416
282853.9197
281994.112
281076.9535
280097.3962
279050.7306
277931.783
276734.7587
275453.9227
274083.4314
272616.6941
271046.1326
269363.2213
267555.6003
265611.4658
263518.388
261264.0967
258835.5587
256217.5991
253390.164
250330.3085
247010.7196
243392.8867
239434.0381
235078.3664
230265.3726
224930.7223
218994.1013
212378.2835
205006.0623
196805.8501
187722.7567
177712.5103
166766.8417
154918.9626
142247.4377
128969.831
115130.942
100962.0061
86770.85301
72928.91222
59829.06696
47838.01133
37239.50254
28195.68072
20742.29522
14805.56452
293399.0091
293323.528
293240.1915
293151.9526
293060.5811
292966.2744
292868.0227
292764.1718
292652.9
292532.5776
292402.0093
292260.5245
292107.8746
291943.9486
291768.3818
291580.196
291377.6528
291158.4064
290919.8465
290659.4849
290375.2229
290065.3416
289728.2569
289362.2078
288965.0514
288534.3082
288067.4436
287562.2227
287017.0118
286430.837
285802.9631
285132.8867
284419.6657
283661.0416
282853.9197
281994.112
281076.9535
280097.3962
279050.7306
277931.783
276734.7587
275453.9227
274083.4314
272616.6941
271046.1326
269363.2213
267555.6003
265611.4658
263518.388
261264.0967
258835.5587
256217.5991
253390.164
250330.3085
247010.7196
243392.8867
239434.0381
235078.3664
230265.3726
224930.7223
218994.1013
212378.2835
205006.0623
196805.8501
187722.7567
177712.5103
166766.8417
154918.9626
142247.4377
128969.831
115130.942
100962.0061
86770.85301
72928.91222
59829.06696
47838.01133
37239.50254
28195.68072
20742.29522
14805.56452
293399.0091
293323.528
293240.1915
293151.9526
293060.5811
292966.2744
292868.0227
292764.1718
292652.9
292532.5776
292402.0093
292260.5245
292107.8746
291943.9486
291768.3818
291580.196
291377.6528
291158.4064
290919.8465
290659.4849
290375.2229
290065.3416
289728.2569
289362.2078
288965.0514
288534.3082
288067.4436
287562.2227
287017.0118
286430.837
285802.9631
285132.8867
284419.6657
283661.0416
282853.9197
281994.112
281076.9535
280097.3962
279050.7306
277931.783
276734.7587
275453.9227
274083.4314
272616.6941
271046.1326
269363.2213
267555.6003
265611.4658
263518.388
261264.0967
258835.5587
256217.5991
253390.164
250330.3085
247010.7196
243392.8867
239434.0381
235078.3664
230265.3726
224930.7223
218994.1013
212378.2835
205006.0623
196805.8501
187722.7567
177712.5103
166766.8417
154918.9626
142247.4377
128969.831
115130.942
100962.0061
86770.85301
72928.91222
59829.06696
47838.01133
37239.50254
28195.68072
20742.29522
14805.56452
293399.0091
293323.528
293240.1915
293151.9526
293060.5811
292966.2744
292868.0227
292764.1718
292652.9
292532.5776
292402.0093
292260.5245
292107.8746
291943.9486
291768.3818
291580.196
291377.6528
291158.4064
290919.8465
290659.4849
290375.2229
290065.3416
289728.2569
289362.2078
288965.0514
288534.3082
288067.4436
287562.2227
287017.0118
286430.837
285802.9631
285132.8867
284419.6657
283661.0416
282853.9197
281994.112
281076.9535
280097.3962
279050.7306
277931.783
276734.7587
275453.9227
274083.4314
272616.6941
271046.1326
269363.2213
267555.6003
265611.4658
263518.388
261264.0967
258835.5587
256217.5991
253390.164
250330.3085
247010.7196
243392.8867
239434.0381
235078.3664
230265.3726
224930.7223
218994.1013
212378.2835
205006.0623
196805.8501
187722.7567
177712.5103
166766.8417
154918.9626
142247.4377
128969.831
115130.942
100962.0061
86770.85301
72928.91222
59829.06696
47838.01133
37239.50254
28195.68072
20742.29522
14805.56452
293399.0091
293323.528
293240.1915
293151.9526
293060.5811
292966.2744
292868.0227
292764.1718
292652.9
292532.5776
292402.0093
292260.5245
292107.8746
291943.9486
291768.3818
291580.196
291377.6528
291158.4064
290919.8465
290659.4849
290375.2229
290065.3416
289728.2569
289362.2078
288965.0514
288534.3082
288067.4436
287562.2227
287017.0118
286430.837
285802.9631
285132.8867
284419.6657
283661.0416
282853.9197
281994.112
281076.9535
280097.3962
279050.7306
277931.783
276734.7587
275453.9227
274083.4314
272616.6941
271046.1326
269363.2213
267555.6003
265611.4658
263518.388
261264.0967
258835.5587
256217.5991
253390.164
250330.3085
247010.7196
243392.8867
239434.0381
235078.3664
230265.3726
224930.7223
218994.1013
212378.2835
205006.0623
196805.8501
187722.7567
177712.5103
166766.8417
154918.9626
142247.4377
128969.831
115130.942
100962.0061
86770.85301
72928.91222
59829.06696
47838.01133
37239.50254
28195.68072
20742.29522
14805.56452
293399.0091
293323.528
293240.1915
293151.9526
293060.5811
292966.2744
292868.0227
292764.1718
292652.9
292532.5776
292402.0093
292260.5245
292107.8746
291943.9486
291768.3818
291580.196
291377.6528
291158.4064
290919.8465
290659.4849
290375.2229
290065.3416
289728.2569
289362.2078
288965.0514
288534.3082
288067.4436
287562.2227
287017.0118
286430.837
285802.9631
285132.8867
284419.6657
283661.0416
282853.9197
281994.112
281076.9535
280097.3962
279050.7306
277931.783
276734.7587
275453.9227
274083.4314
272616.6941
271046.1326
269363.2213
267555.6003
265611.4658
263518.388
261264.0967
258835.5587
256217.5991
253390.164
250330.3085
247010.7196
243392.8867
239434.0381
235078.3664
230265.3726
224930.7223
218994.1013
212378.2835
205006.0623
196805.8501
187722.7567
177712.5103
166766.8417
154918.9626
142247.4377
128969.831
115130.942
100962.0061
86770.85301
72928.91222
59829.06696
47838.01133
37239.50254
28195.68072
20742.29522
14805.56452
293399.0091
293323.528
293240.1915
293151.9526
293060.5811
292966.2744
292868.0227
292764.1718
292652.9
292532.5776
292402.0093
292260.5245
292107.8746
291943.9486
291768.3818
291580.196
291377.6528
291158.4064
290919.8465
290659.4849
290375.2229
290065.3416
289728.2569
289362.2078
288965.0514
288534.3082
288067.4436
287562.2227
287017.0118
286430.837
285802.9631
285132.8867
284419.6657
283661.0416
282853.9197
281994.112
281076.9535
280097.3962
279050.7306
277931.783
276734.7587
275453.9227
274083.4314
272616.6941
271046.1326
269363.2213
267555.6003
265611.4658
263518.388
261264.0967
258835.5587
256217.5991
253390.164
250330.3085
247010.7196
243392.8867
239434.0381
235078.3664
230265.3726
224930.7223
218994.1013
212378.2835
205006.0623
196805.8501
187722.7567
177712.5103
166766.8417
154918.9626
142247.4377
128969.831
115130.942
100962.0061
86770.85301
72928.91222
59829.06696
47838.01133
37239.50254
28195.68072
20742.29522
14805.56452
293399.0091
293323.528
293240.1915
293151.9526
293060.5811
292966.2744
292868.0227
292764.1718
292652.9
292532.5776
292402.0093
292260.5245
292107.8746
291943.9486
291768.3818
291580.196
291377.6528
291158.4064
290919.8465
290659.4849
290375.2229
290065.3416
289728.2569
289362.2078
288965.0514
288534.3082
288067.4436
287562.2227
287017.0118
286430.837
285802.9631
285132.8867
284419.6657
283661.0416
282853.9197
281994.112
281076.9535
280097.3962
279050.7306
277931.783
276734.7587
275453.9227
274083.4314
272616.6941
271046.1326
269363.2213
267555.6003
265611.4658
263518.388
261264.0967
258835.5587
256217.5991
253390.164
250330.3085
247010.7196
243392.8867
239434.0381
235078.3664
230265.3726
224930.7223
218994.1013
212378.2835
205006.0623
196805.8501
187722.7567
177712.5103
166766.8417
154918.9626
142247.4377
128969.831
115130.942
100962.0061
86770.85301
72928.91222
59829.06696
47838.01133
37239.50254
28195.68072
20742.29522
14805.56452
293399.0091
293323.528
293240.1915
293151.9526
293060.5811
292966.2744
292868.0227
292764.1718
292652.9
292532.5776
292402.0093
292260.5245
292107.8746
291943.9486
291768.3818
291580.196
291377.6528
291158.4064
290919.8465
290659.4849
290375.2229
290065.3416
289728.2569
289362.2078
288965.0514
288534.3082
288067.4436
287562.2227
287017.0118
286430.837
285802.9631
285132.8867
284419.6657
283661.0416
282853.9197
281994.112
281076.9535
280097.3962
279050.7306
277931.783
276734.7587
275453.9227
274083.4314
272616.6941
271046.1326
269363.2213
267555.6003
265611.4658
263518.388
261264.0967
258835.5587
256217.5991
253390.164
250330.3085
247010.7196
243392.8867
239434.0381
235078.3664
230265.3726
224930.7223
218994.1013
212378.2835
205006.0623
196805.8501
187722.7567
177712.5103
166766.8417
154918.9626
142247.4377
128969.831
115130.942
100962.0061
86770.85301
72928.91222
59829.06696
47838.01133
37239.50254
28195.68072
20742.29522
14805.56452
293399.0091
293323.528
293240.1915
293151.9526
293060.5811
292966.2744
292868.0227
292764.1718
292652.9
292532.5776
292402.0093
292260.5245
292107.8746
291943.9486
291768.3818
291580.196
291377.6528
291158.4064
290919.8465
290659.4849
290375.2229
290065.3416
289728.2569
289362.2078
288965.0514
288534.3082
288067.4436
287562.2227
287017.0118
286430.837
285802.9631
285132.8867
284419.6657
283661.0416
282853.9197
281994.112
281076.9535
280097.3962
279050.7306
277931.783
276734.7587
275453.9227
274083.4314
272616.6941
271046.1326
269363.2213
267555.6003
265611.4658
263518.388
261264.0967
258835.5587
256217.5991
253390.164
250330.3085
247010.7196
243392.8867
239434.0381
235078.3664
230265.3726
224930.7223
218994.1013
212378.2835
205006.0623
196805.8501
187722.7567
177712.5103
166766.8417
154918.9626
142247.4377
128969.831
115130.942
100962.0061
86770.85301
72928.91222
59829.06696
47838.01133
37239.50254
28195.68072
20742.29522
14805.56452
293399.0091
293323.528
293240.1915
293151.9526
293060.5811
292966.2744
292868.0227
292764.1718
292652.9
292532.5776
292402.0093
292260.5245
292107.8746
291943.9486
291768.3818
291580.196
291377.6528
291158.4064
290919.8465
290659.4849
290375.2229
290065.3416
289728.2569
289362.2078
288965.0514
288534.3082
288067.4436
287562.2227
287017.0118
286430.837
285802.9631
285132.8867
284419.6657
283661.0416
282853.9197
281994.112
281076.9535
280097.3962
279050.7306
277931.783
276734.7587
275453.9227
274083.4314
272616.6941
271046.1326
269363.2213
267555.6003
265611.4658
263518.388
261264.0967
258835.5587
256217.5991
253390.164
250330.3085
247010.7196
243392.8867
239434.0381
235078.3664
230265.3726
224930.7223
218994.1013
212378.2835
205006.0623
196805.8501
187722.7567
177712.5103
166766.8417
154918.9626
142247.4377
128969.831
115130.942
100962.0061
86770.85301
72928.91222
59829.06696
47838.01133
37239.50254
28195.68072
20742.29522
14805.56452
293399.0091
293323.528
293240.1915
293151.9526
293060.5811
292966.2744
292868.0227
292764.1718
292652.9
292532.5776
292402.0093
292260.5245
292107.8746
291943.9486
291768.3818
291580.196
291377.6528
291158.4064
290919.8465
290659.4849
290375.2229
290065.3416
289728.2569
289362.2078
288965.0514
288534.3082
288067.4436
287562.2227
287017.0118
286430.837
285802.9631
285132.8867
284419.6657
283661.0416
282853.9197
281994.112
281076.9535
280097.3962
279050.7306
277931.783
276734.7587
275453.9227
274083.4314
272616.6941
271046.1326
269363.2213
267555.6003
265611.4658
263518.388
261264.0967
258835.5587
256217.5991
253390.164
250330.3085
247010.7196
243392.8867
239434.0381
235078.3664
230265.3726
224930.7223
218994.1013
212378.2835
205006.0623
196805.8501
187722.7567
177712.5103
166766.8417
154918.9626
142247.4377
128969.831
115130.942
100962.0061
86770.85301
72928.91222
59829.06696
47838.01133
37239.50254
28195.68072
20742.29522
14805.56452
293399.0091
293323.528
293240.1915
293151.9526
293060.5811
292966.2744
292868.0227
292764.1718
292652.9
292532.5776
292402.0093
292260.5245
292107.8746
291943.9486
291768.3818
291580.196
291377.6528
291158.4064
290919.8465
290659.4849
290375.2229
290065.3416
289728.2569
289362.2078
288965.0514
288534.3082
288067.4436
287562.2227
287017.0118
286430.837
285802.9631
285132.8867
284419.6657
283661.0416
282853.9197
281994.112
281076.9535
280097.3962
279050.7306
277931.783
276734.7587
275453.9227
274083.4314
272616.6941
271046.1326
269363.2213
267555.6003
265611.4658
263518.388
261264.0967
258835.5587
256217.5991
253390.164
250330.3085
247010.7196
243392.8867
239434.0381
235078.3664
230265.3726
224930.7223
218994.1013
212378.2835
205006.0623
196805.8501
187722.7567
177712.5103
166766.8417
154918.9626
142247.4377
128969.831
115130.942
100962.0061
86770.85301
72928.91222
59829.06696
47838.01133
37239.50254
28195.68072
20742.29522
14805.56452
293399.0091
293323.528
293240.1915
293151.9526
293060.5811
292966.2744
292868.0227
292764.1718
292652.9
292532.5776
292402.0093
292260.5245
292107.8746
291943.9486
291768.3818
291580.196
291377.6528
291158.4064
290919.8465
290659.4849
290375.2229
290065.3416
289728.2569
289362.2078
288965.0514
288534.3082
288067.4436
287562.2227
287017.0118
286430.837
285802.9631
285132.8867
284419.6657
283661.0416
282853.9197
281994.112
281076.9535
280097.3962
279050.7306
277931.783
276734.7587
275453.9227
274083.4314
272616.6941
271046.1326
269363.2213
267555.6003
265611.4658
263518.388
261264.0967
258835.5587
256217.5991
253390.164
250330.3085
247010.7196
243392.8867
239434.0381
235078.3664
230265.3726
224930.7223
218994.1013
212378.2835
205006.0623
196805.8501
187722.7567
177712.5103
166766.8417
154918.9626
142247.4377
128969.831
115130.942
100962.0061
86770.85301
72928.91222
59829.06696
47838.01133
37239.50254
28195.68072
20742.29522
14805.56452
293399.0091
293323.528
293240.1915
293151.9526
293060.5811
292966.2744
292868.0227
292764.1718
292652.9
292532.5776
292402.0093
292260.5245
292107.8746
291943.9486
291768.3818
291580.196
291377.6528
291158.4064
290919.8465
290659.4849
290375.2229
290065.3416
289728.2569
289362.2078
288965.0514
288534.3082
288067.4436
287562.2227
287017.0118
286430.837
285802.9631
285132.8867
284419.6657
283661.0416
282853.9197
281994.112
281076.9535
280097.3962
279050.7306
277931.783
276734.7587
275453.9227
274083.4314
272616.6941
271046.1326
269363.2213
267555.6003
265611.4658
263518.388
261264.0967
258835.5587
256217.5991
253390.164
250330.3085
247010.7196
243392.8867
239434.0381
235078.3664
230265.3726
224930.7223
218994.1013
212378.2835
205006.0623
196805.8501
187722.7567
177712.5103
166766.8417
154918.9626
142247.4377
128969.831
115130.942
100962.0061
86770.85301
72928.91222
59829.06696
47838.01133
37239.50254
28195.68072
20742.29522
14805.56452
293399.0091
293323.528
293240.1915
293151.9526
293060.5811
292966.2744
292868.0227
292764.1718
292652.9
292532.5776
292402.0093
292260.5245
292107.8746
291943.9486
291768.3818
291580.196
291377.6528
291158.4064
290919.8465
290659.4849
290375.2229
290065.3416
289728.2569
289362.2078
288965.0514
288534.3082
288067.4436
287562.2227
287017.0118
286430.837
285802.9631
285132.8867
284419.6657
283661.0416
282853.9197
281994.112
281076.9535
280097.3962
279050.7306
277931.783
276734.7587
275453.9227
274083.4314
272616.6941
271046.1326
269363.2213
267555.6003
265611.4658
263518.388
261264.0967
258835.5587
256217.5991
253390.164
250330.3085
247010.7196
243392.8867
239434.0381
235078.3664
230265.3726
224930.7223
218994.1013
212378.2835
205006.0623
196805.8501
187722.7567
177712.5103
166766.8417
154918.9626
142247.4377
128969.831
115130.942
100962.0061
86770.85301
72928.91222
59829.06696
47838.01133
37239.50254
28195.68072
20742.29522
14805.56452
293399.0091
293323.528
293240.1915
293151.9526
293060.5811
292966.2744
292868.0227
292764.1718
292652.9
292532.5776
292402.0093
292260.5245
292107.8746
291943.9486
291768.3818
291580.196
291377.6528
291158.4064
290919.8465
290659.4849
290375.2229
290065.3416
289728.2569
289362.2078
288965.0514
288534.3082
288067.4436
287562.2227
287017.0118
286430.837
285802.9631
285132.8867
284419.6657
283661.0416
282853.9197
281994.112
281076.9535
280097.3962
279050.7306
277931.783
276734.7587
275453.9227
274083.4314
272616.6941
271046.1326
269363.2213
267555.6003
265611.4658
263518.388
261264.0967
258835.5587
256217.5991
253390.164
250330.3085
247010.7196
243392.8867
239434.0381
235078.3664
230265.3726
224930.7223
218994.1013
212378.2835
205006.0623
196805.8501
187722.7567
177712.5103
166766.8417
154918.9626
142247.4377
128969.831
115130.942
100962.0061
86770.85301
72928.91222
59829.06696
47838.01133
37239.50254
28195.68072
20742.29522
14805.56452
293399.0091
293323.528
293240.1915
293151.9526
293060.5811
292966.2744
292868.0227
292764.1718
292652.9
292532.5776
292402.0093
292260.5245
292107.8746
291943.9486
291768.3818
291580.196
291377.6528
291158.4064
290919.8465
290659.4849
290375.2229
290065.3416
289728.2569
289362.2078
288965.0514
288534.3082
288067.4436
287562.2227
287017.0118
286430.837
285802.9631
285132.8867
284419.6657
283661.0416
282853.9197
281994.112
281076.9535
280097.3962
279050.7306
277931.783
276734.7587
275453.9227
274083.4314
272616.6941
271046.1326
269363.2213
267555.6003
265611.4658
263518.388
261264.0967
258835.5587
256217.5991
253390.164
250330.3085
247010.7196
243392.8867
239434.0381
235078.3664
230265.3726
224930.7223
218994.1013
212378.2835
205006.0623
196805.8501
187722.7567
177712.5103
166766.8417
154918.9626
142247.4377
128969.831
115130.942
100962.0061
86770.85301
72928.91222
59829.06696
47838.01133
37239.50254
28195.68072
20742.29522
14805.56452
293399.0091
293323.528
293240.1915
293151.9526
293060.5811
292966.2744
292868.0227
292764.1718
292652.9
292532.5776
292402.0093
292260.5245
292107.8746
291943.9486
291768.3818
291580.196
291377.6528
291158.4064
290919.8465
290659.4849
290375.2229
290065.3416
289728.2569
289362.2078
288965.0514
288534.3082
288067.4436
287562.2227
287017.0118
286430.837
285802.9631
285132.8867
284419.6657
283661.0416
282853.9197
281994.112
281076.9535
280097.3962
279050.7306
277931.783
276734.7587
275453.9227
274083.4314
272616.6941
271046.1326
269363.2213
267555.6003
265611.4658
263518.388
261264.0967
258835.5587
256217.5991
253390.164
250330.3085
247010.7196
243392.8867
239434.0381
235078.3664
230265.3726
224930.7223
218994.1013
212378.2835
205006.0623
196805.8501
187722.7567
177712.5103
166766.8417
154918.9626
142247.4377
128969.831
115130.942
100962.0061
86770.85301
72928.91222
59829.06696
47838.01133
37239.50254
28195.68072
20742.29522
14805.56452
293399.0091
293323.528
293240.1915
293151.9526
293060.5811
292966.2744
292868.0227
292764.1718
292652.9
292532.5776
292402.0093
292260.5245
292107.8746
291943.9486
291768.3818
291580.196
291377.6528
291158.4064
290919.8465
290659.4849
290375.2229
290065.3416
289728.2569
289362.2078
288965.0514
288534.3082
288067.4436
287562.2227
287017.0118
286430.837
285802.9631
285132.8867
284419.6657
283661.0416
282853.9197
281994.112
281076.9535
280097.3962
279050.7306
277931.783
276734.7587
275453.9227
274083.4314
272616.6941
271046.1326
269363.2213
267555.6003
265611.4658
263518.388
261264.0967
258835.5587
256217.5991
253390.164
250330.3085
247010.7196
243392.8867
239434.0381
235078.3664
230265.3726
224930.7223
218994.1013
212378.2835
205006.0623
196805.8501
187722.7567
177712.5103
166766.8417
154918.9626
142247.4377
128969.831
115130.942
100962.0061
86770.85301
72928.91222
59829.06696
47838.01133
37239.50254
28195.68072
20742.29522
14805.56452
293399.0091
293323.528
293240.1915
293151.9526
293060.5811
292966.2744
292868.0227
292764.1718
292652.9
292532.5776
292402.0093
292260.5245
292107.8746
291943.9486
291768.3818
291580.196
291377.6528
291158.4064
290919.8465
290659.4849
290375.2229
290065.3416
289728.2569
289362.2078
288965.0514
288534.3082
288067.4436
287562.2227
287017.0118
286430.837
285802.9631
285132.8867
284419.6657
283661.0416
282853.9197
281994.112
281076.9535
280097.3962
279050.7306
277931.783
276734.7587
275453.9227
274083.4314
272616.6941
271046.1326
269363.2213
267555.6003
265611.4658
263518.388
261264.0967
258835.5587
256217.5991
253390.164
250330.3085
247010.7196
243392.8867
239434.0381
235078.3664
230265.3726
224930.7223
218994.1013
212378.2835
205006.0623
196805.8501
187722.7567
177712.5103
166766.8417
154918.9626
142247.4377
128969.831
115130.942
100962.0061
86770.85301
72928.91222
59829.06696
47838.01133
37239.50254
28195.68072
20742.29522
14805.56452
293399.0091
293323.528
293240.1915
293151.9526
293060.5811
292966.2744
292868.0227
292764.1718
292652.9
292532.5776
292402.0093
292260.5245
292107.8746
291943.9486
291768.3818
291580.196
291377.6528
291158.4064
290919.8465
290659.4849
290375.2229
290065.3416
289728.2569
289362.2078
288965.0514
288534.3082
288067.4436
287562.2227
287017.0118
286430.837
285802.9631
285132.8867
284419.6657
283661.0416
282853.9197
281994.112
281076.9535
280097.3962
279050.7306
277931.783
276734.7587
275453.9227
274083.4314
272616.6941
271046.1326
269363.2213
267555.6003
265611.4658
263518.388
261264.0967
258835.5587
256217.5991
253390.164
250330.3085
247010.7196
243392.8867
239434.0381
235078.3664
230265.3726
224930.7223
218994.1013
212378.2835
205006.0623
196805.8501
187722.7567
177712.5103
166766.8417
154918.9626
142247.4377
128969.831
115130.942
100962.0061
86770.85301
72928.91222
59829.06696
47838.01133
37239.50254
28195.68072
20742.29522
14805.56452
293399.0091
293323.528
293240.1915
293151.9526
293060.5811
292966.2744
292868.0227
292764.1718
292652.9
292532.5776
292402.0093
292260.5245
292107.8746
291943.9486
291768.3818
291580.196
291377.6528
291158.4064
290919.8465
290659.4849
290375.2229
290065.3416
289728.2569
289362.2078
288965.0514
288534.3082
288067.4436
287562.2227
287017.0118
286430.837
285802.9631
285132.8867
284419.6657
283661.0416
282853.9197
281994.112
281076.9535
280097.3962
279050.7306
277931.783
276734.7587
275453.9227
274083.4314
272616.6941
271046.1326
269363.2213
267555.6003
265611.4658
263518.388
261264.0967
258835.5587
256217.5991
253390.164
250330.3085
247010.7196
243392.8867
239434.0381
235078.3664
230265.3726
224930.7223
218994.1013
212378.2835
205006.0623
196805.8501
187722.7567
177712.5103
166766.8417
154918.9626
142247.4377
128969.831
115130.942
100962.0061
86770.85301
72928.91222
59829.06696
47838.01133
37239.50254
28195.68072
20742.29522
14805.56452
293399.0091
293323.528
293240.1915
293151.9526
293060.5811
292966.2744
292868.0227
292764.1718
292652.9
292532.5776
292402.0093
292260.5245
292107.8746
291943.9486
291768.3818
291580.196
291377.6528
291158.4064
290919.8465
290659.4849
290375.2229
290065.3416
289728.2569
289362.2078
288965.0514
288534.3082
288067.4436
287562.2227
287017.0118
286430.837
285802.9631
285132.8867
284419.6657
283661.0416
282853.9197
281994.112
281076.9535
280097.3962
279050.7306
277931.783
276734.7587
275453.9227
274083.4314
272616.6941
271046.1326
269363.2213
267555.6003
265611.4658
263518.388
261264.0967
258835.5587
256217.5991
253390.164
250330.3085
247010.7196
243392.8867
239434.0381
235078.3664
230265.3726
224930.7223
218994.1013
212378.2835
205006.0623
196805.8501
187722.7567
177712.5103
166766.8417
154918.9626
142247.4377
128969.831
115130.942
100962.0061
86770.85301
72928.91222
59829.06696
47838.01133
37239.50254
28195.68072
20742.29522
14805.56452
293399.0091
293323.528
293240.1915
293151.9526
293060.5811
292966.2744
292868.0227
292764.1718
292652.9
292532.5776
292402.0093
292260.5245
292107.8746
291943.9486
291768.3818
291580.196
291377.6528
291158.4064
290919.8465
290659.4849
290375.2229
290065.3416
289728.2569
289362.2078
288965.0514
288534.3082
288067.4436
287562.2227
287017.0118
286430.837
285802.9631
285132.8867
284419.6657
283661.0416
282853.9197
281994.112
281076.9535
280097.3962
279050.7306
277931.783
276734.7587
275453.9227
274083.4314
272616.6941
271046.1326
269363.2213
267555.6003
265611.4658
263518.388
261264.0967
258835.5587
256217.5991
253390.164
250330.3085
247010.7196
243392.8867
239434.0381
235078.3664
230265.3726
224930.7223
218994.1013
212378.2835
205006.0623
196805.8501
187722.7567
177712.5103
166766.8417
154918.9626
142247.4377
128969.831
115130.942
100962.0061
86770.85301
72928.91222
59829.06696
47838.01133
37239.50254
28195.68072
20742.29522
14805.56452
293399.0091
293323.528
293240.1915
293151.9526
293060.5811
292966.2744
292868.0227
292764.1718
292652.9
292532.5776
292402.0093
292260.5245
292107.8746
291943.9486
291768.3818
291580.196
291377.6528
291158.4064
290919.8465
290659.4849
290375.2229
290065.3416
289728.2569
289362.2078
288965.0514
288534.3082
288067.4436
287562.2227
287017.0118
286430.837
285802.9631
285132.8867
284419.6657
283661.0416
282853.9197
281994.112
281076.9535
280097.3962
279050.7306
277931.783
276734.7587
275453.9227
274083.4314
272616.6941
271046.1326
269363.2213
267555.6003
265611.4658
263518.388
261264.0967
258835.5587
256217.5991
253390.164
250330.3085
247010.7196
243392.8867
239434.0381
235078.3664
230265.3726
224930.7223
218994.1013
212378.2835
205006.0623
196805.8501
187722.7567
177712.5103
166766.8417
154918.9626
142247.4377
128969.831
115130.942
100962.0061
86770.85301
72928.91222
59829.06696
47838.01133
37239.50254
28195.68072
20742.29522
14805.56452
293399.0091
293323.528
293240.1915
293151.9526
293060.5811
292966.2744
292868.0227
292764.1718
292652.9
292532.5776
292402.0093
292260.5245
292107.8746
291943.9486
291768.3818
291580.196
291377.6528
291158.4064
290919.8465
290659.4849
290375.2229
290065.3416
289728.2569
289362.2078
288965.0514
288534.3082
288067.4436
287562.2227
287017.0118
286430.837
285802.9631
285132.8867
284419.6657
283661.0416
282853.9197
281994.112
281076.9535
280097.3962
279050.7306
277931.783
276734.7587
275453.9227
274083.4314
272616.6941
271046.1326
269363.2213
267555.6003
265611.4658
263518.388
261264.0967
258835.5587
256217.5991
253390.164
250330.3085
247010.7196
243392.8867
239434.0381
235078.3664
230265.3726
224930.7223
218994.1013
212378.2835
205006.0623
196805.8501
187722.7567
177712.5103
166766.8417
154918.9626
142247.4377
128969.831
115130.942
100962.0061
86770.85301
72928.91222
59829.06696
47838.01133
37239.50254
28195.68072
20742.29522
14805.56452
293399.0091
293323.528
293240.1915
293151.9526
293060.5811
292966.2744
292868.0227
292764.1718
292652.9
292532.5776
292402.0093
292260.5245
292107.8746
291943.9486
291768.3818
291580.196
291377.6528
291158.4064
290919.8465
290659.4849
290375.2229
290065.3416
289728.2569
289362.2078
288965.0514
288534.3082
288067.4436
287562.2227
287017.0118
286430.837
285802.9631
285132.8867
284419.6657
283661.0416
282853.9197
281994.112
281076.9535
280097.3962
279050.7306
277931.783
276734.7587
275453.9227
274083.4314
272616.6941
271046.1326
269363.2213
267555.6003
265611.4658
263518.388
261264.0967
258835.5587
256217.5991
253390.164
250330.3085
247010.7196
243392.8867
239434.0381
235078.3664
230265.3726
224930.7223
218994.1013
212378.2835
205006.0623
196805.8501
187722.7567
177712.5103
166766.8417
154918.9626
142247.4377
128969.831
115130.942
100962.0061
86770.85301
72928.91222
59829.06696
47838.01133
37239.50254
28195.68072
20742.29522
14805.56452
293399.0091
293323.528
293240.1915
293151.9526
293060.5811
292966.2744
292868.0227
292764.1718
292652.9
292532.5776
292402.0093
292260.5245
292107.8746
291943.9486
291768.3818
291580.196
291377.6528
291158.4064
290919.8465
290659.4849
290375.2229
290065.3416
289728.2569
289362.2078
288965.0514
288534.3082
288067.4436
287562.2227
287017.0118
286430.837
285802.9631
285132.8867
284419.6657
283661.0416
282853.9197
281994.112
281076.9535
280097.3962
279050.7306
277931.783
276734.7587
275453.9227
274083.4314
272616.6941
271046.1326
269363.2213
267555.6003
265611.4658
263518.388
261264.0967
258835.5587
256217.5991
253390.164
250330.3085
247010.7196
243392.8867
239434.0381
235078.3664
230265.3726
224930.7223
218994.1013
212378.2835
205006.0623
196805.8501
187722.7567
177712.5103
166766.8417
154918.9626
142247.4377
128969.831
115130.942
100962.0061
86770.85301
72928.91222
59829.06696
47838.01133
37239.50254
28195.68072
20742.29522
14805.56452
293399.0091
293323.528
293240.1915
293151.9526
293060.5811
292966.2744
292868.0227
292764.1718
292652.9
292532.5776
292402.0093
292260.5245
292107.8746
291943.9486
291768.3818
291580.196
291377.6528
291158.4064
290919.8465
290659.4849
290375.2229
290065.3416
289728.2569
289362.2078
288965.0514
288534.3082
288067.4436
287562.2227
287017.0118
286430.837
285802.9631
285132.8867
284419.6657
283661.0416
282853.9197
281994.112
281076.9535
280097.3962
279050.7306
277931.783
276734.7587
275453.9227
274083.4314
272616.6941
271046.1326
269363.2213
267555.6003
265611.4658
263518.388
261264.0967
258835.5587
256217.5991
253390.164
250330.3085
247010.7196
243392.8867
239434.0381
235078.3664
230265.3726
224930.7223
218994.1013
212378.2835
205006.0623
196805.8501
187722.7567
177712.5103
166766.8417
154918.9626
142247.4377
128969.831
115130.942
100962.0061
86770.85301
72928.91222
59829.06696
47838.01133
37239.50254
28195.68072
20742.29522
14805.56452
293399.0091
293323.528
293240.1915
293151.9526
293060.5811
292966.2744
292868.0227
292764.1718
292652.9
292532.5776
292402.0093
292260.5245
292107.8746
291943.9486
291768.3818
291580.196
291377.6528
291158.4064
290919.8465
290659.4849
290375.2229
290065.3416
289728.2569
289362.2078
288965.0514
288534.3082
288067.4436
287562.2227
287017.0118
286430.837
285802.9631
285132.8867
284419.6657
283661.0416
282853.9197
281994.112
281076.9535
280097.3962
279050.7306
277931.783
276734.7587
275453.9227
274083.4314
272616.6941
271046.1326
269363.2213
267555.6003
265611.4658
263518.388
261264.0967
258835.5587
256217.5991
253390.164
250330.3085
247010.7196
243392.8867
239434.0381
235078.3664
230265.3726
224930.7223
218994.1013
212378.2835
205006.0623
196805.8501
187722.7567
177712.5103
166766.8417
154918.9626
142247.4377
128969.831
115130.942
100962.0061
86770.85301
72928.91222
59829.06696
47838.01133
37239.50254
28195.68072
20742.29522
14805.56452
293399.0091
293323.528
293240.1915
293151.9526
293060.5811
292966.2744
292868.0227
292764.1718
292652.9
292532.5776
292402.0093
292260.5245
292107.8746
291943.9486
291768.3818
291580.196
291377.6528
291158.4064
290919.8465
290659.4849
290375.2229
290065.3416
289728.2569
289362.2078
288965.0514
288534.3082
288067.4436
287562.2227
287017.0118
286430.837
285802.9631
285132.8867
284419.6657
283661.0416
282853.9197
281994.112
281076.9535
280097.3962
279050.7306
277931.783
276734.7587
275453.9227
274083.4314
272616.6941
271046.1326
269363.2213
267555.6003
265611.4658
263518.388
261264.0967
258835.5587
256217.5991
253390.164
250330.3085
247010.7196
243392.8867
239434.0381
235078.3664
230265.3726
224930.7223
218994.1013
212378.2835
205006.0623
196805.8501
187722.7567
177712.5103
166766.8417
154918.9626
142247.4377
128969.831
115130.942
100962.0061
86770.85301
72928.91222
59829.06696
47838.01133
37239.50254
28195.68072
20742.29522
14805.56452
293399.0091
293323.528
293240.1915
293151.9526
293060.5811
292966.2744
292868.0227
292764.1718
292652.9
292532.5776
292402.0093
292260.5245
292107.8746
291943.9486
291768.3818
291580.196
291377.6528
291158.4064
290919.8465
290659.4849
290375.2229
290065.3416
289728.2569
289362.2078
288965.0514
288534.3082
288067.4436
287562.2227
287017.0118
286430.837
285802.9631
285132.8867
284419.6657
283661.0416
282853.9197
281994.112
281076.9535
280097.3962
279050.7306
277931.783
276734.7587
275453.9227
274083.4314
272616.6941
271046.1326
269363.2213
267555.6003
265611.4658
263518.388
261264.0967
258835.5587
256217.5991
253390.164
250330.3085
247010.7196
243392.8867
239434.0381
235078.3664
230265.3726
224930.7223
218994.1013
212378.2835
205006.0623
196805.8501
187722.7567
177712.5103
166766.8417
154918.9626
142247.4377
128969.831
115130.942
100962.0061
86770.85301
72928.91222
59829.06696
47838.01133
37239.50254
28195.68072
20742.29522
14805.56452
293399.0091
293323.528
293240.1915
293151.9526
293060.5811
292966.2744
292868.0227
292764.1718
292652.9
292532.5776
292402.0093
292260.5245
292107.8746
291943.9486
291768.3818
291580.196
291377.6528
291158.4064
290919.8465
290659.4849
290375.2229
290065.3416
289728.2569
289362.2078
288965.0514
288534.3082
288067.4436
287562.2227
287017.0118
286430.837
285802.9631
285132.8867
284419.6657
283661.0416
282853.9197
281994.112
281076.9535
280097.3962
279050.7306
277931.783
276734.7587
275453.9227
274083.4314
272616.6941
271046.1326
269363.2213
267555.6003
265611.4658
263518.388
261264.0967
258835.5587
256217.5991
253390.164
250330.3085
247010.7196
243392.8867
239434.0381
235078.3664
230265.3726
224930.7223
218994.1013
212378.2835
205006.0623
196805.8501
187722.7567
177712.5103
166766.8417
154918.9626
142247.4377
128969.831
115130.942
100962.0061
86770.85301
72928.91222
59829.06696
47838.01133
37239.50254
28195.68072
20742.29522
14805.56452
293399.0091
293323.528
293240.1915
293151.9526
293060.5811
292966.2744
292868.0227
292764.1718
292652.9
292532.5776
292402.0093
292260.5245
292107.8746
291943.9486
291768.3818
291580.196
291377.6528
291158.4064
290919.8465
290659.4849
290375.2229
290065.3416
289728.2569
289362.2078
288965.0514
288534.3082
288067.4436
287562.2227
287017.0118
286430.837
285802.9631
285132.8867
284419.6657
283661.0416
282853.9197
281994.112
281076.9535
280097.3962
279050.7306
277931.783
276734.7587
275453.9227
274083.4314
272616.6941
271046.1326
269363.2213
267555.6003
265611.4658
263518.388
261264.0967
258835.5587
256217.5991
253390.164
250330.3085
247010.7196
243392.8867
239434.0381
235078.3664
230265.3726
224930.7223
218994.1013
212378.2835
205006.0623
196805.8501
187722.7567
177712.5103
166766.8417
154918.9626
142247.4377
128969.831
115130.942
100962.0061
86770.85301
72928.91222
59829.06696
47838.01133
37239.50254
28195.68072
20742.29522
14805.56452
293399.0091
293323.528
293240.1915
293151.9526
293060.5811
292966.2744
292868.0227
292764.1718
292652.9
292532.5776
292402.0093
292260.5245
292107.8746
291943.9486
291768.3818
291580.196
291377.6528
291158.4064
290919.8465
290659.4849
290375.2229
290065.3416
289728.2569
289362.2078
288965.0514
288534.3082
288067.4436
287562.2227
287017.0118
286430.837
285802.9631
285132.8867
284419.6657
283661.0416
282853.9197
281994.112
281076.9535
280097.3962
279050.7306
277931.783
276734.7587
275453.9227
274083.4314
272616.6941
271046.1326
269363.2213
267555.6003
265611.4658
263518.388
261264.0967
258835.5587
256217.5991
253390.164
250330.3085
247010.7196
243392.8867
239434.0381
235078.3664
230265.3726
224930.7223
218994.1013
212378.2835
205006.0623
196805.8501
187722.7567
177712.5103
166766.8417
154918.9626
142247.4377
128969.831
115130.942
100962.0061
86770.85301
72928.91222
59829.06696
47838.01133
37239.50254
28195.68072
20742.29522
14805.56452
293399.0091
293323.528
293240.1915
293151.9526
293060.5811
292966.2744
292868.0227
292764.1718
292652.9
292532.5776
292402.0093
292260.5245
292107.8746
291943.9486
291768.3818
291580.196
291377.6528
291158.4064
290919.8465
290659.4849
290375.2229
290065.3416
289728.2569
289362.2078
288965.0514
288534.3082
288067.4436
287562.2227
287017.0118
286430.837
285802.9631
285132.8867
284419.6657
283661.0416
282853.9197
281994.112
281076.9535
280097.3962
279050.7306
277931.783
276734.7587
275453.9227
274083.4314
272616.6941
271046.1326
269363.2213
267555.6003
265611.4658
263518.388
261264.0967
258835.5587
256217.5991
253390.164
250330.3085
247010.7196
243392.8867
239434.0381
235078.3664
230265.3726
224930.7223
218994.1013
212378.2835
205006.0623
196805.8501
187722.7567
177712.5103
166766.8417
154918.9626
142247.4377
128969.831
115130.942
100962.0061
86770.85301
72928.91222
59829.06696
47838.01133
37239.50254
28195.68072
20742.29522
14805.56452
293399.0091
293323.528
293240.1915
293151.9526
293060.5811
292966.2744
292868.0227
292764.1718
292652.9
292532.5776
292402.0093
292260.5245
292107.8746
291943.9486
291768.3818
291580.196
291377.6528
291158.4064
290919.8465
290659.4849
290375.2229
290065.3416
289728.2569
289362.2078
288965.0514
288534.3082
288067.4436
287562.2227
287017.0118
286430.837
285802.9631
285132.8867
284419.6657
283661.0416
282853.9197
281994.112
281076.9535
280097.3962
279050.7306
277931.783
276734.7587
275453.9227
274083.4314
272616.6941
271046.1326
269363.2213
267555.6003
265611.4658
263518.388
261264.0967
258835.5587
256217.5991
253390.164
250330.3085
247010.7196
243392.8867
239434.0381
235078.3664
230265.3726
224930.7223
218994.1013
212378.2835
205006.0623
196805.8501
187722.7567
177712.5103
166766.8417
154918.9626
142247.4377
128969.831
115130.942
100962.0061
86770.85301
72928.91222
59829.06696
47838.01133
37239.50254
28195.68072
20742.29522
14805.56452
293399.0091
293323.528
293240.1915
293151.9526
293060.5811
292966.2744
292868.0227
292764.1718
292652.9
292532.5776
292402.0093
292260.5245
292107.8746
291943.9486
291768.3818
291580.196
291377.6528
291158.4064
290919.8465
290659.4849
290375.2229
290065.3416
289728.2569
289362.2078
288965.0514
288534.3082
288067.4436
287562.2227
287017.0118
286430.837
285802.9631
285132.8867
284419.6657
283661.0416
282853.9197
281994.112
281076.9535
280097.3962
279050.7306
277931.783
276734.7587
275453.9227
274083.4314
272616.6941
271046.1326
269363.2213
267555.6003
265611.4658
263518.388
261264.0967
258835.5587
256217.5991
253390.164
250330.3085
247010.7196
243392.8867
239434.0381
235078.3664
230265.3726
224930.7223
218994.1013
212378.2835
205006.0623
196805.8501
187722.7567
177712.5103
166766.8417
154918.9626
142247.4377
128969.831
115130.942
100962.0061
86770.85301
72928.91222
59829.06696
47838.01133
37239.50254
28195.68072
20742.29522
14805.56452
293399.0091
293323.528
293240.1915
293151.9526
293060.5811
292966.2744
292868.0227
292764.1718
292652.9
292532.5776
292402.0093
292260.5245
292107.8746
291943.9486
291768.3818
291580.196
291377.6528
291158.4064
290919.8465
290659.4849
290375.2229
290065.3416
289728.2569
289362.2078
288965.0514
288534.3082
288067.4436
287562.2227
287017.0118
286430.837
285802.9631
285132.8867
284419.6657
283661.0416
282853.9197
281994.112
281076.9535
280097.3962
279050.7306
277931.783
276734.7587
275453.9227
274083.4314
272616.6941
271046.1326
269363.2213
267555.6003
265611.4658
263518.388
261264.0967
258835.5587
256217.5991
253390.164
250330.3085
247010.7196
243392.8867
239434.0381
235078.3664
230265.3726
224930.7223
218994.1013
212378.2835
205006.0623
196805.8501
187722.7567
177712.5103
166766.8417
154918.9626
142247.4377
128969.831
115130.942
100962.0061
86770.85301
72928.91222
59829.06696
47838.01133
37239.50254
28195.68072
20742.29522
14805.56452
293399.0091
293323.528
293240.1915
293151.9526
293060.5811
292966.2744
292868.0227
292764.1718
292652.9
292532.5776
292402.0093
292260.5245
292107.8746
291943.9486
291768.3818
291580.196
291377.6528
291158.4064
290919.8465
290659.4849
290375.2229
290065.3416
289728.2569
289362.2078
288965.0514
288534.3082
288067.4436
287562.2227
287017.0118
286430.837
285802.9631
285132.8867
284419.6657
283661.0416
282853.9197
281994.112
281076.9535
280097.3962
279050.7306
277931.783
276734.7587
275453.9227
274083.4314
272616.6941
271046.1326
269363.2213
267555.6003
265611.4658
263518.388
261264.0967
258835.5587
256217.5991
253390.164
250330.3085
247010.7196
243392.8867
239434.0381
235078.3664
230265.3726
224930.7223
218994.1013
212378.2835
205006.0623
196805.8501
187722.7567
177712.5103
166766.8417
154918.9626
142247.4377
128969.831
115130.942
100962.0061
86770.85301
72928.91222
59829.06696
47838.01133
37239.50254
28195.68072
20742.29522
14805.56452
293399.0091
293323.528
293240.1915
293151.9526
293060.5811
292966.2744
292868.0227
292764.1718
292652.9
292532.5776
292402.0093
292260.5245
292107.8746
291943.9486
291768.3818
291580.196
291377.6528
291158.4064
290919.8465
290659.4849
290375.2229
290065.3416
289728.2569
289362.2078
288965.0514
288534.3082
288067.4436
287562.2227
287017.0118
286430.837
285802.9631
285132.8867
284419.6657
283661.0416
282853.9197
281994.112
281076.9535
280097.3962
279050.7306
277931.783
276734.7587
275453.9227
274083.4314
272616.6941
271046.1326
269363.2213
267555.6003
265611.4658
263518.388
261264.0967
258835.5587
256217.5991
253390.164
250330.3085
247010.7196
243392.8867
239434.0381
235078.3664
230265.3726
224930.7223
218994.1013
212378.2835
205006.0623
196805.8501
187722.7567
177712.5103
166766.8417
154918.9626
142247.4377
128969.831
115130.942
100962.0061
86770.85301
72928.91222
59829.06696
47838.01133
37239.50254
28195.68072
20742.29522
14805.56452
293399.0091
293323.528
293240.1915
293151.9526
293060.5811
292966.2744
292868.0227
292764.1718
292652.9
292532.5776
292402.0093
292260.5245
292107.8746
291943.9486
291768.3818
291580.196
291377.6528
291158.4064
290919.8465
290659.4849
290375.2229
290065.3416
289728.2569
289362.2078
288965.0514
288534.3082
288067.4436
287562.2227
287017.0118
286430.837
285802.9631
285132.8867
284419.6657
283661.0416
282853.9197
281994.112
281076.9535
280097.3962
279050.7306
277931.783
276734.7587
275453.9227
274083.4314
272616.6941
271046.1326
269363.2213
267555.6003
265611.4658
263518.388
261264.0967
258835.5587
256217.5991
253390.164
250330.3085
247010.7196
243392.8867
239434.0381
235078.3664
230265.3726
224930.7223
218994.1013
212378.2835
205006.0623
196805.8501
187722.7567
177712.5103
166766.8417
154918.9626
142247.4377
128969.831
115130.942
100962.0061
86770.85301
72928.91222
59829.06696
47838.01133
37239.50254
28195.68072
20742.29522
14805.56452
293399.0091
293323.528
293240.1915
293151.9526
293060.5811
292966.2744
292868.0227
292764.1718
292652.9
292532.5776
292402.0093
292260.5245
292107.8746
291943.9486
291768.3818
291580.196
291377.6528
291158.4064
290919.8465
290659.4849
290375.2229
290065.3416
289728.2569
289362.2078
288965.0514
288534.3082
288067.4436
287562.2227
287017.0118
286430.837
285802.9631
285132.8867
284419.6657
283661.0416
282853.9197
281994.112
281076.9535
280097.3962
279050.7306
277931.783
276734.7587
275453.9227
274083.4314
272616.6941
271046.1326
269363.2213
267555.6003
265611.4658
263518.388
261264.0967
258835.5587
256217.5991
253390.164
250330.3085
247010.7196
243392.8867
239434.0381
235078.3664
230265.3726
224930.7223
218994.1013
212378.2835
205006.0623
196805.8501
187722.7567
177712.5103
166766.8417
154918.9626
142247.4377
128969.831
115130.942
100962.0061
86770.85301
72928.91222
59829.06696
47838.01133
37239.50254
28195.68072
20742.29522
14805.56452
293399.0091
293323.528
293240.1915
293151.9526
293060.5811
292966.2744
292868.0227
292764.1718
292652.9
292532.5776
292402.0093
292260.5245
292107.8746
291943.9486
291768.3818
291580.196
291377.6528
291158.4064
290919.8465
290659.4849
290375.2229
290065.3416
289728.2569
289362.2078
288965.0514
288534.3082
288067.4436
287562.2227
287017.0118
286430.837
285802.9631
285132.8867
284419.6657
283661.0416
282853.9197
281994.112
281076.9535
280097.3962
279050.7306
277931.783
276734.7587
275453.9227
274083.4314
272616.6941
271046.1326
269363.2213
267555.6003
265611.4658
263518.388
261264.0967
258835.5587
256217.5991
253390.164
250330.3085
247010.7196
243392.8867
239434.0381
235078.3664
230265.3726
224930.7223
218994.1013
212378.2835
205006.0623
196805.8501
187722.7567
177712.5103
166766.8417
154918.9626
142247.4377
128969.831
115130.942
100962.0061
86770.85301
72928.91222
59829.06696
47838.01133
37239.50254
28195.68072
20742.29522
14805.56452
293399.0091
293323.528
293240.1915
293151.9526
293060.5811
292966.2744
292868.0227
292764.1718
292652.9
292532.5776
292402.0093
292260.5245
292107.8746
291943.9486
291768.3818
291580.196
291377.6528
291158.4064
290919.8465
290659.4849
290375.2229
290065.3416
289728.2569
289362.2078
288965.0514
288534.3082
288067.4436
287562.2227
287017.0118
286430.837
285802.9631
285132.8867
284419.6657
283661.0416
282853.9197
281994.112
281076.9535
280097.3962
279050.7306
277931.783
276734.7587
275453.9227
274083.4314
272616.6941
271046.1326
269363.2213
267555.6003
265611.4658
263518.388
261264.0967
258835.5587
256217.5991
253390.164
250330.3085
247010.7196
243392.8867
239434.0381
235078.3664
230265.3726
224930.7223
218994.1013
212378.2835
205006.0623
196805.8501
187722.7567
177712.5103
166766.8417
154918.9626
142247.4377
128969.831
115130.942
100962.0061
86770.85301
72928.91222
59829.06696
47838.01133
37239.50254
28195.68072
20742.29522
14805.56452
293399.0091
293323.528
293240.1915
293151.9526
293060.5811
292966.2744
292868.0227
292764.1718
292652.9
292532.5776
292402.0093
292260.5245
292107.8746
291943.9486
291768.3818
291580.196
291377.6528
291158.4064
290919.8465
290659.4849
290375.2229
290065.3416
289728.2569
289362.2078
288965.0514
288534.3082
288067.4436
287562.2227
287017.0118
286430.837
285802.9631
285132.8867
284419.6657
283661.0416
282853.9197
281994.112
281076.9535
280097.3962
279050.7306
277931.783
276734.7587
275453.9227
274083.4314
272616.6941
271046.1326
269363.2213
267555.6003
265611.4658
263518.388
261264.0967
258835.5587
256217.5991
253390.164
250330.3085
247010.7196
243392.8867
239434.0381
235078.3664
230265.3726
224930.7223
218994.1013
212378.2835
205006.0623
196805.8501
187722.7567
177712.5103
166766.8417
154918.9626
142247.4377
128969.831
115130.942
100962.0061
86770.85301
72928.91222
59829.06696
47838.01133
37239.50254
28195.68072
20742.29522
14805.56452
293399.0091
293323.528
293240.1915
293151.9526
293060.5811
292966.2744
292868.0227
292764.1718
292652.9
292532.5776
292402.0093
292260.5245
292107.8746
291943.9486
291768.3818
291580.196
291377.6528
291158.4064
290919.8465
290659.4849
290375.2229
290065.3416
289728.2569
289362.2078
288965.0514
288534.3082
288067.4436
287562.2227
287017.0118
286430.837
285802.9631
285132.8867
284419.6657
283661.0416
282853.9197
281994.112
281076.9535
280097.3962
279050.7306
277931.783
276734.7587
275453.9227
274083.4314
272616.6941
271046.1326
269363.2213
267555.6003
265611.4658
263518.388
261264.0967
258835.5587
256217.5991
253390.164
250330.3085
247010.7196
243392.8867
239434.0381
235078.3664
230265.3726
224930.7223
218994.1013
212378.2835
205006.0623
196805.8501
187722.7567
177712.5103
166766.8417
154918.9626
142247.4377
128969.831
115130.942
100962.0061
86770.85301
72928.91222
59829.06696
47838.01133
37239.50254
28195.68072
20742.29522
14805.56452
293399.0091
293323.528
293240.1915
293151.9526
293060.5811
292966.2744
292868.0227
292764.1718
292652.9
292532.5776
292402.0093
292260.5245
292107.8746
291943.9486
291768.3818
291580.196
291377.6528
291158.4064
290919.8465
290659.4849
290375.2229
290065.3416
289728.2569
289362.2078
288965.0514
288534.3082
288067.4436
287562.2227
287017.0118
286430.837
285802.9631
285132.8867
284419.6657
283661.0416
282853.9197
281994.112
281076.9535
280097.3962
279050.7306
277931.783
276734.7587
275453.9227
274083.4314
272616.6941
271046.1326
269363.2213
267555.6003
265611.4658
263518.388
261264.0967
258835.5587
256217.5991
253390.164
250330.3085
247010.7196
243392.8867
239434.0381
235078.3664
230265.3726
224930.7223
218994.1013
212378.2835
205006.0623
196805.8501
187722.7567
177712.5103
166766.8417
154918.9626
142247.4377
128969.831
115130.942
100962.0061
86770.85301
72928.91222
59829.06696
47838.01133
37239.50254
28195.68072
20742.29522
14805.56452
293399.0091
293323.528
293240.1915
293151.9526
293060.5811
292966.2744
292868.0227
292764.1718
292652.9
292532.5776
292402.0093
292260.5245
292107.8746
291943.9486
291768.3818
291580.196
291377.6528
291158.4064
290919.8465
290659.4849
290375.2229
290065.3416
289728.2569
289362.2078
288965.0514
288534.3082
288067.4436
287562.2227
287017.0118
286430.837
285802.9631
285132.8867
284419.6657
283661.0416
282853.9197
281994.112
281076.9535
280097.3962
279050.7306
277931.783
276734.7587
275453.9227
274083.4314
272616.6941
271046.1326
269363.2213
267555.6003
265611.4658
263518.388
261264.0967
258835.5587
256217.5991
253390.164
250330.3085
247010.7196
243392.8867
239434.0381
235078.3664
230265.3726
224930.7223
218994.1013
212378.2835
205006.0623
196805.8501
187722.7567
177712.5103
166766.8417
154918.9626
142247.4377
128969.831
115130.942
100962.0061
86770.85301
72928.91222
59829.06696
47838.01133
37239.50254
28195.68072
20742.29522
14805.56452
293399.0091
293323.528
293240.1915
293151.9526
293060.5811
292966.2744
292868.0227
292764.1718
292652.9
292532.5776
292402.0093
292260.5245
292107.8746
291943.9486
291768.3818
291580.196
291377.6528
291158.4064
290919.8465
290659.4849
290375.2229
290065.3416
289728.2569
289362.2078
288965.0514
288534.3082
288067.4436
287562.2227
287017.0118
286430.837
285802.9631
285132.8867
284419.6657
283661.0416
282853.9197
281994.112
281076.9535
280097.3962
279050.7306
277931.783
276734.7587
275453.9227
274083.4314
272616.6941
271046.1326
269363.2213
267555.6003
265611.4658
263518.388
261264.0967
258835.5587
256217.5991
253390.164
250330.3085
247010.7196
243392.8867
239434.0381
235078.3664
230265.3726
224930.7223
218994.1013
212378.2835
205006.0623
196805.8501
187722.7567
177712.5103
166766.8417
154918.9626
142247.4377
128969.831
115130.942
100962.0061
86770.85301
72928.91222
59829.06696
47838.01133
37239.50254
28195.68072
20742.29522
14805.56452
293399.0091
293323.528
293240.1915
293151.9526
293060.5811
292966.2744
292868.0227
292764.1718
292652.9
292532.5776
292402.0093
292260.5245
292107.8746
291943.9486
291768.3818
291580.196
291377.6528
291158.4064
290919.8465
290659.4849
290375.2229
290065.3416
289728.2569
289362.2078
288965.0514
288534.3082
288067.4436
287562.2227
287017.0118
286430.837
285802.9631
285132.8867
284419.6657
283661.0416
282853.9197
281994.112
281076.9535
280097.3962
279050.7306
277931.783
276734.7587
275453.9227
274083.4314
272616.6941
271046.1326
269363.2213
267555.6003
265611.4658
263518.388
261264.0967
258835.5587
256217.5991
253390.164
250330.3085
247010.7196
243392.8867
239434.0381
235078.3664
230265.3726
224930.7223
218994.1013
212378.2835
205006.0623
196805.8501
187722.7567
177712.5103
166766.8417
154918.9626
142247.4377
128969.831
115130.942
100962.0061
86770.85301
72928.91222
59829.06696
47838.01133
37239.50254
28195.68072
20742.29522
14805.56452
293399.0091
293323.528
293240.1915
293151.9526
293060.5811
292966.2744
292868.0227
292764.1718
292652.9
292532.5776
292402.0093
292260.5245
292107.8746
291943.9486
291768.3818
291580.196
291377.6528
291158.4064
290919.8465
290659.4849
290375.2229
290065.3416
289728.2569
289362.2078
288965.0514
288534.3082
288067.4436
287562.2227
287017.0118
286430.837
285802.9631
285132.8867
284419.6657
283661.0416
282853.9197
281994.112
281076.9535
280097.3962
279050.7306
277931.783
276734.7587
275453.9227
274083.4314
272616.6941
271046.1326
269363.2213
267555.6003
265611.4658
263518.388
261264.0967
258835.5587
256217.5991
253390.164
250330.3085
247010.7196
243392.8867
239434.0381
235078.3664
230265.3726
224930.7223
218994.1013
212378.2835
205006.0623
196805.8501
187722.7567
177712.5103
166766.8417
154918.9626
142247.4377
128969.831
115130.942
100962.0061
86770.85301
72928.91222
59829.06696
47838.01133
37239.50254
28195.68072
20742.29522
14805.56452
293399.0091
293323.528
293240.1915
293151.9526
293060.5811
292966.2744
292868.0227
292764.1718
292652.9
292532.5776
292402.0093
292260.5245
292107.8746
291943.9486
291768.3818
291580.196
291377.6528
291158.4064
290919.8465
290659.4849
290375.2229
290065.3416
289728.2569
289362.2078
288965.0514
288534.3082
288067.4436
287562.2227
287017.0118
286430.837
285802.9631
285132.8867
284419.6657
283661.0416
282853.9197
281994.112
281076.9535
280097.3962
279050.7306
277931.783
276734.7587
275453.9227
274083.4314
272616.6941
271046.1326
269363.2213
267555.6003
265611.4658
263518.388
261264.0967
258835.5587
256217.5991
253390.164
250330.3085
247010.7196
243392.8867
239434.0381
235078.3664
230265.3726
224930.7223
218994.1013
212378.2835
205006.0623
196805.8501
187722.7567
177712.5103
166766.8417
154918.9626
142247.4377
128969.831
115130.942
100962.0061
86770.85301
72928.91222
59829.06696
47838.01133
37239.50254
28195.68072
20742.29522
14805.56452
293399.0091
293323.528
293240.1915
293151.9526
293060.5811
292966.2744
292868.0227
292764.1718
292652.9
292532.5776
292402.0093
292260.5245
292107.8746
291943.9486
291768.3818
291580.196
291377.6528
291158.4064
290919.8465
290659.4849
290375.2229
290065.3416
289728.2569
289362.2078
288965.0514
288534.3082
288067.4436
287562.2227
287017.0118
286430.837
285802.9631
285132.8867
284419.6657
283661.0416
282853.9197
281994.112
281076.9535
280097.3962
279050.7306
277931.783
276734.7587
275453.9227
274083.4314
272616.6941
271046.1326
269363.2213
267555.6003
265611.4658
263518.388
261264.0967
258835.5587
256217.5991
253390.164
250330.3085
247010.7196
243392.8867
239434.0381
235078.3664
230265.3726
224930.7223
218994.1013
212378.2835
205006.0623
196805.8501
187722.7567
177712.5103
166766.8417
154918.9626
142247.4377
128969.831
115130.942
100962.0061
86770.85301
72928.91222
59829.06696
47838.01133
37239.50254
28195.68072
20742.29522
14805.56452
293399.0091
293323.528
293240.1915
293151.9526
293060.5811
292966.2744
292868.0227
292764.1718
292652.9
292532.5776
292402.0093
292260.5245
292107.8746
291943.9486
291768.3818
291580.196
291377.6528
291158.4064
290919.8465
290659.4849
290375.2229
290065.3416
289728.2569
289362.2078
288965.0514
288534.3082
288067.4436
287562.2227
287017.0118
286430.837
285802.9631
285132.8867
284419.6657
283661.0416
282853.9197
281994.112
281076.9535
280097.3962
279050.7306
277931.783
276734.7587
275453.9227
274083.4314
272616.6941
271046.1326
269363.2213
267555.6003
265611.4658
263518.388
261264.0967
258835.5587
256217.5991
253390.164
250330.3085
247010.7196
243392.8867
239434.0381
235078.3664
230265.3726
224930.7223
218994.1013
212378.2835
205006.0623
196805.8501
187722.7567
177712.5103
166766.8417
154918.9626
142247.4377
128969.831
115130.942
100962.0061
86770.85301
72928.91222
59829.06696
47838.01133
37239.50254
28195.68072
20742.29522
14805.56452
293399.0091
293323.528
293240.1915
293151.9526
293060.5811
292966.2744
292868.0227
292764.1718
292652.9
292532.5776
292402.0093
292260.5245
292107.8746
291943.9486
291768.3818
291580.196
291377.6528
291158.4064
290919.8465
290659.4849
290375.2229
290065.3416
289728.2569
289362.2078
288965.0514
288534.3082
288067.4436
287562.2227
287017.0118
286430.837
285802.9631
285132.8867
284419.6657
283661.0416
282853.9197
281994.112
281076.9535
280097.3962
279050.7306
277931.783
276734.7587
275453.9227
274083.4314
272616.6941
271046.1326
269363.2213
267555.6003
265611.4658
263518.388
261264.0967
258835.5587
256217.5991
253390.164
250330.3085
247010.7196
243392.8867
239434.0381
235078.3664
230265.3726
224930.7223
218994.1013
212378.2835
205006.0623
196805.8501
187722.7567
177712.5103
166766.8417
154918.9626
142247.4377
128969.831
115130.942
100962.0061
86770.85301
72928.91222
59829.06696
47838.01133
37239.50254
28195.68072
20742.29522
14805.56452
293399.0091
293323.528
293240.1915
293151.9526
293060.5811
292966.2744
292868.0227
292764.1718
292652.9
292532.5776
292402.0093
292260.5245
292107.8746
291943.9486
291768.3818
291580.196
291377.6528
291158.4064
290919.8465
290659.4849
290375.2229
290065.3416
289728.2569
289362.2078
288965.0514
288534.3082
288067.4436
287562.2227
287017.0118
286430.837
285802.9631
285132.8867
284419.6657
283661.0416
282853.9197
281994.112
281076.9535
280097.3962
279050.7306
277931.783
276734.7587
275453.9227
274083.4314
272616.6941
271046.1326
269363.2213
267555.6003
265611.4658
263518.388
261264.0967
258835.5587
256217.5991
253390.164
250330.3085
247010.7196
243392.8867
239434.0381
235078.3664
230265.3726
224930.7223
218994.1013
212378.2835
205006.0623
196805.8501
187722.7567
177712.5103
166766.8417
154918.9626
142247.4377
128969.831
115130.942
100962.0061
86770.85301
72928.91222
59829.06696
47838.01133
37239.50254
28195.68072
20742.29522
14805.56452
293399.0091
293323.528
293240.1915
293151.9526
293060.5811
292966.2744
292868.0227
292764.1718
292652.9
292532.5776
292402.0093
292260.5245
292107.8746
291943.9486
291768.3818
291580.196
291377.6528
291158.4064
290919.8465
290659.4849
290375.2229
290065.3416
289728.2569
289362.2078
288965.0514
288534.3082
288067.4436
287562.2227
287017.0118
286430.837
285802.9631
285132.8867
284419.6657
283661.0416
282853.9197
281994.112
281076.9535
280097.3962
279050.7306
277931.783
276734.7587
275453.9227
274083.4314
272616.6941
271046.1326
269363.2213
267555.6003
265611.4658
263518.388
261264.0967
258835.5587
256217.5991
253390.164
250330.3085
247010.7196
243392.8867
239434.0381
235078.3664
230265.3726
224930.7223
218994.1013
212378.2835
205006.0623
196805.8501
187722.7567
177712.5103
166766.8417
154918.9626
142247.4377
128969.831
115130.942
100962.0061
86770.85301
72928.91222
59829.06696
47838.01133
37239.50254
28195.68072
20742.29522
14805.56452
293399.0091
293323.528
293240.1915
293151.9526
293060.5811
292966.2744
292868.0227
292764.1718
292652.9
292532.5776
292402.0093
292260.5245
292107.8746
291943.9486
291768.3818
291580.196
291377.6528
291158.4064
290919.8465
290659.4849
290375.2229
290065.3416
289728.2569
289362.2078
288965.0514
288534.3082
288067.4436
287562.2227
287017.0118
286430.837
285802.9631
285132.8867
284419.6657
283661.0416
282853.9197
281994.112
281076.9535
280097.3962
279050.7306
277931.783
276734.7587
275453.9227
274083.4314
272616.6941
271046.1326
269363.2213
267555.6003
265611.4658
263518.388
261264.0967
258835.5587
256217.5991
253390.164
250330.3085
247010.7196
243392.8867
239434.0381
235078.3664
230265.3726
224930.7223
218994.1013
212378.2835
205006.0623
196805.8501
187722.7567
177712.5103
166766.8417
154918.9626
142247.4377
128969.831
115130.942
100962.0061
86770.85301
72928.91222
59829.06696
47838.01133
37239.50254
28195.68072
20742.29522
14805.56452
293399.0091
293323.528
293240.1915
293151.9526
293060.5811
292966.2744
292868.0227
292764.1718
292652.9
292532.5776
292402.0093
292260.5245
292107.8746
291943.9486
291768.3818
291580.196
291377.6528
291158.4064
290919.8465
290659.4849
290375.2229
290065.3416
289728.2569
289362.2078
288965.0514
288534.3082
288067.4436
287562.2227
287017.0118
286430.837
285802.9631
285132.8867
284419.6657
283661.0416
282853.9197
281994.112
281076.9535
280097.3962
279050.7306
277931.783
276734.7587
275453.9227
274083.4314
272616.6941
271046.1326
269363.2213
267555.6003
265611.4658
263518.388
261264.0967
258835.5587
256217.5991
253390.164
250330.3085
247010.7196
243392.8867
239434.0381
235078.3664
230265.3726
224930.7223
218994.1013
212378.2835
205006.0623
196805.8501
187722.7567
177712.5103
166766.8417
154918.9626
142247.4377
128969.831
115130.942
100962.0061
86770.85301
72928.91222
59829.06696
47838.01133
37239.50254
28195.68072
20742.29522
14805.56452
293399.0091
293323.528
293240.1915
293151.9526
293060.5811
292966.2744
292868.0227
292764.1718
292652.9
292532.5776
292402.0093
292260.5245
292107.8746
291943.9486
291768.3818
291580.196
291377.6528
291158.4064
290919.8465
290659.4849
290375.2229
290065.3416
289728.2569
289362.2078
288965.0514
288534.3082
288067.4436
287562.2227
287017.0118
286430.837
285802.9631
285132.8867
284419.6657
283661.0416
282853.9197
281994.112
281076.9535
280097.3962
279050.7306
277931.783
276734.7587
275453.9227
274083.4314
272616.6941
271046.1326
269363.2213
267555.6003
265611.4658
263518.388
261264.0967
258835.5587
256217.5991
253390.164
250330.3085
247010.7196
243392.8867
239434.0381
235078.3664
230265.3726
224930.7223
218994.1013
212378.2835
205006.0623
196805.8501
187722.7567
177712.5103
166766.8417
154918.9626
142247.4377
128969.831
115130.942
100962.0061
86770.85301
72928.91222
59829.06696
47838.01133
37239.50254
28195.68072
20742.29522
14805.56452
293399.0091
293323.528
293240.1915
293151.9526
293060.5811
292966.2744
292868.0227
292764.1718
292652.9
292532.5776
292402.0093
292260.5245
292107.8746
291943.9486
291768.3818
291580.196
291377.6528
291158.4064
290919.8465
290659.4849
290375.2229
290065.3416
289728.2569
289362.2078
288965.0514
288534.3082
288067.4436
287562.2227
287017.0118
286430.837
285802.9631
285132.8867
284419.6657
283661.0416
282853.9197
281994.112
281076.9535
280097.3962
279050.7306
277931.783
276734.7587
275453.9227
274083.4314
272616.6941
271046.1326
269363.2213
267555.6003
265611.4658
263518.388
261264.0967
258835.5587
256217.5991
253390.164
250330.3085
247010.7196
243392.8867
239434.0381
235078.3664
230265.3726
224930.7223
218994.1013
212378.2835
205006.0623
196805.8501
187722.7567
177712.5103
166766.8417
154918.9626
142247.4377
128969.831
115130.942
100962.0061
86770.85301
72928.91222
59829.06696
47838.01133
37239.50254
28195.68072
20742.29522
14805.56452
293399.0091
293323.528
293240.1915
293151.9526
293060.5811
292966.2744
292868.0227
292764.1718
292652.9
292532.5776
292402.0093
292260.5245
292107.8746
291943.9486
291768.3818
291580.196
291377.6528
291158.4064
290919.8465
290659.4849
290375.2229
290065.3416
289728.2569
289362.2078
288965.0514
288534.3082
288067.4436
287562.2227
287017.0118
286430.837
285802.9631
285132.8867
284419.6657
283661.0416
282853.9197
281994.112
281076.9535
280097.3962
279050.7306
277931.783
276734.7587
275453.9227
274083.4314
272616.6941
271046.1326
269363.2213
267555.6003
265611.4658
263518.388
261264.0967
258835.5587
256217.5991
253390.164
250330.3085
247010.7196
243392.8867
239434.0381
235078.3664
230265.3726
224930.7223
218994.1013
212378.2835
205006.0623
196805.8501
187722.7567
177712.5103
166766.8417
154918.9626
142247.4377
128969.831
115130.942
100962.0061
86770.85301
72928.91222
59829.06696
47838.01133
37239.50254
28195.68072
20742.29522
14805.56452
293399.0091
293323.528
293240.1915
293151.9526
293060.5811
292966.2744
292868.0227
292764.1718
292652.9
292532.5776
292402.0093
292260.5245
292107.8746
291943.9486
291768.3818
291580.196
291377.6528
291158.4064
290919.8465
290659.4849
290375.2229
290065.3416
289728.2569
289362.2078
288965.0514
288534.3082
288067.4436
287562.2227
287017.0118
286430.837
285802.9631
285132.8867
284419.6657
283661.0416
282853.9197
281994.112
281076.9535
280097.3962
279050.7306
277931.783
276734.7587
275453.9227
274083.4314
272616.6941
271046.1326
269363.2213
267555.6003
265611.4658
263518.388
261264.0967
258835.5587
256217.5991
253390.164
250330.3085
247010.7196
243392.8867
239434.0381
235078.3664
230265.3726
224930.7223
218994.1013
212378.2835
205006.0623
196805.8501
187722.7567
177712.5103
166766.8417
154918.9626
142247.4377
128969.831
115130.942
100962.0061
86770.85301
72928.91222
59829.06696
47838.01133
37239.50254
28195.68072
20742.29522
14805.56452
293399.0091
293323.528
293240.1915
293151.9526
293060.5811
292966.2744
292868.0227
292764.1718
292652.9
292532.5776
292402.0093
292260.5245
292107.8746
291943.9486
291768.3818
291580.196
291377.6528
291158.4064
290919.8465
290659.4849
290375.2229
290065.3416
289728.2569
289362.2078
288965.0514
288534.3082
288067.4436
287562.2227
287017.0118
286430.837
285802.9631
285132.8867
284419.6657
283661.0416
282853.9197
281994.112
281076.9535
280097.3962
279050.7306
277931.783
276734.7587
275453.9227
274083.4314
272616.6941
271046.1326
269363.2213
267555.6003
265611.4658
263518.388
261264.0967
258835.5587
256217.5991
253390.164
250330.3085
247010.7196
243392.8867
239434.0381
235078.3664
230265.3726
224930.7223
218994.1013
212378.2835
205006.0623
196805.8501
187722.7567
177712.5103
166766.8417
154918.9626
142247.4377
128969.831
115130.942
100962.0061
86770.85301
72928.91222
59829.06696
47838.01133
37239.50254
28195.68072
20742.29522
14805.56452
293399.0091
293323.528
293240.1915
293151.9526
293060.5811
292966.2744
292868.0227
292764.1718
292652.9
292532.5776
292402.0093
292260.5245
292107.8746
291943.9486
291768.3818
291580.196
291377.6528
291158.4064
290919.8465
290659.4849
290375.2229
290065.3416
289728.2569
289362.2078
288965.0514
288534.3082
288067.4436
287562.2227
287017.0118
286430.837
285802.9631
285132.8867
284419.6657
283661.0416
282853.9197
281994.112
281076.9535
280097.3962
279050.7306
277931.783
276734.7587
275453.9227
274083.4314
272616.6941
271046.1326
269363.2213
267555.6003
265611.4658
263518.388
261264.0967
258835.5587
256217.5991
253390.164
250330.3085
247010.7196
243392.8867
239434.0381
235078.3664
230265.3726
224930.7223
218994.1013
212378.2835
205006.0623
196805.8501
187722.7567
177712.5103
166766.8417
154918.9626
142247.4377
128969.831
115130.942
100962.0061
86770.85301
72928.91222
59829.06696
47838.01133
37239.50254
28195.68072
20742.29522
14805.56452
293399.0091
293323.528
293240.1915
293151.9526
293060.5811
292966.2744
292868.0227
292764.1718
292652.9
292532.5776
292402.0093
292260.5245
292107.8746
291943.9486
291768.3818
291580.196
291377.6528
291158.4064
290919.8465
290659.4849
290375.2229
290065.3416
289728.2569
289362.2078
288965.0514
288534.3082
288067.4436
287562.2227
287017.0118
286430.837
285802.9631
285132.8867
284419.6657
283661.0416
282853.9197
281994.112
281076.9535
280097.3962
279050.7306
277931.783
276734.7587
275453.9227
274083.4314
272616.6941
271046.1326
269363.2213
267555.6003
265611.4658
263518.388
261264.0967
258835.5587
256217.5991
253390.164
250330.3085
247010.7196
243392.8867
239434.0381
235078.3664
230265.3726
224930.7223
218994.1013
212378.2835
205006.0623
196805.8501
187722.7567
177712.5103
166766.8417
154918.9626
142247.4377
128969.831
115130.942
100962.0061
86770.85301
72928.91222
59829.06696
47838.01133
37239.50254
28195.68072
20742.29522
14805.56452
293399.0091
293323.528
293240.1915
293151.9526
293060.5811
292966.2744
292868.0227
292764.1718
292652.9
292532.5776
292402.0093
292260.5245
292107.8746
291943.9486
291768.3818
291580.196
291377.6528
291158.4064
290919.8465
290659.4849
290375.2229
290065.3416
289728.2569
289362.2078
288965.0514
288534.3082
288067.4436
287562.2227
287017.0118
286430.837
285802.9631
285132.8867
284419.6657
283661.0416
282853.9197
281994.112
281076.9535
280097.3962
279050.7306
277931.783
276734.7587
275453.9227
274083.4314
272616.6941
271046.1326
269363.2213
267555.6003
265611.4658
263518.388
261264.0967
258835.5587
256217.5991
253390.164
250330.3085
247010.7196
243392.8867
239434.0381
235078.3664
230265.3726
224930.7223
218994.1013
212378.2835
205006.0623
196805.8501
187722.7567
177712.5103
166766.8417
154918.9626
142247.4377
128969.831
115130.942
100962.0061
86770.85301
72928.91222
59829.06696
47838.01133
37239.50254
28195.68072
20742.29522
14805.56452
293399.0091
293323.528
293240.1915
293151.9526
293060.5811
292966.2744
292868.0227
292764.1718
292652.9
292532.5776
292402.0093
292260.5245
292107.8746
291943.9486
291768.3818
291580.196
291377.6528
291158.4064
290919.8465
290659.4849
290375.2229
290065.3416
289728.2569
289362.2078
288965.0514
288534.3082
288067.4436
287562.2227
287017.0118
286430.837
285802.9631
285132.8867
284419.6657
283661.0416
282853.9197
281994.112
281076.9535
280097.3962
279050.7306
277931.783
276734.7587
275453.9227
274083.4314
272616.6941
271046.1326
269363.2213
267555.6003
265611.4658
263518.388
261264.0967
258835.5587
256217.5991
253390.164
250330.3085
247010.7196
243392.8867
239434.0381
235078.3664
230265.3726
224930.7223
218994.1013
212378.2835
205006.0623
196805.8501
187722.7567
177712.5103
166766.8417
154918.9626
142247.4377
128969.831
115130.942
100962.0061
86770.85301
72928.91222
59829.06696
47838.01133
37239.50254
28195.68072
20742.29522
14805.56452
293399.0091
293323.528
293240.1915
293151.9526
293060.5811
292966.2744
292868.0227
292764.1718
292652.9
292532.5776
292402.0093
292260.5245
292107.8746
291943.9486
291768.3818
291580.196
291377.6528
291158.4064
290919.8465
290659.4849
290375.2229
290065.3416
289728.2569
289362.2078
288965.0514
288534.3082
288067.4436
287562.2227
287017.0118
286430.837
285802.9631
285132.8867
284419.6657
283661.0416
282853.9197
281994.112
281076.9535
280097.3962
279050.7306
277931.783
276734.7587
275453.9227
274083.4314
272616.6941
271046.1326
269363.2213
267555.6003
265611.4658
263518.388
261264.0967
258835.5587
256217.5991
253390.164
250330.3085
247010.7196
243392.8867
239434.0381
235078.3664
230265.3726
224930.7223
218994.1013
212378.2835
205006.0623
196805.8501
187722.7567
177712.5103
166766.8417
154918.9626
142247.4377
128969.831
115130.942
100962.0061
86770.85301
72928.91222
59829.06696
47838.01133
37239.50254
28195.68072
20742.29522
14805.56452
293399.0091
293323.528
293240.1915
293151.9526
293060.5811
292966.2744
292868.0227
292764.1718
292652.9
292532.5776
292402.0093
292260.5245
292107.8746
291943.9486
291768.3818
291580.196
291377.6528
291158.4064
290919.8465
290659.4849
290375.2229
290065.3416
289728.2569
289362.2078
288965.0514
288534.3082
288067.4436
287562.2227
287017.0118
286430.837
285802.9631
285132.8867
284419.6657
283661.0416
282853.9197
281994.112
281076.9535
280097.3962
279050.7306
277931.783
276734.7587
275453.9227
274083.4314
272616.6941
271046.1326
269363.2213
267555.6003
265611.4658
263518.388
261264.0967
258835.5587
256217.5991
253390.164
250330.3085
247010.7196
243392.8867
239434.0381
235078.3664
230265.3726
224930.7223
218994.1013
212378.2835
205006.0623
196805.8501
187722.7567
177712.5103
166766.8417
154918.9626
142247.4377
128969.831
115130.942
100962.0061
86770.85301
72928.91222
59829.06696
47838.01133
37239.50254
28195.68072
20742.29522
14805.56452
293399.0091
293323.528
293240.1915
293151.9526
293060.5811
292966.2744
292868.0227
292764.1718
292652.9
292532.5776
292402.0093
292260.5245
292107.8746
291943.9486
291768.3818
291580.196
291377.6528
291158.4064
290919.8465
290659.4849
290375.2229
290065.3416
289728.2569
289362.2078
288965.0514
288534.3082
288067.4436
287562.2227
287017.0118
286430.837
285802.9631
285132.8867
284419.6657
283661.0416
282853.9197
281994.112
281076.9535
280097.3962
279050.7306
277931.783
276734.7587
275453.9227
274083.4314
272616.6941
271046.1326
269363.2213
267555.6003
265611.4658
263518.388
261264.0967
258835.5587
256217.5991
253390.164
250330.3085
247010.7196
243392.8867
239434.0381
235078.3664
230265.3726
224930.7223
218994.1013
212378.2835
205006.0623
196805.8501
187722.7567
177712.5103
166766.8417
154918.9626
142247.4377
128969.831
115130.942
100962.0061
86770.85301
72928.91222
59829.06696
47838.01133
37239.50254
28195.68072
20742.29522
14805.56452
293399.0091
293323.528
293240.1915
293151.9526
293060.5811
292966.2744
292868.0227
292764.1718
292652.9
292532.5776
292402.0093
292260.5245
292107.8746
291943.9486
291768.3818
291580.196
291377.6528
291158.4064
290919.8465
290659.4849
290375.2229
290065.3416
289728.2569
289362.2078
288965.0514
288534.3082
288067.4436
287562.2227
287017.0118
286430.837
285802.9631
285132.8867
284419.6657
283661.0416
282853.9197
281994.112
281076.9535
280097.3962
279050.7306
277931.783
276734.7587
275453.9227
274083.4314
272616.6941
271046.1326
269363.2213
267555.6003
265611.4658
263518.388
261264.0967
258835.5587
256217.5991
253390.164
250330.3085
247010.7196
243392.8867
239434.0381
235078.3664
230265.3726
224930.7223
218994.1013
212378.2835
205006.0623
196805.8501
187722.7567
177712.5103
166766.8417
154918.9626
142247.4377
128969.831
115130.942
100962.0061
86770.85301
72928.91222
59829.06696
47838.01133
37239.50254
28195.68072
20742.29522
14805.56452
293399.0091
293323.528
293240.1915
293151.9526
293060.5811
292966.2744
292868.0227
292764.1718
292652.9
292532.5776
292402.0093
292260.5245
292107.8746
291943.9486
291768.3818
291580.196
291377.6528
291158.4064
290919.8465
290659.4849
290375.2229
290065.3416
289728.2569
289362.2078
288965.0514
288534.3082
288067.4436
287562.2227
287017.0118
286430.837
285802.9631
285132.8867
284419.6657
283661.0416
282853.9197
281994.112
281076.9535
280097.3962
279050.7306
277931.783
276734.7587
275453.9227
274083.4314
272616.6941
271046.1326
269363.2213
267555.6003
265611.4658
263518.388
261264.0967
258835.5587
256217.5991
253390.164
250330.3085
247010.7196
243392.8867
239434.0381
235078.3664
230265.3726
224930.7223
218994.1013
212378.2835
205006.0623
196805.8501
187722.7567
177712.5103
166766.8417
154918.9626
142247.4377
128969.831
115130.942
100962.0061
86770.85301
72928.91222
59829.06696
47838.01133
37239.50254
28195.68072
20742.29522
14805.56452
293399.0091
293323.528
293240.1915
293151.9526
293060.5811
292966.2744
292868.0227
292764.1718
292652.9
292532.5776
292402.0093
292260.5245
292107.8746
291943.9486
291768.3818
291580.196
291377.6528
291158.4064
290919.8465
290659.4849
290375.2229
290065.3416
289728.2569
289362.2078
288965.0514
288534.3082
288067.4436
287562.2227
287017.0118
286430.837
285802.9631
285132.8867
284419.6657
283661.0416
282853.9197
281994.112
281076.9535
280097.3962
279050.7306
277931.783
276734.7587
275453.9227
274083.4314
272616.6941
271046.1326
269363.2213
267555.6003
265611.4658
263518.388
261264.0967
258835.5587
256217.5991
253390.164
250330.3085
247010.7196
243392.8867
239434.0381
235078.3664
230265.3726
224930.7223
218994.1013
212378.2835
205006.0623
196805.8501
187722.7567
177712.5103
166766.8417
154918.9626
142247.4377
128969.831
115130.942
100962.0061
86770.85301
72928.91222
59829.06696
47838.01133
37239.50254
28195.68072
20742.29522
14805.56452
293399.0091
293323.528
293240.1915
293151.9526
293060.5811
292966.2744
292868.0227
292764.1718
292652.9
292532.5776
292402.0093
292260.5245
292107.8746
291943.9486
291768.3818
291580.196
291377.6528
291158.4064
290919.8465
290659.4849
290375.2229
290065.3416
289728.2569
289362.2078
288965.0514
288534.3082
288067.4436
287562.2227
287017.0118
286430.837
285802.9631
285132.8867
284419.6657
283661.0416
282853.9197
281994.112
281076.9535
280097.3962
279050.7306
277931.783
276734.7587
275453.9227
274083.4314
272616.6941
271046.1326
269363.2213
267555.6003
265611.4658
263518.388
261264.0967
258835.5587
256217.5991
253390.164
250330.3085
247010.7196
243392.8867
239434.0381
235078.3664
230265.3726
224930.7223
218994.1013
212378.2835
205006.0623
196805.8501
187722.7567
177712.5103
166766.8417
154918.9626
142247.4377
128969.831
115130.942
100962.0061
86770.85301
72928.91222
59829.06696
47838.01133
37239.50254
28195.68072
20742.29522
14805.56452
293399.0091
293323.528
293240.1915
293151.9526
293060.5811
292966.2744
292868.0227
292764.1718
292652.9
292532.5776
292402.0093
292260.5245
292107.8746
291943.9486
291768.3818
291580.196
291377.6528
291158.4064
290919.8465
290659.4849
290375.2229
290065.3416
289728.2569
289362.2078
288965.0514
288534.3082
288067.4436
287562.2227
287017.0118
286430.837
285802.9631
285132.8867
284419.6657
283661.0416
282853.9197
281994.112
281076.9535
280097.3962
279050.7306
277931.783
276734.7587
275453.9227
274083.4314
272616.6941
271046.1326
269363.2213
267555.6003
265611.4658
263518.388
261264.0967
258835.5587
256217.5991
253390.164
250330.3085
247010.7196
243392.8867
239434.0381
235078.3664
230265.3726
224930.7223
218994.1013
212378.2835
205006.0623
196805.8501
187722.7567
177712.5103
166766.8417
154918.9626
142247.4377
128969.831
115130.942
100962.0061
86770.85301
72928.91222
59829.06696
47838.01133
37239.50254
28195.68072
20742.29522
14805.56452
293399.0091
293323.528
293240.1915
293151.9526
293060.5811
292966.2744
292868.0227
292764.1718
292652.9
292532.5776
292402.0093
292260.5245
292107.8746
291943.9486
291768.3818
291580.196
291377.6528
291158.4064
290919.8465
290659.4849
290375.2229
290065.3416
289728.2569
289362.2078
288965.0514
288534.3082
288067.4436
287562.2227
287017.0118
286430.837
285802.9631
285132.8867
284419.6657
283661.0416
282853.9197
281994.112
281076.9535
280097.3962
279050.7306
277931.783
276734.7587
275453.9227
274083.4314
272616.6941
271046.1326
269363.2213
267555.6003
265611.4658
263518.388
261264.0967
258835.5587
256217.5991
253390.164
250330.3085
247010.7196
243392.8867
239434.0381
235078.3664
230265.3726
224930.7223
218994.1013
212378.2835
205006.0623
196805.8501
187722.7567
177712.5103
166766.8417
154918.9626
142247.4377
128969.831
115130.942
100962.0061
86770.85301
72928.91222
59829.06696
47838.01133
37239.50254
28195.68072
20742.29522
14805.56452
293399.0091
293323.528
293240.1915
293151.9526
293060.5811
292966.2744
292868.0227
292764.1718
292652.9
292532.5776
292402.0093
292260.5245
292107.8746
291943.9486
291768.3818
291580.196
291377.6528
291158.4064
290919.8465
290659.4849
290375.2229
290065.3416
289728.2569
289362.2078
288965.0514
288534.3082
288067.4436
287562.2227
287017.0118
286430.837
285802.9631
285132.8867
284419.6657
283661.0416
282853.9197
281994.112
281076.9535
280097.3962
279050.7306
277931.783
276734.7587
275453.9227
274083.4314
272616.6941
271046.1326
269363.2213
267555.6003
265611.4658
263518.388
261264.0967
258835.5587
256217.5991
253390.164
250330.3085
247010.7196
243392.8867
239434.0381
235078.3664
230265.3726
224930.7223
218994.1013
212378.2835
205006.0623
196805.8501
187722.7567
177712.5103
166766.8417
154918.9626
142247.4377
128969.831
115130.942
100962.0061
86770.85301
72928.91222
59829.06696
47838.01133
37239.50254
28195.68072
20742.29522
14805.56452
293399.0091
293323.528
293240.1915
293151.9526
293060.5811
292966.2744
292868.0227
292764.1718
292652.9
292532.5776
292402.0093
292260.5245
292107.8746
291943.9486
291768.3818
291580.196
291377.6528
291158.4064
290919.8465
290659.4849
290375.2229
290065.3416
289728.2569
289362.2078
288965.0514
288534.3082
288067.4436
287562.2227
287017.0118
286430.837
285802.9631
285132.8867
284419.6657
283661.0416
282853.9197
281994.112
281076.9535
280097.3962
279050.7306
277931.783
276734.7587
275453.9227
274083.4314
272616.6941
271046.1326
269363.2213
267555.6003
265611.4658
263518.388
261264.0967
258835.5587
256217.5991
253390.164
250330.3085
247010.7196
243392.8867
239434.0381
235078.3664
230265.3726
224930.7223
218994.1013
212378.2835
205006.0623
196805.8501
187722.7567
177712.5103
166766.8417
154918.9626
142247.4377
128969.831
115130.942
100962.0061
86770.85301
72928.91222
59829.06696
47838.01133
37239.50254
28195.68072
20742.29522
14805.56452
293399.0091
293323.528
293240.1915
293151.9526
293060.5811
292966.2744
292868.0227
292764.1718
292652.9
292532.5776
292402.0093
292260.5245
292107.8746
291943.9486
291768.3818
291580.196
291377.6528
291158.4064
290919.8465
290659.4849
290375.2229
290065.3416
289728.2569
289362.2078
288965.0514
288534.3082
288067.4436
287562.2227
287017.0118
286430.837
285802.9631
285132.8867
284419.6657
283661.0416
282853.9197
281994.112
281076.9535
280097.3962
279050.7306
277931.783
276734.7587
275453.9227
274083.4314
272616.6941
271046.1326
269363.2213
267555.6003
265611.4658
263518.388
261264.0967
258835.5587
256217.5991
253390.164
250330.3085
247010.7196
243392.8867
239434.0381
235078.3664
230265.3726
224930.7223
218994.1013
212378.2835
205006.0623
196805.8501
187722.7567
177712.5103
166766.8417
154918.9626
142247.4377
128969.831
115130.942
100962.0061
86770.85301
72928.91222
59829.06696
47838.01133
37239.50254
28195.68072
20742.29522
14805.56452
293399.0091
293323.528
293240.1915
293151.9526
293060.5811
292966.2744
292868.0227
292764.1718
292652.9
292532.5776
292402.0093
292260.5245
292107.8746
291943.9486
291768.3818
291580.196
291377.6528
291158.4064
290919.8465
290659.4849
290375.2229
290065.3416
289728.2569
289362.2078
288965.0514
288534.3082
288067.4436
287562.2227
287017.0118
286430.837
285802.9631
285132.8867
284419.6657
283661.0416
282853.9197
281994.112
281076.9535
280097.3962
279050.7306
277931.783
276734.7587
275453.9227
274083.4314
272616.6941
271046.1326
269363.2213
267555.6003
265611.4658
263518.388
261264.0967
258835.5587
256217.5991
253390.164
250330.3085
247010.7196
243392.8867
239434.0381
235078.3664
230265.3726
224930.7223
218994.1013
212378.2835
205006.0623
196805.8501
187722.7567
177712.5103
166766.8417
154918.9626
142247.4377
128969.831
115130.942
100962.0061
86770.85301
72928.91222
59829.06696
47838.01133
37239.50254
28195.68072
20742.29522
14805.56452
293399.0091
293323.528
293240.1915
293151.9526
293060.5811
292966.2744
292868.0227
292764.1718
292652.9
292532.5776
292402.0093
292260.5245
292107.8746
291943.9486
291768.3818
291580.196
291377.6528
291158.4064
290919.8465
290659.4849
290375.2229
290065.3416
289728.2569
289362.2078
288965.0514
288534.3082
288067.4436
287562.2227
287017.0118
286430.837
285802.9631
285132.8867
284419.6657
283661.0416
282853.9197
281994.112
281076.9535
280097.3962
279050.7306
277931.783
276734.7587
275453.9227
274083.4314
272616.6941
271046.1326
269363.2213
267555.6003
265611.4658
263518.388
261264.0967
258835.5587
256217.5991
253390.164
250330.3085
247010.7196
243392.8867
239434.0381
235078.3664
230265.3726
224930.7223
218994.1013
212378.2835
205006.0623
196805.8501
187722.7567
177712.5103
166766.8417
154918.9626
142247.4377
128969.831
115130.942
100962.0061
86770.85301
72928.91222
59829.06696
47838.01133
37239.50254
28195.68072
20742.29522
14805.56452
293399.0091
293323.528
293240.1915
293151.9526
293060.5811
292966.2744
292868.0227
292764.1718
292652.9
292532.5776
292402.0093
292260.5245
292107.8746
291943.9486
291768.3818
291580.196
291377.6528
291158.4064
290919.8465
290659.4849
290375.2229
290065.3416
289728.2569
289362.2078
288965.0514
288534.3082
288067.4436
287562.2227
287017.0118
286430.837
285802.9631
285132.8867
284419.6657
283661.0416
282853.9197
281994.112
281076.9535
280097.3962
279050.7306
277931.783
276734.7587
275453.9227
274083.4314
272616.6941
271046.1326
269363.2213
267555.6003
265611.4658
263518.388
261264.0967
258835.5587
256217.5991
253390.164
250330.3085
247010.7196
243392.8867
239434.0381
235078.3664
230265.3726
224930.7223
218994.1013
212378.2835
205006.0623
196805.8501
187722.7567
177712.5103
166766.8417
154918.9626
142247.4377
128969.831
115130.942
100962.0061
86770.85301
72928.91222
59829.06696
47838.01133
37239.50254
28195.68072
20742.29522
14805.56452
293399.0091
293323.528
293240.1915
293151.9526
293060.5811
292966.2744
292868.0227
292764.1718
292652.9
292532.5776
292402.0093
292260.5245
292107.8746
291943.9486
291768.3818
291580.196
291377.6528
291158.4064
290919.8465
290659.4849
290375.2229
290065.3416
289728.2569
289362.2078
288965.0514
288534.3082
288067.4436
287562.2227
287017.0118
286430.837
285802.9631
285132.8867
284419.6657
283661.0416
282853.9197
281994.112
281076.9535
280097.3962
279050.7306
277931.783
276734.7587
275453.9227
274083.4314
272616.6941
271046.1326
269363.2213
267555.6003
265611.4658
263518.388
261264.0967
258835.5587
256217.5991
253390.164
250330.3085
247010.7196
243392.8867
239434.0381
235078.3664
230265.3726
224930.7223
218994.1013
212378.2835
205006.0623
196805.8501
187722.7567
177712.5103
166766.8417
154918.9626
142247.4377
128969.831
115130.942
100962.0061
86770.85301
72928.91222
59829.06696
47838.01133
37239.50254
28195.68072
20742.29522
14805.56452
293399.0091
293323.528
293240.1915
293151.9526
293060.5811
292966.2744
292868.0227
292764.1718
292652.9
292532.5776
292402.0093
292260.5245
292107.8746
291943.9486
291768.3818
291580.196
291377.6528
291158.4064
290919.8465
290659.4849
290375.2229
290065.3416
289728.2569
289362.2078
288965.0514
288534.3082
288067.4436
287562.2227
287017.0118
286430.837
285802.9631
285132.8867
284419.6657
283661.0416
282853.9197
281994.112
281076.9535
280097.3962
279050.7306
277931.783
276734.7587
275453.9227
274083.4314
272616.6941
271046.1326
269363.2213
267555.6003
265611.4658
263518.388
261264.0967
258835.5587
256217.5991
253390.164
250330.3085
247010.7196
243392.8867
239434.0381
235078.3664
230265.3726
224930.7223
218994.1013
212378.2835
205006.0623
196805.8501
187722.7567
177712.5103
166766.8417
154918.9626
142247.4377
128969.831
115130.942
100962.0061
86770.85301
72928.91222
59829.06696
47838.01133
37239.50254
28195.68072
20742.29522
14805.56452
293399.0091
293323.528
293240.1915
293151.9526
293060.5811
292966.2744
292868.0227
292764.1718
292652.9
292532.5776
292402.0093
292260.5245
292107.8746
291943.9486
291768.3818
291580.196
291377.6528
291158.4064
290919.8465
290659.4849
290375.2229
290065.3416
289728.2569
289362.2078
288965.0514
288534.3082
288067.4436
287562.2227
287017.0118
286430.837
285802.9631
285132.8867
284419.6657
283661.0416
282853.9197
281994.112
281076.9535
280097.3962
279050.7306
277931.783
276734.7587
275453.9227
274083.4314
272616.6941
271046.1326
269363.2213
267555.6003
265611.4658
263518.388
261264.0967
258835.5587
256217.5991
253390.164
250330.3085
247010.7196
243392.8867
239434.0381
235078.3664
230265.3726
224930.7223
218994.1013
212378.2835
205006.0623
196805.8501
187722.7567
177712.5103
166766.8417
154918.9626
142247.4377
128969.831
115130.942
100962.0061
86770.85301
72928.91222
59829.06696
47838.01133
37239.50254
28195.68072
20742.29522
14805.56452
293399.0091
293323.528
293240.1915
293151.9526
293060.5811
292966.2744
292868.0227
292764.1718
292652.9
292532.5776
292402.0093
292260.5245
292107.8746
291943.9486
291768.3818
291580.196
291377.6528
291158.4064
290919.8465
290659.4849
290375.2229
290065.3416
289728.2569
289362.2078
288965.0514
288534.3082
288067.4436
287562.2227
287017.0118
286430.837
285802.9631
285132.8867
284419.6657
283661.0416
282853.9197
281994.112
281076.9535
280097.3962
279050.7306
277931.783
276734.7587
275453.9227
274083.4314
272616.6941
271046.1326
269363.2213
267555.6003
265611.4658
263518.388
261264.0967
258835.5587
256217.5991
253390.164
250330.3085
247010.7196
243392.8867
239434.0381
235078.3664
230265.3726
224930.7223
218994.1013
212378.2835
205006.0623
196805.8501
187722.7567
177712.5103
166766.8417
154918.9626
142247.4377
128969.831
115130.942
100962.0061
86770.85301
72928.91222
59829.06696
47838.01133
37239.50254
28195.68072
20742.29522
14805.56452
293399.0091
293323.528
293240.1915
293151.9526
293060.5811
292966.2744
292868.0227
292764.1718
292652.9
292532.5776
292402.0093
292260.5245
292107.8746
291943.9486
291768.3818
291580.196
291377.6528
291158.4064
290919.8465
290659.4849
290375.2229
290065.3416
289728.2569
289362.2078
288965.0514
288534.3082
288067.4436
287562.2227
287017.0118
286430.837
285802.9631
285132.8867
284419.6657
283661.0416
282853.9197
281994.112
281076.9535
280097.3962
279050.7306
277931.783
276734.7587
275453.9227
274083.4314
272616.6941
271046.1326
269363.2213
267555.6003
265611.4658
263518.388
261264.0967
258835.5587
256217.5991
253390.164
250330.3085
247010.7196
243392.8867
239434.0381
235078.3664
230265.3726
224930.7223
218994.1013
212378.2835
205006.0623
196805.8501
187722.7567
177712.5103
166766.8417
154918.9626
142247.4377
128969.831
115130.942
100962.0061
86770.85301
72928.91222
59829.06696
47838.01133
37239.50254
28195.68072
20742.29522
14805.56452
293399.0091
293323.528
293240.1915
293151.9526
293060.5811
292966.2744
292868.0227
292764.1718
292652.9
292532.5776
292402.0093
292260.5245
292107.8746
291943.9486
291768.3818
291580.196
291377.6528
291158.4064
290919.8465
290659.4849
290375.2229
290065.3416
289728.2569
289362.2078
288965.0514
288534.3082
288067.4436
287562.2227
287017.0118
286430.837
285802.9631
285132.8867
284419.6657
283661.0416
282853.9197
281994.112
281076.9535
280097.3962
279050.7306
277931.783
276734.7587
275453.9227
274083.4314
272616.6941
271046.1326
269363.2213
267555.6003
265611.4658
263518.388
261264.0967
258835.5587
256217.5991
253390.164
250330.3085
247010.7196
243392.8867
239434.0381
235078.3664
230265.3726
224930.7223
218994.1013
212378.2835
205006.0623
196805.8501
187722.7567
177712.5103
166766.8417
154918.9626
142247.4377
128969.831
115130.942
100962.0061
86770.85301
72928.91222
59829.06696
47838.01133
37239.50254
28195.68072
20742.29522
14805.56452
293399.0091
293323.528
293240.1915
293151.9526
293060.5811
292966.2744
292868.0227
292764.1718
292652.9
292532.5776
292402.0093
292260.5245
292107.8746
291943.9486
291768.3818
291580.196
291377.6528
291158.4064
290919.8465
290659.4849
290375.2229
290065.3416
289728.2569
289362.2078
288965.0514
288534.3082
288067.4436
287562.2227
287017.0118
286430.837
285802.9631
285132.8867
284419.6657
283661.0416
282853.9197
281994.112
281076.9535
280097.3962
279050.7306
277931.783
276734.7587
275453.9227
274083.4314
272616.6941
271046.1326
269363.2213
267555.6003
265611.4658
263518.388
261264.0967
258835.5587
256217.5991
253390.164
250330.3085
247010.7196
243392.8867
239434.0381
235078.3664
230265.3726
224930.7223
218994.1013
212378.2835
205006.0623
196805.8501
187722.7567
177712.5103
166766.8417
154918.9626
142247.4377
128969.831
115130.942
100962.0061
86770.85301
72928.91222
59829.06696
47838.01133
37239.50254
28195.68072
20742.29522
14805.56452
293399.0091
293323.528
293240.1915
293151.9526
293060.5811
292966.2744
292868.0227
292764.1718
292652.9
292532.5776
292402.0093
292260.5245
292107.8746
291943.9486
291768.3818
291580.196
291377.6528
291158.4064
290919.8465
290659.4849
290375.2229
290065.3416
289728.2569
289362.2078
288965.0514
288534.3082
288067.4436
287562.2227
287017.0118
286430.837
285802.9631
285132.8867
284419.6657
283661.0416
282853.9197
281994.112
281076.9535
280097.3962
279050.7306
277931.783
276734.7587
275453.9227
274083.4314
272616.6941
271046.1326
269363.2213
267555.6003
265611.4658
263518.388
261264.0967
258835.5587
256217.5991
253390.164
250330.3085
247010.7196
243392.8867
239434.0381
235078.3664
230265.3726
224930.7223
218994.1013
212378.2835
205006.0623
196805.8501
187722.7567
177712.5103
166766.8417
154918.9626
142247.4377
128969.831
115130.942
100962.0061
86770.85301
72928.91222
59829.06696
47838.01133
37239.50254
28195.68072
20742.29522
14805.56452
293399.0091
293323.528
293240.1915
293151.9526
293060.5811
292966.2744
292868.0227
292764.1718
292652.9
292532.5776
292402.0093
292260.5245
292107.8746
291943.9486
291768.3818
291580.196
291377.6528
291158.4064
290919.8465
290659.4849
290375.2229
290065.3416
289728.2569
289362.2078
288965.0514
288534.3082
288067.4436
287562.2227
287017.0118
286430.837
285802.9631
285132.8867
284419.6657
283661.0416
282853.9197
281994.112
281076.9535
280097.3962
279050.7306
277931.783
276734.7587
275453.9227
274083.4314
272616.6941
271046.1326
269363.2213
267555.6003
265611.4658
263518.388
261264.0967
258835.5587
256217.5991
253390.164
250330.3085
247010.7196
243392.8867
239434.0381
235078.3664
230265.3726
224930.7223
218994.1013
212378.2835
205006.0623
196805.8501
187722.7567
177712.5103
166766.8417
154918.9626
142247.4377
128969.831
115130.942
100962.0061
86770.85301
72928.91222
59829.06696
47838.01133
37239.50254
28195.68072
20742.29522
14805.56452
293399.0091
293323.528
293240.1915
293151.9526
293060.5811
292966.2744
292868.0227
292764.1718
292652.9
292532.5776
292402.0093
292260.5245
292107.8746
291943.9486
291768.3818
291580.196
291377.6528
291158.4064
290919.8465
290659.4849
290375.2229
290065.3416
289728.2569
289362.2078
288965.0514
288534.3082
288067.4436
287562.2227
287017.0118
286430.837
285802.9631
285132.8867
284419.6657
283661.0416
282853.9197
281994.112
281076.9535
280097.3962
279050.7306
277931.783
276734.7587
275453.9227
274083.4314
272616.6941
271046.1326
269363.2213
267555.6003
265611.4658
263518.388
261264.0967
258835.5587
256217.5991
253390.164
250330.3085
247010.7196
243392.8867
239434.0381
235078.3664
230265.3726
224930.7223
218994.1013
212378.2835
205006.0623
196805.8501
187722.7567
177712.5103
166766.8417
154918.9626
142247.4377
128969.831
115130.942
100962.0061
86770.85301
72928.91222
59829.06696
47838.01133
37239.50254
28195.68072
20742.29522
14805.56452
293399.0091
293323.528
293240.1915
293151.9526
293060.5811
292966.2744
292868.0227
292764.1718
292652.9
292532.5776
292402.0093
292260.5245
292107.8746
291943.9486
291768.3818
291580.196
291377.6528
291158.4064
290919.8465
290659.4849
290375.2229
290065.3416
289728.2569
289362.2078
288965.0514
288534.3082
288067.4436
287562.2227
287017.0118
286430.837
285802.9631
285132.8867
284419.6657
283661.0416
282853.9197
281994.112
281076.9535
280097.3962
279050.7306
277931.783
276734.7587
275453.9227
274083.4314
272616.6941
271046.1326
269363.2213
267555.6003
265611.4658
263518.388
261264.0967
258835.5587
256217.5991
253390.164
250330.3085
247010.7196
243392.8867
239434.0381
235078.3664
230265.3726
224930.7223
218994.1013
212378.2835
205006.0623
196805.8501
187722.7567
177712.5103
166766.8417
154918.9626
142247.4377
128969.831
115130.942
100962.0061
86770.85301
72928.91222
59829.06696
47838.01133
37239.50254
28195.68072
20742.29522
14805.56452
293399.0091
293323.528
293240.1915
293151.9526
293060.5811
292966.2744
292868.0227
292764.1718
292652.9
292532.5776
292402.0093
292260.5245
292107.8746
291943.9486
291768.3818
291580.196
291377.6528
291158.4064
290919.8465
290659.4849
290375.2229
290065.3416
289728.2569
289362.2078
288965.0514
288534.3082
288067.4436
287562.2227
287017.0118
286430.837
285802.9631
285132.8867
284419.6657
283661.0416
282853.9197
281994.112
281076.9535
280097.3962
279050.7306
277931.783
276734.7587
275453.9227
274083.4314
272616.6941
271046.1326
269363.2213
267555.6003
265611.4658
263518.388
261264.0967
258835.5587
256217.5991
253390.164
250330.3085
247010.7196
243392.8867
239434.0381
235078.3664
230265.3726
224930.7223
218994.1013
212378.2835
205006.0623
196805.8501
187722.7567
177712.5103
166766.8417
154918.9626
142247.4377
128969.831
115130.942
100962.0061
86770.85301
72928.91222
59829.06696
47838.01133
37239.50254
28195.68072
20742.29522
14805.56452
293399.0091
293323.528
293240.1915
293151.9526
293060.5811
292966.2744
292868.0227
292764.1718
292652.9
292532.5776
292402.0093
292260.5245
292107.8746
291943.9486
291768.3818
291580.196
291377.6528
291158.4064
290919.8465
290659.4849
290375.2229
290065.3416
289728.2569
289362.2078
288965.0514
288534.3082
288067.4436
287562.2227
287017.0118
286430.837
285802.9631
285132.8867
284419.6657
283661.0416
282853.9197
281994.112
281076.9535
280097.3962
279050.7306
277931.783
276734.7587
275453.9227
274083.4314
272616.6941
271046.1326
269363.2213
267555.6003
265611.4658
263518.388
261264.0967
258835.5587
256217.5991
253390.164
250330.3085
247010.7196
243392.8867
239434.0381
235078.3664
230265.3726
224930.7223
218994.1013
212378.2835
205006.0623
196805.8501
187722.7567
177712.5103
166766.8417
154918.9626
142247.4377
128969.831
115130.942
100962.0061
86770.85301
72928.91222
59829.06696
47838.01133
37239.50254
28195.68072
20742.29522
14805.56452
293399.0091
293323.528
293240.1915
293151.9526
293060.5811
292966.2744
292868.0227
292764.1718
292652.9
292532.5776
292402.0093
292260.5245
292107.8746
291943.9486
291768.3818
291580.196
291377.6528
291158.4064
290919.8465
290659.4849
290375.2229
290065.3416
289728.2569
289362.2078
288965.0514
288534.3082
288067.4436
287562.2227
287017.0118
286430.837
285802.9631
285132.8867
284419.6657
283661.0416
282853.9197
281994.112
281076.9535
280097.3962
279050.7306
277931.783
276734.7587
275453.9227
274083.4314
272616.6941
271046.1326
269363.2213
267555.6003
265611.4658
263518.388
261264.0967
258835.5587
256217.5991
253390.164
250330.3085
247010.7196
243392.8867
239434.0381
235078.3664
230265.3726
224930.7223
218994.1013
212378.2835
205006.0623
196805.8501
187722.7567
177712.5103
166766.8417
154918.9626
142247.4377
128969.831
115130.942
100962.0061
86770.85301
72928.91222
59829.06696
47838.01133
37239.50254
28195.68072
20742.29522
14805.56452
293399.0091
293323.528
293240.1915
293151.9526
293060.5811
292966.2744
292868.0227
292764.1718
292652.9
292532.5776
292402.0093
292260.5245
292107.8746
291943.9486
291768.3818
291580.196
291377.6528
291158.4064
290919.8465
290659.4849
290375.2229
290065.3416
289728.2569
289362.2078
288965.0514
288534.3082
288067.4436
287562.2227
287017.0118
286430.837
285802.9631
285132.8867
284419.6657
283661.0416
282853.9197
281994.112
281076.9535
280097.3962
279050.7306
277931.783
276734.7587
275453.9227
274083.4314
272616.6941
271046.1326
269363.2213
267555.6003
265611.4658
263518.388
261264.0967
258835.5587
256217.5991
253390.164
250330.3085
247010.7196
243392.8867
239434.0381
235078.3664
230265.3726
224930.7223
218994.1013
212378.2835
205006.0623
196805.8501
187722.7567
177712.5103
166766.8417
154918.9626
142247.4377
128969.831
115130.942
100962.0061
86770.85301
72928.91222
59829.06696
47838.01133
37239.50254
28195.68072
20742.29522
14805.56452
293399.0091
293323.528
293240.1915
293151.9526
293060.5811
292966.2744
292868.0227
292764.1718
292652.9
292532.5776
292402.0093
292260.5245
292107.8746
291943.9486
291768.3818
291580.196
291377.6528
291158.4064
290919.8465
290659.4849
290375.2229
290065.3416
289728.2569
289362.2078
288965.0514
288534.3082
288067.4436
287562.2227
287017.0118
286430.837
285802.9631
285132.8867
284419.6657
283661.0416
282853.9197
281994.112
281076.9535
280097.3962
279050.7306
277931.783
276734.7587
275453.9227
274083.4314
272616.6941
271046.1326
269363.2213
267555.6003
265611.4658
263518.388
261264.0967
258835.5587
256217.5991
253390.164
250330.3085
247010.7196
243392.8867
239434.0381
235078.3664
230265.3726
224930.7223
218994.1013
212378.2835
205006.0623
196805.8501
187722.7567
177712.5103
166766.8417
154918.9626
142247.4377
128969.831
115130.942
100962.0061
86770.85301
72928.91222
59829.06696
47838.01133
37239.50254
28195.68072
20742.29522
14805.56452
293399.0091
293323.528
293240.1915
293151.9526
293060.5811
292966.2744
292868.0227
292764.1718
292652.9
292532.5776
292402.0093
292260.5245
292107.8746
291943.9486
291768.3818
291580.196
291377.6528
291158.4064
290919.8465
290659.4849
290375.2229
290065.3416
289728.2569
289362.2078
288965.0514
288534.3082
288067.4436
287562.2227
287017.0118
286430.837
285802.9631
285132.8867
284419.6657
283661.0416
282853.9197
281994.112
281076.9535
280097.3962
279050.7306
277931.783
276734.7587
275453.9227
274083.4314
272616.6941
271046.1326
269363.2213
267555.6003
265611.4658
263518.388
261264.0967
258835.5587
256217.5991
253390.164
250330.3085
247010.7196
243392.8867
239434.0381
235078.3664
230265.3726
224930.7223
218994.1013
212378.2835
205006.0623
196805.8501
187722.7567
177712.5103
166766.8417
154918.9626
142247.4377
128969.831
115130.942
100962.0061
86770.85301
72928.91222
59829.06696
47838.01133
37239.50254
28195.68072
20742.29522
14805.56452
293399.0091
293323.528
293240.1915
293151.9526
293060.5811
292966.2744
292868.0227
292764.1718
292652.9
292532.5776
292402.0093
292260.5245
292107.8746
291943.9486
291768.3818
291580.196
291377.6528
291158.4064
290919.8465
290659.4849
290375.2229
290065.3416
289728.2569
289362.2078
288965.0514
288534.3082
288067.4436
287562.2227
287017.0118
286430.837
285802.9631
285132.8867
284419.6657
283661.0416
282853.9197
281994.112
281076.9535
280097.3962
279050.7306
277931.783
276734.7587
275453.9227
274083.4314
272616.6941
271046.1326
269363.2213
267555.6003
265611.4658
263518.388
261264.0967
258835.5587
256217.5991
253390.164
250330.3085
247010.7196
243392.8867
239434.0381
235078.3664
230265.3726
224930.7223
218994.1013
212378.2835
205006.0623
196805.8501
187722.7567
177712.5103
166766.8417
154918.9626
142247.4377
128969.831
115130.942
100962.0061
86770.85301
72928.91222
59829.06696
47838.01133
37239.50254
28195.68072
20742.29522
14805.56452
293399.0091
293323.528
293240.1915
293151.9526
293060.5811
292966.2744
292868.0227
292764.1718
292652.9
292532.5776
292402.0093
292260.5245
292107.8746
291943.9486
291768.3818
291580.196
291377.6528
291158.4064
290919.8465
290659.4849
290375.2229
290065.3416
289728.2569
289362.2078
288965.0514
288534.3082
288067.4436
287562.2227
287017.0118
286430.837
285802.9631
285132.8867
284419.6657
283661.0416
282853.9197
281994.112
281076.9535
280097.3962
279050.7306
277931.783
276734.7587
275453.9227
274083.4314
272616.6941
271046.1326
269363.2213
267555.6003
265611.4658
263518.388
261264.0967
258835.5587
256217.5991
253390.164
250330.3085
247010.7196
243392.8867
239434.0381
235078.3664
230265.3726
224930.7223
218994.1013
212378.2835
205006.0623
196805.8501
187722.7567
177712.5103
166766.8417
154918.9626
142247.4377
128969.831
115130.942
100962.0061
86770.85301
72928.91222
59829.06696
47838.01133
37239.50254
28195.68072
20742.29522
14805.56452
293399.0091
293323.528
293240.1915
293151.9526
293060.5811
292966.2744
292868.0227
292764.1718
292652.9
292532.5776
292402.0093
292260.5245
292107.8746
291943.9486
291768.3818
291580.196
291377.6528
291158.4064
290919.8465
290659.4849
290375.2229
290065.3416
289728.2569
289362.2078
288965.0514
288534.3082
288067.4436
287562.2227
287017.0118
286430.837
285802.9631
285132.8867
284419.6657
283661.0416
282853.9197
281994.112
281076.9535
280097.3962
279050.7306
277931.783
276734.7587
275453.9227
274083.4314
272616.6941
271046.1326
269363.2213
267555.6003
265611.4658
263518.388
261264.0967
258835.5587
256217.5991
253390.164
250330.3085
247010.7196
243392.8867
239434.0381
235078.3664
230265.3726
224930.7223
218994.1013
212378.2835
205006.0623
196805.8501
187722.7567
177712.5103
166766.8417
154918.9626
142247.4377
128969.831
115130.942
100962.0061
86770.85301
72928.91222
59829.06696
47838.01133
37239.50254
28195.68072
20742.29522
14805.56452
293399.0091
293323.528
293240.1915
293151.9526
293060.5811
292966.2744
292868.0227
292764.1718
292652.9
292532.5776
292402.0093
292260.5245
292107.8746
291943.9486
291768.3818
291580.196
291377.6528
291158.4064
290919.8465
290659.4849
290375.2229
290065.3416
289728.2569
289362.2078
288965.0514
288534.3082
288067.4436
287562.2227
287017.0118
286430.837
285802.9631
285132.8867
284419.6657
283661.0416
282853.9197
281994.112
281076.9535
280097.3962
279050.7306
277931.783
276734.7587
275453.9227
274083.4314
272616.6941
271046.1326
269363.2213
267555.6003
265611.4658
263518.388
261264.0967
258835.5587
256217.5991
253390.164
250330.3085
247010.7196
243392.8867
239434.0381
235078.3664
230265.3726
224930.7223
218994.1013
212378.2835
205006.0623
196805.8501
187722.7567
177712.5103
166766.8417
154918.9626
142247.4377
128969.831
115130.942
100962.0061
86770.85301
72928.91222
59829.06696
47838.01133
37239.50254
28195.68072
20742.29522
14805.56452
293399.0091
293323.528
293240.1915
293151.9526
293060.5811
292966.2744
292868.0227
292764.1718
292652.9
292532.5776
292402.0093
292260.5245
292107.8746
291943.9486
291768.3818
291580.196
291377.6528
291158.4064
290919.8465
290659.4849
290375.2229
290065.3416
289728.2569
289362.2078
288965.0514
288534.3082
288067.4436
287562.2227
287017.0118
286430.837
285802.9631
285132.8867
284419.6657
283661.0416
282853.9197
281994.112
281076.9535
280097.3962
279050.7306
277931.783
276734.7587
275453.9227
274083.4314
272616.6941
271046.1326
269363.2213
267555.6003
265611.4658
263518.388
261264.0967
258835.5587
256217.5991
253390.164
250330.3085
247010.7196
243392.8867
239434.0381
235078.3664
230265.3726
224930.7223
218994.1013
212378.2835
205006.0623
196805.8501
187722.7567
177712.5103
166766.8417
154918.9626
142247.4377
128969.831
115130.942
100962.0061
86770.85301
72928.91222
59829.06696
47838.01133
37239.50254
28195.68072
20742.29522
14805.56452
293399.0091
293323.528
293240.1915
293151.9526
293060.5811
292966.2744
292868.0227
292764.1718
292652.9
292532.5776
292402.0093
292260.5245
292107.8746
291943.9486
291768.3818
291580.196
291377.6528
291158.4064
290919.8465
290659.4849
290375.2229
290065.3416
289728.2569
289362.2078
288965.0514
288534.3082
288067.4436
287562.2227
287017.0118
286430.837
285802.9631
285132.8867
284419.6657
283661.0416
282853.9197
281994.112
281076.9535
280097.3962
279050.7306
277931.783
276734.7587
275453.9227
274083.4314
272616.6941
271046.1326
269363.2213
267555.6003
265611.4658
263518.388
261264.0967
258835.5587
256217.5991
253390.164
250330.3085
247010.7196
243392.8867
239434.0381
235078.3664
230265.3726
224930.7223
218994.1013
212378.2835
205006.0623
196805.8501
187722.7567
177712.5103
166766.8417
154918.9626
142247.4377
128969.831
115130.942
100962.0061
86770.85301
72928.91222
59829.06696
47838.01133
37239.50254
28195.68072
20742.29522
14805.56452
293399.0091
293323.528
293240.1915
293151.9526
293060.5811
292966.2744
292868.0227
292764.1718
292652.9
292532.5776
292402.0093
292260.5245
292107.8746
291943.9486
291768.3818
291580.196
291377.6528
291158.4064
290919.8465
290659.4849
290375.2229
290065.3416
289728.2569
289362.2078
288965.0514
288534.3082
288067.4436
287562.2227
287017.0118
286430.837
285802.9631
285132.8867
284419.6657
283661.0416
282853.9197
281994.112
281076.9535
280097.3962
279050.7306
277931.783
276734.7587
275453.9227
274083.4314
272616.6941
271046.1326
269363.2213
267555.6003
265611.4658
263518.388
261264.0967
258835.5587
256217.5991
253390.164
250330.3085
247010.7196
243392.8867
239434.0381
235078.3664
230265.3726
224930.7223
218994.1013
212378.2835
205006.0623
196805.8501
187722.7567
177712.5103
166766.8417
154918.9626
142247.4377
128969.831
115130.942
100962.0061
86770.85301
72928.91222
59829.06696
47838.01133
37239.50254
28195.68072
20742.29522
14805.56452
293399.0091
293323.528
293240.1915
293151.9526
293060.5811
292966.2744
292868.0227
292764.1718
292652.9
292532.5776
292402.0093
292260.5245
292107.8746
291943.9486
291768.3818
291580.196
291377.6528
291158.4064
290919.8465
290659.4849
290375.2229
290065.3416
289728.2569
289362.2078
288965.0514
288534.3082
288067.4436
287562.2227
287017.0118
286430.837
285802.9631
285132.8867
284419.6657
283661.0416
282853.9197
281994.112
281076.9535
280097.3962
279050.7306
277931.783
276734.7587
275453.9227
274083.4314
272616.6941
271046.1326
269363.2213
267555.6003
265611.4658
263518.388
261264.0967
258835.5587
256217.5991
253390.164
250330.3085
247010.7196
243392.8867
239434.0381
235078.3664
230265.3726
224930.7223
218994.1013
212378.2835
205006.0623
196805.8501
187722.7567
177712.5103
166766.8417
154918.9626
142247.4377
128969.831
115130.942
100962.0061
86770.85301
72928.91222
59829.06696
47838.01133
37239.50254
28195.68072
20742.29522
14805.56452
293399.0091
293323.528
293240.1915
293151.9526
293060.5811
292966.2744
292868.0227
292764.1718
292652.9
292532.5776
292402.0093
292260.5245
292107.8746
291943.9486
291768.3818
291580.196
291377.6528
291158.4064
290919.8465
290659.4849
290375.2229
290065.3416
289728.2569
289362.2078
288965.0514
288534.3082
288067.4436
287562.2227
287017.0118
286430.837
285802.9631
285132.8867
284419.6657
283661.0416
282853.9197
281994.112
281076.9535
280097.3962
279050.7306
277931.783
276734.7587
275453.9227
274083.4314
272616.6941
271046.1326
269363.2213
267555.6003
265611.4658
263518.388
261264.0967
258835.5587
256217.5991
253390.164
250330.3085
247010.7196
243392.8867
239434.0381
235078.3664
230265.3726
224930.7223
218994.1013
212378.2835
205006.0623
196805.8501
187722.7567
177712.5103
166766.8417
154918.9626
142247.4377
128969.831
115130.942
100962.0061
86770.85301
72928.91222
59829.06696
47838.01133
37239.50254
28195.68072
20742.29522
14805.56452
293399.0091
293323.528
293240.1915
293151.9526
293060.5811
292966.2744
292868.0227
292764.1718
292652.9
292532.5776
292402.0093
292260.5245
292107.8746
291943.9486
291768.3818
291580.196
291377.6528
291158.4064
290919.8465
290659.4849
290375.2229
290065.3416
289728.2569
289362.2078
288965.0514
288534.3082
288067.4436
287562.2227
287017.0118
286430.837
285802.9631
285132.8867
284419.6657
283661.0416
282853.9197
281994.112
281076.9535
280097.3962
279050.7306
277931.783
276734.7587
275453.9227
274083.4314
272616.6941
271046.1326
269363.2213
267555.6003
265611.4658
263518.388
261264.0967
258835.5587
256217.5991
253390.164
250330.3085
247010.7196
243392.8867
239434.0381
235078.3664
230265.3726
224930.7223
218994.1013
212378.2835
205006.0623
196805.8501
187722.7567
177712.5103
166766.8417
154918.9626
142247.4377
128969.831
115130.942
100962.0061
86770.85301
72928.91222
59829.06696
47838.01133
37239.50254
28195.68072
20742.29522
14805.56452
293399.0091
293323.528
293240.1915
293151.9526
293060.5811
292966.2744
292868.0227
292764.1718
292652.9
292532.5776
292402.0093
292260.5245
292107.8746
291943.9486
291768.3818
291580.196
291377.6528
291158.4064
290919.8465
290659.4849
290375.2229
290065.3416
289728.2569
289362.2078
288965.0514
288534.3082
288067.4436
287562.2227
287017.0118
286430.837
285802.9631
285132.8867
284419.6657
283661.0416
282853.9197
281994.112
281076.9535
280097.3962
279050.7306
277931.783
276734.7587
275453.9227
274083.4314
272616.6941
271046.1326
269363.2213
267555.6003
265611.4658
263518.388
261264.0967
258835.5587
256217.5991
253390.164
250330.3085
247010.7196
243392.8867
239434.0381
235078.3664
230265.3726
224930.7223
218994.1013
212378.2835
205006.0623
196805.8501
187722.7567
177712.5103
166766.8417
154918.9626
142247.4377
128969.831
115130.942
100962.0061
86770.85301
72928.91222
59829.06696
47838.01133
37239.50254
28195.68072
20742.29522
14805.56452
293399.0091
293323.528
293240.1915
293151.9526
293060.5811
292966.2744
292868.0227
292764.1718
292652.9
292532.5776
292402.0093
292260.5245
292107.8746
291943.9486
291768.3818
291580.196
291377.6528
291158.4064
290919.8465
290659.4849
290375.2229
290065.3416
289728.2569
289362.2078
288965.0514
288534.3082
288067.4436
287562.2227
287017.0118
286430.837
285802.9631
285132.8867
284419.6657
283661.0416
282853.9197
281994.112
281076.9535
280097.3962
279050.7306
277931.783
276734.7587
275453.9227
274083.4314
272616.6941
271046.1326
269363.2213
267555.6003
265611.4658
263518.388
261264.0967
258835.5587
256217.5991
253390.164
250330.3085
247010.7196
243392.8867
239434.0381
235078.3664
230265.3726
224930.7223
218994.1013
212378.2835
205006.0623
196805.8501
187722.7567
177712.5103
166766.8417
154918.9626
142247.4377
128969.831
115130.942
100962.0061
86770.85301
72928.91222
59829.06696
47838.01133
37239.50254
28195.68072
20742.29522
14805.56452
293399.0091
293323.528
293240.1915
293151.9526
293060.5811
292966.2744
292868.0227
292764.1718
292652.9
292532.5776
292402.0093
292260.5245
292107.8746
291943.9486
291768.3818
291580.196
291377.6528
291158.4064
290919.8465
290659.4849
290375.2229
290065.3416
289728.2569
289362.2078
288965.0514
288534.3082
288067.4436
287562.2227
287017.0118
286430.837
285802.9631
285132.8867
284419.6657
283661.0416
282853.9197
281994.112
281076.9535
280097.3962
279050.7306
277931.783
276734.7587
275453.9227
274083.4314
272616.6941
271046.1326
269363.2213
267555.6003
265611.4658
263518.388
261264.0967
258835.5587
256217.5991
253390.164
250330.3085
247010.7196
243392.8867
239434.0381
235078.3664
230265.3726
224930.7223
218994.1013
212378.2835
205006.0623
196805.8501
187722.7567
177712.5103
166766.8417
154918.9626
142247.4377
128969.831
115130.942
100962.0061
86770.85301
72928.91222
59829.06696
47838.01133
37239.50254
28195.68072
20742.29522
14805.56452
293399.0091
293323.528
293240.1915
293151.9526
293060.5811
292966.2744
292868.0227
292764.1718
292652.9
292532.5776
292402.0093
292260.5245
292107.8746
291943.9486
291768.3818
291580.196
291377.6528
291158.4064
290919.8465
290659.4849
290375.2229
290065.3416
289728.2569
289362.2078
288965.0514
288534.3082
288067.4436
287562.2227
287017.0118
286430.837
285802.9631
285132.8867
284419.6657
283661.0416
282853.9197
281994.112
281076.9535
280097.3962
279050.7306
277931.783
276734.7587
275453.9227
274083.4314
272616.6941
271046.1326
269363.2213
267555.6003
265611.4658
263518.388
261264.0967
258835.5587
256217.5991
253390.164
250330.3085
247010.7196
243392.8867
239434.0381
235078.3664
230265.3726
224930.7223
218994.1013
212378.2835
205006.0623
196805.8501
187722.7567
177712.5103
166766.8417
154918.9626
142247.4377
128969.831
115130.942
100962.0061
86770.85301
72928.91222
59829.06696
47838.01133
37239.50254
28195.68072
20742.29522
14805.56452
293399.0091
293323.528
293240.1915
293151.9526
293060.5811
292966.2744
292868.0227
292764.1718
292652.9
292532.5776
292402.0093
292260.5245
292107.8746
291943.9486
291768.3818
291580.196
291377.6528
291158.4064
290919.8465
290659.4849
290375.2229
290065.3416
289728.2569
289362.2078
288965.0514
288534.3082
288067.4436
287562.2227
287017.0118
286430.837
285802.9631
285132.8867
284419.6657
283661.0416
282853.9197
281994.112
281076.9535
280097.3962
279050.7306
277931.783
276734.7587
275453.9227
274083.4314
272616.6941
271046.1326
269363.2213
267555.6003
265611.4658
263518.388
261264.0967
258835.5587
256217.5991
253390.164
250330.3085
247010.7196
243392.8867
239434.0381
235078.3664
230265.3726
224930.7223
218994.1013
212378.2835
205006.0623
196805.8501
187722.7567
177712.5103
166766.8417
154918.9626
142247.4377
128969.831
115130.942
100962.0061
86770.85301
72928.91222
59829.06696
47838.01133
37239.50254
28195.68072
20742.29522
14805.56452
293399.0091
293323.528
293240.1915
293151.9526
293060.5811
292966.2744
292868.0227
292764.1718
292652.9
292532.5776
292402.0093
292260.5245
292107.8746
291943.9486
291768.3818
291580.196
291377.6528
291158.4064
290919.8465
290659.4849
290375.2229
290065.3416
289728.2569
289362.2078
288965.0514
288534.3082
288067.4436
287562.2227
287017.0118
286430.837
285802.9631
285132.8867
284419.6657
283661.0416
282853.9197
281994.112
281076.9535
280097.3962
279050.7306
277931.783
276734.7587
275453.9227
274083.4314
272616.6941
271046.1326
269363.2213
267555.6003
265611.4658
263518.388
261264.0967
258835.5587
256217.5991
253390.164
250330.3085
247010.7196
243392.8867
239434.0381
235078.3664
230265.3726
224930.7223
218994.1013
212378.2835
205006.0623
196805.8501
187722.7567
177712.5103
166766.8417
154918.9626
142247.4377
128969.831
115130.942
100962.0061
86770.85301
72928.91222
59829.06696
47838.01133
37239.50254
28195.68072
20742.29522
14805.56452
293399.0091
293323.528
293240.1915
293151.9526
293060.5811
292966.2744
292868.0227
292764.1718
292652.9
292532.5776
292402.0093
292260.5245
292107.8746
291943.9486
291768.3818
291580.196
291377.6528
291158.4064
290919.8465
290659.4849
290375.2229
290065.3416
289728.2569
289362.2078
288965.0514
288534.3082
288067.4436
287562.2227
287017.0118
286430.837
285802.9631
285132.8867
284419.6657
283661.0416
282853.9197
281994.112
281076.9535
280097.3962
279050.7306
277931.783
276734.7587
275453.9227
274083.4314
272616.6941
271046.1326
269363.2213
267555.6003
265611.4658
263518.388
261264.0967
258835.5587
256217.5991
253390.164
250330.3085
247010.7196
243392.8867
239434.0381
235078.3664
230265.3726
224930.7223
218994.1013
212378.2835
205006.0623
196805.8501
187722.7567
177712.5103
166766.8417
154918.9626
142247.4377
128969.831
115130.942
100962.0061
86770.85301
72928.91222
59829.06696
47838.01133
37239.50254
28195.68072
20742.29522
14805.56452
293399.0091
293323.528
293240.1915
293151.9526
293060.5811
292966.2744
292868.0227
292764.1718
292652.9
292532.5776
292402.0093
292260.5245
292107.8746
291943.9486
291768.3818
291580.196
291377.6528
291158.4064
290919.8465
290659.4849
290375.2229
290065.3416
289728.2569
289362.2078
288965.0514
288534.3082
288067.4436
287562.2227
287017.0118
286430.837
285802.9631
285132.8867
284419.6657
283661.0416
282853.9197
281994.112
281076.9535
280097.3962
279050.7306
277931.783
276734.7587
275453.9227
274083.4314
272616.6941
271046.1326
269363.2213
267555.6003
265611.4658
263518.388
261264.0967
258835.5587
256217.5991
253390.164
250330.3085
247010.7196
243392.8867
239434.0381
235078.3664
230265.3726
224930.7223
218994.1013
212378.2835
205006.0623
196805.8501
187722.7567
177712.5103
166766.8417
154918.9626
142247.4377
128969.831
115130.942
100962.0061
86770.85301
72928.91222
59829.06696
47838.01133
37239.50254
28195.68072
20742.29522
14805.56452
293399.0091
293323.528
293240.1915
293151.9526
293060.5811
292966.2744
292868.0227
292764.1718
292652.9
292532.5776
292402.0093
292260.5245
292107.8746
291943.9486
291768.3818
291580.196
291377.6528
291158.4064
290919.8465
290659.4849
290375.2229
290065.3416
289728.2569
289362.2078
288965.0514
288534.3082
288067.4436
287562.2227
287017.0118
286430.837
285802.9631
285132.8867
284419.6657
283661.0416
282853.9197
281994.112
281076.9535
280097.3962
279050.7306
277931.783
276734.7587
275453.9227
274083.4314
272616.6941
271046.1326
269363.2213
267555.6003
265611.4658
263518.388
261264.0967
258835.5587
256217.5991
253390.164
250330.3085
247010.7196
243392.8867
239434.0381
235078.3664
230265.3726
224930.7223
218994.1013
212378.2835
205006.0623
196805.8501
187722.7567
177712.5103
166766.8417
154918.9626
142247.4377
128969.831
115130.942
100962.0061
86770.85301
72928.91222
59829.06696
47838.01133
37239.50254
28195.68072
20742.29522
14805.56452
293399.0091
293323.528
293240.1915
293151.9526
293060.5811
292966.2744
292868.0227
292764.1718
292652.9
292532.5776
292402.0093
292260.5245
292107.8746
291943.9486
291768.3818
291580.196
291377.6528
291158.4064
290919.8465
290659.4849
290375.2229
290065.3416
289728.2569
289362.2078
288965.0514
288534.3082
288067.4436
287562.2227
287017.0118
286430.837
285802.9631
285132.8867
284419.6657
283661.0416
282853.9197
281994.112
281076.9535
280097.3962
279050.7306
277931.783
276734.7587
275453.9227
274083.4314
272616.6941
271046.1326
269363.2213
267555.6003
265611.4658
263518.388
261264.0967
258835.5587
256217.5991
253390.164
250330.3085
247010.7196
243392.8867
239434.0381
235078.3664
230265.3726
224930.7223
218994.1013
212378.2835
205006.0623
196805.8501
187722.7567
177712.5103
166766.8417
154918.9626
142247.4377
128969.831
115130.942
100962.0061
86770.85301
72928.91222
59829.06696
47838.01133
37239.50254
28195.68072
20742.29522
14805.56452