493848.1943
493518.7606
493174.4461
492829.6869
492492.3196
492162.8477
491836.4206
491505.5039
491162.1001
490799.2648
490411.8816
489996.5915
489550.9656
489072.3655
488556.9791
487999.254
487391.7501
486725.3994
485990.1286
485175.7156
484272.6651
483272.8156
482169.3307
480955.8257
479624.7349
478165.4741
476563.1675
474798.5806
472849.541
470693.664
468311.6643
465690.0212
462821.6637
459703.9746
456334.6646
452707.2285
448808.0335
444616.4745
440108.4573
435262.245
430064.7069
424515.5179
418627.2216
412420.4889
405915.9221
399125.3268
392045.5816
384657.0286
376926.4792
368813.3632
360276.7065
351280.5173
341795.7619
331798.3062
321263.7172
310161.1011
298448.7169
286073.799
272978.0458
259108.8622
244434.8314
228962.2004
212747.9002
195904.661
178595.8816
161021.7466
143401.9295
125961.7994
108927.173
92527.9858
77008.12796
62619.4651
49619.43633
38236.71263
28626.74877
20831.14456
14761.26474
10216.58689
6930.198917
4621.245367
493848.1943
493518.7606
493174.4461
492829.6869
492492.3196
492162.8477
491836.4206
491505.5039
491162.1001
490799.2648
490411.8816
489996.5915
489550.9656
489072.3655
488556.9791
487999.254
487391.7501
486725.3994
485990.1286
485175.7156
484272.6651
483272.8156
482169.3307
480955.8257
479624.7349
478165.4741
476563.1675
474798.5806
472849.541
470693.664
468311.6643
465690.0212
462821.6637
459703.9746
456334.6646
452707.2285
448808.0335
444616.4745
440108.4573
435262.245
430064.7069
424515.5179
418627.2216
412420.4889
405915.9221
399125.3268
392045.5816
384657.0286
376926.4792
368813.3632
360276.7065
351280.5173
341795.7619
331798.3062
321263.7172
310161.1011
298448.7169
286073.799
272978.0458
259108.8622
244434.8314
228962.2004
212747.9002
195904.661
178595.8816
161021.7466
143401.9295
125961.7994
108927.173
92527.9858
77008.12796
62619.4651
49619.43633
38236.71263
28626.74877
20831.14456
14761.26474
10216.58689
6930.198917
4621.245367
493848.1943
493518.7606
493174.4461
492829.6869
492492.3196
492162.8477
491836.4206
491505.5039
491162.1001
490799.2648
490411.8816
489996.5915
489550.9656
489072.3655
488556.9791
487999.254
487391.7501
486725.3994
485990.1286
485175.7156
484272.6651
483272.8156
482169.3307
480955.8257
479624.7349
478165.4741
476563.1675
474798.5806
472849.541
470693.664
468311.6643
465690.0212
462821.6637
459703.9746
456334.6646
452707.2285
448808.0335
444616.4745
440108.4573
435262.245
430064.7069
424515.5179
418627.2216
412420.4889
405915.9221
399125.3268
392045.5816
384657.0286
376926.4792
368813.3632
360276.7065
351280.5173
341795.7619
331798.3062
321263.7172
310161.1011
298448.7169
286073.799
272978.0458
259108.8622
244434.8314
228962.2004
212747.9002
195904.661
178595.8816
161021.7466
143401.9295
125961.7994
108927.173
92527.9858
77008.12796
62619.4651
49619.43633
38236.71263
28626.74877
20831.14456
14761.26474
10216.58689
6930.198917
4621.245367
493848.1943
493518.7606
493174.4461
492829.6869
492492.3196
492162.8477
491836.4206
491505.5039
491162.1001
490799.2648
490411.8816
489996.5915
489550.9656
489072.3655
488556.9791
487999.254
487391.7501
486725.3994
485990.1286
485175.7156
484272.6651
483272.8156
482169.3307
480955.8257
479624.7349
478165.4741
476563.1675
474798.5806
472849.541
470693.664
468311.6643
465690.0212
462821.6637
459703.9746
456334.6646
452707.2285
448808.0335
444616.4745
440108.4573
435262.245
430064.7069
424515.5179
418627.2216
412420.4889
405915.9221
399125.3268
392045.5816
384657.0286
376926.4792
368813.3632
360276.7065
351280.5173
341795.7619
331798.3062
321263.7172
310161.1011
298448.7169
286073.799
272978.0458
259108.8622
244434.8314
228962.2004
212747.9002
195904.661
178595.8816
161021.7466
143401.9295
125961.7994
108927.173
92527.9858
77008.12796
62619.4651
49619.43633
38236.71263
28626.74877
20831.14456
14761.26474
10216.58689
6930.198917
4621.245367
493848.1943
493518.7606
493174.4461
492829.6869
492492.3196
492162.8477
491836.4206
491505.5039
491162.1001
490799.2648
490411.8816
489996.5915
489550.9656
489072.3655
488556.9791
487999.254
487391.7501
486725.3994
485990.1286
485175.7156
484272.6651
483272.8156
482169.3307
480955.8257
479624.7349
478165.4741
476563.1675
474798.5806
472849.541
470693.664
468311.6643
465690.0212
462821.6637
459703.9746
456334.6646
452707.2285
448808.0335
444616.4745
440108.4573
435262.245
430064.7069
424515.5179
418627.2216
412420.4889
405915.9221
399125.3268
392045.5816
384657.0286
376926.4792
368813.3632
360276.7065
351280.5173
341795.7619
331798.3062
321263.7172
310161.1011
298448.7169
286073.799
272978.0458
259108.8622
244434.8314
228962.2004
212747.9002
195904.661
178595.8816
161021.7466
143401.9295
125961.7994
108927.173
92527.9858
77008.12796
62619.4651
49619.43633
38236.71263
28626.74877
20831.14456
14761.26474
10216.58689
6930.198917
4621.245367
493848.1943
493518.7606
493174.4461
492829.6869
492492.3196
492162.8477
491836.4206
491505.5039
491162.1001
490799.2648
490411.8816
489996.5915
489550.9656
489072.3655
488556.9791
487999.254
487391.7501
486725.3994
485990.1286
485175.7156
484272.6651
483272.8156
482169.3307
480955.8257
479624.7349
478165.4741
476563.1675
474798.5806
472849.541
470693.664
468311.6643
465690.0212
462821.6637
459703.9746
456334.6646
452707.2285
448808.0335
444616.4745
440108.4573
435262.245
430064.7069
424515.5179
418627.2216
412420.4889
405915.9221
399125.3268
392045.5816
384657.0286
376926.4792
368813.3632
360276.7065
351280.5173
341795.7619
331798.3062
321263.7172
310161.1011
298448.7169
286073.799
272978.0458
259108.8622
244434.8314
228962.2004
212747.9002
195904.661
178595.8816
161021.7466
143401.9295
125961.7994
108927.173
92527.9858
77008.12796
62619.4651
49619.43633
38236.71263
28626.74877
20831.14456
14761.26474
10216.58689
6930.198917
4621.245367
493848.1943
493518.7606
493174.4461
492829.6869
492492.3196
492162.8477
491836.4206
491505.5039
491162.1001
490799.2648
490411.8816
489996.5915
489550.9656
489072.3655
488556.9791
487999.254
487391.7501
486725.3994
485990.1286
485175.7156
484272.6651
483272.8156
482169.3307
480955.8257
479624.7349
478165.4741
476563.1675
474798.5806
472849.541
470693.664
468311.6643
465690.0212
462821.6637
459703.9746
456334.6646
452707.2285
448808.0335
444616.4745
440108.4573
435262.245
430064.7069
424515.5179
418627.2216
412420.4889
405915.9221
399125.3268
392045.5816
384657.0286
376926.4792
368813.3632
360276.7065
351280.5173
341795.7619
331798.3062
321263.7172
310161.1011
298448.7169
286073.799
272978.0458
259108.8622
244434.8314
228962.2004
212747.9002
195904.661
178595.8816
161021.7466
143401.9295
125961.7994
108927.173
92527.9858
77008.12796
62619.4651
49619.43633
38236.71263
28626.74877
20831.14456
14761.26474
10216.58689
6930.198917
4621.245367
493848.1943
493518.7606
493174.4461
492829.6869
492492.3196
492162.8477
491836.4206
491505.5039
491162.1001
490799.2648
490411.8816
489996.5915
489550.9656
489072.3655
488556.9791
487999.254
487391.7501
486725.3994
485990.1286
485175.7156
484272.6651
483272.8156
482169.3307
480955.8257
479624.7349
478165.4741
476563.1675
474798.5806
472849.541
470693.664
468311.6643
465690.0212
462821.6637
459703.9746
456334.6646
452707.2285
448808.0335
444616.4745
440108.4573
435262.245
430064.7069
424515.5179
418627.2216
412420.4889
405915.9221
399125.3268
392045.5816
384657.0286
376926.4792
368813.3632
360276.7065
351280.5173
341795.7619
331798.3062
321263.7172
310161.1011
298448.7169
286073.799
272978.0458
259108.8622
244434.8314
228962.2004
212747.9002
195904.661
178595.8816
161021.7466
143401.9295
125961.7994
108927.173
92527.9858
77008.12796
62619.4651
49619.43633
38236.71263
28626.74877
20831.14456
14761.26474
10216.58689
6930.198917
4621.245367
493848.1943
493518.7606
493174.4461
492829.6869
492492.3196
492162.8477
491836.4206
491505.5039
491162.1001
490799.2648
490411.8816
489996.5915
489550.9656
489072.3655
488556.9791
487999.254
487391.7501
486725.3994
485990.1286
485175.7156
484272.6651
483272.8156
482169.3307
480955.8257
479624.7349
478165.4741
476563.1675
474798.5806
472849.541
470693.664
468311.6643
465690.0212
462821.6637
459703.9746
456334.6646
452707.2285
448808.0335
444616.4745
440108.4573
435262.245
430064.7069
424515.5179
418627.2216
412420.4889
405915.9221
399125.3268
392045.5816
384657.0286
376926.4792
368813.3632
360276.7065
351280.5173
341795.7619
331798.3062
321263.7172
310161.1011
298448.7169
286073.799
272978.0458
259108.8622
244434.8314
228962.2004
212747.9002
195904.661
178595.8816
161021.7466
143401.9295
125961.7994
108927.173
92527.9858
77008.12796
62619.4651
49619.43633
38236.71263
28626.74877
20831.14456
14761.26474
10216.58689
6930.198917
4621.245367
493848.1943
493518.7606
493174.4461
492829.6869
492492.3196
492162.8477
491836.4206
491505.5039
491162.1001
490799.2648
490411.8816
489996.5915
489550.9656
489072.3655
488556.9791
487999.254
487391.7501
486725.3994
485990.1286
485175.7156
484272.6651
483272.8156
482169.3307
480955.8257
479624.7349
478165.4741
476563.1675
474798.5806
472849.541
470693.664
468311.6643
465690.0212
462821.6637
459703.9746
456334.6646
452707.2285
448808.0335
444616.4745
440108.4573
435262.245
430064.7069
424515.5179
418627.2216
412420.4889
405915.9221
399125.3268
392045.5816
384657.0286
376926.4792
368813.3632
360276.7065
351280.5173
341795.7619
331798.3062
321263.7172
310161.1011
298448.7169
286073.799
272978.0458
259108.8622
244434.8314
228962.2004
212747.9002
195904.661
178595.8816
161021.7466
143401.9295
125961.7994
108927.173
92527.9858
77008.12796
62619.4651
49619.43633
38236.71263
28626.74877
20831.14456
14761.26474
10216.58689
6930.198917
4621.245367
493848.1943
493518.7606
493174.4461
492829.6869
492492.3196
492162.8477
491836.4206
491505.5039
491162.1001
490799.2648
490411.8816
489996.5915
489550.9656
489072.3655
488556.9791
487999.254
487391.7501
486725.3994
485990.1286
485175.7156
484272.6651
483272.8156
482169.3307
480955.8257
479624.7349
478165.4741
476563.1675
474798.5806
472849.541
470693.664
468311.6643
465690.0212
462821.6637
459703.9746
456334.6646
452707.2285
448808.0335
444616.4745
440108.4573
435262.245
430064.7069
424515.5179
418627.2216
412420.4889
405915.9221
399125.3268
392045.5816
384657.0286
376926.4792
368813.3632
360276.7065
351280.5173
341795.7619
331798.3062
321263.7172
310161.1011
298448.7169
286073.799
272978.0458
259108.8622
244434.8314
228962.2004
212747.9002
195904.661
178595.8816
161021.7466
143401.9295
125961.7994
108927.173
92527.9858
77008.12796
62619.4651
49619.43633
38236.71263
28626.74877
20831.14456
14761.26474
10216.58689
6930.198917
4621.245367
493848.1943
493518.7606
493174.4461
492829.6869
492492.3196
492162.8477
491836.4206
491505.5039
491162.1001
490799.2648
490411.8816
489996.5915
489550.9656
489072.3655
488556.9791
487999.254
487391.7501
486725.3994
485990.1286
485175.7156
484272.6651
483272.8156
482169.3307
480955.8257
479624.7349
478165.4741
476563.1675
474798.5806
472849.541
470693.664
468311.6643
465690.0212
462821.6637
459703.9746
456334.6646
452707.2285
448808.0335
444616.4745
440108.4573
435262.245
430064.7069
424515.5179
418627.2216
412420.4889
405915.9221
399125.3268
392045.5816
384657.0286
376926.4792
368813.3632
360276.7065
351280.5173
341795.7619
331798.3062
321263.7172
310161.1011
298448.7169
286073.799
272978.0458
259108.8622
244434.8314
228962.2004
212747.9002
195904.661
178595.8816
161021.7466
143401.9295
125961.7994
108927.173
92527.9858
77008.12796
62619.4651
49619.43633
38236.71263
28626.74877
20831.14456
14761.26474
10216.58689
6930.198917
4621.245367
493855.2626
493525.9587
493181.2563
492835.8612
492497.86
492167.901
491841.1853
491510.1751
491166.8398
490804.1871
490417.052
490002.0453
489556.7405
489078.5313
488563.6505
488006.5852
487399.9206
486734.5987
486000.5462
485187.5342
484286.0553
483287.9287
482186.297
480974.7679
479645.8058
478188.9098
476589.3386
474828.0193
472882.9241
470731.7438
468355.1554
465739.4787
462877.4081
459766.1106
456403.1995
452782.2375
448889.7917
444705.4858
440205.355
435367.5878
430178.7374
424637.9794
418757.3275
412557.0896
406057.8241
399271.6464
392195.9974
384811.8519
377086.5401
368979.7723
360450.5778
351462.7382
341986.8773
331998.5474
321473.1528
310379.839
298677.0608
286312.2726
273227.2351
259369.0818
244705.6798
229242.1325
213033.9813
196192.6519
178880.7016
161298.1993
143665.4427
126208.909
109155.5935
92736.29461
77197.50896
62785.56751
49760.80872
38352.54914
28717.37016
20898.33811
14808.22847
10247.4278
6949.196658
4632.201128
493868.4797
493540.0614
493195.1231
492848.7287
492509.4781
492178.4123
491850.9294
491519.5408
491176.1809
490813.7777
490427.0706
490012.5921
489567.8878
489090.3852
488576.3929
488020.4817
487415.3008
486751.8276
486019.9984
485209.5773
484311.0379
483316.1684
482218.0709
481010.325
479685.4169
478232.9563
476638.4158
474883.0127
472945.0187
470802.3395
468435.6871
465831.1865
462981.1439
459882.2834
456531.9101
452923.5561
449044.049
444873.43
440388.0833
435566.2504
430394.1032
424870.0221
419005.0188
412818.5306
406330.7177
399553.9506
392486.5141
385110.5412
377394.4783
369298.8095
360782.8362
351810.1194
342350.7258
332379.5644
321871.5662
310795.7377
299110.7333
286764.3706
273698.6359
259860.4083
245216.5528
229770.347
213574.8928
196739.07
179423.4637
161827.3431
144171.6128
126684.5033
109595.2578
93136.66879
77558.66898
63104.50019
50032.99444
38576.82523
28894.44864
21031.36856
14902.78793
10310.78697
6989.127785
4655.825534
493886.5127
493560.1541
493215.7565
492868.5378
492527.694
492194.9197
491866.0582
491533.8165
491190.1478
490827.8994
490441.6845
490027.911
489584.0483
489107.5264
488594.7305
488040.3455
487437.128
486776.1294
486047.3205
485240.4683
484346.0269
483355.7467
482262.6777
481060.3526
479741.2574
478295.1026
476707.598
474960.325
473031.978
470900.8274
468547.7576
465958.7727
463125.7605
460044.8553
456712.8311
453122.9787
449262.2818
445111.2508
440646.8001
435847.4417
430699.1002
425199.312
419357.8119
413192.7136
406723.2814
399961.7805
392907.2654
385543.2807
377839.8846
369758.9084
361260.4051
352307.9808
342871.1569
332923.9933
322440.6217
311389.5923
299729.5577
287408.6667
274369.2315
260558.0007
245940.8325
230518.9017
214342.2397
197516.2254
180198.3611
162586.1289
144900.4813
127371.4656
110231.2475
93715.67832
78079.22632
63563.00719
50426.46644
38902.27847
29153.18092
21227.78601
15044.40886
10407.39211
7051.311183
4693.512357
493907.985
493584.9089
493242.2457
492895.0013
492552.7576
492217.9441
491887.1106
491553.4084
491208.9568
490846.5776
490460.7579
490047.7507
489604.9026
489129.5973
488618.2646
488065.7031
487464.807
486806.7447
486081.5602
485279.048
484389.6527
483405.0863
482318.3405
481122.889
479811.1986
478373.0562
476794.3956
475057.1811
473140.5985
471023.402
468686.7963
466116.8036
463304.9714
460246.8193
456938.4472
453372.6808
449536.4445
445410.6072
440972.6596
436201.564
431083.2214
425614.4708
419803.7374
413667.5513
407223.8341
400484.2449
393448.2339
386100.6624
378413.4324
370350.1993
361872.3278
352943.9429
343534.2864
333616.5833
323163.9612
312144.1825
300515.5666
288226.3701
275219.1712
261440.6615
246855.7978
231463.645
215310.9079
198498.8834
181181.1158
163552.2945
145832.5511
128253.3038
111049.7944
94461.66517
78748.99707
64151.96143
50931.56844
39322.34038
29488.78741
21484.62485
15231.75554
10537.15515
7136.423756
4746.250462
493931.7791
493612.954
493273.2671
492927.2115
492584.3838
492247.737
491914.6084
491578.8558
491233.0147
490870.0295
490484.3171
490071.9763
489630.2006
489156.2801
488646.6393
488096.1577
487497.8668
486843.0815
486121.9621
485324.3693
484440.7626
483462.8256
482383.4917
481196.1692
479893.2927
478464.7048
476896.5357
475171.1146
473268.1336
471166.8954
468849.0432
466300.7668
463513.4165
460481.9804
457201.861
453665.2751
449858.8594
445763.6204
441357.5103
436619.9891
431537.1204
426105.2809
420331.7457
414231.4381
407820.6801
401110.0727
394098.9494
386773.1005
379106.1633
371063.8371
362609.2671
353707.6518
344328.4241
334444.2365
324027.222
313044.1423
301452.6413
289200.7377
276231.038
262490.1039
247942.0553
232583.9504
216459.1666
199664.6802
182349.5303
164704.7956
146948.868
129313.7806
112037.5307
95363.82051
79559.15311
64863.91262
51541.83596
39830.2357
29896.93847
21798.88601
15463.09477
10699.41713
7244.58403
4814.601864
493957.1634
493643.1759
493307.4528
492963.8483
492621.6676
492284.0147
491948.8038
491610.6814
491262.8615
490898.6625
490512.5801
490100.6153
489659.8089
489187.3261
488679.5384
488131.3556
487535.9129
486884.6715
486167.9375
485375.681
484498.4148
483527.819
482456.7785
481278.6362
479985.7877
478568.1164
477011.9242
475299.8745
473412.1428
471328.5927
469031.37
466506.9523
463746.647
460745.0575
457496.9742
453993.9793
450222.2728
446162.765
441793.6461
437094.7614
432052.3926
426662.652
420931.9113
414873.6529
408502.5747
401827.9539
394848.5433
387550.5384
379908.9157
371891.306
363462.853
354590.2963
345243.8114
335395.9427
325018.0813
314075.985
302526.3955
290316.7406
277389.3023
263690.2736
249182.8678
233862.2064
217768.4458
200994.2409
183683.8878
166024.3215
148231.4194
130536.9973
113181.1796
96411.55818
80501.46724
65692.42037
52252.05176
40421.59802
30373.07226
22167.85295
15736.63833
10893.22487
7375.513873
4898.753335
493983.7676
493674.8469
493343.6928
493003.547
492663.2918
492325.8747
491989.4149
491649.1381
491299.0204
490933.0172
490545.955
490133.8865
489693.7558
489222.6032
488716.7148
488170.9822
487578.5936
486931.1229
486219.0216
485432.3985
484561.8632
483599.1308
482537.0628
481368.9467
480087.1383
478681.5526
477138.6459
475441.3865
473570.3989
471506.0824
469231.0972
466732.2757
464001.0074
461031.6697
457818.5893
454352.7963
450620.0226
446600.9265
442273.7002
437618.3538
432621.2841
427278.4076
421595.4022
415584.5617
409259.1218
402626.9992
395686.0851
388422.5035
380812.0406
372823.8634
364425.0072
355583.9757
346272.1556
336462.5297
326126.1985
315228.1512
303724.2066
291560.9613
278680.0151
265026.8447
250563.5316
235283.2057
219222.8819
202470.9959
185167.083
167493.6778
149663.6123
131907.757
114467.636
97594.25777
81567.79779
66631.44858
53057.72943
41092.96505
30914.40178
22588.58707
16050.77114
11117.56897
7528.724791
4998.621858
494011.4798
493707.6001
493381.2625
493045.2005
492707.8943
492372.002
492035.5411
491693.9456
491341.7453
490973.6172
490584.9828
490172.1985
489732.2609
489262.1408
488758.0376
488214.7923
487625.5966
486982.0864
486274.8253
485494.0603
484630.5277
483676.0206
482623.4161
481465.9714
480196.0117
478803.4811
477274.9778
475593.7537
473740.8498
471697.1636
469445.8449
466974.0961
464273.4607
461338.2201
458162.3975
454736.6166
451046.217
447071.5673
442790.702
438183.563
433236.4512
427944.9987
422314.2714
416355.5903
410080.976
403497.1328
396601.0352
389378.4392
381805.4566
373852.2636
365487.4019
356681.0439
347406.019
337636.2151
327342.9774
316490.9585
305035.2675
292921.6309
280090.7187
266486.9394
252070.9132
236833.5774
220808.7683
204080.7823
186784.4742
169097.9238
151230.632
133412.0008
115884.2934
98901.3408
82749.87869
67674.94914
53954.6378
41841.3881
31518.77973
23059.42821
16403.68651
11371.54485
7703.680339
5113.978324
494040.3382
493741.3266
493419.7974
493088.0865
492754.3704
492421.0372
492085.8698
491744.205
491390.757
491020.7174
490630.1878
490216.0929
489775.7336
489306.1593
488803.5375
488262.6562
487676.6782
487037.2519
486335.002
485560.281
484703.9509
483757.9133
482715.1041
481568.7893
480311.2878
478932.5802
477419.4011
475755.27
473921.6189
471899.8088
469673.442
467230.0692
464561.4086
461661.7228
458524.8638
455141.2067
451495.8382
447568.9056
443338.2435
438783.5675
433890.859
428655.2689
423081.1769
417179.0203
410959.8177
404429.2935
397583.6332
390408.1511
382878.9772
374966.8136
366641.1916
357873.5844
348638.1826
338910.0165
328661.1367
317856.3762
306450.5429
294388.6845
281610.4891
268059.0515
253693.196
238501.3654
222514.0415
205811.3533
188523.5374
170824.2579
152919.5841
135037.1404
117419.4347
100322.5584
84039.38835
68816.69281
54938.47125
42664.06697
32184.41015
23579.15962
16794.48019
11654.09453
7899.907498
5244.556651
494070.4647
493776.0675
493459.1913
493131.8425
492801.9996
492471.8774
492139.0436
491798.6061
491445.1588
491074.04
490681.8257
490266.0945
489824.7159
489355.0687
488853.4357
488314.606
487731.7106
487096.3778
486399.2444
485630.7171
484781.7511
483844.356
482811.5572
481676.6729
480432.0539
479067.7401
477570.6069
475924.4319
474111.0186
472112.1639
469911.8882
467498.0563
464862.5454
461999.6252
458903.0567
455563.0966
451964.7311
448088.0183
443910.6565
439412.0931
434577.8393
429402.3546
423889.1504
418047.7157
411888.1547
405415.4122
398625.0974
391502.19
384022.7501
376157.6948
367877.0701
359153.1498
349961.1367
340277.1358
330074.1408
319317.614
307962.5573
295953.7242
283229.995
269733.094
255419.8162
240275.8003
224327.9
207651.9171
190373.4327
172661.7212
154719.4082
136772.1992
119062.5367
101848.3365
85428.19799
70050.32928
56004.71577
43558.09432
32909.57441
24146.79974
17222.55061
11964.78614
8116.817504
5390.129524
494102.0467
493811.9476
493499.4873
493176.3639
492850.4211
492523.8037
492193.9616
491855.7934
491503.6424
491132.6901
490739.62
490322.4599
489879.733
489409.4115
488908.1429
488370.8638
487790.7273
487159.3385
486467.3133
485705.0641
484863.5884
483934.9714
482912.3279
481789.0588
480557.59
479208.0571
477727.4961
476099.9438
474307.5622
472332.5623
470159.3547
467776.0875
465174.768
462349.6631
459294.4718
455999.4117
452449.4934
448624.832
444503.1163
440063.5889
435291.255
430179.7436
424731.5012
418954.8961
412859.0545
406448.2192
399717.6053
392652.0502
385227.6348
377415.3955
369185.5857
360510.8188
351366.8295
341730.4656
331575.6054
320868.5742
309565.0012
297609.8197
284941.4668
271500.4606
257241.5147
242147.2483
226240.6023
209592.7962
192324.5944
174600.8176
156620.6271
138607.7516
120804.406
103470.0481
86908.6706
71369.59637
57148.6989
44520.35113
33692.43726
24761.4012
17687.45163
12303.39246
8354.249593
5550.386341
494135.304
493849.157
493540.8124
493221.6957
492899.5316
492576.4567
492249.9063
491914.6679
491564.8547
491195.3617
490802.678
490384.914
489941.0426
489469.7136
488968.2022
488431.8412
487853.9515
487226.1687
486539.0851
485783.0857
484949.1617
484029.4234
483017.0432
481905.5051
480687.3395
479352.8195
477889.1752
476280.7191
474509.9694
472559.5359
470414.198
468062.3621
465496.1396
462709.772
459696.8892
456447.6983
452947.3097
449176.0144
445111.6338
440733.3319
436025.676
430981.4387
425601.8743
419894.0428
413865.9219
407520.9815
400854.1052
393850.1516
386485.3985
378731.0821
370557.5667
361937.5067
352846.7234
343262.3461
333158.8197
322503.2787
311252.2062
299351.133
286738.51
273354.0015
259150.4014
244107.2665
228243.4267
211625.2495
194368.4298
176633.1541
158615.0187
140535.7131
122637.1396
105180.1427
88473.90058
72768.57347
58365.76173
45547.54672
34530.96656
25421.90657
18188.74807
12669.78869
8612.180672
5725.305166
494170.3567
493887.9181
493583.3587
493267.9663
492949.3772
492629.734
492306.5192
491974.5132
491627.698
491260.7038
490869.6958
490452.5661
490008.3709
489536.2332
489034.1398
488498.0818
487921.7958
487297.0933
486614.5967
485864.6608
485038.2379
484127.415
483125.3721
482025.6441
480820.8666
479501.4778
478054.9414
476465.8754
474717.1673
472791.8216
470674.971
468355.2619
465824.8902
463078.0507
460108.2851
456905.7827
453455.7789
449738.8114
445732.9492
441417.4197
436776.4832
431802.1324
426494.4131
420858.9574
414902.4083
408627.2863
402028.0601
395089.6572
387788.7014
380096.7938
371984.4863
363424.3814
354392.0995
344864.6215
334816.5123
324215.4077
313018.5927
301172.4163
288615.7498
275287.8496
261139.9365
246148.669
230328.73
213741.4438
196497.1645
178751.1767
160695.3031
142549.0608
124553.9528
106972.1234
90117.83312
74241.88766
59651.46831
46636.35593
35422.9638
26127.08778
18725.91056
13063.85045
8890.655432
5914.956386
494207.1145
493928.3538
493627.3509
493315.3695
493000.0875
492683.6826
492363.6988
492034.9719
491691.4576
491327.6205
490939.3246
490524.1148
490080.8294
489608.6984
489106.2153
488570.1125
487994.8043
487372.5257
486694.0742
485949.8283
485130.6986
484228.7165
483237.0214
482149.1498
480957.8096
479653.6033
478224.2533
476654.7194
474928.2855
473028.3616
470940.4298
468653.3636
466159.4299
463452.7622
460526.7962
457371.6839
453972.7757
450310.8766
446364.3716
442112.6673
437539.8632
432637.3111
427403.9333
421843.9233
415962.4697
409760.9515
403233.2358
396364.223
389130.9186
381505.4291
373458.6546
364963.2228
355994.4657
346528.9378
336540.9064
325998.0736
314858.2262
303068.4819
290568.3509
277297.0839
263204.7704
248265.5147
232490.0151
215934.5137
198703.8231
180948.0372
162854.9138
144641.5648
126548.9443
108840.4083
91835.2546
75784.82101
61001.77871
47783.58771
36366.17032
26875.56825
19298.27047
13485.37859
9189.715586
6119.455597
494245.4205
493970.3767
493672.9139
493364.1313
493051.8574
492738.4332
492421.4931
492095.9435
491755.7769
491395.3982
491010.4704
490598.2134
490157.1192
489686.2229
489184.1581
488648.1939
488073.505
487453.0111
486777.9326
486038.8165
485226.5853
484333.2129
483351.7656
482275.7337
481097.8478
479808.8405
478396.6896
476846.7191
475142.6421
473268.2994
471209.5337
468955.4443
466498.3609
463832.3471
460950.7206
457843.5784
454496.3632
450890.1342
447003.6109
442816.4485
438312.7071
433483.2515
428326.0273
422843.8787
417040.5276
410916.0851
404463.614
397667.7904
390505.8965
382950.5739
374973.208
366546.6117
357645.908
348247.1417
338324.0117
327843.8766
316764.5996
305033.7755
292591.511
279377.2741
265340.4268
250452.9592
234721.9239
218198.6305
200982.2914
183217.5835
165087.8855
146807.5925
128616.8687
110780.137
93621.68428
77393.31086
62413.14277
48986.32656
37358.39933
27665.90274
19905.03525
13934.06618
9509.346984
6338.915265
494285.2433
494013.8323
493719.9623
493414.3781
493104.9141
492794.1813
492480.0333
492157.4765
491820.556
491463.6814
491082.4208
490673.7698
490235.896
489767.5102
489267.0843
488732.0574
488158.1594
487539.0783
486866.718
486132.0415
485326.1286
484440.9485
483469.4932
482405.1748
481240.698
479966.8746
478571.9019
477041.4613
475359.7151
473510.9658
471481.442
469260.4828
466840.4838
464215.4354
461378.5313
458319.8012
455024.7595
451474.6936
447648.6428
443526.5312
439092.455
434336.9215
429257.0616
423854.5206
418131.6406
412087.244
405713.4517
398994.5022
391907.7499
384426.2634
376521.942
368167.9219
359339.2776
350011.6251
340158.0128
329745.1882
318730.6875
307062.1671
294680.0518
281523.9971
267542.8716
252706.9597
237020.103
220529.0003
203327.3845
185554.4218
167388.8512
149042.0153
130752.9716
112786.9806
95473.21681
79063.867
63882.50682
50242.01191
38397.64816
28496.67777
20545.34671
14409.50863
9849.455814
6573.408176
494326.7885
494058.692
493768.3438
493466.0263
493159.385
492851.1551
492539.5159
492219.7028
491885.8444
491532.3712
491154.8213
490750.0731
490316.0695
489851.2186
489353.7004
488820.8214
488248.5009
487630.9903
486960.9604
486230.0511
485429.7463
484552.1562
483590.2521
482537.3657
481386.1441
480127.4285
478749.5821
477238.6055
475579.1008
473755.8502
471755.4995
469567.6558
467184.7988
464600.8531
461808.8879
458798.859
455556.3378
452062.8157
448297.6241
444240.9438
439876.9337
435195.8279
430194.0808
424872.3042
419231.6084
413269.6044
406977.4381
400338.7614
393330.7808
385926.7847
378099.08
369821.158
361068.1852
351815.5092
342035.6066
331694.5302
320749.2223
309147.0048
296828.218
283732.4461
269808.054
255023.8681
239380.9286
222921.7422
205734.8502
187953.9836
169753.1043
151340.2118
132952.9134
114857.0051
97386.36737
80793.44669
65407.2523
51548.44859
39482.16342
29366.59816
21218.35528
14911.24513
10209.87507
6822.950571
494371.7311
494105.1637
493818.0318
493518.9251
493215.1879
492909.483
492600.1695
492282.8195
491951.7744
491601.5173
491227.5739
490826.7698
490396.9303
489936.26
489442.6672
488913.1955
488343.651
487728.4827
487060.9244
486333.3764
485537.9876
484667.2562
483714.2777
482672.3579
481534.0832
480290.2912
478929.4593
477437.8512
475800.4674
474002.5594
472031.2089
469876.3242
467530.502
464987.6235
462240.6434
459279.4427
456089.6402
452652.9131
448948.8596
444957.8917
440664.225
436057.8569
431134.6579
425894.3494
420336.9726
414459.0658
408250.8642
401695.3876
394769.5367
387446.5973
379699.0802
371500.7305
362826.8436
353652.6401
343950.183
333684.9035
322813.0624
311281.3815
299029.7306
285997.2392
272131.5345
257399.9976
241801.1263
225373.6349
208201.2593
190412.5333
172176.6637
153698.1283
135212.7779
116986.6111
99357.96058
82579.33081
66985.09887
52903.76261
40610.45292
30274.53888
21923.28497
15438.81216
10590.39325
7087.506127
494426.4049
494154.924
493869.2362
493573.0496
493272.1732
492969.0836
492662.1236
492347.0561
492018.5438
491671.253
491300.7289
490903.7625
490478.1259
490021.9262
489532.8987
489007.8434
488442.3224
487830.68
487166.3481
486442.284
485651.3856
484786.7994
483841.9927
482810.39
481684.5707
480455.3649
479111.3286
477638.9343
476023.5227
474250.772
472308.1891
470186.0053
467876.9719
465374.9637
462672.8457
459760.4337
456623.3899
453243.5648
449600.8032
445675.7252
441452.5842
436921.1441
432076.7376
426918.2937
421444.9256
415652.2533
409529.7268
403059.7842
396218.9653
388980.3922
381316.5592
373201.2683
364609.8498
355517.4382
345895.8229
335709.9659
324915.5126
313458.4928
301278.044
288312.4702
274508.3023
259831.2703
244277.363
227881.7623
210723.7737
192927.0711
174656.2847
156112.3419
137529.1297
119172.5453
101385.0837
84419.03544
68614.00749
54306.32791
41781.2547
31219.55663
22659.4732
15991.79096
10990.79206
7367.005438
494660.3694
494214.3065
493923.6344
493628.6108
493330.3171
493029.8085
492725.2973
492412.5423
492086.3826
491741.7766
491374.4202
490981.1025
490559.5598
490107.8661
489623.6885
489103.6814
488543.1819
487936.2987
487276.3597
486556.515
485770.2087
484911.3207
483973.9502
482951.8873
481837.8489
480622.7093
479295.0977
477841.6567
476248.0109
474500.2052
472586.1301
470496.3321
468223.7425
465762.2719
463104.7346
460240.9058
457156.4978
453833.5272
450252.0713
446392.9399
442240.4072
437783.9943
433018.5086
427942.1387
422553.1671
416846.4292
410810.7312
404428.0419
397674.5804
390523.2441
382946.3506
374917.5447
366412.0026
357404.6858
347867.1525
337764.0319
327050.4982
315671.9477
303566.6923
290671.9568
276932.8246
262313.0441
246805.9153
230443.1333
213299.8194
195495.1219
177189.3739
158580.0728
139899.074
121411.9549
103465.1005
86310.27669
70292.11181
55754.69237
42993.48308
32200.86884
23426.38117
16569.83726
11410.88025
7661.372006
494885.984
494452.7975
493987.5591
493687.2869
493389.8316
493091.6348
492789.5433
492479.1985
492155.4215
491813.3187
491448.8468
491058.924
490641.2839
490193.9838
489714.6865
489200.0049
488645.1484
488044.0088
487389.6793
486675.2012
485894.2015
485041.0912
484110.6871
483097.4053
481994.346
480792.5708
479480.8312
478045.9322
476473.7413
474750.6124
472864.7602
470807.0074
468570.462
466149.0998
463535.729
460720.1225
457688.0649
454421.742
450901.455
447108.1909
443026.2326
438644.8499
433958.3249
428964.1247
423659.7535
418039.3522
412091.2063
405796.944
399132.5648
392070.7754
384583.655
376644.5351
368228.2313
359309.3509
349859.1387
339841.9325
329212.5661
317915.9388
305889.5901
293069.5736
279399.2841
264840.1591
249382.5053
233054.3695
215926.7327
198114.4358
179773.799
161099.1118
142320.2714
123702.4434
105595.7021
88250.98613
72017.69264
57247.52579
44246.17342
33217.81477
24223.57987
17172.68982
11850.5152
7970.54583
495103.5503
494682.8456
494230.4176
493755.4088
493452.3951
493154.7751
492854.8394
492546.8779
492225.5812
491886.0105
491524.2398
491137.4267
490723.4331
490280.3319
489805.7977
489296.4649
488747.519
488152.7321
487504.981
486797.0673
486022.4999
485175.8589
484252.4775
483247.4836
482154.6204
480965.3809
479668.7798
478251.8312
476700.6348
475001.8115
473143.8432
471117.772
468916.8478
466535.1125
463965.3999
461197.5246
458217.3793
455007.338
451547.9273
447820.3048
443808.7546
439502.2919
434894.6743
429982.6531
424762.9739
419229.1302
413368.967
407163.8829
400589.777
393619.2596
386224.2029
378377.5656
370053.6527
361226.5178
351866.9173
341938.8176
331396.7514
320185.2459
308241.1985
295499.5429
281901.8985
267407.1646
252002.345
235711.5519
218601.4702
200782.6623
182407.6169
163667.6501
144790.8749
126042.0861
107774.9574
90239.35635
73789.19367
58783.60215
45538.44375
34269.81522
25050.72261
17800.16138
12309.6096
8294.49868
495313.3591
494904.7543
494464.7532
494002.3023
493524.3368
493220.9079
492921.399
492615.5591
492296.7159
491959.7738
491600.731
491216.8423
490806.2076
490367.0462
489897.0755
489392.9676
488849.9464
488261.768
487621.1895
486920.7915
486153.8336
485314.7648
484399.0735
483402.3994
482319.2143
481141.701
479859.379
478459.6092
476928.768
475253.7316
473423.2071
471428.4018
469262.6549
466920.0435
464393.4304
461672.7033
458743.9045
455589.629
452190.646
448528.287
444586.8358
440355.0541
435826.1798
430996.2556
425861.2749
420414.0987
414642.1693
408526.7266
402043.6706
395165.6282
387864.3565
380112.4737
371883.7177
363151.4441
353885.7269
344049.9902
333598.3862
322475.1074
310616.5303
297956.5962
284435.2007
270008.6242
254660.3512
238410.2618
221320.4649
203497.0821
185088.7763
166284.0351
147309.3812
128429.3779
110001.3294
92273.88674
75605.26174
60361.81463
46869.4828
35356.34479
25907.51625
18452.11953
12788.12565
8633.239113
495515.6908
495118.8159
494690.8704
494240.607
493774.9005
493296.3604
492990.9003
492685.456
492368.805
492034.4632
491678.243
491297.3034
490889.8398
490454.3273
489988.6563
489489.5671
488952.3377
488370.7705
487737.6067
487045.302
486286.8855
485456.5438
484549.6212
483561.909
482488.4084
481322.0764
480053.1934
478669.7059
477158.4024
475506.4567
473702.7903
471738.7362
469607.6724
467303.663
464819.5711
462145.3608
459267.253
456168.1021
452828.9513
449231.3245
445359.5143
441202.0348
436751.6139
432003.596
426953.2299
421592.7463
415909.1919
409883.6763
403492.1636
396707.3937
389501.119
381845.7092
373714.3697
365079.7048
355910.9651
346170.8422
335812.9396
324781.0371
313011.0277
300435.9804
286994.1943
272639.3835
257351.4351
241145.7835
224079.6642
206254.473
187814.871
168946.5012
149874.4131
130863.1035
112273.6325
94353.39961
77464.7871
61981.21036
48238.56378
36476.92425
26793.7015
19128.46648
13286.06191
8986.808732
495710.8154
495325.3124
494909.0631
494470.6283
494016.8214
493550.2954
493069.6683
492758.2468
492442.0627
492110.059
491756.6314
491378.7332
490974.4629
490542.4082
490080.7416
489586.4006
489054.7482
488479.6483
487853.8885
487169.9034
486420.5877
485599.884
484702.8615
483725.1647
482661.9641
481506.7919
480250.772
478882.6901
477389.9825
475760.2549
473982.6855
472048.7241
469951.7526
467685.775
465243.6089
462615.2661
459787.1468
456742.3915
453462.3544
449928.7847
446126.0071
442042.3049
437669.9102
433003.4836
428037.5408
422763.6852
417168.5626
411233.1507
404933.4997
398242.5216
391132.0593
383574.3449
375542.1449
367007.3479
357938.3299
348296.9104
338035.9566
327098.6704
315420.3865
302933.3422
289574.3618
275294.7204
260070.7574
243913.377
226874.7191
209051.1448
190583.0168
171652.9457
152484.4785
133342.1466
114590.9211
96477.00533
79366.91875
63641.02493
49645.07345
37631.13243
27709.04823
19829.12537
13803.43933
9355.27333
495898.9931
495524.5155
495119.6142
494692.6608
494250.4055
493795.5421
493326.7854
492840.2541
492518.1671
492186.7759
491835.8769
491460.9881
491060.0009
490631.423
490173.5648
489683.6702
489157.3157
488588.4575
487969.9449
487294.2538
486554.2477
485743.7218
484857.4883
483890.9137
482839.0399
481695.6141
480452.4039
479099.1147
477624.0819
476015.5767
474263.1682
472358.4682
470294.8565
468066.2457
465665.3635
463082.2231
460303.3738
457312.2401
454090.5124
450620.2037
446885.7089
442875.1114
438580.1715
433994.886
429113.0521
423925.6533
418418.9295
412573.7139
406366.135
399769.2958
392755.1885
385296.0046
377364.1841
368930.9946
359963.9731
350424.0153
340263.1127
329423.7048
317840.4082
305444.56
292171.5557
277970.355
262813.8725
246708.5202
229701.2396
211883.1142
193389.8825
174400.8162
155137.7694
135865.2776
116952.3251
98644.00944
81311.03706
65340.69654
51088.54101
38818.6299
28653.3653
20554.03739
14340.2918
9738.713312
496080.4747
495716.6871
495322.7968
494906.9886
494475.9481
494032.4069
493575.1738
493100.4786
492603.4384
492266.2917
491916.195
491544.0496
491146.3111
490721.2962
490267.2608
489781.6103
489260.2434
488697.3371
488085.8334
487418.2647
486687.5261
485887.3681
485012.4426
484057.8559
483018.39
481887.7083
480657.8616
479319.2739
477861.2582
476273.0011
474544.6964
472668.2531
470637.0978
468445.0496
466084.7164
463546.0686
460815.7564
457877.4552
454713.1891
451305.2616
447638.1811
443699.8761
439481.6739
434976.9365
430178.763
425077.5273
419659.0634
413904.0471
407788.667
401286.2068
394368.8281
387008.7426
379178.1636
370847.852
361984.5993
352548.4109
342490.3498
331751.9547
320266.9437
307965.6023
294781.8381
280662.3468
265576.7396
249527.0461
232555.0228
214746.3428
196231.8504
177187.1375
157832.0592
138430.9743
119356.8643
100853.7724
83296.67734
67079.84499
52568.65061
40039.18249
29626.51932
21303.16965
14896.66445
10137.21728
496255.5018
495902.0794
495518.8738
495113.8852
494693.7335
494261.1852
493815.1402
493351.9366
492866.7931
492354.9241
491999.2629
491628.1336
491233.3756
490811.8862
490361.7552
489880.3565
489363.7664
488806.4913
488201.6943
487541.9952
486820.3363
486030.4861
485167.0392
484224.9379
483198.7212
482081.8366
480866.318
479542.9466
478101.8111
476533.0913
474827.8552
472978.5448
470978.7715
468822.3127
466501.6564
464006.7003
461324.1488
458437.8783
455330.2123
451983.7441
448383.127
444516.1853
440373.8657
435948.9388
431233.8353
426218.3353
420887.8704
415222.951
409199.8073
402791.8832
395971.5007
388710.9154
380982.1789
372755.6469
363997.4797
354666.8838
344714.024
334079.4834
322695.9465
310492.4744
297401.3458
283366.9427
268355.6266
252365.1546
235432.1823
217636.9492
199105.2354
180008.6577
160564.7263
141037.3301
121803.2919
103105.5507
85323.4128
68858.21017
54085.22575
41292.67196
30628.4532
22076.52954
15472.61963
10550.88098
496424.3075
496080.9359
495708.099
495313.6147
494904.0362
494482.1622
494046.9805
493594.9352
493121.3445
492621.5011
492091.3957
491714.9171
491321.411
490903.1759
490456.907
489979.8353
489468.0212
488916.156
488317.7326
487665.5869
486952.7391
486172.9916
485320.9442
484391.4784
483378.9856
482276.7129
481076.5434
479769.314
478345.5271
476796.1536
475113.2146
473289.9362
471320.3528
469198.3413
466916.3228
464464.1219
461828.4654
458993.3818
455941.443
452655.4998
449120.3544
445323.7657
441256.3575
436910.3661
432277.598
427347.2651
422104.405
416529.3586
410598.3837
404285.0644
397561.8634
390401.0756
382774.619
374652.5131
366000.3893
356776.7675
346931.0019
336402.7479
325123.6017
313021.2699
300026.2396
286080.4493
271146.9668
255219.3239
238329.1615
220551.3309
202006.4808
182862.0475
163332.8849
143682.0741
124290.0132
105398.362
87390.72113
70675.55647
55638.18082
42579.08479
31659.19503
22874.17899
16068.24766
10979.81178
496587.1162
496253.4909
495890.7167
495506.4315
495107.1207
494695.6125
494270.9798
493829.7704
493367.3997
492879.2376
492361.3277
491810.7121
491412.0936
490995.3822
490552.7
490079.9067
489572.9354
489026.469
488434.1857
487789.2463
487084.8777
486314.9472
485474.0759
484557.147
483558.5066
482471.2955
481287.2597
479997.1556
478591.5965
477061.9829
475401.0885
473603.0049
471662.4436
469573.6211
467329.0345
464918.4872
462328.7261
459543.8977
456546.7725
453320.4096
449849.7329
446122.4469
442128.8983
437860.852
433309.5476
428463.6688
423307.8781
417822.3477
411983.3536
405764.6032
399138.6812
392077.9064
384554.0641
376536.87
367991.498
358875.8828
349138.6776
338718.6941
327546.4668
315548.2962
302652.7547
288799.185
273947.2388
258086.1761
241242.6515
223486.1784
204932.2729
185744.0798
166133.5646
146362.6864
126815.1015
107730.9139
89497.87006
72531.56288
57227.44478
43898.4748
32718.85012
23696.24161
16683.67748
11424.13637
496744.144
496419.9704
496066.9626
495692.5809
495303.2419
494901.801
494487.4134
494056.7278
493605.255
493128.4411
492622.3814
492084.1531
491511.7324
491090.1811
490649.3518
490180.5555
489678.3702
489137.3589
488551.1924
487913.2121
487216.9603
486456.4982
485626.4993
484721.8646
483736.9573
482664.9129
481497.4321
480225.2021
478838.809
477329.7799
475691.2815
473918.0738
472005.6303
469948.7638
467740.2883
465370.1279
462825.0995
460089.4625
457146.151
453978.3844
450571.1639
446912.1195
442991.339
438800.1666
434329.3381
429567.0633
424497.6621
419101.1497
413353.8156
407229.4783
400700.8292
393740.1958
386319.2207
378407.3223
369969.2524
360962.4328
351334.9152
341024.7746
329961.5663
318070.2118
305277.322
291519.5282
276752.9203
260962.3638
244169.4661
226438.3996
207879.554
188651.7348
168963.8724
149076.5574
129376.3984
110101.6166
91643.85621
74425.72794
58852.87264
45250.90371
33807.573
24542.8972
17319.08219
11884.0086
496895.5995
496580.5923
496237.0638
495872.2994
495492.6459
495100.9833
494696.5464
494276.0826
493835.1962
493369.4079
492874.8644
492348.6772
491788.8556
491193.8782
490748.5379
490281.9999
489784.3113
489248.6884
488668.683
488037.6245
487349.2269
486597.8542
485778.3615
484885.6988
483914.2618
482857.2422
481706.3944
480452.4259
479085.9048
477598.3455
475983.0057
474234.9582
472350.2457
470324.3658
468150.7068
465819.5534
463317.9312
460630.2603
457739.6321
454629.3929
451284.5779
447692.7049
443843.5903
439728.1803
435336.759
430657.121
425673.2916
420365.1547
414709.0188
408678.8069
402247.3054
395386.839
388068.8977
380262.5977
371932.2793
363034.8888
353517.9483
343318.8946
332366.4097
320584.1188
307896.7017
294238.0353
279560.5361
263844.5278
247106.436
229405.0049
210845.4549
191582.2136
171821.0891
151821.133
131971.654
112508.6687
93827.41488
76357.31822
60514.16811
46636.37127
34925.52197
25414.36116
17974.67533
12359.6136
497041.6835
496735.5664
496401.2392
496045.8149
495675.5696
495293.4056
494898.6347
494488.1004
494057.4989
493602.4241
493119.0733
492604.592
492057.022
491474.8884
490856.56
490385.9148
489890.9778
489360.4444
488786.5213
488162.4153
487481.8196
486739.2573
485929.8744
485048.799
484090.4904
483048.2109
481913.8283
480678.1672
479331.8649
477866.4307
476275.0748
474552.8833
472696.1174
470700.771
468560.8971
466267.3973
463807.7432
461166.651
458327.4161
455273.5065
451989.9626
448464.1534
444685.5933
440644.8229
436331.6984
431733.6479
426834.4548
421613.9123
416048.3683
410111.8535
403777.243
397016.8507
389802.0076
382101.5227
373879.3245
365091.8964
355686.2699
345599.3156
334758.9408
323087.5821
310508.073
296951.5687
282366.7699
266729.3424
250050.3695
232383.0086
213827.1892
194532.8775
174702.6824
154594.0008
134598.6536
114950.177
96047.09131
78325.37525
62210.84106
48054.7539
36072.80546
26310.85066
18650.69613
12851.16533
497182.5896
496885.095
496559.7001
496213.3473
495852.2416
495479.3054
495093.9248
494693.0373
494272.4288
493827.7655
493355.2944
492852.1945
492316.5395
491746.9002
491141.7132
490498.5983
490000.0439
489472.8465
488904.6957
488287.4503
487614.6719
486880.8513
486081.2821
485211.3794
484265.7954
483237.8924
482119.6651
480902.1126
479576.0361
478133.0258
476566.2518
474870.6768
473042.485
471077.8202
468971.2153
466714.2786
464295.1812
461699.1699
458909.8777
455910.942
452687.4073
449226.4715
445517.3171
441550.0539
437314.1032
432796.5478
427980.9718
422847.1236
417371.4262
411528.0354
405289.9193
398629.3779
391517.5796
383923.025
375809.2295
367132.2165
357838.5414
347864.549
337137.4461
325578.5823
313109.055
299657.3851
285168.5881
269613.6218
252998.095
235369.3927
216821.9624
197501.1518
177606.253
157392.9031
137255.2949
117424.2671
98301.34204
80328.77367
63942.21206
49505.77014
37249.43419
27232.54423
19347.38484
13358.89626
497318.5042
497029.3733
496712.6497
496375.1085
496022.8825
495658.9119
495282.6548
494891.1402
494480.2424
494045.6981
493583.8035
493091.7709
492567.7051
492010.2217
491417.8236
490788.218
490117.8038
489587.5687
489023.427
488412.7191
487747.6515
487022.5719
486232.7303
485373.6864
484440.3932
483426.4418
482323.9815
481124.1976
479818.1108
478397.4856
476855.5376
475187.115
473388.1913
471454.7689
469381.5167
467160.5661
464780.8766
462228.4757
459487.5661
456542.0894
453377.1456
449979.7664
446338.7866
442443.86
438283.9492
433845.7822
429112.7593
424064.6203
418677.9041
412926.9247
406784.7616
400223.7081
393214.7716
385726.1453
377720.9341
369154.7029
359973.5358
350113.2688
339500.4525
328055.4278
315697.6628
302353.1569
287963.3258
272494.4397
255946.5629
238361.1472
219826.9392
200484.4434
180529.4484
160215.6895
139939.6002
119929.15
100588.6283
82366.30476
65707.45864
50988.98338
38455.2939
28179.54544
20064.95301
13883.03976
497449.6072
497168.589
496860.2843
496531.3027
496187.7045
495832.4458
495465.0539
495082.6474
494681.1867
494256.4785
493804.8671
493323.5975
492810.8053
492265.15
491685.1993
491068.746
490412.2901
489710.9011
489144.3885
488538.4437
487880.7498
487164.289
486384.1573
485535.8681
484614.5328
483614.0786
482526.936
481344.503
480058.0293
478659.5087
477142.2956
475501.2106
473732.0278
471830.4765
469791.0732
467606.1305
465265.2117
462755.2121
460061.153
457167.5124
454059.5833
450724.2884
447150.1263
443326.2832
439241.2393
434881.3413
430229.791
425266.3292
419967.6422
414308.2409
408261.3495
401799.2762
394892.8791
387510.05
379613.4879
371158.3042
362090.1155
352344.2568
341846.6433
330516.6579
318272.2243
305036.9318
290748.7082
275369.2111
258892.9582
241355.3655
222839.2805
203480.1105
183469.8881
163060.2404
142649.6749
122463.1333
102907.4733
84436.75394
67505.68247
52503.83763
39690.14666
29151.86183
20803.55656
14423.80876
497576.0716
497302.9234
497002.7929
496682.1268
496346.9127
496000.1201
495641.3434
495267.7885
494875.5004
494460.3542
494018.7419
493547.9407
493046.1167
492511.9719
491944.1376
491340.4907
490697.63
490010.7321
489273.8661
488666.2973
488014.1903
487305.996
486535.4353
485697.8655
484788.3651
483801.0544
482728.7512
481563.1907
480295.8771
478919.0413
477426.232
475812.3371
474073.0199
472203.7504
470198.7625
468050.2615
465748.0732
463279.7759
460631.2957
457787.8959
454735.2983
451460.4589
447951.6027
444197.4644
440186.0311
435903.242
431332.0689
426452.2339
421240.5754
415671.8305
409719.4079
403355.6668
396551.3419
389274.0395
381486.0626
373142.0759
364187.2352
354556.3809
344174.8055
332960.9616
320831.2875
307707.0543
293522.8145
278235.7153
261834.7799
244349.3512
225856.2329
206485.4971
186425.1368
165924.4005
145383.6412
125024.5865
105256.4719
86538.9485
69335.97222
54049.7103
40953.65778
30149.4052
21563.27983
14981.37628
497698.0646
497432.5511
497140.3577
496827.7709
496500.7046
496162.1401
495811.7366
495446.785
495063.4132
494657.5638
494225.6756
493765.0577
493273.9058
492750.964
492194.9256
491603.7497
490974.1321
490301.3546
489579.5938
488802.561
488149.6457
487447.9177
486686.56
485859.5533
484961.8338
483987.5229
482929.6819
481780.4872
480531.8202
479176.1738
477707.2995
476120.2091
474410.5523
472573.6305
470603.4088
468491.8556
466228.7696
463802.0705
461198.4055
458403.9111
455404.9895
452188.8702
448743.6522
445057.6851
441118.4797
436911.5549
432419.6216
427622.3458
422496.6942
417017.6336
411158.7871
404892.6075
398189.7467
391017.5559
383337.9609
375105.1919
366263.9527
356748.5982
346483.8091
335387.1276
323373.5439
310362.0785
296284.0039
281092.0625
264769.864
247340.6935
228875.2282
209498.0152
189392.7352
168805.9543
148139.579
127611.8831
107634.262
88671.76655
71197.44247
55625.96185
42245.4363
31172.01146
22344.13536
15555.86363
497815.7468
497557.6403
497273.1544
496968.4179
496649.2706
496318.7039
495976.4392
495619.8505
495245.1471
494848.3376
494425.9072
493975.1963
493494.4299
492982.3931
492437.8399
491858.81
491242.0942
490583.0776
489876.0424
489114.8029
488293.3924
487591.727
486837.7581
486020.9298
485134.8168
484173.4313
483129.8851
481996.6507
480766.0893
479431.0776
477985.5948
476424.7869
474744.3492
472939.5133
471004.0674
468929.7553
466706.2172
464321.4242
461762.4036
459015.9847
456069.3419
452910.2348
449526.8808
445907.3954
442038.8804
437906.4481
433492.5309
428776.7026
423736.0173
418345.6458
412579.43
406409.95
399807.8216
392740.1855
385168.624
377046.9541
368319.4411
358919.9655
348772.6098
337794.0241
325897.7799
313000.6945
299030.8337
283936.626
267696.3538
250327.2904
231893.955
212515.2375
192370.2756
171702.6545
150915.5046
130223.3499
110039.4755
90834.11302
73089.24136
57231.96681
43565.07317
32219.47073
23146.07805
16147.33995
497929.2733
497678.3532
497401.3525
497104.2443
496792.7944
496470.0023
496135.6495
495787.1911
495420.916
495032.8977
494619.6672
494178.5958
493707.9372
493206.5167
492673.1478
492105.9488
491501.8038
490856.1993
490163.5212
489417.6852
488612.8195
487743.6949
486990.7022
486182.2237
485307.315
484358.6606
483329.3114
482211.8419
480998.9465
479683.9879
478261.2948
476726.1741
475074.3795
473301.1338
471400.1481
469363.032
467179.2779
464836.7741
462322.6388
459624.0563
456728.7981
453625.2517
450302.0143
446747.2143
442947.6956
438888.2281
434550.9749
429915.3948
424958.589
419655.89
413981.3345
407907.6376
401405.4168
394441.6535
386977.6346
378966.7993
370352.9976
361069.6513
351040.2599
340180.6019
328402.8584
315621.6831
301761.9899
286767.9646
270612.6373
253307.3228
234910.3819
215534.9645
195355.4867
174612.2895
153709.3954
132857.2483
112470.6947
93024.8791
75010.53127
58867.12004
44912.1654
33291.55618
23969.02716
16755.83212
498038.7936
497794.8461
497525.115
497235.4202
496931.4531
496616.2194
496289.5589
495949.0054
495590.926
495211.4583
494807.178
494375.4869
493914.6672
493423.5834
492901.107
492345.4334
491753.5382
491121.0074
490442.3288
489711.518
488922.7961
488071.0178
487151.6579
486345.1077
485479.5594
484543.2149
483527.8456
482426.0155
481230.5571
479935.1718
478534.6405
477024.5546
475400.7546
473658.4703
471791.3971
469791.1096
467647.0399
465347.002
462878.07
460227.4959
457383.3166
454334.3793
451069.765
447577.8795
443845.5551
439857.3677
435595.2697
431038.6087
426164.5063
420948.4152
415364.5259
409385.668
402982.4732
396121.8061
388764.7122
380864.3036
372364.0516
363196.9447
353285.9192
342545.9044
330887.7208
318223.8976
304476.2439
289584.7581
273517.2751
256279.197
237922.735
218555.2471
198346.2957
177532.7602
156519.2502
135511.7953
114926.4363
95242.90604
76960.45578
60530.82152
46286.32099
34388.04219
24812.88737
17381.34037
498144.4515
497907.2698
497644.5994
497362.1098
497065.4175
496757.5329
496438.3518
496105.4851
495755.3764
495384.2259
494988.6539
494566.0923
494114.8508
493633.8326
493121.966
492577.5218
491997.5651
491377.7796
490712.7536
489996.6004
489223.6328
488388.788
487487.6144
486515.8414
485653.2227
484727.3276
483725.4952
482639.0604
481460.8802
480184.7993
478805.9046
477320.1757
475723.6662
474011.6433
472177.8031
470213.7464
468108.9418
465851.2143
463427.6001
460825.2852
458032.2893
455037.5951
451830.6069
448400.116
444733.2075
440814.506
436625.8961
432146.6673
427353.9613
422223.3228
416729.0555
410844.0664
404538.986
397780.5789
390529.6956
382739.1773
374352.1686
365301.2638
355508.865
344889.079
333351.3977
320806.2663
307172.4363
292385.7665
276408.9408
259241.4785
240929.4456
221574.3674
201340.8502
180462.1374
159343.158
138185.2166
117405.1697
97486.97116
78938.11002
62222.45002
47687.14718
35508.7082
25677.56227
18023.85341
498246.3858
498015.7695
497759.9575
497484.4711
497194.8521
496894.1139
496582.2061
496256.815
495914.4589
495551.3999
495164.3019
494750.6266
494308.711
493837.4958
493335.9649
492802.463
492234.1429
491626.7841
490975.0736
490273.2211
489515.6295
488697.3169
487813.9043
486861.1922
485834.5585
484912.6716
483922.4963
482850.9877
481689.8093
480432.8349
479075.2628
477613.3167
476043.3692
474360.8528
472559.4963
470630.9423
468564.7551
466348.8651
463970.3541
461416.3492
458674.7217
455734.3139
452584.5366
449214.4123
445611.3887
441760.4001
437643.5003
433240.0572
428527.2818
423480.8081
418075.0264
412282.884
406074.9778
399417.9617
392272.5124
384591.2485
376317.0463
367382.1596
357708.4996
347209.3865
335793.0195
323367.8024
309849.4782
295169.8146
279286.3822
262192.8366
243929.0904
224590.7922
204337.5028
183398.6826
162179.349
140875.8068
119905.3615
99755.80299
80942.52892
63941.33926
49114.22997
36653.32982
26562.95716
18683.35802
498344.7301
498120.485
497871.3354
497602.6567
497319.9158
497026.1275
496721.2935
496403.1733
496068.3588
495713.1725
495334.3216
494929.297
494496.4626
494034.7959
493543.3351
493020.4971
492463.5207
491868.2796
491229.5575
490541.6589
489799.0755
488996.905
488130.8398
487196.7504
486190.0969
485105.4941
484120.5223
483062.037
481917.36
480679.1776
479342.6858
477904.16
476360.15
474706.362
472936.6861
471042.8378
469014.4913
466839.7393
464505.8026
461999.8324
459309.5615
456423.5651
453330.9912
450020.7833
446480.6007
442695.7953
438648.846
434319.4297
429684.958
424721.2015
419402.6355
413702.2236
407590.4969
401033.9716
393993.1436
386420.4331
378258.4982
369439.3129
359884.3555
349506.209
338211.8259
325907.6151
312506.3618
297935.7939
282148.4076
265132.0092
246920.3401
227603.1189
207334.7692
186340.835
165026.2151
143581.9749
122425.5282
102048.1189
82972.69938
65686.76825
50567.11528
37821.66312
27468.97244
19359.8412
498439.6134
498221.5514
497978.8741
497716.8135
497440.7615
497153.7329
496855.7794
496544.732
496217.2545
495869.7292
495498.9054
495102.3034
494678.3132
494225.9483
493744.3001
493231.8561
492685.9393
492102.5159
491476.4645
490802.183
490074.2503
489287.8426
488438.7223
487522.8289
486535.7038
485472.0717
484325.8135
483273.8821
482143.7755
480923.8478
479608.0786
478192.683
476674.1987
475048.4659
473309.6449
471449.6522
469458.3017
467323.8607
465033.7445
462575.2222
459935.9735
457104.3198
454069.0249
450818.6886
447340.8756
443621.2053
439642.6855
435385.5525
430827.6437
425944.9949
420712.2135
415102.2812
409085.6437
402628.6519
395691.598
388226.7001
380176.4248
371472.5189
362036.0923
351779.0559
340607.1743
328424.918
315142.1702
300682.672
284993.8872
268057.7895
249901.9278
230610.0289
210331.2805
189287.1758
167882.2994
146302.2631
124964.2755
104362.669
85027.59102
67457.97077
52045.30119
39013.43023
28395.49198
20053.28532
498531.1597
498319.0988
498082.7096
497827.0834
497557.5369
497277.0836
496985.8234
496681.6569
496361.3183
496021.2486
495658.2392
495269.8385
494854.4628
494411.1607
493939.0754
493436.7636
492901.6308
492329.7338
491716.0448
491055.0533
490341.424
489570.41
488737.8431
487839.7305
486871.6935
485828.5651
484704.3762
483492.7563
482370.7305
481167.0932
479871.4676
478478.7981
476985.5008
475387.3626
473678.6764
471851.6679
469896.4167
467801.3925
465554.2169
463142.3329
460553.4628
457775.7636
454797.6319
451607.2063
448191.6945
444536.6781
440625.5425
436439.1833
431956.1089
427152.8424
422004.2515
416483.3855
410560.6106
404202.0972
397367.9105
390010.0467
382070.7795
373481.6583
364163.4819
354027.5606
342978.5454
330919.0385
317756.0867
303409.5025
287821.7627
270969.0278
252872.6361
233610.259
213325.7416
192236.3857
170746.2654
149035.3388
127520.3155
106698.2703
87106.19236
69254.1598
53548.2451
40228.31316
29342.37219
20763.65962
498619.4887
498413.2523
498182.9729
497933.6029
497670.3843
497396.3278
497111.5793
496814.1078
496500.7163
496167.9035
495812.502
495432.0884
495025.1045
494590.6334
494127.869
493635.4355
493110.8193
492550.1661
491948.54
491300.5206
490600.8569
489844.878
489028.4834
488147.7474
487198.3698
486175.2901
485072.686
483884.3775
482604.451
481410.5897
480133.1055
478762.5382
477293.9763
475723.0465
474043.988
472249.1981
470329.1286
468272.5762
466067.395
463701.2146
461161.8588
458437.4194
455516.0189
452385.354
449032.1589
445441.7151
441597.4795
437480.8536
433071.1142
428345.5138
423279.4017
417846.0247
412015.7222
405754.4943
399022.1676
391770.4962
383941.544
375466.6649
366266.3811
356251.4668
345325.5413
333389.4235
320347.4036
306115.4343
290631.056
273864.6402
255831.2998
236602.5899
216316.9049
195187.2087
173616.8607
151779.9691
130092.4609
109053.8214
89207.53922
71074.55671
55075.38267
41465.95899
30309.4373
21490.91223
498704.7158
498504.1329
498279.7902
498036.5039
497779.441
497511.608
497233.1957
496942.239
496635.6087
496309.8602
495961.8666
495589.2326
495190.4248
494764.56
494310.8816
493828.0801
493313.7211
492764.0374
492174.1833
491538.8272
490852.8008
490111.5079
489310.915
488447.1621
487516.0263
486512.5517
485431.0602
484265.558
483010.3487
481660.5561
480394.6699
479044.1619
477599.6658
476055.4464
474405.5836
472642.46
470756.7612
468737.715
466573.5321
464252.0557
461761.2261
459089.1327
456223.7269
453152.359
449861.3092
446335.4404
442558.0167
438510.6387
434173.1971
429523.7707
424538.4319
419190.8469
413451.461
407286.1607
400654.5471
393508.1236
385788.7266
377427.5007
368344.6991
358450.6022
347647.8721
335835.6381
322915.5285
308799.7202
293420.8789
276743.6174
258776.8134
239585.8484
219303.5612
198138.4284
176492.885
154534.9893
132679.6036
111428.2987
91330.72761
72918.41425
56626.15064
42725.9942
31296.48298
22234.96661
498786.9521
498591.8571
498373.2833
498135.9134
497884.8392
497623.0621
497350.8156
497066.1992
496766.1501
496447.2793
496106.4999
495741.4441
495350.6032
494933.1269
494488.307
494014.8986
493510.545
492971.5643
492393.1998
491770.2068
491097.4987
490370.5524
489585.4004
488738.2473
487824.9466
486840.6449
485779.8055
484636.6168
483405.5941
482082.0792
480662.3726
479325.3494
477902.8345
476384.6114
474763.4017
473031.4679
471179.5421
469197.1437
467072.9432
464795.1216
462351.7659
459730.982
456920.6168
453907.7799
450678.3926
447216.9161
443506.2999
439528.0766
435262.4443
430688.155
425782.1024
420518.6153
414868.4688
408797.5708
402265.3566
395223.0944
387612.3868
379364.155
370398.374
360624.8466
349945.3307
338257.3529
325459.9839
311461.7239
296190.4419
279605.0338
261708.1395
242558.9146
222284.5407
201088.8602
179373.1701
157299.2763
135280.6894
113820.7395
93474.91109
74785.02738
58200.00505
44008.04209
32303.28696
22995.72401
498866.3046
498676.537
498463.5697
498231.9538
497986.7066
497730.8228
497464.5772
497186.1321
496892.4896
496580.3156
496246.5626
495888.89
495505.8132
495096.5142
494660.332
494196.085
493701.4923
493172.9562
492605.8068
491994.8853
491335.1851
490622.2552
489852.193
489021.2667
488125.4048
487159.8548
486119.2184
484997.8623
483790.5085
482492.7107
481100.9579
479612.3053
478205.1661
476710.8141
475117.5003
473416.1704
471597.4962
469651.1007
467565.9741
465330.7397
462933.7568
460363.1822
457606.7816
454651.493
451482.9847
448085.4087
444441.412
440532.3334
436338.4101
431838.7628
427010.9575
421830.087
416267.5019
410289.3572
403855.0596
396915.7033
389412.6748
381276.668
372427.3713
362774.1087
352217.7615
340654.3198
327980.3947
314100.9196
298939.0609
282448.0565
264624.3178
245520.7302
225258.7202
204037.3525
182256.5728
160071.7312
137894.6947
116230.2208
95639.28762
76673.73166
59796.43001
45311.73675
33329.62185
23773.07111
498940.7257
498755.8707
498548.2261
498322.2123
498082.7155
497832.6554
497572.2998
497299.8517
497012.3757
496706.6022
496379.5387
496028.8837
495653.1801
495251.6342
494823.6173
494367.9947
493882.5484
493363.7557
492807.0299
492207.2984
491559.6399
490859.6831
490103.5972
489287.7146
488408.0267
487459.8548
486437.8999
485336.6656
484151.0508
482876.8152
481510.6587
480049.824
478491.343
477012.2681
475442.6942
473769.1016
471980.8434
470067.4772
468018.091
465821.6209
463466.8609
460942.2326
458235.5434
455333.6397
452222.0053
448884.5238
445303.516
441459.9999
437333.9998
432904.6544
428149.8717
423045.3808
417563.2472
411670.1364
405325.6195
398480.6554
391076.3195
383042.9172
374299.6964
364755.4376
354310.244
342858.8913
330296.0916
316523.9558
301461.7592
285057.8071
267302.7875
248243.5363
227995.7129
206753.5195
184914.8061
162630.8758
140311.6982
118463.703
97652.96391
78440.02913
61299.59363
46549.64033
34313.73013
24526.49471
499010.697
498830.2744
498627.538
498406.8428
498172.9445
497928.6317
497674.0966
497407.5348
497126.0511
496826.4383
496505.7682
496161.7944
495793.099
495398.9159
494978.6408
494531.1709
494054.3348
493544.672
492997.6699
492408.3384
491771.842
491083.8944
490340.7439
489538.7946
488674.1012
487742.0466
486737.4043
485654.7757
484489.1958
483236.6002
481893.894
480458.53
478927.7257
477297.6179
475743.217
474093.2237
472332.5314
470449.3774
468432.7794
466271.7658
463955.4371
461472.6414
458811.442
455958.7165
452899.8442
449618.5096
446096.7484
442315.2348
438253.6545
433890.9146
429204.9195
424171.7107
418763.9468
412948.9477
406686.7154
399928.2715
392614.4291
384675.0251
376028.7256
366583.6399
356239.0576
344888.6702
332425.6424
318749.8461
303777.4206
287452.5446
269760.8854
250743.6972
230511.0453
209252.2001
187362.6256
164989.1463
142541.6766
120527.8004
99518.54032
80082.42785
62704.55816
47714.60923
35247.72382
25248.62084
499076.688
498900.2294
498701.9214
498486.1306
498257.5476
498018.8303
497770.0393
497509.2944
497233.6925
496940.0665
496625.5503
496287.9621
495925.9389
495538.7541
495125.831
494686.091
494217.3943
493716.326
493178.4352
492598.8053
491972.6828
491295.8668
490564.6904
489775.6364
488924.8302
488007.7171
487019.1309
485953.7443
484806.6891
483574.0362
482252.8663
480840.8362
479335.3722
477732.7935
476027.6891
474392.7571
472655.5122
470799.7381
468813.1312
466684.6453
464403.4678
461958.7462
459338.9618
456531.2371
453520.9702
450291.7265
446825.3264
443102.142
439101.4978
434801.9451
430181.1376
425215.0888
419876.734
414133.933
407947.2675
401268.0927
394037.1645
386183.9106
377626.353
368271.8105
358018.6589
346759.501
334386.1167
320796.5191
305904.3132
289650.3086
272015.9388
253037.5388
232819.9884
211547.7293
189613.57
167159.81
144595.6403
122431.2001
101241.6947
81603.18051
64010.24149
48802.89174
36126.26058
25933.68684
499139.1157
498966.2051
498771.8573
498560.4915
498336.8099
498103.4051
497860.2067
497605.2023
497335.413
497047.6633
496739.1275
496407.6857
496052.0395
495671.5176
495265.5826
494833.1834
494372.2038
493879.2601
493349.9464
492779.4069
492162.9613
491496.4906
490776.4129
489999.2954
489161.3416
488258.0662
487284.3643
486234.9678
485105.0789
483890.8649
482589.5413
481198.9397
479716.6889
478139.3141
476461.5827
474676.2966
472953.992
471121.5005
469162.0717
467063.338
464814.4078
462404.5101
459822.4179
457055.6607
454089.8693
450908.6135
447493.5788
443824.9053
439881.5986
435641.8318
431082.885
426180.4998
420907.5538
415232.1387
409115.3096
402508.9108
395353.9169
387579.5601
379103.2902
369831.5914
359661.8305
348485.4506
336192.8744
322680.4498
307859.6534
291668.5387
274085.0534
255141.3638
234937.7651
213654.1975
191680.714
169155.0349
146485.3129
124183.4604
102829.8274
83007.0446
65218.53935
49813.72775
36946.56323
26577.80436
499198.3351
499028.6183
498837.8152
498630.4064
498411.1471
498182.6411
497944.7523
497695.3371
497431.2842
497149.3419
496846.6763
496521.2076
496171.6997
495797.5459
495398.264
494972.8423
494519.1914
494033.9509
493512.7451
492950.763
492343.3847
491686.564
490976.8007
490210.7468
489384.6892
488494.22
487534.3025
486499.7287
485385.7593
484188.6314
482905.6569
481534.8014
480073.8671
478519.5792
476866.9075
475108.8275
473236.5384
471418.8554
469482.5303
467410.7566
465191.3215
462813.3707
460265.7521
457536.2779
454610.9735
451473.6269
448105.9127
444487.8197
440598.1049
436414.6059
431914.2073
427072.2572
421861.3352
416249.4373
410197.7939
403658.6418
396573.3376
388871.2009
380469.3315
371273.4652
361179.9354
350078.9551
337859.5485
324416.458
309659.2546
293523.661
275984.7533
257071.2519
236879.5617
215585.6377
193576.8996
170986.5673
148221.4422
125794.7383
104291.0555
84300.17394
66333.33456
50748.66315
37708.11294
27178.97035
499254.6385
499087.824
498900.2115
498696.3446
498481.04
498256.9539
498023.9613
497779.8525
497521.3848
497245.1739
496948.3097
496628.7043
496285.1617
495917.1377
495524.2147
495105.4359
494658.7511
494180.826
493667.3077
493113.4149
492514.5721
491866.7932
491166.651
490410.8785
489595.8469
488717.2307
487770.0695
486749.2225
485650.0097
484468.7266
483202.7543
481850.1545
480408.8623
478875.7739
477246.0558
475512.8811
473667.6179
471700.3415
469778.6816
467729.8181
465537.1084
463188.3771
460672.3838
457977.0081
455088.5469
451991.1693
448666.7524
445095.2579
441255.2753
437124.377
432679.0951
427894.3631
422742.3424
417190.6975
411200.5146
404724.1361
397703.2154
390067.3311
381733.5243
372607.0146
362583.2025
351551.0671
339398.1893
326017.6939
311317.3359
295230.7551
277730.5924
258842.7239
238660.3428
217356.0346
195314.904
172665.9358
149814.3987
127274.3409
105633.9868
85489.29778
67359.61329
51610.77913
38412.12871
27736.83902
499308.2578
499144.1144
498959.4013
498758.7224
498546.9573
498326.8238
498098.2489
497859.0335
497605.8683
497335.2379
497044.0993
496730.2886
496392.6019
496030.5351
495643.733
495231.3035
494791.2507
494320.2791
493814.0614
493267.8384
492677.0641
492037.7968
491346.669
490600.4866
489795.7011
488928.0705
487992.7156
486984.5711
485899.0235
484732.4272
483482.2214
482146.5368
480723.4033
479209.8483
477601.206
475890.8422
474070.3178
472129.8718
470059.0333
468024.6797
465854.6719
463532.4146
461045.3458
458381.2509
455526.4853
452465.477
449180.4691
445651.6098
441857.4453
437775.3642
433381.6166
428650.7643
423554.5305
418060.1305
412128.2755
405711.1033
398750.2896
391175.6002
382904.1989
373841.0886
363880.9799
352911.7338
340819.5039
327495.7781
312846.5111
296803.3751
279336.8419
260470.3788
240294.5402
218979.155
196907.4464
174204.5984
151274.3526
128631.2449
106866.505
86581.53731
68302.81167
52404.00602
39060.984
28252.3379
499359.379
499197.7213
499015.6765
498817.8946
498609.3155
498392.7198
498168.0953
497933.2949
497685.0196
497419.6874
497134.1238
496826.0324
496494.1332
496137.9144
495757.0611
495350.7433
494917.0295
494452.6779
493953.3995
493414.4603
492831.3361
492200.1147
491517.4727
490780.2754
489985.0467
489127.6243
488203.2113
487206.8229
486133.9203
484980.9239
483745.3318
482425.3323
481019.0237
479523.5262
477934.3023
476244.8821
474447.0145
472531.1267
470486.9067
468303.8158
466148.1507
463848.372
461387.5082
458752.022
455928.1671
452900.4199
449651.269
446161.213
442408.968
438371.8634
434025.9485
429345.4843
424301.7994
418861.6409
412985.2304
406624.2766
399720.1779
392202.6267
383988.8518
374983.8324
365081.8976
354170.0432
342133.1266
328861.034
314257.9237
298253.541
280816.3235
261967.6041
241795.7181
220468.2629
198367.0334
175613.9474
152611.4003
129874.2457
107996.2106
87583.41151
69168.67094
53132.61694
39657.68854
28727.23883
499408.1556
499248.8307
499069.269
498874.1531
498668.4691
498455.0577
498233.9692
498003.1169
497759.2535
497498.807
497218.5365
496916.0139
496589.8272
496239.3884
495864.375
495463.9971
495036.3851
494578.3611
494085.6893
493553.6735
492977.8146
492354.2218
491679.6012
490950.862
490164.5872
489316.6859
488402.4401
487416.9465
486355.7462
485215.3338
483993.2734
482687.8118
481297.1038
479818.3367
478247.0635
476576.9388
474799.8718
472906.4737
470886.616
468729.9148
466425.9836
464140.3683
461701.7442
459092.1746
456296.589
453299.3537
450082.9943
446628.2411
442914.1447
438918.1878
434616.3438
429982.6542
424988.1245
419599.0779
413775.2295
407467.7478
400617.5368
393153.9276
384993.9692
376042.5746
366193.8962
355334.3822
343347.8563
330122.7475
315561.4708
299591.8685
282180.4037
263346.4214
243176.3071
221835.8147
199705.703
176905.1712
153835.5673
131012.0646
109030.5436
88501.2021
69962.4443
53801.11634
40205.50643
29163.77755
499454.7137
499297.596
499120.3646
498927.7297
498724.71
498514.1921
498296.2863
498068.9678
497829.0497
497573.0114
497297.622
497000.3868
496679.7624
496335.0287
495965.7875
495571.241
495149.5594
494697.6264
494211.2694
493685.8451
493116.8919
492500.5439
491833.5287
491112.7849
490334.9386
489495.9576
488591.1944
487615.8238
486565.4678
485436.7008
484227.1607
482935.1599
481558.911
480095.6566
478541.0139
476888.7253
475130.8212
473258.0688
471260.5196
469127.9691
466850.1814
464416.804
461992.1514
459404.5656
456634.587
453665.2551
450478.9764
447056.5066
443377.1141
439418.5996
435157.073
430566.4811
425617.588
420276.3652
414502.0672
408245.3081
401446.3907
394034.0759
385924.9578
377023.6556
367224.1187
356412.4649
344471.81
331289.3967
316766.0524
300827.7836
283439.118
264617.4837
244447.4639
223093.2179
200934.7497
178089.0268
154956.6871
132053.3497
109976.8726
89341.05314
70689.19154
54413.62397
40707.8727
29564.37365
499499.1546
499344.1433
499169.1168
498978.8102
498778.2698
498570.4148
498355.401
498131.2632
497894.8765
497642.7801
497371.7945
497079.4352
496764.092
496424.9138
496061.3702
495672.5877
495256.7284
494810.7153
494330.4371
493811.3132
493248.9347
492639.473
491979.6808
491266.5176
490496.6387
489666.0543
488770.1751
487804.2455
486763.9653
485645.9894
484448.0351
483168.4884
481805.6269
480356.7492
478817.5261
477181.7613
475441.5697
473587.8362
471610.7647
469500.3269
467246.4623
464838.9647
462267.0897
459693.2698
456945
454000.9412
450842.1706
447449.315
443801.6567
439877.2001
435652.3561
431101.1894
426194.3471
420897.5321
415169.6115
408960.6928
402210.4668
394847.0224
386786.299
377932.3606
368178.7444
357411.2289
345512.4507
332368.7993
317879.791
301969.7598
284601.3747
265790.1939
245619.0708
224250.705
202064.5091
179175.5974
155984.2024
133006.572
110842.4939
90109.04157
71353.85718
54974.10617
41167.92773
29931.5698
499541.5621
499388.5739
499215.6516
499027.5479
498829.3342
498623.9572
498411.6049
498190.3575
497957.1491
497708.581
497441.5335
497153.5732
496843.1003
496509.1968
496151.2015
495768.1087
495358.0046
494917.8038
494443.4338
493930.3749
493374.2808
492771.3755
492118.4488
491412.4849
490650.1602
489827.5131
488939.9962
487982.9115
486952.0279
485844.0777
484656.8587
483388.836
482038.36
480602.793
479077.8597
477457.4149
475733.6319
473897.4768
471939.268
469849.1264
467617.164
465233.3457
462687.0681
459966.6033
457231.8784
454309.2319
451175.3734
447809.5981
444191.0498
440297.7352
436106.254
431590.9536
426722.5767
421466.6825
415781.8349
409617.7099
402913.4365
395596.4246
387581.863
378773.07
369062.9245
358336.6749
346476.4881
333368.1397
318910.1725
303025.5268
285675.1786
266872.8956
246699.847
225317.3355
203104.2465
180174.1021
156926.9552
133879.8555
111634.5438
90811.17633
71961.3258
55486.43581
41588.69385
30267.68978
499582.0109
499430.9717
499260.0703
499074.0689
498878.0567
498675.0051
498465.1295
498246.5419
498016.2217
497770.8292
497507.3064
497223.2799
496917.2009
496588.1618
496235.4345
495857.8824
495453.4596
495019.0043
494550.4353
494043.2715
493493.2272
492896.5888
492250.1986
491551.078
490795.9274
489980.806
489101.1939
488152.4345
487130.3538
486031.7532
484854.5077
483597.1625
482258.1464
480834.8933
479323.1895
477716.9417
476008.371
474188.4994
472247.7237
470176.2762
467964.4147
465602.2729
463079.4137
460384.244
457503.4914
454594.1513
451481.3845
448140.1309
444548.2004
440683.452
436522.4756
432039.7912
427206.4026
421987.9378
416342.7833
410220.2698
403559.0421
396285.8842
388315.2312
379549.5659
369880.9281
359193.806
347369.7254
334293.8753
319864.0736
304002.2053
286667.8291
267873.0834
247697.527
226301.0998
204062.161
181092.7999
157793.0228
134680.7986
112359.8576
91453.32616
72516.42049
55954.43434
41973.11995
30574.9693
499620.5695
499471.4111
499302.4566
499118.4744
498924.5631
498723.7118
498516.1604
498300.0479
498072.3855
497829.8787
497569.5282
497289.0225
496986.8727
496662.2221
496314.3529
495942.0618
495543.1716
495114.3883
494651.5539
494150.1786
493606.0147
493015.4095
492375.2673
491682.662
490934.3308
490126.3565
489254.2393
488313.3497
487299.5548
486209.7127
485041.7676
483794.3416
482465.9432
481054.083
479554.6175
477961.5124
476267.0383
474462.2624
472537.6347
470483.4631
468290.1143
465947.8642
463446.44
460774.4091
457918.6267
454863.9183
451764.1996
448443.6908
444875.8599
441037.2306
436904.2355
432451.3712
427649.7954
422465.371
416856.5206
410772.3566
404151.1275
396919.0724
388989.9289
380265.3455
370636.4395
359986.7678
348197.0012
335151.5905
320747.6726
304906.3326
287586.046
268797.5879
248619.0553
227209.0829
204945.481
181938.9952
158589.6357
135416.336
113024.8208
92041.10451
73023.84512
56381.8701
42324.11275
30855.58835
499657.2959
499509.9608
499342.8852
499160.8481
498968.9547
498770.2031
498564.8508
498351.0612
498125.8721
497886.0206
497628.5528
497351.2158
497052.5825
496731.8561
496388.3699
496020.9305
495627.2937
495204.0341
494746.8612
494251.2084
493712.8189
493128.0781
492493.9511
491807.5737
491065.7352
490264.5545
489399.5552
488466.1273
487460.1647
486378.5666
485219.3337
483981.1572
482662.6217
481261.3166
479773.1735
478192.2257
476510.8007
474720.0124
472810.3538
470772.1837
468595.9419
466272.01
463790.2538
461139.3992
458306.4552
455276.3665
452031.984
448724.2433
445176.7821
441361.7973
437254.3847
432828.873
428056.3811
422902.9025
417327.0631
411277.9713
404693.6089
397499.7603
389609.5494
380923.8508
371332.8637
360719.1367
348962.3245
335945.9416
321566.3123
305743.78
288435.9953
269652.6934
249470.7572
228047.6433
205760.613
182719.1247
159323.1848
136092.6707
113635.2552
92579.74922
73488.09292
56772.41334
42644.53515
31111.69386
499692.221
499546.6787
499381.4245
499201.2646
499011.3151
498814.5803
498611.3266
498399.7347
498176.8666
497939.4862
497684.6709
497410.2133
497114.7448
496797.5305
496457.9635
496094.9011
495706.1089
495288.0944
494836.4353
494346.4323
493813.7518
493234.7701
492606.4904
491926.1089
491190.4766
490395.7643
489537.5309
488611.1895
487612.653
486538.8475
485387.8149
484158.3026
482848.9638
481457.463
479979.8088
478410.1078
476740.7526
474962.9119
473067.1229
471043.7851
468883.3872
466576.3814
464112.7353
461481.3088
458669.2631
455661.6887
452441.5468
448989.8959
445454.9
441659.8802
437575.6223
433175.1167
428429.3014
423304.1119
417758.2767
411741.0691
405190.4199
398031.7903
390177.7846
381528.5896
371973.5504
361394.2157
349669.1521
336680.7864
322324.4474
306519.6242
289223.2125
270444.1627
250258.4486
228822.569
206513.3036
183438.8907
159999.2993
136715.2818
114196.364
93074.03082
73913.35153
57129.5655
42937.17209
31345.39822
499725.2967
499581.5958
499418.1325
499239.7925
499051.7189
498856.9271
498655.6891
498446.1945
498225.5224
497990.4608
497738.114
497466.3057
497173.7129
496859.6594
496523.5998
496164.4513
495780.0299
495366.8523
494920.429
494435.9286
493908.885
493335.5975
492713.0603
492038.5077
491308.8507
490520.3214
489668.53
488748.9246
487757.4409
486691.0241
485547.7426
484326.3851
483025.6608
481643.3016
480175.3898
478616.107
476957.917
475192.0513
473309.0996
471299.5038
469153.7913
466862.4605
464415.5467
461802.0075
459009.1322
456022.1562
452824.1781
449396.3572
445718.2586
441935.3773
437870.6493
433492.7721
428771.3429
423672.1004
418153.6911
412165.457
405645.4489
398519.0223
390698.3961
382083.1662
372561.9136
362015.253
350320.6745
337359.4496
323025.7688
307238.0985
289952.4833
271177.1669
250987.4588
229539.1778
207208.7806
184103.4052
160622.9632
137288.9926
114712.7402
93528.20933
74303.43108
57456.58619
43204.67737
31558.75414
499756.2373
499614.6638
499453.0402
499276.4896
499090.2347
498897.3178
498698.0217
498490.5415
498271.9652
498039.0976
497789.0671
497519.7243
497229.7775
496918.5959
496585.6929
496230.047
495849.5336
495440.7197
494999.1248
494519.8497
493998.2964
493430.6317
492813.7728
492144.9449
491421.0971
490638.5209
489792.8876
488879.6957
487894.9162
486835.5164
485699.5843
484485.9351
483193.3186
481819.522
480360.6935
478811.0869
477163.2388
475408.4496
473537.3701
471540.4926
469408.3848
467131.5817
464700.1623
462103.1479
459327.9203
456359.8367
453182.1326
449776.0959
446121.383
442196.2667
438143.3254
433784.5105
429085.1438
424009.6182
418516.3635
412554.6107
406062.4389
398965.2722
391175.163
382591.254
373101.4615
362585.5588
350920.0274
337984.9969
323673.455
307902.7097
290627.7985
271856.1758
251662.5675
230202.339
207851.8427
184717.3149
161198.6421
137818.0715
115188.4247
93946.04264
74661.73111
57756.43832
43449.51898
31753.71575
499783.5673
499645.5972
499486.0994
499311.3869
499126.9203
498935.8211
498738.399
498532.8595
498316.2961
498085.5222
497837.6833
497570.654
497283.1695
496974.6305
496644.5954
496292.1016
495915.0857
495510.1735
495072.9344
494598.4781
494082.1385
493519.9506
492908.6991
492245.5326
491527.3906
490750.6024
489910.8982
489003.8374
488025.4409
486972.7114
485843.7592
484637.4188
483352.466
481986.7282
480536.4075
478995.822
477357.5784
475613.0483
473752.9492
471767.8328
469648.3151
467384.9698
464967.9096
462386.196
459627.2701
456676.5758
453517.4633
450131.3492
446498.0096
442595.799
438401.5568
434054.151
429373.3437
424319.2698
418849.0053
412911.5399
406444.807
399374.2134
391611.8221
383056.5436
373595.7697
363108.535
351470.4065
338560.4404
324270.4349
308516.476
291252.4639
272484.9175
252287.9057
230816.4172
208446.8805
185284.8818
161730.3919
138306.3402
115626.9914
94330.83492
74991.24842
58031.76337
43673.93826
31932.09873
499783.5673
499672.9209
499517.0244
499344.4363
499161.8067
498972.4948
498776.8894
498573.2228
498358.5985
498129.8357
497884.0883
497619.248
497334.074
497027.9939
496700.5977
496350.9677
495977.0991
495575.6786
495142.3341
494672.2249
494160.6933
493603.7064
492997.9173
492340.3418
491627.8428
490856.74
490022.8009
489121.6435
488149.3491
487102.9707
485980.6534
484781.2542
483503.568
482145.4476
480703.1339
479170.9975
477541.7078
475806.7045
473956.7747
471982.5349
469874.6588
467623.7664
465220.0066
462652.4715
459908.6384
456974.0051
453832.0023
450464.1539
446850.3567
442969.0755
438797.2217
434309.5221
429639.7179
424603.6606
419154.1845
413238.914
406795.5117
399749.199
392011.9703
383482.6843
374048.4313
363587.6497
351975.0966
339088.8493
324819.5839
309082.1758
291829.3225
273066.4794
252866.9191
231385.1843
208997.8271
185810.0016
162221.9288
138757.2669
116031.6382
94685.50683
75294.61641
58284.88836
43879.93195
32095.55077
499783.5673
499672.9209
499544.3407
499375.3522
499194.8457
499007.3699
498813.5509
498611.6999
498398.9471
498172.1217
497928.3831
497665.6317
497382.6438
497078.8711
496753.9303
496406.9354
496035.9263
495637.6478
495207.7884
494741.5657
494234.3715
493682.1809
493081.5792
492429.4504
491722.525
490957.0456
490128.7699
489233.3528
488266.9343
487226.6273
486110.6275
484917.8266
483647.0417
482296.1438
480861.3986
479337.2138
477716.3098
475990.1874
474149.7002
472185.5325
470088.4214
467849.0425
465457.5888
462903.1855
460173.3368
457253.5719
454127.3697
450776.3282
447180.4439
443318.2942
439166.8912
434701.0225
429892.011
424866.5186
419434.4694
413539.2613
407117.1765
400093.1315
392378.8909
383873.1894
374462.9996
364026.3883
352437.4468
339573.3791
325323.8324
309602.5351
292360.9885
273603.5149
253402.4609
231911.7864
209508.0807
186296.1616
162676.6463
139174.0258
116405.2641
95012.66977
75574.16149
58517.85698
44069.258
32245.53883
499783.5673
499672.9209
499544.3407
499402.6603
499225.7519
499040.3982
498848.4143
498648.3487
498437.4102
498212.4544
497970.6512
497709.9062
497429.0045
497127.4149
496804.7782
496460.2352
496091.8569
495696.4329
495269.7096
494806.9648
494303.6482
493755.7843
493159.9663
492513.0103
491811.5149
491051.5901
490228.9166
489339.1392
488378.4346
487343.9742
486234.0139
485047.4956
483783.2711
482439.2328
481011.6636
479494.9948
477881.9827
476164.1773
474332.4918
472377.6757
470290.5322
468061.7988
465681.7215
463139.467
460422.5689
457516.5789
454405.0022
451069.4792
447490.074
443645.4561
439512.7415
435066.8081
430279.0261
425115.4977
419693.537
413815.1102
407412.2869
400408.5848
392715.4252
384231.2654
374842.8956
364428.1978
352860.8234
340017.2475
325786.1933
310080.3319
292850.0255
274098.4608
253896.9808
232398.8284
209980.4761
186746.3743
163097.58
139559.5126
116750.5199
95314.68906
75831.96223
58732.47367
44243.45957
32383.35376
499783.5673
499672.9209
499544.3407
499402.6603
499253.0514
499071.2943
498881.4316
498683.2
498474.0455
498250.9025
498010.9669
497752.155
497473.2571
497173.7507
496853.2941
496511.0517
496145.1213
495752.3237
495328.4494
494868.8338
494368.9869
493824.991
493233.4881
492591.3023
491894.964
491140.4512
490323.312
489439.1139
488484.0235
487455.2491
486351.1049
485170.593
483912.615
482575.0974
481154.3438
479644.8015
478039.2487
476329.2703
474505.8272
472559.7273
470481.8375
468262.9598
465893.3999
463362.375
460657.4566
457764.2217
454666.1932
451345.0326
447780.8405
443952.3474
439836.7537
435409.0313
430640.6282
425497.6778
419938.9434
414070.0827
407683.3281
400697.9976
393024.0929
384559.6865
375191.2412
364796.3972
353248.556
340423.6893
326209.7397
310518.4229
293299.0454
274553.7051
254352.7262
232848.5449
210417.3602
187163.1532
163487.3517
139916.3153
117069.8205
95593.7247
76069.89956
58930.34953
44403.89842
32510.12817
499783.5673
499672.9209
499544.3407
499402.6603
499253.0514
499098.5851
498912.3175
498716.2058
498508.8841
498287.5235
498049.3987
497792.4522
497515.4848
497217.9796
496899.6033
496559.5376
496195.9043
495805.5502
495384.2969
494927.5241
494430.7991
493890.2639
493302.6185
492664.7355
491973.1528
491223.7803
490412.0337
489533.3479
488583.8124
487560.6253
486462.1378
485287.4103
484035.4044
482704.0957
481289.821
479787.047
478188.5671
476485.9866
474670.3001
472732.3619
470663.0964
468453.3675
466093.5435
463572.899
460879.0524
457997.6147
454912.1298
451604.2718
448054.1571
444240.5471
440140.6961
435729.6517
430978.9445
425854.7702
420315.9031
414311.6283
407933.8619
400963.8078
393307.2814
384860.9126
375510.7364
365134.0152
353603.8509
340795.9043
326597.5615
310919.7228
293710.7349
274971.6802
254771.8972
233262.9827
210820.7439
187548.5785
163848.1488
140246.6686
117365.3229
95851.74239
76289.68915
59112.94114
44551.78965
32626.8611
499783.5673
499672.9209
499544.3407
499402.6603
499253.0514
499098.5851
498939.5991
498747.081
498541.8779
498322.3485
498086.0043
497830.8664
497555.762
497260.1846
496943.8066
496605.8182
496244.3581
495856.2969
495437.4823
494983.3248
494489.4355
493952.0139
493367.8197
492733.7829
492046.4898
491301.8573
490495.2326
489621.9185
488677.8718
487660.2137
486567.2854
485398.1843
484151.9299
482826.5575
481418.4519
479922.1121
478330.3497
476634.7838
474826.4286
472896.1709
470834.9805
468633.7772
466282.9899
463771.953
461088.3393
458217.8032
455143.918
451848.3743
448311.2963
444511.4559
440426.132
436030.4186
431295.9114
426188.8747
420668.1262
414682.9374
408171.2222
401209.5121
393567.3771
385137.275
375803.7756
365443.6699
353929.6334
341136.9745
326952.7157
311287.1624
294087.8357
275354.8895
255156.7349
233644.1439
211192.4663
187904.4308
164181.7818
140552.4373
117638.8887
96090.49613
76492.89045
59281.5756
44688.23091
32734.44352
499783.5673
499672.9209
499544.3407
499402.6603
499253.0514
499098.5851
498939.5991
498774.3531
498572.7417
498355.3293
498120.8145
497867.4552
497594.1571
497300.4403
496985.9874
496649.9943
496290.6081
495904.7162
495488.1899
495036.4655
494545.1849
494010.5915
493429.502
492798.906
492115.4471
491375.0899
490573.1884
489704.9766
488766.2791
487754.0849
486666.6585
485503.0874
484262.4279
482942.7727
481540.5655
480050.3524
478464.9758
476776.0723
474974.6686
473051.6703
470998.0785
468804.8575
466462.4903
463960.3698
461286.2258
458425.7635
455362.5956
452078.4377
448553.4257
444766.3346
440694.4482
436312.8782
431593.2576
426501.9028
420997.6827
415029.8894
408536.3941
401442.3176
393807.8049
385391.1036
376072.6282
365727.6833
354228.4316
341449.711
327278.1469
311623.6419
294433.1055
275705.8878
255509.5461
233994.0676
211534.3246
188232.3357
164489.7979
140835.1644
117892.0719
96311.49942
76680.89373
59437.45779
44814.22125
32833.67967
499783.5673
499672.9209
499544.3407
499402.6603
499253.0514
499098.5851
498939.5991
498774.3531
498600.0039
498386.1811
498153.7814
497902.2495
497630.7277
497338.8148
497026.2198
496692.149
496334.7549
495950.9332
495536.5718
495087.1304
494598.2768
494066.2849
493488.0153
492860.5147
492180.4855
491443.9495
490646.3079
489782.8011
488849.1848
487842.3161
486760.3275
485602.23
484367.0703
483052.9772
481656.4511
480172.0959
478592.8001
476910.23
475115.4288
473199.3137
471152.9039
468967.1939
466632.7097
464138.8963
461473.5394
458622.398
455569.1317
452295.4913
448781.6335
445006.34
440946.8929
436578.4024
431872.511
426795.5609
421306.4574
415354.5225
408877.6208
401800.7975
394035.6334
385625.7447
376319.5619
365988.2566
354502.4873
341736.5423
327576.5405
311931.9554
294749.2736
276027.2454
255832.6862
234314.8537
211848.149
188533.8797
164773.6073
141096.1668
118126.1578
96516.01586
76854.89833
59581.66096
44930.6667
32925.30089
499783.5673
499672.9209
499544.3407
499402.6603
499253.0514
499098.5851
498939.5991
498774.3531
498600.0039
498413.4326
498184.6202
497935.2013
497665.5047
497375.3658
497064.5722
496732.3567
496376.8818
495995.0486
495582.7532
495135.4717
494648.8952
494119.3236
493543.6478
492918.9583
492242.0142
491508.8961
490715.0616
489855.798
488926.8673
487925.0575
486848.3695
485695.6827
484465.9673
483157.3422
481766.3436
480287.6309
478714.1493
477037.6102
475249.0856
473339.5084
471299.9085
469121.2975
466794.2304
464308.1936
461651.0224
458808.5286
455764.4221
452500.4967
448996.94
445232.5503
441184.6113
436828.2258
432135.0273
427071.3574
421596.1327
415658.6923
409196.9058
402135.7807
394386.7851
385848.1133
376547.836
366227.5885
354753.9262
341999.6219
327850.2154
312214.6503
295038.9696
276321.5069
256128.5248
234608.6464
212135.8248
188810.6788
165034.5846
141336.6422
118342.2419
96705.09033
77015.90569
59715.11071
45038.37372
33009.96985
499783.5673
499672.9209
499544.3407
499402.6603
499253.0514
499098.5851
498939.5991
498774.3531
498600.0039
498413.4326
498211.8601
497966.0259
497698.4401
497410.1241
497101.1022
496770.6854
496417.0627
496037.1454
495626.8345
495181.6142
494697.1921
494169.8913
493596.6284
492974.5244
492300.382
491570.338
490779.9085
489924.4369
488999.7317
488002.5868
486930.9343
485783.5222
484559.1893
483255.9781
481870.414
480397.1916
478829.3108
477158.5385
475375.991
473472.6291
471439.4974
469267.6178
466947.561
464468.8408
461819.3317
458984.8925
455949.2826
452694.3424
449200.2986
445445.9761
441408.6706
437063.4811
432382.0267
427330.6306
421868.1958
415944.0554
409496.0733
402449.2332
394714.931
386191.2084
376764.1959
366448.8425
354984.8712
342240.9921
328101.2279
312473.9253
295304.5907
276591.124
256399.4089
234877.6041
212399.2779
189064.3976
165274.1294
141557.7566
118541.3184
96879.61205
77164.74373
59838.58003
45138.03761
33088.27592
499783.5673
499672.9209
499544.3407
499402.6603
499253.0514
499098.5851
498939.5991
498774.3531
498600.0039
498413.4326
498211.8601
497993.2533
497729.2495
497443.0419
497135.8405
496807.1928
496455.3661
496077.2977
495668.8988
495225.6585
494743.2923
494218.1397
493647.1408
493027.4419
492355.8762
491628.6236
490841.2564
489989.176
489068.2464
488075.3082
487008.299
485865.8981
484646.8129
483348.9547
481968.7722
480500.9487
478938.5182
477273.3015
475496.4695
473599.0263
471572.044
469406.558
467093.1485
464621.3435
461979.043
459152.1424
456124.4451
452877.8378
449392.5902
445647.562
441620.0713
437285.2239
432614.6284
427574.5848
422123.9661
416212.0759
409776.7516
402742.9448
395021.9958
386511.8366
377098.4037
366658.576
355198.3796
342462.6921
328331.5286
312711.7302
295548.2048
276838.3315
256647.6
235123.8645
212640.4474
189296.7379
165493.6845
141760.697
118724.3534
97040.38601
77302.11591
59952.70782
45230.23915
33160.72718
499783.5673
499672.9209
499544.3407
499402.6603
499253.0514
499098.5851
498939.5991
498774.3531
498600.0039
498413.4326
498211.8601
497993.2533
497756.4633
497473.8347
497168.7393
496841.9096
496491.8493
496115.5738
495709.0201
495267.6874
494787.2961
494264.1937
493695.3364
493077.894
492408.7251
491684.0396
490899.4528
490050.4219
489132.8687
488143.689
487080.8666
485943.0865
484728.9872
483436.3486
482061.488
480599.0116
479041.9415
477382.1318
475610.8063
473719.0231
471697.8969
469538.4896
467231.3941
464766.1463
462130.6588
459310.8501
456290.5577
453051.7092
449574.617
445838.1805
441819.7483
437494.4436
432833.8753
427804.3249
422364.6312
416464.0532
410040.3801
403018.5131
395309.7317
386811.8775
377410.7384
366982.9573
355400.7995
342667.6616
328543.0642
312929.9147
295771.6453
277065.0558
256875.1589
235349.4882
212861.2545
189509.4131
165694.725
141946.6874
118892.3307
97188.19351
77428.65759
60058.03612
45315.45823
33227.74806
499783.5673
499672.9209
499544.3407
499402.6603
499253.0514
499098.5851
498939.5991
498774.3531
498600.0039
498413.4326
498211.8601
497993.2533
497756.4633
497501.0339
497199.5144
496874.7881
496526.5432
496152.031
495747.2666
495307.775
494829.2865
494308.1534
493741.34
493126.0322
492459.1118
491736.8142
490954.7842
490108.5217
489194.0043
488208.1852
487149.1034
486015.4896
484805.9878
483518.3085
482148.6378
480691.45
479139.6898
477485.1988
475719.2334
473832.9039
471817.378
469663.7596
467362.6671
464903.6479
462274.6207
459461.5147
456448.188
453216.5995
449747.0994
446018.6265
442008.5652
437692.0646
433040.7449
428020.8802
422591.2802
416701.1563
410288.236
403277.3506
395579.7028
387093.042
377703.0298
367286.1215
355714.306
342862.0169
328738.6452
313130.3249
295976.6526
277273.005
257083.8608
235556.3523
213063.5514
189704.1218
165878.7373
142116.9803
119046.265
97323.82971
77544.98446
60155.05337
45394.10145
33289.68918
499783.5673
499672.9209
499544.3407
499402.6603
499253.0514
499098.5851
498939.5991
498774.3531
498600.0039
498413.4326
498211.8601
497993.2533
497756.4633
497501.0339
497226.6979
496905.5442
496559.3999
496186.7001
495783.6957
495345.9893
494869.3373
494350.1016
493785.2516
493171.981
492507.1877
491787.13
491007.4781
490163.7613
489251.9997
488269.2019
487213.4642
486083.5723
484878.2154
483595.1091
482230.3698
480778.3402
479231.8328
477582.6115
475821.9196
473940.8994
471930.7703
469782.6884
467487.3129
465034.2156
462411.3252
459604.575
456597.8315
453373.0718
449910.6746
446189.6136
442187.3089
437878.941
433236.1506
428225.2154
422804.9278
416924.4577
410521.4686
403520.7104
395833.2919
387356.8573
377976.9434
367569.8431
356007.3201
343163.4958
328924.1303
313315.6285
296164.9624
277463.8008
257275.2799
235746.0726
213249.0246
189882.5016
166047.1949
142272.8377
119187.1952
97448.1155
77651.72301
60244.23218
45466.53439
33346.84726
499783.5673
499672.9209
499544.3407
499402.6603
499253.0514
499098.5851
498939.5991
498774.3531
498600.0039
498413.4326
498211.8601
497993.2533
497756.4633
497501.0339
497226.6979
496932.7109
496590.1356
496219.5334
495818.338
495382.3878
494907.5165
494390.1123
493827.1539
493215.8402
492553.0769
491835.1382
491057.717
490216.3678
489307.1399
488327.0844
487274.353
486147.7881
484946.1336
483667.15
482306.9578
480859.8298
479318.4464
477674.4392
475918.9735
474043.178
472038.3037
469895.5576
467605.6503
465158.193
462541.1373
459740.4248
456739.924
453521.6179
450065.9013
446351.7733
442356.6858
438055.8512
433420.9362
428418.2318
423006.525
417134.956
410741.1319
403749.7201
396071.7259
387604.6739
378233.9659
367835.7375
356281.5556
343445.2828
329212.3385
313491.4007
296339.0872
277639.0603
257450.9111
235920.0816
213419.1251
190046.0434
166201.519
142415.5114
119316.1687
97561.89158
77749.52038
60326.05335
45533.11031
33399.48859
499783.5673
499672.9209
499544.3407
499402.6603
499253.0514
499098.5851
498939.5991
498774.3531
498600.0039
498413.4326
498211.8601
497993.2533
497756.4633
497501.0339
497226.6979
496932.7109
496617.2843
496250.2472
495851.1459
495417.001
494943.8815
494428.2532
493867.1207
493257.6926
492596.8793
491880.9628
491105.6519
490266.5234
489359.6518
488382.1175
487332.1143
486208.5398
485010.1947
483734.8932
482378.8002
480936.1917
479399.6778
477760.7576
476010.4641
474139.8478
472140.1459
470002.5961
467717.9593
465275.897
462664.3986
459869.4267
456874.8562
453662.6701
450213.2668
446505.6589
442517.3211
438223.4938
433595.8706
428600.7622
423196.96
417333.5874
410948.2075
403965.4139
396296.1089
387837.6897
378475.412
368085.2467
356538.5726
343709.0247
329481.7369
313765.0286
296504.2908
277801.1274
257612.2444
236079.7408
213575.1389
190196.0285
166343.0027
142546.2091
119434.2246
97666.00593
77839.03967
60401.01379
45594.18851
33447.87016
499783.5673
499672.9209
499544.3407
499402.6603
499253.0514
499098.5851
498939.5991
498774.3531
498600.0039
498413.4326
498211.8601
497993.2533
497756.4633
497501.0339
497226.6979
496932.7109
496617.2843
496277.3765
495881.836
495449.7813
494978.463
494464.5817
493905.2199
493297.6118
492638.6775
491924.7036
491151.4065
490314.3788
489409.7173
488434.5273
487387.0321
486266.1714
485070.8003
483798.7897
482446.3573
481007.8228
479475.7988
477841.7134
476096.467
474230.9777
472236.4044
470103.9709
467824.4679
465387.6062
462781.424
459991.9201
457002.9884
453796.6163
450353.2
446651.7537
442669.7628
438382.4871
433761.6442
428773.5656
423377.0538
417521.2262
411143.6154
404168.7547
396507.4531
388056.9828
378702.4477
368319.6458
356779.7635
343956.2202
329733.898
314020.814
296761.9983
277954.9275
257761.4436
236226.4058
213718.2887
190333.5925
166472.7565
142666.0293
119542.3658
97761.30026
77920.95003
60469.62298
45650.14052
33492.2533
499783.5673
499672.9209
499544.3407
499402.6603
499253.0514
499098.5851
498939.5991
498774.3531
498600.0039
498413.4326
498211.8601
497993.2533
497756.4633
497501.0339
497226.6979
496932.7109
496617.2843
496277.3765
495908.9443
495480.4456
495011.2132
494499.1284
493941.5086
493335.6655
492678.5449
491966.443
491195.0804
490360.0575
489457.4866
488484.4955
487439.3322
486320.9658
485128.2934
483859.2398
482510.0787
481075.182
479547.205
477917.5774
476177.1282
474316.6429
472327.1481
470199.7891
467925.3422
465493.5474
462892.4906
460108.2178
457124.6574
453923.8138
450486.0854
446790.4822
442814.489
438533.3733
433918.8682
428937.3232
423547.5544
417698.6803
411328.2146
404360.6447
396706.701
388263.5417
378916.1227
368540.0659
357006.3597
344188.2072
329970.2532
314260.2485
297002.9178
278195.3938
257903.0689
236362.0499
213849.7918
190459.8158
166591.7646
142775.9141
119641.504
97848.58713
77995.91594
60532.39522
45701.34747
33532.90839
499783.5673
499672.9209
499544.3407
499402.6603
499253.0514
499098.5851
498939.5991
498774.3531
498600.0039
498413.4326
498211.8601
497993.2533
497756.4633
497501.0339
497226.6979
496932.7109
496617.2843
496277.3765
495908.9443
495507.531
495041.8493
494531.8457
493976.0175
493371.911
492716.5493
492006.2543
491236.756
490403.659
489503.0832
488532.172
487489.1958
486373.1485
485182.9562
483916.5855
482570.3635
481138.7172
479614.3534
477988.7435
476252.7175
474396.989
472412.4518
470290.1192
468020.689
465593.8858
462997.8239
460218.5955
457240.1742
454044.5969
450612.2773
446922.2257
442951.9203
438676.6254
434068.078
429092.6384
423709.1335
417866.6862
411502.7992
404541.9267
396894.7357
388458.2863
379117.3988
368747.5248
357219.4536
344406.1688
330192.0804
314484.6894
297228.4524
278420.2122
258125.0574
236490.8452
213971.4231
190575.773
166700.9635
142876.6983
119732.4204
97928.60489
78064.57906
60589.84146
45748.19424
33570.11288
499783.5673
499672.9209
499544.3407
499402.6603
499253.0514
499098.5851
498939.5991
498774.3531
498600.0039
498413.4326
498211.8601
497993.2533
497756.4633
497501.0339
497226.6979
496932.7109
496617.2843
496277.3765
495908.9443
495507.531
495068.9099
494562.4511
494008.699
493406.3788
492752.7478
492044.2052
491276.5064
490445.2654
489546.6064
488577.68
487536.7725
486422.9001
485235.0136
483971.1082
482627.5524
481198.8261
479677.6902
478055.6669
476323.6269
474472.2843
472492.4603
470375.0358
468110.5763
465688.7277
463097.5882
460323.2769
457349.8122
454159.2742
450732.1074
447047.3352
443082.434
438812.6593
434209.7414
429240.0399
423862.3861
418025.9051
411668.0929
404713.3793
397072.3818
388642.0786
379307.1716
368942.9555
357420.0282
344611.1547
330400.5094
314695.3487
297439.8791
278630.6901
258332.6174
236693.2809
214086.9502
190683.0352
166801.2844
142969.1773
119815.807
98001.98533
78127.52216
60642.45524
45791.06335
33604.14708
499783.5673
499672.9209
499544.3407
499402.6603
499253.0514
499098.5851
498939.5991
498774.3531
498600.0039
498413.4326
498211.8601
497993.2533
497756.4633
497501.0339
497226.6979
496932.7109
496617.2843
496277.3765
495908.9443
495507.531
495068.9099
494589.4845
494039.2709
493439.0213
492787.1709
492080.3527
491314.3993
490484.9499
489588.138
488621.1186
487582.1853
486470.37
485284.6457
484023.0322
482681.9262
481255.8483
479737.6117
478118.792
476390.3099
474542.9191
472567.4409
470454.6831
468195.0785
465778.1409
463191.8892
460422.4257
457453.794
454268.1174
450845.8818
447166.1394
443206.3778
438941.8482
434344.2692
429379.9893
424007.8334
418176.9227
411824.7457
404875.7126
397240.4014
388815.7234
379486.2797
369127.2262
357608.9842
344804.1092
330596.5429
314893.2981
297638.338
278828.0177
258526.9543
236882.576
214269.091
190784.9508
166894.0921
143054.1407
119892.3235
98069.28825
78185.24331
60690.6846
45830.3244
33635.28967
499783.5673
499672.9209
499544.3407
499402.6603
499253.0514
499098.5851
498939.5991
498774.3531
498600.0039
498413.4326
498211.8601
497993.2533
497756.4633
497501.0339
497226.6979
496932.7109
496617.2843
496277.3765
495908.9443
495507.531
495068.9099
494589.4845
494066.2746
493469.5567
492819.7711
492114.7274
491350.4916
490522.78
489627.7511
488662.5695
487625.5329
486515.6807
485332.0016
484072.5372
482733.7084
481310.0636
479794.4562
478178.5136
476453.2087
474609.3448
472637.7819
470529.3268
468274.339
465862.1994
463280.7946
460516.1469
457552.2821
454371.3474
450953.87
447278.9417
443324.0772
439064.5363
434472.0304
429512.8923
424145.9304
418320.2523
411973.3333
405029.5641
397399.4893
388979.9646
379655.5061
369301.1499
357787.1598
344985.8978
330781.0828
315079.4884
297824.8372
279013.2572
258709.1652
237059.8282
214439.4258
190946.1805
166982.3086
143132.7498
119962.6247
98131.04747
78238.18376
60734.91199
45866.31276
33663.80996
499783.5673
499672.9209
499544.3407
499402.6603
499253.0514
499098.5851
498939.5991
498774.3531
498600.0039
498413.4326
498211.8601
497993.2533
497756.4633
497501.0339
497226.6979
496932.7109
496617.2843
496277.3765
495908.9443
495507.531
495068.9099
494589.4845
494066.2746
493496.5282
492850.267
492147.2817
491384.8137
490558.8124
489665.5131
488702.1056
487666.897
486558.931
485377.2035
484119.7717
482783.0782
481361.6949
479848.5028
478235.1686
476512.7166
474672.0016
472703.9322
470599.3531
468348.622
465941.0458
463364.3778
460604.5077
457645.3809
454469.1254
451056.2911
447386.0094
443435.8328
439181.0455
434593.3651
429639.1131
424277.0773
418456.342
412114.3603
405175.4988
397550.2699
389135.4806
379815.5747
369465.4856
357955.3398
345157.3253
330954.9554
315254.775
298000.2713
279187.3481
258880.2293
237226.0361
214598.9402
191096.9763
167122.3926
143207.5026
120027.6758
98187.79243
78286.7646
60775.47621
45899.31438
33689.95225
499783.5673
499672.9209
499544.3407
499402.6603
499253.0514
499098.5851
498939.5991
498774.3531
498600.0039
498413.4326
498211.8601
497993.2533
497756.4633
497501.0339
497226.6979
496932.7109
496617.2843
496277.3765
495908.9443
495507.531
495068.9099
494589.4845
494066.2746
493496.5282
492877.2035
492177.7346
491417.3182
490593.0775
489701.4808
488739.7943
487706.3504
486600.2022
485420.35
484164.8579
482830.1837
481410.9209
479899.9733
478289.035
476569.169
474731.2808
472766.33
470665.2087
468418.3116
466014.9427
463442.7807
460687.5814
457733.1573
454561.5553
451153.3053
447487.5599
443541.9092
439291.6734
434708.5914
429758.9874
424401.6331
418585.5858
412248.2672
405314.0119
397693.296
389282.8807
379967.1455
369620.9352
358114.2566
345319.1453
331118.9291
315419.9415
298165.4449
279351.1243
259041.0127
237382.0914
214748.5315
191238.2091
167253.4271
143326.6952
120089.5646
98240.30634
78331.40307
60812.70078
45929.58256
33713.92462
499783.5673
499672.9209
499544.3407
499402.6603
499253.0514
499098.5851
498939.5991
498774.3531
498600.0039
498413.4326
498211.8601
497993.2533
497756.4633
497501.0339
497226.6979
496932.7109
496617.2843
496277.3765
495908.9443
495507.531
495068.9099
494589.4845
494066.2746
493496.5282
492877.2035
492204.6331
491447.7246
490625.5281
489735.6842
488775.692
487743.9601
486639.567
485461.5221
484207.8938
482875.1468
481457.8892
479949.0461
478340.334
476622.8429
474787.5166
472825.3645
470727.3291
468483.8517
466084.2718
463516.2641
460765.5088
457815.6841
454648.7037
451245.0158
447583.7519
443642.5219
439396.6819
434818.0037
429872.8295
424519.9289
418708.3371
412375.4413
405445.5354
397829.0526
389422.705
380110.8118
369768.1384
358264.5876
345472.0612
331273.7231
315575.7163
298321.0949
279505.3355
259192.2842
237528.7829
214889.0004
191370.6715
167376.1672
143438.2027
120188.6817
98290.29202
78372.71849
60846.90602
45957.35931
33735.91138
499783.5673
499672.9209
499544.3407
499402.6603
499253.0514
499098.5851
498939.5991
498774.3531
498600.0039
498413.4326
498211.8601
497993.2533
497756.4633
497501.0339
497226.6979
496932.7109
496617.2843
496277.3765
495908.9443
495507.531
495068.9099
494589.4845
494066.2746
493496.5282
492877.2035
492204.6331
491474.582
490655.884
489768.0765
488809.8289
487779.7827
486677.0922
485500.7923
484248.9604
482918.0651
481502.7212
479995.8682
478389.2432
476673.9587
474840.9846
472881.3683
470786.1017
468545.6753
466149.4741
463585.207
460838.5488
457893.1011
454730.6428
451331.4886
447674.6878
443737.8284
439496.2844
434921.861
429980.9301
424632.2747
418824.922
412496.23
405570.4495
397957.9627
389555.4268
380247.0992
369907.6706
358406.9505
345616.7232
331420.0088
315722.781
298467.9063
279650.6683
259334.7348
237666.8103
215021.0554
191495.071
167491.3
143542.6661
120281.4212
98370.71655
78412.06462
60878.56889
45982.88409
33756.08873
499783.5673
499672.9209
499544.3407
499402.6603
499253.0514
499098.5851
498939.5991
498774.3531
498600.0039
498413.4326
498211.8601
497993.2533
497756.4633
497501.0339
497226.6979
496932.7109
496617.2843
496277.3765
495908.9443
495507.531
495068.9099
494589.4845
494066.2746
493496.5282
492877.2035
492204.6331
491474.582
490682.6968
489798.3778
488842.1582
487813.8482
486712.8343
485538.2273
484288.13
482959.0195
481545.5145
480040.5607
478435.9093
476722.6931
474891.9042
472934.6158
470841.8572
468604.1675
466210.98
463650.0475
460907.0778
457965.6653
454807.5114
451412.7955
447760.4334
443827.9302
439590.6368
435020.3745
430083.5452
424738.9572
418935.6459
412610.954
405689.0951
398080.3984
389681.4595
380376.4686
370040.0416
358541.9006
345753.7246
331558.4066
315861.7716
298606.5198
279787.7605
259468.9974
237796.803
215145.3251
191612.0334
167599.439
143640.6687
120368.3149
98445.97731
78475.66858
60908.7375
46006.51449
33774.63088
499783.5673
499672.9209
499544.3407
499402.6603
499253.0514
499098.5851
498939.5991
498774.3531
498600.0039
498413.4326
498211.8601
497993.2533
497756.4633
497501.0339
497226.6979
496932.7109
496617.2843
496277.3765
495908.9443
495507.531
495068.9099
494589.4845
494066.2746
493496.5282
492877.2035
492204.6331
491474.582
490682.6968
489825.1423
488872.4006
487846.1097
486746.8232
485573.8836
484325.4691
482998.0821
481586.3496
480083.2207
478480.4529
476769.1925
474940.4517
472985.3256
470894.8688
468659.6574
466269.1721
463711.2131
460971.5306
458033.7501
454879.5645
451489.0743
447841.0599
443912.8925
439679.8398
435113.6984
430180.8833
424840.2292
419040.7913
412719.9137
405801.7869
398196.6937
389801.1663
380499.3222
370165.6985
358669.9305
345883.599
331689.483
315993.2764
298737.5331
279917.2088
259595.6596
237919.3369
215262.3748
191722.1144
167701.1268
143732.7311
120449.8465
98516.50471
78535.19763
60957.7304
46029.04018
33791.79869
499783.5673
499672.9209
499544.3407
499402.6603
499253.0514
499098.5851
498939.5991
498774.3531
498600.0039
498413.4326
498211.8601
497993.2533
497756.4633
497501.0339
497226.6979
496932.7109
496617.2843
496277.3765
495908.9443
495507.531
495068.9099
494589.4845
494066.2746
493496.5282
492877.2035
492204.6331
491474.582
490682.6968
489825.1423
488899.113
487876.2888
486779.0123
485607.7909
484361.0339
483035.3192
481625.2984
480123.9287
478522.9709
476813.5769
474986.7727
473033.673
470945.354
468712.4164
466324.3775
463769.0838
461032.3314
458097.7867
454947.1719
451560.5774
447916.7036
443992.786
439763.9582
435201.9324
430273.0971
424936.2966
419140.6072
412823.3869
405908.8197
398307.1564
389914.8733
380616.0138
370285.0314
358791.4717
346006.8193
331813.7474
316117.8322
298861.499
280039.5696
259715.2707
238034.9468
215372.7217
191825.8132
167796.8451
143819.3141
120526.448
98582.69027
78590.99131
61003.59114
46065.77857
33808.17063
499783.5673
499672.9209
499544.3407
499402.6603
499253.0514
499098.5851
498939.5991
498774.3531
498600.0039
498413.4326
498211.8601
497993.2533
497756.4633
497501.0339
497226.6979
496932.7109
496617.2843
496277.3765
495908.9443
495507.531
495068.9099
494589.4845
494066.2746
493496.5282
492877.2035
492204.6331
491474.582
490682.6968
489825.1423
488899.113
487902.9452
486809.1236
485639.9026
484394.8544
483070.7869
481662.427
480162.7562
478563.5432
476855.943
475030.9869
473079.8031
470993.4872
468762.6611
466376.8663
463823.9847
461089.8576
458158.1961
455010.7614
451627.6715
447987.6147
444067.7458
439843.0619
435285.1407
430360.2853
425027.31
419235.2968
412921.6189
406010.4665
398412.0757
390022.8813
380726.8607
370398.3833
358906.9012
346123.8005
331931.6516
316235.9219
298978.9223
280155.3575
259828.3433
238144.1323
215476.8455
191923.5867
167887.0269
143900.8268
120598.5016
98644.88355
78643.3584
61046.5806
46100.17291
33834.97358
499783.5673
499672.9209
499544.3407
499402.6603
499253.0514
499098.5851
498939.5991
498774.3531
498600.0039
498413.4326
498211.8601
497993.2533
497756.4633
497501.0339
497226.6979
496932.7109
496617.2843
496277.3765
495908.9443
495507.531
495068.9099
494589.4845
494066.2746
493496.5282
492877.2035
492204.6331
491474.582
490682.6968
489825.1423
488899.113
487902.9452
486835.7201
485669.9416
484426.8838
483104.5149
481697.7913
480199.7692
478602.2412
476896.3703
475073.1904
473123.8351
471039.413
468810.5652
466426.8536
463876.1839
461144.4319
458215.3526
455070.7502
451690.78
448054.1561
444138.0193
439917.2846
435363.3928
430442.5113
425113.367
419325.0087
413014.8094
406106.9681
398511.719
390125.4728
380832.1561
370506.0622
359016.5503
346234.9047
332043.5918
316347.9741
299090.2573
280265.0428
259935.3513
238247.3594
215575.1946
192015.8583
167972.0681
143977.6365
120666.3466
98703.39393
78692.57464
61086.93602
46132.41833
33860.06936
499783.5673
499672.9209
499544.3407
499402.6603
499253.0514
499098.5851
498939.5991
498774.3531
498600.0039
498413.4326
498211.8601
497993.2533
497756.4633
497501.0339
497226.6979
496932.7109
496617.2843
496277.3765
495908.9443
495507.531
495068.9099
494589.4845
494066.2746
493496.5282
492877.2035
492204.6331
491474.582
490682.6968
489825.1423
488899.113
487902.9452
486835.7201
485696.4741
484456.8458
483136.4568
481731.421
480235.0234
478639.1309
476934.9301
475113.4626
473165.8646
471083.2499
468856.2722
466474.5123
463925.8956
461196.3209
458269.5765
455127.5095
451750.3164
448116.747
444203.9654
439986.871
435436.8207
430519.8439
425194.5306
419409.8391
413103.1049
406198.5209
398606.3222
390222.9091
380932.1749
370608.3525
359120.7163
346340.4501
332149.9138
316454.3645
299195.9069
280369.0484
260036.7276
238345.0592
215668.1869
192103.0236
168052.3354
144050.0792
120730.2879
98758.49602
78738.88408
61124.86924
46162.69233
33883.60005
499783.5673
499672.9209
499544.3407
499402.6603
499253.0514
499098.5851
498939.5991
498774.3531
498600.0039
498413.4326
498211.8601
497993.2533
497756.4633
497501.0339
497226.6979
496932.7109
496617.2843
496277.3765
495908.9443
495507.531
495068.9099
494589.4845
494066.2746
493496.5282
492877.2035
492204.6331
491474.582
490682.6968
489825.1423
488899.113
487902.9452
486835.7201
485696.4741
484483.3102
483166.337
481763.2698
480268.5484
478674.2676
476971.6879
475151.8745
473205.9709
471125.0933
468899.9004
466519.9852
463973.2915
461245.7371
458321.1325
455181.357
451806.6485
448175.7964
444265.9986
440052.1754
435505.6659
430592.4135
425270.8685
419489.8502
413186.6004
406285.2688
398696.078
390315.4211
381027.1719
370705.521
359219.6739
346440.7225
332250.9218
316555.4213
299296.2248
280467.7501
260132.8623
238437.6255
215756.2091
192185.4514
168128.1714
144118.466
120790.6039
98810.43654
78782.50336
61160.56778
46191.15335
33905.69487
499783.5673
499672.9209
499544.3407
499402.6603
499253.0514
499098.5851
498939.5991
498774.3531
498600.0039
498413.4326
498211.8601
497993.2533
497756.4633
497501.0339
497226.6979
496932.7109
496617.2843
496277.3765
495908.9443
495507.531
495068.9099
494589.4845
494066.2746
493496.5282
492877.2035
492204.6331
491474.582
490682.6968
489825.1423
488899.113
487902.9452
486835.7201
485696.4741
484483.3102
483192.729
481793.0629
480300.298
478707.6808
477006.699
475188.4912
473244.2244
471165.0218
468941.5445
466563.3899
464018.5138
461292.8514
458370.2317
455232.5552
451860.0911
448231.6686
444324.5235
440113.6075
435570.2782
430660.4582
425342.5095
419565.1092
413265.3572
406367.3055
398781.1278
390403.1973
381117.3722
370797.8152
359313.6811
346535.9861
332346.8886
316651.4328
299391.5196
280561.4773
260224.1015
238525.4134
215839.6147
192263.4827
168199.8951
144183.0871
120847.5524
98859.44076
78823.62708
61194.19811
46217.94171
33926.46917
499783.5673
499672.9209
499544.3407
499402.6603
499253.0514
499098.5851
498939.5991
498774.3531
498600.0039
498413.4326
498211.8601
497993.2533
497756.4633
497501.0339
497226.6979
496932.7109
496617.2843
496277.3765
495908.9443
495507.531
495068.9099
494589.4845
494066.2746
493496.5282
492877.2035
492204.6331
491474.582
490682.6968
489825.1423
488899.113
487902.9452
486835.7201
485696.4741
484483.3102
483192.729
481819.3779
480329.9983
478739.3246
477039.9928
475223.368
473280.6902
471203.1058
468981.2829
466604.8207
464061.6791
461337.8049
458417.0437
455281.3138
451910.9046
448284.6753
444379.9002
440171.567
435631.0619
430724.3231
425409.6881
419635.7426
413339.4415
406444.6913
398861.5633
390486.3758
381202.9595
370885.4538
359402.9773
346626.4888
332438.0666
316742.6579
299482.0626
280650.5177
260310.7492
238608.738
215918.7224
192337.4295
168267.8018
144244.2129
120901.3737
98905.71706
78862.43282
61225.90974
46243.18194
33946.0251
499783.5673
499672.9209
499544.3407
499402.6603
499253.0514
499098.5851
498939.5991
498774.3531
498600.0039
498413.4326
498211.8601
497993.2533
497756.4633
497501.0339
497226.6979
496932.7109
496617.2843
496277.3765
495908.9443
495507.531
495068.9099
494589.4845
494066.2746
493496.5282
492877.2035
492204.6331
491474.582
490682.6968
489825.1423
488899.113
487902.9452
486835.7201
485696.4741
484483.3102
483192.729
481819.3779
480356.2313
478768.9259
477071.5234
475256.534
473315.4231
471239.41
469019.1855
466644.3556
464102.8815
461380.7137
458461.7088
455327.801
451959.2967
448335.0745
444432.4374
440226.4097
435688.4114
430784.4063
425472.744
419701.9813
413408.9778
406517.4914
398937.4442
390565.0468
381284.069
370968.6154
359487.7739
346712.461
332524.693
316829.3361
299568.0974
280735.1242
260393.0704
238687.876
215993.8153
192407.5733
168332.1618
144302.0937
120952.2918
98949.4596
78899.08478
61255.83905
46266.98589
33964.45334
499783.5673
499672.9209
499544.3407
499402.6603
499253.0514
499098.5851
498939.5991
498774.3531
498600.0039
498413.4326
498211.8601
497993.2533
497756.4633
497501.0339
497226.6979
496932.7109
496617.2843
496277.3765
495908.9443
495507.531
495068.9099
494589.4845
494066.2746
493496.5282
492877.2035
492204.6331
491474.582
490682.6968
489825.1423
488899.113
487902.9452
486835.7201
485696.4741
484483.3102
483192.729
481819.3779
480356.2313
478795.0714
477101.019
475287.9437
473348.4524
471273.9891
469055.3168
466682.064
464142.1983
461421.6713
458504.3424
455372.1563
452005.4346
448383.0722
444482.3903
440278.4407
435742.678
430841.0969
425532.0691
419764.159
413474.1927
406585.828
399008.8344
390639.2688
381360.7887
371047.4314
359568.244
346794.1063
332606.9881
316911.6925
299649.8494
280815.5238
260471.2984
238763.069
216065.1419
192474.1641
168393.219
144356.9586
121000.5138
98990.84916
78933.73581
61284.11203
46289.45553
33981.83534
499783.5673
499672.9209
499544.3407
499402.6603
499253.0514
499098.5851
498939.5991
498774.3531
498600.0039
498413.4326
498211.8601
497993.2533
497756.4633
497501.0339
497226.6979
496932.7109
496617.2843
496277.3765
495908.9443
495507.531
495068.9099
494589.4845
494066.2746
493496.5282
492877.2035
492204.6331
491474.582
490682.6968
489825.1423
488899.113
487902.9452
486835.7201
485696.4741
484483.3102
483192.729
481819.3779
480356.2313
478795.0714
477127.0709
475317.3261
473379.7325
471306.872
469089.7311
466718.0101
464179.6987
461460.7544
458545.0371
455414.4941
452049.4567
448428.8342
444529.9632
440327.9127
435794.163
430894.7411
425588.0462
419822.661
413535.4137
406649.9233
399075.8536
390709.1045
381433.1757
371121.9876
359644.5149
346871.5914
332685.1468
316989.9364
299727.5307
280891.9267
260545.6425
238834.5292
216132.9193
192537.4218
168451.1901
144409.0145
121046.2296
99030.05312
78966.5282
61310.8459
46310.68502
33998.24528
499783.5673
499672.9209
499544.3407
499402.6603
499253.0514
499098.5851
498939.5991
498774.3531
498600.0039
498413.4326
498211.8601
497993.2533
497756.4633
497501.0339
497226.6979
496932.7109
496617.2843
496277.3765
495908.9443
495507.531
495068.9099
494589.4845
494066.2746
493496.5282
492877.2035
492204.6331
491474.582
490682.6968
489825.1423
488899.113
487902.9452
486835.7201
485696.4741
484483.3102
483192.729
481819.3779
480356.2313
478795.0714
477127.0709
475343.2779
473408.9938
471338.0135
469122.4573
466752.2481
464215.4466
461498.0319
458583.8695
455454.9065
452091.4764
448472.4974
444575.3201
440375.0275
435843.116
430945.6361
425641.0166
419877.8638
413593.0191
406710.0979
399138.7189
390774.6709
381501.2916
371192.3399
359716.6698
346945.0392
332759.3289
317064.2534
299801.3386
280964.5308
260616.2965
238902.4473
216197.338
192597.5378
168506.2657
144458.4455
121089.6106
99067.22489
78997.59372
61336.14978
46330.76189
34013.75164
499783.5673
499672.9209
499544.3407
499402.6603
499253.0514
499098.5851
498939.5991
498774.3531
498600.0039
498413.4326
498211.8601
497993.2533
497756.4633
497501.0339
497226.6979
496932.7109
496617.2843
496277.3765
495908.9443
495507.531
495068.9099
494589.4845
494066.2746
493496.5282
492877.2035
492204.6331
491474.582
490682.6968
489825.1423
488899.113
487902.9452
486835.7201
485696.4741
484483.3102
483192.729
481819.3779
480356.2313
478795.0714
477127.0709
475343.2779
473434.8385
471367.1451
469153.4505
466784.8067
464249.4958
461533.5673
458620.9078
455493.4695
452131.5852
448514.1747
444618.5969
440419.9478
435889.7367
430994.0285
425691.273
419930.1025
413647.3779
406766.7221
399197.7437
390836.1795
381565.25
371258.5481
359784.7631
347014.5299
332829.652
317134.7952
299871.448
281033.5204
260683.4432
238966.9999
216258.5694
192654.6808
168558.6121
144505.4133
121130.8095
99102.50319
79027.05321
61360.1247
46349.76761
34028.41808
499783.5673
499672.9209
499544.3407
499402.6603
499253.0514
499098.5851
498939.5991
498774.3531
498600.0039
498413.4326
498211.8601
497993.2533
497756.4633
497501.0339
497226.6979
496932.7109
496617.2843
496277.3765
495908.9443
495507.531
495068.9099
494589.4845
494066.2746
493496.5282
492877.2035
492204.6331
491474.582
490682.6968
489825.1423
488899.113
487902.9452
486835.7201
485696.4741
484483.3102
483192.729
481819.3779
480356.2313
478795.0714
477127.0709
475343.2779
473434.8385
471392.8752
469182.4433
466815.641
464281.8748
461567.414
458656.2151
455530.2508
452169.8583
448553.9566
444659.9053
440462.808
435934.1859
431040.1154
425739.0584
419979.6654
413698.8194
406820.1574
399253.2898
390893.9358
381625.2569
371320.7227
359848.8529
347080.1164
332896.1934
317201.6741
299938.0024
281099.0591
260747.2529
239028.3537
216316.7723
192709.0021
168608.3752
144550.059
121169.9606
99136.0116
79055.01602
61382.86336
46367.77763
34042.30379
499783.5673
499672.9209
499544.3407
499402.6603
499253.0514
499098.5851
498939.5991
498774.3531
498600.0039
498413.4326
498211.8601
497993.2533
497756.4633
497501.0339
497226.6979
496932.7109
496617.2843
496277.3765
495908.9443
495507.531
495068.9099
494589.4845
494066.2746
493496.5282
492877.2035
492204.6331
491474.582
490682.6968
489825.1423
488899.113
487902.9452
486835.7201
485696.4741
484483.3102
483192.729
481819.3779
480356.2313
478795.0714
477127.0709
475343.2779
473434.8385
471392.8752
469208.0507
466844.4853
464312.539
461599.6005
458689.8447
455565.3131
452206.3632
448591.9178
444699.3351
440503.7188
435976.5967
431084.0557
425784.5674
420026.7917
413747.6265
406870.7265
399305.7102
390948.2921
381681.6086
371379.0628
359909.0459
347141.8546
332959.0039
317264.9639
300001.1078
281161.2809
260807.8769
239086.6642
216372.0967
192760.6421
168655.6864
144592.5068
121207.1809
99167.85876
79081.57962
61404.44975
46384.86122
34055.46362
499783.5673
499672.9209
499544.3407
499402.6603
499253.0514
499098.5851
498939.5991
498774.3531
498600.0039
498413.4326
498211.8601
497993.2533
497756.4633
497501.0339
497226.6979
496932.7109
496617.2843
496277.3765
495908.9443
495507.531
495068.9099
494589.4845
494066.2746
493496.5282
492877.2035
492204.6331
491474.582
490682.6968
489825.1423
488899.113
487902.9452
486835.7201
485696.4741
484483.3102
483192.729
481819.3779
480356.2313
478795.0714
477127.0709
475343.2779
473434.8385
471392.8752
469208.0507
466869.9613
464341.2242
461630.0824
458721.8245
455598.7092
452241.162
448628.1251
444736.9602
440542.769
436017.0785
431125.9809
425827.9567
420071.6732
413794.0346
406918.7066
399355.3203
390999.5924
381734.6473
371433.8554
359965.534
347199.8472
333018.1375
317324.7131
300060.8341
281220.2854
260865.4394
239142.0696
216424.6826
192809.7337
168700.6676
144632.868
121242.5734
99198.13946
79106.82973
61424.95874
46401.08114
34067.94793
499783.5673
499672.9209
499544.3407
499402.6603
499253.0514
499098.5851
498939.5991
498774.3531
498600.0039
498413.4326
498211.8601
497993.2533
497756.4633
497501.0339
497226.6979
496932.7109
496617.2843
496277.3765
495908.9443
495507.531
495068.9099
494589.4845
494066.2746
493496.5282
492877.2035
492204.6331
491474.582
490682.6968
489825.1423
488899.113
487902.9452
486835.7201
485696.4741
484483.3102
483192.729
481819.3779
480356.2313
478795.0714
477127.0709
475343.2779
473434.8385
471392.8752
469208.0507
466869.9613
464366.5595
461658.597
458752.1108
455630.4671
452274.3071
448662.6402
444772.8469
440580.0319
436055.7192
431165.9992
425869.3562
420114.4642
413838.232
406964.3285
399402.3913
391048.144
381784.7069
371485.4311
360018.5936
347254.2783
333073.6921
317380.9732
300117.2275
281276.138
260920.0326
239194.6836
216474.6547
192856.4011
168743.4343
144671.2464
121276.2306
99226.93701
79130.84114
61444.45621
46416.49344
34079.80241
499783.5673
499672.9209
499544.3407
499402.6603
499253.0514
499098.5851
498939.5991
498774.3531
498600.0039
498413.4326
498211.8601
497993.2533
497756.4633
497501.0339
497226.6979
496932.7109
496617.2843
496277.3765
495908.9443
495507.531
495068.9099
494589.4845
494066.2746
493496.5282
492877.2035
492204.6331
491474.582
490682.6968
489825.1423
488899.113
487902.9452
486835.7201
485696.4741
484483.3102
483192.729
481819.3779
480356.2313
478795.0714
477127.0709
475343.2779
473434.8385
471392.8752
469208.0507
466869.9613
464366.5595
461683.7816
458780.4425
455660.5432
452305.8263
448695.5151
444807.0564
440615.573
436092.5913
431204.1975
425908.8727
420155.2928
413880.371
407007.7775
399447.1491
391094.2115
381832.086
371534.1129
360068.5429
347305.4124
333125.8432
317433.8374
300170.3368
281328.8825
260971.7175
239244.5907
216522.1158
192900.7547
168784.0943
144707.74
121308.2386
99254.32632
79153.67957
61462.99963
46431.14737
34091.06784
499783.5673
499672.9209
499544.3407
499402.6603
499253.0514
499098.5851
498939.5991
498774.3531
498600.0039
498413.4326
498211.8601
497993.2533
497756.4633
497501.0339
497226.6979
496932.7109
496617.2843
496277.3765
495908.9443
495507.531
495068.9099
494589.4845
494066.2746
493496.5282
492877.2035
492204.6331
491474.582
490682.6968
489825.1423
488899.113
487902.9452
486835.7201
485696.4741
484483.3102
483192.729
481819.3779
480356.2313
478795.0714
477127.0709
475343.2779
473434.8385
471392.8752
469208.0507
466869.9613
464366.5595
461683.7816
458805.4651
455688.6783
452335.6762
448726.7773
444839.6402
440649.4531
436127.7596
431240.6474
425946.592
420194.2645
413920.5776
407049.2029
399489.7753
391138.0156
381877.0419
371580.1899
360115.6928
347353.5542
333174.8424
317483.4714
300220.2497
281378.5647
261020.5348
239291.847
216567.1421
192942.886
168822.7442
144742.441
121338.679
99280.37713
79175.40413
61480.63951
46445.08597
34101.78011
499783.5673
499672.9209
499544.3407
499402.6603
499253.0514
499098.5851
498939.5991
498774.3531
498600.0039
498413.4326
498211.8601
497993.2533
497756.4633
497501.0339
497226.6979
496932.7109
496617.2843
496277.3765
495908.9443
495507.531
495068.9099
494589.4845
494066.2746
493496.5282
492877.2035
492204.6331
491474.582
490682.6968
489825.1423
488899.113
487902.9452
486835.7201
485696.4741
484483.3102
483192.729
481819.3779
480356.2313
478795.0714
477127.0709
475343.2779
473434.8385
471392.8752
469208.0507
466869.9613
464366.5595
461683.7816
458805.4651
455713.5271
452363.5998
448756.3838
444870.6255
440681.7232
436161.2843
431275.413
425982.5847
420231.4637
413958.9554
407088.7286
399530.4164
391179.7336
381919.7894
371623.9111
360160.3217
347399.0013
333220.9796
317530.1131
300267.1217
281425.2663
261066.5272
239336.4899
216609.7846
192982.8629
168859.4636
144775.4318
121367.6285
99305.15572
79196.0699
61497.42128
46458.34701
34111.97054
499783.5673
499672.9209
499544.3407
499402.6603
499253.0514
499098.5851
498939.5991
498774.3531
498600.0039
498413.4326
498211.8601
497993.2533
497756.4633
497501.0339
497226.6979
496932.7109
496617.2843
496277.3765
495908.9443
495507.531
495068.9099
494589.4845
494066.2746
493496.5282
492877.2035
492204.6331
491474.582
490682.6968
489825.1423
488899.113
487902.9452
486835.7201
485696.4741
484483.3102
483192.729
481819.3779
480356.2313
478795.0714
477127.0709
475343.2779
473434.8385
471392.8752
469208.0507
466869.9613
464366.5595
461683.7816
458805.4651
455713.5271
452388.2616
448784.0798
444899.9699
440712.4101
436193.2159
431308.5537
426016.9142
420266.9601
413995.5878
407126.4565
399569.1937
391219.5088
381960.5013
371665.4851
360202.67
347442.0206
333264.538
317574.0361
300311.1755
281469.1318
261109.77
239378.5589
216650.0776
193020.7309
168894.3119
144806.7803
121395.1558
99328.72444
79215.72932
61513.38731
46470.9645
34121.66663
499783.5673
499672.9209
499544.3407
499402.6603
499253.0514
499098.5851
498939.5991
498774.3531
498600.0039
498413.4326
498211.8601
497993.2533
497756.4633
497501.0339
497226.6979
496932.7109
496617.2843
496277.3765
495908.9443
495507.531
495068.9099
494589.4845
494066.2746
493496.5282
492877.2035
492204.6331
491474.582
490682.6968
489825.1423
488899.113
487902.9452
486835.7201
485696.4741
484483.3102
483192.729
481819.3779
480356.2313
478795.0714
477127.0709
475343.2779
473434.8385
471392.8752
469208.0507
466869.9613
464366.5595
461683.7816
458805.4651
455713.5271
452388.2616
448808.5403
444927.4206
440741.4718
436223.5808
431340.1195
426049.6393
420300.8161
414030.5432
407162.4686
399606.2072
391257.4599
381999.3173
371705.0795
360242.9389
347482.8425
333305.7715
317615.5078
300352.6672
281510.3676
261150.396
239418.1225
216688.0567
193056.5209
168927.3292
144836.5375
121421.3178
99351.13921
79234.43178
61528.57801
46482.97017
34130.89317
499783.5673
499672.9209
499544.3407
499402.6603
499253.0514
499098.5851
498939.5991
498774.3531
498600.0039
498413.4326
498211.8601
497993.2533
497756.4633
497501.0339
497226.6979
496932.7109
496617.2843
496277.3765
495908.9443
495507.531
495068.9099
494589.4845
494066.2746
493496.5282
492877.2035
492204.6331
491474.582
490682.6968
489825.1423
488899.113
487902.9452
486835.7201
485696.4741
484483.3102
483192.729
481819.3779
480356.2313
478795.0714
477127.0709
475343.2779
473434.8385
471392.8752
469208.0507
466869.9613
464366.5595
461683.7816
458805.4651
455713.5271
452388.2616
448808.5403
444951.6643
440768.6582
436252.3376
431370.1366
426080.8091
420333.0897
414063.8832
407196.832
399641.5374
391293.685
382036.3532
371742.8301
360281.2905
347521.6603
333344.9
317654.7682
300391.8472
281549.2112
261188.5945
239455.3011
216723.7836
193090.2646
168958.5426
144864.7378
121446.1572
99372.44645
79252.22168
61543.03148
46494.39431
34139.67327
499783.5673
499672.9209
499544.3407
499402.6603
499253.0514
499098.5851
498939.5991
498774.3531
498600.0039
498413.4326
498211.8601
497993.2533
497756.4633
497501.0339
497226.6979
496932.7109
496617.2843
496277.3765
495908.9443
495507.531
495068.9099
494589.4845
494066.2746
493496.5282
492877.2035
492204.6331
491474.582
490682.6968
489825.1423
488899.113
487902.9452
486835.7201
485696.4741
484483.3102
483192.729
481819.3779
480356.2313
478795.0714
477127.0709
475343.2779
473434.8385
471392.8752
469208.0507
466869.9613
464366.5595
461683.7816
458805.4651
455713.5271
452388.2616
448808.5403
444951.6643
440792.6681
436279.2389
431398.564
426110.4497
420363.8297
414095.6649
407229.6073
399675.25
391328.2624
382071.7047
371778.8495
360317.8563
347558.6303
333382.1082
317692.0255
300428.9405
281585.8947
261224.583
239490.2661
216757.3661
193122.0167
168987.9801
144891.4048
121469.7029
99392.68106
79269.1359
61556.78205
46505.26558
34148.02904
499783.5673
499672.9209
499544.3407
499402.6603
499253.0514
499098.5851
498939.5991
498774.3531
498600.0039
498413.4326
498211.8601
497993.2533
497756.4633
497501.0339
497226.6979
496932.7109
496617.2843
496277.3765
495908.9443
495507.531
495068.9099
494589.4845
494066.2746
493496.5282
492877.2035
492204.6331
491474.582
490682.6968
489825.1423
488899.113
487902.9452
486835.7201
485696.4741
484483.3102
483192.729
481819.3779
480356.2313
478795.0714
477127.0709
475343.2779
473434.8385
471392.8752
469208.0507
466869.9613
464366.5595
461683.7816
458805.4651
455713.5271
452388.2616
448808.5403
444951.6643
440792.6681
436302.9966
431425.1572
426138.5204
420393.0613
414125.9363
407260.8507
399707.4046
391361.2568
382105.4483
371813.2307
360352.7453
347593.8788
333417.5452
317727.4547
300464.1424
281620.6267
261258.5741
239523.2141
216788.9568
193151.8719
169015.689
144916.5625
121491.9749
99411.86684
79285.20227
61569.85827
46515.60977
34155.98141
499783.5673
499672.9209
499544.3407
499402.6603
499253.0514
499098.5851
498939.5991
498774.3531
498600.0039
498413.4326
498211.8601
497993.2533
497756.4633
497501.0339
497226.6979
496932.7109
496617.2843
496277.3765
495908.9443
495507.531
495068.9099
494589.4845
494066.2746
493496.5282
492877.2035
492204.6331
491474.582
490682.6968
489825.1423
488899.113
487902.9452
486835.7201
485696.4741
484483.3102
483192.729
481819.3779
480356.2313
478795.0714
477127.0709
475343.2779
473434.8385
471392.8752
469208.0507
466869.9613
464366.5595
461683.7816
458805.4651
455713.5271
452388.2616
448808.5403
444951.6643
440792.6681
436302.9966
431448.6424
426164.7801
420420.7448
414154.7224
407290.6093
399738.0562
391392.7261
382137.6469
371846.0481
360386.0474
347627.511
333451.3323
317761.1978
300497.6177
281653.5889
261290.7594
239554.3375
216818.7311
193179.9641
169041.7511
144940.2512
121512.9933
99430.02019
79300.43984
61582.28174
46525.4484
34163.54925
499783.5673
499672.9209
499544.3407
499402.6603
499253.0514
499098.5851
498939.5991
498774.3531
498600.0039
498413.4326
498211.8601
497993.2533
497756.4633
497501.0339
497226.6979
496932.7109
496617.2843
496277.3765
495908.9443
495507.531
495068.9099
494589.4845
494066.2746
493496.5282
492877.2035
492204.6331
491474.582
490682.6968
489825.1423
488899.113
487902.9452
486835.7201
485696.4741
484483.3102
483192.729
481819.3779
480356.2313
478795.0714
477127.0709
475343.2779
473434.8385
471392.8752
469208.0507
466869.9613
464366.5595
461683.7816
458805.4651
455713.5271
452388.2616
448808.5403
444951.6643
440792.6681
436302.9966
431448.6424
426187.9704
420446.6422
414181.9838
407318.9077
399767.2512
391422.7245
382168.3571
371877.3629
360417.8348
347659.6135
333483.57
317793.3699
300529.5
281684.935
261321.306
239583.8098
216846.8607
193206.4468
169066.2814
144962.5398
121532.7918
99447.15778
79314.86181
61594.0673
46534.79778
34170.74833
499783.5673
499672.9209
499544.3407
499402.6603
499253.0514
499098.5851
498939.5991
498774.3531
498600.0039
498413.4326
498211.8601
497993.2533
497756.4633
497501.0339
497226.6979
496932.7109
496617.2843
496277.3765
495908.9443
495507.531
495068.9099
494589.4845
494066.2746
493496.5282
492877.2035
492204.6331
491474.582
490682.6968
489825.1423
488899.113
487902.9452
486835.7201
485696.4741
484483.3102
483192.729
481819.3779
480356.2313
478795.0714
477127.0709
475343.2779
473434.8385
471392.8752
469208.0507
466869.9613
464366.5595
461683.7816
458805.4651
455713.5271
452388.2616
448808.5403
444951.6643
440792.6681
436302.9966
431448.6424
426187.9704
420469.5123
414207.4865
407345.7073
399795.0135
391451.2973
382197.6319
371907.2301
360448.1666
347690.2557
333514.3415
317824.0667
300559.898
281714.7896
261350.3553
239611.7828
216873.5003
193231.4705
169089.4118
144983.5251
121551.427
99463.30678
79328.48155
61605.22531
46543.66917
34177.59062
499783.5673
499672.9209
499544.3407
499402.6603
499253.0514
499098.5851
498939.5991
498774.3531
498600.0039
498413.4326
498211.8601
497993.2533
497756.4633
497501.0339
497226.6979
496932.7109
496617.2843
496277.3765
495908.9443
495507.531
495068.9099
494589.4845
494066.2746
493496.5282
492877.2035
492204.6331
491474.582
490682.6968
489825.1423
488899.113
487902.9452
486835.7201
485696.4741
484483.3102
483192.729
481819.3779
480356.2313
478795.0714
477127.0709
475343.2779
473434.8385
471392.8752
469208.0507
466869.9613
464366.5595
461683.7816
458805.4651
455713.5271
452388.2616
448808.5403
444951.6643
440792.6681
436302.9966
431448.6424
426187.9704
420469.5123
414230.0076
407370.778
399821.3054
391478.468
382225.5155
371935.7012
360477.0963
347719.4948
333543.7133
317853.3674
300588.9021
281743.2545
261378.0228
239638.3852
216898.786
193255.1711
169111.2716
145003.318
121568.9786
99478.5128
79341.32051
61615.76617
46552.07045
34184.08441
499783.5673
499672.9209
499544.3407
499402.6603
499253.0514
499098.5851
498939.5991
498774.3531
498600.0039
498413.4326
498211.8601
497993.2533
497756.4633
497501.0339
497226.6979
496932.7109
496617.2843
496277.3765
495908.9443
495507.531
495068.9099
494589.4845
494066.2746
493496.5282
492877.2035
492204.6331
491474.582
490682.6968
489825.1423
488899.113
487902.9452
486835.7201
485696.4741
484483.3102
483192.729
481819.3779
480356.2313
478795.0714
477127.0709
475343.2779
473434.8385
471392.8752
469208.0507
466869.9613
464366.5595
461683.7816
458805.4651
455713.5271
452388.2616
448808.5403
444951.6643
440792.6681
436302.9966
431448.6424
426187.9704
420469.5123
414230.0076
407392.9171
399845.9013
391504.1995
382252.0307
371962.8192
360504.6736
347747.382
333571.7399
317881.3351
300616.5871
281770.4141
261404.4024
239663.7224
216922.8333
193277.6682
169131.9778
145022.0269
121585.5372
99492.83951
79353.41442
61625.70641
46560.00951
34190.23552
499783.5673
499672.9209
499544.3407
499402.6603
499253.0514
499098.5851
498939.5991
498774.3531
498600.0039
498413.4326
498211.8601
497993.2533
497756.4633
497501.0339
497226.6979
496932.7109
496617.2843
496277.3765
495908.9443
495507.531
495068.9099
494589.4845
494066.2746
493496.5282
492877.2035
492204.6331
491474.582
490682.6968
489825.1423
488899.113
487902.9452
486835.7201
485696.4741
484483.3102
483192.729
481819.3779
480356.2313
478795.0714
477127.0709
475343.2779
473434.8385
471392.8752
469208.0507
466869.9613
464366.5595
461683.7816
458805.4651
455713.5271
452388.2616
448808.5403
444951.6643
440792.6681
436302.9966
431448.6424
426187.9704
420469.5123
414230.0076
407392.9171
399867.6207
391528.2712
382277.1414
371988.6064
360530.9403
347773.9657
333598.4707
317908.022
300643.0126
281796.3384
261429.5724
239687.8803
216945.7371
193299.0642
169151.6338
145039.7506
121601.192
99506.35952
79364.81295
61635.07328
46567.49873
34196.04978
499783.5673
499672.9209
499544.3407
499402.6603
499253.0514
499098.5851
498939.5991
498774.3531
498600.0039
498413.4326
498211.8601
497993.2533
497756.4633
497501.0339
497226.6979
496932.7109
496617.2843
496277.3765
495908.9443
495507.531
495068.9099
494589.4845
494066.2746
493496.5282
492877.2035
492204.6331
491474.582
490682.6968
489825.1423
488899.113
487902.9452
486835.7201
485696.4741
484483.3102
483192.729
481819.3779
480356.2313
478795.0714
477127.0709
475343.2779
473434.8385
471392.8752
469208.0507
466869.9613
464366.5595
461683.7816
458805.4651
455713.5271
452388.2616
448808.5403
444951.6643
440792.6681
436302.9966
431448.6424
426187.9704
420469.5123
414230.0076
407392.9171
399867.6207
391549.5273
382300.6325
372013.0276
360555.9178
347799.2859
333623.9519
317933.4749
300668.2278
281821.0834
261453.5976
239710.9305
216967.575
193319.443
169170.3281
145056.5763
121616.0242
99519.14416
79375.57267
61643.90453
46574.55837
34201.53621
499783.5673
499672.9209
499544.3407
499402.6603
499253.0514
499098.5851
498939.5991
498774.3531
498600.0039
498413.4326
498211.8601
497993.2533
497756.4633
497501.0339
497226.6979
496932.7109
496617.2843
496277.3765
495908.9443
495507.531
495068.9099
494589.4845
494066.2746
493496.5282
492877.2035
492204.6331
491474.582
490682.6968
489825.1423
488899.113
487902.9452
486835.7201
485696.4741
484483.3102
483192.729
481819.3779
480356.2313
478795.0714
477127.0709
475343.2779
473434.8385
471392.8752
469208.0507
466869.9613
464366.5595
461683.7816
458805.4651
455713.5271
452388.2616
448808.5403
444951.6643
440792.6681
436302.9966
431448.6424
426187.9704
420469.5123
414230.0076
407392.9171
399867.6207
391549.5273
382321.3753
372035.8738
360579.5723
347823.3633
333648.2221
317957.7378
300692.2769
281844.6949
261476.5298
239732.9323
216988.4115
193338.8733
169188.1339
145072.5793
121630.1059
99531.25848
79385.74916
61652.24309
46581.21637
34206.70947
499783.5673
499672.9209
499544.3407
499402.6603
499253.0514
499098.5851
498939.5991
498774.3531
498600.0039
498413.4326
498211.8601
497993.2533
497756.4633
497501.0339
497226.6979
496932.7109
496617.2843
496277.3765
495908.9443
495507.531
495068.9099
494589.4845
494066.2746
493496.5282
492877.2035
492204.6331
491474.582
490682.6968
489825.1423
488899.113
487902.9452
486835.7201
485696.4741
484483.3102
483192.729
481819.3779
480356.2313
478795.0714
477127.0709
475343.2779
473434.8385
471392.8752
469208.0507
466869.9613
464366.5595
461683.7816
458805.4651
455713.5271
452388.2616
448808.5403
444951.6643
440792.6681
436302.9966
431448.6424
426187.9704
420469.5123
414230.0076
407392.9171
399867.6207
391549.5273
382321.3753
372056.0466
360601.7013
347846.1653
333671.3009
317980.8477
300715.2017
281867.2144
261498.4115
239753.9331
217008.3004
193357.4129
169205.1111
145087.822
121643.4995
99542.76057
79395.39328
61660.13117
46587.50448
34211.58972
499783.5673
499672.9209
499544.3407
499402.6603
499253.0514
499098.5851
498939.5991
498774.3531
498600.0039
498413.4326
498211.8601
497993.2533
497756.4633
497501.0339
497226.6979
496932.7109
496617.2843
496277.3765
495908.9443
495507.531
495068.9099
494589.4845
494066.2746
493496.5282
492877.2035
492204.6331
491474.582
490682.6968
489825.1423
488899.113
487902.9452
486835.7201
485696.4741
484483.3102
483192.729
481819.3779
480356.2313
478795.0714
477127.0709
475343.2779
473434.8385
471392.8752
469208.0507
466869.9613
464366.5595
461683.7816
458805.4651
455713.5271
452388.2616
448808.5403
444951.6643
440792.6681
436302.9966
431448.6424
426187.9704
420469.5123
414230.0076
407392.9171
399867.6207
391549.5273
382321.3753
372056.0466
360621.2401
347867.497
333693.1572
318002.823
300737.0369
281888.681
261519.2809
239773.9717
217027.2844
193375.1092
169221.31
145102.3554
121656.2568
99553.70097
79404.55063
61667.60748
46593.45392
34216.19982
499783.5673
499672.9209
499544.3407
499402.6603
499253.0514
499098.5851
498939.5991
498774.3531
498600.0039
498413.4326
498211.8601
497993.2533
497756.4633
497501.0339
497226.6979
496932.7109
496617.2843
496277.3765
495908.9443
495507.531
495068.9099
494589.4845
494066.2746
493496.5282
492877.2035
492204.6331
491474.582
490682.6968
489825.1423
488899.113
487902.9452
486835.7201
485696.4741
484483.3102
483192.729
481819.3779
480356.2313
478795.0714
477127.0709
475343.2779
473434.8385
471392.8752
469208.0507
466869.9613
464366.5595
461683.7816
458805.4651
455713.5271
452388.2616
448808.5403
444951.6643
440792.6681
436302.9966
431448.6424
426187.9704
420469.5123
414230.0076
407392.9171
399867.6207
391549.5273
382321.3753
372056.0466
360621.2401
347886.3312
333713.6043
318023.6342
300757.8001
281909.1273
261539.1747
239793.0834
217045.3985
193392.0003
169236.7721
145116.2225
121668.4206
99564.12182
79413.26106
61674.70689
46599.09341
34220.5623
499783.5673
499672.9209
499544.3407
499402.6603
499253.0514
499098.5851
498939.5991
498774.3531
498600.0039
498413.4326
498211.8601
497993.2533
497756.4633
497501.0339
497226.6979
496932.7109
496617.2843
496277.3765
495908.9443
495507.531
495068.9099
494589.4845
494066.2746
493496.5282
492877.2035
492204.6331
491474.582
490682.6968
489825.1423
488899.113
487902.9452
486835.7201
485696.4741
484483.3102
483192.729
481819.3779
480356.2313
478795.0714
477127.0709
475343.2779
473434.8385
471392.8752
469208.0507
466869.9613
464366.5595
461683.7816
458805.4651
455713.5271
452388.2616
448808.5403
444951.6643
440792.6681
436302.9966
431448.6424
426187.9704
420469.5123
414230.0076
407392.9171
399867.6207
391549.5273
382321.3753
372056.0466
360621.2401
347886.3312
333731.6567
318043.1038
300777.4634
281928.5698
261558.1229
239811.3014
217062.6745
193408.1173
169251.5307
145129.4589
121680.0268
99574.05789
79421.55796
61681.46003
46604.44893
34224.69789
499783.5673
499672.9209
499544.3407
499402.6603
499253.0514
499098.5851
498939.5991
498774.3531
498600.0039
498413.4326
498211.8601
497993.2533
497756.4633
497501.0339
497226.6979
496932.7109
496617.2843
496277.3765
495908.9443
495507.531
495068.9099
494589.4845
494066.2746
493496.5282
492877.2035
492204.6331
491474.582
490682.6968
489825.1423
488899.113
487902.9452
486835.7201
485696.4741
484483.3102
483192.729
481819.3779
480356.2313
478795.0714
477127.0709
475343.2779
473434.8385
471392.8752
469208.0507
466869.9613
464366.5595
461683.7816
458805.4651
455713.5271
452388.2616
448808.5403
444951.6643
440792.6681
436302.9966
431448.6424
426187.9704
420469.5123
414230.0076
407392.9171
399867.6207
391549.5273
382321.3753
372056.0466
360621.2401
347886.3312
333731.6567
318060.2925
300795.8592
281946.9822
261576.1407
239828.6535
217079.1427
193423.4886
169265.6128
145142.093
121691.1051
99583.53848
79429.46894
61687.89265
46609.54337
34228.62544
499783.5673
499672.9209
499544.3407
499402.6603
499253.0514
499098.5851
498939.5991
498774.3531
498600.0039
498413.4326
498211.8601
497993.2533
497756.4633
497501.0339
497226.6979
496932.7109
496617.2843
496277.3765
495908.9443
495507.531
495068.9099
494589.4845
494066.2746
493496.5282
492877.2035
492204.6331
491474.582
490682.6968
489825.1423
488899.113
487902.9452
486835.7201
485696.4741
484483.3102
483192.729
481819.3779
480356.2313
478795.0714
477127.0709
475343.2779
473434.8385
471392.8752
469208.0507
466869.9613
464366.5595
461683.7816
458805.4651
455713.5271
452388.2616
448808.5403
444951.6643
440792.6681
436302.9966
431448.6424
426187.9704
420469.5123
414230.0076
407392.9171
399867.6207
391549.5273
382321.3753
372056.0466
360621.2401
347886.3312
333731.6567
318060.2925
300812.0991
281964.2079
261593.2039
239845.1535
217094.8281
193438.141
169279.0431
145154.1479
121701.6793
99592.58788
79437.01728
61694.02611
46614.39608
34232.36162
499783.5673
499672.9209
499544.3407
499402.6603
499253.0514
499098.5851
498939.5991
498774.3531
498600.0039
498413.4326
498211.8601
497993.2533
497756.4633
497501.0339
497226.6979
496932.7109
496617.2843
496277.3765
495908.9443
495507.531
495068.9099
494589.4845
494066.2746
493496.5282
492877.2035
492204.6331
491474.582
490682.6968
489825.1423
488899.113
487902.9452
486835.7201
485696.4741
484483.3102
483192.729
481819.3779
480356.2313
478795.0714
477127.0709
475343.2779
473434.8385
471392.8752
469208.0507
466869.9613
464366.5595
461683.7816
458805.4651
455713.5271
452388.2616
448808.5403
444951.6643
440792.6681
436302.9966
431448.6424
426187.9704
420469.5123
414230.0076
407392.9171
399867.6207
391549.5273
382321.3753
372056.0466
360621.2401
347886.3312
333731.6567
318060.2925
300812.0991
281979.4141
261609.1675
239860.7792
217109.7432
193452.097
169291.8454
145165.6448
121711.7687
99601.22545
79444.22231
61699.87841
46619.02312
34235.92056
499783.5673
499672.9209
499544.3407
499402.6603
499253.0514
499098.5851
498939.5991
498774.3531
498600.0039
498413.4326
498211.8601
497993.2533
497756.4633
497501.0339
497226.6979
496932.7109
496617.2843
496277.3765
495908.9443
495507.531
495068.9099
494589.4845
494066.2746
493496.5282
492877.2035
492204.6331
491474.582
490682.6968
489825.1423
488899.113
487902.9452
486835.7201
485696.4741
484483.3102
483192.729
481819.3779
480356.2313
478795.0714
477127.0709
475343.2779
473434.8385
471392.8752
469208.0507
466869.9613
464366.5595
461683.7816
458805.4651
455713.5271
452388.2616
448808.5403
444951.6643
440792.6681
436302.9966
431448.6424
426187.9704
420469.5123
414230.0076
407392.9171
399867.6207
391549.5273
382321.3753
372056.0466
360621.2401
347886.3312
333731.6567
318060.2925
300812.0991
281979.4141
261623.2588
239875.3981
217123.8679
193465.3674
169304.0391
145176.604
121721.3909
99609.46691
79451.09943
61705.46454
46623.43807
34239.31401
499783.5673
499672.9209
499544.3407
499402.6603
499253.0514
499098.5851
498939.5991
498774.3531
498600.0039
498413.4326
498211.8601
497993.2533
497756.4633
497501.0339
497226.6979
496932.7109
496617.2843
496277.3765
495908.9443
495507.531
495068.9099
494589.4845
494066.2746
493496.5282
492877.2035
492204.6331
491474.582
490682.6968
489825.1423
488899.113
487902.9452
486835.7201
485696.4741
484483.3102
483192.729
481819.3779
480356.2313
478795.0714
477127.0709
475343.2779
473434.8385
471392.8752
469208.0507
466869.9613
464366.5595
461683.7816
458805.4651
455713.5271
452388.2616
448808.5403
444951.6643
440792.6681
436302.9966
431448.6424
426187.9704
420469.5123
414230.0076
407392.9171
399867.6207
391549.5273
382321.3753
372056.0466
360621.2401
347886.3312
333731.6567
318060.2925
300812.0991
281979.4141
261623.2588
239888.3018
217137.0827
193477.9347
169315.6338
145187.0423
121730.563
99617.32672
79457.66112
61710.79642
46627.65223
34242.55191
499783.5673
499672.9209
499544.3407
499402.6603
499253.0514
499098.5851
498939.5991
498774.3531
498600.0039
498413.4326
498211.8601
497993.2533
497756.4633
497501.0339
497226.6979
496932.7109
496617.2843
496277.3765
495908.9443
495507.531
495068.9099
494589.4845
494066.2746
493496.5282
492877.2035
492204.6331
491474.582
490682.6968
489825.1423
488899.113
487902.9452
486835.7201
485696.4741
484483.3102
483192.729
481819.3779
480356.2313
478795.0714
477127.0709
475343.2779
473434.8385
471392.8752
469208.0507
466869.9613
464366.5595
461683.7816
458805.4651
455713.5271
452388.2616
448808.5403
444951.6643
440792.6681
436302.9966
431448.6424
426187.9704
420469.5123
414230.0076
407392.9171
399867.6207
391549.5273
382321.3753
372056.0466
360621.2401
347886.3312
333731.6567
318060.2925
300812.0991
281979.4141
261623.2588
239888.3018
217148.7463
193489.6924
169326.6141
145196.9677
121739.2992
99624.81889
79463.91889
61715.88371
46631.67457
34245.64255
499783.5673
499672.9209
499544.3407
499402.6603
499253.0514
499098.5851
498939.5991
498774.3531
498600.0039
498413.4326
498211.8601
497993.2533
497756.4633
497501.0339
497226.6979
496932.7109
496617.2843
496277.3765
495908.9443
495507.531
495068.9099
494589.4845
494066.2746
493496.5282
492877.2035
492204.6331
491474.582
490682.6968
489825.1423
488899.113
487902.9452
486835.7201
485696.4741
484483.3102
483192.729
481819.3779
480356.2313
478795.0714
477127.0709
475343.2779
473434.8385
471392.8752
469208.0507
466869.9613
464366.5595
461683.7816
458805.4651
455713.5271
452388.2616
448808.5403
444951.6643
440792.6681
436302.9966
431448.6424
426187.9704
420469.5123
414230.0076
407392.9171
399867.6207
391549.5273
382321.3753
372056.0466
360621.2401
347886.3312
333731.6567
318060.2925
300812.0991
281979.4141
261623.2588
239888.3018
217148.7463
193500.0693
169336.8872
145206.3671
121747.606
99631.95492
79469.88393
61720.73532
46635.51236
34248.59251
499783.5673
499672.9209
499544.3407
499402.6603
499253.0514
499098.5851
498939.5991
498774.3531
498600.0039
498413.4326
498211.8601
497993.2533
497756.4633
497501.0339
497226.6979
496932.7109
496617.2843
496277.3765
495908.9443
495507.531
495068.9099
494589.4845
494066.2746
493496.5282
492877.2035
492204.6331
491474.582
490682.6968
489825.1423
488899.113
487902.9452
486835.7201
485696.4741
484483.3102
483192.729
481819.3779
480356.2313
478795.0714
477127.0709
475343.2779
473434.8385
471392.8752
469208.0507
466869.9613
464366.5595
461683.7816
458805.4651
455713.5271
452388.2616
448808.5403
444951.6643
440792.6681
436302.9966
431448.6424
426187.9704
420469.5123
414230.0076
407392.9171
399867.6207
391549.5273
382321.3753
372056.0466
360621.2401
347886.3312
333731.6567
318060.2925
300812.0991
281979.4141
261623.2588
239888.3018
217148.7463
193500.0693
169345.9531
145215.1612
121755.4726
99638.74018
79475.56541
61725.35997
46639.17233
34251.40711
499783.5673
499672.9209
499544.3407
499402.6603
499253.0514
499098.5851
498939.5991
498774.3531
498600.0039
498413.4326
498211.8601
497993.2533
497756.4633
497501.0339
497226.6979
496932.7109
496617.2843
496277.3765
495908.9443
495507.531
495068.9099
494589.4845
494066.2746
493496.5282
492877.2035
492204.6331
491474.582
490682.6968
489825.1423
488899.113
487902.9452
486835.7201
485696.4741
484483.3102
483192.729
481819.3779
480356.2313
478795.0714
477127.0709
475343.2779
473434.8385
471392.8752
469208.0507
466869.9613
464366.5595
461683.7816
458805.4651
455713.5271
452388.2616
448808.5403
444951.6643
440792.6681
436302.9966
431448.6424
426187.9704
420469.5123
414230.0076
407392.9171
399867.6207
391549.5273
382321.3753
372056.0466
360621.2401
347886.3312
333731.6567
318060.2925
300812.0991
281979.4141
261623.2588
239888.3018
217148.7463
193500.0693
169345.9531
145222.9213
121762.8328
99645.16583
79480.96757
61729.76477
46642.66107
34254.09128
499783.5673
499672.9209
499544.3407
499402.6603
499253.0514
499098.5851
498939.5991
498774.3531
498600.0039
498413.4326
498211.8601
497993.2533
497756.4633
497501.0339
497226.6979
496932.7109
496617.2843
496277.3765
495908.9443
495507.531
495068.9099
494589.4845
494066.2746
493496.5282
492877.2035
492204.6331
491474.582
490682.6968
489825.1423
488899.113
487902.9452
486835.7201
485696.4741
484483.3102
483192.729
481819.3779
480356.2313
478795.0714
477127.0709
475343.2779
473434.8385
471392.8752
469208.0507
466869.9613
464366.5595
461683.7816
458805.4651
455713.5271
452388.2616
448808.5403
444951.6643
440792.6681
436302.9966
431448.6424
426187.9704
420469.5123
414230.0076
407392.9171
399867.6207
391549.5273
382321.3753
372056.0466
360621.2401
347886.3312
333731.6567
318060.2925
300812.0991
281979.4141
261623.2588
239888.3018
217148.7463
193500.0693
169345.9531
145222.9213
121769.327
99651.17793
79486.08341
61733.95299
46645.98396
34256.64986
499783.5673
499672.9209
499544.3407
499402.6603
499253.0514
499098.5851
498939.5991
498774.3531
498600.0039
498413.4326
498211.8601
497993.2533
497756.4633
497501.0339
497226.6979
496932.7109
496617.2843
496277.3765
495908.9443
495507.531
495068.9099
494589.4845
494066.2746
493496.5282
492877.2035
492204.6331
491474.582
490682.6968
489825.1423
488899.113
487902.9452
486835.7201
485696.4741
484483.3102
483192.729
481819.3779
480356.2313
478795.0714
477127.0709
475343.2779
473434.8385
471392.8752
469208.0507
466869.9613
464366.5595
461683.7816
458805.4651
455713.5271
452388.2616
448808.5403
444951.6643
440792.6681
436302.9966
431448.6424
426187.9704
420469.5123
414230.0076
407392.9171
399867.6207
391549.5273
382321.3753
372056.0466
360621.2401
347886.3312
333731.6567
318060.2925
300812.0991
281979.4141
261623.2588
239888.3018
217148.7463
193500.0693
169345.9531
145222.9213
121769.327
99656.48214
79490.87008
61737.91921
46649.14344
34259.0868
499783.5673
499672.9209
499544.3407
499402.6603
499253.0514
499098.5851
498939.5991
498774.3531
498600.0039
498413.4326
498211.8601
497993.2533
497756.4633
497501.0339
497226.6979
496932.7109
496617.2843
496277.3765
495908.9443
495507.531
495068.9099
494589.4845
494066.2746
493496.5282
492877.2035
492204.6331
491474.582
490682.6968
489825.1423
488899.113
487902.9452
486835.7201
485696.4741
484483.3102
483192.729
481819.3779
480356.2313
478795.0714
477127.0709
475343.2779
473434.8385
471392.8752
469208.0507
466869.9613
464366.5595
461683.7816
458805.4651
455713.5271
452388.2616
448808.5403
444951.6643
440792.6681
436302.9966
431448.6424
426187.9704
420469.5123
414230.0076
407392.9171
399867.6207
391549.5273
382321.3753
372056.0466
360621.2401
347886.3312
333731.6567
318060.2925
300812.0991
281979.4141
261623.2588
239888.3018
217148.7463
193500.0693
169345.9531
145222.9213
121769.327
99656.48214
79495.09276
61741.63027
46652.13544
34261.40389
499783.5673
499672.9209
499544.3407
499402.6603
499253.0514
499098.5851
498939.5991
498774.3531
498600.0039
498413.4326
498211.8601
497993.2533
497756.4633
497501.0339
497226.6979
496932.7109
496617.2843
496277.3765
495908.9443
495507.531
495068.9099
494589.4845
494066.2746
493496.5282
492877.2035
492204.6331
491474.582
490682.6968
489825.1423
488899.113
487902.9452
486835.7201
485696.4741
484483.3102
483192.729
481819.3779
480356.2313
478795.0714
477127.0709
475343.2779
473434.8385
471392.8752
469208.0507
466869.9613
464366.5595
461683.7816
458805.4651
455713.5271
452388.2616
448808.5403
444951.6643
440792.6681
436302.9966
431448.6424
426187.9704
420469.5123
414230.0076
407392.9171
399867.6207
391549.5273
382321.3753
372056.0466
360621.2401
347886.3312
333731.6567
318060.2925
300812.0991
281979.4141
261623.2588
239888.3018
217148.7463
193500.0693
169345.9531
145222.9213
121769.327
99656.48214
79495.09276
61744.90382
46654.935
34263.59815
499783.5673
499672.9209
499544.3407
499402.6603
499253.0514
499098.5851
498939.5991
498774.3531
498600.0039
498413.4326
498211.8601
497993.2533
497756.4633
497501.0339
497226.6979
496932.7109
496617.2843
496277.3765
495908.9443
495507.531
495068.9099
494589.4845
494066.2746
493496.5282
492877.2035
492204.6331
491474.582
490682.6968
489825.1423
488899.113
487902.9452
486835.7201
485696.4741
484483.3102
483192.729
481819.3779
480356.2313
478795.0714
477127.0709
475343.2779
473434.8385
471392.8752
469208.0507
466869.9613
464366.5595
461683.7816
458805.4651
455713.5271
452388.2616
448808.5403
444951.6643
440792.6681
436302.9966
431448.6424
426187.9704
420469.5123
414230.0076
407392.9171
399867.6207
391549.5273
382321.3753
372056.0466
360621.2401
347886.3312
333731.6567
318060.2925
300812.0991
281979.4141
261623.2588
239888.3018
217148.7463
193500.0693
169345.9531
145222.9213
121769.327
99656.48214
79495.09276
61744.90382
46657.4043
34265.6513
499783.5673
499672.9209
499544.3407
499402.6603
499253.0514
499098.5851
498939.5991
498774.3531
498600.0039
498413.4326
498211.8601
497993.2533
497756.4633
497501.0339
497226.6979
496932.7109
496617.2843
496277.3765
495908.9443
495507.531
495068.9099
494589.4845
494066.2746
493496.5282
492877.2035
492204.6331
491474.582
490682.6968
489825.1423
488899.113
487902.9452
486835.7201
485696.4741
484483.3102
483192.729
481819.3779
480356.2313
478795.0714
477127.0709
475343.2779
473434.8385
471392.8752
469208.0507
466869.9613
464366.5595
461683.7816
458805.4651
455713.5271
452388.2616
448808.5403
444951.6643
440792.6681
436302.9966
431448.6424
426187.9704
420469.5123
414230.0076
407392.9171
399867.6207
391549.5273
382321.3753
372056.0466
360621.2401
347886.3312
333731.6567
318060.2925
300812.0991
281979.4141
261623.2588
239888.3018
217148.7463
193500.0693
169345.9531
145222.9213
121769.327
99656.48214
79495.09276
61744.90382
46657.4043
34267.46212
499783.5673
499672.9209
499544.3407
499402.6603
499253.0514
499098.5851
498939.5991
498774.3531
498600.0039
498413.4326
498211.8601
497993.2533
497756.4633
497501.0339
497226.6979
496932.7109
496617.2843
496277.3765
495908.9443
495507.531
495068.9099
494589.4845
494066.2746
493496.5282
492877.2035
492204.6331
491474.582
490682.6968
489825.1423
488899.113
487902.9452
486835.7201
485696.4741
484483.3102
483192.729
481819.3779
480356.2313
478795.0714
477127.0709
475343.2779
473434.8385
471392.8752
469208.0507
466869.9613
464366.5595
461683.7816
458805.4651
455713.5271
452388.2616
448808.5403
444951.6643
440792.6681
436302.9966
431448.6424
426187.9704
420469.5123
414230.0076
407392.9171
399867.6207
391549.5273
382321.3753
372056.0466
360621.2401
347886.3312
333731.6567
318060.2925
300812.0991
281979.4141
261623.2588
239888.3018
217148.7463
193500.0693
169345.9531
145222.9213
121769.327
99656.48214
79495.09276
61744.90382
46657.4043
34267.46212
499783.5673
499672.9209
499544.3407
499402.6603
499253.0514
499098.5851
498939.5991
498774.3531
498600.0039
498413.4326
498211.8601
497993.2533
497756.4633
497501.0339
497226.6979
496932.7109
496617.2843
496277.3765
495908.9443
495507.531
495068.9099
494589.4845
494066.2746
493496.5282
492877.2035
492204.6331
491474.582
490682.6968
489825.1423
488899.113
487902.9452
486835.7201
485696.4741
484483.3102
483192.729
481819.3779
480356.2313
478795.0714
477127.0709
475343.2779
473434.8385
471392.8752
469208.0507
466869.9613
464366.5595
461683.7816
458805.4651
455713.5271
452388.2616
448808.5403
444951.6643
440792.6681
436302.9966
431448.6424
426187.9704
420469.5123
414230.0076
407392.9171
399867.6207
391549.5273
382321.3753
372056.0466
360621.2401
347886.3312
333731.6567
318060.2925
300812.0991
281979.4141
261623.2588
239888.3018
217148.7463
193500.0693
169345.9531
145222.9213
121769.327
99656.48214
79495.09276
61744.90382
46657.4043
34267.46212
499783.5673
499672.9209
499544.3407
499402.6603
499253.0514
499098.5851
498939.5991
498774.3531
498600.0039
498413.4326
498211.8601
497993.2533
497756.4633
497501.0339
497226.6979
496932.7109
496617.2843
496277.3765
495908.9443
495507.531
495068.9099
494589.4845
494066.2746
493496.5282
492877.2035
492204.6331
491474.582
490682.6968
489825.1423
488899.113
487902.9452
486835.7201
485696.4741
484483.3102
483192.729
481819.3779
480356.2313
478795.0714
477127.0709
475343.2779
473434.8385
471392.8752
469208.0507
466869.9613
464366.5595
461683.7816
458805.4651
455713.5271
452388.2616
448808.5403
444951.6643
440792.6681
436302.9966
431448.6424
426187.9704
420469.5123
414230.0076
407392.9171
399867.6207
391549.5273
382321.3753
372056.0466
360621.2401
347886.3312
333731.6567
318060.2925
300812.0991
281979.4141
261623.2588
239888.3018
217148.7463
193500.0693
169345.9531
145222.9213
121769.327
99656.48214
79495.09276
61744.90382
46657.4043
34267.46212
499783.5673
499672.9209
499544.3407
499402.6603
499253.0514
499098.5851
498939.5991
498774.3531
498600.0039
498413.4326
498211.8601
497993.2533
497756.4633
497501.0339
497226.6979
496932.7109
496617.2843
496277.3765
495908.9443
495507.531
495068.9099
494589.4845
494066.2746
493496.5282
492877.2035
492204.6331
491474.582
490682.6968
489825.1423
488899.113
487902.9452
486835.7201
485696.4741
484483.3102
483192.729
481819.3779
480356.2313
478795.0714
477127.0709
475343.2779
473434.8385
471392.8752
469208.0507
466869.9613
464366.5595
461683.7816
458805.4651
455713.5271
452388.2616
448808.5403
444951.6643
440792.6681
436302.9966
431448.6424
426187.9704
420469.5123
414230.0076
407392.9171
399867.6207
391549.5273
382321.3753
372056.0466
360621.2401
347886.3312
333731.6567
318060.2925
300812.0991
281979.4141
261623.2588
239888.3018
217148.7463
193500.0693
169345.9531
145222.9213
121769.327
99656.48214
79495.09276
61744.90382
46657.4043
34267.46212
499783.5673
499672.9209
499544.3407
499402.6603
499253.0514
499098.5851
498939.5991
498774.3531
498600.0039
498413.4326
498211.8601
497993.2533
497756.4633
497501.0339
497226.6979
496932.7109
496617.2843
496277.3765
495908.9443
495507.531
495068.9099
494589.4845
494066.2746
493496.5282
492877.2035
492204.6331
491474.582
490682.6968
489825.1423
488899.113
487902.9452
486835.7201
485696.4741
484483.3102
483192.729
481819.3779
480356.2313
478795.0714
477127.0709
475343.2779
473434.8385
471392.8752
469208.0507
466869.9613
464366.5595
461683.7816
458805.4651
455713.5271
452388.2616
448808.5403
444951.6643
440792.6681
436302.9966
431448.6424
426187.9704
420469.5123
414230.0076
407392.9171
399867.6207
391549.5273
382321.3753
372056.0466
360621.2401
347886.3312
333731.6567
318060.2925
300812.0991
281979.4141
261623.2588
239888.3018
217148.7463
193500.0693
169345.9531
145222.9213
121769.327
99656.48214
79495.09276
61744.90382
46657.4043
34267.46212
499783.5673
499672.9209
499544.3407
499402.6603
499253.0514
499098.5851
498939.5991
498774.3531
498600.0039
498413.4326
498211.8601
497993.2533
497756.4633
497501.0339
497226.6979
496932.7109
496617.2843
496277.3765
495908.9443
495507.531
495068.9099
494589.4845
494066.2746
493496.5282
492877.2035
492204.6331
491474.582
490682.6968
489825.1423
488899.113
487902.9452
486835.7201
485696.4741
484483.3102
483192.729
481819.3779
480356.2313
478795.0714
477127.0709
475343.2779
473434.8385
471392.8752
469208.0507
466869.9613
464366.5595
461683.7816
458805.4651
455713.5271
452388.2616
448808.5403
444951.6643
440792.6681
436302.9966
431448.6424
426187.9704
420469.5123
414230.0076
407392.9171
399867.6207
391549.5273
382321.3753
372056.0466
360621.2401
347886.3312
333731.6567
318060.2925
300812.0991
281979.4141
261623.2588
239888.3018
217148.7463
193500.0693
169345.9531
145222.9213
121769.327
99656.48214
79495.09276
61744.90382
46657.4043
34267.46212
499783.5673
499672.9209
499544.3407
499402.6603
499253.0514
499098.5851
498939.5991
498774.3531
498600.0039
498413.4326
498211.8601
497993.2533
497756.4633
497501.0339
497226.6979
496932.7109
496617.2843
496277.3765
495908.9443
495507.531
495068.9099
494589.4845
494066.2746
493496.5282
492877.2035
492204.6331
491474.582
490682.6968
489825.1423
488899.113
487902.9452
486835.7201
485696.4741
484483.3102
483192.729
481819.3779
480356.2313
478795.0714
477127.0709
475343.2779
473434.8385
471392.8752
469208.0507
466869.9613
464366.5595
461683.7816
458805.4651
455713.5271
452388.2616
448808.5403
444951.6643
440792.6681
436302.9966
431448.6424
426187.9704
420469.5123
414230.0076
407392.9171
399867.6207
391549.5273
382321.3753
372056.0466
360621.2401
347886.3312
333731.6567
318060.2925
300812.0991
281979.4141
261623.2588
239888.3018
217148.7463
193500.0693
169345.9531
145222.9213
121769.327
99656.48214
79495.09276
61744.90382
46657.4043
34267.46212
499783.5673
499672.9209
499544.3407
499402.6603
499253.0514
499098.5851
498939.5991
498774.3531
498600.0039
498413.4326
498211.8601
497993.2533
497756.4633
497501.0339
497226.6979
496932.7109
496617.2843
496277.3765
495908.9443
495507.531
495068.9099
494589.4845
494066.2746
493496.5282
492877.2035
492204.6331
491474.582
490682.6968
489825.1423
488899.113
487902.9452
486835.7201
485696.4741
484483.3102
483192.729
481819.3779
480356.2313
478795.0714
477127.0709
475343.2779
473434.8385
471392.8752
469208.0507
466869.9613
464366.5595
461683.7816
458805.4651
455713.5271
452388.2616
448808.5403
444951.6643
440792.6681
436302.9966
431448.6424
426187.9704
420469.5123
414230.0076
407392.9171
399867.6207
391549.5273
382321.3753
372056.0466
360621.2401
347886.3312
333731.6567
318060.2925
300812.0991
281979.4141
261623.2588
239888.3018
217148.7463
193500.0693
169345.9531
145222.9213
121769.327
99656.48214
79495.09276
61744.90382
46657.4043
34267.46212
499783.5673
499672.9209
499544.3407
499402.6603
499253.0514
499098.5851
498939.5991
498774.3531
498600.0039
498413.4326
498211.8601
497993.2533
497756.4633
497501.0339
497226.6979
496932.7109
496617.2843
496277.3765
495908.9443
495507.531
495068.9099
494589.4845
494066.2746
493496.5282
492877.2035
492204.6331
491474.582
490682.6968
489825.1423
488899.113
487902.9452
486835.7201
485696.4741
484483.3102
483192.729
481819.3779
480356.2313
478795.0714
477127.0709
475343.2779
473434.8385
471392.8752
469208.0507
466869.9613
464366.5595
461683.7816
458805.4651
455713.5271
452388.2616
448808.5403
444951.6643
440792.6681
436302.9966
431448.6424
426187.9704
420469.5123
414230.0076
407392.9171
399867.6207
391549.5273
382321.3753
372056.0466
360621.2401
347886.3312
333731.6567
318060.2925
300812.0991
281979.4141
261623.2588
239888.3018
217148.7463
193500.0693
169345.9531
145222.9213
121769.327
99656.48214
79495.09276
61744.90382
46657.4043
34267.46212
499783.5673
499672.9209
499544.3407
499402.6603
499253.0514
499098.5851
498939.5991
498774.3531
498600.0039
498413.4326
498211.8601
497993.2533
497756.4633
497501.0339
497226.6979
496932.7109
496617.2843
496277.3765
495908.9443
495507.531
495068.9099
494589.4845
494066.2746
493496.5282
492877.2035
492204.6331
491474.582
490682.6968
489825.1423
488899.113
487902.9452
486835.7201
485696.4741
484483.3102
483192.729
481819.3779
480356.2313
478795.0714
477127.0709
475343.2779
473434.8385
471392.8752
469208.0507
466869.9613
464366.5595
461683.7816
458805.4651
455713.5271
452388.2616
448808.5403
444951.6643
440792.6681
436302.9966
431448.6424
426187.9704
420469.5123
414230.0076
407392.9171
399867.6207
391549.5273
382321.3753
372056.0466
360621.2401
347886.3312
333731.6567
318060.2925
300812.0991
281979.4141
261623.2588
239888.3018
217148.7463
193500.0693
169345.9531
145222.9213
121769.327
99656.48214
79495.09276
61744.90382
46657.4043
34267.46212
499783.5673
499672.9209
499544.3407
499402.6603
499253.0514
499098.5851
498939.5991
498774.3531
498600.0039
498413.4326
498211.8601
497993.2533
497756.4633
497501.0339
497226.6979
496932.7109
496617.2843
496277.3765
495908.9443
495507.531
495068.9099
494589.4845
494066.2746
493496.5282
492877.2035
492204.6331
491474.582
490682.6968
489825.1423
488899.113
487902.9452
486835.7201
485696.4741
484483.3102
483192.729
481819.3779
480356.2313
478795.0714
477127.0709
475343.2779
473434.8385
471392.8752
469208.0507
466869.9613
464366.5595
461683.7816
458805.4651
455713.5271
452388.2616
448808.5403
444951.6643
440792.6681
436302.9966
431448.6424
426187.9704
420469.5123
414230.0076
407392.9171
399867.6207
391549.5273
382321.3753
372056.0466
360621.2401
347886.3312
333731.6567
318060.2925
300812.0991
281979.4141
261623.2588
239888.3018
217148.7463
193500.0693
169345.9531
145222.9213
121769.327
99656.48214
79495.09276
61744.90382
46657.4043
34267.46212
499783.5673
499672.9209
499544.3407
499402.6603
499253.0514
499098.5851
498939.5991
498774.3531
498600.0039
498413.4326
498211.8601
497993.2533
497756.4633
497501.0339
497226.6979
496932.7109
496617.2843
496277.3765
495908.9443
495507.531
495068.9099
494589.4845
494066.2746
493496.5282
492877.2035
492204.6331
491474.582
490682.6968
489825.1423
488899.113
487902.9452
486835.7201
485696.4741
484483.3102
483192.729
481819.3779
480356.2313
478795.0714
477127.0709
475343.2779
473434.8385
471392.8752
469208.0507
466869.9613
464366.5595
461683.7816
458805.4651
455713.5271
452388.2616
448808.5403
444951.6643
440792.6681
436302.9966
431448.6424
426187.9704
420469.5123
414230.0076
407392.9171
399867.6207
391549.5273
382321.3753
372056.0466
360621.2401
347886.3312
333731.6567
318060.2925
300812.0991
281979.4141
261623.2588
239888.3018
217148.7463
193500.0693
169345.9531
145222.9213
121769.327
99656.48214
79495.09276
61744.90382
46657.4043
34267.46212
499783.5673
499672.9209
499544.3407
499402.6603
499253.0514
499098.5851
498939.5991
498774.3531
498600.0039
498413.4326
498211.8601
497993.2533
497756.4633
497501.0339
497226.6979
496932.7109
496617.2843
496277.3765
495908.9443
495507.531
495068.9099
494589.4845
494066.2746
493496.5282
492877.2035
492204.6331
491474.582
490682.6968
489825.1423
488899.113
487902.9452
486835.7201
485696.4741
484483.3102
483192.729
481819.3779
480356.2313
478795.0714
477127.0709
475343.2779
473434.8385
471392.8752
469208.0507
466869.9613
464366.5595
461683.7816
458805.4651
455713.5271
452388.2616
448808.5403
444951.6643
440792.6681
436302.9966
431448.6424
426187.9704
420469.5123
414230.0076
407392.9171
399867.6207
391549.5273
382321.3753
372056.0466
360621.2401
347886.3312
333731.6567
318060.2925
300812.0991
281979.4141
261623.2588
239888.3018
217148.7463
193500.0693
169345.9531
145222.9213
121769.327
99656.48214
79495.09276
61744.90382
46657.4043
34267.46212
499783.5673
499672.9209
499544.3407
499402.6603
499253.0514
499098.5851
498939.5991
498774.3531
498600.0039
498413.4326
498211.8601
497993.2533
497756.4633
497501.0339
497226.6979
496932.7109
496617.2843
496277.3765
495908.9443
495507.531
495068.9099
494589.4845
494066.2746
493496.5282
492877.2035
492204.6331
491474.582
490682.6968
489825.1423
488899.113
487902.9452
486835.7201
485696.4741
484483.3102
483192.729
481819.3779
480356.2313
478795.0714
477127.0709
475343.2779
473434.8385
471392.8752
469208.0507
466869.9613
464366.5595
461683.7816
458805.4651
455713.5271
452388.2616
448808.5403
444951.6643
440792.6681
436302.9966
431448.6424
426187.9704
420469.5123
414230.0076
407392.9171
399867.6207
391549.5273
382321.3753
372056.0466
360621.2401
347886.3312
333731.6567
318060.2925
300812.0991
281979.4141
261623.2588
239888.3018
217148.7463
193500.0693
169345.9531
145222.9213
121769.327
99656.48214
79495.09276
61744.90382
46657.4043
34267.46212
499783.5673
499672.9209
499544.3407
499402.6603
499253.0514
499098.5851
498939.5991
498774.3531
498600.0039
498413.4326
498211.8601
497993.2533
497756.4633
497501.0339
497226.6979
496932.7109
496617.2843
496277.3765
495908.9443
495507.531
495068.9099
494589.4845
494066.2746
493496.5282
492877.2035
492204.6331
491474.582
490682.6968
489825.1423
488899.113
487902.9452
486835.7201
485696.4741
484483.3102
483192.729
481819.3779
480356.2313
478795.0714
477127.0709
475343.2779
473434.8385
471392.8752
469208.0507
466869.9613
464366.5595
461683.7816
458805.4651
455713.5271
452388.2616
448808.5403
444951.6643
440792.6681
436302.9966
431448.6424
426187.9704
420469.5123
414230.0076
407392.9171
399867.6207
391549.5273
382321.3753
372056.0466
360621.2401
347886.3312
333731.6567
318060.2925
300812.0991
281979.4141
261623.2588
239888.3018
217148.7463
193500.0693
169345.9531
145222.9213
121769.327
99656.48214
79495.09276
61744.90382
46657.4043
34267.46212
499783.5673
499672.9209
499544.3407
499402.6603
499253.0514
499098.5851
498939.5991
498774.3531
498600.0039
498413.4326
498211.8601
497993.2533
497756.4633
497501.0339
497226.6979
496932.7109
496617.2843
496277.3765
495908.9443
495507.531
495068.9099
494589.4845
494066.2746
493496.5282
492877.2035
492204.6331
491474.582
490682.6968
489825.1423
488899.113
487902.9452
486835.7201
485696.4741
484483.3102
483192.729
481819.3779
480356.2313
478795.0714
477127.0709
475343.2779
473434.8385
471392.8752
469208.0507
466869.9613
464366.5595
461683.7816
458805.4651
455713.5271
452388.2616
448808.5403
444951.6643
440792.6681
436302.9966
431448.6424
426187.9704
420469.5123
414230.0076
407392.9171
399867.6207
391549.5273
382321.3753
372056.0466
360621.2401
347886.3312
333731.6567
318060.2925
300812.0991
281979.4141
261623.2588
239888.3018
217148.7463
193500.0693
169345.9531
145222.9213
121769.327
99656.48214
79495.09276
61744.90382
46657.4043
34267.46212
499783.5673
499672.9209
499544.3407
499402.6603
499253.0514
499098.5851
498939.5991
498774.3531
498600.0039
498413.4326
498211.8601
497993.2533
497756.4633
497501.0339
497226.6979
496932.7109
496617.2843
496277.3765
495908.9443
495507.531
495068.9099
494589.4845
494066.2746
493496.5282
492877.2035
492204.6331
491474.582
490682.6968
489825.1423
488899.113
487902.9452
486835.7201
485696.4741
484483.3102
483192.729
481819.3779
480356.2313
478795.0714
477127.0709
475343.2779
473434.8385
471392.8752
469208.0507
466869.9613
464366.5595
461683.7816
458805.4651
455713.5271
452388.2616
448808.5403
444951.6643
440792.6681
436302.9966
431448.6424
426187.9704
420469.5123
414230.0076
407392.9171
399867.6207
391549.5273
382321.3753
372056.0466
360621.2401
347886.3312
333731.6567
318060.2925
300812.0991
281979.4141
261623.2588
239888.3018
217148.7463
193500.0693
169345.9531
145222.9213
121769.327
99656.48214
79495.09276
61744.90382
46657.4043
34267.46212
499783.5673
499672.9209
499544.3407
499402.6603
499253.0514
499098.5851
498939.5991
498774.3531
498600.0039
498413.4326
498211.8601
497993.2533
497756.4633
497501.0339
497226.6979
496932.7109
496617.2843
496277.3765
495908.9443
495507.531
495068.9099
494589.4845
494066.2746
493496.5282
492877.2035
492204.6331
491474.582
490682.6968
489825.1423
488899.113
487902.9452
486835.7201
485696.4741
484483.3102
483192.729
481819.3779
480356.2313
478795.0714
477127.0709
475343.2779
473434.8385
471392.8752
469208.0507
466869.9613
464366.5595
461683.7816
458805.4651
455713.5271
452388.2616
448808.5403
444951.6643
440792.6681
436302.9966
431448.6424
426187.9704
420469.5123
414230.0076
407392.9171
399867.6207
391549.5273
382321.3753
372056.0466
360621.2401
347886.3312
333731.6567
318060.2925
300812.0991
281979.4141
261623.2588
239888.3018
217148.7463
193500.0693
169345.9531
145222.9213
121769.327
99656.48214
79495.09276
61744.90382
46657.4043
34267.46212
499783.5673
499672.9209
499544.3407
499402.6603
499253.0514
499098.5851
498939.5991
498774.3531
498600.0039
498413.4326
498211.8601
497993.2533
497756.4633
497501.0339
497226.6979
496932.7109
496617.2843
496277.3765
495908.9443
495507.531
495068.9099
494589.4845
494066.2746
493496.5282
492877.2035
492204.6331
491474.582
490682.6968
489825.1423
488899.113
487902.9452
486835.7201
485696.4741
484483.3102
483192.729
481819.3779
480356.2313
478795.0714
477127.0709
475343.2779
473434.8385
471392.8752
469208.0507
466869.9613
464366.5595
461683.7816
458805.4651
455713.5271
452388.2616
448808.5403
444951.6643
440792.6681
436302.9966
431448.6424
426187.9704
420469.5123
414230.0076
407392.9171
399867.6207
391549.5273
382321.3753
372056.0466
360621.2401
347886.3312
333731.6567
318060.2925
300812.0991
281979.4141
261623.2588
239888.3018
217148.7463
193500.0693
169345.9531
145222.9213
121769.327
99656.48214
79495.09276
61744.90382
46657.4043
34267.46212
499783.5673
499672.9209
499544.3407
499402.6603
499253.0514
499098.5851
498939.5991
498774.3531
498600.0039
498413.4326
498211.8601
497993.2533
497756.4633
497501.0339
497226.6979
496932.7109
496617.2843
496277.3765
495908.9443
495507.531
495068.9099
494589.4845
494066.2746
493496.5282
492877.2035
492204.6331
491474.582
490682.6968
489825.1423
488899.113
487902.9452
486835.7201
485696.4741
484483.3102
483192.729
481819.3779
480356.2313
478795.0714
477127.0709
475343.2779
473434.8385
471392.8752
469208.0507
466869.9613
464366.5595
461683.7816
458805.4651
455713.5271
452388.2616
448808.5403
444951.6643
440792.6681
436302.9966
431448.6424
426187.9704
420469.5123
414230.0076
407392.9171
399867.6207
391549.5273
382321.3753
372056.0466
360621.2401
347886.3312
333731.6567
318060.2925
300812.0991
281979.4141
261623.2588
239888.3018
217148.7463
193500.0693
169345.9531
145222.9213
121769.327
99656.48214
79495.09276
61744.90382
46657.4043
34267.46212
499783.5673
499672.9209
499544.3407
499402.6603
499253.0514
499098.5851
498939.5991
498774.3531
498600.0039
498413.4326
498211.8601
497993.2533
497756.4633
497501.0339
497226.6979
496932.7109
496617.2843
496277.3765
495908.9443
495507.531
495068.9099
494589.4845
494066.2746
493496.5282
492877.2035
492204.6331
491474.582
490682.6968
489825.1423
488899.113
487902.9452
486835.7201
485696.4741
484483.3102
483192.729
481819.3779
480356.2313
478795.0714
477127.0709
475343.2779
473434.8385
471392.8752
469208.0507
466869.9613
464366.5595
461683.7816
458805.4651
455713.5271
452388.2616
448808.5403
444951.6643
440792.6681
436302.9966
431448.6424
426187.9704
420469.5123
414230.0076
407392.9171
399867.6207
391549.5273
382321.3753
372056.0466
360621.2401
347886.3312
333731.6567
318060.2925
300812.0991
281979.4141
261623.2588
239888.3018
217148.7463
193500.0693
169345.9531
145222.9213
121769.327
99656.48214
79495.09276
61744.90382
46657.4043
34267.46212
499783.5673
499672.9209
499544.3407
499402.6603
499253.0514
499098.5851
498939.5991
498774.3531
498600.0039
498413.4326
498211.8601
497993.2533
497756.4633
497501.0339
497226.6979
496932.7109
496617.2843
496277.3765
495908.9443
495507.531
495068.9099
494589.4845
494066.2746
493496.5282
492877.2035
492204.6331
491474.582
490682.6968
489825.1423
488899.113
487902.9452
486835.7201
485696.4741
484483.3102
483192.729
481819.3779
480356.2313
478795.0714
477127.0709
475343.2779
473434.8385
471392.8752
469208.0507
466869.9613
464366.5595
461683.7816
458805.4651
455713.5271
452388.2616
448808.5403
444951.6643
440792.6681
436302.9966
431448.6424
426187.9704
420469.5123
414230.0076
407392.9171
399867.6207
391549.5273
382321.3753
372056.0466
360621.2401
347886.3312
333731.6567
318060.2925
300812.0991
281979.4141
261623.2588
239888.3018
217148.7463
193500.0693
169345.9531
145222.9213
121769.327
99656.48214
79495.09276
61744.90382
46657.4043
34267.46212
499783.5673
499672.9209
499544.3407
499402.6603
499253.0514
499098.5851
498939.5991
498774.3531
498600.0039
498413.4326
498211.8601
497993.2533
497756.4633
497501.0339
497226.6979
496932.7109
496617.2843
496277.3765
495908.9443
495507.531
495068.9099
494589.4845
494066.2746
493496.5282
492877.2035
492204.6331
491474.582
490682.6968
489825.1423
488899.113
487902.9452
486835.7201
485696.4741
484483.3102
483192.729
481819.3779
480356.2313
478795.0714
477127.0709
475343.2779
473434.8385
471392.8752
469208.0507
466869.9613
464366.5595
461683.7816
458805.4651
455713.5271
452388.2616
448808.5403
444951.6643
440792.6681
436302.9966
431448.6424
426187.9704
420469.5123
414230.0076
407392.9171
399867.6207
391549.5273
382321.3753
372056.0466
360621.2401
347886.3312
333731.6567
318060.2925
300812.0991
281979.4141
261623.2588
239888.3018
217148.7463
193500.0693
169345.9531
145222.9213
121769.327
99656.48214
79495.09276
61744.90382
46657.4043
34267.46212
499783.5673
499672.9209
499544.3407
499402.6603
499253.0514
499098.5851
498939.5991
498774.3531
498600.0039
498413.4326
498211.8601
497993.2533
497756.4633
497501.0339
497226.6979
496932.7109
496617.2843
496277.3765
495908.9443
495507.531
495068.9099
494589.4845
494066.2746
493496.5282
492877.2035
492204.6331
491474.582
490682.6968
489825.1423
488899.113
487902.9452
486835.7201
485696.4741
484483.3102
483192.729
481819.3779
480356.2313
478795.0714
477127.0709
475343.2779
473434.8385
471392.8752
469208.0507
466869.9613
464366.5595
461683.7816
458805.4651
455713.5271
452388.2616
448808.5403
444951.6643
440792.6681
436302.9966
431448.6424
426187.9704
420469.5123
414230.0076
407392.9171
399867.6207
391549.5273
382321.3753
372056.0466
360621.2401
347886.3312
333731.6567
318060.2925
300812.0991
281979.4141
261623.2588
239888.3018
217148.7463
193500.0693
169345.9531
145222.9213
121769.327
99656.48214
79495.09276
61744.90382
46657.4043
34267.46212
499783.5673
499672.9209
499544.3407
499402.6603
499253.0514
499098.5851
498939.5991
498774.3531
498600.0039
498413.4326
498211.8601
497993.2533
497756.4633
497501.0339
497226.6979
496932.7109
496617.2843
496277.3765
495908.9443
495507.531
495068.9099
494589.4845
494066.2746
493496.5282
492877.2035
492204.6331
491474.582
490682.6968
489825.1423
488899.113
487902.9452
486835.7201
485696.4741
484483.3102
483192.729
481819.3779
480356.2313
478795.0714
477127.0709
475343.2779
473434.8385
471392.8752
469208.0507
466869.9613
464366.5595
461683.7816
458805.4651
455713.5271
452388.2616
448808.5403
444951.6643
440792.6681
436302.9966
431448.6424
426187.9704
420469.5123
414230.0076
407392.9171
399867.6207
391549.5273
382321.3753
372056.0466
360621.2401
347886.3312
333731.6567
318060.2925
300812.0991
281979.4141
261623.2588
239888.3018
217148.7463
193500.0693
169345.9531
145222.9213
121769.327
99656.48214
79495.09276
61744.90382
46657.4043
34267.46212
499783.5673
499672.9209
499544.3407
499402.6603
499253.0514
499098.5851
498939.5991
498774.3531
498600.0039
498413.4326
498211.8601
497993.2533
497756.4633
497501.0339
497226.6979
496932.7109
496617.2843
496277.3765
495908.9443
495507.531
495068.9099
494589.4845
494066.2746
493496.5282
492877.2035
492204.6331
491474.582
490682.6968
489825.1423
488899.113
487902.9452
486835.7201
485696.4741
484483.3102
483192.729
481819.3779
480356.2313
478795.0714
477127.0709
475343.2779
473434.8385
471392.8752
469208.0507
466869.9613
464366.5595
461683.7816
458805.4651
455713.5271
452388.2616
448808.5403
444951.6643
440792.6681
436302.9966
431448.6424
426187.9704
420469.5123
414230.0076
407392.9171
399867.6207
391549.5273
382321.3753
372056.0466
360621.2401
347886.3312
333731.6567
318060.2925
300812.0991
281979.4141
261623.2588
239888.3018
217148.7463
193500.0693
169345.9531
145222.9213
121769.327
99656.48214
79495.09276
61744.90382
46657.4043
34267.46212
499783.5673
499672.9209
499544.3407
499402.6603
499253.0514
499098.5851
498939.5991
498774.3531
498600.0039
498413.4326
498211.8601
497993.2533
497756.4633
497501.0339
497226.6979
496932.7109
496617.2843
496277.3765
495908.9443
495507.531
495068.9099
494589.4845
494066.2746
493496.5282
492877.2035
492204.6331
491474.582
490682.6968
489825.1423
488899.113
487902.9452
486835.7201
485696.4741
484483.3102
483192.729
481819.3779
480356.2313
478795.0714
477127.0709
475343.2779
473434.8385
471392.8752
469208.0507
466869.9613
464366.5595
461683.7816
458805.4651
455713.5271
452388.2616
448808.5403
444951.6643
440792.6681
436302.9966
431448.6424
426187.9704
420469.5123
414230.0076
407392.9171
399867.6207
391549.5273
382321.3753
372056.0466
360621.2401
347886.3312
333731.6567
318060.2925
300812.0991
281979.4141
261623.2588
239888.3018
217148.7463
193500.0693
169345.9531
145222.9213
121769.327
99656.48214
79495.09276
61744.90382
46657.4043
34267.46212
499783.5673
499672.9209
499544.3407
499402.6603
499253.0514
499098.5851
498939.5991
498774.3531
498600.0039
498413.4326
498211.8601
497993.2533
497756.4633
497501.0339
497226.6979
496932.7109
496617.2843
496277.3765
495908.9443
495507.531
495068.9099
494589.4845
494066.2746
493496.5282
492877.2035
492204.6331
491474.582
490682.6968
489825.1423
488899.113
487902.9452
486835.7201
485696.4741
484483.3102
483192.729
481819.3779
480356.2313
478795.0714
477127.0709
475343.2779
473434.8385
471392.8752
469208.0507
466869.9613
464366.5595
461683.7816
458805.4651
455713.5271
452388.2616
448808.5403
444951.6643
440792.6681
436302.9966
431448.6424
426187.9704
420469.5123
414230.0076
407392.9171
399867.6207
391549.5273
382321.3753
372056.0466
360621.2401
347886.3312
333731.6567
318060.2925
300812.0991
281979.4141
261623.2588
239888.3018
217148.7463
193500.0693
169345.9531
145222.9213
121769.327
99656.48214
79495.09276
61744.90382
46657.4043
34267.46212
499783.5673
499672.9209
499544.3407
499402.6603
499253.0514
499098.5851
498939.5991
498774.3531
498600.0039
498413.4326
498211.8601
497993.2533
497756.4633
497501.0339
497226.6979
496932.7109
496617.2843
496277.3765
495908.9443
495507.531
495068.9099
494589.4845
494066.2746
493496.5282
492877.2035
492204.6331
491474.582
490682.6968
489825.1423
488899.113
487902.9452
486835.7201
485696.4741
484483.3102
483192.729
481819.3779
480356.2313
478795.0714
477127.0709
475343.2779
473434.8385
471392.8752
469208.0507
466869.9613
464366.5595
461683.7816
458805.4651
455713.5271
452388.2616
448808.5403
444951.6643
440792.6681
436302.9966
431448.6424
426187.9704
420469.5123
414230.0076
407392.9171
399867.6207
391549.5273
382321.3753
372056.0466
360621.2401
347886.3312
333731.6567
318060.2925
300812.0991
281979.4141
261623.2588
239888.3018
217148.7463
193500.0693
169345.9531
145222.9213
121769.327
99656.48214
79495.09276
61744.90382
46657.4043
34267.46212
499783.5673
499672.9209
499544.3407
499402.6603
499253.0514
499098.5851
498939.5991
498774.3531
498600.0039
498413.4326
498211.8601
497993.2533
497756.4633
497501.0339
497226.6979
496932.7109
496617.2843
496277.3765
495908.9443
495507.531
495068.9099
494589.4845
494066.2746
493496.5282
492877.2035
492204.6331
491474.582
490682.6968
489825.1423
488899.113
487902.9452
486835.7201
485696.4741
484483.3102
483192.729
481819.3779
480356.2313
478795.0714
477127.0709
475343.2779
473434.8385
471392.8752
469208.0507
466869.9613
464366.5595
461683.7816
458805.4651
455713.5271
452388.2616
448808.5403
444951.6643
440792.6681
436302.9966
431448.6424
426187.9704
420469.5123
414230.0076
407392.9171
399867.6207
391549.5273
382321.3753
372056.0466
360621.2401
347886.3312
333731.6567
318060.2925
300812.0991
281979.4141
261623.2588
239888.3018
217148.7463
193500.0693
169345.9531
145222.9213
121769.327
99656.48214
79495.09276
61744.90382
46657.4043
34267.46212
499783.5673
499672.9209
499544.3407
499402.6603
499253.0514
499098.5851
498939.5991
498774.3531
498600.0039
498413.4326
498211.8601
497993.2533
497756.4633
497501.0339
497226.6979
496932.7109
496617.2843
496277.3765
495908.9443
495507.531
495068.9099
494589.4845
494066.2746
493496.5282
492877.2035
492204.6331
491474.582
490682.6968
489825.1423
488899.113
487902.9452
486835.7201
485696.4741
484483.3102
483192.729
481819.3779
480356.2313
478795.0714
477127.0709
475343.2779
473434.8385
471392.8752
469208.0507
466869.9613
464366.5595
461683.7816
458805.4651
455713.5271
452388.2616
448808.5403
444951.6643
440792.6681
436302.9966
431448.6424
426187.9704
420469.5123
414230.0076
407392.9171
399867.6207
391549.5273
382321.3753
372056.0466
360621.2401
347886.3312
333731.6567
318060.2925
300812.0991
281979.4141
261623.2588
239888.3018
217148.7463
193500.0693
169345.9531
145222.9213
121769.327
99656.48214
79495.09276
61744.90382
46657.4043
34267.46212
499783.5673
499672.9209
499544.3407
499402.6603
499253.0514
499098.5851
498939.5991
498774.3531
498600.0039
498413.4326
498211.8601
497993.2533
497756.4633
497501.0339
497226.6979
496932.7109
496617.2843
496277.3765
495908.9443
495507.531
495068.9099
494589.4845
494066.2746
493496.5282
492877.2035
492204.6331
491474.582
490682.6968
489825.1423
488899.113
487902.9452
486835.7201
485696.4741
484483.3102
483192.729
481819.3779
480356.2313
478795.0714
477127.0709
475343.2779
473434.8385
471392.8752
469208.0507
466869.9613
464366.5595
461683.7816
458805.4651
455713.5271
452388.2616
448808.5403
444951.6643
440792.6681
436302.9966
431448.6424
426187.9704
420469.5123
414230.0076
407392.9171
399867.6207
391549.5273
382321.3753
372056.0466
360621.2401
347886.3312
333731.6567
318060.2925
300812.0991
281979.4141
261623.2588
239888.3018
217148.7463
193500.0693
169345.9531
145222.9213
121769.327
99656.48214
79495.09276
61744.90382
46657.4043
34267.46212
499783.5673
499672.9209
499544.3407
499402.6603
499253.0514
499098.5851
498939.5991
498774.3531
498600.0039
498413.4326
498211.8601
497993.2533
497756.4633
497501.0339
497226.6979
496932.7109
496617.2843
496277.3765
495908.9443
495507.531
495068.9099
494589.4845
494066.2746
493496.5282
492877.2035
492204.6331
491474.582
490682.6968
489825.1423
488899.113
487902.9452
486835.7201
485696.4741
484483.3102
483192.729
481819.3779
480356.2313
478795.0714
477127.0709
475343.2779
473434.8385
471392.8752
469208.0507
466869.9613
464366.5595
461683.7816
458805.4651
455713.5271
452388.2616
448808.5403
444951.6643
440792.6681
436302.9966
431448.6424
426187.9704
420469.5123
414230.0076
407392.9171
399867.6207
391549.5273
382321.3753
372056.0466
360621.2401
347886.3312
333731.6567
318060.2925
300812.0991
281979.4141
261623.2588
239888.3018
217148.7463
193500.0693
169345.9531
145222.9213
121769.327
99656.48214
79495.09276
61744.90382
46657.4043
34267.46212
499783.5673
499672.9209
499544.3407
499402.6603
499253.0514
499098.5851
498939.5991
498774.3531
498600.0039
498413.4326
498211.8601
497993.2533
497756.4633
497501.0339
497226.6979
496932.7109
496617.2843
496277.3765
495908.9443
495507.531
495068.9099
494589.4845
494066.2746
493496.5282
492877.2035
492204.6331
491474.582
490682.6968
489825.1423
488899.113
487902.9452
486835.7201
485696.4741
484483.3102
483192.729
481819.3779
480356.2313
478795.0714
477127.0709
475343.2779
473434.8385
471392.8752
469208.0507
466869.9613
464366.5595
461683.7816
458805.4651
455713.5271
452388.2616
448808.5403
444951.6643
440792.6681
436302.9966
431448.6424
426187.9704
420469.5123
414230.0076
407392.9171
399867.6207
391549.5273
382321.3753
372056.0466
360621.2401
347886.3312
333731.6567
318060.2925
300812.0991
281979.4141
261623.2588
239888.3018
217148.7463
193500.0693
169345.9531
145222.9213
121769.327
99656.48214
79495.09276
61744.90382
46657.4043
34267.46212
499783.5673
499672.9209
499544.3407
499402.6603
499253.0514
499098.5851
498939.5991
498774.3531
498600.0039
498413.4326
498211.8601
497993.2533
497756.4633
497501.0339
497226.6979
496932.7109
496617.2843
496277.3765
495908.9443
495507.531
495068.9099
494589.4845
494066.2746
493496.5282
492877.2035
492204.6331
491474.582
490682.6968
489825.1423
488899.113
487902.9452
486835.7201
485696.4741
484483.3102
483192.729
481819.3779
480356.2313
478795.0714
477127.0709
475343.2779
473434.8385
471392.8752
469208.0507
466869.9613
464366.5595
461683.7816
458805.4651
455713.5271
452388.2616
448808.5403
444951.6643
440792.6681
436302.9966
431448.6424
426187.9704
420469.5123
414230.0076
407392.9171
399867.6207
391549.5273
382321.3753
372056.0466
360621.2401
347886.3312
333731.6567
318060.2925
300812.0991
281979.4141
261623.2588
239888.3018
217148.7463
193500.0693
169345.9531
145222.9213
121769.327
99656.48214
79495.09276
61744.90382
46657.4043
34267.46212
499783.5673
499672.9209
499544.3407
499402.6603
499253.0514
499098.5851
498939.5991
498774.3531
498600.0039
498413.4326
498211.8601
497993.2533
497756.4633
497501.0339
497226.6979
496932.7109
496617.2843
496277.3765
495908.9443
495507.531
495068.9099
494589.4845
494066.2746
493496.5282
492877.2035
492204.6331
491474.582
490682.6968
489825.1423
488899.113
487902.9452
486835.7201
485696.4741
484483.3102
483192.729
481819.3779
480356.2313
478795.0714
477127.0709
475343.2779
473434.8385
471392.8752
469208.0507
466869.9613
464366.5595
461683.7816
458805.4651
455713.5271
452388.2616
448808.5403
444951.6643
440792.6681
436302.9966
431448.6424
426187.9704
420469.5123
414230.0076
407392.9171
399867.6207
391549.5273
382321.3753
372056.0466
360621.2401
347886.3312
333731.6567
318060.2925
300812.0991
281979.4141
261623.2588
239888.3018
217148.7463
193500.0693
169345.9531
145222.9213
121769.327
99656.48214
79495.09276
61744.90382
46657.4043
34267.46212
499783.5673
499672.9209
499544.3407
499402.6603
499253.0514
499098.5851
498939.5991
498774.3531
498600.0039
498413.4326
498211.8601
497993.2533
497756.4633
497501.0339
497226.6979
496932.7109
496617.2843
496277.3765
495908.9443
495507.531
495068.9099
494589.4845
494066.2746
493496.5282
492877.2035
492204.6331
491474.582
490682.6968
489825.1423
488899.113
487902.9452
486835.7201
485696.4741
484483.3102
483192.729
481819.3779
480356.2313
478795.0714
477127.0709
475343.2779
473434.8385
471392.8752
469208.0507
466869.9613
464366.5595
461683.7816
458805.4651
455713.5271
452388.2616
448808.5403
444951.6643
440792.6681
436302.9966
431448.6424
426187.9704
420469.5123
414230.0076
407392.9171
399867.6207
391549.5273
382321.3753
372056.0466
360621.2401
347886.3312
333731.6567
318060.2925
300812.0991
281979.4141
261623.2588
239888.3018
217148.7463
193500.0693
169345.9531
145222.9213
121769.327
99656.48214
79495.09276
61744.90382
46657.4043
34267.46212
499783.5673
499672.9209
499544.3407
499402.6603
499253.0514
499098.5851
498939.5991
498774.3531
498600.0039
498413.4326
498211.8601
497993.2533
497756.4633
497501.0339
497226.6979
496932.7109
496617.2843
496277.3765
495908.9443
495507.531
495068.9099
494589.4845
494066.2746
493496.5282
492877.2035
492204.6331
491474.582
490682.6968
489825.1423
488899.113
487902.9452
486835.7201
485696.4741
484483.3102
483192.729
481819.3779
480356.2313
478795.0714
477127.0709
475343.2779
473434.8385
471392.8752
469208.0507
466869.9613
464366.5595
461683.7816
458805.4651
455713.5271
452388.2616
448808.5403
444951.6643
440792.6681
436302.9966
431448.6424
426187.9704
420469.5123
414230.0076
407392.9171
399867.6207
391549.5273
382321.3753
372056.0466
360621.2401
347886.3312
333731.6567
318060.2925
300812.0991
281979.4141
261623.2588
239888.3018
217148.7463
193500.0693
169345.9531
145222.9213
121769.327
99656.48214
79495.09276
61744.90382
46657.4043
34267.46212
499783.5673
499672.9209
499544.3407
499402.6603
499253.0514
499098.5851
498939.5991
498774.3531
498600.0039
498413.4326
498211.8601
497993.2533
497756.4633
497501.0339
497226.6979
496932.7109
496617.2843
496277.3765
495908.9443
495507.531
495068.9099
494589.4845
494066.2746
493496.5282
492877.2035
492204.6331
491474.582
490682.6968
489825.1423
488899.113
487902.9452
486835.7201
485696.4741
484483.3102
483192.729
481819.3779
480356.2313
478795.0714
477127.0709
475343.2779
473434.8385
471392.8752
469208.0507
466869.9613
464366.5595
461683.7816
458805.4651
455713.5271
452388.2616
448808.5403
444951.6643
440792.6681
436302.9966
431448.6424
426187.9704
420469.5123
414230.0076
407392.9171
399867.6207
391549.5273
382321.3753
372056.0466
360621.2401
347886.3312
333731.6567
318060.2925
300812.0991
281979.4141
261623.2588
239888.3018
217148.7463
193500.0693
169345.9531
145222.9213
121769.327
99656.48214
79495.09276
61744.90382
46657.4043
34267.46212
499783.5673
499672.9209
499544.3407
499402.6603
499253.0514
499098.5851
498939.5991
498774.3531
498600.0039
498413.4326
498211.8601
497993.2533
497756.4633
497501.0339
497226.6979
496932.7109
496617.2843
496277.3765
495908.9443
495507.531
495068.9099
494589.4845
494066.2746
493496.5282
492877.2035
492204.6331
491474.582
490682.6968
489825.1423
488899.113
487902.9452
486835.7201
485696.4741
484483.3102
483192.729
481819.3779
480356.2313
478795.0714
477127.0709
475343.2779
473434.8385
471392.8752
469208.0507
466869.9613
464366.5595
461683.7816
458805.4651
455713.5271
452388.2616
448808.5403
444951.6643
440792.6681
436302.9966
431448.6424
426187.9704
420469.5123
414230.0076
407392.9171
399867.6207
391549.5273
382321.3753
372056.0466
360621.2401
347886.3312
333731.6567
318060.2925
300812.0991
281979.4141
261623.2588
239888.3018
217148.7463
193500.0693
169345.9531
145222.9213
121769.327
99656.48214
79495.09276
61744.90382
46657.4043
34267.46212
499783.5673
499672.9209
499544.3407
499402.6603
499253.0514
499098.5851
498939.5991
498774.3531
498600.0039
498413.4326
498211.8601
497993.2533
497756.4633
497501.0339
497226.6979
496932.7109
496617.2843
496277.3765
495908.9443
495507.531
495068.9099
494589.4845
494066.2746
493496.5282
492877.2035
492204.6331
491474.582
490682.6968
489825.1423
488899.113
487902.9452
486835.7201
485696.4741
484483.3102
483192.729
481819.3779
480356.2313
478795.0714
477127.0709
475343.2779
473434.8385
471392.8752
469208.0507
466869.9613
464366.5595
461683.7816
458805.4651
455713.5271
452388.2616
448808.5403
444951.6643
440792.6681
436302.9966
431448.6424
426187.9704
420469.5123
414230.0076
407392.9171
399867.6207
391549.5273
382321.3753
372056.0466
360621.2401
347886.3312
333731.6567
318060.2925
300812.0991
281979.4141
261623.2588
239888.3018
217148.7463
193500.0693
169345.9531
145222.9213
121769.327
99656.48214
79495.09276
61744.90382
46657.4043
34267.46212
499783.5673
499672.9209
499544.3407
499402.6603
499253.0514
499098.5851
498939.5991
498774.3531
498600.0039
498413.4326
498211.8601
497993.2533
497756.4633
497501.0339
497226.6979
496932.7109
496617.2843
496277.3765
495908.9443
495507.531
495068.9099
494589.4845
494066.2746
493496.5282
492877.2035
492204.6331
491474.582
490682.6968
489825.1423
488899.113
487902.9452
486835.7201
485696.4741
484483.3102
483192.729
481819.3779
480356.2313
478795.0714
477127.0709
475343.2779
473434.8385
471392.8752
469208.0507
466869.9613
464366.5595
461683.7816
458805.4651
455713.5271
452388.2616
448808.5403
444951.6643
440792.6681
436302.9966
431448.6424
426187.9704
420469.5123
414230.0076
407392.9171
399867.6207
391549.5273
382321.3753
372056.0466
360621.2401
347886.3312
333731.6567
318060.2925
300812.0991
281979.4141
261623.2588
239888.3018
217148.7463
193500.0693
169345.9531
145222.9213
121769.327
99656.48214
79495.09276
61744.90382
46657.4043
34267.46212
499783.5673
499672.9209
499544.3407
499402.6603
499253.0514
499098.5851
498939.5991
498774.3531
498600.0039
498413.4326
498211.8601
497993.2533
497756.4633
497501.0339
497226.6979
496932.7109
496617.2843
496277.3765
495908.9443
495507.531
495068.9099
494589.4845
494066.2746
493496.5282
492877.2035
492204.6331
491474.582
490682.6968
489825.1423
488899.113
487902.9452
486835.7201
485696.4741
484483.3102
483192.729
481819.3779
480356.2313
478795.0714
477127.0709
475343.2779
473434.8385
471392.8752
469208.0507
466869.9613
464366.5595
461683.7816
458805.4651
455713.5271
452388.2616
448808.5403
444951.6643
440792.6681
436302.9966
431448.6424
426187.9704
420469.5123
414230.0076
407392.9171
399867.6207
391549.5273
382321.3753
372056.0466
360621.2401
347886.3312
333731.6567
318060.2925
300812.0991
281979.4141
261623.2588
239888.3018
217148.7463
193500.0693
169345.9531
145222.9213
121769.327
99656.48214
79495.09276
61744.90382
46657.4043
34267.46212
499783.5673
499672.9209
499544.3407
499402.6603
499253.0514
499098.5851
498939.5991
498774.3531
498600.0039
498413.4326
498211.8601
497993.2533
497756.4633
497501.0339
497226.6979
496932.7109
496617.2843
496277.3765
495908.9443
495507.531
495068.9099
494589.4845
494066.2746
493496.5282
492877.2035
492204.6331
491474.582
490682.6968
489825.1423
488899.113
487902.9452
486835.7201
485696.4741
484483.3102
483192.729
481819.3779
480356.2313
478795.0714
477127.0709
475343.2779
473434.8385
471392.8752
469208.0507
466869.9613
464366.5595
461683.7816
458805.4651
455713.5271
452388.2616
448808.5403
444951.6643
440792.6681
436302.9966
431448.6424
426187.9704
420469.5123
414230.0076
407392.9171
399867.6207
391549.5273
382321.3753
372056.0466
360621.2401
347886.3312
333731.6567
318060.2925
300812.0991
281979.4141
261623.2588
239888.3018
217148.7463
193500.0693
169345.9531
145222.9213
121769.327
99656.48214
79495.09276
61744.90382
46657.4043
34267.46212
499783.5673
499672.9209
499544.3407
499402.6603
499253.0514
499098.5851
498939.5991
498774.3531
498600.0039
498413.4326
498211.8601
497993.2533
497756.4633
497501.0339
497226.6979
496932.7109
496617.2843
496277.3765
495908.9443
495507.531
495068.9099
494589.4845
494066.2746
493496.5282
492877.2035
492204.6331
491474.582
490682.6968
489825.1423
488899.113
487902.9452
486835.7201
485696.4741
484483.3102
483192.729
481819.3779
480356.2313
478795.0714
477127.0709
475343.2779
473434.8385
471392.8752
469208.0507
466869.9613
464366.5595
461683.7816
458805.4651
455713.5271
452388.2616
448808.5403
444951.6643
440792.6681
436302.9966
431448.6424
426187.9704
420469.5123
414230.0076
407392.9171
399867.6207
391549.5273
382321.3753
372056.0466
360621.2401
347886.3312
333731.6567
318060.2925
300812.0991
281979.4141
261623.2588
239888.3018
217148.7463
193500.0693
169345.9531
145222.9213
121769.327
99656.48214
79495.09276
61744.90382
46657.4043
34267.46212
499783.5673
499672.9209
499544.3407
499402.6603
499253.0514
499098.5851
498939.5991
498774.3531
498600.0039
498413.4326
498211.8601
497993.2533
497756.4633
497501.0339
497226.6979
496932.7109
496617.2843
496277.3765
495908.9443
495507.531
495068.9099
494589.4845
494066.2746
493496.5282
492877.2035
492204.6331
491474.582
490682.6968
489825.1423
488899.113
487902.9452
486835.7201
485696.4741
484483.3102
483192.729
481819.3779
480356.2313
478795.0714
477127.0709
475343.2779
473434.8385
471392.8752
469208.0507
466869.9613
464366.5595
461683.7816
458805.4651
455713.5271
452388.2616
448808.5403
444951.6643
440792.6681
436302.9966
431448.6424
426187.9704
420469.5123
414230.0076
407392.9171
399867.6207
391549.5273
382321.3753
372056.0466
360621.2401
347886.3312
333731.6567
318060.2925
300812.0991
281979.4141
261623.2588
239888.3018
217148.7463
193500.0693
169345.9531
145222.9213
121769.327
99656.48214
79495.09276
61744.90382
46657.4043
34267.46212
499783.5673
499672.9209
499544.3407
499402.6603
499253.0514
499098.5851
498939.5991
498774.3531
498600.0039
498413.4326
498211.8601
497993.2533
497756.4633
497501.0339
497226.6979
496932.7109
496617.2843
496277.3765
495908.9443
495507.531
495068.9099
494589.4845
494066.2746
493496.5282
492877.2035
492204.6331
491474.582
490682.6968
489825.1423
488899.113
487902.9452
486835.7201
485696.4741
484483.3102
483192.729
481819.3779
480356.2313
478795.0714
477127.0709
475343.2779
473434.8385
471392.8752
469208.0507
466869.9613
464366.5595
461683.7816
458805.4651
455713.5271
452388.2616
448808.5403
444951.6643
440792.6681
436302.9966
431448.6424
426187.9704
420469.5123
414230.0076
407392.9171
399867.6207
391549.5273
382321.3753
372056.0466
360621.2401
347886.3312
333731.6567
318060.2925
300812.0991
281979.4141
261623.2588
239888.3018
217148.7463
193500.0693
169345.9531
145222.9213
121769.327
99656.48214
79495.09276
61744.90382
46657.4043
34267.46212
499783.5673
499672.9209
499544.3407
499402.6603
499253.0514
499098.5851
498939.5991
498774.3531
498600.0039
498413.4326
498211.8601
497993.2533
497756.4633
497501.0339
497226.6979
496932.7109
496617.2843
496277.3765
495908.9443
495507.531
495068.9099
494589.4845
494066.2746
493496.5282
492877.2035
492204.6331
491474.582
490682.6968
489825.1423
488899.113
487902.9452
486835.7201
485696.4741
484483.3102
483192.729
481819.3779
480356.2313
478795.0714
477127.0709
475343.2779
473434.8385
471392.8752
469208.0507
466869.9613
464366.5595
461683.7816
458805.4651
455713.5271
452388.2616
448808.5403
444951.6643
440792.6681
436302.9966
431448.6424
426187.9704
420469.5123
414230.0076
407392.9171
399867.6207
391549.5273
382321.3753
372056.0466
360621.2401
347886.3312
333731.6567
318060.2925
300812.0991
281979.4141
261623.2588
239888.3018
217148.7463
193500.0693
169345.9531
145222.9213
121769.327
99656.48214
79495.09276
61744.90382
46657.4043
34267.46212
499783.5673
499672.9209
499544.3407
499402.6603
499253.0514
499098.5851
498939.5991
498774.3531
498600.0039
498413.4326
498211.8601
497993.2533
497756.4633
497501.0339
497226.6979
496932.7109
496617.2843
496277.3765
495908.9443
495507.531
495068.9099
494589.4845
494066.2746
493496.5282
492877.2035
492204.6331
491474.582
490682.6968
489825.1423
488899.113
487902.9452
486835.7201
485696.4741
484483.3102
483192.729
481819.3779
480356.2313
478795.0714
477127.0709
475343.2779
473434.8385
471392.8752
469208.0507
466869.9613
464366.5595
461683.7816
458805.4651
455713.5271
452388.2616
448808.5403
444951.6643
440792.6681
436302.9966
431448.6424
426187.9704
420469.5123
414230.0076
407392.9171
399867.6207
391549.5273
382321.3753
372056.0466
360621.2401
347886.3312
333731.6567
318060.2925
300812.0991
281979.4141
261623.2588
239888.3018
217148.7463
193500.0693
169345.9531
145222.9213
121769.327
99656.48214
79495.09276
61744.90382
46657.4043
34267.46212
499783.5673
499672.9209
499544.3407
499402.6603
499253.0514
499098.5851
498939.5991
498774.3531
498600.0039
498413.4326
498211.8601
497993.2533
497756.4633
497501.0339
497226.6979
496932.7109
496617.2843
496277.3765
495908.9443
495507.531
495068.9099
494589.4845
494066.2746
493496.5282
492877.2035
492204.6331
491474.582
490682.6968
489825.1423
488899.113
487902.9452
486835.7201
485696.4741
484483.3102
483192.729
481819.3779
480356.2313
478795.0714
477127.0709
475343.2779
473434.8385
471392.8752
469208.0507
466869.9613
464366.5595
461683.7816
458805.4651
455713.5271
452388.2616
448808.5403
444951.6643
440792.6681
436302.9966
431448.6424
426187.9704
420469.5123
414230.0076
407392.9171
399867.6207
391549.5273
382321.3753
372056.0466
360621.2401
347886.3312
333731.6567
318060.2925
300812.0991
281979.4141
261623.2588
239888.3018
217148.7463
193500.0693
169345.9531
145222.9213
121769.327
99656.48214
79495.09276
61744.90382
46657.4043
34267.46212
499783.5673
499672.9209
499544.3407
499402.6603
499253.0514
499098.5851
498939.5991
498774.3531
498600.0039
498413.4326
498211.8601
497993.2533
497756.4633
497501.0339
497226.6979
496932.7109
496617.2843
496277.3765
495908.9443
495507.531
495068.9099
494589.4845
494066.2746
493496.5282
492877.2035
492204.6331
491474.582
490682.6968
489825.1423
488899.113
487902.9452
486835.7201
485696.4741
484483.3102
483192.729
481819.3779
480356.2313
478795.0714
477127.0709
475343.2779
473434.8385
471392.8752
469208.0507
466869.9613
464366.5595
461683.7816
458805.4651
455713.5271
452388.2616
448808.5403
444951.6643
440792.6681
436302.9966
431448.6424
426187.9704
420469.5123
414230.0076
407392.9171
399867.6207
391549.5273
382321.3753
372056.0466
360621.2401
347886.3312
333731.6567
318060.2925
300812.0991
281979.4141
261623.2588
239888.3018
217148.7463
193500.0693
169345.9531
145222.9213
121769.327
99656.48214
79495.09276
61744.90382
46657.4043
34267.46212
499783.5673
499672.9209
499544.3407
499402.6603
499253.0514
499098.5851
498939.5991
498774.3531
498600.0039
498413.4326
498211.8601
497993.2533
497756.4633
497501.0339
497226.6979
496932.7109
496617.2843
496277.3765
495908.9443
495507.531
495068.9099
494589.4845
494066.2746
493496.5282
492877.2035
492204.6331
491474.582
490682.6968
489825.1423
488899.113
487902.9452
486835.7201
485696.4741
484483.3102
483192.729
481819.3779
480356.2313
478795.0714
477127.0709
475343.2779
473434.8385
471392.8752
469208.0507
466869.9613
464366.5595
461683.7816
458805.4651
455713.5271
452388.2616
448808.5403
444951.6643
440792.6681
436302.9966
431448.6424
426187.9704
420469.5123
414230.0076
407392.9171
399867.6207
391549.5273
382321.3753
372056.0466
360621.2401
347886.3312
333731.6567
318060.2925
300812.0991
281979.4141
261623.2588
239888.3018
217148.7463
193500.0693
169345.9531
145222.9213
121769.327
99656.48214
79495.09276
61744.90382
46657.4043
34267.46212
499783.5673
499672.9209
499544.3407
499402.6603
499253.0514
499098.5851
498939.5991
498774.3531
498600.0039
498413.4326
498211.8601
497993.2533
497756.4633
497501.0339
497226.6979
496932.7109
496617.2843
496277.3765
495908.9443
495507.531
495068.9099
494589.4845
494066.2746
493496.5282
492877.2035
492204.6331
491474.582
490682.6968
489825.1423
488899.113
487902.9452
486835.7201
485696.4741
484483.3102
483192.729
481819.3779
480356.2313
478795.0714
477127.0709
475343.2779
473434.8385
471392.8752
469208.0507
466869.9613
464366.5595
461683.7816
458805.4651
455713.5271
452388.2616
448808.5403
444951.6643
440792.6681
436302.9966
431448.6424
426187.9704
420469.5123
414230.0076
407392.9171
399867.6207
391549.5273
382321.3753
372056.0466
360621.2401
347886.3312
333731.6567
318060.2925
300812.0991
281979.4141
261623.2588
239888.3018
217148.7463
193500.0693
169345.9531
145222.9213
121769.327
99656.48214
79495.09276
61744.90382
46657.4043
34267.46212
499783.5673
499672.9209
499544.3407
499402.6603
499253.0514
499098.5851
498939.5991
498774.3531
498600.0039
498413.4326
498211.8601
497993.2533
497756.4633
497501.0339
497226.6979
496932.7109
496617.2843
496277.3765
495908.9443
495507.531
495068.9099
494589.4845
494066.2746
493496.5282
492877.2035
492204.6331
491474.582
490682.6968
489825.1423
488899.113
487902.9452
486835.7201
485696.4741
484483.3102
483192.729
481819.3779
480356.2313
478795.0714
477127.0709
475343.2779
473434.8385
471392.8752
469208.0507
466869.9613
464366.5595
461683.7816
458805.4651
455713.5271
452388.2616
448808.5403
444951.6643
440792.6681
436302.9966
431448.6424
426187.9704
420469.5123
414230.0076
407392.9171
399867.6207
391549.5273
382321.3753
372056.0466
360621.2401
347886.3312
333731.6567
318060.2925
300812.0991
281979.4141
261623.2588
239888.3018
217148.7463
193500.0693
169345.9531
145222.9213
121769.327
99656.48214
79495.09276
61744.90382
46657.4043
34267.46212
499783.5673
499672.9209
499544.3407
499402.6603
499253.0514
499098.5851
498939.5991
498774.3531
498600.0039
498413.4326
498211.8601
497993.2533
497756.4633
497501.0339
497226.6979
496932.7109
496617.2843
496277.3765
495908.9443
495507.531
495068.9099
494589.4845
494066.2746
493496.5282
492877.2035
492204.6331
491474.582
490682.6968
489825.1423
488899.113
487902.9452
486835.7201
485696.4741
484483.3102
483192.729
481819.3779
480356.2313
478795.0714
477127.0709
475343.2779
473434.8385
471392.8752
469208.0507
466869.9613
464366.5595
461683.7816
458805.4651
455713.5271
452388.2616
448808.5403
444951.6643
440792.6681
436302.9966
431448.6424
426187.9704
420469.5123
414230.0076
407392.9171
399867.6207
391549.5273
382321.3753
372056.0466
360621.2401
347886.3312
333731.6567
318060.2925
300812.0991
281979.4141
261623.2588
239888.3018
217148.7463
193500.0693
169345.9531
145222.9213
121769.327
99656.48214
79495.09276
61744.90382
46657.4043
34267.46212
499783.5673
499672.9209
499544.3407
499402.6603
499253.0514
499098.5851
498939.5991
498774.3531
498600.0039
498413.4326
498211.8601
497993.2533
497756.4633
497501.0339
497226.6979
496932.7109
496617.2843
496277.3765
495908.9443
495507.531
495068.9099
494589.4845
494066.2746
493496.5282
492877.2035
492204.6331
491474.582
490682.6968
489825.1423
488899.113
487902.9452
486835.7201
485696.4741
484483.3102
483192.729
481819.3779
480356.2313
478795.0714
477127.0709
475343.2779
473434.8385
471392.8752
469208.0507
466869.9613
464366.5595
461683.7816
458805.4651
455713.5271
452388.2616
448808.5403
444951.6643
440792.6681
436302.9966
431448.6424
426187.9704
420469.5123
414230.0076
407392.9171
399867.6207
391549.5273
382321.3753
372056.0466
360621.2401
347886.3312
333731.6567
318060.2925
300812.0991
281979.4141
261623.2588
239888.3018
217148.7463
193500.0693
169345.9531
145222.9213
121769.327
99656.48214
79495.09276
61744.90382
46657.4043
34267.46212
499783.5673
499672.9209
499544.3407
499402.6603
499253.0514
499098.5851
498939.5991
498774.3531
498600.0039
498413.4326
498211.8601
497993.2533
497756.4633
497501.0339
497226.6979
496932.7109
496617.2843
496277.3765
495908.9443
495507.531
495068.9099
494589.4845
494066.2746
493496.5282
492877.2035
492204.6331
491474.582
490682.6968
489825.1423
488899.113
487902.9452
486835.7201
485696.4741
484483.3102
483192.729
481819.3779
480356.2313
478795.0714
477127.0709
475343.2779
473434.8385
471392.8752
469208.0507
466869.9613
464366.5595
461683.7816
458805.4651
455713.5271
452388.2616
448808.5403
444951.6643
440792.6681
436302.9966
431448.6424
426187.9704
420469.5123
414230.0076
407392.9171
399867.6207
391549.5273
382321.3753
372056.0466
360621.2401
347886.3312
333731.6567
318060.2925
300812.0991
281979.4141
261623.2588
239888.3018
217148.7463
193500.0693
169345.9531
145222.9213
121769.327
99656.48214
79495.09276
61744.90382
46657.4043
34267.46212
499783.5673
499672.9209
499544.3407
499402.6603
499253.0514
499098.5851
498939.5991
498774.3531
498600.0039
498413.4326
498211.8601
497993.2533
497756.4633
497501.0339
497226.6979
496932.7109
496617.2843
496277.3765
495908.9443
495507.531
495068.9099
494589.4845
494066.2746
493496.5282
492877.2035
492204.6331
491474.582
490682.6968
489825.1423
488899.113
487902.9452
486835.7201
485696.4741
484483.3102
483192.729
481819.3779
480356.2313
478795.0714
477127.0709
475343.2779
473434.8385
471392.8752
469208.0507
466869.9613
464366.5595
461683.7816
458805.4651
455713.5271
452388.2616
448808.5403
444951.6643
440792.6681
436302.9966
431448.6424
426187.9704
420469.5123
414230.0076
407392.9171
399867.6207
391549.5273
382321.3753
372056.0466
360621.2401
347886.3312
333731.6567
318060.2925
300812.0991
281979.4141
261623.2588
239888.3018
217148.7463
193500.0693
169345.9531
145222.9213
121769.327
99656.48214
79495.09276
61744.90382
46657.4043
34267.46212
499783.5673
499672.9209
499544.3407
499402.6603
499253.0514
499098.5851
498939.5991
498774.3531
498600.0039
498413.4326
498211.8601
497993.2533
497756.4633
497501.0339
497226.6979
496932.7109
496617.2843
496277.3765
495908.9443
495507.531
495068.9099
494589.4845
494066.2746
493496.5282
492877.2035
492204.6331
491474.582
490682.6968
489825.1423
488899.113
487902.9452
486835.7201
485696.4741
484483.3102
483192.729
481819.3779
480356.2313
478795.0714
477127.0709
475343.2779
473434.8385
471392.8752
469208.0507
466869.9613
464366.5595
461683.7816
458805.4651
455713.5271
452388.2616
448808.5403
444951.6643
440792.6681
436302.9966
431448.6424
426187.9704
420469.5123
414230.0076
407392.9171
399867.6207
391549.5273
382321.3753
372056.0466
360621.2401
347886.3312
333731.6567
318060.2925
300812.0991
281979.4141
261623.2588
239888.3018
217148.7463
193500.0693
169345.9531
145222.9213
121769.327
99656.48214
79495.09276
61744.90382
46657.4043
34267.46212
499783.5673
499672.9209
499544.3407
499402.6603
499253.0514
499098.5851
498939.5991
498774.3531
498600.0039
498413.4326
498211.8601
497993.2533
497756.4633
497501.0339
497226.6979
496932.7109
496617.2843
496277.3765
495908.9443
495507.531
495068.9099
494589.4845
494066.2746
493496.5282
492877.2035
492204.6331
491474.582
490682.6968
489825.1423
488899.113
487902.9452
486835.7201
485696.4741
484483.3102
483192.729
481819.3779
480356.2313
478795.0714
477127.0709
475343.2779
473434.8385
471392.8752
469208.0507
466869.9613
464366.5595
461683.7816
458805.4651
455713.5271
452388.2616
448808.5403
444951.6643
440792.6681
436302.9966
431448.6424
426187.9704
420469.5123
414230.0076
407392.9171
399867.6207
391549.5273
382321.3753
372056.0466
360621.2401
347886.3312
333731.6567
318060.2925
300812.0991
281979.4141
261623.2588
239888.3018
217148.7463
193500.0693
169345.9531
145222.9213
121769.327
99656.48214
79495.09276
61744.90382
46657.4043
34267.46212
499783.5673
499672.9209
499544.3407
499402.6603
499253.0514
499098.5851
498939.5991
498774.3531
498600.0039
498413.4326
498211.8601
497993.2533
497756.4633
497501.0339
497226.6979
496932.7109
496617.2843
496277.3765
495908.9443
495507.531
495068.9099
494589.4845
494066.2746
493496.5282
492877.2035
492204.6331
491474.582
490682.6968
489825.1423
488899.113
487902.9452
486835.7201
485696.4741
484483.3102
483192.729
481819.3779
480356.2313
478795.0714
477127.0709
475343.2779
473434.8385
471392.8752
469208.0507
466869.9613
464366.5595
461683.7816
458805.4651
455713.5271
452388.2616
448808.5403
444951.6643
440792.6681
436302.9966
431448.6424
426187.9704
420469.5123
414230.0076
407392.9171
399867.6207
391549.5273
382321.3753
372056.0466
360621.2401
347886.3312
333731.6567
318060.2925
300812.0991
281979.4141
261623.2588
239888.3018
217148.7463
193500.0693
169345.9531
145222.9213
121769.327
99656.48214
79495.09276
61744.90382
46657.4043
34267.46212
499783.5673
499672.9209
499544.3407
499402.6603
499253.0514
499098.5851
498939.5991
498774.3531
498600.0039
498413.4326
498211.8601
497993.2533
497756.4633
497501.0339
497226.6979
496932.7109
496617.2843
496277.3765
495908.9443
495507.531
495068.9099
494589.4845
494066.2746
493496.5282
492877.2035
492204.6331
491474.582
490682.6968
489825.1423
488899.113
487902.9452
486835.7201
485696.4741
484483.3102
483192.729
481819.3779
480356.2313
478795.0714
477127.0709
475343.2779
473434.8385
471392.8752
469208.0507
466869.9613
464366.5595
461683.7816
458805.4651
455713.5271
452388.2616
448808.5403
444951.6643
440792.6681
436302.9966
431448.6424
426187.9704
420469.5123
414230.0076
407392.9171
399867.6207
391549.5273
382321.3753
372056.0466
360621.2401
347886.3312
333731.6567
318060.2925
300812.0991
281979.4141
261623.2588
239888.3018
217148.7463
193500.0693
169345.9531
145222.9213
121769.327
99656.48214
79495.09276
61744.90382
46657.4043
34267.46212
499783.5673
499672.9209
499544.3407
499402.6603
499253.0514
499098.5851
498939.5991
498774.3531
498600.0039
498413.4326
498211.8601
497993.2533
497756.4633
497501.0339
497226.6979
496932.7109
496617.2843
496277.3765
495908.9443
495507.531
495068.9099
494589.4845
494066.2746
493496.5282
492877.2035
492204.6331
491474.582
490682.6968
489825.1423
488899.113
487902.9452
486835.7201
485696.4741
484483.3102
483192.729
481819.3779
480356.2313
478795.0714
477127.0709
475343.2779
473434.8385
471392.8752
469208.0507
466869.9613
464366.5595
461683.7816
458805.4651
455713.5271
452388.2616
448808.5403
444951.6643
440792.6681
436302.9966
431448.6424
426187.9704
420469.5123
414230.0076
407392.9171
399867.6207
391549.5273
382321.3753
372056.0466
360621.2401
347886.3312
333731.6567
318060.2925
300812.0991
281979.4141
261623.2588
239888.3018
217148.7463
193500.0693
169345.9531
145222.9213
121769.327
99656.48214
79495.09276
61744.90382
46657.4043
34267.46212
499783.5673
499672.9209
499544.3407
499402.6603
499253.0514
499098.5851
498939.5991
498774.3531
498600.0039
498413.4326
498211.8601
497993.2533
497756.4633
497501.0339
497226.6979
496932.7109
496617.2843
496277.3765
495908.9443
495507.531
495068.9099
494589.4845
494066.2746
493496.5282
492877.2035
492204.6331
491474.582
490682.6968
489825.1423
488899.113
487902.9452
486835.7201
485696.4741
484483.3102
483192.729
481819.3779
480356.2313
478795.0714
477127.0709
475343.2779
473434.8385
471392.8752
469208.0507
466869.9613
464366.5595
461683.7816
458805.4651
455713.5271
452388.2616
448808.5403
444951.6643
440792.6681
436302.9966
431448.6424
426187.9704
420469.5123
414230.0076
407392.9171
399867.6207
391549.5273
382321.3753
372056.0466
360621.2401
347886.3312
333731.6567
318060.2925
300812.0991
281979.4141
261623.2588
239888.3018
217148.7463
193500.0693
169345.9531
145222.9213
121769.327
99656.48214
79495.09276
61744.90382
46657.4043
34267.46212
499783.5673
499672.9209
499544.3407
499402.6603
499253.0514
499098.5851
498939.5991
498774.3531
498600.0039
498413.4326
498211.8601
497993.2533
497756.4633
497501.0339
497226.6979
496932.7109
496617.2843
496277.3765
495908.9443
495507.531
495068.9099
494589.4845
494066.2746
493496.5282
492877.2035
492204.6331
491474.582
490682.6968
489825.1423
488899.113
487902.9452
486835.7201
485696.4741
484483.3102
483192.729
481819.3779
480356.2313
478795.0714
477127.0709
475343.2779
473434.8385
471392.8752
469208.0507
466869.9613
464366.5595
461683.7816
458805.4651
455713.5271
452388.2616
448808.5403
444951.6643
440792.6681
436302.9966
431448.6424
426187.9704
420469.5123
414230.0076
407392.9171
399867.6207
391549.5273
382321.3753
372056.0466
360621.2401
347886.3312
333731.6567
318060.2925
300812.0991
281979.4141
261623.2588
239888.3018
217148.7463
193500.0693
169345.9531
145222.9213
121769.327
99656.48214
79495.09276
61744.90382
46657.4043
34267.46212
499783.5673
499672.9209
499544.3407
499402.6603
499253.0514
499098.5851
498939.5991
498774.3531
498600.0039
498413.4326
498211.8601
497993.2533
497756.4633
497501.0339
497226.6979
496932.7109
496617.2843
496277.3765
495908.9443
495507.531
495068.9099
494589.4845
494066.2746
493496.5282
492877.2035
492204.6331
491474.582
490682.6968
489825.1423
488899.113
487902.9452
486835.7201
485696.4741
484483.3102
483192.729
481819.3779
480356.2313
478795.0714
477127.0709
475343.2779
473434.8385
471392.8752
469208.0507
466869.9613
464366.5595
461683.7816
458805.4651
455713.5271
452388.2616
448808.5403
444951.6643
440792.6681
436302.9966
431448.6424
426187.9704
420469.5123
414230.0076
407392.9171
399867.6207
391549.5273
382321.3753
372056.0466
360621.2401
347886.3312
333731.6567
318060.2925
300812.0991
281979.4141
261623.2588
239888.3018
217148.7463
193500.0693
169345.9531
145222.9213
121769.327
99656.48214
79495.09276
61744.90382
46657.4043
34267.46212
499783.5673
499672.9209
499544.3407
499402.6603
499253.0514
499098.5851
498939.5991
498774.3531
498600.0039
498413.4326
498211.8601
497993.2533
497756.4633
497501.0339
497226.6979
496932.7109
496617.2843
496277.3765
495908.9443
495507.531
495068.9099
494589.4845
494066.2746
493496.5282
492877.2035
492204.6331
491474.582
490682.6968
489825.1423
488899.113
487902.9452
486835.7201
485696.4741
484483.3102
483192.729
481819.3779
480356.2313
478795.0714
477127.0709
475343.2779
473434.8385
471392.8752
469208.0507
466869.9613
464366.5595
461683.7816
458805.4651
455713.5271
452388.2616
448808.5403
444951.6643
440792.6681
436302.9966
431448.6424
426187.9704
420469.5123
414230.0076
407392.9171
399867.6207
391549.5273
382321.3753
372056.0466
360621.2401
347886.3312
333731.6567
318060.2925
300812.0991
281979.4141
261623.2588
239888.3018
217148.7463
193500.0693
169345.9531
145222.9213
121769.327
99656.48214
79495.09276
61744.90382
46657.4043
34267.46212
499783.5673
499672.9209
499544.3407
499402.6603
499253.0514
499098.5851
498939.5991
498774.3531
498600.0039
498413.4326
498211.8601
497993.2533
497756.4633
497501.0339
497226.6979
496932.7109
496617.2843
496277.3765
495908.9443
495507.531
495068.9099
494589.4845
494066.2746
493496.5282
492877.2035
492204.6331
491474.582
490682.6968
489825.1423
488899.113
487902.9452
486835.7201
485696.4741
484483.3102
483192.729
481819.3779
480356.2313
478795.0714
477127.0709
475343.2779
473434.8385
471392.8752
469208.0507
466869.9613
464366.5595
461683.7816
458805.4651
455713.5271
452388.2616
448808.5403
444951.6643
440792.6681
436302.9966
431448.6424
426187.9704
420469.5123
414230.0076
407392.9171
399867.6207
391549.5273
382321.3753
372056.0466
360621.2401
347886.3312
333731.6567
318060.2925
300812.0991
281979.4141
261623.2588
239888.3018
217148.7463
193500.0693
169345.9531
145222.9213
121769.327
99656.48214
79495.09276
61744.90382
46657.4043
34267.46212
499783.5673
499672.9209
499544.3407
499402.6603
499253.0514
499098.5851
498939.5991
498774.3531
498600.0039
498413.4326
498211.8601
497993.2533
497756.4633
497501.0339
497226.6979
496932.7109
496617.2843
496277.3765
495908.9443
495507.531
495068.9099
494589.4845
494066.2746
493496.5282
492877.2035
492204.6331
491474.582
490682.6968
489825.1423
488899.113
487902.9452
486835.7201
485696.4741
484483.3102
483192.729
481819.3779
480356.2313
478795.0714
477127.0709
475343.2779
473434.8385
471392.8752
469208.0507
466869.9613
464366.5595
461683.7816
458805.4651
455713.5271
452388.2616
448808.5403
444951.6643
440792.6681
436302.9966
431448.6424
426187.9704
420469.5123
414230.0076
407392.9171
399867.6207
391549.5273
382321.3753
372056.0466
360621.2401
347886.3312
333731.6567
318060.2925
300812.0991
281979.4141
261623.2588
239888.3018
217148.7463
193500.0693
169345.9531
145222.9213
121769.327
99656.48214
79495.09276
61744.90382
46657.4043
34267.46212
499783.5673
499672.9209
499544.3407
499402.6603
499253.0514
499098.5851
498939.5991
498774.3531
498600.0039
498413.4326
498211.8601
497993.2533
497756.4633
497501.0339
497226.6979
496932.7109
496617.2843
496277.3765
495908.9443
495507.531
495068.9099
494589.4845
494066.2746
493496.5282
492877.2035
492204.6331
491474.582
490682.6968
489825.1423
488899.113
487902.9452
486835.7201
485696.4741
484483.3102
483192.729
481819.3779
480356.2313
478795.0714
477127.0709
475343.2779
473434.8385
471392.8752
469208.0507
466869.9613
464366.5595
461683.7816
458805.4651
455713.5271
452388.2616
448808.5403
444951.6643
440792.6681
436302.9966
431448.6424
426187.9704
420469.5123
414230.0076
407392.9171
399867.6207
391549.5273
382321.3753
372056.0466
360621.2401
347886.3312
333731.6567
318060.2925
300812.0991
281979.4141
261623.2588
239888.3018
217148.7463
193500.0693
169345.9531
145222.9213
121769.327
99656.48214
79495.09276
61744.90382
46657.4043
34267.46212
499783.5673
499672.9209
499544.3407
499402.6603
499253.0514
499098.5851
498939.5991
498774.3531
498600.0039
498413.4326
498211.8601
497993.2533
497756.4633
497501.0339
497226.6979
496932.7109
496617.2843
496277.3765
495908.9443
495507.531
495068.9099
494589.4845
494066.2746
493496.5282
492877.2035
492204.6331
491474.582
490682.6968
489825.1423
488899.113
487902.9452
486835.7201
485696.4741
484483.3102
483192.729
481819.3779
480356.2313
478795.0714
477127.0709
475343.2779
473434.8385
471392.8752
469208.0507
466869.9613
464366.5595
461683.7816
458805.4651
455713.5271
452388.2616
448808.5403
444951.6643
440792.6681
436302.9966
431448.6424
426187.9704
420469.5123
414230.0076
407392.9171
399867.6207
391549.5273
382321.3753
372056.0466
360621.2401
347886.3312
333731.6567
318060.2925
300812.0991
281979.4141
261623.2588
239888.3018
217148.7463
193500.0693
169345.9531
145222.9213
121769.327
99656.48214
79495.09276
61744.90382
46657.4043
34267.46212
499783.5673
499672.9209
499544.3407
499402.6603
499253.0514
499098.5851
498939.5991
498774.3531
498600.0039
498413.4326
498211.8601
497993.2533
497756.4633
497501.0339
497226.6979
496932.7109
496617.2843
496277.3765
495908.9443
495507.531
495068.9099
494589.4845
494066.2746
493496.5282
492877.2035
492204.6331
491474.582
490682.6968
489825.1423
488899.113
487902.9452
486835.7201
485696.4741
484483.3102
483192.729
481819.3779
480356.2313
478795.0714
477127.0709
475343.2779
473434.8385
471392.8752
469208.0507
466869.9613
464366.5595
461683.7816
458805.4651
455713.5271
452388.2616
448808.5403
444951.6643
440792.6681
436302.9966
431448.6424
426187.9704
420469.5123
414230.0076
407392.9171
399867.6207
391549.5273
382321.3753
372056.0466
360621.2401
347886.3312
333731.6567
318060.2925
300812.0991
281979.4141
261623.2588
239888.3018
217148.7463
193500.0693
169345.9531
145222.9213
121769.327
99656.48214
79495.09276
61744.90382
46657.4043
34267.46212
499783.5673
499672.9209
499544.3407
499402.6603
499253.0514
499098.5851
498939.5991
498774.3531
498600.0039
498413.4326
498211.8601
497993.2533
497756.4633
497501.0339
497226.6979
496932.7109
496617.2843
496277.3765
495908.9443
495507.531
495068.9099
494589.4845
494066.2746
493496.5282
492877.2035
492204.6331
491474.582
490682.6968
489825.1423
488899.113
487902.9452
486835.7201
485696.4741
484483.3102
483192.729
481819.3779
480356.2313
478795.0714
477127.0709
475343.2779
473434.8385
471392.8752
469208.0507
466869.9613
464366.5595
461683.7816
458805.4651
455713.5271
452388.2616
448808.5403
444951.6643
440792.6681
436302.9966
431448.6424
426187.9704
420469.5123
414230.0076
407392.9171
399867.6207
391549.5273
382321.3753
372056.0466
360621.2401
347886.3312
333731.6567
318060.2925
300812.0991
281979.4141
261623.2588
239888.3018
217148.7463
193500.0693
169345.9531
145222.9213
121769.327
99656.48214
79495.09276
61744.90382
46657.4043
34267.46212
499783.5673
499672.9209
499544.3407
499402.6603
499253.0514
499098.5851
498939.5991
498774.3531
498600.0039
498413.4326
498211.8601
497993.2533
497756.4633
497501.0339
497226.6979
496932.7109
496617.2843
496277.3765
495908.9443
495507.531
495068.9099
494589.4845
494066.2746
493496.5282
492877.2035
492204.6331
491474.582
490682.6968
489825.1423
488899.113
487902.9452
486835.7201
485696.4741
484483.3102
483192.729
481819.3779
480356.2313
478795.0714
477127.0709
475343.2779
473434.8385
471392.8752
469208.0507
466869.9613
464366.5595
461683.7816
458805.4651
455713.5271
452388.2616
448808.5403
444951.6643
440792.6681
436302.9966
431448.6424
426187.9704
420469.5123
414230.0076
407392.9171
399867.6207
391549.5273
382321.3753
372056.0466
360621.2401
347886.3312
333731.6567
318060.2925
300812.0991
281979.4141
261623.2588
239888.3018
217148.7463
193500.0693
169345.9531
145222.9213
121769.327
99656.48214
79495.09276
61744.90382
46657.4043
34267.46212
499783.5673
499672.9209
499544.3407
499402.6603
499253.0514
499098.5851
498939.5991
498774.3531
498600.0039
498413.4326
498211.8601
497993.2533
497756.4633
497501.0339
497226.6979
496932.7109
496617.2843
496277.3765
495908.9443
495507.531
495068.9099
494589.4845
494066.2746
493496.5282
492877.2035
492204.6331
491474.582
490682.6968
489825.1423
488899.113
487902.9452
486835.7201
485696.4741
484483.3102
483192.729
481819.3779
480356.2313
478795.0714
477127.0709
475343.2779
473434.8385
471392.8752
469208.0507
466869.9613
464366.5595
461683.7816
458805.4651
455713.5271
452388.2616
448808.5403
444951.6643
440792.6681
436302.9966
431448.6424
426187.9704
420469.5123
414230.0076
407392.9171
399867.6207
391549.5273
382321.3753
372056.0466
360621.2401
347886.3312
333731.6567
318060.2925
300812.0991
281979.4141
261623.2588
239888.3018
217148.7463
193500.0693
169345.9531
145222.9213
121769.327
99656.48214
79495.09276
61744.90382
46657.4043
34267.46212
499783.5673
499672.9209
499544.3407
499402.6603
499253.0514
499098.5851
498939.5991
498774.3531
498600.0039
498413.4326
498211.8601
497993.2533
497756.4633
497501.0339
497226.6979
496932.7109
496617.2843
496277.3765
495908.9443
495507.531
495068.9099
494589.4845
494066.2746
493496.5282
492877.2035
492204.6331
491474.582
490682.6968
489825.1423
488899.113
487902.9452
486835.7201
485696.4741
484483.3102
483192.729
481819.3779
480356.2313
478795.0714
477127.0709
475343.2779
473434.8385
471392.8752
469208.0507
466869.9613
464366.5595
461683.7816
458805.4651
455713.5271
452388.2616
448808.5403
444951.6643
440792.6681
436302.9966
431448.6424
426187.9704
420469.5123
414230.0076
407392.9171
399867.6207
391549.5273
382321.3753
372056.0466
360621.2401
347886.3312
333731.6567
318060.2925
300812.0991
281979.4141
261623.2588
239888.3018
217148.7463
193500.0693
169345.9531
145222.9213
121769.327
99656.48214
79495.09276
61744.90382
46657.4043
34267.46212
499783.5673
499672.9209
499544.3407
499402.6603
499253.0514
499098.5851
498939.5991
498774.3531
498600.0039
498413.4326
498211.8601
497993.2533
497756.4633
497501.0339
497226.6979
496932.7109
496617.2843
496277.3765
495908.9443
495507.531
495068.9099
494589.4845
494066.2746
493496.5282
492877.2035
492204.6331
491474.582
490682.6968
489825.1423
488899.113
487902.9452
486835.7201
485696.4741
484483.3102
483192.729
481819.3779
480356.2313
478795.0714
477127.0709
475343.2779
473434.8385
471392.8752
469208.0507
466869.9613
464366.5595
461683.7816
458805.4651
455713.5271
452388.2616
448808.5403
444951.6643
440792.6681
436302.9966
431448.6424
426187.9704
420469.5123
414230.0076
407392.9171
399867.6207
391549.5273
382321.3753
372056.0466
360621.2401
347886.3312
333731.6567
318060.2925
300812.0991
281979.4141
261623.2588
239888.3018
217148.7463
193500.0693
169345.9531
145222.9213
121769.327
99656.48214
79495.09276
61744.90382
46657.4043
34267.46212
499783.5673
499672.9209
499544.3407
499402.6603
499253.0514
499098.5851
498939.5991
498774.3531
498600.0039
498413.4326
498211.8601
497993.2533
497756.4633
497501.0339
497226.6979
496932.7109
496617.2843
496277.3765
495908.9443
495507.531
495068.9099
494589.4845
494066.2746
493496.5282
492877.2035
492204.6331
491474.582
490682.6968
489825.1423
488899.113
487902.9452
486835.7201
485696.4741
484483.3102
483192.729
481819.3779
480356.2313
478795.0714
477127.0709
475343.2779
473434.8385
471392.8752
469208.0507
466869.9613
464366.5595
461683.7816
458805.4651
455713.5271
452388.2616
448808.5403
444951.6643
440792.6681
436302.9966
431448.6424
426187.9704
420469.5123
414230.0076
407392.9171
399867.6207
391549.5273
382321.3753
372056.0466
360621.2401
347886.3312
333731.6567
318060.2925
300812.0991
281979.4141
261623.2588
239888.3018
217148.7463
193500.0693
169345.9531
145222.9213
121769.327
99656.48214
79495.09276
61744.90382
46657.4043
34267.46212
499783.5673
499672.9209
499544.3407
499402.6603
499253.0514
499098.5851
498939.5991
498774.3531
498600.0039
498413.4326
498211.8601
497993.2533
497756.4633
497501.0339
497226.6979
496932.7109
496617.2843
496277.3765
495908.9443
495507.531
495068.9099
494589.4845
494066.2746
493496.5282
492877.2035
492204.6331
491474.582
490682.6968
489825.1423
488899.113
487902.9452
486835.7201
485696.4741
484483.3102
483192.729
481819.3779
480356.2313
478795.0714
477127.0709
475343.2779
473434.8385
471392.8752
469208.0507
466869.9613
464366.5595
461683.7816
458805.4651
455713.5271
452388.2616
448808.5403
444951.6643
440792.6681
436302.9966
431448.6424
426187.9704
420469.5123
414230.0076
407392.9171
399867.6207
391549.5273
382321.3753
372056.0466
360621.2401
347886.3312
333731.6567
318060.2925
300812.0991
281979.4141
261623.2588
239888.3018
217148.7463
193500.0693
169345.9531
145222.9213
121769.327
99656.48214
79495.09276
61744.90382
46657.4043
34267.46212
499783.5673
499672.9209
499544.3407
499402.6603
499253.0514
499098.5851
498939.5991
498774.3531
498600.0039
498413.4326
498211.8601
497993.2533
497756.4633
497501.0339
497226.6979
496932.7109
496617.2843
496277.3765
495908.9443
495507.531
495068.9099
494589.4845
494066.2746
493496.5282
492877.2035
492204.6331
491474.582
490682.6968
489825.1423
488899.113
487902.9452
486835.7201
485696.4741
484483.3102
483192.729
481819.3779
480356.2313
478795.0714
477127.0709
475343.2779
473434.8385
471392.8752
469208.0507
466869.9613
464366.5595
461683.7816
458805.4651
455713.5271
452388.2616
448808.5403
444951.6643
440792.6681
436302.9966
431448.6424
426187.9704
420469.5123
414230.0076
407392.9171
399867.6207
391549.5273
382321.3753
372056.0466
360621.2401
347886.3312
333731.6567
318060.2925
300812.0991
281979.4141
261623.2588
239888.3018
217148.7463
193500.0693
169345.9531
145222.9213
121769.327
99656.48214
79495.09276
61744.90382
46657.4043
34267.46212
499783.5673
499672.9209
499544.3407
499402.6603
499253.0514
499098.5851
498939.5991
498774.3531
498600.0039
498413.4326
498211.8601
497993.2533
497756.4633
497501.0339
497226.6979
496932.7109
496617.2843
496277.3765
495908.9443
495507.531
495068.9099
494589.4845
494066.2746
493496.5282
492877.2035
492204.6331
491474.582
490682.6968
489825.1423
488899.113
487902.9452
486835.7201
485696.4741
484483.3102
483192.729
481819.3779
480356.2313
478795.0714
477127.0709
475343.2779
473434.8385
471392.8752
469208.0507
466869.9613
464366.5595
461683.7816
458805.4651
455713.5271
452388.2616
448808.5403
444951.6643
440792.6681
436302.9966
431448.6424
426187.9704
420469.5123
414230.0076
407392.9171
399867.6207
391549.5273
382321.3753
372056.0466
360621.2401
347886.3312
333731.6567
318060.2925
300812.0991
281979.4141
261623.2588
239888.3018
217148.7463
193500.0693
169345.9531
145222.9213
121769.327
99656.48214
79495.09276
61744.90382
46657.4043
34267.46212
499783.5673
499672.9209
499544.3407
499402.6603
499253.0514
499098.5851
498939.5991
498774.3531
498600.0039
498413.4326
498211.8601
497993.2533
497756.4633
497501.0339
497226.6979
496932.7109
496617.2843
496277.3765
495908.9443
495507.531
495068.9099
494589.4845
494066.2746
493496.5282
492877.2035
492204.6331
491474.582
490682.6968
489825.1423
488899.113
487902.9452
486835.7201
485696.4741
484483.3102
483192.729
481819.3779
480356.2313
478795.0714
477127.0709
475343.2779
473434.8385
471392.8752
469208.0507
466869.9613
464366.5595
461683.7816
458805.4651
455713.5271
452388.2616
448808.5403
444951.6643
440792.6681
436302.9966
431448.6424
426187.9704
420469.5123
414230.0076
407392.9171
399867.6207
391549.5273
382321.3753
372056.0466
360621.2401
347886.3312
333731.6567
318060.2925
300812.0991
281979.4141
261623.2588
239888.3018
217148.7463
193500.0693
169345.9531
145222.9213
121769.327
99656.48214
79495.09276
61744.90382
46657.4043
34267.46212
499783.5673
499672.9209
499544.3407
499402.6603
499253.0514
499098.5851
498939.5991
498774.3531
498600.0039
498413.4326
498211.8601
497993.2533
497756.4633
497501.0339
497226.6979
496932.7109
496617.2843
496277.3765
495908.9443
495507.531
495068.9099
494589.4845
494066.2746
493496.5282
492877.2035
492204.6331
491474.582
490682.6968
489825.1423
488899.113
487902.9452
486835.7201
485696.4741
484483.3102
483192.729
481819.3779
480356.2313
478795.0714
477127.0709
475343.2779
473434.8385
471392.8752
469208.0507
466869.9613
464366.5595
461683.7816
458805.4651
455713.5271
452388.2616
448808.5403
444951.6643
440792.6681
436302.9966
431448.6424
426187.9704
420469.5123
414230.0076
407392.9171
399867.6207
391549.5273
382321.3753
372056.0466
360621.2401
347886.3312
333731.6567
318060.2925
300812.0991
281979.4141
261623.2588
239888.3018
217148.7463
193500.0693
169345.9531
145222.9213
121769.327
99656.48214
79495.09276
61744.90382
46657.4043
34267.46212
499783.5673
499672.9209
499544.3407
499402.6603
499253.0514
499098.5851
498939.5991
498774.3531
498600.0039
498413.4326
498211.8601
497993.2533
497756.4633
497501.0339
497226.6979
496932.7109
496617.2843
496277.3765
495908.9443
495507.531
495068.9099
494589.4845
494066.2746
493496.5282
492877.2035
492204.6331
491474.582
490682.6968
489825.1423
488899.113
487902.9452
486835.7201
485696.4741
484483.3102
483192.729
481819.3779
480356.2313
478795.0714
477127.0709
475343.2779
473434.8385
471392.8752
469208.0507
466869.9613
464366.5595
461683.7816
458805.4651
455713.5271
452388.2616
448808.5403
444951.6643
440792.6681
436302.9966
431448.6424
426187.9704
420469.5123
414230.0076
407392.9171
399867.6207
391549.5273
382321.3753
372056.0466
360621.2401
347886.3312
333731.6567
318060.2925
300812.0991
281979.4141
261623.2588
239888.3018
217148.7463
193500.0693
169345.9531
145222.9213
121769.327
99656.48214
79495.09276
61744.90382
46657.4043
34267.46212
499783.5673
499672.9209
499544.3407
499402.6603
499253.0514
499098.5851
498939.5991
498774.3531
498600.0039
498413.4326
498211.8601
497993.2533
497756.4633
497501.0339
497226.6979
496932.7109
496617.2843
496277.3765
495908.9443
495507.531
495068.9099
494589.4845
494066.2746
493496.5282
492877.2035
492204.6331
491474.582
490682.6968
489825.1423
488899.113
487902.9452
486835.7201
485696.4741
484483.3102
483192.729
481819.3779
480356.2313
478795.0714
477127.0709
475343.2779
473434.8385
471392.8752
469208.0507
466869.9613
464366.5595
461683.7816
458805.4651
455713.5271
452388.2616
448808.5403
444951.6643
440792.6681
436302.9966
431448.6424
426187.9704
420469.5123
414230.0076
407392.9171
399867.6207
391549.5273
382321.3753
372056.0466
360621.2401
347886.3312
333731.6567
318060.2925
300812.0991
281979.4141
261623.2588
239888.3018
217148.7463
193500.0693
169345.9531
145222.9213
121769.327
99656.48214
79495.09276
61744.90382
46657.4043
34267.46212
499783.5673
499672.9209
499544.3407
499402.6603
499253.0514
499098.5851
498939.5991
498774.3531
498600.0039
498413.4326
498211.8601
497993.2533
497756.4633
497501.0339
497226.6979
496932.7109
496617.2843
496277.3765
495908.9443
495507.531
495068.9099
494589.4845
494066.2746
493496.5282
492877.2035
492204.6331
491474.582
490682.6968
489825.1423
488899.113
487902.9452
486835.7201
485696.4741
484483.3102
483192.729
481819.3779
480356.2313
478795.0714
477127.0709
475343.2779
473434.8385
471392.8752
469208.0507
466869.9613
464366.5595
461683.7816
458805.4651
455713.5271
452388.2616
448808.5403
444951.6643
440792.6681
436302.9966
431448.6424
426187.9704
420469.5123
414230.0076
407392.9171
399867.6207
391549.5273
382321.3753
372056.0466
360621.2401
347886.3312
333731.6567
318060.2925
300812.0991
281979.4141
261623.2588
239888.3018
217148.7463
193500.0693
169345.9531
145222.9213
121769.327
99656.48214
79495.09276
61744.90382
46657.4043
34267.46212
499783.5673
499672.9209
499544.3407
499402.6603
499253.0514
499098.5851
498939.5991
498774.3531
498600.0039
498413.4326
498211.8601
497993.2533
497756.4633
497501.0339
497226.6979
496932.7109
496617.2843
496277.3765
495908.9443
495507.531
495068.9099
494589.4845
494066.2746
493496.5282
492877.2035
492204.6331
491474.582
490682.6968
489825.1423
488899.113
487902.9452
486835.7201
485696.4741
484483.3102
483192.729
481819.3779
480356.2313
478795.0714
477127.0709
475343.2779
473434.8385
471392.8752
469208.0507
466869.9613
464366.5595
461683.7816
458805.4651
455713.5271
452388.2616
448808.5403
444951.6643
440792.6681
436302.9966
431448.6424
426187.9704
420469.5123
414230.0076
407392.9171
399867.6207
391549.5273
382321.3753
372056.0466
360621.2401
347886.3312
333731.6567
318060.2925
300812.0991
281979.4141
261623.2588
239888.3018
217148.7463
193500.0693
169345.9531
145222.9213
121769.327
99656.48214
79495.09276
61744.90382
46657.4043
34267.46212
499783.5673
499672.9209
499544.3407
499402.6603
499253.0514
499098.5851
498939.5991
498774.3531
498600.0039
498413.4326
498211.8601
497993.2533
497756.4633
497501.0339
497226.6979
496932.7109
496617.2843
496277.3765
495908.9443
495507.531
495068.9099
494589.4845
494066.2746
493496.5282
492877.2035
492204.6331
491474.582
490682.6968
489825.1423
488899.113
487902.9452
486835.7201
485696.4741
484483.3102
483192.729
481819.3779
480356.2313
478795.0714
477127.0709
475343.2779
473434.8385
471392.8752
469208.0507
466869.9613
464366.5595
461683.7816
458805.4651
455713.5271
452388.2616
448808.5403
444951.6643
440792.6681
436302.9966
431448.6424
426187.9704
420469.5123
414230.0076
407392.9171
399867.6207
391549.5273
382321.3753
372056.0466
360621.2401
347886.3312
333731.6567
318060.2925
300812.0991
281979.4141
261623.2588
239888.3018
217148.7463
193500.0693
169345.9531
145222.9213
121769.327
99656.48214
79495.09276
61744.90382
46657.4043
34267.46212
499783.5673
499672.9209
499544.3407
499402.6603
499253.0514
499098.5851
498939.5991
498774.3531
498600.0039
498413.4326
498211.8601
497993.2533
497756.4633
497501.0339
497226.6979
496932.7109
496617.2843
496277.3765
495908.9443
495507.531
495068.9099
494589.4845
494066.2746
493496.5282
492877.2035
492204.6331
491474.582
490682.6968
489825.1423
488899.113
487902.9452
486835.7201
485696.4741
484483.3102
483192.729
481819.3779
480356.2313
478795.0714
477127.0709
475343.2779
473434.8385
471392.8752
469208.0507
466869.9613
464366.5595
461683.7816
458805.4651
455713.5271
452388.2616
448808.5403
444951.6643
440792.6681
436302.9966
431448.6424
426187.9704
420469.5123
414230.0076
407392.9171
399867.6207
391549.5273
382321.3753
372056.0466
360621.2401
347886.3312
333731.6567
318060.2925
300812.0991
281979.4141
261623.2588
239888.3018
217148.7463
193500.0693
169345.9531
145222.9213
121769.327
99656.48214
79495.09276
61744.90382
46657.4043
34267.46212
499783.5673
499672.9209
499544.3407
499402.6603
499253.0514
499098.5851
498939.5991
498774.3531
498600.0039
498413.4326
498211.8601
497993.2533
497756.4633
497501.0339
497226.6979
496932.7109
496617.2843
496277.3765
495908.9443
495507.531
495068.9099
494589.4845
494066.2746
493496.5282
492877.2035
492204.6331
491474.582
490682.6968
489825.1423
488899.113
487902.9452
486835.7201
485696.4741
484483.3102
483192.729
481819.3779
480356.2313
478795.0714
477127.0709
475343.2779
473434.8385
471392.8752
469208.0507
466869.9613
464366.5595
461683.7816
458805.4651
455713.5271
452388.2616
448808.5403
444951.6643
440792.6681
436302.9966
431448.6424
426187.9704
420469.5123
414230.0076
407392.9171
399867.6207
391549.5273
382321.3753
372056.0466
360621.2401
347886.3312
333731.6567
318060.2925
300812.0991
281979.4141
261623.2588
239888.3018
217148.7463
193500.0693
169345.9531
145222.9213
121769.327
99656.48214
79495.09276
61744.90382
46657.4043
34267.46212
499783.5673
499672.9209
499544.3407
499402.6603
499253.0514
499098.5851
498939.5991
498774.3531
498600.0039
498413.4326
498211.8601
497993.2533
497756.4633
497501.0339
497226.6979
496932.7109
496617.2843
496277.3765
495908.9443
495507.531
495068.9099
494589.4845
494066.2746
493496.5282
492877.2035
492204.6331
491474.582
490682.6968
489825.1423
488899.113
487902.9452
486835.7201
485696.4741
484483.3102
483192.729
481819.3779
480356.2313
478795.0714
477127.0709
475343.2779
473434.8385
471392.8752
469208.0507
466869.9613
464366.5595
461683.7816
458805.4651
455713.5271
452388.2616
448808.5403
444951.6643
440792.6681
436302.9966
431448.6424
426187.9704
420469.5123
414230.0076
407392.9171
399867.6207
391549.5273
382321.3753
372056.0466
360621.2401
347886.3312
333731.6567
318060.2925
300812.0991
281979.4141
261623.2588
239888.3018
217148.7463
193500.0693
169345.9531
145222.9213
121769.327
99656.48214
79495.09276
61744.90382
46657.4043
34267.46212
499783.5673
499672.9209
499544.3407
499402.6603
499253.0514
499098.5851
498939.5991
498774.3531
498600.0039
498413.4326
498211.8601
497993.2533
497756.4633
497501.0339
497226.6979
496932.7109
496617.2843
496277.3765
495908.9443
495507.531
495068.9099
494589.4845
494066.2746
493496.5282
492877.2035
492204.6331
491474.582
490682.6968
489825.1423
488899.113
487902.9452
486835.7201
485696.4741
484483.3102
483192.729
481819.3779
480356.2313
478795.0714
477127.0709
475343.2779
473434.8385
471392.8752
469208.0507
466869.9613
464366.5595
461683.7816
458805.4651
455713.5271
452388.2616
448808.5403
444951.6643
440792.6681
436302.9966
431448.6424
426187.9704
420469.5123
414230.0076
407392.9171
399867.6207
391549.5273
382321.3753
372056.0466
360621.2401
347886.3312
333731.6567
318060.2925
300812.0991
281979.4141
261623.2588
239888.3018
217148.7463
193500.0693
169345.9531
145222.9213
121769.327
99656.48214
79495.09276
61744.90382
46657.4043
34267.46212
499783.5673
499672.9209
499544.3407
499402.6603
499253.0514
499098.5851
498939.5991
498774.3531
498600.0039
498413.4326
498211.8601
497993.2533
497756.4633
497501.0339
497226.6979
496932.7109
496617.2843
496277.3765
495908.9443
495507.531
495068.9099
494589.4845
494066.2746
493496.5282
492877.2035
492204.6331
491474.582
490682.6968
489825.1423
488899.113
487902.9452
486835.7201
485696.4741
484483.3102
483192.729
481819.3779
480356.2313
478795.0714
477127.0709
475343.2779
473434.8385
471392.8752
469208.0507
466869.9613
464366.5595
461683.7816
458805.4651
455713.5271
452388.2616
448808.5403
444951.6643
440792.6681
436302.9966
431448.6424
426187.9704
420469.5123
414230.0076
407392.9171
399867.6207
391549.5273
382321.3753
372056.0466
360621.2401
347886.3312
333731.6567
318060.2925
300812.0991
281979.4141
261623.2588
239888.3018
217148.7463
193500.0693
169345.9531
145222.9213
121769.327
99656.48214
79495.09276
61744.90382
46657.4043
34267.46212
499783.5673
499672.9209
499544.3407
499402.6603
499253.0514
499098.5851
498939.5991
498774.3531
498600.0039
498413.4326
498211.8601
497993.2533
497756.4633
497501.0339
497226.6979
496932.7109
496617.2843
496277.3765
495908.9443
495507.531
495068.9099
494589.4845
494066.2746
493496.5282
492877.2035
492204.6331
491474.582
490682.6968
489825.1423
488899.113
487902.9452
486835.7201
485696.4741
484483.3102
483192.729
481819.3779
480356.2313
478795.0714
477127.0709
475343.2779
473434.8385
471392.8752
469208.0507
466869.9613
464366.5595
461683.7816
458805.4651
455713.5271
452388.2616
448808.5403
444951.6643
440792.6681
436302.9966
431448.6424
426187.9704
420469.5123
414230.0076
407392.9171
399867.6207
391549.5273
382321.3753
372056.0466
360621.2401
347886.3312
333731.6567
318060.2925
300812.0991
281979.4141
261623.2588
239888.3018
217148.7463
193500.0693
169345.9531
145222.9213
121769.327
99656.48214
79495.09276
61744.90382
46657.4043
34267.46212
499783.5673
499672.9209
499544.3407
499402.6603
499253.0514
499098.5851
498939.5991
498774.3531
498600.0039
498413.4326
498211.8601
497993.2533
497756.4633
497501.0339
497226.6979
496932.7109
496617.2843
496277.3765
495908.9443
495507.531
495068.9099
494589.4845
494066.2746
493496.5282
492877.2035
492204.6331
491474.582
490682.6968
489825.1423
488899.113
487902.9452
486835.7201
485696.4741
484483.3102
483192.729
481819.3779
480356.2313
478795.0714
477127.0709
475343.2779
473434.8385
471392.8752
469208.0507
466869.9613
464366.5595
461683.7816
458805.4651
455713.5271
452388.2616
448808.5403
444951.6643
440792.6681
436302.9966
431448.6424
426187.9704
420469.5123
414230.0076
407392.9171
399867.6207
391549.5273
382321.3753
372056.0466
360621.2401
347886.3312
333731.6567
318060.2925
300812.0991
281979.4141
261623.2588
239888.3018
217148.7463
193500.0693
169345.9531
145222.9213
121769.327
99656.48214
79495.09276
61744.90382
46657.4043
34267.46212
499783.5673
499672.9209
499544.3407
499402.6603
499253.0514
499098.5851
498939.5991
498774.3531
498600.0039
498413.4326
498211.8601
497993.2533
497756.4633
497501.0339
497226.6979
496932.7109
496617.2843
496277.3765
495908.9443
495507.531
495068.9099
494589.4845
494066.2746
493496.5282
492877.2035
492204.6331
491474.582
490682.6968
489825.1423
488899.113
487902.9452
486835.7201
485696.4741
484483.3102
483192.729
481819.3779
480356.2313
478795.0714
477127.0709
475343.2779
473434.8385
471392.8752
469208.0507
466869.9613
464366.5595
461683.7816
458805.4651
455713.5271
452388.2616
448808.5403
444951.6643
440792.6681
436302.9966
431448.6424
426187.9704
420469.5123
414230.0076
407392.9171
399867.6207
391549.5273
382321.3753
372056.0466
360621.2401
347886.3312
333731.6567
318060.2925
300812.0991
281979.4141
261623.2588
239888.3018
217148.7463
193500.0693
169345.9531
145222.9213
121769.327
99656.48214
79495.09276
61744.90382
46657.4043
34267.46212
499783.5673
499672.9209
499544.3407
499402.6603
499253.0514
499098.5851
498939.5991
498774.3531
498600.0039
498413.4326
498211.8601
497993.2533
497756.4633
497501.0339
497226.6979
496932.7109
496617.2843
496277.3765
495908.9443
495507.531
495068.9099
494589.4845
494066.2746
493496.5282
492877.2035
492204.6331
491474.582
490682.6968
489825.1423
488899.113
487902.9452
486835.7201
485696.4741
484483.3102
483192.729
481819.3779
480356.2313
478795.0714
477127.0709
475343.2779
473434.8385
471392.8752
469208.0507
466869.9613
464366.5595
461683.7816
458805.4651
455713.5271
452388.2616
448808.5403
444951.6643
440792.6681
436302.9966
431448.6424
426187.9704
420469.5123
414230.0076
407392.9171
399867.6207
391549.5273
382321.3753
372056.0466
360621.2401
347886.3312
333731.6567
318060.2925
300812.0991
281979.4141
261623.2588
239888.3018
217148.7463
193500.0693
169345.9531
145222.9213
121769.327
99656.48214
79495.09276
61744.90382
46657.4043
34267.46212
499783.5673
499672.9209
499544.3407
499402.6603
499253.0514
499098.5851
498939.5991
498774.3531
498600.0039
498413.4326
498211.8601
497993.2533
497756.4633
497501.0339
497226.6979
496932.7109
496617.2843
496277.3765
495908.9443
495507.531
495068.9099
494589.4845
494066.2746
493496.5282
492877.2035
492204.6331
491474.582
490682.6968
489825.1423
488899.113
487902.9452
486835.7201
485696.4741
484483.3102
483192.729
481819.3779
480356.2313
478795.0714
477127.0709
475343.2779
473434.8385
471392.8752
469208.0507
466869.9613
464366.5595
461683.7816
458805.4651
455713.5271
452388.2616
448808.5403
444951.6643
440792.6681
436302.9966
431448.6424
426187.9704
420469.5123
414230.0076
407392.9171
399867.6207
391549.5273
382321.3753
372056.0466
360621.2401
347886.3312
333731.6567
318060.2925
300812.0991
281979.4141
261623.2588
239888.3018
217148.7463
193500.0693
169345.9531
145222.9213
121769.327
99656.48214
79495.09276
61744.90382
46657.4043
34267.46212
499783.5673
499672.9209
499544.3407
499402.6603
499253.0514
499098.5851
498939.5991
498774.3531
498600.0039
498413.4326
498211.8601
497993.2533
497756.4633
497501.0339
497226.6979
496932.7109
496617.2843
496277.3765
495908.9443
495507.531
495068.9099
494589.4845
494066.2746
493496.5282
492877.2035
492204.6331
491474.582
490682.6968
489825.1423
488899.113
487902.9452
486835.7201
485696.4741
484483.3102
483192.729
481819.3779
480356.2313
478795.0714
477127.0709
475343.2779
473434.8385
471392.8752
469208.0507
466869.9613
464366.5595
461683.7816
458805.4651
455713.5271
452388.2616
448808.5403
444951.6643
440792.6681
436302.9966
431448.6424
426187.9704
420469.5123
414230.0076
407392.9171
399867.6207
391549.5273
382321.3753
372056.0466
360621.2401
347886.3312
333731.6567
318060.2925
300812.0991
281979.4141
261623.2588
239888.3018
217148.7463
193500.0693
169345.9531
145222.9213
121769.327
99656.48214
79495.09276
61744.90382
46657.4043
34267.46212
499783.5673
499672.9209
499544.3407
499402.6603
499253.0514
499098.5851
498939.5991
498774.3531
498600.0039
498413.4326
498211.8601
497993.2533
497756.4633
497501.0339
497226.6979
496932.7109
496617.2843
496277.3765
495908.9443
495507.531
495068.9099
494589.4845
494066.2746
493496.5282
492877.2035
492204.6331
491474.582
490682.6968
489825.1423
488899.113
487902.9452
486835.7201
485696.4741
484483.3102
483192.729
481819.3779
480356.2313
478795.0714
477127.0709
475343.2779
473434.8385
471392.8752
469208.0507
466869.9613
464366.5595
461683.7816
458805.4651
455713.5271
452388.2616
448808.5403
444951.6643
440792.6681
436302.9966
431448.6424
426187.9704
420469.5123
414230.0076
407392.9171
399867.6207
391549.5273
382321.3753
372056.0466
360621.2401
347886.3312
333731.6567
318060.2925
300812.0991
281979.4141
261623.2588
239888.3018
217148.7463
193500.0693
169345.9531
145222.9213
121769.327
99656.48214
79495.09276
61744.90382
46657.4043
34267.46212
499783.5673
499672.9209
499544.3407
499402.6603
499253.0514
499098.5851
498939.5991
498774.3531
498600.0039
498413.4326
498211.8601
497993.2533
497756.4633
497501.0339
497226.6979
496932.7109
496617.2843
496277.3765
495908.9443
495507.531
495068.9099
494589.4845
494066.2746
493496.5282
492877.2035
492204.6331
491474.582
490682.6968
489825.1423
488899.113
487902.9452
486835.7201
485696.4741
484483.3102
483192.729
481819.3779
480356.2313
478795.0714
477127.0709
475343.2779
473434.8385
471392.8752
469208.0507
466869.9613
464366.5595
461683.7816
458805.4651
455713.5271
452388.2616
448808.5403
444951.6643
440792.6681
436302.9966
431448.6424
426187.9704
420469.5123
414230.0076
407392.9171
399867.6207
391549.5273
382321.3753
372056.0466
360621.2401
347886.3312
333731.6567
318060.2925
300812.0991
281979.4141
261623.2588
239888.3018
217148.7463
193500.0693
169345.9531
145222.9213
121769.327
99656.48214
79495.09276
61744.90382
46657.4043
34267.46212
499783.5673
499672.9209
499544.3407
499402.6603
499253.0514
499098.5851
498939.5991
498774.3531
498600.0039
498413.4326
498211.8601
497993.2533
497756.4633
497501.0339
497226.6979
496932.7109
496617.2843
496277.3765
495908.9443
495507.531
495068.9099
494589.4845
494066.2746
493496.5282
492877.2035
492204.6331
491474.582
490682.6968
489825.1423
488899.113
487902.9452
486835.7201
485696.4741
484483.3102
483192.729
481819.3779
480356.2313
478795.0714
477127.0709
475343.2779
473434.8385
471392.8752
469208.0507
466869.9613
464366.5595
461683.7816
458805.4651
455713.5271
452388.2616
448808.5403
444951.6643
440792.6681
436302.9966
431448.6424
426187.9704
420469.5123
414230.0076
407392.9171
399867.6207
391549.5273
382321.3753
372056.0466
360621.2401
347886.3312
333731.6567
318060.2925
300812.0991
281979.4141
261623.2588
239888.3018
217148.7463
193500.0693
169345.9531
145222.9213
121769.327
99656.48214
79495.09276
61744.90382
46657.4043
34267.46212
499783.5673
499672.9209
499544.3407
499402.6603
499253.0514
499098.5851
498939.5991
498774.3531
498600.0039
498413.4326
498211.8601
497993.2533
497756.4633
497501.0339
497226.6979
496932.7109
496617.2843
496277.3765
495908.9443
495507.531
495068.9099
494589.4845
494066.2746
493496.5282
492877.2035
492204.6331
491474.582
490682.6968
489825.1423
488899.113
487902.9452
486835.7201
485696.4741
484483.3102
483192.729
481819.3779
480356.2313
478795.0714
477127.0709
475343.2779
473434.8385
471392.8752
469208.0507
466869.9613
464366.5595
461683.7816
458805.4651
455713.5271
452388.2616
448808.5403
444951.6643
440792.6681
436302.9966
431448.6424
426187.9704
420469.5123
414230.0076
407392.9171
399867.6207
391549.5273
382321.3753
372056.0466
360621.2401
347886.3312
333731.6567
318060.2925
300812.0991
281979.4141
261623.2588
239888.3018
217148.7463
193500.0693
169345.9531
145222.9213
121769.327
99656.48214
79495.09276
61744.90382
46657.4043
34267.46212
499783.5673
499672.9209
499544.3407
499402.6603
499253.0514
499098.5851
498939.5991
498774.3531
498600.0039
498413.4326
498211.8601
497993.2533
497756.4633
497501.0339
497226.6979
496932.7109
496617.2843
496277.3765
495908.9443
495507.531
495068.9099
494589.4845
494066.2746
493496.5282
492877.2035
492204.6331
491474.582
490682.6968
489825.1423
488899.113
487902.9452
486835.7201
485696.4741
484483.3102
483192.729
481819.3779
480356.2313
478795.0714
477127.0709
475343.2779
473434.8385
471392.8752
469208.0507
466869.9613
464366.5595
461683.7816
458805.4651
455713.5271
452388.2616
448808.5403
444951.6643
440792.6681
436302.9966
431448.6424
426187.9704
420469.5123
414230.0076
407392.9171
399867.6207
391549.5273
382321.3753
372056.0466
360621.2401
347886.3312
333731.6567
318060.2925
300812.0991
281979.4141
261623.2588
239888.3018
217148.7463
193500.0693
169345.9531
145222.9213
121769.327
99656.48214
79495.09276
61744.90382
46657.4043
34267.46212
499783.5673
499672.9209
499544.3407
499402.6603
499253.0514
499098.5851
498939.5991
498774.3531
498600.0039
498413.4326
498211.8601
497993.2533
497756.4633
497501.0339
497226.6979
496932.7109
496617.2843
496277.3765
495908.9443
495507.531
495068.9099
494589.4845
494066.2746
493496.5282
492877.2035
492204.6331
491474.582
490682.6968
489825.1423
488899.113
487902.9452
486835.7201
485696.4741
484483.3102
483192.729
481819.3779
480356.2313
478795.0714
477127.0709
475343.2779
473434.8385
471392.8752
469208.0507
466869.9613
464366.5595
461683.7816
458805.4651
455713.5271
452388.2616
448808.5403
444951.6643
440792.6681
436302.9966
431448.6424
426187.9704
420469.5123
414230.0076
407392.9171
399867.6207
391549.5273
382321.3753
372056.0466
360621.2401
347886.3312
333731.6567
318060.2925
300812.0991
281979.4141
261623.2588
239888.3018
217148.7463
193500.0693
169345.9531
145222.9213
121769.327
99656.48214
79495.09276
61744.90382
46657.4043
34267.46212
499783.5673
499672.9209
499544.3407
499402.6603
499253.0514
499098.5851
498939.5991
498774.3531
498600.0039
498413.4326
498211.8601
497993.2533
497756.4633
497501.0339
497226.6979
496932.7109
496617.2843
496277.3765
495908.9443
495507.531
495068.9099
494589.4845
494066.2746
493496.5282
492877.2035
492204.6331
491474.582
490682.6968
489825.1423
488899.113
487902.9452
486835.7201
485696.4741
484483.3102
483192.729
481819.3779
480356.2313
478795.0714
477127.0709
475343.2779
473434.8385
471392.8752
469208.0507
466869.9613
464366.5595
461683.7816
458805.4651
455713.5271
452388.2616
448808.5403
444951.6643
440792.6681
436302.9966
431448.6424
426187.9704
420469.5123
414230.0076
407392.9171
399867.6207
391549.5273
382321.3753
372056.0466
360621.2401
347886.3312
333731.6567
318060.2925
300812.0991
281979.4141
261623.2588
239888.3018
217148.7463
193500.0693
169345.9531
145222.9213
121769.327
99656.48214
79495.09276
61744.90382
46657.4043
34267.46212
499783.5673
499672.9209
499544.3407
499402.6603
499253.0514
499098.5851
498939.5991
498774.3531
498600.0039
498413.4326
498211.8601
497993.2533
497756.4633
497501.0339
497226.6979
496932.7109
496617.2843
496277.3765
495908.9443
495507.531
495068.9099
494589.4845
494066.2746
493496.5282
492877.2035
492204.6331
491474.582
490682.6968
489825.1423
488899.113
487902.9452
486835.7201
485696.4741
484483.3102
483192.729
481819.3779
480356.2313
478795.0714
477127.0709
475343.2779
473434.8385
471392.8752
469208.0507
466869.9613
464366.5595
461683.7816
458805.4651
455713.5271
452388.2616
448808.5403
444951.6643
440792.6681
436302.9966
431448.6424
426187.9704
420469.5123
414230.0076
407392.9171
399867.6207
391549.5273
382321.3753
372056.0466
360621.2401
347886.3312
333731.6567
318060.2925
300812.0991
281979.4141
261623.2588
239888.3018
217148.7463
193500.0693
169345.9531
145222.9213
121769.327
99656.48214
79495.09276
61744.90382
46657.4043
34267.46212
499783.5673
499672.9209
499544.3407
499402.6603
499253.0514
499098.5851
498939.5991
498774.3531
498600.0039
498413.4326
498211.8601
497993.2533
497756.4633
497501.0339
497226.6979
496932.7109
496617.2843
496277.3765
495908.9443
495507.531
495068.9099
494589.4845
494066.2746
493496.5282
492877.2035
492204.6331
491474.582
490682.6968
489825.1423
488899.113
487902.9452
486835.7201
485696.4741
484483.3102
483192.729
481819.3779
480356.2313
478795.0714
477127.0709
475343.2779
473434.8385
471392.8752
469208.0507
466869.9613
464366.5595
461683.7816
458805.4651
455713.5271
452388.2616
448808.5403
444951.6643
440792.6681
436302.9966
431448.6424
426187.9704
420469.5123
414230.0076
407392.9171
399867.6207
391549.5273
382321.3753
372056.0466
360621.2401
347886.3312
333731.6567
318060.2925
300812.0991
281979.4141
261623.2588
239888.3018
217148.7463
193500.0693
169345.9531
145222.9213
121769.327
99656.48214
79495.09276
61744.90382
46657.4043
34267.46212
499783.5673
499672.9209
499544.3407
499402.6603
499253.0514
499098.5851
498939.5991
498774.3531
498600.0039
498413.4326
498211.8601
497993.2533
497756.4633
497501.0339
497226.6979
496932.7109
496617.2843
496277.3765
495908.9443
495507.531
495068.9099
494589.4845
494066.2746
493496.5282
492877.2035
492204.6331
491474.582
490682.6968
489825.1423
488899.113
487902.9452
486835.7201
485696.4741
484483.3102
483192.729
481819.3779
480356.2313
478795.0714
477127.0709
475343.2779
473434.8385
471392.8752
469208.0507
466869.9613
464366.5595
461683.7816
458805.4651
455713.5271
452388.2616
448808.5403
444951.6643
440792.6681
436302.9966
431448.6424
426187.9704
420469.5123
414230.0076
407392.9171
399867.6207
391549.5273
382321.3753
372056.0466
360621.2401
347886.3312
333731.6567
318060.2925
300812.0991
281979.4141
261623.2588
239888.3018
217148.7463
193500.0693
169345.9531
145222.9213
121769.327
99656.48214
79495.09276
61744.90382
46657.4043
34267.46212
499783.5673
499672.9209
499544.3407
499402.6603
499253.0514
499098.5851
498939.5991
498774.3531
498600.0039
498413.4326
498211.8601
497993.2533
497756.4633
497501.0339
497226.6979
496932.7109
496617.2843
496277.3765
495908.9443
495507.531
495068.9099
494589.4845
494066.2746
493496.5282
492877.2035
492204.6331
491474.582
490682.6968
489825.1423
488899.113
487902.9452
486835.7201
485696.4741
484483.3102
483192.729
481819.3779
480356.2313
478795.0714
477127.0709
475343.2779
473434.8385
471392.8752
469208.0507
466869.9613
464366.5595
461683.7816
458805.4651
455713.5271
452388.2616
448808.5403
444951.6643
440792.6681
436302.9966
431448.6424
426187.9704
420469.5123
414230.0076
407392.9171
399867.6207
391549.5273
382321.3753
372056.0466
360621.2401
347886.3312
333731.6567
318060.2925
300812.0991
281979.4141
261623.2588
239888.3018
217148.7463
193500.0693
169345.9531
145222.9213
121769.327
99656.48214
79495.09276
61744.90382
46657.4043
34267.46212
499783.5673
499672.9209
499544.3407
499402.6603
499253.0514
499098.5851
498939.5991
498774.3531
498600.0039
498413.4326
498211.8601
497993.2533
497756.4633
497501.0339
497226.6979
496932.7109
496617.2843
496277.3765
495908.9443
495507.531
495068.9099
494589.4845
494066.2746
493496.5282
492877.2035
492204.6331
491474.582
490682.6968
489825.1423
488899.113
487902.9452
486835.7201
485696.4741
484483.3102
483192.729
481819.3779
480356.2313
478795.0714
477127.0709
475343.2779
473434.8385
471392.8752
469208.0507
466869.9613
464366.5595
461683.7816
458805.4651
455713.5271
452388.2616
448808.5403
444951.6643
440792.6681
436302.9966
431448.6424
426187.9704
420469.5123
414230.0076
407392.9171
399867.6207
391549.5273
382321.3753
372056.0466
360621.2401
347886.3312
333731.6567
318060.2925
300812.0991
281979.4141
261623.2588
239888.3018
217148.7463
193500.0693
169345.9531
145222.9213
121769.327
99656.48214
79495.09276
61744.90382
46657.4043
34267.46212
499783.5673
499672.9209
499544.3407
499402.6603
499253.0514
499098.5851
498939.5991
498774.3531
498600.0039
498413.4326
498211.8601
497993.2533
497756.4633
497501.0339
497226.6979
496932.7109
496617.2843
496277.3765
495908.9443
495507.531
495068.9099
494589.4845
494066.2746
493496.5282
492877.2035
492204.6331
491474.582
490682.6968
489825.1423
488899.113
487902.9452
486835.7201
485696.4741
484483.3102
483192.729
481819.3779
480356.2313
478795.0714
477127.0709
475343.2779
473434.8385
471392.8752
469208.0507
466869.9613
464366.5595
461683.7816
458805.4651
455713.5271
452388.2616
448808.5403
444951.6643
440792.6681
436302.9966
431448.6424
426187.9704
420469.5123
414230.0076
407392.9171
399867.6207
391549.5273
382321.3753
372056.0466
360621.2401
347886.3312
333731.6567
318060.2925
300812.0991
281979.4141
261623.2588
239888.3018
217148.7463
193500.0693
169345.9531
145222.9213
121769.327
99656.48214
79495.09276
61744.90382
46657.4043
34267.46212
499783.5673
499672.9209
499544.3407
499402.6603
499253.0514
499098.5851
498939.5991
498774.3531
498600.0039
498413.4326
498211.8601
497993.2533
497756.4633
497501.0339
497226.6979
496932.7109
496617.2843
496277.3765
495908.9443
495507.531
495068.9099
494589.4845
494066.2746
493496.5282
492877.2035
492204.6331
491474.582
490682.6968
489825.1423
488899.113
487902.9452
486835.7201
485696.4741
484483.3102
483192.729
481819.3779
480356.2313
478795.0714
477127.0709
475343.2779
473434.8385
471392.8752
469208.0507
466869.9613
464366.5595
461683.7816
458805.4651
455713.5271
452388.2616
448808.5403
444951.6643
440792.6681
436302.9966
431448.6424
426187.9704
420469.5123
414230.0076
407392.9171
399867.6207
391549.5273
382321.3753
372056.0466
360621.2401
347886.3312
333731.6567
318060.2925
300812.0991
281979.4141
261623.2588
239888.3018
217148.7463
193500.0693
169345.9531
145222.9213
121769.327
99656.48214
79495.09276
61744.90382
46657.4043
34267.46212
499783.5673
499672.9209
499544.3407
499402.6603
499253.0514
499098.5851
498939.5991
498774.3531
498600.0039
498413.4326
498211.8601
497993.2533
497756.4633
497501.0339
497226.6979
496932.7109
496617.2843
496277.3765
495908.9443
495507.531
495068.9099
494589.4845
494066.2746
493496.5282
492877.2035
492204.6331
491474.582
490682.6968
489825.1423
488899.113
487902.9452
486835.7201
485696.4741
484483.3102
483192.729
481819.3779
480356.2313
478795.0714
477127.0709
475343.2779
473434.8385
471392.8752
469208.0507
466869.9613
464366.5595
461683.7816
458805.4651
455713.5271
452388.2616
448808.5403
444951.6643
440792.6681
436302.9966
431448.6424
426187.9704
420469.5123
414230.0076
407392.9171
399867.6207
391549.5273
382321.3753
372056.0466
360621.2401
347886.3312
333731.6567
318060.2925
300812.0991
281979.4141
261623.2588
239888.3018
217148.7463
193500.0693
169345.9531
145222.9213
121769.327
99656.48214
79495.09276
61744.90382
46657.4043
34267.46212
499783.5673
499672.9209
499544.3407
499402.6603
499253.0514
499098.5851
498939.5991
498774.3531
498600.0039
498413.4326
498211.8601
497993.2533
497756.4633
497501.0339
497226.6979
496932.7109
496617.2843
496277.3765
495908.9443
495507.531
495068.9099
494589.4845
494066.2746
493496.5282
492877.2035
492204.6331
491474.582
490682.6968
489825.1423
488899.113
487902.9452
486835.7201
485696.4741
484483.3102
483192.729
481819.3779
480356.2313
478795.0714
477127.0709
475343.2779
473434.8385
471392.8752
469208.0507
466869.9613
464366.5595
461683.7816
458805.4651
455713.5271
452388.2616
448808.5403
444951.6643
440792.6681
436302.9966
431448.6424
426187.9704
420469.5123
414230.0076
407392.9171
399867.6207
391549.5273
382321.3753
372056.0466
360621.2401
347886.3312
333731.6567
318060.2925
300812.0991
281979.4141
261623.2588
239888.3018
217148.7463
193500.0693
169345.9531
145222.9213
121769.327
99656.48214
79495.09276
61744.90382
46657.4043
34267.46212
499783.5673
499672.9209
499544.3407
499402.6603
499253.0514
499098.5851
498939.5991
498774.3531
498600.0039
498413.4326
498211.8601
497993.2533
497756.4633
497501.0339
497226.6979
496932.7109
496617.2843
496277.3765
495908.9443
495507.531
495068.9099
494589.4845
494066.2746
493496.5282
492877.2035
492204.6331
491474.582
490682.6968
489825.1423
488899.113
487902.9452
486835.7201
485696.4741
484483.3102
483192.729
481819.3779
480356.2313
478795.0714
477127.0709
475343.2779
473434.8385
471392.8752
469208.0507
466869.9613
464366.5595
461683.7816
458805.4651
455713.5271
452388.2616
448808.5403
444951.6643
440792.6681
436302.9966
431448.6424
426187.9704
420469.5123
414230.0076
407392.9171
399867.6207
391549.5273
382321.3753
372056.0466
360621.2401
347886.3312
333731.6567
318060.2925
300812.0991
281979.4141
261623.2588
239888.3018
217148.7463
193500.0693
169345.9531
145222.9213
121769.327
99656.48214
79495.09276
61744.90382
46657.4043
34267.46212
499783.5673
499672.9209
499544.3407
499402.6603
499253.0514
499098.5851
498939.5991
498774.3531
498600.0039
498413.4326
498211.8601
497993.2533
497756.4633
497501.0339
497226.6979
496932.7109
496617.2843
496277.3765
495908.9443
495507.531
495068.9099
494589.4845
494066.2746
493496.5282
492877.2035
492204.6331
491474.582
490682.6968
489825.1423
488899.113
487902.9452
486835.7201
485696.4741
484483.3102
483192.729
481819.3779
480356.2313
478795.0714
477127.0709
475343.2779
473434.8385
471392.8752
469208.0507
466869.9613
464366.5595
461683.7816
458805.4651
455713.5271
452388.2616
448808.5403
444951.6643
440792.6681
436302.9966
431448.6424
426187.9704
420469.5123
414230.0076
407392.9171
399867.6207
391549.5273
382321.3753
372056.0466
360621.2401
347886.3312
333731.6567
318060.2925
300812.0991
281979.4141
261623.2588
239888.3018
217148.7463
193500.0693
169345.9531
145222.9213
121769.327
99656.48214
79495.09276
61744.90382
46657.4043
34267.46212
499783.5673
499672.9209
499544.3407
499402.6603
499253.0514
499098.5851
498939.5991
498774.3531
498600.0039
498413.4326
498211.8601
497993.2533
497756.4633
497501.0339
497226.6979
496932.7109
496617.2843
496277.3765
495908.9443
495507.531
495068.9099
494589.4845
494066.2746
493496.5282
492877.2035
492204.6331
491474.582
490682.6968
489825.1423
488899.113
487902.9452
486835.7201
485696.4741
484483.3102
483192.729
481819.3779
480356.2313
478795.0714
477127.0709
475343.2779
473434.8385
471392.8752
469208.0507
466869.9613
464366.5595
461683.7816
458805.4651
455713.5271
452388.2616
448808.5403
444951.6643
440792.6681
436302.9966
431448.6424
426187.9704
420469.5123
414230.0076
407392.9171
399867.6207
391549.5273
382321.3753
372056.0466
360621.2401
347886.3312
333731.6567
318060.2925
300812.0991
281979.4141
261623.2588
239888.3018
217148.7463
193500.0693
169345.9531
145222.9213
121769.327
99656.48214
79495.09276
61744.90382
46657.4043
34267.46212
499783.5673
499672.9209
499544.3407
499402.6603
499253.0514
499098.5851
498939.5991
498774.3531
498600.0039
498413.4326
498211.8601
497993.2533
497756.4633
497501.0339
497226.6979
496932.7109
496617.2843
496277.3765
495908.9443
495507.531
495068.9099
494589.4845
494066.2746
493496.5282
492877.2035
492204.6331
491474.582
490682.6968
489825.1423
488899.113
487902.9452
486835.7201
485696.4741
484483.3102
483192.729
481819.3779
480356.2313
478795.0714
477127.0709
475343.2779
473434.8385
471392.8752
469208.0507
466869.9613
464366.5595
461683.7816
458805.4651
455713.5271
452388.2616
448808.5403
444951.6643
440792.6681
436302.9966
431448.6424
426187.9704
420469.5123
414230.0076
407392.9171
399867.6207
391549.5273
382321.3753
372056.0466
360621.2401
347886.3312
333731.6567
318060.2925
300812.0991
281979.4141
261623.2588
239888.3018
217148.7463
193500.0693
169345.9531
145222.9213
121769.327
99656.48214
79495.09276
61744.90382
46657.4043
34267.46212
499783.5673
499672.9209
499544.3407
499402.6603
499253.0514
499098.5851
498939.5991
498774.3531
498600.0039
498413.4326
498211.8601
497993.2533
497756.4633
497501.0339
497226.6979
496932.7109
496617.2843
496277.3765
495908.9443
495507.531
495068.9099
494589.4845
494066.2746
493496.5282
492877.2035
492204.6331
491474.582
490682.6968
489825.1423
488899.113
487902.9452
486835.7201
485696.4741
484483.3102
483192.729
481819.3779
480356.2313
478795.0714
477127.0709
475343.2779
473434.8385
471392.8752
469208.0507
466869.9613
464366.5595
461683.7816
458805.4651
455713.5271
452388.2616
448808.5403
444951.6643
440792.6681
436302.9966
431448.6424
426187.9704
420469.5123
414230.0076
407392.9171
399867.6207
391549.5273
382321.3753
372056.0466
360621.2401
347886.3312
333731.6567
318060.2925
300812.0991
281979.4141
261623.2588
239888.3018
217148.7463
193500.0693
169345.9531
145222.9213
121769.327
99656.48214
79495.09276
61744.90382
46657.4043
34267.46212
499783.5673
499672.9209
499544.3407
499402.6603
499253.0514
499098.5851
498939.5991
498774.3531
498600.0039
498413.4326
498211.8601
497993.2533
497756.4633
497501.0339
497226.6979
496932.7109
496617.2843
496277.3765
495908.9443
495507.531
495068.9099
494589.4845
494066.2746
493496.5282
492877.2035
492204.6331
491474.582
490682.6968
489825.1423
488899.113
487902.9452
486835.7201
485696.4741
484483.3102
483192.729
481819.3779
480356.2313
478795.0714
477127.0709
475343.2779
473434.8385
471392.8752
469208.0507
466869.9613
464366.5595
461683.7816
458805.4651
455713.5271
452388.2616
448808.5403
444951.6643
440792.6681
436302.9966
431448.6424
426187.9704
420469.5123
414230.0076
407392.9171
399867.6207
391549.5273
382321.3753
372056.0466
360621.2401
347886.3312
333731.6567
318060.2925
300812.0991
281979.4141
261623.2588
239888.3018
217148.7463
193500.0693
169345.9531
145222.9213
121769.327
99656.48214
79495.09276
61744.90382
46657.4043
34267.46212
499783.5673
499672.9209
499544.3407
499402.6603
499253.0514
499098.5851
498939.5991
498774.3531
498600.0039
498413.4326
498211.8601
497993.2533
497756.4633
497501.0339
497226.6979
496932.7109
496617.2843
496277.3765
495908.9443
495507.531
495068.9099
494589.4845
494066.2746
493496.5282
492877.2035
492204.6331
491474.582
490682.6968
489825.1423
488899.113
487902.9452
486835.7201
485696.4741
484483.3102
483192.729
481819.3779
480356.2313
478795.0714
477127.0709
475343.2779
473434.8385
471392.8752
469208.0507
466869.9613
464366.5595
461683.7816
458805.4651
455713.5271
452388.2616
448808.5403
444951.6643
440792.6681
436302.9966
431448.6424
426187.9704
420469.5123
414230.0076
407392.9171
399867.6207
391549.5273
382321.3753
372056.0466
360621.2401
347886.3312
333731.6567
318060.2925
300812.0991
281979.4141
261623.2588
239888.3018
217148.7463
193500.0693
169345.9531
145222.9213
121769.327
99656.48214
79495.09276
61744.90382
46657.4043
34267.46212
499783.5673
499672.9209
499544.3407
499402.6603
499253.0514
499098.5851
498939.5991
498774.3531
498600.0039
498413.4326
498211.8601
497993.2533
497756.4633
497501.0339
497226.6979
496932.7109
496617.2843
496277.3765
495908.9443
495507.531
495068.9099
494589.4845
494066.2746
493496.5282
492877.2035
492204.6331
491474.582
490682.6968
489825.1423
488899.113
487902.9452
486835.7201
485696.4741
484483.3102
483192.729
481819.3779
480356.2313
478795.0714
477127.0709
475343.2779
473434.8385
471392.8752
469208.0507
466869.9613
464366.5595
461683.7816
458805.4651
455713.5271
452388.2616
448808.5403
444951.6643
440792.6681
436302.9966
431448.6424
426187.9704
420469.5123
414230.0076
407392.9171
399867.6207
391549.5273
382321.3753
372056.0466
360621.2401
347886.3312
333731.6567
318060.2925
300812.0991
281979.4141
261623.2588
239888.3018
217148.7463
193500.0693
169345.9531
145222.9213
121769.327
99656.48214
79495.09276
61744.90382
46657.4043
34267.46212
499783.5673
499672.9209
499544.3407
499402.6603
499253.0514
499098.5851
498939.5991
498774.3531
498600.0039
498413.4326
498211.8601
497993.2533
497756.4633
497501.0339
497226.6979
496932.7109
496617.2843
496277.3765
495908.9443
495507.531
495068.9099
494589.4845
494066.2746
493496.5282
492877.2035
492204.6331
491474.582
490682.6968
489825.1423
488899.113
487902.9452
486835.7201
485696.4741
484483.3102
483192.729
481819.3779
480356.2313
478795.0714
477127.0709
475343.2779
473434.8385
471392.8752
469208.0507
466869.9613
464366.5595
461683.7816
458805.4651
455713.5271
452388.2616
448808.5403
444951.6643
440792.6681
436302.9966
431448.6424
426187.9704
420469.5123
414230.0076
407392.9171
399867.6207
391549.5273
382321.3753
372056.0466
360621.2401
347886.3312
333731.6567
318060.2925
300812.0991
281979.4141
261623.2588
239888.3018
217148.7463
193500.0693
169345.9531
145222.9213
121769.327
99656.48214
79495.09276
61744.90382
46657.4043
34267.46212
499783.5673
499672.9209
499544.3407
499402.6603
499253.0514
499098.5851
498939.5991
498774.3531
498600.0039
498413.4326
498211.8601
497993.2533
497756.4633
497501.0339
497226.6979
496932.7109
496617.2843
496277.3765
495908.9443
495507.531
495068.9099
494589.4845
494066.2746
493496.5282
492877.2035
492204.6331
491474.582
490682.6968
489825.1423
488899.113
487902.9452
486835.7201
485696.4741
484483.3102
483192.729
481819.3779
480356.2313
478795.0714
477127.0709
475343.2779
473434.8385
471392.8752
469208.0507
466869.9613
464366.5595
461683.7816
458805.4651
455713.5271
452388.2616
448808.5403
444951.6643
440792.6681
436302.9966
431448.6424
426187.9704
420469.5123
414230.0076
407392.9171
399867.6207
391549.5273
382321.3753
372056.0466
360621.2401
347886.3312
333731.6567
318060.2925
300812.0991
281979.4141
261623.2588
239888.3018
217148.7463
193500.0693
169345.9531
145222.9213
121769.327
99656.48214
79495.09276
61744.90382
46657.4043
34267.46212
499783.5673
499672.9209
499544.3407
499402.6603
499253.0514
499098.5851
498939.5991
498774.3531
498600.0039
498413.4326
498211.8601
497993.2533
497756.4633
497501.0339
497226.6979
496932.7109
496617.2843
496277.3765
495908.9443
495507.531
495068.9099
494589.4845
494066.2746
493496.5282
492877.2035
492204.6331
491474.582
490682.6968
489825.1423
488899.113
487902.9452
486835.7201
485696.4741
484483.3102
483192.729
481819.3779
480356.2313
478795.0714
477127.0709
475343.2779
473434.8385
471392.8752
469208.0507
466869.9613
464366.5595
461683.7816
458805.4651
455713.5271
452388.2616
448808.5403
444951.6643
440792.6681
436302.9966
431448.6424
426187.9704
420469.5123
414230.0076
407392.9171
399867.6207
391549.5273
382321.3753
372056.0466
360621.2401
347886.3312
333731.6567
318060.2925
300812.0991
281979.4141
261623.2588
239888.3018
217148.7463
193500.0693
169345.9531
145222.9213
121769.327
99656.48214
79495.09276
61744.90382
46657.4043
34267.46212
499783.5673
499672.9209
499544.3407
499402.6603
499253.0514
499098.5851
498939.5991
498774.3531
498600.0039
498413.4326
498211.8601
497993.2533
497756.4633
497501.0339
497226.6979
496932.7109
496617.2843
496277.3765
495908.9443
495507.531
495068.9099
494589.4845
494066.2746
493496.5282
492877.2035
492204.6331
491474.582
490682.6968
489825.1423
488899.113
487902.9452
486835.7201
485696.4741
484483.3102
483192.729
481819.3779
480356.2313
478795.0714
477127.0709
475343.2779
473434.8385
471392.8752
469208.0507
466869.9613
464366.5595
461683.7816
458805.4651
455713.5271
452388.2616
448808.5403
444951.6643
440792.6681
436302.9966
431448.6424
426187.9704
420469.5123
414230.0076
407392.9171
399867.6207
391549.5273
382321.3753
372056.0466
360621.2401
347886.3312
333731.6567
318060.2925
300812.0991
281979.4141
261623.2588
239888.3018
217148.7463
193500.0693
169345.9531
145222.9213
121769.327
99656.48214
79495.09276
61744.90382
46657.4043
34267.46212
499783.5673
499672.9209
499544.3407
499402.6603
499253.0514
499098.5851
498939.5991
498774.3531
498600.0039
498413.4326
498211.8601
497993.2533
497756.4633
497501.0339
497226.6979
496932.7109
496617.2843
496277.3765
495908.9443
495507.531
495068.9099
494589.4845
494066.2746
493496.5282
492877.2035
492204.6331
491474.582
490682.6968
489825.1423
488899.113
487902.9452
486835.7201
485696.4741
484483.3102
483192.729
481819.3779
480356.2313
478795.0714
477127.0709
475343.2779
473434.8385
471392.8752
469208.0507
466869.9613
464366.5595
461683.7816
458805.4651
455713.5271
452388.2616
448808.5403
444951.6643
440792.6681
436302.9966
431448.6424
426187.9704
420469.5123
414230.0076
407392.9171
399867.6207
391549.5273
382321.3753
372056.0466
360621.2401
347886.3312
333731.6567
318060.2925
300812.0991
281979.4141
261623.2588
239888.3018
217148.7463
193500.0693
169345.9531
145222.9213
121769.327
99656.48214
79495.09276
61744.90382
46657.4043
34267.46212
499783.5673
499672.9209
499544.3407
499402.6603
499253.0514
499098.5851
498939.5991
498774.3531
498600.0039
498413.4326
498211.8601
497993.2533
497756.4633
497501.0339
497226.6979
496932.7109
496617.2843
496277.3765
495908.9443
495507.531
495068.9099
494589.4845
494066.2746
493496.5282
492877.2035
492204.6331
491474.582
490682.6968
489825.1423
488899.113
487902.9452
486835.7201
485696.4741
484483.3102
483192.729
481819.3779
480356.2313
478795.0714
477127.0709
475343.2779
473434.8385
471392.8752
469208.0507
466869.9613
464366.5595
461683.7816
458805.4651
455713.5271
452388.2616
448808.5403
444951.6643
440792.6681
436302.9966
431448.6424
426187.9704
420469.5123
414230.0076
407392.9171
399867.6207
391549.5273
382321.3753
372056.0466
360621.2401
347886.3312
333731.6567
318060.2925
300812.0991
281979.4141
261623.2588
239888.3018
217148.7463
193500.0693
169345.9531
145222.9213
121769.327
99656.48214
79495.09276
61744.90382
46657.4043
34267.46212
499783.5673
499672.9209
499544.3407
499402.6603
499253.0514
499098.5851
498939.5991
498774.3531
498600.0039
498413.4326
498211.8601
497993.2533
497756.4633
497501.0339
497226.6979
496932.7109
496617.2843
496277.3765
495908.9443
495507.531
495068.9099
494589.4845
494066.2746
493496.5282
492877.2035
492204.6331
491474.582
490682.6968
489825.1423
488899.113
487902.9452
486835.7201
485696.4741
484483.3102
483192.729
481819.3779
480356.2313
478795.0714
477127.0709
475343.2779
473434.8385
471392.8752
469208.0507
466869.9613
464366.5595
461683.7816
458805.4651
455713.5271
452388.2616
448808.5403
444951.6643
440792.6681
436302.9966
431448.6424
426187.9704
420469.5123
414230.0076
407392.9171
399867.6207
391549.5273
382321.3753
372056.0466
360621.2401
347886.3312
333731.6567
318060.2925
300812.0991
281979.4141
261623.2588
239888.3018
217148.7463
193500.0693
169345.9531
145222.9213
121769.327
99656.48214
79495.09276
61744.90382
46657.4043
34267.46212
499783.5673
499672.9209
499544.3407
499402.6603
499253.0514
499098.5851
498939.5991
498774.3531
498600.0039
498413.4326
498211.8601
497993.2533
497756.4633
497501.0339
497226.6979
496932.7109
496617.2843
496277.3765
495908.9443
495507.531
495068.9099
494589.4845
494066.2746
493496.5282
492877.2035
492204.6331
491474.582
490682.6968
489825.1423
488899.113
487902.9452
486835.7201
485696.4741
484483.3102
483192.729
481819.3779
480356.2313
478795.0714
477127.0709
475343.2779
473434.8385
471392.8752
469208.0507
466869.9613
464366.5595
461683.7816
458805.4651
455713.5271
452388.2616
448808.5403
444951.6643
440792.6681
436302.9966
431448.6424
426187.9704
420469.5123
414230.0076
407392.9171
399867.6207
391549.5273
382321.3753
372056.0466
360621.2401
347886.3312
333731.6567
318060.2925
300812.0991
281979.4141
261623.2588
239888.3018
217148.7463
193500.0693
169345.9531
145222.9213
121769.327
99656.48214
79495.09276
61744.90382
46657.4043
34267.46212
499783.5673
499672.9209
499544.3407
499402.6603
499253.0514
499098.5851
498939.5991
498774.3531
498600.0039
498413.4326
498211.8601
497993.2533
497756.4633
497501.0339
497226.6979
496932.7109
496617.2843
496277.3765
495908.9443
495507.531
495068.9099
494589.4845
494066.2746
493496.5282
492877.2035
492204.6331
491474.582
490682.6968
489825.1423
488899.113
487902.9452
486835.7201
485696.4741
484483.3102
483192.729
481819.3779
480356.2313
478795.0714
477127.0709
475343.2779
473434.8385
471392.8752
469208.0507
466869.9613
464366.5595
461683.7816
458805.4651
455713.5271
452388.2616
448808.5403
444951.6643
440792.6681
436302.9966
431448.6424
426187.9704
420469.5123
414230.0076
407392.9171
399867.6207
391549.5273
382321.3753
372056.0466
360621.2401
347886.3312
333731.6567
318060.2925
300812.0991
281979.4141
261623.2588
239888.3018
217148.7463
193500.0693
169345.9531
145222.9213
121769.327
99656.48214
79495.09276
61744.90382
46657.4043
34267.46212
499783.5673
499672.9209
499544.3407
499402.6603
499253.0514
499098.5851
498939.5991
498774.3531
498600.0039
498413.4326
498211.8601
497993.2533
497756.4633
497501.0339
497226.6979
496932.7109
496617.2843
496277.3765
495908.9443
495507.531
495068.9099
494589.4845
494066.2746
493496.5282
492877.2035
492204.6331
491474.582
490682.6968
489825.1423
488899.113
487902.9452
486835.7201
485696.4741
484483.3102
483192.729
481819.3779
480356.2313
478795.0714
477127.0709
475343.2779
473434.8385
471392.8752
469208.0507
466869.9613
464366.5595
461683.7816
458805.4651
455713.5271
452388.2616
448808.5403
444951.6643
440792.6681
436302.9966
431448.6424
426187.9704
420469.5123
414230.0076
407392.9171
399867.6207
391549.5273
382321.3753
372056.0466
360621.2401
347886.3312
333731.6567
318060.2925
300812.0991
281979.4141
261623.2588
239888.3018
217148.7463
193500.0693
169345.9531
145222.9213
121769.327
99656.48214
79495.09276
61744.90382
46657.4043
34267.46212
499783.5673
499672.9209
499544.3407
499402.6603
499253.0514
499098.5851
498939.5991
498774.3531
498600.0039
498413.4326
498211.8601
497993.2533
497756.4633
497501.0339
497226.6979
496932.7109
496617.2843
496277.3765
495908.9443
495507.531
495068.9099
494589.4845
494066.2746
493496.5282
492877.2035
492204.6331
491474.582
490682.6968
489825.1423
488899.113
487902.9452
486835.7201
485696.4741
484483.3102
483192.729
481819.3779
480356.2313
478795.0714
477127.0709
475343.2779
473434.8385
471392.8752
469208.0507
466869.9613
464366.5595
461683.7816
458805.4651
455713.5271
452388.2616
448808.5403
444951.6643
440792.6681
436302.9966
431448.6424
426187.9704
420469.5123
414230.0076
407392.9171
399867.6207
391549.5273
382321.3753
372056.0466
360621.2401
347886.3312
333731.6567
318060.2925
300812.0991
281979.4141
261623.2588
239888.3018
217148.7463
193500.0693
169345.9531
145222.9213
121769.327
99656.48214
79495.09276
61744.90382
46657.4043
34267.46212
499783.5673
499672.9209
499544.3407
499402.6603
499253.0514
499098.5851
498939.5991
498774.3531
498600.0039
498413.4326
498211.8601
497993.2533
497756.4633
497501.0339
497226.6979
496932.7109
496617.2843
496277.3765
495908.9443
495507.531
495068.9099
494589.4845
494066.2746
493496.5282
492877.2035
492204.6331
491474.582
490682.6968
489825.1423
488899.113
487902.9452
486835.7201
485696.4741
484483.3102
483192.729
481819.3779
480356.2313
478795.0714
477127.0709
475343.2779
473434.8385
471392.8752
469208.0507
466869.9613
464366.5595
461683.7816
458805.4651
455713.5271
452388.2616
448808.5403
444951.6643
440792.6681
436302.9966
431448.6424
426187.9704
420469.5123
414230.0076
407392.9171
399867.6207
391549.5273
382321.3753
372056.0466
360621.2401
347886.3312
333731.6567
318060.2925
300812.0991
281979.4141
261623.2588
239888.3018
217148.7463
193500.0693
169345.9531
145222.9213
121769.327
99656.48214
79495.09276
61744.90382
46657.4043
34267.46212
499783.5673
499672.9209
499544.3407
499402.6603
499253.0514
499098.5851
498939.5991
498774.3531
498600.0039
498413.4326
498211.8601
497993.2533
497756.4633
497501.0339
497226.6979
496932.7109
496617.2843
496277.3765
495908.9443
495507.531
495068.9099
494589.4845
494066.2746
493496.5282
492877.2035
492204.6331
491474.582
490682.6968
489825.1423
488899.113
487902.9452
486835.7201
485696.4741
484483.3102
483192.729
481819.3779
480356.2313
478795.0714
477127.0709
475343.2779
473434.8385
471392.8752
469208.0507
466869.9613
464366.5595
461683.7816
458805.4651
455713.5271
452388.2616
448808.5403
444951.6643
440792.6681
436302.9966
431448.6424
426187.9704
420469.5123
414230.0076
407392.9171
399867.6207
391549.5273
382321.3753
372056.0466
360621.2401
347886.3312
333731.6567
318060.2925
300812.0991
281979.4141
261623.2588
239888.3018
217148.7463
193500.0693
169345.9531
145222.9213
121769.327
99656.48214
79495.09276
61744.90382
46657.4043
34267.46212
499783.5673
499672.9209
499544.3407
499402.6603
499253.0514
499098.5851
498939.5991
498774.3531
498600.0039
498413.4326
498211.8601
497993.2533
497756.4633
497501.0339
497226.6979
496932.7109
496617.2843
496277.3765
495908.9443
495507.531
495068.9099
494589.4845
494066.2746
493496.5282
492877.2035
492204.6331
491474.582
490682.6968
489825.1423
488899.113
487902.9452
486835.7201
485696.4741
484483.3102
483192.729
481819.3779
480356.2313
478795.0714
477127.0709
475343.2779
473434.8385
471392.8752
469208.0507
466869.9613
464366.5595
461683.7816
458805.4651
455713.5271
452388.2616
448808.5403
444951.6643
440792.6681
436302.9966
431448.6424
426187.9704
420469.5123
414230.0076
407392.9171
399867.6207
391549.5273
382321.3753
372056.0466
360621.2401
347886.3312
333731.6567
318060.2925
300812.0991
281979.4141
261623.2588
239888.3018
217148.7463
193500.0693
169345.9531
145222.9213
121769.327
99656.48214
79495.09276
61744.90382
46657.4043
34267.46212
499783.5673
499672.9209
499544.3407
499402.6603
499253.0514
499098.5851
498939.5991
498774.3531
498600.0039
498413.4326
498211.8601
497993.2533
497756.4633
497501.0339
497226.6979
496932.7109
496617.2843
496277.3765
495908.9443
495507.531
495068.9099
494589.4845
494066.2746
493496.5282
492877.2035
492204.6331
491474.582
490682.6968
489825.1423
488899.113
487902.9452
486835.7201
485696.4741
484483.3102
483192.729
481819.3779
480356.2313
478795.0714
477127.0709
475343.2779
473434.8385
471392.8752
469208.0507
466869.9613
464366.5595
461683.7816
458805.4651
455713.5271
452388.2616
448808.5403
444951.6643
440792.6681
436302.9966
431448.6424
426187.9704
420469.5123
414230.0076
407392.9171
399867.6207
391549.5273
382321.3753
372056.0466
360621.2401
347886.3312
333731.6567
318060.2925
300812.0991
281979.4141
261623.2588
239888.3018
217148.7463
193500.0693
169345.9531
145222.9213
121769.327
99656.48214
79495.09276
61744.90382
46657.4043
34267.46212
499783.5673
499672.9209
499544.3407
499402.6603
499253.0514
499098.5851
498939.5991
498774.3531
498600.0039
498413.4326
498211.8601
497993.2533
497756.4633
497501.0339
497226.6979
496932.7109
496617.2843
496277.3765
495908.9443
495507.531
495068.9099
494589.4845
494066.2746
493496.5282
492877.2035
492204.6331
491474.582
490682.6968
489825.1423
488899.113
487902.9452
486835.7201
485696.4741
484483.3102
483192.729
481819.3779
480356.2313
478795.0714
477127.0709
475343.2779
473434.8385
471392.8752
469208.0507
466869.9613
464366.5595
461683.7816
458805.4651
455713.5271
452388.2616
448808.5403
444951.6643
440792.6681
436302.9966
431448.6424
426187.9704
420469.5123
414230.0076
407392.9171
399867.6207
391549.5273
382321.3753
372056.0466
360621.2401
347886.3312
333731.6567
318060.2925
300812.0991
281979.4141
261623.2588
239888.3018
217148.7463
193500.0693
169345.9531
145222.9213
121769.327
99656.48214
79495.09276
61744.90382
46657.4043
34267.46212
499783.5673
499672.9209
499544.3407
499402.6603
499253.0514
499098.5851
498939.5991
498774.3531
498600.0039
498413.4326
498211.8601
497993.2533
497756.4633
497501.0339
497226.6979
496932.7109
496617.2843
496277.3765
495908.9443
495507.531
495068.9099
494589.4845
494066.2746
493496.5282
492877.2035
492204.6331
491474.582
490682.6968
489825.1423
488899.113
487902.9452
486835.7201
485696.4741
484483.3102
483192.729
481819.3779
480356.2313
478795.0714
477127.0709
475343.2779
473434.8385
471392.8752
469208.0507
466869.9613
464366.5595
461683.7816
458805.4651
455713.5271
452388.2616
448808.5403
444951.6643
440792.6681
436302.9966
431448.6424
426187.9704
420469.5123
414230.0076
407392.9171
399867.6207
391549.5273
382321.3753
372056.0466
360621.2401
347886.3312
333731.6567
318060.2925
300812.0991
281979.4141
261623.2588
239888.3018
217148.7463
193500.0693
169345.9531
145222.9213
121769.327
99656.48214
79495.09276
61744.90382
46657.4043
34267.46212
499783.5673
499672.9209
499544.3407
499402.6603
499253.0514
499098.5851
498939.5991
498774.3531
498600.0039
498413.4326
498211.8601
497993.2533
497756.4633
497501.0339
497226.6979
496932.7109
496617.2843
496277.3765
495908.9443
495507.531
495068.9099
494589.4845
494066.2746
493496.5282
492877.2035
492204.6331
491474.582
490682.6968
489825.1423
488899.113
487902.9452
486835.7201
485696.4741
484483.3102
483192.729
481819.3779
480356.2313
478795.0714
477127.0709
475343.2779
473434.8385
471392.8752
469208.0507
466869.9613
464366.5595
461683.7816
458805.4651
455713.5271
452388.2616
448808.5403
444951.6643
440792.6681
436302.9966
431448.6424
426187.9704
420469.5123
414230.0076
407392.9171
399867.6207
391549.5273
382321.3753
372056.0466
360621.2401
347886.3312
333731.6567
318060.2925
300812.0991
281979.4141
261623.2588
239888.3018
217148.7463
193500.0693
169345.9531
145222.9213
121769.327
99656.48214
79495.09276
61744.90382
46657.4043
34267.46212
499783.5673
499672.9209
499544.3407
499402.6603
499253.0514
499098.5851
498939.5991
498774.3531
498600.0039
498413.4326
498211.8601
497993.2533
497756.4633
497501.0339
497226.6979
496932.7109
496617.2843
496277.3765
495908.9443
495507.531
495068.9099
494589.4845
494066.2746
493496.5282
492877.2035
492204.6331
491474.582
490682.6968
489825.1423
488899.113
487902.9452
486835.7201
485696.4741
484483.3102
483192.729
481819.3779
480356.2313
478795.0714
477127.0709
475343.2779
473434.8385
471392.8752
469208.0507
466869.9613
464366.5595
461683.7816
458805.4651
455713.5271
452388.2616
448808.5403
444951.6643
440792.6681
436302.9966
431448.6424
426187.9704
420469.5123
414230.0076
407392.9171
399867.6207
391549.5273
382321.3753
372056.0466
360621.2401
347886.3312
333731.6567
318060.2925
300812.0991
281979.4141
261623.2588
239888.3018
217148.7463
193500.0693
169345.9531
145222.9213
121769.327
99656.48214
79495.09276
61744.90382
46657.4043
34267.46212
499783.5673
499672.9209
499544.3407
499402.6603
499253.0514
499098.5851
498939.5991
498774.3531
498600.0039
498413.4326
498211.8601
497993.2533
497756.4633
497501.0339
497226.6979
496932.7109
496617.2843
496277.3765
495908.9443
495507.531
495068.9099
494589.4845
494066.2746
493496.5282
492877.2035
492204.6331
491474.582
490682.6968
489825.1423
488899.113
487902.9452
486835.7201
485696.4741
484483.3102
483192.729
481819.3779
480356.2313
478795.0714
477127.0709
475343.2779
473434.8385
471392.8752
469208.0507
466869.9613
464366.5595
461683.7816
458805.4651
455713.5271
452388.2616
448808.5403
444951.6643
440792.6681
436302.9966
431448.6424
426187.9704
420469.5123
414230.0076
407392.9171
399867.6207
391549.5273
382321.3753
372056.0466
360621.2401
347886.3312
333731.6567
318060.2925
300812.0991
281979.4141
261623.2588
239888.3018
217148.7463
193500.0693
169345.9531
145222.9213
121769.327
99656.48214
79495.09276
61744.90382
46657.4043
34267.46212
499783.5673
499672.9209
499544.3407
499402.6603
499253.0514
499098.5851
498939.5991
498774.3531
498600.0039
498413.4326
498211.8601
497993.2533
497756.4633
497501.0339
497226.6979
496932.7109
496617.2843
496277.3765
495908.9443
495507.531
495068.9099
494589.4845
494066.2746
493496.5282
492877.2035
492204.6331
491474.582
490682.6968
489825.1423
488899.113
487902.9452
486835.7201
485696.4741
484483.3102
483192.729
481819.3779
480356.2313
478795.0714
477127.0709
475343.2779
473434.8385
471392.8752
469208.0507
466869.9613
464366.5595
461683.7816
458805.4651
455713.5271
452388.2616
448808.5403
444951.6643
440792.6681
436302.9966
431448.6424
426187.9704
420469.5123
414230.0076
407392.9171
399867.6207
391549.5273
382321.3753
372056.0466
360621.2401
347886.3312
333731.6567
318060.2925
300812.0991
281979.4141
261623.2588
239888.3018
217148.7463
193500.0693
169345.9531
145222.9213
121769.327
99656.48214
79495.09276
61744.90382
46657.4043
34267.46212
499783.5673
499672.9209
499544.3407
499402.6603
499253.0514
499098.5851
498939.5991
498774.3531
498600.0039
498413.4326
498211.8601
497993.2533
497756.4633
497501.0339
497226.6979
496932.7109
496617.2843
496277.3765
495908.9443
495507.531
495068.9099
494589.4845
494066.2746
493496.5282
492877.2035
492204.6331
491474.582
490682.6968
489825.1423
488899.113
487902.9452
486835.7201
485696.4741
484483.3102
483192.729
481819.3779
480356.2313
478795.0714
477127.0709
475343.2779
473434.8385
471392.8752
469208.0507
466869.9613
464366.5595
461683.7816
458805.4651
455713.5271
452388.2616
448808.5403
444951.6643
440792.6681
436302.9966
431448.6424
426187.9704
420469.5123
414230.0076
407392.9171
399867.6207
391549.5273
382321.3753
372056.0466
360621.2401
347886.3312
333731.6567
318060.2925
300812.0991
281979.4141
261623.2588
239888.3018
217148.7463
193500.0693
169345.9531
145222.9213
121769.327
99656.48214
79495.09276
61744.90382
46657.4043
34267.46212
499783.5673
499672.9209
499544.3407
499402.6603
499253.0514
499098.5851
498939.5991
498774.3531
498600.0039
498413.4326
498211.8601
497993.2533
497756.4633
497501.0339
497226.6979
496932.7109
496617.2843
496277.3765
495908.9443
495507.531
495068.9099
494589.4845
494066.2746
493496.5282
492877.2035
492204.6331
491474.582
490682.6968
489825.1423
488899.113
487902.9452
486835.7201
485696.4741
484483.3102
483192.729
481819.3779
480356.2313
478795.0714
477127.0709
475343.2779
473434.8385
471392.8752
469208.0507
466869.9613
464366.5595
461683.7816
458805.4651
455713.5271
452388.2616
448808.5403
444951.6643
440792.6681
436302.9966
431448.6424
426187.9704
420469.5123
414230.0076
407392.9171
399867.6207
391549.5273
382321.3753
372056.0466
360621.2401
347886.3312
333731.6567
318060.2925
300812.0991
281979.4141
261623.2588
239888.3018
217148.7463
193500.0693
169345.9531
145222.9213
121769.327
99656.48214
79495.09276
61744.90382
46657.4043
34267.46212
499783.5673
499672.9209
499544.3407
499402.6603
499253.0514
499098.5851
498939.5991
498774.3531
498600.0039
498413.4326
498211.8601
497993.2533
497756.4633
497501.0339
497226.6979
496932.7109
496617.2843
496277.3765
495908.9443
495507.531
495068.9099
494589.4845
494066.2746
493496.5282
492877.2035
492204.6331
491474.582
490682.6968
489825.1423
488899.113
487902.9452
486835.7201
485696.4741
484483.3102
483192.729
481819.3779
480356.2313
478795.0714
477127.0709
475343.2779
473434.8385
471392.8752
469208.0507
466869.9613
464366.5595
461683.7816
458805.4651
455713.5271
452388.2616
448808.5403
444951.6643
440792.6681
436302.9966
431448.6424
426187.9704
420469.5123
414230.0076
407392.9171
399867.6207
391549.5273
382321.3753
372056.0466
360621.2401
347886.3312
333731.6567
318060.2925
300812.0991
281979.4141
261623.2588
239888.3018
217148.7463
193500.0693
169345.9531
145222.9213
121769.327
99656.48214
79495.09276
61744.90382
46657.4043
34267.46212
499783.5673
499672.9209
499544.3407
499402.6603
499253.0514
499098.5851
498939.5991
498774.3531
498600.0039
498413.4326
498211.8601
497993.2533
497756.4633
497501.0339
497226.6979
496932.7109
496617.2843
496277.3765
495908.9443
495507.531
495068.9099
494589.4845
494066.2746
493496.5282
492877.2035
492204.6331
491474.582
490682.6968
489825.1423
488899.113
487902.9452
486835.7201
485696.4741
484483.3102
483192.729
481819.3779
480356.2313
478795.0714
477127.0709
475343.2779
473434.8385
471392.8752
469208.0507
466869.9613
464366.5595
461683.7816
458805.4651
455713.5271
452388.2616
448808.5403
444951.6643
440792.6681
436302.9966
431448.6424
426187.9704
420469.5123
414230.0076
407392.9171
399867.6207
391549.5273
382321.3753
372056.0466
360621.2401
347886.3312
333731.6567
318060.2925
300812.0991
281979.4141
261623.2588
239888.3018
217148.7463
193500.0693
169345.9531
145222.9213
121769.327
99656.48214
79495.09276
61744.90382
46657.4043
34267.46212
499783.5673
499672.9209
499544.3407
499402.6603
499253.0514
499098.5851
498939.5991
498774.3531
498600.0039
498413.4326
498211.8601
497993.2533
497756.4633
497501.0339
497226.6979
496932.7109
496617.2843
496277.3765
495908.9443
495507.531
495068.9099
494589.4845
494066.2746
493496.5282
492877.2035
492204.6331
491474.582
490682.6968
489825.1423
488899.113
487902.9452
486835.7201
485696.4741
484483.3102
483192.729
481819.3779
480356.2313
478795.0714
477127.0709
475343.2779
473434.8385
471392.8752
469208.0507
466869.9613
464366.5595
461683.7816
458805.4651
455713.5271
452388.2616
448808.5403
444951.6643
440792.6681
436302.9966
431448.6424
426187.9704
420469.5123
414230.0076
407392.9171
399867.6207
391549.5273
382321.3753
372056.0466
360621.2401
347886.3312
333731.6567
318060.2925
300812.0991
281979.4141
261623.2588
239888.3018
217148.7463
193500.0693
169345.9531
145222.9213
121769.327
99656.48214
79495.09276
61744.90382
46657.4043
34267.46212
499783.5673
499672.9209
499544.3407
499402.6603
499253.0514
499098.5851
498939.5991
498774.3531
498600.0039
498413.4326
498211.8601
497993.2533
497756.4633
497501.0339
497226.6979
496932.7109
496617.2843
496277.3765
495908.9443
495507.531
495068.9099
494589.4845
494066.2746
493496.5282
492877.2035
492204.6331
491474.582
490682.6968
489825.1423
488899.113
487902.9452
486835.7201
485696.4741
484483.3102
483192.729
481819.3779
480356.2313
478795.0714
477127.0709
475343.2779
473434.8385
471392.8752
469208.0507
466869.9613
464366.5595
461683.7816
458805.4651
455713.5271
452388.2616
448808.5403
444951.6643
440792.6681
436302.9966
431448.6424
426187.9704
420469.5123
414230.0076
407392.9171
399867.6207
391549.5273
382321.3753
372056.0466
360621.2401
347886.3312
333731.6567
318060.2925
300812.0991
281979.4141
261623.2588
239888.3018
217148.7463
193500.0693
169345.9531
145222.9213
121769.327
99656.48214
79495.09276
61744.90382
46657.4043
34267.46212
499783.5673
499672.9209
499544.3407
499402.6603
499253.0514
499098.5851
498939.5991
498774.3531
498600.0039
498413.4326
498211.8601
497993.2533
497756.4633
497501.0339
497226.6979
496932.7109
496617.2843
496277.3765
495908.9443
495507.531
495068.9099
494589.4845
494066.2746
493496.5282
492877.2035
492204.6331
491474.582
490682.6968
489825.1423
488899.113
487902.9452
486835.7201
485696.4741
484483.3102
483192.729
481819.3779
480356.2313
478795.0714
477127.0709
475343.2779
473434.8385
471392.8752
469208.0507
466869.9613
464366.5595
461683.7816
458805.4651
455713.5271
452388.2616
448808.5403
444951.6643
440792.6681
436302.9966
431448.6424
426187.9704
420469.5123
414230.0076
407392.9171
399867.6207
391549.5273
382321.3753
372056.0466
360621.2401
347886.3312
333731.6567
318060.2925
300812.0991
281979.4141
261623.2588
239888.3018
217148.7463
193500.0693
169345.9531
145222.9213
121769.327
99656.48214
79495.09276
61744.90382
46657.4043
34267.46212
499783.5673
499672.9209
499544.3407
499402.6603
499253.0514
499098.5851
498939.5991
498774.3531
498600.0039
498413.4326
498211.8601
497993.2533
497756.4633
497501.0339
497226.6979
496932.7109
496617.2843
496277.3765
495908.9443
495507.531
495068.9099
494589.4845
494066.2746
493496.5282
492877.2035
492204.6331
491474.582
490682.6968
489825.1423
488899.113
487902.9452
486835.7201
485696.4741
484483.3102
483192.729
481819.3779
480356.2313
478795.0714
477127.0709
475343.2779
473434.8385
471392.8752
469208.0507
466869.9613
464366.5595
461683.7816
458805.4651
455713.5271
452388.2616
448808.5403
444951.6643
440792.6681
436302.9966
431448.6424
426187.9704
420469.5123
414230.0076
407392.9171
399867.6207
391549.5273
382321.3753
372056.0466
360621.2401
347886.3312
333731.6567
318060.2925
300812.0991
281979.4141
261623.2588
239888.3018
217148.7463
193500.0693
169345.9531
145222.9213
121769.327
99656.48214
79495.09276
61744.90382
46657.4043
34267.46212
499783.5673
499672.9209
499544.3407
499402.6603
499253.0514
499098.5851
498939.5991
498774.3531
498600.0039
498413.4326
498211.8601
497993.2533
497756.4633
497501.0339
497226.6979
496932.7109
496617.2843
496277.3765
495908.9443
495507.531
495068.9099
494589.4845
494066.2746
493496.5282
492877.2035
492204.6331
491474.582
490682.6968
489825.1423
488899.113
487902.9452
486835.7201
485696.4741
484483.3102
483192.729
481819.3779
480356.2313
478795.0714
477127.0709
475343.2779
473434.8385
471392.8752
469208.0507
466869.9613
464366.5595
461683.7816
458805.4651
455713.5271
452388.2616
448808.5403
444951.6643
440792.6681
436302.9966
431448.6424
426187.9704
420469.5123
414230.0076
407392.9171
399867.6207
391549.5273
382321.3753
372056.0466
360621.2401
347886.3312
333731.6567
318060.2925
300812.0991
281979.4141
261623.2588
239888.3018
217148.7463
193500.0693
169345.9531
145222.9213
121769.327
99656.48214
79495.09276
61744.90382
46657.4043
34267.46212
499783.5673
499672.9209
499544.3407
499402.6603
499253.0514
499098.5851
498939.5991
498774.3531
498600.0039
498413.4326
498211.8601
497993.2533
497756.4633
497501.0339
497226.6979
496932.7109
496617.2843
496277.3765
495908.9443
495507.531
495068.9099
494589.4845
494066.2746
493496.5282
492877.2035
492204.6331
491474.582
490682.6968
489825.1423
488899.113
487902.9452
486835.7201
485696.4741
484483.3102
483192.729
481819.3779
480356.2313
478795.0714
477127.0709
475343.2779
473434.8385
471392.8752
469208.0507
466869.9613
464366.5595
461683.7816
458805.4651
455713.5271
452388.2616
448808.5403
444951.6643
440792.6681
436302.9966
431448.6424
426187.9704
420469.5123
414230.0076
407392.9171
399867.6207
391549.5273
382321.3753
372056.0466
360621.2401
347886.3312
333731.6567
318060.2925
300812.0991
281979.4141
261623.2588
239888.3018
217148.7463
193500.0693
169345.9531
145222.9213
121769.327
99656.48214
79495.09276
61744.90382
46657.4043
34267.46212
499783.5673
499672.9209
499544.3407
499402.6603
499253.0514
499098.5851
498939.5991
498774.3531
498600.0039
498413.4326
498211.8601
497993.2533
497756.4633
497501.0339
497226.6979
496932.7109
496617.2843
496277.3765
495908.9443
495507.531
495068.9099
494589.4845
494066.2746
493496.5282
492877.2035
492204.6331
491474.582
490682.6968
489825.1423
488899.113
487902.9452
486835.7201
485696.4741
484483.3102
483192.729
481819.3779
480356.2313
478795.0714
477127.0709
475343.2779
473434.8385
471392.8752
469208.0507
466869.9613
464366.5595
461683.7816
458805.4651
455713.5271
452388.2616
448808.5403
444951.6643
440792.6681
436302.9966
431448.6424
426187.9704
420469.5123
414230.0076
407392.9171
399867.6207
391549.5273
382321.3753
372056.0466
360621.2401
347886.3312
333731.6567
318060.2925
300812.0991
281979.4141
261623.2588
239888.3018
217148.7463
193500.0693
169345.9531
145222.9213
121769.327
99656.48214
79495.09276
61744.90382
46657.4043
34267.46212
499783.5673
499672.9209
499544.3407
499402.6603
499253.0514
499098.5851
498939.5991
498774.3531
498600.0039
498413.4326
498211.8601
497993.2533
497756.4633
497501.0339
497226.6979
496932.7109
496617.2843
496277.3765
495908.9443
495507.531
495068.9099
494589.4845
494066.2746
493496.5282
492877.2035
492204.6331
491474.582
490682.6968
489825.1423
488899.113
487902.9452
486835.7201
485696.4741
484483.3102
483192.729
481819.3779
480356.2313
478795.0714
477127.0709
475343.2779
473434.8385
471392.8752
469208.0507
466869.9613
464366.5595
461683.7816
458805.4651
455713.5271
452388.2616
448808.5403
444951.6643
440792.6681
436302.9966
431448.6424
426187.9704
420469.5123
414230.0076
407392.9171
399867.6207
391549.5273
382321.3753
372056.0466
360621.2401
347886.3312
333731.6567
318060.2925
300812.0991
281979.4141
261623.2588
239888.3018
217148.7463
193500.0693
169345.9531
145222.9213
121769.327
99656.48214
79495.09276
61744.90382
46657.4043
34267.46212
499783.5673
499672.9209
499544.3407
499402.6603
499253.0514
499098.5851
498939.5991
498774.3531
498600.0039
498413.4326
498211.8601
497993.2533
497756.4633
497501.0339
497226.6979
496932.7109
496617.2843
496277.3765
495908.9443
495507.531
495068.9099
494589.4845
494066.2746
493496.5282
492877.2035
492204.6331
491474.582
490682.6968
489825.1423
488899.113
487902.9452
486835.7201
485696.4741
484483.3102
483192.729
481819.3779
480356.2313
478795.0714
477127.0709
475343.2779
473434.8385
471392.8752
469208.0507
466869.9613
464366.5595
461683.7816
458805.4651
455713.5271
452388.2616
448808.5403
444951.6643
440792.6681
436302.9966
431448.6424
426187.9704
420469.5123
414230.0076
407392.9171
399867.6207
391549.5273
382321.3753
372056.0466
360621.2401
347886.3312
333731.6567
318060.2925
300812.0991
281979.4141
261623.2588
239888.3018
217148.7463
193500.0693
169345.9531
145222.9213
121769.327
99656.48214
79495.09276
61744.90382
46657.4043
34267.46212
499783.5673
499672.9209
499544.3407
499402.6603
499253.0514
499098.5851
498939.5991
498774.3531
498600.0039
498413.4326
498211.8601
497993.2533
497756.4633
497501.0339
497226.6979
496932.7109
496617.2843
496277.3765
495908.9443
495507.531
495068.9099
494589.4845
494066.2746
493496.5282
492877.2035
492204.6331
491474.582
490682.6968
489825.1423
488899.113
487902.9452
486835.7201
485696.4741
484483.3102
483192.729
481819.3779
480356.2313
478795.0714
477127.0709
475343.2779
473434.8385
471392.8752
469208.0507
466869.9613
464366.5595
461683.7816
458805.4651
455713.5271
452388.2616
448808.5403
444951.6643
440792.6681
436302.9966
431448.6424
426187.9704
420469.5123
414230.0076
407392.9171
399867.6207
391549.5273
382321.3753
372056.0466
360621.2401
347886.3312
333731.6567
318060.2925
300812.0991
281979.4141
261623.2588
239888.3018
217148.7463
193500.0693
169345.9531
145222.9213
121769.327
99656.48214
79495.09276
61744.90382
46657.4043
34267.46212
499783.5673
499672.9209
499544.3407
499402.6603
499253.0514
499098.5851
498939.5991
498774.3531
498600.0039
498413.4326
498211.8601
497993.2533
497756.4633
497501.0339
497226.6979
496932.7109
496617.2843
496277.3765
495908.9443
495507.531
495068.9099
494589.4845
494066.2746
493496.5282
492877.2035
492204.6331
491474.582
490682.6968
489825.1423
488899.113
487902.9452
486835.7201
485696.4741
484483.3102
483192.729
481819.3779
480356.2313
478795.0714
477127.0709
475343.2779
473434.8385
471392.8752
469208.0507
466869.9613
464366.5595
461683.7816
458805.4651
455713.5271
452388.2616
448808.5403
444951.6643
440792.6681
436302.9966
431448.6424
426187.9704
420469.5123
414230.0076
407392.9171
399867.6207
391549.5273
382321.3753
372056.0466
360621.2401
347886.3312
333731.6567
318060.2925
300812.0991
281979.4141
261623.2588
239888.3018
217148.7463
193500.0693
169345.9531
145222.9213
121769.327
99656.48214
79495.09276
61744.90382
46657.4043
34267.46212
499783.5673
499672.9209
499544.3407
499402.6603
499253.0514
499098.5851
498939.5991
498774.3531
498600.0039
498413.4326
498211.8601
497993.2533
497756.4633
497501.0339
497226.6979
496932.7109
496617.2843
496277.3765
495908.9443
495507.531
495068.9099
494589.4845
494066.2746
493496.5282
492877.2035
492204.6331
491474.582
490682.6968
489825.1423
488899.113
487902.9452
486835.7201
485696.4741
484483.3102
483192.729
481819.3779
480356.2313
478795.0714
477127.0709
475343.2779
473434.8385
471392.8752
469208.0507
466869.9613
464366.5595
461683.7816
458805.4651
455713.5271
452388.2616
448808.5403
444951.6643
440792.6681
436302.9966
431448.6424
426187.9704
420469.5123
414230.0076
407392.9171
399867.6207
391549.5273
382321.3753
372056.0466
360621.2401
347886.3312
333731.6567
318060.2925
300812.0991
281979.4141
261623.2588
239888.3018
217148.7463
193500.0693
169345.9531
145222.9213
121769.327
99656.48214
79495.09276
61744.90382
46657.4043
34267.46212
499783.5673
499672.9209
499544.3407
499402.6603
499253.0514
499098.5851
498939.5991
498774.3531
498600.0039
498413.4326
498211.8601
497993.2533
497756.4633
497501.0339
497226.6979
496932.7109
496617.2843
496277.3765
495908.9443
495507.531
495068.9099
494589.4845
494066.2746
493496.5282
492877.2035
492204.6331
491474.582
490682.6968
489825.1423
488899.113
487902.9452
486835.7201
485696.4741
484483.3102
483192.729
481819.3779
480356.2313
478795.0714
477127.0709
475343.2779
473434.8385
471392.8752
469208.0507
466869.9613
464366.5595
461683.7816
458805.4651
455713.5271
452388.2616
448808.5403
444951.6643
440792.6681
436302.9966
431448.6424
426187.9704
420469.5123
414230.0076
407392.9171
399867.6207
391549.5273
382321.3753
372056.0466
360621.2401
347886.3312
333731.6567
318060.2925
300812.0991
281979.4141
261623.2588
239888.3018
217148.7463
193500.0693
169345.9531
145222.9213
121769.327
99656.48214
79495.09276
61744.90382
46657.4043
34267.46212
499783.5673
499672.9209
499544.3407
499402.6603
499253.0514
499098.5851
498939.5991
498774.3531
498600.0039
498413.4326
498211.8601
497993.2533
497756.4633
497501.0339
497226.6979
496932.7109
496617.2843
496277.3765
495908.9443
495507.531
495068.9099
494589.4845
494066.2746
493496.5282
492877.2035
492204.6331
491474.582
490682.6968
489825.1423
488899.113
487902.9452
486835.7201
485696.4741
484483.3102
483192.729
481819.3779
480356.2313
478795.0714
477127.0709
475343.2779
473434.8385
471392.8752
469208.0507
466869.9613
464366.5595
461683.7816
458805.4651
455713.5271
452388.2616
448808.5403
444951.6643
440792.6681
436302.9966
431448.6424
426187.9704
420469.5123
414230.0076
407392.9171
399867.6207
391549.5273
382321.3753
372056.0466
360621.2401
347886.3312
333731.6567
318060.2925
300812.0991
281979.4141
261623.2588
239888.3018
217148.7463
193500.0693
169345.9531
145222.9213
121769.327
99656.48214
79495.09276
61744.90382
46657.4043
34267.46212
499783.5673
499672.9209
499544.3407
499402.6603
499253.0514
499098.5851
498939.5991
498774.3531
498600.0039
498413.4326
498211.8601
497993.2533
497756.4633
497501.0339
497226.6979
496932.7109
496617.2843
496277.3765
495908.9443
495507.531
495068.9099
494589.4845
494066.2746
493496.5282
492877.2035
492204.6331
491474.582
490682.6968
489825.1423
488899.113
487902.9452
486835.7201
485696.4741
484483.3102
483192.729
481819.3779
480356.2313
478795.0714
477127.0709
475343.2779
473434.8385
471392.8752
469208.0507
466869.9613
464366.5595
461683.7816
458805.4651
455713.5271
452388.2616
448808.5403
444951.6643
440792.6681
436302.9966
431448.6424
426187.9704
420469.5123
414230.0076
407392.9171
399867.6207
391549.5273
382321.3753
372056.0466
360621.2401
347886.3312
333731.6567
318060.2925
300812.0991
281979.4141
261623.2588
239888.3018
217148.7463
193500.0693
169345.9531
145222.9213
121769.327
99656.48214
79495.09276
61744.90382
46657.4043
34267.46212
499783.5673
499672.9209
499544.3407
499402.6603
499253.0514
499098.5851
498939.5991
498774.3531
498600.0039
498413.4326
498211.8601
497993.2533
497756.4633
497501.0339
497226.6979
496932.7109
496617.2843
496277.3765
495908.9443
495507.531
495068.9099
494589.4845
494066.2746
493496.5282
492877.2035
492204.6331
491474.582
490682.6968
489825.1423
488899.113
487902.9452
486835.7201
485696.4741
484483.3102
483192.729
481819.3779
480356.2313
478795.0714
477127.0709
475343.2779
473434.8385
471392.8752
469208.0507
466869.9613
464366.5595
461683.7816
458805.4651
455713.5271
452388.2616
448808.5403
444951.6643
440792.6681
436302.9966
431448.6424
426187.9704
420469.5123
414230.0076
407392.9171
399867.6207
391549.5273
382321.3753
372056.0466
360621.2401
347886.3312
333731.6567
318060.2925
300812.0991
281979.4141
261623.2588
239888.3018
217148.7463
193500.0693
169345.9531
145222.9213
121769.327
99656.48214
79495.09276
61744.90382
46657.4043
34267.46212
499783.5673
499672.9209
499544.3407
499402.6603
499253.0514
499098.5851
498939.5991
498774.3531
498600.0039
498413.4326
498211.8601
497993.2533
497756.4633
497501.0339
497226.6979
496932.7109
496617.2843
496277.3765
495908.9443
495507.531
495068.9099
494589.4845
494066.2746
493496.5282
492877.2035
492204.6331
491474.582
490682.6968
489825.1423
488899.113
487902.9452
486835.7201
485696.4741
484483.3102
483192.729
481819.3779
480356.2313
478795.0714
477127.0709
475343.2779
473434.8385
471392.8752
469208.0507
466869.9613
464366.5595
461683.7816
458805.4651
455713.5271
452388.2616
448808.5403
444951.6643
440792.6681
436302.9966
431448.6424
426187.9704
420469.5123
414230.0076
407392.9171
399867.6207
391549.5273
382321.3753
372056.0466
360621.2401
347886.3312
333731.6567
318060.2925
300812.0991
281979.4141
261623.2588
239888.3018
217148.7463
193500.0693
169345.9531
145222.9213
121769.327
99656.48214
79495.09276
61744.90382
46657.4043
34267.46212
499783.5673
499672.9209
499544.3407
499402.6603
499253.0514
499098.5851
498939.5991
498774.3531
498600.0039
498413.4326
498211.8601
497993.2533
497756.4633
497501.0339
497226.6979
496932.7109
496617.2843
496277.3765
495908.9443
495507.531
495068.9099
494589.4845
494066.2746
493496.5282
492877.2035
492204.6331
491474.582
490682.6968
489825.1423
488899.113
487902.9452
486835.7201
485696.4741
484483.3102
483192.729
481819.3779
480356.2313
478795.0714
477127.0709
475343.2779
473434.8385
471392.8752
469208.0507
466869.9613
464366.5595
461683.7816
458805.4651
455713.5271
452388.2616
448808.5403
444951.6643
440792.6681
436302.9966
431448.6424
426187.9704
420469.5123
414230.0076
407392.9171
399867.6207
391549.5273
382321.3753
372056.0466
360621.2401
347886.3312
333731.6567
318060.2925
300812.0991
281979.4141
261623.2588
239888.3018
217148.7463
193500.0693
169345.9531
145222.9213
121769.327
99656.48214
79495.09276
61744.90382
46657.4043
34267.46212
499783.5673
499672.9209
499544.3407
499402.6603
499253.0514
499098.5851
498939.5991
498774.3531
498600.0039
498413.4326
498211.8601
497993.2533
497756.4633
497501.0339
497226.6979
496932.7109
496617.2843
496277.3765
495908.9443
495507.531
495068.9099
494589.4845
494066.2746
493496.5282
492877.2035
492204.6331
491474.582
490682.6968
489825.1423
488899.113
487902.9452
486835.7201
485696.4741
484483.3102
483192.729
481819.3779
480356.2313
478795.0714
477127.0709
475343.2779
473434.8385
471392.8752
469208.0507
466869.9613
464366.5595
461683.7816
458805.4651
455713.5271
452388.2616
448808.5403
444951.6643
440792.6681
436302.9966
431448.6424
426187.9704
420469.5123
414230.0076
407392.9171
399867.6207
391549.5273
382321.3753
372056.0466
360621.2401
347886.3312
333731.6567
318060.2925
300812.0991
281979.4141
261623.2588
239888.3018
217148.7463
193500.0693
169345.9531
145222.9213
121769.327
99656.48214
79495.09276
61744.90382
46657.4043
34267.46212
499783.5673
499672.9209
499544.3407
499402.6603
499253.0514
499098.5851
498939.5991
498774.3531
498600.0039
498413.4326
498211.8601
497993.2533
497756.4633
497501.0339
497226.6979
496932.7109
496617.2843
496277.3765
495908.9443
495507.531
495068.9099
494589.4845
494066.2746
493496.5282
492877.2035
492204.6331
491474.582
490682.6968
489825.1423
488899.113
487902.9452
486835.7201
485696.4741
484483.3102
483192.729
481819.3779
480356.2313
478795.0714
477127.0709
475343.2779
473434.8385
471392.8752
469208.0507
466869.9613
464366.5595
461683.7816
458805.4651
455713.5271
452388.2616
448808.5403
444951.6643
440792.6681
436302.9966
431448.6424
426187.9704
420469.5123
414230.0076
407392.9171
399867.6207
391549.5273
382321.3753
372056.0466
360621.2401
347886.3312
333731.6567
318060.2925
300812.0991
281979.4141
261623.2588
239888.3018
217148.7463
193500.0693
169345.9531
145222.9213
121769.327
99656.48214
79495.09276
61744.90382
46657.4043
34267.46212
499783.5673
499672.9209
499544.3407
499402.6603
499253.0514
499098.5851
498939.5991
498774.3531
498600.0039
498413.4326
498211.8601
497993.2533
497756.4633
497501.0339
497226.6979
496932.7109
496617.2843
496277.3765
495908.9443
495507.531
495068.9099
494589.4845
494066.2746
493496.5282
492877.2035
492204.6331
491474.582
490682.6968
489825.1423
488899.113
487902.9452
486835.7201
485696.4741
484483.3102
483192.729
481819.3779
480356.2313
478795.0714
477127.0709
475343.2779
473434.8385
471392.8752
469208.0507
466869.9613
464366.5595
461683.7816
458805.4651
455713.5271
452388.2616
448808.5403
444951.6643
440792.6681
436302.9966
431448.6424
426187.9704
420469.5123
414230.0076
407392.9171
399867.6207
391549.5273
382321.3753
372056.0466
360621.2401
347886.3312
333731.6567
318060.2925
300812.0991
281979.4141
261623.2588
239888.3018
217148.7463
193500.0693
169345.9531
145222.9213
121769.327
99656.48214
79495.09276
61744.90382
46657.4043
34267.46212
499783.5673
499672.9209
499544.3407
499402.6603
499253.0514
499098.5851
498939.5991
498774.3531
498600.0039
498413.4326
498211.8601
497993.2533
497756.4633
497501.0339
497226.6979
496932.7109
496617.2843
496277.3765
495908.9443
495507.531
495068.9099
494589.4845
494066.2746
493496.5282
492877.2035
492204.6331
491474.582
490682.6968
489825.1423
488899.113
487902.9452
486835.7201
485696.4741
484483.3102
483192.729
481819.3779
480356.2313
478795.0714
477127.0709
475343.2779
473434.8385
471392.8752
469208.0507
466869.9613
464366.5595
461683.7816
458805.4651
455713.5271
452388.2616
448808.5403
444951.6643
440792.6681
436302.9966
431448.6424
426187.9704
420469.5123
414230.0076
407392.9171
399867.6207
391549.5273
382321.3753
372056.0466
360621.2401
347886.3312
333731.6567
318060.2925
300812.0991
281979.4141
261623.2588
239888.3018
217148.7463
193500.0693
169345.9531
145222.9213
121769.327
99656.48214
79495.09276
61744.90382
46657.4043
34267.46212
499783.5673
499672.9209
499544.3407
499402.6603
499253.0514
499098.5851
498939.5991
498774.3531
498600.0039
498413.4326
498211.8601
497993.2533
497756.4633
497501.0339
497226.6979
496932.7109
496617.2843
496277.3765
495908.9443
495507.531
495068.9099
494589.4845
494066.2746
493496.5282
492877.2035
492204.6331
491474.582
490682.6968
489825.1423
488899.113
487902.9452
486835.7201
485696.4741
484483.3102
483192.729
481819.3779
480356.2313
478795.0714
477127.0709
475343.2779
473434.8385
471392.8752
469208.0507
466869.9613
464366.5595
461683.7816
458805.4651
455713.5271
452388.2616
448808.5403
444951.6643
440792.6681
436302.9966
431448.6424
426187.9704
420469.5123
414230.0076
407392.9171
399867.6207
391549.5273
382321.3753
372056.0466
360621.2401
347886.3312
333731.6567
318060.2925
300812.0991
281979.4141
261623.2588
239888.3018
217148.7463
193500.0693
169345.9531
145222.9213
121769.327
99656.48214
79495.09276
61744.90382
46657.4043
34267.46212
499783.5673
499672.9209
499544.3407
499402.6603
499253.0514
499098.5851
498939.5991
498774.3531
498600.0039
498413.4326
498211.8601
497993.2533
497756.4633
497501.0339
497226.6979
496932.7109
496617.2843
496277.3765
495908.9443
495507.531
495068.9099
494589.4845
494066.2746
493496.5282
492877.2035
492204.6331
491474.582
490682.6968
489825.1423
488899.113
487902.9452
486835.7201
485696.4741
484483.3102
483192.729
481819.3779
480356.2313
478795.0714
477127.0709
475343.2779
473434.8385
471392.8752
469208.0507
466869.9613
464366.5595
461683.7816
458805.4651
455713.5271
452388.2616
448808.5403
444951.6643
440792.6681
436302.9966
431448.6424
426187.9704
420469.5123
414230.0076
407392.9171
399867.6207
391549.5273
382321.3753
372056.0466
360621.2401
347886.3312
333731.6567
318060.2925
300812.0991
281979.4141
261623.2588
239888.3018
217148.7463
193500.0693
169345.9531
145222.9213
121769.327
99656.48214
79495.09276
61744.90382
46657.4043
34267.46212
499783.5673
499672.9209
499544.3407
499402.6603
499253.0514
499098.5851
498939.5991
498774.3531
498600.0039
498413.4326
498211.8601
497993.2533
497756.4633
497501.0339
497226.6979
496932.7109
496617.2843
496277.3765
495908.9443
495507.531
495068.9099
494589.4845
494066.2746
493496.5282
492877.2035
492204.6331
491474.582
490682.6968
489825.1423
488899.113
487902.9452
486835.7201
485696.4741
484483.3102
483192.729
481819.3779
480356.2313
478795.0714
477127.0709
475343.2779
473434.8385
471392.8752
469208.0507
466869.9613
464366.5595
461683.7816
458805.4651
455713.5271
452388.2616
448808.5403
444951.6643
440792.6681
436302.9966
431448.6424
426187.9704
420469.5123
414230.0076
407392.9171
399867.6207
391549.5273
382321.3753
372056.0466
360621.2401
347886.3312
333731.6567
318060.2925
300812.0991
281979.4141
261623.2588
239888.3018
217148.7463
193500.0693
169345.9531
145222.9213
121769.327
99656.48214
79495.09276
61744.90382
46657.4043
34267.46212
499783.5673
499672.9209
499544.3407
499402.6603
499253.0514
499098.5851
498939.5991
498774.3531
498600.0039
498413.4326
498211.8601
497993.2533
497756.4633
497501.0339
497226.6979
496932.7109
496617.2843
496277.3765
495908.9443
495507.531
495068.9099
494589.4845
494066.2746
493496.5282
492877.2035
492204.6331
491474.582
490682.6968
489825.1423
488899.113
487902.9452
486835.7201
485696.4741
484483.3102
483192.729
481819.3779
480356.2313
478795.0714
477127.0709
475343.2779
473434.8385
471392.8752
469208.0507
466869.9613
464366.5595
461683.7816
458805.4651
455713.5271
452388.2616
448808.5403
444951.6643
440792.6681
436302.9966
431448.6424
426187.9704
420469.5123
414230.0076
407392.9171
399867.6207
391549.5273
382321.3753
372056.0466
360621.2401
347886.3312
333731.6567
318060.2925
300812.0991
281979.4141
261623.2588
239888.3018
217148.7463
193500.0693
169345.9531
145222.9213
121769.327
99656.48214
79495.09276
61744.90382
46657.4043
34267.46212
499783.5673
499672.9209
499544.3407
499402.6603
499253.0514
499098.5851
498939.5991
498774.3531
498600.0039
498413.4326
498211.8601
497993.2533
497756.4633
497501.0339
497226.6979
496932.7109
496617.2843
496277.3765
495908.9443
495507.531
495068.9099
494589.4845
494066.2746
493496.5282
492877.2035
492204.6331
491474.582
490682.6968
489825.1423
488899.113
487902.9452
486835.7201
485696.4741
484483.3102
483192.729
481819.3779
480356.2313
478795.0714
477127.0709
475343.2779
473434.8385
471392.8752
469208.0507
466869.9613
464366.5595
461683.7816
458805.4651
455713.5271
452388.2616
448808.5403
444951.6643
440792.6681
436302.9966
431448.6424
426187.9704
420469.5123
414230.0076
407392.9171
399867.6207
391549.5273
382321.3753
372056.0466
360621.2401
347886.3312
333731.6567
318060.2925
300812.0991
281979.4141
261623.2588
239888.3018
217148.7463
193500.0693
169345.9531
145222.9213
121769.327
99656.48214
79495.09276
61744.90382
46657.4043
34267.46212
499783.5673
499672.9209
499544.3407
499402.6603
499253.0514
499098.5851
498939.5991
498774.3531
498600.0039
498413.4326
498211.8601
497993.2533
497756.4633
497501.0339
497226.6979
496932.7109
496617.2843
496277.3765
495908.9443
495507.531
495068.9099
494589.4845
494066.2746
493496.5282
492877.2035
492204.6331
491474.582
490682.6968
489825.1423
488899.113
487902.9452
486835.7201
485696.4741
484483.3102
483192.729
481819.3779
480356.2313
478795.0714
477127.0709
475343.2779
473434.8385
471392.8752
469208.0507
466869.9613
464366.5595
461683.7816
458805.4651
455713.5271
452388.2616
448808.5403
444951.6643
440792.6681
436302.9966
431448.6424
426187.9704
420469.5123
414230.0076
407392.9171
399867.6207
391549.5273
382321.3753
372056.0466
360621.2401
347886.3312
333731.6567
318060.2925
300812.0991
281979.4141
261623.2588
239888.3018
217148.7463
193500.0693
169345.9531
145222.9213
121769.327
99656.48214
79495.09276
61744.90382
46657.4043
34267.46212
499783.5673
499672.9209
499544.3407
499402.6603
499253.0514
499098.5851
498939.5991
498774.3531
498600.0039
498413.4326
498211.8601
497993.2533
497756.4633
497501.0339
497226.6979
496932.7109
496617.2843
496277.3765
495908.9443
495507.531
495068.9099
494589.4845
494066.2746
493496.5282
492877.2035
492204.6331
491474.582
490682.6968
489825.1423
488899.113
487902.9452
486835.7201
485696.4741
484483.3102
483192.729
481819.3779
480356.2313
478795.0714
477127.0709
475343.2779
473434.8385
471392.8752
469208.0507
466869.9613
464366.5595
461683.7816
458805.4651
455713.5271
452388.2616
448808.5403
444951.6643
440792.6681
436302.9966
431448.6424
426187.9704
420469.5123
414230.0076
407392.9171
399867.6207
391549.5273
382321.3753
372056.0466
360621.2401
347886.3312
333731.6567
318060.2925
300812.0991
281979.4141
261623.2588
239888.3018
217148.7463
193500.0693
169345.9531
145222.9213
121769.327
99656.48214
79495.09276
61744.90382
46657.4043
34267.46212
499783.5673
499672.9209
499544.3407
499402.6603
499253.0514
499098.5851
498939.5991
498774.3531
498600.0039
498413.4326
498211.8601
497993.2533
497756.4633
497501.0339
497226.6979
496932.7109
496617.2843
496277.3765
495908.9443
495507.531
495068.9099
494589.4845
494066.2746
493496.5282
492877.2035
492204.6331
491474.582
490682.6968
489825.1423
488899.113
487902.9452
486835.7201
485696.4741
484483.3102
483192.729
481819.3779
480356.2313
478795.0714
477127.0709
475343.2779
473434.8385
471392.8752
469208.0507
466869.9613
464366.5595
461683.7816
458805.4651
455713.5271
452388.2616
448808.5403
444951.6643
440792.6681
436302.9966
431448.6424
426187.9704
420469.5123
414230.0076
407392.9171
399867.6207
391549.5273
382321.3753
372056.0466
360621.2401
347886.3312
333731.6567
318060.2925
300812.0991
281979.4141
261623.2588
239888.3018
217148.7463
193500.0693
169345.9531
145222.9213
121769.327
99656.48214
79495.09276
61744.90382
46657.4043
34267.46212
499783.5673
499672.9209
499544.3407
499402.6603
499253.0514
499098.5851
498939.5991
498774.3531
498600.0039
498413.4326
498211.8601
497993.2533
497756.4633
497501.0339
497226.6979
496932.7109
496617.2843
496277.3765
495908.9443
495507.531
495068.9099
494589.4845
494066.2746
493496.5282
492877.2035
492204.6331
491474.582
490682.6968
489825.1423
488899.113
487902.9452
486835.7201
485696.4741
484483.3102
483192.729
481819.3779
480356.2313
478795.0714
477127.0709
475343.2779
473434.8385
471392.8752
469208.0507
466869.9613
464366.5595
461683.7816
458805.4651
455713.5271
452388.2616
448808.5403
444951.6643
440792.6681
436302.9966
431448.6424
426187.9704
420469.5123
414230.0076
407392.9171
399867.6207
391549.5273
382321.3753
372056.0466
360621.2401
347886.3312
333731.6567
318060.2925
300812.0991
281979.4141
261623.2588
239888.3018
217148.7463
193500.0693
169345.9531
145222.9213
121769.327
99656.48214
79495.09276
61744.90382
46657.4043
34267.46212
499783.5673
499672.9209
499544.3407
499402.6603
499253.0514
499098.5851
498939.5991
498774.3531
498600.0039
498413.4326
498211.8601
497993.2533
497756.4633
497501.0339
497226.6979
496932.7109
496617.2843
496277.3765
495908.9443
495507.531
495068.9099
494589.4845
494066.2746
493496.5282
492877.2035
492204.6331
491474.582
490682.6968
489825.1423
488899.113
487902.9452
486835.7201
485696.4741
484483.3102
483192.729
481819.3779
480356.2313
478795.0714
477127.0709
475343.2779
473434.8385
471392.8752
469208.0507
466869.9613
464366.5595
461683.7816
458805.4651
455713.5271
452388.2616
448808.5403
444951.6643
440792.6681
436302.9966
431448.6424
426187.9704
420469.5123
414230.0076
407392.9171
399867.6207
391549.5273
382321.3753
372056.0466
360621.2401
347886.3312
333731.6567
318060.2925
300812.0991
281979.4141
261623.2588
239888.3018
217148.7463
193500.0693
169345.9531
145222.9213
121769.327
99656.48214
79495.09276
61744.90382
46657.4043
34267.46212
499783.5673
499672.9209
499544.3407
499402.6603
499253.0514
499098.5851
498939.5991
498774.3531
498600.0039
498413.4326
498211.8601
497993.2533
497756.4633
497501.0339
497226.6979
496932.7109
496617.2843
496277.3765
495908.9443
495507.531
495068.9099
494589.4845
494066.2746
493496.5282
492877.2035
492204.6331
491474.582
490682.6968
489825.1423
488899.113
487902.9452
486835.7201
485696.4741
484483.3102
483192.729
481819.3779
480356.2313
478795.0714
477127.0709
475343.2779
473434.8385
471392.8752
469208.0507
466869.9613
464366.5595
461683.7816
458805.4651
455713.5271
452388.2616
448808.5403
444951.6643
440792.6681
436302.9966
431448.6424
426187.9704
420469.5123
414230.0076
407392.9171
399867.6207
391549.5273
382321.3753
372056.0466
360621.2401
347886.3312
333731.6567
318060.2925
300812.0991
281979.4141
261623.2588
239888.3018
217148.7463
193500.0693
169345.9531
145222.9213
121769.327
99656.48214
79495.09276
61744.90382
46657.4043
34267.46212
499783.5673
499672.9209
499544.3407
499402.6603
499253.0514
499098.5851
498939.5991
498774.3531
498600.0039
498413.4326
498211.8601
497993.2533
497756.4633
497501.0339
497226.6979
496932.7109
496617.2843
496277.3765
495908.9443
495507.531
495068.9099
494589.4845
494066.2746
493496.5282
492877.2035
492204.6331
491474.582
490682.6968
489825.1423
488899.113
487902.9452
486835.7201
485696.4741
484483.3102
483192.729
481819.3779
480356.2313
478795.0714
477127.0709
475343.2779
473434.8385
471392.8752
469208.0507
466869.9613
464366.5595
461683.7816
458805.4651
455713.5271
452388.2616
448808.5403
444951.6643
440792.6681
436302.9966
431448.6424
426187.9704
420469.5123
414230.0076
407392.9171
399867.6207
391549.5273
382321.3753
372056.0466
360621.2401
347886.3312
333731.6567
318060.2925
300812.0991
281979.4141
261623.2588
239888.3018
217148.7463
193500.0693
169345.9531
145222.9213
121769.327
99656.48214
79495.09276
61744.90382
46657.4043
34267.46212
499783.5673
499672.9209
499544.3407
499402.6603
499253.0514
499098.5851
498939.5991
498774.3531
498600.0039
498413.4326
498211.8601
497993.2533
497756.4633
497501.0339
497226.6979
496932.7109
496617.2843
496277.3765
495908.9443
495507.531
495068.9099
494589.4845
494066.2746
493496.5282
492877.2035
492204.6331
491474.582
490682.6968
489825.1423
488899.113
487902.9452
486835.7201
485696.4741
484483.3102
483192.729
481819.3779
480356.2313
478795.0714
477127.0709
475343.2779
473434.8385
471392.8752
469208.0507
466869.9613
464366.5595
461683.7816
458805.4651
455713.5271
452388.2616
448808.5403
444951.6643
440792.6681
436302.9966
431448.6424
426187.9704
420469.5123
414230.0076
407392.9171
399867.6207
391549.5273
382321.3753
372056.0466
360621.2401
347886.3312
333731.6567
318060.2925
300812.0991
281979.4141
261623.2588
239888.3018
217148.7463
193500.0693
169345.9531
145222.9213
121769.327
99656.48214
79495.09276
61744.90382
46657.4043
34267.46212
499783.5673
499672.9209
499544.3407
499402.6603
499253.0514
499098.5851
498939.5991
498774.3531
498600.0039
498413.4326
498211.8601
497993.2533
497756.4633
497501.0339
497226.6979
496932.7109
496617.2843
496277.3765
495908.9443
495507.531
495068.9099
494589.4845
494066.2746
493496.5282
492877.2035
492204.6331
491474.582
490682.6968
489825.1423
488899.113
487902.9452
486835.7201
485696.4741
484483.3102
483192.729
481819.3779
480356.2313
478795.0714
477127.0709
475343.2779
473434.8385
471392.8752
469208.0507
466869.9613
464366.5595
461683.7816
458805.4651
455713.5271
452388.2616
448808.5403
444951.6643
440792.6681
436302.9966
431448.6424
426187.9704
420469.5123
414230.0076
407392.9171
399867.6207
391549.5273
382321.3753
372056.0466
360621.2401
347886.3312
333731.6567
318060.2925
300812.0991
281979.4141
261623.2588
239888.3018
217148.7463
193500.0693
169345.9531
145222.9213
121769.327
99656.48214
79495.09276
61744.90382
46657.4043
34267.46212
499783.5673
499672.9209
499544.3407
499402.6603
499253.0514
499098.5851
498939.5991
498774.3531
498600.0039
498413.4326
498211.8601
497993.2533
497756.4633
497501.0339
497226.6979
496932.7109
496617.2843
496277.3765
495908.9443
495507.531
495068.9099
494589.4845
494066.2746
493496.5282
492877.2035
492204.6331
491474.582
490682.6968
489825.1423
488899.113
487902.9452
486835.7201
485696.4741
484483.3102
483192.729
481819.3779
480356.2313
478795.0714
477127.0709
475343.2779
473434.8385
471392.8752
469208.0507
466869.9613
464366.5595
461683.7816
458805.4651
455713.5271
452388.2616
448808.5403
444951.6643
440792.6681
436302.9966
431448.6424
426187.9704
420469.5123
414230.0076
407392.9171
399867.6207
391549.5273
382321.3753
372056.0466
360621.2401
347886.3312
333731.6567
318060.2925
300812.0991
281979.4141
261623.2588
239888.3018
217148.7463
193500.0693
169345.9531
145222.9213
121769.327
99656.48214
79495.09276
61744.90382
46657.4043
34267.46212
499783.5673
499672.9209
499544.3407
499402.6603
499253.0514
499098.5851
498939.5991
498774.3531
498600.0039
498413.4326
498211.8601
497993.2533
497756.4633
497501.0339
497226.6979
496932.7109
496617.2843
496277.3765
495908.9443
495507.531
495068.9099
494589.4845
494066.2746
493496.5282
492877.2035
492204.6331
491474.582
490682.6968
489825.1423
488899.113
487902.9452
486835.7201
485696.4741
484483.3102
483192.729
481819.3779
480356.2313
478795.0714
477127.0709
475343.2779
473434.8385
471392.8752
469208.0507
466869.9613
464366.5595
461683.7816
458805.4651
455713.5271
452388.2616
448808.5403
444951.6643
440792.6681
436302.9966
431448.6424
426187.9704
420469.5123
414230.0076
407392.9171
399867.6207
391549.5273
382321.3753
372056.0466
360621.2401
347886.3312
333731.6567
318060.2925
300812.0991
281979.4141
261623.2588
239888.3018
217148.7463
193500.0693
169345.9531
145222.9213
121769.327
99656.48214
79495.09276
61744.90382
46657.4043
34267.46212
499783.5673
499672.9209
499544.3407
499402.6603
499253.0514
499098.5851
498939.5991
498774.3531
498600.0039
498413.4326
498211.8601
497993.2533
497756.4633
497501.0339
497226.6979
496932.7109
496617.2843
496277.3765
495908.9443
495507.531
495068.9099
494589.4845
494066.2746
493496.5282
492877.2035
492204.6331
491474.582
490682.6968
489825.1423
488899.113
487902.9452
486835.7201
485696.4741
484483.3102
483192.729
481819.3779
480356.2313
478795.0714
477127.0709
475343.2779
473434.8385
471392.8752
469208.0507
466869.9613
464366.5595
461683.7816
458805.4651
455713.5271
452388.2616
448808.5403
444951.6643
440792.6681
436302.9966
431448.6424
426187.9704
420469.5123
414230.0076
407392.9171
399867.6207
391549.5273
382321.3753
372056.0466
360621.2401
347886.3312
333731.6567
318060.2925
300812.0991
281979.4141
261623.2588
239888.3018
217148.7463
193500.0693
169345.9531
145222.9213
121769.327
99656.48214
79495.09276
61744.90382
46657.4043
34267.46212
499783.5673
499672.9209
499544.3407
499402.6603
499253.0514
499098.5851
498939.5991
498774.3531
498600.0039
498413.4326
498211.8601
497993.2533
497756.4633
497501.0339
497226.6979
496932.7109
496617.2843
496277.3765
495908.9443
495507.531
495068.9099
494589.4845
494066.2746
493496.5282
492877.2035
492204.6331
491474.582
490682.6968
489825.1423
488899.113
487902.9452
486835.7201
485696.4741
484483.3102
483192.729
481819.3779
480356.2313
478795.0714
477127.0709
475343.2779
473434.8385
471392.8752
469208.0507
466869.9613
464366.5595
461683.7816
458805.4651
455713.5271
452388.2616
448808.5403
444951.6643
440792.6681
436302.9966
431448.6424
426187.9704
420469.5123
414230.0076
407392.9171
399867.6207
391549.5273
382321.3753
372056.0466
360621.2401
347886.3312
333731.6567
318060.2925
300812.0991
281979.4141
261623.2588
239888.3018
217148.7463
193500.0693
169345.9531
145222.9213
121769.327
99656.48214
79495.09276
61744.90382
46657.4043
34267.46212
499783.5673
499672.9209
499544.3407
499402.6603
499253.0514
499098.5851
498939.5991
498774.3531
498600.0039
498413.4326
498211.8601
497993.2533
497756.4633
497501.0339
497226.6979
496932.7109
496617.2843
496277.3765
495908.9443
495507.531
495068.9099
494589.4845
494066.2746
493496.5282
492877.2035
492204.6331
491474.582
490682.6968
489825.1423
488899.113
487902.9452
486835.7201
485696.4741
484483.3102
483192.729
481819.3779
480356.2313
478795.0714
477127.0709
475343.2779
473434.8385
471392.8752
469208.0507
466869.9613
464366.5595
461683.7816
458805.4651
455713.5271
452388.2616
448808.5403
444951.6643
440792.6681
436302.9966
431448.6424
426187.9704
420469.5123
414230.0076
407392.9171
399867.6207
391549.5273
382321.3753
372056.0466
360621.2401
347886.3312
333731.6567
318060.2925
300812.0991
281979.4141
261623.2588
239888.3018
217148.7463
193500.0693
169345.9531
145222.9213
121769.327
99656.48214
79495.09276
61744.90382
46657.4043
34267.46212
499783.5673
499672.9209
499544.3407
499402.6603
499253.0514
499098.5851
498939.5991
498774.3531
498600.0039
498413.4326
498211.8601
497993.2533
497756.4633
497501.0339
497226.6979
496932.7109
496617.2843
496277.3765
495908.9443
495507.531
495068.9099
494589.4845
494066.2746
493496.5282
492877.2035
492204.6331
491474.582
490682.6968
489825.1423
488899.113
487902.9452
486835.7201
485696.4741
484483.3102
483192.729
481819.3779
480356.2313
478795.0714
477127.0709
475343.2779
473434.8385
471392.8752
469208.0507
466869.9613
464366.5595
461683.7816
458805.4651
455713.5271
452388.2616
448808.5403
444951.6643
440792.6681
436302.9966
431448.6424
426187.9704
420469.5123
414230.0076
407392.9171
399867.6207
391549.5273
382321.3753
372056.0466
360621.2401
347886.3312
333731.6567
318060.2925
300812.0991
281979.4141
261623.2588
239888.3018
217148.7463
193500.0693
169345.9531
145222.9213
121769.327
99656.48214
79495.09276
61744.90382
46657.4043
34267.46212
499783.5673
499672.9209
499544.3407
499402.6603
499253.0514
499098.5851
498939.5991
498774.3531
498600.0039
498413.4326
498211.8601
497993.2533
497756.4633
497501.0339
497226.6979
496932.7109
496617.2843
496277.3765
495908.9443
495507.531
495068.9099
494589.4845
494066.2746
493496.5282
492877.2035
492204.6331
491474.582
490682.6968
489825.1423
488899.113
487902.9452
486835.7201
485696.4741
484483.3102
483192.729
481819.3779
480356.2313
478795.0714
477127.0709
475343.2779
473434.8385
471392.8752
469208.0507
466869.9613
464366.5595
461683.7816
458805.4651
455713.5271
452388.2616
448808.5403
444951.6643
440792.6681
436302.9966
431448.6424
426187.9704
420469.5123
414230.0076
407392.9171
399867.6207
391549.5273
382321.3753
372056.0466
360621.2401
347886.3312
333731.6567
318060.2925
300812.0991
281979.4141
261623.2588
239888.3018
217148.7463
193500.0693
169345.9531
145222.9213
121769.327
99656.48214
79495.09276
61744.90382
46657.4043
34267.46212
499783.5673
499672.9209
499544.3407
499402.6603
499253.0514
499098.5851
498939.5991
498774.3531
498600.0039
498413.4326
498211.8601
497993.2533
497756.4633
497501.0339
497226.6979
496932.7109
496617.2843
496277.3765
495908.9443
495507.531
495068.9099
494589.4845
494066.2746
493496.5282
492877.2035
492204.6331
491474.582
490682.6968
489825.1423
488899.113
487902.9452
486835.7201
485696.4741
484483.3102
483192.729
481819.3779
480356.2313
478795.0714
477127.0709
475343.2779
473434.8385
471392.8752
469208.0507
466869.9613
464366.5595
461683.7816
458805.4651
455713.5271
452388.2616
448808.5403
444951.6643
440792.6681
436302.9966
431448.6424
426187.9704
420469.5123
414230.0076
407392.9171
399867.6207
391549.5273
382321.3753
372056.0466
360621.2401
347886.3312
333731.6567
318060.2925
300812.0991
281979.4141
261623.2588
239888.3018
217148.7463
193500.0693
169345.9531
145222.9213
121769.327
99656.48214
79495.09276
61744.90382
46657.4043
34267.46212
499783.5673
499672.9209
499544.3407
499402.6603
499253.0514
499098.5851
498939.5991
498774.3531
498600.0039
498413.4326
498211.8601
497993.2533
497756.4633
497501.0339
497226.6979
496932.7109
496617.2843
496277.3765
495908.9443
495507.531
495068.9099
494589.4845
494066.2746
493496.5282
492877.2035
492204.6331
491474.582
490682.6968
489825.1423
488899.113
487902.9452
486835.7201
485696.4741
484483.3102
483192.729
481819.3779
480356.2313
478795.0714
477127.0709
475343.2779
473434.8385
471392.8752
469208.0507
466869.9613
464366.5595
461683.7816
458805.4651
455713.5271
452388.2616
448808.5403
444951.6643
440792.6681
436302.9966
431448.6424
426187.9704
420469.5123
414230.0076
407392.9171
399867.6207
391549.5273
382321.3753
372056.0466
360621.2401
347886.3312
333731.6567
318060.2925
300812.0991
281979.4141
261623.2588
239888.3018
217148.7463
193500.0693
169345.9531
145222.9213
121769.327
99656.48214
79495.09276
61744.90382
46657.4043
34267.46212
499783.5673
499672.9209
499544.3407
499402.6603
499253.0514
499098.5851
498939.5991
498774.3531
498600.0039
498413.4326
498211.8601
497993.2533
497756.4633
497501.0339
497226.6979
496932.7109
496617.2843
496277.3765
495908.9443
495507.531
495068.9099
494589.4845
494066.2746
493496.5282
492877.2035
492204.6331
491474.582
490682.6968
489825.1423
488899.113
487902.9452
486835.7201
485696.4741
484483.3102
483192.729
481819.3779
480356.2313
478795.0714
477127.0709
475343.2779
473434.8385
471392.8752
469208.0507
466869.9613
464366.5595
461683.7816
458805.4651
455713.5271
452388.2616
448808.5403
444951.6643
440792.6681
436302.9966
431448.6424
426187.9704
420469.5123
414230.0076
407392.9171
399867.6207
391549.5273
382321.3753
372056.0466
360621.2401
347886.3312
333731.6567
318060.2925
300812.0991
281979.4141
261623.2588
239888.3018
217148.7463
193500.0693
169345.9531
145222.9213
121769.327
99656.48214
79495.09276
61744.90382
46657.4043
34267.46212
499783.5673
499672.9209
499544.3407
499402.6603
499253.0514
499098.5851
498939.5991
498774.3531
498600.0039
498413.4326
498211.8601
497993.2533
497756.4633
497501.0339
497226.6979
496932.7109
496617.2843
496277.3765
495908.9443
495507.531
495068.9099
494589.4845
494066.2746
493496.5282
492877.2035
492204.6331
491474.582
490682.6968
489825.1423
488899.113
487902.9452
486835.7201
485696.4741
484483.3102
483192.729
481819.3779
480356.2313
478795.0714
477127.0709
475343.2779
473434.8385
471392.8752
469208.0507
466869.9613
464366.5595
461683.7816
458805.4651
455713.5271
452388.2616
448808.5403
444951.6643
440792.6681
436302.9966
431448.6424
426187.9704
420469.5123
414230.0076
407392.9171
399867.6207
391549.5273
382321.3753
372056.0466
360621.2401
347886.3312
333731.6567
318060.2925
300812.0991
281979.4141
261623.2588
239888.3018
217148.7463
193500.0693
169345.9531
145222.9213
121769.327
99656.48214
79495.09276
61744.90382
46657.4043
34267.46212
499783.5673
499672.9209
499544.3407
499402.6603
499253.0514
499098.5851
498939.5991
498774.3531
498600.0039
498413.4326
498211.8601
497993.2533
497756.4633
497501.0339
497226.6979
496932.7109
496617.2843
496277.3765
495908.9443
495507.531
495068.9099
494589.4845
494066.2746
493496.5282
492877.2035
492204.6331
491474.582
490682.6968
489825.1423
488899.113
487902.9452
486835.7201
485696.4741
484483.3102
483192.729
481819.3779
480356.2313
478795.0714
477127.0709
475343.2779
473434.8385
471392.8752
469208.0507
466869.9613
464366.5595
461683.7816
458805.4651
455713.5271
452388.2616
448808.5403
444951.6643
440792.6681
436302.9966
431448.6424
426187.9704
420469.5123
414230.0076
407392.9171
399867.6207
391549.5273
382321.3753
372056.0466
360621.2401
347886.3312
333731.6567
318060.2925
300812.0991
281979.4141
261623.2588
239888.3018
217148.7463
193500.0693
169345.9531
145222.9213
121769.327
99656.48214
79495.09276
61744.90382
46657.4043
34267.46212
499783.5673
499672.9209
499544.3407
499402.6603
499253.0514
499098.5851
498939.5991
498774.3531
498600.0039
498413.4326
498211.8601
497993.2533
497756.4633
497501.0339
497226.6979
496932.7109
496617.2843
496277.3765
495908.9443
495507.531
495068.9099
494589.4845
494066.2746
493496.5282
492877.2035
492204.6331
491474.582
490682.6968
489825.1423
488899.113
487902.9452
486835.7201
485696.4741
484483.3102
483192.729
481819.3779
480356.2313
478795.0714
477127.0709
475343.2779
473434.8385
471392.8752
469208.0507
466869.9613
464366.5595
461683.7816
458805.4651
455713.5271
452388.2616
448808.5403
444951.6643
440792.6681
436302.9966
431448.6424
426187.9704
420469.5123
414230.0076
407392.9171
399867.6207
391549.5273
382321.3753
372056.0466
360621.2401
347886.3312
333731.6567
318060.2925
300812.0991
281979.4141
261623.2588
239888.3018
217148.7463
193500.0693
169345.9531
145222.9213
121769.327
99656.48214
79495.09276
61744.90382
46657.4043
34267.46212
499783.5673
499672.9209
499544.3407
499402.6603
499253.0514
499098.5851
498939.5991
498774.3531
498600.0039
498413.4326
498211.8601
497993.2533
497756.4633
497501.0339
497226.6979
496932.7109
496617.2843
496277.3765
495908.9443
495507.531
495068.9099
494589.4845
494066.2746
493496.5282
492877.2035
492204.6331
491474.582
490682.6968
489825.1423
488899.113
487902.9452
486835.7201
485696.4741
484483.3102
483192.729
481819.3779
480356.2313
478795.0714
477127.0709
475343.2779
473434.8385
471392.8752
469208.0507
466869.9613
464366.5595
461683.7816
458805.4651
455713.5271
452388.2616
448808.5403
444951.6643
440792.6681
436302.9966
431448.6424
426187.9704
420469.5123
414230.0076
407392.9171
399867.6207
391549.5273
382321.3753
372056.0466
360621.2401
347886.3312
333731.6567
318060.2925
300812.0991
281979.4141
261623.2588
239888.3018
217148.7463
193500.0693
169345.9531
145222.9213
121769.327
99656.48214
79495.09276
61744.90382
46657.4043
34267.46212
499783.5673
499672.9209
499544.3407
499402.6603
499253.0514
499098.5851
498939.5991
498774.3531
498600.0039
498413.4326
498211.8601
497993.2533
497756.4633
497501.0339
497226.6979
496932.7109
496617.2843
496277.3765
495908.9443
495507.531
495068.9099
494589.4845
494066.2746
493496.5282
492877.2035
492204.6331
491474.582
490682.6968
489825.1423
488899.113
487902.9452
486835.7201
485696.4741
484483.3102
483192.729
481819.3779
480356.2313
478795.0714
477127.0709
475343.2779
473434.8385
471392.8752
469208.0507
466869.9613
464366.5595
461683.7816
458805.4651
455713.5271
452388.2616
448808.5403
444951.6643
440792.6681
436302.9966
431448.6424
426187.9704
420469.5123
414230.0076
407392.9171
399867.6207
391549.5273
382321.3753
372056.0466
360621.2401
347886.3312
333731.6567
318060.2925
300812.0991
281979.4141
261623.2588
239888.3018
217148.7463
193500.0693
169345.9531
145222.9213
121769.327
99656.48214
79495.09276
61744.90382
46657.4043
34267.46212
499783.5673
499672.9209
499544.3407
499402.6603
499253.0514
499098.5851
498939.5991
498774.3531
498600.0039
498413.4326
498211.8601
497993.2533
497756.4633
497501.0339
497226.6979
496932.7109
496617.2843
496277.3765
495908.9443
495507.531
495068.9099
494589.4845
494066.2746
493496.5282
492877.2035
492204.6331
491474.582
490682.6968
489825.1423
488899.113
487902.9452
486835.7201
485696.4741
484483.3102
483192.729
481819.3779
480356.2313
478795.0714
477127.0709
475343.2779
473434.8385
471392.8752
469208.0507
466869.9613
464366.5595
461683.7816
458805.4651
455713.5271
452388.2616
448808.5403
444951.6643
440792.6681
436302.9966
431448.6424
426187.9704
420469.5123
414230.0076
407392.9171
399867.6207
391549.5273
382321.3753
372056.0466
360621.2401
347886.3312
333731.6567
318060.2925
300812.0991
281979.4141
261623.2588
239888.3018
217148.7463
193500.0693
169345.9531
145222.9213
121769.327
99656.48214
79495.09276
61744.90382
46657.4043
34267.46212
499783.5673
499672.9209
499544.3407
499402.6603
499253.0514
499098.5851
498939.5991
498774.3531
498600.0039
498413.4326
498211.8601
497993.2533
497756.4633
497501.0339
497226.6979
496932.7109
496617.2843
496277.3765
495908.9443
495507.531
495068.9099
494589.4845
494066.2746
493496.5282
492877.2035
492204.6331
491474.582
490682.6968
489825.1423
488899.113
487902.9452
486835.7201
485696.4741
484483.3102
483192.729
481819.3779
480356.2313
478795.0714
477127.0709
475343.2779
473434.8385
471392.8752
469208.0507
466869.9613
464366.5595
461683.7816
458805.4651
455713.5271
452388.2616
448808.5403
444951.6643
440792.6681
436302.9966
431448.6424
426187.9704
420469.5123
414230.0076
407392.9171
399867.6207
391549.5273
382321.3753
372056.0466
360621.2401
347886.3312
333731.6567
318060.2925
300812.0991
281979.4141
261623.2588
239888.3018
217148.7463
193500.0693
169345.9531
145222.9213
121769.327
99656.48214
79495.09276
61744.90382
46657.4043
34267.46212
499783.5673
499672.9209
499544.3407
499402.6603
499253.0514
499098.5851
498939.5991
498774.3531
498600.0039
498413.4326
498211.8601
497993.2533
497756.4633
497501.0339
497226.6979
496932.7109
496617.2843
496277.3765
495908.9443
495507.531
495068.9099
494589.4845
494066.2746
493496.5282
492877.2035
492204.6331
491474.582
490682.6968
489825.1423
488899.113
487902.9452
486835.7201
485696.4741
484483.3102
483192.729
481819.3779
480356.2313
478795.0714
477127.0709
475343.2779
473434.8385
471392.8752
469208.0507
466869.9613
464366.5595
461683.7816
458805.4651
455713.5271
452388.2616
448808.5403
444951.6643
440792.6681
436302.9966
431448.6424
426187.9704
420469.5123
414230.0076
407392.9171
399867.6207
391549.5273
382321.3753
372056.0466
360621.2401
347886.3312
333731.6567
318060.2925
300812.0991
281979.4141
261623.2588
239888.3018
217148.7463
193500.0693
169345.9531
145222.9213
121769.327
99656.48214
79495.09276
61744.90382
46657.4043
34267.46212
499783.5673
499672.9209
499544.3407
499402.6603
499253.0514
499098.5851
498939.5991
498774.3531
498600.0039
498413.4326
498211.8601
497993.2533
497756.4633
497501.0339
497226.6979
496932.7109
496617.2843
496277.3765
495908.9443
495507.531
495068.9099
494589.4845
494066.2746
493496.5282
492877.2035
492204.6331
491474.582
490682.6968
489825.1423
488899.113
487902.9452
486835.7201
485696.4741
484483.3102
483192.729
481819.3779
480356.2313
478795.0714
477127.0709
475343.2779
473434.8385
471392.8752
469208.0507
466869.9613
464366.5595
461683.7816
458805.4651
455713.5271
452388.2616
448808.5403
444951.6643
440792.6681
436302.9966
431448.6424
426187.9704
420469.5123
414230.0076
407392.9171
399867.6207
391549.5273
382321.3753
372056.0466
360621.2401
347886.3312
333731.6567
318060.2925
300812.0991
281979.4141
261623.2588
239888.3018
217148.7463
193500.0693
169345.9531
145222.9213
121769.327
99656.48214
79495.09276
61744.90382
46657.4043
34267.46212
499783.5673
499672.9209
499544.3407
499402.6603
499253.0514
499098.5851
498939.5991
498774.3531
498600.0039
498413.4326
498211.8601
497993.2533
497756.4633
497501.0339
497226.6979
496932.7109
496617.2843
496277.3765
495908.9443
495507.531
495068.9099
494589.4845
494066.2746
493496.5282
492877.2035
492204.6331
491474.582
490682.6968
489825.1423
488899.113
487902.9452
486835.7201
485696.4741
484483.3102
483192.729
481819.3779
480356.2313
478795.0714
477127.0709
475343.2779
473434.8385
471392.8752
469208.0507
466869.9613
464366.5595
461683.7816
458805.4651
455713.5271
452388.2616
448808.5403
444951.6643
440792.6681
436302.9966
431448.6424
426187.9704
420469.5123
414230.0076
407392.9171
399867.6207
391549.5273
382321.3753
372056.0466
360621.2401
347886.3312
333731.6567
318060.2925
300812.0991
281979.4141
261623.2588
239888.3018
217148.7463
193500.0693
169345.9531
145222.9213
121769.327
99656.48214
79495.09276
61744.90382
46657.4043
34267.46212
499783.5673
499672.9209
499544.3407
499402.6603
499253.0514
499098.5851
498939.5991
498774.3531
498600.0039
498413.4326
498211.8601
497993.2533
497756.4633
497501.0339
497226.6979
496932.7109
496617.2843
496277.3765
495908.9443
495507.531
495068.9099
494589.4845
494066.2746
493496.5282
492877.2035
492204.6331
491474.582
490682.6968
489825.1423
488899.113
487902.9452
486835.7201
485696.4741
484483.3102
483192.729
481819.3779
480356.2313
478795.0714
477127.0709
475343.2779
473434.8385
471392.8752
469208.0507
466869.9613
464366.5595
461683.7816
458805.4651
455713.5271
452388.2616
448808.5403
444951.6643
440792.6681
436302.9966
431448.6424
426187.9704
420469.5123
414230.0076
407392.9171
399867.6207
391549.5273
382321.3753
372056.0466
360621.2401
347886.3312
333731.6567
318060.2925
300812.0991
281979.4141
261623.2588
239888.3018
217148.7463
193500.0693
169345.9531
145222.9213
121769.327
99656.48214
79495.09276
61744.90382
46657.4043
34267.46212
499783.5673
499672.9209
499544.3407
499402.6603
499253.0514
499098.5851
498939.5991
498774.3531
498600.0039
498413.4326
498211.8601
497993.2533
497756.4633
497501.0339
497226.6979
496932.7109
496617.2843
496277.3765
495908.9443
495507.531
495068.9099
494589.4845
494066.2746
493496.5282
492877.2035
492204.6331
491474.582
490682.6968
489825.1423
488899.113
487902.9452
486835.7201
485696.4741
484483.3102
483192.729
481819.3779
480356.2313
478795.0714
477127.0709
475343.2779
473434.8385
471392.8752
469208.0507
466869.9613
464366.5595
461683.7816
458805.4651
455713.5271
452388.2616
448808.5403
444951.6643
440792.6681
436302.9966
431448.6424
426187.9704
420469.5123
414230.0076
407392.9171
399867.6207
391549.5273
382321.3753
372056.0466
360621.2401
347886.3312
333731.6567
318060.2925
300812.0991
281979.4141
261623.2588
239888.3018
217148.7463
193500.0693
169345.9531
145222.9213
121769.327
99656.48214
79495.09276
61744.90382
46657.4043
34267.46212
499783.5673
499672.9209
499544.3407
499402.6603
499253.0514
499098.5851
498939.5991
498774.3531
498600.0039
498413.4326
498211.8601
497993.2533
497756.4633
497501.0339
497226.6979
496932.7109
496617.2843
496277.3765
495908.9443
495507.531
495068.9099
494589.4845
494066.2746
493496.5282
492877.2035
492204.6331
491474.582
490682.6968
489825.1423
488899.113
487902.9452
486835.7201
485696.4741
484483.3102
483192.729
481819.3779
480356.2313
478795.0714
477127.0709
475343.2779
473434.8385
471392.8752
469208.0507
466869.9613
464366.5595
461683.7816
458805.4651
455713.5271
452388.2616
448808.5403
444951.6643
440792.6681
436302.9966
431448.6424
426187.9704
420469.5123
414230.0076
407392.9171
399867.6207
391549.5273
382321.3753
372056.0466
360621.2401
347886.3312
333731.6567
318060.2925
300812.0991
281979.4141
261623.2588
239888.3018
217148.7463
193500.0693
169345.9531
145222.9213
121769.327
99656.48214
79495.09276
61744.90382
46657.4043
34267.46212
499783.5673
499672.9209
499544.3407
499402.6603
499253.0514
499098.5851
498939.5991
498774.3531
498600.0039
498413.4326
498211.8601
497993.2533
497756.4633
497501.0339
497226.6979
496932.7109
496617.2843
496277.3765
495908.9443
495507.531
495068.9099
494589.4845
494066.2746
493496.5282
492877.2035
492204.6331
491474.582
490682.6968
489825.1423
488899.113
487902.9452
486835.7201
485696.4741
484483.3102
483192.729
481819.3779
480356.2313
478795.0714
477127.0709
475343.2779
473434.8385
471392.8752
469208.0507
466869.9613
464366.5595
461683.7816
458805.4651
455713.5271
452388.2616
448808.5403
444951.6643
440792.6681
436302.9966
431448.6424
426187.9704
420469.5123
414230.0076
407392.9171
399867.6207
391549.5273
382321.3753
372056.0466
360621.2401
347886.3312
333731.6567
318060.2925
300812.0991
281979.4141
261623.2588
239888.3018
217148.7463
193500.0693
169345.9531
145222.9213
121769.327
99656.48214
79495.09276
61744.90382
46657.4043
34267.46212
499783.5673
499672.9209
499544.3407
499402.6603
499253.0514
499098.5851
498939.5991
498774.3531
498600.0039
498413.4326
498211.8601
497993.2533
497756.4633
497501.0339
497226.6979
496932.7109
496617.2843
496277.3765
495908.9443
495507.531
495068.9099
494589.4845
494066.2746
493496.5282
492877.2035
492204.6331
491474.582
490682.6968
489825.1423
488899.113
487902.9452
486835.7201
485696.4741
484483.3102
483192.729
481819.3779
480356.2313
478795.0714
477127.0709
475343.2779
473434.8385
471392.8752
469208.0507
466869.9613
464366.5595
461683.7816
458805.4651
455713.5271
452388.2616
448808.5403
444951.6643
440792.6681
436302.9966
431448.6424
426187.9704
420469.5123
414230.0076
407392.9171
399867.6207
391549.5273
382321.3753
372056.0466
360621.2401
347886.3312
333731.6567
318060.2925
300812.0991
281979.4141
261623.2588
239888.3018
217148.7463
193500.0693
169345.9531
145222.9213
121769.327
99656.48214
79495.09276
61744.90382
46657.4043
34267.46212
499783.5673
499672.9209
499544.3407
499402.6603
499253.0514
499098.5851
498939.5991
498774.3531
498600.0039
498413.4326
498211.8601
497993.2533
497756.4633
497501.0339
497226.6979
496932.7109
496617.2843
496277.3765
495908.9443
495507.531
495068.9099
494589.4845
494066.2746
493496.5282
492877.2035
492204.6331
491474.582
490682.6968
489825.1423
488899.113
487902.9452
486835.7201
485696.4741
484483.3102
483192.729
481819.3779
480356.2313
478795.0714
477127.0709
475343.2779
473434.8385
471392.8752
469208.0507
466869.9613
464366.5595
461683.7816
458805.4651
455713.5271
452388.2616
448808.5403
444951.6643
440792.6681
436302.9966
431448.6424
426187.9704
420469.5123
414230.0076
407392.9171
399867.6207
391549.5273
382321.3753
372056.0466
360621.2401
347886.3312
333731.6567
318060.2925
300812.0991
281979.4141
261623.2588
239888.3018
217148.7463
193500.0693
169345.9531
145222.9213
121769.327
99656.48214
79495.09276
61744.90382
46657.4043
34267.46212
499783.5673
499672.9209
499544.3407
499402.6603
499253.0514
499098.5851
498939.5991
498774.3531
498600.0039
498413.4326
498211.8601
497993.2533
497756.4633
497501.0339
497226.6979
496932.7109
496617.2843
496277.3765
495908.9443
495507.531
495068.9099
494589.4845
494066.2746
493496.5282
492877.2035
492204.6331
491474.582
490682.6968
489825.1423
488899.113
487902.9452
486835.7201
485696.4741
484483.3102
483192.729
481819.3779
480356.2313
478795.0714
477127.0709
475343.2779
473434.8385
471392.8752
469208.0507
466869.9613
464366.5595
461683.7816
458805.4651
455713.5271
452388.2616
448808.5403
444951.6643
440792.6681
436302.9966
431448.6424
426187.9704
420469.5123
414230.0076
407392.9171
399867.6207
391549.5273
382321.3753
372056.0466
360621.2401
347886.3312
333731.6567
318060.2925
300812.0991
281979.4141
261623.2588
239888.3018
217148.7463
193500.0693
169345.9531
145222.9213
121769.327
99656.48214
79495.09276
61744.90382
46657.4043
34267.46212
499783.5673
499672.9209
499544.3407
499402.6603
499253.0514
499098.5851
498939.5991
498774.3531
498600.0039
498413.4326
498211.8601
497993.2533
497756.4633
497501.0339
497226.6979
496932.7109
496617.2843
496277.3765
495908.9443
495507.531
495068.9099
494589.4845
494066.2746
493496.5282
492877.2035
492204.6331
491474.582
490682.6968
489825.1423
488899.113
487902.9452
486835.7201
485696.4741
484483.3102
483192.729
481819.3779
480356.2313
478795.0714
477127.0709
475343.2779
473434.8385
471392.8752
469208.0507
466869.9613
464366.5595
461683.7816
458805.4651
455713.5271
452388.2616
448808.5403
444951.6643
440792.6681
436302.9966
431448.6424
426187.9704
420469.5123
414230.0076
407392.9171
399867.6207
391549.5273
382321.3753
372056.0466
360621.2401
347886.3312
333731.6567
318060.2925
300812.0991
281979.4141
261623.2588
239888.3018
217148.7463
193500.0693
169345.9531
145222.9213
121769.327
99656.48214
79495.09276
61744.90382
46657.4043
34267.46212
499783.5673
499672.9209
499544.3407
499402.6603
499253.0514
499098.5851
498939.5991
498774.3531
498600.0039
498413.4326
498211.8601
497993.2533
497756.4633
497501.0339
497226.6979
496932.7109
496617.2843
496277.3765
495908.9443
495507.531
495068.9099
494589.4845
494066.2746
493496.5282
492877.2035
492204.6331
491474.582
490682.6968
489825.1423
488899.113
487902.9452
486835.7201
485696.4741
484483.3102
483192.729
481819.3779
480356.2313
478795.0714
477127.0709
475343.2779
473434.8385
471392.8752
469208.0507
466869.9613
464366.5595
461683.7816
458805.4651
455713.5271
452388.2616
448808.5403
444951.6643
440792.6681
436302.9966
431448.6424
426187.9704
420469.5123
414230.0076
407392.9171
399867.6207
391549.5273
382321.3753
372056.0466
360621.2401
347886.3312
333731.6567
318060.2925
300812.0991
281979.4141
261623.2588
239888.3018
217148.7463
193500.0693
169345.9531
145222.9213
121769.327
99656.48214
79495.09276
61744.90382
46657.4043
34267.46212
499783.5673
499672.9209
499544.3407
499402.6603
499253.0514
499098.5851
498939.5991
498774.3531
498600.0039
498413.4326
498211.8601
497993.2533
497756.4633
497501.0339
497226.6979
496932.7109
496617.2843
496277.3765
495908.9443
495507.531
495068.9099
494589.4845
494066.2746
493496.5282
492877.2035
492204.6331
491474.582
490682.6968
489825.1423
488899.113
487902.9452
486835.7201
485696.4741
484483.3102
483192.729
481819.3779
480356.2313
478795.0714
477127.0709
475343.2779
473434.8385
471392.8752
469208.0507
466869.9613
464366.5595
461683.7816
458805.4651
455713.5271
452388.2616
448808.5403
444951.6643
440792.6681
436302.9966
431448.6424
426187.9704
420469.5123
414230.0076
407392.9171
399867.6207
391549.5273
382321.3753
372056.0466
360621.2401
347886.3312
333731.6567
318060.2925
300812.0991
281979.4141
261623.2588
239888.3018
217148.7463
193500.0693
169345.9531
145222.9213
121769.327
99656.48214
79495.09276
61744.90382
46657.4043
34267.46212
499783.5673
499672.9209
499544.3407
499402.6603
499253.0514
499098.5851
498939.5991
498774.3531
498600.0039
498413.4326
498211.8601
497993.2533
497756.4633
497501.0339
497226.6979
496932.7109
496617.2843
496277.3765
495908.9443
495507.531
495068.9099
494589.4845
494066.2746
493496.5282
492877.2035
492204.6331
491474.582
490682.6968
489825.1423
488899.113
487902.9452
486835.7201
485696.4741
484483.3102
483192.729
481819.3779
480356.2313
478795.0714
477127.0709
475343.2779
473434.8385
471392.8752
469208.0507
466869.9613
464366.5595
461683.7816
458805.4651
455713.5271
452388.2616
448808.5403
444951.6643
440792.6681
436302.9966
431448.6424
426187.9704
420469.5123
414230.0076
407392.9171
399867.6207
391549.5273
382321.3753
372056.0466
360621.2401
347886.3312
333731.6567
318060.2925
300812.0991
281979.4141
261623.2588
239888.3018
217148.7463
193500.0693
169345.9531
145222.9213
121769.327
99656.48214
79495.09276
61744.90382
46657.4043
34267.46212
499783.5673
499672.9209
499544.3407
499402.6603
499253.0514
499098.5851
498939.5991
498774.3531
498600.0039
498413.4326
498211.8601
497993.2533
497756.4633
497501.0339
497226.6979
496932.7109
496617.2843
496277.3765
495908.9443
495507.531
495068.9099
494589.4845
494066.2746
493496.5282
492877.2035
492204.6331
491474.582
490682.6968
489825.1423
488899.113
487902.9452
486835.7201
485696.4741
484483.3102
483192.729
481819.3779
480356.2313
478795.0714
477127.0709
475343.2779
473434.8385
471392.8752
469208.0507
466869.9613
464366.5595
461683.7816
458805.4651
455713.5271
452388.2616
448808.5403
444951.6643
440792.6681
436302.9966
431448.6424
426187.9704
420469.5123
414230.0076
407392.9171
399867.6207
391549.5273
382321.3753
372056.0466
360621.2401
347886.3312
333731.6567
318060.2925
300812.0991
281979.4141
261623.2588
239888.3018
217148.7463
193500.0693
169345.9531
145222.9213
121769.327
99656.48214
79495.09276
61744.90382
46657.4043
34267.46212
499783.5673
499672.9209
499544.3407
499402.6603
499253.0514
499098.5851
498939.5991
498774.3531
498600.0039
498413.4326
498211.8601
497993.2533
497756.4633
497501.0339
497226.6979
496932.7109
496617.2843
496277.3765
495908.9443
495507.531
495068.9099
494589.4845
494066.2746
493496.5282
492877.2035
492204.6331
491474.582
490682.6968
489825.1423
488899.113
487902.9452
486835.7201
485696.4741
484483.3102
483192.729
481819.3779
480356.2313
478795.0714
477127.0709
475343.2779
473434.8385
471392.8752
469208.0507
466869.9613
464366.5595
461683.7816
458805.4651
455713.5271
452388.2616
448808.5403
444951.6643
440792.6681
436302.9966
431448.6424
426187.9704
420469.5123
414230.0076
407392.9171
399867.6207
391549.5273
382321.3753
372056.0466
360621.2401
347886.3312
333731.6567
318060.2925
300812.0991
281979.4141
261623.2588
239888.3018
217148.7463
193500.0693
169345.9531
145222.9213
121769.327
99656.48214
79495.09276
61744.90382
46657.4043
34267.46212
499783.5673
499672.9209
499544.3407
499402.6603
499253.0514
499098.5851
498939.5991
498774.3531
498600.0039
498413.4326
498211.8601
497993.2533
497756.4633
497501.0339
497226.6979
496932.7109
496617.2843
496277.3765
495908.9443
495507.531
495068.9099
494589.4845
494066.2746
493496.5282
492877.2035
492204.6331
491474.582
490682.6968
489825.1423
488899.113
487902.9452
486835.7201
485696.4741
484483.3102
483192.729
481819.3779
480356.2313
478795.0714
477127.0709
475343.2779
473434.8385
471392.8752
469208.0507
466869.9613
464366.5595
461683.7816
458805.4651
455713.5271
452388.2616
448808.5403
444951.6643
440792.6681
436302.9966
431448.6424
426187.9704
420469.5123
414230.0076
407392.9171
399867.6207
391549.5273
382321.3753
372056.0466
360621.2401
347886.3312
333731.6567
318060.2925
300812.0991
281979.4141
261623.2588
239888.3018
217148.7463
193500.0693
169345.9531
145222.9213
121769.327
99656.48214
79495.09276
61744.90382
46657.4043
34267.46212
499783.5673
499672.9209
499544.3407
499402.6603
499253.0514
499098.5851
498939.5991
498774.3531
498600.0039
498413.4326
498211.8601
497993.2533
497756.4633
497501.0339
497226.6979
496932.7109
496617.2843
496277.3765
495908.9443
495507.531
495068.9099
494589.4845
494066.2746
493496.5282
492877.2035
492204.6331
491474.582
490682.6968
489825.1423
488899.113
487902.9452
486835.7201
485696.4741
484483.3102
483192.729
481819.3779
480356.2313
478795.0714
477127.0709
475343.2779
473434.8385
471392.8752
469208.0507
466869.9613
464366.5595
461683.7816
458805.4651
455713.5271
452388.2616
448808.5403
444951.6643
440792.6681
436302.9966
431448.6424
426187.9704
420469.5123
414230.0076
407392.9171
399867.6207
391549.5273
382321.3753
372056.0466
360621.2401
347886.3312
333731.6567
318060.2925
300812.0991
281979.4141
261623.2588
239888.3018
217148.7463
193500.0693
169345.9531
145222.9213
121769.327
99656.48214
79495.09276
61744.90382
46657.4043
34267.46212
499783.5673
499672.9209
499544.3407
499402.6603
499253.0514
499098.5851
498939.5991
498774.3531
498600.0039
498413.4326
498211.8601
497993.2533
497756.4633
497501.0339
497226.6979
496932.7109
496617.2843
496277.3765
495908.9443
495507.531
495068.9099
494589.4845
494066.2746
493496.5282
492877.2035
492204.6331
491474.582
490682.6968
489825.1423
488899.113
487902.9452
486835.7201
485696.4741
484483.3102
483192.729
481819.3779
480356.2313
478795.0714
477127.0709
475343.2779
473434.8385
471392.8752
469208.0507
466869.9613
464366.5595
461683.7816
458805.4651
455713.5271
452388.2616
448808.5403
444951.6643
440792.6681
436302.9966
431448.6424
426187.9704
420469.5123
414230.0076
407392.9171
399867.6207
391549.5273
382321.3753
372056.0466
360621.2401
347886.3312
333731.6567
318060.2925
300812.0991
281979.4141
261623.2588
239888.3018
217148.7463
193500.0693
169345.9531
145222.9213
121769.327
99656.48214
79495.09276
61744.90382
46657.4043
34267.46212
499783.5673
499672.9209
499544.3407
499402.6603
499253.0514
499098.5851
498939.5991
498774.3531
498600.0039
498413.4326
498211.8601
497993.2533
497756.4633
497501.0339
497226.6979
496932.7109
496617.2843
496277.3765
495908.9443
495507.531
495068.9099
494589.4845
494066.2746
493496.5282
492877.2035
492204.6331
491474.582
490682.6968
489825.1423
488899.113
487902.9452
486835.7201
485696.4741
484483.3102
483192.729
481819.3779
480356.2313
478795.0714
477127.0709
475343.2779
473434.8385
471392.8752
469208.0507
466869.9613
464366.5595
461683.7816
458805.4651
455713.5271
452388.2616
448808.5403
444951.6643
440792.6681
436302.9966
431448.6424
426187.9704
420469.5123
414230.0076
407392.9171
399867.6207
391549.5273
382321.3753
372056.0466
360621.2401
347886.3312
333731.6567
318060.2925
300812.0991
281979.4141
261623.2588
239888.3018
217148.7463
193500.0693
169345.9531
145222.9213
121769.327
99656.48214
79495.09276
61744.90382
46657.4043
34267.46212
499783.5673
499672.9209
499544.3407
499402.6603
499253.0514
499098.5851
498939.5991
498774.3531
498600.0039
498413.4326
498211.8601
497993.2533
497756.4633
497501.0339
497226.6979
496932.7109
496617.2843
496277.3765
495908.9443
495507.531
495068.9099
494589.4845
494066.2746
493496.5282
492877.2035
492204.6331
491474.582
490682.6968
489825.1423
488899.113
487902.9452
486835.7201
485696.4741
484483.3102
483192.729
481819.3779
480356.2313
478795.0714
477127.0709
475343.2779
473434.8385
471392.8752
469208.0507
466869.9613
464366.5595
461683.7816
458805.4651
455713.5271
452388.2616
448808.5403
444951.6643
440792.6681
436302.9966
431448.6424
426187.9704
420469.5123
414230.0076
407392.9171
399867.6207
391549.5273
382321.3753
372056.0466
360621.2401
347886.3312
333731.6567
318060.2925
300812.0991
281979.4141
261623.2588
239888.3018
217148.7463
193500.0693
169345.9531
145222.9213
121769.327
99656.48214
79495.09276
61744.90382
46657.4043
34267.46212
499783.5673
499672.9209
499544.3407
499402.6603
499253.0514
499098.5851
498939.5991
498774.3531
498600.0039
498413.4326
498211.8601
497993.2533
497756.4633
497501.0339
497226.6979
496932.7109
496617.2843
496277.3765
495908.9443
495507.531
495068.9099
494589.4845
494066.2746
493496.5282
492877.2035
492204.6331
491474.582
490682.6968
489825.1423
488899.113
487902.9452
486835.7201
485696.4741
484483.3102
483192.729
481819.3779
480356.2313
478795.0714
477127.0709
475343.2779
473434.8385
471392.8752
469208.0507
466869.9613
464366.5595
461683.7816
458805.4651
455713.5271
452388.2616
448808.5403
444951.6643
440792.6681
436302.9966
431448.6424
426187.9704
420469.5123
414230.0076
407392.9171
399867.6207
391549.5273
382321.3753
372056.0466
360621.2401
347886.3312
333731.6567
318060.2925
300812.0991
281979.4141
261623.2588
239888.3018
217148.7463
193500.0693
169345.9531
145222.9213
121769.327
99656.48214
79495.09276
61744.90382
46657.4043
34267.46212
499783.5673
499672.9209
499544.3407
499402.6603
499253.0514
499098.5851
498939.5991
498774.3531
498600.0039
498413.4326
498211.8601
497993.2533
497756.4633
497501.0339
497226.6979
496932.7109
496617.2843
496277.3765
495908.9443
495507.531
495068.9099
494589.4845
494066.2746
493496.5282
492877.2035
492204.6331
491474.582
490682.6968
489825.1423
488899.113
487902.9452
486835.7201
485696.4741
484483.3102
483192.729
481819.3779
480356.2313
478795.0714
477127.0709
475343.2779
473434.8385
471392.8752
469208.0507
466869.9613
464366.5595
461683.7816
458805.4651
455713.5271
452388.2616
448808.5403
444951.6643
440792.6681
436302.9966
431448.6424
426187.9704
420469.5123
414230.0076
407392.9171
399867.6207
391549.5273
382321.3753
372056.0466
360621.2401
347886.3312
333731.6567
318060.2925
300812.0991
281979.4141
261623.2588
239888.3018
217148.7463
193500.0693
169345.9531
145222.9213
121769.327
99656.48214
79495.09276
61744.90382
46657.4043
34267.46212
499783.5673
499672.9209
499544.3407
499402.6603
499253.0514
499098.5851
498939.5991
498774.3531
498600.0039
498413.4326
498211.8601
497993.2533
497756.4633
497501.0339
497226.6979
496932.7109
496617.2843
496277.3765
495908.9443
495507.531
495068.9099
494589.4845
494066.2746
493496.5282
492877.2035
492204.6331
491474.582
490682.6968
489825.1423
488899.113
487902.9452
486835.7201
485696.4741
484483.3102
483192.729
481819.3779
480356.2313
478795.0714
477127.0709
475343.2779
473434.8385
471392.8752
469208.0507
466869.9613
464366.5595
461683.7816
458805.4651
455713.5271
452388.2616
448808.5403
444951.6643
440792.6681
436302.9966
431448.6424
426187.9704
420469.5123
414230.0076
407392.9171
399867.6207
391549.5273
382321.3753
372056.0466
360621.2401
347886.3312
333731.6567
318060.2925
300812.0991
281979.4141
261623.2588
239888.3018
217148.7463
193500.0693
169345.9531
145222.9213
121769.327
99656.48214
79495.09276
61744.90382
46657.4043
34267.46212
499783.5673
499672.9209
499544.3407
499402.6603
499253.0514
499098.5851
498939.5991
498774.3531
498600.0039
498413.4326
498211.8601
497993.2533
497756.4633
497501.0339
497226.6979
496932.7109
496617.2843
496277.3765
495908.9443
495507.531
495068.9099
494589.4845
494066.2746
493496.5282
492877.2035
492204.6331
491474.582
490682.6968
489825.1423
488899.113
487902.9452
486835.7201
485696.4741
484483.3102
483192.729
481819.3779
480356.2313
478795.0714
477127.0709
475343.2779
473434.8385
471392.8752
469208.0507
466869.9613
464366.5595
461683.7816
458805.4651
455713.5271
452388.2616
448808.5403
444951.6643
440792.6681
436302.9966
431448.6424
426187.9704
420469.5123
414230.0076
407392.9171
399867.6207
391549.5273
382321.3753
372056.0466
360621.2401
347886.3312
333731.6567
318060.2925
300812.0991
281979.4141
261623.2588
239888.3018
217148.7463
193500.0693
169345.9531
145222.9213
121769.327
99656.48214
79495.09276
61744.90382
46657.4043
34267.46212
499783.5673
499672.9209
499544.3407
499402.6603
499253.0514
499098.5851
498939.5991
498774.3531
498600.0039
498413.4326
498211.8601
497993.2533
497756.4633
497501.0339
497226.6979
496932.7109
496617.2843
496277.3765
495908.9443
495507.531
495068.9099
494589.4845
494066.2746
493496.5282
492877.2035
492204.6331
491474.582
490682.6968
489825.1423
488899.113
487902.9452
486835.7201
485696.4741
484483.3102
483192.729
481819.3779
480356.2313
478795.0714
477127.0709
475343.2779
473434.8385
471392.8752
469208.0507
466869.9613
464366.5595
461683.7816
458805.4651
455713.5271
452388.2616
448808.5403
444951.6643
440792.6681
436302.9966
431448.6424
426187.9704
420469.5123
414230.0076
407392.9171
399867.6207
391549.5273
382321.3753
372056.0466
360621.2401
347886.3312
333731.6567
318060.2925
300812.0991
281979.4141
261623.2588
239888.3018
217148.7463
193500.0693
169345.9531
145222.9213
121769.327
99656.48214
79495.09276
61744.90382
46657.4043
34267.46212
499783.5673
499672.9209
499544.3407
499402.6603
499253.0514
499098.5851
498939.5991
498774.3531
498600.0039
498413.4326
498211.8601
497993.2533
497756.4633
497501.0339
497226.6979
496932.7109
496617.2843
496277.3765
495908.9443
495507.531
495068.9099
494589.4845
494066.2746
493496.5282
492877.2035
492204.6331
491474.582
490682.6968
489825.1423
488899.113
487902.9452
486835.7201
485696.4741
484483.3102
483192.729
481819.3779
480356.2313
478795.0714
477127.0709
475343.2779
473434.8385
471392.8752
469208.0507
466869.9613
464366.5595
461683.7816
458805.4651
455713.5271
452388.2616
448808.5403
444951.6643
440792.6681
436302.9966
431448.6424
426187.9704
420469.5123
414230.0076
407392.9171
399867.6207
391549.5273
382321.3753
372056.0466
360621.2401
347886.3312
333731.6567
318060.2925
300812.0991
281979.4141
261623.2588
239888.3018
217148.7463
193500.0693
169345.9531
145222.9213
121769.327
99656.48214
79495.09276
61744.90382
46657.4043
34267.46212
499783.5673
499672.9209
499544.3407
499402.6603
499253.0514
499098.5851
498939.5991
498774.3531
498600.0039
498413.4326
498211.8601
497993.2533
497756.4633
497501.0339
497226.6979
496932.7109
496617.2843
496277.3765
495908.9443
495507.531
495068.9099
494589.4845
494066.2746
493496.5282
492877.2035
492204.6331
491474.582
490682.6968
489825.1423
488899.113
487902.9452
486835.7201
485696.4741
484483.3102
483192.729
481819.3779
480356.2313
478795.0714
477127.0709
475343.2779
473434.8385
471392.8752
469208.0507
466869.9613
464366.5595
461683.7816
458805.4651
455713.5271
452388.2616
448808.5403
444951.6643
440792.6681
436302.9966
431448.6424
426187.9704
420469.5123
414230.0076
407392.9171
399867.6207
391549.5273
382321.3753
372056.0466
360621.2401
347886.3312
333731.6567
318060.2925
300812.0991
281979.4141
261623.2588
239888.3018
217148.7463
193500.0693
169345.9531
145222.9213
121769.327
99656.48214
79495.09276
61744.90382
46657.4043
34267.46212
499783.5673
499672.9209
499544.3407
499402.6603
499253.0514
499098.5851
498939.5991
498774.3531
498600.0039
498413.4326
498211.8601
497993.2533
497756.4633
497501.0339
497226.6979
496932.7109
496617.2843
496277.3765
495908.9443
495507.531
495068.9099
494589.4845
494066.2746
493496.5282
492877.2035
492204.6331
491474.582
490682.6968
489825.1423
488899.113
487902.9452
486835.7201
485696.4741
484483.3102
483192.729
481819.3779
480356.2313
478795.0714
477127.0709
475343.2779
473434.8385
471392.8752
469208.0507
466869.9613
464366.5595
461683.7816
458805.4651
455713.5271
452388.2616
448808.5403
444951.6643
440792.6681
436302.9966
431448.6424
426187.9704
420469.5123
414230.0076
407392.9171
399867.6207
391549.5273
382321.3753
372056.0466
360621.2401
347886.3312
333731.6567
318060.2925
300812.0991
281979.4141
261623.2588
239888.3018
217148.7463
193500.0693
169345.9531
145222.9213
121769.327
99656.48214
79495.09276
61744.90382
46657.4043
34267.46212
499783.5673
499672.9209
499544.3407
499402.6603
499253.0514
499098.5851
498939.5991
498774.3531
498600.0039
498413.4326
498211.8601
497993.2533
497756.4633
497501.0339
497226.6979
496932.7109
496617.2843
496277.3765
495908.9443
495507.531
495068.9099
494589.4845
494066.2746
493496.5282
492877.2035
492204.6331
491474.582
490682.6968
489825.1423
488899.113
487902.9452
486835.7201
485696.4741
484483.3102
483192.729
481819.3779
480356.2313
478795.0714
477127.0709
475343.2779
473434.8385
471392.8752
469208.0507
466869.9613
464366.5595
461683.7816
458805.4651
455713.5271
452388.2616
448808.5403
444951.6643
440792.6681
436302.9966
431448.6424
426187.9704
420469.5123
414230.0076
407392.9171
399867.6207
391549.5273
382321.3753
372056.0466
360621.2401
347886.3312
333731.6567
318060.2925
300812.0991
281979.4141
261623.2588
239888.3018
217148.7463
193500.0693
169345.9531
145222.9213
121769.327
99656.48214
79495.09276
61744.90382
46657.4043
34267.46212
499783.5673
499672.9209
499544.3407
499402.6603
499253.0514
499098.5851
498939.5991
498774.3531
498600.0039
498413.4326
498211.8601
497993.2533
497756.4633
497501.0339
497226.6979
496932.7109
496617.2843
496277.3765
495908.9443
495507.531
495068.9099
494589.4845
494066.2746
493496.5282
492877.2035
492204.6331
491474.582
490682.6968
489825.1423
488899.113
487902.9452
486835.7201
485696.4741
484483.3102
483192.729
481819.3779
480356.2313
478795.0714
477127.0709
475343.2779
473434.8385
471392.8752
469208.0507
466869.9613
464366.5595
461683.7816
458805.4651
455713.5271
452388.2616
448808.5403
444951.6643
440792.6681
436302.9966
431448.6424
426187.9704
420469.5123
414230.0076
407392.9171
399867.6207
391549.5273
382321.3753
372056.0466
360621.2401
347886.3312
333731.6567
318060.2925
300812.0991
281979.4141
261623.2588
239888.3018
217148.7463
193500.0693
169345.9531
145222.9213
121769.327
99656.48214
79495.09276
61744.90382
46657.4043
34267.46212
499783.5673
499672.9209
499544.3407
499402.6603
499253.0514
499098.5851
498939.5991
498774.3531
498600.0039
498413.4326
498211.8601
497993.2533
497756.4633
497501.0339
497226.6979
496932.7109
496617.2843
496277.3765
495908.9443
495507.531
495068.9099
494589.4845
494066.2746
493496.5282
492877.2035
492204.6331
491474.582
490682.6968
489825.1423
488899.113
487902.9452
486835.7201
485696.4741
484483.3102
483192.729
481819.3779
480356.2313
478795.0714
477127.0709
475343.2779
473434.8385
471392.8752
469208.0507
466869.9613
464366.5595
461683.7816
458805.4651
455713.5271
452388.2616
448808.5403
444951.6643
440792.6681
436302.9966
431448.6424
426187.9704
420469.5123
414230.0076
407392.9171
399867.6207
391549.5273
382321.3753
372056.0466
360621.2401
347886.3312
333731.6567
318060.2925
300812.0991
281979.4141
261623.2588
239888.3018
217148.7463
193500.0693
169345.9531
145222.9213
121769.327
99656.48214
79495.09276
61744.90382
46657.4043
34267.46212
499783.5673
499672.9209
499544.3407
499402.6603
499253.0514
499098.5851
498939.5991
498774.3531
498600.0039
498413.4326
498211.8601
497993.2533
497756.4633
497501.0339
497226.6979
496932.7109
496617.2843
496277.3765
495908.9443
495507.531
495068.9099
494589.4845
494066.2746
493496.5282
492877.2035
492204.6331
491474.582
490682.6968
489825.1423
488899.113
487902.9452
486835.7201
485696.4741
484483.3102
483192.729
481819.3779
480356.2313
478795.0714
477127.0709
475343.2779
473434.8385
471392.8752
469208.0507
466869.9613
464366.5595
461683.7816
458805.4651
455713.5271
452388.2616
448808.5403
444951.6643
440792.6681
436302.9966
431448.6424
426187.9704
420469.5123
414230.0076
407392.9171
399867.6207
391549.5273
382321.3753
372056.0466
360621.2401
347886.3312
333731.6567
318060.2925
300812.0991
281979.4141
261623.2588
239888.3018
217148.7463
193500.0693
169345.9531
145222.9213
121769.327
99656.48214
79495.09276
61744.90382
46657.4043
34267.46212
499783.5673
499672.9209
499544.3407
499402.6603
499253.0514
499098.5851
498939.5991
498774.3531
498600.0039
498413.4326
498211.8601
497993.2533
497756.4633
497501.0339
497226.6979
496932.7109
496617.2843
496277.3765
495908.9443
495507.531
495068.9099
494589.4845
494066.2746
493496.5282
492877.2035
492204.6331
491474.582
490682.6968
489825.1423
488899.113
487902.9452
486835.7201
485696.4741
484483.3102
483192.729
481819.3779
480356.2313
478795.0714
477127.0709
475343.2779
473434.8385
471392.8752
469208.0507
466869.9613
464366.5595
461683.7816
458805.4651
455713.5271
452388.2616
448808.5403
444951.6643
440792.6681
436302.9966
431448.6424
426187.9704
420469.5123
414230.0076
407392.9171
399867.6207
391549.5273
382321.3753
372056.0466
360621.2401
347886.3312
333731.6567
318060.2925
300812.0991
281979.4141
261623.2588
239888.3018
217148.7463
193500.0693
169345.9531
145222.9213
121769.327
99656.48214
79495.09276
61744.90382
46657.4043
34267.46212
499783.5673
499672.9209
499544.3407
499402.6603
499253.0514
499098.5851
498939.5991
498774.3531
498600.0039
498413.4326
498211.8601
497993.2533
497756.4633
497501.0339
497226.6979
496932.7109
496617.2843
496277.3765
495908.9443
495507.531
495068.9099
494589.4845
494066.2746
493496.5282
492877.2035
492204.6331
491474.582
490682.6968
489825.1423
488899.113
487902.9452
486835.7201
485696.4741
484483.3102
483192.729
481819.3779
480356.2313
478795.0714
477127.0709
475343.2779
473434.8385
471392.8752
469208.0507
466869.9613
464366.5595
461683.7816
458805.4651
455713.5271
452388.2616
448808.5403
444951.6643
440792.6681
436302.9966
431448.6424
426187.9704
420469.5123
414230.0076
407392.9171
399867.6207
391549.5273
382321.3753
372056.0466
360621.2401
347886.3312
333731.6567
318060.2925
300812.0991
281979.4141
261623.2588
239888.3018
217148.7463
193500.0693
169345.9531
145222.9213
121769.327
99656.48214
79495.09276
61744.90382
46657.4043
34267.46212
499783.5673
499672.9209
499544.3407
499402.6603
499253.0514
499098.5851
498939.5991
498774.3531
498600.0039
498413.4326
498211.8601
497993.2533
497756.4633
497501.0339
497226.6979
496932.7109
496617.2843
496277.3765
495908.9443
495507.531
495068.9099
494589.4845
494066.2746
493496.5282
492877.2035
492204.6331
491474.582
490682.6968
489825.1423
488899.113
487902.9452
486835.7201
485696.4741
484483.3102
483192.729
481819.3779
480356.2313
478795.0714
477127.0709
475343.2779
473434.8385
471392.8752
469208.0507
466869.9613
464366.5595
461683.7816
458805.4651
455713.5271
452388.2616
448808.5403
444951.6643
440792.6681
436302.9966
431448.6424
426187.9704
420469.5123
414230.0076
407392.9171
399867.6207
391549.5273
382321.3753
372056.0466
360621.2401
347886.3312
333731.6567
318060.2925
300812.0991
281979.4141
261623.2588
239888.3018
217148.7463
193500.0693
169345.9531
145222.9213
121769.327
99656.48214
79495.09276
61744.90382
46657.4043
34267.46212
499783.5673
499672.9209
499544.3407
499402.6603
499253.0514
499098.5851
498939.5991
498774.3531
498600.0039
498413.4326
498211.8601
497993.2533
497756.4633
497501.0339
497226.6979
496932.7109
496617.2843
496277.3765
495908.9443
495507.531
495068.9099
494589.4845
494066.2746
493496.5282
492877.2035
492204.6331
491474.582
490682.6968
489825.1423
488899.113
487902.9452
486835.7201
485696.4741
484483.3102
483192.729
481819.3779
480356.2313
478795.0714
477127.0709
475343.2779
473434.8385
471392.8752
469208.0507
466869.9613
464366.5595
461683.7816
458805.4651
455713.5271
452388.2616
448808.5403
444951.6643
440792.6681
436302.9966
431448.6424
426187.9704
420469.5123
414230.0076
407392.9171
399867.6207
391549.5273
382321.3753
372056.0466
360621.2401
347886.3312
333731.6567
318060.2925
300812.0991
281979.4141
261623.2588
239888.3018
217148.7463
193500.0693
169345.9531
145222.9213
121769.327
99656.48214
79495.09276
61744.90382
46657.4043
34267.46212
499783.5673
499672.9209
499544.3407
499402.6603
499253.0514
499098.5851
498939.5991
498774.3531
498600.0039
498413.4326
498211.8601
497993.2533
497756.4633
497501.0339
497226.6979
496932.7109
496617.2843
496277.3765
495908.9443
495507.531
495068.9099
494589.4845
494066.2746
493496.5282
492877.2035
492204.6331
491474.582
490682.6968
489825.1423
488899.113
487902.9452
486835.7201
485696.4741
484483.3102
483192.729
481819.3779
480356.2313
478795.0714
477127.0709
475343.2779
473434.8385
471392.8752
469208.0507
466869.9613
464366.5595
461683.7816
458805.4651
455713.5271
452388.2616
448808.5403
444951.6643
440792.6681
436302.9966
431448.6424
426187.9704
420469.5123
414230.0076
407392.9171
399867.6207
391549.5273
382321.3753
372056.0466
360621.2401
347886.3312
333731.6567
318060.2925
300812.0991
281979.4141
261623.2588
239888.3018
217148.7463
193500.0693
169345.9531
145222.9213
121769.327
99656.48214
79495.09276
61744.90382
46657.4043
34267.46212
499783.5673
499672.9209
499544.3407
499402.6603
499253.0514
499098.5851
498939.5991
498774.3531
498600.0039
498413.4326
498211.8601
497993.2533
497756.4633
497501.0339
497226.6979
496932.7109
496617.2843
496277.3765
495908.9443
495507.531
495068.9099
494589.4845
494066.2746
493496.5282
492877.2035
492204.6331
491474.582
490682.6968
489825.1423
488899.113
487902.9452
486835.7201
485696.4741
484483.3102
483192.729
481819.3779
480356.2313
478795.0714
477127.0709
475343.2779
473434.8385
471392.8752
469208.0507
466869.9613
464366.5595
461683.7816
458805.4651
455713.5271
452388.2616
448808.5403
444951.6643
440792.6681
436302.9966
431448.6424
426187.9704
420469.5123
414230.0076
407392.9171
399867.6207
391549.5273
382321.3753
372056.0466
360621.2401
347886.3312
333731.6567
318060.2925
300812.0991
281979.4141
261623.2588
239888.3018
217148.7463
193500.0693
169345.9531
145222.9213
121769.327
99656.48214
79495.09276
61744.90382
46657.4043
34267.46212
499783.5673
499672.9209
499544.3407
499402.6603
499253.0514
499098.5851
498939.5991
498774.3531
498600.0039
498413.4326
498211.8601
497993.2533
497756.4633
497501.0339
497226.6979
496932.7109
496617.2843
496277.3765
495908.9443
495507.531
495068.9099
494589.4845
494066.2746
493496.5282
492877.2035
492204.6331
491474.582
490682.6968
489825.1423
488899.113
487902.9452
486835.7201
485696.4741
484483.3102
483192.729
481819.3779
480356.2313
478795.0714
477127.0709
475343.2779
473434.8385
471392.8752
469208.0507
466869.9613
464366.5595
461683.7816
458805.4651
455713.5271
452388.2616
448808.5403
444951.6643
440792.6681
436302.9966
431448.6424
426187.9704
420469.5123
414230.0076
407392.9171
399867.6207
391549.5273
382321.3753
372056.0466
360621.2401
347886.3312
333731.6567
318060.2925
300812.0991
281979.4141
261623.2588
239888.3018
217148.7463
193500.0693
169345.9531
145222.9213
121769.327
99656.48214
79495.09276
61744.90382
46657.4043
34267.46212
499783.5673
499672.9209
499544.3407
499402.6603
499253.0514
499098.5851
498939.5991
498774.3531
498600.0039
498413.4326
498211.8601
497993.2533
497756.4633
497501.0339
497226.6979
496932.7109
496617.2843
496277.3765
495908.9443
495507.531
495068.9099
494589.4845
494066.2746
493496.5282
492877.2035
492204.6331
491474.582
490682.6968
489825.1423
488899.113
487902.9452
486835.7201
485696.4741
484483.3102
483192.729
481819.3779
480356.2313
478795.0714
477127.0709
475343.2779
473434.8385
471392.8752
469208.0507
466869.9613
464366.5595
461683.7816
458805.4651
455713.5271
452388.2616
448808.5403
444951.6643
440792.6681
436302.9966
431448.6424
426187.9704
420469.5123
414230.0076
407392.9171
399867.6207
391549.5273
382321.3753
372056.0466
360621.2401
347886.3312
333731.6567
318060.2925
300812.0991
281979.4141
261623.2588
239888.3018
217148.7463
193500.0693
169345.9531
145222.9213
121769.327
99656.48214
79495.09276
61744.90382
46657.4043
34267.46212
499783.5673
499672.9209
499544.3407
499402.6603
499253.0514
499098.5851
498939.5991
498774.3531
498600.0039
498413.4326
498211.8601
497993.2533
497756.4633
497501.0339
497226.6979
496932.7109
496617.2843
496277.3765
495908.9443
495507.531
495068.9099
494589.4845
494066.2746
493496.5282
492877.2035
492204.6331
491474.582
490682.6968
489825.1423
488899.113
487902.9452
486835.7201
485696.4741
484483.3102
483192.729
481819.3779
480356.2313
478795.0714
477127.0709
475343.2779
473434.8385
471392.8752
469208.0507
466869.9613
464366.5595
461683.7816
458805.4651
455713.5271
452388.2616
448808.5403
444951.6643
440792.6681
436302.9966
431448.6424
426187.9704
420469.5123
414230.0076
407392.9171
399867.6207
391549.5273
382321.3753
372056.0466
360621.2401
347886.3312
333731.6567
318060.2925
300812.0991
281979.4141
261623.2588
239888.3018
217148.7463
193500.0693
169345.9531
145222.9213
121769.327
99656.48214
79495.09276
61744.90382
46657.4043
34267.46212
499783.5673
499672.9209
499544.3407
499402.6603
499253.0514
499098.5851
498939.5991
498774.3531
498600.0039
498413.4326
498211.8601
497993.2533
497756.4633
497501.0339
497226.6979
496932.7109
496617.2843
496277.3765
495908.9443
495507.531
495068.9099
494589.4845
494066.2746
493496.5282
492877.2035
492204.6331
491474.582
490682.6968
489825.1423
488899.113
487902.9452
486835.7201
485696.4741
484483.3102
483192.729
481819.3779
480356.2313
478795.0714
477127.0709
475343.2779
473434.8385
471392.8752
469208.0507
466869.9613
464366.5595
461683.7816
458805.4651
455713.5271
452388.2616
448808.5403
444951.6643
440792.6681
436302.9966
431448.6424
426187.9704
420469.5123
414230.0076
407392.9171
399867.6207
391549.5273
382321.3753
372056.0466
360621.2401
347886.3312
333731.6567
318060.2925
300812.0991
281979.4141
261623.2588
239888.3018
217148.7463
193500.0693
169345.9531
145222.9213
121769.327
99656.48214
79495.09276
61744.90382
46657.4043
34267.46212
499783.5673
499672.9209
499544.3407
499402.6603
499253.0514
499098.5851
498939.5991
498774.3531
498600.0039
498413.4326
498211.8601
497993.2533
497756.4633
497501.0339
497226.6979
496932.7109
496617.2843
496277.3765
495908.9443
495507.531
495068.9099
494589.4845
494066.2746
493496.5282
492877.2035
492204.6331
491474.582
490682.6968
489825.1423
488899.113
487902.9452
486835.7201
485696.4741
484483.3102
483192.729
481819.3779
480356.2313
478795.0714
477127.0709
475343.2779
473434.8385
471392.8752
469208.0507
466869.9613
464366.5595
461683.7816
458805.4651
455713.5271
452388.2616
448808.5403
444951.6643
440792.6681
436302.9966
431448.6424
426187.9704
420469.5123
414230.0076
407392.9171
399867.6207
391549.5273
382321.3753
372056.0466
360621.2401
347886.3312
333731.6567
318060.2925
300812.0991
281979.4141
261623.2588
239888.3018
217148.7463
193500.0693
169345.9531
145222.9213
121769.327
99656.48214
79495.09276
61744.90382
46657.4043
34267.46212
499783.5673
499672.9209
499544.3407
499402.6603
499253.0514
499098.5851
498939.5991
498774.3531
498600.0039
498413.4326
498211.8601
497993.2533
497756.4633
497501.0339
497226.6979
496932.7109
496617.2843
496277.3765
495908.9443
495507.531
495068.9099
494589.4845
494066.2746
493496.5282
492877.2035
492204.6331
491474.582
490682.6968
489825.1423
488899.113
487902.9452
486835.7201
485696.4741
484483.3102
483192.729
481819.3779
480356.2313
478795.0714
477127.0709
475343.2779
473434.8385
471392.8752
469208.0507
466869.9613
464366.5595
461683.7816
458805.4651
455713.5271
452388.2616
448808.5403
444951.6643
440792.6681
436302.9966
431448.6424
426187.9704
420469.5123
414230.0076
407392.9171
399867.6207
391549.5273
382321.3753
372056.0466
360621.2401
347886.3312
333731.6567
318060.2925
300812.0991
281979.4141
261623.2588
239888.3018
217148.7463
193500.0693
169345.9531
145222.9213
121769.327
99656.48214
79495.09276
61744.90382
46657.4043
34267.46212
499783.5673
499672.9209
499544.3407
499402.6603
499253.0514
499098.5851
498939.5991
498774.3531
498600.0039
498413.4326
498211.8601
497993.2533
497756.4633
497501.0339
497226.6979
496932.7109
496617.2843
496277.3765
495908.9443
495507.531
495068.9099
494589.4845
494066.2746
493496.5282
492877.2035
492204.6331
491474.582
490682.6968
489825.1423
488899.113
487902.9452
486835.7201
485696.4741
484483.3102
483192.729
481819.3779
480356.2313
478795.0714
477127.0709
475343.2779
473434.8385
471392.8752
469208.0507
466869.9613
464366.5595
461683.7816
458805.4651
455713.5271
452388.2616
448808.5403
444951.6643
440792.6681
436302.9966
431448.6424
426187.9704
420469.5123
414230.0076
407392.9171
399867.6207
391549.5273
382321.3753
372056.0466
360621.2401
347886.3312
333731.6567
318060.2925
300812.0991
281979.4141
261623.2588
239888.3018
217148.7463
193500.0693
169345.9531
145222.9213
121769.327
99656.48214
79495.09276
61744.90382
46657.4043
34267.46212
499783.5673
499672.9209
499544.3407
499402.6603
499253.0514
499098.5851
498939.5991
498774.3531
498600.0039
498413.4326
498211.8601
497993.2533
497756.4633
497501.0339
497226.6979
496932.7109
496617.2843
496277.3765
495908.9443
495507.531
495068.9099
494589.4845
494066.2746
493496.5282
492877.2035
492204.6331
491474.582
490682.6968
489825.1423
488899.113
487902.9452
486835.7201
485696.4741
484483.3102
483192.729
481819.3779
480356.2313
478795.0714
477127.0709
475343.2779
473434.8385
471392.8752
469208.0507
466869.9613
464366.5595
461683.7816
458805.4651
455713.5271
452388.2616
448808.5403
444951.6643
440792.6681
436302.9966
431448.6424
426187.9704
420469.5123
414230.0076
407392.9171
399867.6207
391549.5273
382321.3753
372056.0466
360621.2401
347886.3312
333731.6567
318060.2925
300812.0991
281979.4141
261623.2588
239888.3018
217148.7463
193500.0693
169345.9531
145222.9213
121769.327
99656.48214
79495.09276
61744.90382
46657.4043
34267.46212
499783.5673
499672.9209
499544.3407
499402.6603
499253.0514
499098.5851
498939.5991
498774.3531
498600.0039
498413.4326
498211.8601
497993.2533
497756.4633
497501.0339
497226.6979
496932.7109
496617.2843
496277.3765
495908.9443
495507.531
495068.9099
494589.4845
494066.2746
493496.5282
492877.2035
492204.6331
491474.582
490682.6968
489825.1423
488899.113
487902.9452
486835.7201
485696.4741
484483.3102
483192.729
481819.3779
480356.2313
478795.0714
477127.0709
475343.2779
473434.8385
471392.8752
469208.0507
466869.9613
464366.5595
461683.7816
458805.4651
455713.5271
452388.2616
448808.5403
444951.6643
440792.6681
436302.9966
431448.6424
426187.9704
420469.5123
414230.0076
407392.9171
399867.6207
391549.5273
382321.3753
372056.0466
360621.2401
347886.3312
333731.6567
318060.2925
300812.0991
281979.4141
261623.2588
239888.3018
217148.7463
193500.0693
169345.9531
145222.9213
121769.327
99656.48214
79495.09276
61744.90382
46657.4043
34267.46212
499783.5673
499672.9209
499544.3407
499402.6603
499253.0514
499098.5851
498939.5991
498774.3531
498600.0039
498413.4326
498211.8601
497993.2533
497756.4633
497501.0339
497226.6979
496932.7109
496617.2843
496277.3765
495908.9443
495507.531
495068.9099
494589.4845
494066.2746
493496.5282
492877.2035
492204.6331
491474.582
490682.6968
489825.1423
488899.113
487902.9452
486835.7201
485696.4741
484483.3102
483192.729
481819.3779
480356.2313
478795.0714
477127.0709
475343.2779
473434.8385
471392.8752
469208.0507
466869.9613
464366.5595
461683.7816
458805.4651
455713.5271
452388.2616
448808.5403
444951.6643
440792.6681
436302.9966
431448.6424
426187.9704
420469.5123
414230.0076
407392.9171
399867.6207
391549.5273
382321.3753
372056.0466
360621.2401
347886.3312
333731.6567
318060.2925
300812.0991
281979.4141
261623.2588
239888.3018
217148.7463
193500.0693
169345.9531
145222.9213
121769.327
99656.48214
79495.09276
61744.90382
46657.4043
34267.46212
499783.5673
499672.9209
499544.3407
499402.6603
499253.0514
499098.5851
498939.5991
498774.3531
498600.0039
498413.4326
498211.8601
497993.2533
497756.4633
497501.0339
497226.6979
496932.7109
496617.2843
496277.3765
495908.9443
495507.531
495068.9099
494589.4845
494066.2746
493496.5282
492877.2035
492204.6331
491474.582
490682.6968
489825.1423
488899.113
487902.9452
486835.7201
485696.4741
484483.3102
483192.729
481819.3779
480356.2313
478795.0714
477127.0709
475343.2779
473434.8385
471392.8752
469208.0507
466869.9613
464366.5595
461683.7816
458805.4651
455713.5271
452388.2616
448808.5403
444951.6643
440792.6681
436302.9966
431448.6424
426187.9704
420469.5123
414230.0076
407392.9171
399867.6207
391549.5273
382321.3753
372056.0466
360621.2401
347886.3312
333731.6567
318060.2925
300812.0991
281979.4141
261623.2588
239888.3018
217148.7463
193500.0693
169345.9531
145222.9213
121769.327
99656.48214
79495.09276
61744.90382
46657.4043
34267.46212
499783.5673
499672.9209
499544.3407
499402.6603
499253.0514
499098.5851
498939.5991
498774.3531
498600.0039
498413.4326
498211.8601
497993.2533
497756.4633
497501.0339
497226.6979
496932.7109
496617.2843
496277.3765
495908.9443
495507.531
495068.9099
494589.4845
494066.2746
493496.5282
492877.2035
492204.6331
491474.582
490682.6968
489825.1423
488899.113
487902.9452
486835.7201
485696.4741
484483.3102
483192.729
481819.3779
480356.2313
478795.0714
477127.0709
475343.2779
473434.8385
471392.8752
469208.0507
466869.9613
464366.5595
461683.7816
458805.4651
455713.5271
452388.2616
448808.5403
444951.6643
440792.6681
436302.9966
431448.6424
426187.9704
420469.5123
414230.0076
407392.9171
399867.6207
391549.5273
382321.3753
372056.0466
360621.2401
347886.3312
333731.6567
318060.2925
300812.0991
281979.4141
261623.2588
239888.3018
217148.7463
193500.0693
169345.9531
145222.9213
121769.327
99656.48214
79495.09276
61744.90382
46657.4043
34267.46212
499783.5673
499672.9209
499544.3407
499402.6603
499253.0514
499098.5851
498939.5991
498774.3531
498600.0039
498413.4326
498211.8601
497993.2533
497756.4633
497501.0339
497226.6979
496932.7109
496617.2843
496277.3765
495908.9443
495507.531
495068.9099
494589.4845
494066.2746
493496.5282
492877.2035
492204.6331
491474.582
490682.6968
489825.1423
488899.113
487902.9452
486835.7201
485696.4741
484483.3102
483192.729
481819.3779
480356.2313
478795.0714
477127.0709
475343.2779
473434.8385
471392.8752
469208.0507
466869.9613
464366.5595
461683.7816
458805.4651
455713.5271
452388.2616
448808.5403
444951.6643
440792.6681
436302.9966
431448.6424
426187.9704
420469.5123
414230.0076
407392.9171
399867.6207
391549.5273
382321.3753
372056.0466
360621.2401
347886.3312
333731.6567
318060.2925
300812.0991
281979.4141
261623.2588
239888.3018
217148.7463
193500.0693
169345.9531
145222.9213
121769.327
99656.48214
79495.09276
61744.90382
46657.4043
34267.46212
499783.5673
499672.9209
499544.3407
499402.6603
499253.0514
499098.5851
498939.5991
498774.3531
498600.0039
498413.4326
498211.8601
497993.2533
497756.4633
497501.0339
497226.6979
496932.7109
496617.2843
496277.3765
495908.9443
495507.531
495068.9099
494589.4845
494066.2746
493496.5282
492877.2035
492204.6331
491474.582
490682.6968
489825.1423
488899.113
487902.9452
486835.7201
485696.4741
484483.3102
483192.729
481819.3779
480356.2313
478795.0714
477127.0709
475343.2779
473434.8385
471392.8752
469208.0507
466869.9613
464366.5595
461683.7816
458805.4651
455713.5271
452388.2616
448808.5403
444951.6643
440792.6681
436302.9966
431448.6424
426187.9704
420469.5123
414230.0076
407392.9171
399867.6207
391549.5273
382321.3753
372056.0466
360621.2401
347886.3312
333731.6567
318060.2925
300812.0991
281979.4141
261623.2588
239888.3018
217148.7463
193500.0693
169345.9531
145222.9213
121769.327
99656.48214
79495.09276
61744.90382
46657.4043
34267.46212
499783.5673
499672.9209
499544.3407
499402.6603
499253.0514
499098.5851
498939.5991
498774.3531
498600.0039
498413.4326
498211.8601
497993.2533
497756.4633
497501.0339
497226.6979
496932.7109
496617.2843
496277.3765
495908.9443
495507.531
495068.9099
494589.4845
494066.2746
493496.5282
492877.2035
492204.6331
491474.582
490682.6968
489825.1423
488899.113
487902.9452
486835.7201
485696.4741
484483.3102
483192.729
481819.3779
480356.2313
478795.0714
477127.0709
475343.2779
473434.8385
471392.8752
469208.0507
466869.9613
464366.5595
461683.7816
458805.4651
455713.5271
452388.2616
448808.5403
444951.6643
440792.6681
436302.9966
431448.6424
426187.9704
420469.5123
414230.0076
407392.9171
399867.6207
391549.5273
382321.3753
372056.0466
360621.2401
347886.3312
333731.6567
318060.2925
300812.0991
281979.4141
261623.2588
239888.3018
217148.7463
193500.0693
169345.9531
145222.9213
121769.327
99656.48214
79495.09276
61744.90382
46657.4043
34267.46212
499783.5673
499672.9209
499544.3407
499402.6603
499253.0514
499098.5851
498939.5991
498774.3531
498600.0039
498413.4326
498211.8601
497993.2533
497756.4633
497501.0339
497226.6979
496932.7109
496617.2843
496277.3765
495908.9443
495507.531
495068.9099
494589.4845
494066.2746
493496.5282
492877.2035
492204.6331
491474.582
490682.6968
489825.1423
488899.113
487902.9452
486835.7201
485696.4741
484483.3102
483192.729
481819.3779
480356.2313
478795.0714
477127.0709
475343.2779
473434.8385
471392.8752
469208.0507
466869.9613
464366.5595
461683.7816
458805.4651
455713.5271
452388.2616
448808.5403
444951.6643
440792.6681
436302.9966
431448.6424
426187.9704
420469.5123
414230.0076
407392.9171
399867.6207
391549.5273
382321.3753
372056.0466
360621.2401
347886.3312
333731.6567
318060.2925
300812.0991
281979.4141
261623.2588
239888.3018
217148.7463
193500.0693
169345.9531
145222.9213
121769.327
99656.48214
79495.09276
61744.90382
46657.4043
34267.46212
499783.5673
499672.9209
499544.3407
499402.6603
499253.0514
499098.5851
498939.5991
498774.3531
498600.0039
498413.4326
498211.8601
497993.2533
497756.4633
497501.0339
497226.6979
496932.7109
496617.2843
496277.3765
495908.9443
495507.531
495068.9099
494589.4845
494066.2746
493496.5282
492877.2035
492204.6331
491474.582
490682.6968
489825.1423
488899.113
487902.9452
486835.7201
485696.4741
484483.3102
483192.729
481819.3779
480356.2313
478795.0714
477127.0709
475343.2779
473434.8385
471392.8752
469208.0507
466869.9613
464366.5595
461683.7816
458805.4651
455713.5271
452388.2616
448808.5403
444951.6643
440792.6681
436302.9966
431448.6424
426187.9704
420469.5123
414230.0076
407392.9171
399867.6207
391549.5273
382321.3753
372056.0466
360621.2401
347886.3312
333731.6567
318060.2925
300812.0991
281979.4141
261623.2588
239888.3018
217148.7463
193500.0693
169345.9531
145222.9213
121769.327
99656.48214
79495.09276
61744.90382
46657.4043
34267.46212
499783.5673
499672.9209
499544.3407
499402.6603
499253.0514
499098.5851
498939.5991
498774.3531
498600.0039
498413.4326
498211.8601
497993.2533
497756.4633
497501.0339
497226.6979
496932.7109
496617.2843
496277.3765
495908.9443
495507.531
495068.9099
494589.4845
494066.2746
493496.5282
492877.2035
492204.6331
491474.582
490682.6968
489825.1423
488899.113
487902.9452
486835.7201
485696.4741
484483.3102
483192.729
481819.3779
480356.2313
478795.0714
477127.0709
475343.2779
473434.8385
471392.8752
469208.0507
466869.9613
464366.5595
461683.7816
458805.4651
455713.5271
452388.2616
448808.5403
444951.6643
440792.6681
436302.9966
431448.6424
426187.9704
420469.5123
414230.0076
407392.9171
399867.6207
391549.5273
382321.3753
372056.0466
360621.2401
347886.3312
333731.6567
318060.2925
300812.0991
281979.4141
261623.2588
239888.3018
217148.7463
193500.0693
169345.9531
145222.9213
121769.327
99656.48214
79495.09276
61744.90382
46657.4043
34267.46212
499783.5673
499672.9209
499544.3407
499402.6603
499253.0514
499098.5851
498939.5991
498774.3531
498600.0039
498413.4326
498211.8601
497993.2533
497756.4633
497501.0339
497226.6979
496932.7109
496617.2843
496277.3765
495908.9443
495507.531
495068.9099
494589.4845
494066.2746
493496.5282
492877.2035
492204.6331
491474.582
490682.6968
489825.1423
488899.113
487902.9452
486835.7201
485696.4741
484483.3102
483192.729
481819.3779
480356.2313
478795.0714
477127.0709
475343.2779
473434.8385
471392.8752
469208.0507
466869.9613
464366.5595
461683.7816
458805.4651
455713.5271
452388.2616
448808.5403
444951.6643
440792.6681
436302.9966
431448.6424
426187.9704
420469.5123
414230.0076
407392.9171
399867.6207
391549.5273
382321.3753
372056.0466
360621.2401
347886.3312
333731.6567
318060.2925
300812.0991
281979.4141
261623.2588
239888.3018
217148.7463
193500.0693
169345.9531
145222.9213
121769.327
99656.48214
79495.09276
61744.90382
46657.4043
34267.46212
499783.5673
499672.9209
499544.3407
499402.6603
499253.0514
499098.5851
498939.5991
498774.3531
498600.0039
498413.4326
498211.8601
497993.2533
497756.4633
497501.0339
497226.6979
496932.7109
496617.2843
496277.3765
495908.9443
495507.531
495068.9099
494589.4845
494066.2746
493496.5282
492877.2035
492204.6331
491474.582
490682.6968
489825.1423
488899.113
487902.9452
486835.7201
485696.4741
484483.3102
483192.729
481819.3779
480356.2313
478795.0714
477127.0709
475343.2779
473434.8385
471392.8752
469208.0507
466869.9613
464366.5595
461683.7816
458805.4651
455713.5271
452388.2616
448808.5403
444951.6643
440792.6681
436302.9966
431448.6424
426187.9704
420469.5123
414230.0076
407392.9171
399867.6207
391549.5273
382321.3753
372056.0466
360621.2401
347886.3312
333731.6567
318060.2925
300812.0991
281979.4141
261623.2588
239888.3018
217148.7463
193500.0693
169345.9531
145222.9213
121769.327
99656.48214
79495.09276
61744.90382
46657.4043
34267.46212
499783.5673
499672.9209
499544.3407
499402.6603
499253.0514
499098.5851
498939.5991
498774.3531
498600.0039
498413.4326
498211.8601
497993.2533
497756.4633
497501.0339
497226.6979
496932.7109
496617.2843
496277.3765
495908.9443
495507.531
495068.9099
494589.4845
494066.2746
493496.5282
492877.2035
492204.6331
491474.582
490682.6968
489825.1423
488899.113
487902.9452
486835.7201
485696.4741
484483.3102
483192.729
481819.3779
480356.2313
478795.0714
477127.0709
475343.2779
473434.8385
471392.8752
469208.0507
466869.9613
464366.5595
461683.7816
458805.4651
455713.5271
452388.2616
448808.5403
444951.6643
440792.6681
436302.9966
431448.6424
426187.9704
420469.5123
414230.0076
407392.9171
399867.6207
391549.5273
382321.3753
372056.0466
360621.2401
347886.3312
333731.6567
318060.2925
300812.0991
281979.4141
261623.2588
239888.3018
217148.7463
193500.0693
169345.9531
145222.9213
121769.327
99656.48214
79495.09276
61744.90382
46657.4043
34267.46212
499783.5673
499672.9209
499544.3407
499402.6603
499253.0514
499098.5851
498939.5991
498774.3531
498600.0039
498413.4326
498211.8601
497993.2533
497756.4633
497501.0339
497226.6979
496932.7109
496617.2843
496277.3765
495908.9443
495507.531
495068.9099
494589.4845
494066.2746
493496.5282
492877.2035
492204.6331
491474.582
490682.6968
489825.1423
488899.113
487902.9452
486835.7201
485696.4741
484483.3102
483192.729
481819.3779
480356.2313
478795.0714
477127.0709
475343.2779
473434.8385
471392.8752
469208.0507
466869.9613
464366.5595
461683.7816
458805.4651
455713.5271
452388.2616
448808.5403
444951.6643
440792.6681
436302.9966
431448.6424
426187.9704
420469.5123
414230.0076
407392.9171
399867.6207
391549.5273
382321.3753
372056.0466
360621.2401
347886.3312
333731.6567
318060.2925
300812.0991
281979.4141
261623.2588
239888.3018
217148.7463
193500.0693
169345.9531
145222.9213
121769.327
99656.48214
79495.09276
61744.90382
46657.4043
34267.46212
499783.5673
499672.9209
499544.3407
499402.6603
499253.0514
499098.5851
498939.5991
498774.3531
498600.0039
498413.4326
498211.8601
497993.2533
497756.4633
497501.0339
497226.6979
496932.7109
496617.2843
496277.3765
495908.9443
495507.531
495068.9099
494589.4845
494066.2746
493496.5282
492877.2035
492204.6331
491474.582
490682.6968
489825.1423
488899.113
487902.9452
486835.7201
485696.4741
484483.3102
483192.729
481819.3779
480356.2313
478795.0714
477127.0709
475343.2779
473434.8385
471392.8752
469208.0507
466869.9613
464366.5595
461683.7816
458805.4651
455713.5271
452388.2616
448808.5403
444951.6643
440792.6681
436302.9966
431448.6424
426187.9704
420469.5123
414230.0076
407392.9171
399867.6207
391549.5273
382321.3753
372056.0466
360621.2401
347886.3312
333731.6567
318060.2925
300812.0991
281979.4141
261623.2588
239888.3018
217148.7463
193500.0693
169345.9531
145222.9213
121769.327
99656.48214
79495.09276
61744.90382
46657.4043
34267.46212
499783.5673
499672.9209
499544.3407
499402.6603
499253.0514
499098.5851
498939.5991
498774.3531
498600.0039
498413.4326
498211.8601
497993.2533
497756.4633
497501.0339
497226.6979
496932.7109
496617.2843
496277.3765
495908.9443
495507.531
495068.9099
494589.4845
494066.2746
493496.5282
492877.2035
492204.6331
491474.582
490682.6968
489825.1423
488899.113
487902.9452
486835.7201
485696.4741
484483.3102
483192.729
481819.3779
480356.2313
478795.0714
477127.0709
475343.2779
473434.8385
471392.8752
469208.0507
466869.9613
464366.5595
461683.7816
458805.4651
455713.5271
452388.2616
448808.5403
444951.6643
440792.6681
436302.9966
431448.6424
426187.9704
420469.5123
414230.0076
407392.9171
399867.6207
391549.5273
382321.3753
372056.0466
360621.2401
347886.3312
333731.6567
318060.2925
300812.0991
281979.4141
261623.2588
239888.3018
217148.7463
193500.0693
169345.9531
145222.9213
121769.327
99656.48214
79495.09276
61744.90382
46657.4043
34267.46212
499783.5673
499672.9209
499544.3407
499402.6603
499253.0514
499098.5851
498939.5991
498774.3531
498600.0039
498413.4326
498211.8601
497993.2533
497756.4633
497501.0339
497226.6979
496932.7109
496617.2843
496277.3765
495908.9443
495507.531
495068.9099
494589.4845
494066.2746
493496.5282
492877.2035
492204.6331
491474.582
490682.6968
489825.1423
488899.113
487902.9452
486835.7201
485696.4741
484483.3102
483192.729
481819.3779
480356.2313
478795.0714
477127.0709
475343.2779
473434.8385
471392.8752
469208.0507
466869.9613
464366.5595
461683.7816
458805.4651
455713.5271
452388.2616
448808.5403
444951.6643
440792.6681
436302.9966
431448.6424
426187.9704
420469.5123
414230.0076
407392.9171
399867.6207
391549.5273
382321.3753
372056.0466
360621.2401
347886.3312
333731.6567
318060.2925
300812.0991
281979.4141
261623.2588
239888.3018
217148.7463
193500.0693
169345.9531
145222.9213
121769.327
99656.48214
79495.09276
61744.90382
46657.4043
34267.46212
499783.5673
499672.9209
499544.3407
499402.6603
499253.0514
499098.5851
498939.5991
498774.3531
498600.0039
498413.4326
498211.8601
497993.2533
497756.4633
497501.0339
497226.6979
496932.7109
496617.2843
496277.3765
495908.9443
495507.531
495068.9099
494589.4845
494066.2746
493496.5282
492877.2035
492204.6331
491474.582
490682.6968
489825.1423
488899.113
487902.9452
486835.7201
485696.4741
484483.3102
483192.729
481819.3779
480356.2313
478795.0714
477127.0709
475343.2779
473434.8385
471392.8752
469208.0507
466869.9613
464366.5595
461683.7816
458805.4651
455713.5271
452388.2616
448808.5403
444951.6643
440792.6681
436302.9966
431448.6424
426187.9704
420469.5123
414230.0076
407392.9171
399867.6207
391549.5273
382321.3753
372056.0466
360621.2401
347886.3312
333731.6567
318060.2925
300812.0991
281979.4141
261623.2588
239888.3018
217148.7463
193500.0693
169345.9531
145222.9213
121769.327
99656.48214
79495.09276
61744.90382
46657.4043
34267.46212
499783.5673
499672.9209
499544.3407
499402.6603
499253.0514
499098.5851
498939.5991
498774.3531
498600.0039
498413.4326
498211.8601
497993.2533
497756.4633
497501.0339
497226.6979
496932.7109
496617.2843
496277.3765
495908.9443
495507.531
495068.9099
494589.4845
494066.2746
493496.5282
492877.2035
492204.6331
491474.582
490682.6968
489825.1423
488899.113
487902.9452
486835.7201
485696.4741
484483.3102
483192.729
481819.3779
480356.2313
478795.0714
477127.0709
475343.2779
473434.8385
471392.8752
469208.0507
466869.9613
464366.5595
461683.7816
458805.4651
455713.5271
452388.2616
448808.5403
444951.6643
440792.6681
436302.9966
431448.6424
426187.9704
420469.5123
414230.0076
407392.9171
399867.6207
391549.5273
382321.3753
372056.0466
360621.2401
347886.3312
333731.6567
318060.2925
300812.0991
281979.4141
261623.2588
239888.3018
217148.7463
193500.0693
169345.9531
145222.9213
121769.327
99656.48214
79495.09276
61744.90382
46657.4043
34267.46212
499783.5673
499672.9209
499544.3407
499402.6603
499253.0514
499098.5851
498939.5991
498774.3531
498600.0039
498413.4326
498211.8601
497993.2533
497756.4633
497501.0339
497226.6979
496932.7109
496617.2843
496277.3765
495908.9443
495507.531
495068.9099
494589.4845
494066.2746
493496.5282
492877.2035
492204.6331
491474.582
490682.6968
489825.1423
488899.113
487902.9452
486835.7201
485696.4741
484483.3102
483192.729
481819.3779
480356.2313
478795.0714
477127.0709
475343.2779
473434.8385
471392.8752
469208.0507
466869.9613
464366.5595
461683.7816
458805.4651
455713.5271
452388.2616
448808.5403
444951.6643
440792.6681
436302.9966
431448.6424
426187.9704
420469.5123
414230.0076
407392.9171
399867.6207
391549.5273
382321.3753
372056.0466
360621.2401
347886.3312
333731.6567
318060.2925
300812.0991
281979.4141
261623.2588
239888.3018
217148.7463
193500.0693
169345.9531
145222.9213
121769.327
99656.48214
79495.09276
61744.90382
46657.4043
34267.46212
499783.5673
499672.9209
499544.3407
499402.6603
499253.0514
499098.5851
498939.5991
498774.3531
498600.0039
498413.4326
498211.8601
497993.2533
497756.4633
497501.0339
497226.6979
496932.7109
496617.2843
496277.3765
495908.9443
495507.531
495068.9099
494589.4845
494066.2746
493496.5282
492877.2035
492204.6331
491474.582
490682.6968
489825.1423
488899.113
487902.9452
486835.7201
485696.4741
484483.3102
483192.729
481819.3779
480356.2313
478795.0714
477127.0709
475343.2779
473434.8385
471392.8752
469208.0507
466869.9613
464366.5595
461683.7816
458805.4651
455713.5271
452388.2616
448808.5403
444951.6643
440792.6681
436302.9966
431448.6424
426187.9704
420469.5123
414230.0076
407392.9171
399867.6207
391549.5273
382321.3753
372056.0466
360621.2401
347886.3312
333731.6567
318060.2925
300812.0991
281979.4141
261623.2588
239888.3018
217148.7463
193500.0693
169345.9531
145222.9213
121769.327
99656.48214
79495.09276
61744.90382
46657.4043
34267.46212
499783.5673
499672.9209
499544.3407
499402.6603
499253.0514
499098.5851
498939.5991
498774.3531
498600.0039
498413.4326
498211.8601
497993.2533
497756.4633
497501.0339
497226.6979
496932.7109
496617.2843
496277.3765
495908.9443
495507.531
495068.9099
494589.4845
494066.2746
493496.5282
492877.2035
492204.6331
491474.582
490682.6968
489825.1423
488899.113
487902.9452
486835.7201
485696.4741
484483.3102
483192.729
481819.3779
480356.2313
478795.0714
477127.0709
475343.2779
473434.8385
471392.8752
469208.0507
466869.9613
464366.5595
461683.7816
458805.4651
455713.5271
452388.2616
448808.5403
444951.6643
440792.6681
436302.9966
431448.6424
426187.9704
420469.5123
414230.0076
407392.9171
399867.6207
391549.5273
382321.3753
372056.0466
360621.2401
347886.3312
333731.6567
318060.2925
300812.0991
281979.4141
261623.2588
239888.3018
217148.7463
193500.0693
169345.9531
145222.9213
121769.327
99656.48214
79495.09276
61744.90382
46657.4043
34267.46212
499783.5673
499672.9209
499544.3407
499402.6603
499253.0514
499098.5851
498939.5991
498774.3531
498600.0039
498413.4326
498211.8601
497993.2533
497756.4633
497501.0339
497226.6979
496932.7109
496617.2843
496277.3765
495908.9443
495507.531
495068.9099
494589.4845
494066.2746
493496.5282
492877.2035
492204.6331
491474.582
490682.6968
489825.1423
488899.113
487902.9452
486835.7201
485696.4741
484483.3102
483192.729
481819.3779
480356.2313
478795.0714
477127.0709
475343.2779
473434.8385
471392.8752
469208.0507
466869.9613
464366.5595
461683.7816
458805.4651
455713.5271
452388.2616
448808.5403
444951.6643
440792.6681
436302.9966
431448.6424
426187.9704
420469.5123
414230.0076
407392.9171
399867.6207
391549.5273
382321.3753
372056.0466
360621.2401
347886.3312
333731.6567
318060.2925
300812.0991
281979.4141
261623.2588
239888.3018
217148.7463
193500.0693
169345.9531
145222.9213
121769.327
99656.48214
79495.09276
61744.90382
46657.4043
34267.46212
499783.5673
499672.9209
499544.3407
499402.6603
499253.0514
499098.5851
498939.5991
498774.3531
498600.0039
498413.4326
498211.8601
497993.2533
497756.4633
497501.0339
497226.6979
496932.7109
496617.2843
496277.3765
495908.9443
495507.531
495068.9099
494589.4845
494066.2746
493496.5282
492877.2035
492204.6331
491474.582
490682.6968
489825.1423
488899.113
487902.9452
486835.7201
485696.4741
484483.3102
483192.729
481819.3779
480356.2313
478795.0714
477127.0709
475343.2779
473434.8385
471392.8752
469208.0507
466869.9613
464366.5595
461683.7816
458805.4651
455713.5271
452388.2616
448808.5403
444951.6643
440792.6681
436302.9966
431448.6424
426187.9704
420469.5123
414230.0076
407392.9171
399867.6207
391549.5273
382321.3753
372056.0466
360621.2401
347886.3312
333731.6567
318060.2925
300812.0991
281979.4141
261623.2588
239888.3018
217148.7463
193500.0693
169345.9531
145222.9213
121769.327
99656.48214
79495.09276
61744.90382
46657.4043
34267.46212
499783.5673
499672.9209
499544.3407
499402.6603
499253.0514
499098.5851
498939.5991
498774.3531
498600.0039
498413.4326
498211.8601
497993.2533
497756.4633
497501.0339
497226.6979
496932.7109
496617.2843
496277.3765
495908.9443
495507.531
495068.9099
494589.4845
494066.2746
493496.5282
492877.2035
492204.6331
491474.582
490682.6968
489825.1423
488899.113
487902.9452
486835.7201
485696.4741
484483.3102
483192.729
481819.3779
480356.2313
478795.0714
477127.0709
475343.2779
473434.8385
471392.8752
469208.0507
466869.9613
464366.5595
461683.7816
458805.4651
455713.5271
452388.2616
448808.5403
444951.6643
440792.6681
436302.9966
431448.6424
426187.9704
420469.5123
414230.0076
407392.9171
399867.6207
391549.5273
382321.3753
372056.0466
360621.2401
347886.3312
333731.6567
318060.2925
300812.0991
281979.4141
261623.2588
239888.3018
217148.7463
193500.0693
169345.9531
145222.9213
121769.327
99656.48214
79495.09276
61744.90382
46657.4043
34267.46212
499783.5673
499672.9209
499544.3407
499402.6603
499253.0514
499098.5851
498939.5991
498774.3531
498600.0039
498413.4326
498211.8601
497993.2533
497756.4633
497501.0339
497226.6979
496932.7109
496617.2843
496277.3765
495908.9443
495507.531
495068.9099
494589.4845
494066.2746
493496.5282
492877.2035
492204.6331
491474.582
490682.6968
489825.1423
488899.113
487902.9452
486835.7201
485696.4741
484483.3102
483192.729
481819.3779
480356.2313
478795.0714
477127.0709
475343.2779
473434.8385
471392.8752
469208.0507
466869.9613
464366.5595
461683.7816
458805.4651
455713.5271
452388.2616
448808.5403
444951.6643
440792.6681
436302.9966
431448.6424
426187.9704
420469.5123
414230.0076
407392.9171
399867.6207
391549.5273
382321.3753
372056.0466
360621.2401
347886.3312
333731.6567
318060.2925
300812.0991
281979.4141
261623.2588
239888.3018
217148.7463
193500.0693
169345.9531
145222.9213
121769.327
99656.48214
79495.09276
61744.90382
46657.4043
34267.46212
499783.5673
499672.9209
499544.3407
499402.6603
499253.0514
499098.5851
498939.5991
498774.3531
498600.0039
498413.4326
498211.8601
497993.2533
497756.4633
497501.0339
497226.6979
496932.7109
496617.2843
496277.3765
495908.9443
495507.531
495068.9099
494589.4845
494066.2746
493496.5282
492877.2035
492204.6331
491474.582
490682.6968
489825.1423
488899.113
487902.9452
486835.7201
485696.4741
484483.3102
483192.729
481819.3779
480356.2313
478795.0714
477127.0709
475343.2779
473434.8385
471392.8752
469208.0507
466869.9613
464366.5595
461683.7816
458805.4651
455713.5271
452388.2616
448808.5403
444951.6643
440792.6681
436302.9966
431448.6424
426187.9704
420469.5123
414230.0076
407392.9171
399867.6207
391549.5273
382321.3753
372056.0466
360621.2401
347886.3312
333731.6567
318060.2925
300812.0991
281979.4141
261623.2588
239888.3018
217148.7463
193500.0693
169345.9531
145222.9213
121769.327
99656.48214
79495.09276
61744.90382
46657.4043
34267.46212
499783.5673
499672.9209
499544.3407
499402.6603
499253.0514
499098.5851
498939.5991
498774.3531
498600.0039
498413.4326
498211.8601
497993.2533
497756.4633
497501.0339
497226.6979
496932.7109
496617.2843
496277.3765
495908.9443
495507.531
495068.9099
494589.4845
494066.2746
493496.5282
492877.2035
492204.6331
491474.582
490682.6968
489825.1423
488899.113
487902.9452
486835.7201
485696.4741
484483.3102
483192.729
481819.3779
480356.2313
478795.0714
477127.0709
475343.2779
473434.8385
471392.8752
469208.0507
466869.9613
464366.5595
461683.7816
458805.4651
455713.5271
452388.2616
448808.5403
444951.6643
440792.6681
436302.9966
431448.6424
426187.9704
420469.5123
414230.0076
407392.9171
399867.6207
391549.5273
382321.3753
372056.0466
360621.2401
347886.3312
333731.6567
318060.2925
300812.0991
281979.4141
261623.2588
239888.3018
217148.7463
193500.0693
169345.9531
145222.9213
121769.327
99656.48214
79495.09276
61744.90382
46657.4043
34267.46212
499783.5673
499672.9209
499544.3407
499402.6603
499253.0514
499098.5851
498939.5991
498774.3531
498600.0039
498413.4326
498211.8601
497993.2533
497756.4633
497501.0339
497226.6979
496932.7109
496617.2843
496277.3765
495908.9443
495507.531
495068.9099
494589.4845
494066.2746
493496.5282
492877.2035
492204.6331
491474.582
490682.6968
489825.1423
488899.113
487902.9452
486835.7201
485696.4741
484483.3102
483192.729
481819.3779
480356.2313
478795.0714
477127.0709
475343.2779
473434.8385
471392.8752
469208.0507
466869.9613
464366.5595
461683.7816
458805.4651
455713.5271
452388.2616
448808.5403
444951.6643
440792.6681
436302.9966
431448.6424
426187.9704
420469.5123
414230.0076
407392.9171
399867.6207
391549.5273
382321.3753
372056.0466
360621.2401
347886.3312
333731.6567
318060.2925
300812.0991
281979.4141
261623.2588
239888.3018
217148.7463
193500.0693
169345.9531
145222.9213
121769.327
99656.48214
79495.09276
61744.90382
46657.4043
34267.46212
499783.5673
499672.9209
499544.3407
499402.6603
499253.0514
499098.5851
498939.5991
498774.3531
498600.0039
498413.4326
498211.8601
497993.2533
497756.4633
497501.0339
497226.6979
496932.7109
496617.2843
496277.3765
495908.9443
495507.531
495068.9099
494589.4845
494066.2746
493496.5282
492877.2035
492204.6331
491474.582
490682.6968
489825.1423
488899.113
487902.9452
486835.7201
485696.4741
484483.3102
483192.729
481819.3779
480356.2313
478795.0714
477127.0709
475343.2779
473434.8385
471392.8752
469208.0507
466869.9613
464366.5595
461683.7816
458805.4651
455713.5271
452388.2616
448808.5403
444951.6643
440792.6681
436302.9966
431448.6424
426187.9704
420469.5123
414230.0076
407392.9171
399867.6207
391549.5273
382321.3753
372056.0466
360621.2401
347886.3312
333731.6567
318060.2925
300812.0991
281979.4141
261623.2588
239888.3018
217148.7463
193500.0693
169345.9531
145222.9213
121769.327
99656.48214
79495.09276
61744.90382
46657.4043
34267.46212
499783.5673
499672.9209
499544.3407
499402.6603
499253.0514
499098.5851
498939.5991
498774.3531
498600.0039
498413.4326
498211.8601
497993.2533
497756.4633
497501.0339
497226.6979
496932.7109
496617.2843
496277.3765
495908.9443
495507.531
495068.9099
494589.4845
494066.2746
493496.5282
492877.2035
492204.6331
491474.582
490682.6968
489825.1423
488899.113
487902.9452
486835.7201
485696.4741
484483.3102
483192.729
481819.3779
480356.2313
478795.0714
477127.0709
475343.2779
473434.8385
471392.8752
469208.0507
466869.9613
464366.5595
461683.7816
458805.4651
455713.5271
452388.2616
448808.5403
444951.6643
440792.6681
436302.9966
431448.6424
426187.9704
420469.5123
414230.0076
407392.9171
399867.6207
391549.5273
382321.3753
372056.0466
360621.2401
347886.3312
333731.6567
318060.2925
300812.0991
281979.4141
261623.2588
239888.3018
217148.7463
193500.0693
169345.9531
145222.9213
121769.327
99656.48214
79495.09276
61744.90382
46657.4043
34267.46212
499783.5673
499672.9209
499544.3407
499402.6603
499253.0514
499098.5851
498939.5991
498774.3531
498600.0039
498413.4326
498211.8601
497993.2533
497756.4633
497501.0339
497226.6979
496932.7109
496617.2843
496277.3765
495908.9443
495507.531
495068.9099
494589.4845
494066.2746
493496.5282
492877.2035
492204.6331
491474.582
490682.6968
489825.1423
488899.113
487902.9452
486835.7201
485696.4741
484483.3102
483192.729
481819.3779
480356.2313
478795.0714
477127.0709
475343.2779
473434.8385
471392.8752
469208.0507
466869.9613
464366.5595
461683.7816
458805.4651
455713.5271
452388.2616
448808.5403
444951.6643
440792.6681
436302.9966
431448.6424
426187.9704
420469.5123
414230.0076
407392.9171
399867.6207
391549.5273
382321.3753
372056.0466
360621.2401
347886.3312
333731.6567
318060.2925
300812.0991
281979.4141
261623.2588
239888.3018
217148.7463
193500.0693
169345.9531
145222.9213
121769.327
99656.48214
79495.09276
61744.90382
46657.4043
34267.46212
499783.5673
499672.9209
499544.3407
499402.6603
499253.0514
499098.5851
498939.5991
498774.3531
498600.0039
498413.4326
498211.8601
497993.2533
497756.4633
497501.0339
497226.6979
496932.7109
496617.2843
496277.3765
495908.9443
495507.531
495068.9099
494589.4845
494066.2746
493496.5282
492877.2035
492204.6331
491474.582
490682.6968
489825.1423
488899.113
487902.9452
486835.7201
485696.4741
484483.3102
483192.729
481819.3779
480356.2313
478795.0714
477127.0709
475343.2779
473434.8385
471392.8752
469208.0507
466869.9613
464366.5595
461683.7816
458805.4651
455713.5271
452388.2616
448808.5403
444951.6643
440792.6681
436302.9966
431448.6424
426187.9704
420469.5123
414230.0076
407392.9171
399867.6207
391549.5273
382321.3753
372056.0466
360621.2401
347886.3312
333731.6567
318060.2925
300812.0991
281979.4141
261623.2588
239888.3018
217148.7463
193500.0693
169345.9531
145222.9213
121769.327
99656.48214
79495.09276
61744.90382
46657.4043
34267.46212
499783.5673
499672.9209
499544.3407
499402.6603
499253.0514
499098.5851
498939.5991
498774.3531
498600.0039
498413.4326
498211.8601
497993.2533
497756.4633
497501.0339
497226.6979
496932.7109
496617.2843
496277.3765
495908.9443
495507.531
495068.9099
494589.4845
494066.2746
493496.5282
492877.2035
492204.6331
491474.582
490682.6968
489825.1423
488899.113
487902.9452
486835.7201
485696.4741
484483.3102
483192.729
481819.3779
480356.2313
478795.0714
477127.0709
475343.2779
473434.8385
471392.8752
469208.0507
466869.9613
464366.5595
461683.7816
458805.4651
455713.5271
452388.2616
448808.5403
444951.6643
440792.6681
436302.9966
431448.6424
426187.9704
420469.5123
414230.0076
407392.9171
399867.6207
391549.5273
382321.3753
372056.0466
360621.2401
347886.3312
333731.6567
318060.2925
300812.0991
281979.4141
261623.2588
239888.3018
217148.7463
193500.0693
169345.9531
145222.9213
121769.327
99656.48214
79495.09276
61744.90382
46657.4043
34267.46212
499783.5673
499672.9209
499544.3407
499402.6603
499253.0514
499098.5851
498939.5991
498774.3531
498600.0039
498413.4326
498211.8601
497993.2533
497756.4633
497501.0339
497226.6979
496932.7109
496617.2843
496277.3765
495908.9443
495507.531
495068.9099
494589.4845
494066.2746
493496.5282
492877.2035
492204.6331
491474.582
490682.6968
489825.1423
488899.113
487902.9452
486835.7201
485696.4741
484483.3102
483192.729
481819.3779
480356.2313
478795.0714
477127.0709
475343.2779
473434.8385
471392.8752
469208.0507
466869.9613
464366.5595
461683.7816
458805.4651
455713.5271
452388.2616
448808.5403
444951.6643
440792.6681
436302.9966
431448.6424
426187.9704
420469.5123
414230.0076
407392.9171
399867.6207
391549.5273
382321.3753
372056.0466
360621.2401
347886.3312
333731.6567
318060.2925
300812.0991
281979.4141
261623.2588
239888.3018
217148.7463
193500.0693
169345.9531
145222.9213
121769.327
99656.48214
79495.09276
61744.90382
46657.4043
34267.46212
499783.5673
499672.9209
499544.3407
499402.6603
499253.0514
499098.5851
498939.5991
498774.3531
498600.0039
498413.4326
498211.8601
497993.2533
497756.4633
497501.0339
497226.6979
496932.7109
496617.2843
496277.3765
495908.9443
495507.531
495068.9099
494589.4845
494066.2746
493496.5282
492877.2035
492204.6331
491474.582
490682.6968
489825.1423
488899.113
487902.9452
486835.7201
485696.4741
484483.3102
483192.729
481819.3779
480356.2313
478795.0714
477127.0709
475343.2779
473434.8385
471392.8752
469208.0507
466869.9613
464366.5595
461683.7816
458805.4651
455713.5271
452388.2616
448808.5403
444951.6643
440792.6681
436302.9966
431448.6424
426187.9704
420469.5123
414230.0076
407392.9171
399867.6207
391549.5273
382321.3753
372056.0466
360621.2401
347886.3312
333731.6567
318060.2925
300812.0991
281979.4141
261623.2588
239888.3018
217148.7463
193500.0693
169345.9531
145222.9213
121769.327
99656.48214
79495.09276
61744.90382
46657.4043
34267.46212
499783.5673
499672.9209
499544.3407
499402.6603
499253.0514
499098.5851
498939.5991
498774.3531
498600.0039
498413.4326
498211.8601
497993.2533
497756.4633
497501.0339
497226.6979
496932.7109
496617.2843
496277.3765
495908.9443
495507.531
495068.9099
494589.4845
494066.2746
493496.5282
492877.2035
492204.6331
491474.582
490682.6968
489825.1423
488899.113
487902.9452
486835.7201
485696.4741
484483.3102
483192.729
481819.3779
480356.2313
478795.0714
477127.0709
475343.2779
473434.8385
471392.8752
469208.0507
466869.9613
464366.5595
461683.7816
458805.4651
455713.5271
452388.2616
448808.5403
444951.6643
440792.6681
436302.9966
431448.6424
426187.9704
420469.5123
414230.0076
407392.9171
399867.6207
391549.5273
382321.3753
372056.0466
360621.2401
347886.3312
333731.6567
318060.2925
300812.0991
281979.4141
261623.2588
239888.3018
217148.7463
193500.0693
169345.9531
145222.9213
121769.327
99656.48214
79495.09276
61744.90382
46657.4043
34267.46212
499783.5673
499672.9209
499544.3407
499402.6603
499253.0514
499098.5851
498939.5991
498774.3531
498600.0039
498413.4326
498211.8601
497993.2533
497756.4633
497501.0339
497226.6979
496932.7109
496617.2843
496277.3765
495908.9443
495507.531
495068.9099
494589.4845
494066.2746
493496.5282
492877.2035
492204.6331
491474.582
490682.6968
489825.1423
488899.113
487902.9452
486835.7201
485696.4741
484483.3102
483192.729
481819.3779
480356.2313
478795.0714
477127.0709
475343.2779
473434.8385
471392.8752
469208.0507
466869.9613
464366.5595
461683.7816
458805.4651
455713.5271
452388.2616
448808.5403
444951.6643
440792.6681
436302.9966
431448.6424
426187.9704
420469.5123
414230.0076
407392.9171
399867.6207
391549.5273
382321.3753
372056.0466
360621.2401
347886.3312
333731.6567
318060.2925
300812.0991
281979.4141
261623.2588
239888.3018
217148.7463
193500.0693
169345.9531
145222.9213
121769.327
99656.48214
79495.09276
61744.90382
46657.4043
34267.46212
499783.5673
499672.9209
499544.3407
499402.6603
499253.0514
499098.5851
498939.5991
498774.3531
498600.0039
498413.4326
498211.8601
497993.2533
497756.4633
497501.0339
497226.6979
496932.7109
496617.2843
496277.3765
495908.9443
495507.531
495068.9099
494589.4845
494066.2746
493496.5282
492877.2035
492204.6331
491474.582
490682.6968
489825.1423
488899.113
487902.9452
486835.7201
485696.4741
484483.3102
483192.729
481819.3779
480356.2313
478795.0714
477127.0709
475343.2779
473434.8385
471392.8752
469208.0507
466869.9613
464366.5595
461683.7816
458805.4651
455713.5271
452388.2616
448808.5403
444951.6643
440792.6681
436302.9966
431448.6424
426187.9704
420469.5123
414230.0076
407392.9171
399867.6207
391549.5273
382321.3753
372056.0466
360621.2401
347886.3312
333731.6567
318060.2925
300812.0991
281979.4141
261623.2588
239888.3018
217148.7463
193500.0693
169345.9531
145222.9213
121769.327
99656.48214
79495.09276
61744.90382
46657.4043
34267.46212
499783.5673
499672.9209
499544.3407
499402.6603
499253.0514
499098.5851
498939.5991
498774.3531
498600.0039
498413.4326
498211.8601
497993.2533
497756.4633
497501.0339
497226.6979
496932.7109
496617.2843
496277.3765
495908.9443
495507.531
495068.9099
494589.4845
494066.2746
493496.5282
492877.2035
492204.6331
491474.582
490682.6968
489825.1423
488899.113
487902.9452
486835.7201
485696.4741
484483.3102
483192.729
481819.3779
480356.2313
478795.0714
477127.0709
475343.2779
473434.8385
471392.8752
469208.0507
466869.9613
464366.5595
461683.7816
458805.4651
455713.5271
452388.2616
448808.5403
444951.6643
440792.6681
436302.9966
431448.6424
426187.9704
420469.5123
414230.0076
407392.9171
399867.6207
391549.5273
382321.3753
372056.0466
360621.2401
347886.3312
333731.6567
318060.2925
300812.0991
281979.4141
261623.2588
239888.3018
217148.7463
193500.0693
169345.9531
145222.9213
121769.327
99656.48214
79495.09276
61744.90382
46657.4043
34267.46212
499783.5673
499672.9209
499544.3407
499402.6603
499253.0514
499098.5851
498939.5991
498774.3531
498600.0039
498413.4326
498211.8601
497993.2533
497756.4633
497501.0339
497226.6979
496932.7109
496617.2843
496277.3765
495908.9443
495507.531
495068.9099
494589.4845
494066.2746
493496.5282
492877.2035
492204.6331
491474.582
490682.6968
489825.1423
488899.113
487902.9452
486835.7201
485696.4741
484483.3102
483192.729
481819.3779
480356.2313
478795.0714
477127.0709
475343.2779
473434.8385
471392.8752
469208.0507
466869.9613
464366.5595
461683.7816
458805.4651
455713.5271
452388.2616
448808.5403
444951.6643
440792.6681
436302.9966
431448.6424
426187.9704
420469.5123
414230.0076
407392.9171
399867.6207
391549.5273
382321.3753
372056.0466
360621.2401
347886.3312
333731.6567
318060.2925
300812.0991
281979.4141
261623.2588
239888.3018
217148.7463
193500.0693
169345.9531
145222.9213
121769.327
99656.48214
79495.09276
61744.90382
46657.4043
34267.46212
499783.5673
499672.9209
499544.3407
499402.6603
499253.0514
499098.5851
498939.5991
498774.3531
498600.0039
498413.4326
498211.8601
497993.2533
497756.4633
497501.0339
497226.6979
496932.7109
496617.2843
496277.3765
495908.9443
495507.531
495068.9099
494589.4845
494066.2746
493496.5282
492877.2035
492204.6331
491474.582
490682.6968
489825.1423
488899.113
487902.9452
486835.7201
485696.4741
484483.3102
483192.729
481819.3779
480356.2313
478795.0714
477127.0709
475343.2779
473434.8385
471392.8752
469208.0507
466869.9613
464366.5595
461683.7816
458805.4651
455713.5271
452388.2616
448808.5403
444951.6643
440792.6681
436302.9966
431448.6424
426187.9704
420469.5123
414230.0076
407392.9171
399867.6207
391549.5273
382321.3753
372056.0466
360621.2401
347886.3312
333731.6567
318060.2925
300812.0991
281979.4141
261623.2588
239888.3018
217148.7463
193500.0693
169345.9531
145222.9213
121769.327
99656.48214
79495.09276
61744.90382
46657.4043
34267.46212
499783.5673
499672.9209
499544.3407
499402.6603
499253.0514
499098.5851
498939.5991
498774.3531
498600.0039
498413.4326
498211.8601
497993.2533
497756.4633
497501.0339
497226.6979
496932.7109
496617.2843
496277.3765
495908.9443
495507.531
495068.9099
494589.4845
494066.2746
493496.5282
492877.2035
492204.6331
491474.582
490682.6968
489825.1423
488899.113
487902.9452
486835.7201
485696.4741
484483.3102
483192.729
481819.3779
480356.2313
478795.0714
477127.0709
475343.2779
473434.8385
471392.8752
469208.0507
466869.9613
464366.5595
461683.7816
458805.4651
455713.5271
452388.2616
448808.5403
444951.6643
440792.6681
436302.9966
431448.6424
426187.9704
420469.5123
414230.0076
407392.9171
399867.6207
391549.5273
382321.3753
372056.0466
360621.2401
347886.3312
333731.6567
318060.2925
300812.0991
281979.4141
261623.2588
239888.3018
217148.7463
193500.0693
169345.9531
145222.9213
121769.327
99656.48214
79495.09276
61744.90382
46657.4043
34267.46212
499783.5673
499672.9209
499544.3407
499402.6603
499253.0514
499098.5851
498939.5991
498774.3531
498600.0039
498413.4326
498211.8601
497993.2533
497756.4633
497501.0339
497226.6979
496932.7109
496617.2843
496277.3765
495908.9443
495507.531
495068.9099
494589.4845
494066.2746
493496.5282
492877.2035
492204.6331
491474.582
490682.6968
489825.1423
488899.113
487902.9452
486835.7201
485696.4741
484483.3102
483192.729
481819.3779
480356.2313
478795.0714
477127.0709
475343.2779
473434.8385
471392.8752
469208.0507
466869.9613
464366.5595
461683.7816
458805.4651
455713.5271
452388.2616
448808.5403
444951.6643
440792.6681
436302.9966
431448.6424
426187.9704
420469.5123
414230.0076
407392.9171
399867.6207
391549.5273
382321.3753
372056.0466
360621.2401
347886.3312
333731.6567
318060.2925
300812.0991
281979.4141
261623.2588
239888.3018
217148.7463
193500.0693
169345.9531
145222.9213
121769.327
99656.48214
79495.09276
61744.90382
46657.4043
34267.46212
499783.5673
499672.9209
499544.3407
499402.6603
499253.0514
499098.5851
498939.5991
498774.3531
498600.0039
498413.4326
498211.8601
497993.2533
497756.4633
497501.0339
497226.6979
496932.7109
496617.2843
496277.3765
495908.9443
495507.531
495068.9099
494589.4845
494066.2746
493496.5282
492877.2035
492204.6331
491474.582
490682.6968
489825.1423
488899.113
487902.9452
486835.7201
485696.4741
484483.3102
483192.729
481819.3779
480356.2313
478795.0714
477127.0709
475343.2779
473434.8385
471392.8752
469208.0507
466869.9613
464366.5595
461683.7816
458805.4651
455713.5271
452388.2616
448808.5403
444951.6643
440792.6681
436302.9966
431448.6424
426187.9704
420469.5123
414230.0076
407392.9171
399867.6207
391549.5273
382321.3753
372056.0466
360621.2401
347886.3312
333731.6567
318060.2925
300812.0991
281979.4141
261623.2588
239888.3018
217148.7463
193500.0693
169345.9531
145222.9213
121769.327
99656.48214
79495.09276
61744.90382
46657.4043
34267.46212
499783.5673
499672.9209
499544.3407
499402.6603
499253.0514
499098.5851
498939.5991
498774.3531
498600.0039
498413.4326
498211.8601
497993.2533
497756.4633
497501.0339
497226.6979
496932.7109
496617.2843
496277.3765
495908.9443
495507.531
495068.9099
494589.4845
494066.2746
493496.5282
492877.2035
492204.6331
491474.582
490682.6968
489825.1423
488899.113
487902.9452
486835.7201
485696.4741
484483.3102
483192.729
481819.3779
480356.2313
478795.0714
477127.0709
475343.2779
473434.8385
471392.8752
469208.0507
466869.9613
464366.5595
461683.7816
458805.4651
455713.5271
452388.2616
448808.5403
444951.6643
440792.6681
436302.9966
431448.6424
426187.9704
420469.5123
414230.0076
407392.9171
399867.6207
391549.5273
382321.3753
372056.0466
360621.2401
347886.3312
333731.6567
318060.2925
300812.0991
281979.4141
261623.2588
239888.3018
217148.7463
193500.0693
169345.9531
145222.9213
121769.327
99656.48214
79495.09276
61744.90382
46657.4043
34267.46212
499783.5673
499672.9209
499544.3407
499402.6603
499253.0514
499098.5851
498939.5991
498774.3531
498600.0039
498413.4326
498211.8601
497993.2533
497756.4633
497501.0339
497226.6979
496932.7109
496617.2843
496277.3765
495908.9443
495507.531
495068.9099
494589.4845
494066.2746
493496.5282
492877.2035
492204.6331
491474.582
490682.6968
489825.1423
488899.113
487902.9452
486835.7201
485696.4741
484483.3102
483192.729
481819.3779
480356.2313
478795.0714
477127.0709
475343.2779
473434.8385
471392.8752
469208.0507
466869.9613
464366.5595
461683.7816
458805.4651
455713.5271
452388.2616
448808.5403
444951.6643
440792.6681
436302.9966
431448.6424
426187.9704
420469.5123
414230.0076
407392.9171
399867.6207
391549.5273
382321.3753
372056.0466
360621.2401
347886.3312
333731.6567
318060.2925
300812.0991
281979.4141
261623.2588
239888.3018
217148.7463
193500.0693
169345.9531
145222.9213
121769.327
99656.48214
79495.09276
61744.90382
46657.4043
34267.46212
499783.5673
499672.9209
499544.3407
499402.6603
499253.0514
499098.5851
498939.5991
498774.3531
498600.0039
498413.4326
498211.8601
497993.2533
497756.4633
497501.0339
497226.6979
496932.7109
496617.2843
496277.3765
495908.9443
495507.531
495068.9099
494589.4845
494066.2746
493496.5282
492877.2035
492204.6331
491474.582
490682.6968
489825.1423
488899.113
487902.9452
486835.7201
485696.4741
484483.3102
483192.729
481819.3779
480356.2313
478795.0714
477127.0709
475343.2779
473434.8385
471392.8752
469208.0507
466869.9613
464366.5595
461683.7816
458805.4651
455713.5271
452388.2616
448808.5403
444951.6643
440792.6681
436302.9966
431448.6424
426187.9704
420469.5123
414230.0076
407392.9171
399867.6207
391549.5273
382321.3753
372056.0466
360621.2401
347886.3312
333731.6567
318060.2925
300812.0991
281979.4141
261623.2588
239888.3018
217148.7463
193500.0693
169345.9531
145222.9213
121769.327
99656.48214
79495.09276
61744.90382
46657.4043
34267.46212
499783.5673
499672.9209
499544.3407
499402.6603
499253.0514
499098.5851
498939.5991
498774.3531
498600.0039
498413.4326
498211.8601
497993.2533
497756.4633
497501.0339
497226.6979
496932.7109
496617.2843
496277.3765
495908.9443
495507.531
495068.9099
494589.4845
494066.2746
493496.5282
492877.2035
492204.6331
491474.582
490682.6968
489825.1423
488899.113
487902.9452
486835.7201
485696.4741
484483.3102
483192.729
481819.3779
480356.2313
478795.0714
477127.0709
475343.2779
473434.8385
471392.8752
469208.0507
466869.9613
464366.5595
461683.7816
458805.4651
455713.5271
452388.2616
448808.5403
444951.6643
440792.6681
436302.9966
431448.6424
426187.9704
420469.5123
414230.0076
407392.9171
399867.6207
391549.5273
382321.3753
372056.0466
360621.2401
347886.3312
333731.6567
318060.2925
300812.0991
281979.4141
261623.2588
239888.3018
217148.7463
193500.0693
169345.9531
145222.9213
121769.327
99656.48214
79495.09276
61744.90382
46657.4043
34267.46212
499783.5673
499672.9209
499544.3407
499402.6603
499253.0514
499098.5851
498939.5991
498774.3531
498600.0039
498413.4326
498211.8601
497993.2533
497756.4633
497501.0339
497226.6979
496932.7109
496617.2843
496277.3765
495908.9443
495507.531
495068.9099
494589.4845
494066.2746
493496.5282
492877.2035
492204.6331
491474.582
490682.6968
489825.1423
488899.113
487902.9452
486835.7201
485696.4741
484483.3102
483192.729
481819.3779
480356.2313
478795.0714
477127.0709
475343.2779
473434.8385
471392.8752
469208.0507
466869.9613
464366.5595
461683.7816
458805.4651
455713.5271
452388.2616
448808.5403
444951.6643
440792.6681
436302.9966
431448.6424
426187.9704
420469.5123
414230.0076
407392.9171
399867.6207
391549.5273
382321.3753
372056.0466
360621.2401
347886.3312
333731.6567
318060.2925
300812.0991
281979.4141
261623.2588
239888.3018
217148.7463
193500.0693
169345.9531
145222.9213
121769.327
99656.48214
79495.09276
61744.90382
46657.4043
34267.46212
499783.5673
499672.9209
499544.3407
499402.6603
499253.0514
499098.5851
498939.5991
498774.3531
498600.0039
498413.4326
498211.8601
497993.2533
497756.4633
497501.0339
497226.6979
496932.7109
496617.2843
496277.3765
495908.9443
495507.531
495068.9099
494589.4845
494066.2746
493496.5282
492877.2035
492204.6331
491474.582
490682.6968
489825.1423
488899.113
487902.9452
486835.7201
485696.4741
484483.3102
483192.729
481819.3779
480356.2313
478795.0714
477127.0709
475343.2779
473434.8385
471392.8752
469208.0507
466869.9613
464366.5595
461683.7816
458805.4651
455713.5271
452388.2616
448808.5403
444951.6643
440792.6681
436302.9966
431448.6424
426187.9704
420469.5123
414230.0076
407392.9171
399867.6207
391549.5273
382321.3753
372056.0466
360621.2401
347886.3312
333731.6567
318060.2925
300812.0991
281979.4141
261623.2588
239888.3018
217148.7463
193500.0693
169345.9531
145222.9213
121769.327
99656.48214
79495.09276
61744.90382
46657.4043
34267.46212
499783.5673
499672.9209
499544.3407
499402.6603
499253.0514
499098.5851
498939.5991
498774.3531
498600.0039
498413.4326
498211.8601
497993.2533
497756.4633
497501.0339
497226.6979
496932.7109
496617.2843
496277.3765
495908.9443
495507.531
495068.9099
494589.4845
494066.2746
493496.5282
492877.2035
492204.6331
491474.582
490682.6968
489825.1423
488899.113
487902.9452
486835.7201
485696.4741
484483.3102
483192.729
481819.3779
480356.2313
478795.0714
477127.0709
475343.2779
473434.8385
471392.8752
469208.0507
466869.9613
464366.5595
461683.7816
458805.4651
455713.5271
452388.2616
448808.5403
444951.6643
440792.6681
436302.9966
431448.6424
426187.9704
420469.5123
414230.0076
407392.9171
399867.6207
391549.5273
382321.3753
372056.0466
360621.2401
347886.3312
333731.6567
318060.2925
300812.0991
281979.4141
261623.2588
239888.3018
217148.7463
193500.0693
169345.9531
145222.9213
121769.327
99656.48214
79495.09276
61744.90382
46657.4043
34267.46212
499783.5673
499672.9209
499544.3407
499402.6603
499253.0514
499098.5851
498939.5991
498774.3531
498600.0039
498413.4326
498211.8601
497993.2533
497756.4633
497501.0339
497226.6979
496932.7109
496617.2843
496277.3765
495908.9443
495507.531
495068.9099
494589.4845
494066.2746
493496.5282
492877.2035
492204.6331
491474.582
490682.6968
489825.1423
488899.113
487902.9452
486835.7201
485696.4741
484483.3102
483192.729
481819.3779
480356.2313
478795.0714
477127.0709
475343.2779
473434.8385
471392.8752
469208.0507
466869.9613
464366.5595
461683.7816
458805.4651
455713.5271
452388.2616
448808.5403
444951.6643
440792.6681
436302.9966
431448.6424
426187.9704
420469.5123
414230.0076
407392.9171
399867.6207
391549.5273
382321.3753
372056.0466
360621.2401
347886.3312
333731.6567
318060.2925
300812.0991
281979.4141
261623.2588
239888.3018
217148.7463
193500.0693
169345.9531
145222.9213
121769.327
99656.48214
79495.09276
61744.90382
46657.4043
34267.46212
499783.5673
499672.9209
499544.3407
499402.6603
499253.0514
499098.5851
498939.5991
498774.3531
498600.0039
498413.4326
498211.8601
497993.2533
497756.4633
497501.0339
497226.6979
496932.7109
496617.2843
496277.3765
495908.9443
495507.531
495068.9099
494589.4845
494066.2746
493496.5282
492877.2035
492204.6331
491474.582
490682.6968
489825.1423
488899.113
487902.9452
486835.7201
485696.4741
484483.3102
483192.729
481819.3779
480356.2313
478795.0714
477127.0709
475343.2779
473434.8385
471392.8752
469208.0507
466869.9613
464366.5595
461683.7816
458805.4651
455713.5271
452388.2616
448808.5403
444951.6643
440792.6681
436302.9966
431448.6424
426187.9704
420469.5123
414230.0076
407392.9171
399867.6207
391549.5273
382321.3753
372056.0466
360621.2401
347886.3312
333731.6567
318060.2925
300812.0991
281979.4141
261623.2588
239888.3018
217148.7463
193500.0693
169345.9531
145222.9213
121769.327
99656.48214
79495.09276
61744.90382
46657.4043
34267.46212
499783.5673
499672.9209
499544.3407
499402.6603
499253.0514
499098.5851
498939.5991
498774.3531
498600.0039
498413.4326
498211.8601
497993.2533
497756.4633
497501.0339
497226.6979
496932.7109
496617.2843
496277.3765
495908.9443
495507.531
495068.9099
494589.4845
494066.2746
493496.5282
492877.2035
492204.6331
491474.582
490682.6968
489825.1423
488899.113
487902.9452
486835.7201
485696.4741
484483.3102
483192.729
481819.3779
480356.2313
478795.0714
477127.0709
475343.2779
473434.8385
471392.8752
469208.0507
466869.9613
464366.5595
461683.7816
458805.4651
455713.5271
452388.2616
448808.5403
444951.6643
440792.6681
436302.9966
431448.6424
426187.9704
420469.5123
414230.0076
407392.9171
399867.6207
391549.5273
382321.3753
372056.0466
360621.2401
347886.3312
333731.6567
318060.2925
300812.0991
281979.4141
261623.2588
239888.3018
217148.7463
193500.0693
169345.9531
145222.9213
121769.327
99656.48214
79495.09276
61744.90382
46657.4043
34267.46212
499783.5673
499672.9209
499544.3407
499402.6603
499253.0514
499098.5851
498939.5991
498774.3531
498600.0039
498413.4326
498211.8601
497993.2533
497756.4633
497501.0339
497226.6979
496932.7109
496617.2843
496277.3765
495908.9443
495507.531
495068.9099
494589.4845
494066.2746
493496.5282
492877.2035
492204.6331
491474.582
490682.6968
489825.1423
488899.113
487902.9452
486835.7201
485696.4741
484483.3102
483192.729
481819.3779
480356.2313
478795.0714
477127.0709
475343.2779
473434.8385
471392.8752
469208.0507
466869.9613
464366.5595
461683.7816
458805.4651
455713.5271
452388.2616
448808.5403
444951.6643
440792.6681
436302.9966
431448.6424
426187.9704
420469.5123
414230.0076
407392.9171
399867.6207
391549.5273
382321.3753
372056.0466
360621.2401
347886.3312
333731.6567
318060.2925
300812.0991
281979.4141
261623.2588
239888.3018
217148.7463
193500.0693
169345.9531
145222.9213
121769.327
99656.48214
79495.09276
61744.90382
46657.4043
34267.46212
499783.5673
499672.9209
499544.3407
499402.6603
499253.0514
499098.5851
498939.5991
498774.3531
498600.0039
498413.4326
498211.8601
497993.2533
497756.4633
497501.0339
497226.6979
496932.7109
496617.2843
496277.3765
495908.9443
495507.531
495068.9099
494589.4845
494066.2746
493496.5282
492877.2035
492204.6331
491474.582
490682.6968
489825.1423
488899.113
487902.9452
486835.7201
485696.4741
484483.3102
483192.729
481819.3779
480356.2313
478795.0714
477127.0709
475343.2779
473434.8385
471392.8752
469208.0507
466869.9613
464366.5595
461683.7816
458805.4651
455713.5271
452388.2616
448808.5403
444951.6643
440792.6681
436302.9966
431448.6424
426187.9704
420469.5123
414230.0076
407392.9171
399867.6207
391549.5273
382321.3753
372056.0466
360621.2401
347886.3312
333731.6567
318060.2925
300812.0991
281979.4141
261623.2588
239888.3018
217148.7463
193500.0693
169345.9531
145222.9213
121769.327
99656.48214
79495.09276
61744.90382
46657.4043
34267.46212
499783.5673
499672.9209
499544.3407
499402.6603
499253.0514
499098.5851
498939.5991
498774.3531
498600.0039
498413.4326
498211.8601
497993.2533
497756.4633
497501.0339
497226.6979
496932.7109
496617.2843
496277.3765
495908.9443
495507.531
495068.9099
494589.4845
494066.2746
493496.5282
492877.2035
492204.6331
491474.582
490682.6968
489825.1423
488899.113
487902.9452
486835.7201
485696.4741
484483.3102
483192.729
481819.3779
480356.2313
478795.0714
477127.0709
475343.2779
473434.8385
471392.8752
469208.0507
466869.9613
464366.5595
461683.7816
458805.4651
455713.5271
452388.2616
448808.5403
444951.6643
440792.6681
436302.9966
431448.6424
426187.9704
420469.5123
414230.0076
407392.9171
399867.6207
391549.5273
382321.3753
372056.0466
360621.2401
347886.3312
333731.6567
318060.2925
300812.0991
281979.4141
261623.2588
239888.3018
217148.7463
193500.0693
169345.9531
145222.9213
121769.327
99656.48214
79495.09276
61744.90382
46657.4043
34267.46212
499783.5673
499672.9209
499544.3407
499402.6603
499253.0514
499098.5851
498939.5991
498774.3531
498600.0039
498413.4326
498211.8601
497993.2533
497756.4633
497501.0339
497226.6979
496932.7109
496617.2843
496277.3765
495908.9443
495507.531
495068.9099
494589.4845
494066.2746
493496.5282
492877.2035
492204.6331
491474.582
490682.6968
489825.1423
488899.113
487902.9452
486835.7201
485696.4741
484483.3102
483192.729
481819.3779
480356.2313
478795.0714
477127.0709
475343.2779
473434.8385
471392.8752
469208.0507
466869.9613
464366.5595
461683.7816
458805.4651
455713.5271
452388.2616
448808.5403
444951.6643
440792.6681
436302.9966
431448.6424
426187.9704
420469.5123
414230.0076
407392.9171
399867.6207
391549.5273
382321.3753
372056.0466
360621.2401
347886.3312
333731.6567
318060.2925
300812.0991
281979.4141
261623.2588
239888.3018
217148.7463
193500.0693
169345.9531
145222.9213
121769.327
99656.48214
79495.09276
61744.90382
46657.4043
34267.46212
499783.5673
499672.9209
499544.3407
499402.6603
499253.0514
499098.5851
498939.5991
498774.3531
498600.0039
498413.4326
498211.8601
497993.2533
497756.4633
497501.0339
497226.6979
496932.7109
496617.2843
496277.3765
495908.9443
495507.531
495068.9099
494589.4845
494066.2746
493496.5282
492877.2035
492204.6331
491474.582
490682.6968
489825.1423
488899.113
487902.9452
486835.7201
485696.4741
484483.3102
483192.729
481819.3779
480356.2313
478795.0714
477127.0709
475343.2779
473434.8385
471392.8752
469208.0507
466869.9613
464366.5595
461683.7816
458805.4651
455713.5271
452388.2616
448808.5403
444951.6643
440792.6681
436302.9966
431448.6424
426187.9704
420469.5123
414230.0076
407392.9171
399867.6207
391549.5273
382321.3753
372056.0466
360621.2401
347886.3312
333731.6567
318060.2925
300812.0991
281979.4141
261623.2588
239888.3018
217148.7463
193500.0693
169345.9531
145222.9213
121769.327
99656.48214
79495.09276
61744.90382
46657.4043
34267.46212
499783.5673
499672.9209
499544.3407
499402.6603
499253.0514
499098.5851
498939.5991
498774.3531
498600.0039
498413.4326
498211.8601
497993.2533
497756.4633
497501.0339
497226.6979
496932.7109
496617.2843
496277.3765
495908.9443
495507.531
495068.9099
494589.4845
494066.2746
493496.5282
492877.2035
492204.6331
491474.582
490682.6968
489825.1423
488899.113
487902.9452
486835.7201
485696.4741
484483.3102
483192.729
481819.3779
480356.2313
478795.0714
477127.0709
475343.2779
473434.8385
471392.8752
469208.0507
466869.9613
464366.5595
461683.7816
458805.4651
455713.5271
452388.2616
448808.5403
444951.6643
440792.6681
436302.9966
431448.6424
426187.9704
420469.5123
414230.0076
407392.9171
399867.6207
391549.5273
382321.3753
372056.0466
360621.2401
347886.3312
333731.6567
318060.2925
300812.0991
281979.4141
261623.2588
239888.3018
217148.7463
193500.0693
169345.9531
145222.9213
121769.327
99656.48214
79495.09276
61744.90382
46657.4043
34267.46212
499783.5673
499672.9209
499544.3407
499402.6603
499253.0514
499098.5851
498939.5991
498774.3531
498600.0039
498413.4326
498211.8601
497993.2533
497756.4633
497501.0339
497226.6979
496932.7109
496617.2843
496277.3765
495908.9443
495507.531
495068.9099
494589.4845
494066.2746
493496.5282
492877.2035
492204.6331
491474.582
490682.6968
489825.1423
488899.113
487902.9452
486835.7201
485696.4741
484483.3102
483192.729
481819.3779
480356.2313
478795.0714
477127.0709
475343.2779
473434.8385
471392.8752
469208.0507
466869.9613
464366.5595
461683.7816
458805.4651
455713.5271
452388.2616
448808.5403
444951.6643
440792.6681
436302.9966
431448.6424
426187.9704
420469.5123
414230.0076
407392.9171
399867.6207
391549.5273
382321.3753
372056.0466
360621.2401
347886.3312
333731.6567
318060.2925
300812.0991
281979.4141
261623.2588
239888.3018
217148.7463
193500.0693
169345.9531
145222.9213
121769.327
99656.48214
79495.09276
61744.90382
46657.4043
34267.46212
499783.5673
499672.9209
499544.3407
499402.6603
499253.0514
499098.5851
498939.5991
498774.3531
498600.0039
498413.4326
498211.8601
497993.2533
497756.4633
497501.0339
497226.6979
496932.7109
496617.2843
496277.3765
495908.9443
495507.531
495068.9099
494589.4845
494066.2746
493496.5282
492877.2035
492204.6331
491474.582
490682.6968
489825.1423
488899.113
487902.9452
486835.7201
485696.4741
484483.3102
483192.729
481819.3779
480356.2313
478795.0714
477127.0709
475343.2779
473434.8385
471392.8752
469208.0507
466869.9613
464366.5595
461683.7816
458805.4651
455713.5271
452388.2616
448808.5403
444951.6643
440792.6681
436302.9966
431448.6424
426187.9704
420469.5123
414230.0076
407392.9171
399867.6207
391549.5273
382321.3753
372056.0466
360621.2401
347886.3312
333731.6567
318060.2925
300812.0991
281979.4141
261623.2588
239888.3018
217148.7463
193500.0693
169345.9531
145222.9213
121769.327
99656.48214
79495.09276
61744.90382
46657.4043
34267.46212
499783.5673
499672.9209
499544.3407
499402.6603
499253.0514
499098.5851
498939.5991
498774.3531
498600.0039
498413.4326
498211.8601
497993.2533
497756.4633
497501.0339
497226.6979
496932.7109
496617.2843
496277.3765
495908.9443
495507.531
495068.9099
494589.4845
494066.2746
493496.5282
492877.2035
492204.6331
491474.582
490682.6968
489825.1423
488899.113
487902.9452
486835.7201
485696.4741
484483.3102
483192.729
481819.3779
480356.2313
478795.0714
477127.0709
475343.2779
473434.8385
471392.8752
469208.0507
466869.9613
464366.5595
461683.7816
458805.4651
455713.5271
452388.2616
448808.5403
444951.6643
440792.6681
436302.9966
431448.6424
426187.9704
420469.5123
414230.0076
407392.9171
399867.6207
391549.5273
382321.3753
372056.0466
360621.2401
347886.3312
333731.6567
318060.2925
300812.0991
281979.4141
261623.2588
239888.3018
217148.7463
193500.0693
169345.9531
145222.9213
121769.327
99656.48214
79495.09276
61744.90382
46657.4043
34267.46212
499783.5673
499672.9209
499544.3407
499402.6603
499253.0514
499098.5851
498939.5991
498774.3531
498600.0039
498413.4326
498211.8601
497993.2533
497756.4633
497501.0339
497226.6979
496932.7109
496617.2843
496277.3765
495908.9443
495507.531
495068.9099
494589.4845
494066.2746
493496.5282
492877.2035
492204.6331
491474.582
490682.6968
489825.1423
488899.113
487902.9452
486835.7201
485696.4741
484483.3102
483192.729
481819.3779
480356.2313
478795.0714
477127.0709
475343.2779
473434.8385
471392.8752
469208.0507
466869.9613
464366.5595
461683.7816
458805.4651
455713.5271
452388.2616
448808.5403
444951.6643
440792.6681
436302.9966
431448.6424
426187.9704
420469.5123
414230.0076
407392.9171
399867.6207
391549.5273
382321.3753
372056.0466
360621.2401
347886.3312
333731.6567
318060.2925
300812.0991
281979.4141
261623.2588
239888.3018
217148.7463
193500.0693
169345.9531
145222.9213
121769.327
99656.48214
79495.09276
61744.90382
46657.4043
34267.46212
499783.5673
499672.9209
499544.3407
499402.6603
499253.0514
499098.5851
498939.5991
498774.3531
498600.0039
498413.4326
498211.8601
497993.2533
497756.4633
497501.0339
497226.6979
496932.7109
496617.2843
496277.3765
495908.9443
495507.531
495068.9099
494589.4845
494066.2746
493496.5282
492877.2035
492204.6331
491474.582
490682.6968
489825.1423
488899.113
487902.9452
486835.7201
485696.4741
484483.3102
483192.729
481819.3779
480356.2313
478795.0714
477127.0709
475343.2779
473434.8385
471392.8752
469208.0507
466869.9613
464366.5595
461683.7816
458805.4651
455713.5271
452388.2616
448808.5403
444951.6643
440792.6681
436302.9966
431448.6424
426187.9704
420469.5123
414230.0076
407392.9171
399867.6207
391549.5273
382321.3753
372056.0466
360621.2401
347886.3312
333731.6567
318060.2925
300812.0991
281979.4141
261623.2588
239888.3018
217148.7463
193500.0693
169345.9531
145222.9213
121769.327
99656.48214
79495.09276
61744.90382
46657.4043
34267.46212
499783.5673
499672.9209
499544.3407
499402.6603
499253.0514
499098.5851
498939.5991
498774.3531
498600.0039
498413.4326
498211.8601
497993.2533
497756.4633
497501.0339
497226.6979
496932.7109
496617.2843
496277.3765
495908.9443
495507.531
495068.9099
494589.4845
494066.2746
493496.5282
492877.2035
492204.6331
491474.582
490682.6968
489825.1423
488899.113
487902.9452
486835.7201
485696.4741
484483.3102
483192.729
481819.3779
480356.2313
478795.0714
477127.0709
475343.2779
473434.8385
471392.8752
469208.0507
466869.9613
464366.5595
461683.7816
458805.4651
455713.5271
452388.2616
448808.5403
444951.6643
440792.6681
436302.9966
431448.6424
426187.9704
420469.5123
414230.0076
407392.9171
399867.6207
391549.5273
382321.3753
372056.0466
360621.2401
347886.3312
333731.6567
318060.2925
300812.0991
281979.4141
261623.2588
239888.3018
217148.7463
193500.0693
169345.9531
145222.9213
121769.327
99656.48214
79495.09276
61744.90382
46657.4043
34267.46212
499783.5673
499672.9209
499544.3407
499402.6603
499253.0514
499098.5851
498939.5991
498774.3531
498600.0039
498413.4326
498211.8601
497993.2533
497756.4633
497501.0339
497226.6979
496932.7109
496617.2843
496277.3765
495908.9443
495507.531
495068.9099
494589.4845
494066.2746
493496.5282
492877.2035
492204.6331
491474.582
490682.6968
489825.1423
488899.113
487902.9452
486835.7201
485696.4741
484483.3102
483192.729
481819.3779
480356.2313
478795.0714
477127.0709
475343.2779
473434.8385
471392.8752
469208.0507
466869.9613
464366.5595
461683.7816
458805.4651
455713.5271
452388.2616
448808.5403
444951.6643
440792.6681
436302.9966
431448.6424
426187.9704
420469.5123
414230.0076
407392.9171
399867.6207
391549.5273
382321.3753
372056.0466
360621.2401
347886.3312
333731.6567
318060.2925
300812.0991
281979.4141
261623.2588
239888.3018
217148.7463
193500.0693
169345.9531
145222.9213
121769.327
99656.48214
79495.09276
61744.90382
46657.4043
34267.46212
499783.5673
499672.9209
499544.3407
499402.6603
499253.0514
499098.5851
498939.5991
498774.3531
498600.0039
498413.4326
498211.8601
497993.2533
497756.4633
497501.0339
497226.6979
496932.7109
496617.2843
496277.3765
495908.9443
495507.531
495068.9099
494589.4845
494066.2746
493496.5282
492877.2035
492204.6331
491474.582
490682.6968
489825.1423
488899.113
487902.9452
486835.7201
485696.4741
484483.3102
483192.729
481819.3779
480356.2313
478795.0714
477127.0709
475343.2779
473434.8385
471392.8752
469208.0507
466869.9613
464366.5595
461683.7816
458805.4651
455713.5271
452388.2616
448808.5403
444951.6643
440792.6681
436302.9966
431448.6424
426187.9704
420469.5123
414230.0076
407392.9171
399867.6207
391549.5273
382321.3753
372056.0466
360621.2401
347886.3312
333731.6567
318060.2925
300812.0991
281979.4141
261623.2588
239888.3018
217148.7463
193500.0693
169345.9531
145222.9213
121769.327
99656.48214
79495.09276
61744.90382
46657.4043
34267.46212
499783.5673
499672.9209
499544.3407
499402.6603
499253.0514
499098.5851
498939.5991
498774.3531
498600.0039
498413.4326
498211.8601
497993.2533
497756.4633
497501.0339
497226.6979
496932.7109
496617.2843
496277.3765
495908.9443
495507.531
495068.9099
494589.4845
494066.2746
493496.5282
492877.2035
492204.6331
491474.582
490682.6968
489825.1423
488899.113
487902.9452
486835.7201
485696.4741
484483.3102
483192.729
481819.3779
480356.2313
478795.0714
477127.0709
475343.2779
473434.8385
471392.8752
469208.0507
466869.9613
464366.5595
461683.7816
458805.4651
455713.5271
452388.2616
448808.5403
444951.6643
440792.6681
436302.9966
431448.6424
426187.9704
420469.5123
414230.0076
407392.9171
399867.6207
391549.5273
382321.3753
372056.0466
360621.2401
347886.3312
333731.6567
318060.2925
300812.0991
281979.4141
261623.2588
239888.3018
217148.7463
193500.0693
169345.9531
145222.9213
121769.327
99656.48214
79495.09276
61744.90382
46657.4043
34267.46212
499783.5673
499672.9209
499544.3407
499402.6603
499253.0514
499098.5851
498939.5991
498774.3531
498600.0039
498413.4326
498211.8601
497993.2533
497756.4633
497501.0339
497226.6979
496932.7109
496617.2843
496277.3765
495908.9443
495507.531
495068.9099
494589.4845
494066.2746
493496.5282
492877.2035
492204.6331
491474.582
490682.6968
489825.1423
488899.113
487902.9452
486835.7201
485696.4741
484483.3102
483192.729
481819.3779
480356.2313
478795.0714
477127.0709
475343.2779
473434.8385
471392.8752
469208.0507
466869.9613
464366.5595
461683.7816
458805.4651
455713.5271
452388.2616
448808.5403
444951.6643
440792.6681
436302.9966
431448.6424
426187.9704
420469.5123
414230.0076
407392.9171
399867.6207
391549.5273
382321.3753
372056.0466
360621.2401
347886.3312
333731.6567
318060.2925
300812.0991
281979.4141
261623.2588
239888.3018
217148.7463
193500.0693
169345.9531
145222.9213
121769.327
99656.48214
79495.09276
61744.90382
46657.4043
34267.46212
499783.5673
499672.9209
499544.3407
499402.6603
499253.0514
499098.5851
498939.5991
498774.3531
498600.0039
498413.4326
498211.8601
497993.2533
497756.4633
497501.0339
497226.6979
496932.7109
496617.2843
496277.3765
495908.9443
495507.531
495068.9099
494589.4845
494066.2746
493496.5282
492877.2035
492204.6331
491474.582
490682.6968
489825.1423
488899.113
487902.9452
486835.7201
485696.4741
484483.3102
483192.729
481819.3779
480356.2313
478795.0714
477127.0709
475343.2779
473434.8385
471392.8752
469208.0507
466869.9613
464366.5595
461683.7816
458805.4651
455713.5271
452388.2616
448808.5403
444951.6643
440792.6681
436302.9966
431448.6424
426187.9704
420469.5123
414230.0076
407392.9171
399867.6207
391549.5273
382321.3753
372056.0466
360621.2401
347886.3312
333731.6567
318060.2925
300812.0991
281979.4141
261623.2588
239888.3018
217148.7463
193500.0693
169345.9531
145222.9213
121769.327
99656.48214
79495.09276
61744.90382
46657.4043
34267.46212
499783.5673
499672.9209
499544.3407
499402.6603
499253.0514
499098.5851
498939.5991
498774.3531
498600.0039
498413.4326
498211.8601
497993.2533
497756.4633
497501.0339
497226.6979
496932.7109
496617.2843
496277.3765
495908.9443
495507.531
495068.9099
494589.4845
494066.2746
493496.5282
492877.2035
492204.6331
491474.582
490682.6968
489825.1423
488899.113
487902.9452
486835.7201
485696.4741
484483.3102
483192.729
481819.3779
480356.2313
478795.0714
477127.0709
475343.2779
473434.8385
471392.8752
469208.0507
466869.9613
464366.5595
461683.7816
458805.4651
455713.5271
452388.2616
448808.5403
444951.6643
440792.6681
436302.9966
431448.6424
426187.9704
420469.5123
414230.0076
407392.9171
399867.6207
391549.5273
382321.3753
372056.0466
360621.2401
347886.3312
333731.6567
318060.2925
300812.0991
281979.4141
261623.2588
239888.3018
217148.7463
193500.0693
169345.9531
145222.9213
121769.327
99656.48214
79495.09276
61744.90382
46657.4043
34267.46212
499783.5673
499672.9209
499544.3407
499402.6603
499253.0514
499098.5851
498939.5991
498774.3531
498600.0039
498413.4326
498211.8601
497993.2533
497756.4633
497501.0339
497226.6979
496932.7109
496617.2843
496277.3765
495908.9443
495507.531
495068.9099
494589.4845
494066.2746
493496.5282
492877.2035
492204.6331
491474.582
490682.6968
489825.1423
488899.113
487902.9452
486835.7201
485696.4741
484483.3102
483192.729
481819.3779
480356.2313
478795.0714
477127.0709
475343.2779
473434.8385
471392.8752
469208.0507
466869.9613
464366.5595
461683.7816
458805.4651
455713.5271
452388.2616
448808.5403
444951.6643
440792.6681
436302.9966
431448.6424
426187.9704
420469.5123
414230.0076
407392.9171
399867.6207
391549.5273
382321.3753
372056.0466
360621.2401
347886.3312
333731.6567
318060.2925
300812.0991
281979.4141
261623.2588
239888.3018
217148.7463
193500.0693
169345.9531
145222.9213
121769.327
99656.48214
79495.09276
61744.90382
46657.4043
34267.46212
499783.5673
499672.9209
499544.3407
499402.6603
499253.0514
499098.5851
498939.5991
498774.3531
498600.0039
498413.4326
498211.8601
497993.2533
497756.4633
497501.0339
497226.6979
496932.7109
496617.2843
496277.3765
495908.9443
495507.531
495068.9099
494589.4845
494066.2746
493496.5282
492877.2035
492204.6331
491474.582
490682.6968
489825.1423
488899.113
487902.9452
486835.7201
485696.4741
484483.3102
483192.729
481819.3779
480356.2313
478795.0714
477127.0709
475343.2779
473434.8385
471392.8752
469208.0507
466869.9613
464366.5595
461683.7816
458805.4651
455713.5271
452388.2616
448808.5403
444951.6643
440792.6681
436302.9966
431448.6424
426187.9704
420469.5123
414230.0076
407392.9171
399867.6207
391549.5273
382321.3753
372056.0466
360621.2401
347886.3312
333731.6567
318060.2925
300812.0991
281979.4141
261623.2588
239888.3018
217148.7463
193500.0693
169345.9531
145222.9213
121769.327
99656.48214
79495.09276
61744.90382
46657.4043
34267.46212
499783.5673
499672.9209
499544.3407
499402.6603
499253.0514
499098.5851
498939.5991
498774.3531
498600.0039
498413.4326
498211.8601
497993.2533
497756.4633
497501.0339
497226.6979
496932.7109
496617.2843
496277.3765
495908.9443
495507.531
495068.9099
494589.4845
494066.2746
493496.5282
492877.2035
492204.6331
491474.582
490682.6968
489825.1423
488899.113
487902.9452
486835.7201
485696.4741
484483.3102
483192.729
481819.3779
480356.2313
478795.0714
477127.0709
475343.2779
473434.8385
471392.8752
469208.0507
466869.9613
464366.5595
461683.7816
458805.4651
455713.5271
452388.2616
448808.5403
444951.6643
440792.6681
436302.9966
431448.6424
426187.9704
420469.5123
414230.0076
407392.9171
399867.6207
391549.5273
382321.3753
372056.0466
360621.2401
347886.3312
333731.6567
318060.2925
300812.0991
281979.4141
261623.2588
239888.3018
217148.7463
193500.0693
169345.9531
145222.9213
121769.327
99656.48214
79495.09276
61744.90382
46657.4043
34267.46212
499783.5673
499672.9209
499544.3407
499402.6603
499253.0514
499098.5851
498939.5991
498774.3531
498600.0039
498413.4326
498211.8601
497993.2533
497756.4633
497501.0339
497226.6979
496932.7109
496617.2843
496277.3765
495908.9443
495507.531
495068.9099
494589.4845
494066.2746
493496.5282
492877.2035
492204.6331
491474.582
490682.6968
489825.1423
488899.113
487902.9452
486835.7201
485696.4741
484483.3102
483192.729
481819.3779
480356.2313
478795.0714
477127.0709
475343.2779
473434.8385
471392.8752
469208.0507
466869.9613
464366.5595
461683.7816
458805.4651
455713.5271
452388.2616
448808.5403
444951.6643
440792.6681
436302.9966
431448.6424
426187.9704
420469.5123
414230.0076
407392.9171
399867.6207
391549.5273
382321.3753
372056.0466
360621.2401
347886.3312
333731.6567
318060.2925
300812.0991
281979.4141
261623.2588
239888.3018
217148.7463
193500.0693
169345.9531
145222.9213
121769.327
99656.48214
79495.09276
61744.90382
46657.4043
34267.46212
499783.5673
499672.9209
499544.3407
499402.6603
499253.0514
499098.5851
498939.5991
498774.3531
498600.0039
498413.4326
498211.8601
497993.2533
497756.4633
497501.0339
497226.6979
496932.7109
496617.2843
496277.3765
495908.9443
495507.531
495068.9099
494589.4845
494066.2746
493496.5282
492877.2035
492204.6331
491474.582
490682.6968
489825.1423
488899.113
487902.9452
486835.7201
485696.4741
484483.3102
483192.729
481819.3779
480356.2313
478795.0714
477127.0709
475343.2779
473434.8385
471392.8752
469208.0507
466869.9613
464366.5595
461683.7816
458805.4651
455713.5271
452388.2616
448808.5403
444951.6643
440792.6681
436302.9966
431448.6424
426187.9704
420469.5123
414230.0076
407392.9171
399867.6207
391549.5273
382321.3753
372056.0466
360621.2401
347886.3312
333731.6567
318060.2925
300812.0991
281979.4141
261623.2588
239888.3018
217148.7463
193500.0693
169345.9531
145222.9213
121769.327
99656.48214
79495.09276
61744.90382
46657.4043
34267.46212
499783.5673
499672.9209
499544.3407
499402.6603
499253.0514
499098.5851
498939.5991
498774.3531
498600.0039
498413.4326
498211.8601
497993.2533
497756.4633
497501.0339
497226.6979
496932.7109
496617.2843
496277.3765
495908.9443
495507.531
495068.9099
494589.4845
494066.2746
493496.5282
492877.2035
492204.6331
491474.582
490682.6968
489825.1423
488899.113
487902.9452
486835.7201
485696.4741
484483.3102
483192.729
481819.3779
480356.2313
478795.0714
477127.0709
475343.2779
473434.8385
471392.8752
469208.0507
466869.9613
464366.5595
461683.7816
458805.4651
455713.5271
452388.2616
448808.5403
444951.6643
440792.6681
436302.9966
431448.6424
426187.9704
420469.5123
414230.0076
407392.9171
399867.6207
391549.5273
382321.3753
372056.0466
360621.2401
347886.3312
333731.6567
318060.2925
300812.0991
281979.4141
261623.2588
239888.3018
217148.7463
193500.0693
169345.9531
145222.9213
121769.327
99656.48214
79495.09276
61744.90382
46657.4043
34267.46212
499783.5673
499672.9209
499544.3407
499402.6603
499253.0514
499098.5851
498939.5991
498774.3531
498600.0039
498413.4326
498211.8601
497993.2533
497756.4633
497501.0339
497226.6979
496932.7109
496617.2843
496277.3765
495908.9443
495507.531
495068.9099
494589.4845
494066.2746
493496.5282
492877.2035
492204.6331
491474.582
490682.6968
489825.1423
488899.113
487902.9452
486835.7201
485696.4741
484483.3102
483192.729
481819.3779
480356.2313
478795.0714
477127.0709
475343.2779
473434.8385
471392.8752
469208.0507
466869.9613
464366.5595
461683.7816
458805.4651
455713.5271
452388.2616
448808.5403
444951.6643
440792.6681
436302.9966
431448.6424
426187.9704
420469.5123
414230.0076
407392.9171
399867.6207
391549.5273
382321.3753
372056.0466
360621.2401
347886.3312
333731.6567
318060.2925
300812.0991
281979.4141
261623.2588
239888.3018
217148.7463
193500.0693
169345.9531
145222.9213
121769.327
99656.48214
79495.09276
61744.90382
46657.4043
34267.46212
499783.5673
499672.9209
499544.3407
499402.6603
499253.0514
499098.5851
498939.5991
498774.3531
498600.0039
498413.4326
498211.8601
497993.2533
497756.4633
497501.0339
497226.6979
496932.7109
496617.2843
496277.3765
495908.9443
495507.531
495068.9099
494589.4845
494066.2746
493496.5282
492877.2035
492204.6331
491474.582
490682.6968
489825.1423
488899.113
487902.9452
486835.7201
485696.4741
484483.3102
483192.729
481819.3779
480356.2313
478795.0714
477127.0709
475343.2779
473434.8385
471392.8752
469208.0507
466869.9613
464366.5595
461683.7816
458805.4651
455713.5271
452388.2616
448808.5403
444951.6643
440792.6681
436302.9966
431448.6424
426187.9704
420469.5123
414230.0076
407392.9171
399867.6207
391549.5273
382321.3753
372056.0466
360621.2401
347886.3312
333731.6567
318060.2925
300812.0991
281979.4141
261623.2588
239888.3018
217148.7463
193500.0693
169345.9531
145222.9213
121769.327
99656.48214
79495.09276
61744.90382
46657.4043
34267.46212
499783.5673
499672.9209
499544.3407
499402.6603
499253.0514
499098.5851
498939.5991
498774.3531
498600.0039
498413.4326
498211.8601
497993.2533
497756.4633
497501.0339
497226.6979
496932.7109
496617.2843
496277.3765
495908.9443
495507.531
495068.9099
494589.4845
494066.2746
493496.5282
492877.2035
492204.6331
491474.582
490682.6968
489825.1423
488899.113
487902.9452
486835.7201
485696.4741
484483.3102
483192.729
481819.3779
480356.2313
478795.0714
477127.0709
475343.2779
473434.8385
471392.8752
469208.0507
466869.9613
464366.5595
461683.7816
458805.4651
455713.5271
452388.2616
448808.5403
444951.6643
440792.6681
436302.9966
431448.6424
426187.9704
420469.5123
414230.0076
407392.9171
399867.6207
391549.5273
382321.3753
372056.0466
360621.2401
347886.3312
333731.6567
318060.2925
300812.0991
281979.4141
261623.2588
239888.3018
217148.7463
193500.0693
169345.9531
145222.9213
121769.327
99656.48214
79495.09276
61744.90382
46657.4043
34267.46212
499783.5673
499672.9209
499544.3407
499402.6603
499253.0514
499098.5851
498939.5991
498774.3531
498600.0039
498413.4326
498211.8601
497993.2533
497756.4633
497501.0339
497226.6979
496932.7109
496617.2843
496277.3765
495908.9443
495507.531
495068.9099
494589.4845
494066.2746
493496.5282
492877.2035
492204.6331
491474.582
490682.6968
489825.1423
488899.113
487902.9452
486835.7201
485696.4741
484483.3102
483192.729
481819.3779
480356.2313
478795.0714
477127.0709
475343.2779
473434.8385
471392.8752
469208.0507
466869.9613
464366.5595
461683.7816
458805.4651
455713.5271
452388.2616
448808.5403
444951.6643
440792.6681
436302.9966
431448.6424
426187.9704
420469.5123
414230.0076
407392.9171
399867.6207
391549.5273
382321.3753
372056.0466
360621.2401
347886.3312
333731.6567
318060.2925
300812.0991
281979.4141
261623.2588
239888.3018
217148.7463
193500.0693
169345.9531
145222.9213
121769.327
99656.48214
79495.09276
61744.90382
46657.4043
34267.46212
499783.5673
499672.9209
499544.3407
499402.6603
499253.0514
499098.5851
498939.5991
498774.3531
498600.0039
498413.4326
498211.8601
497993.2533
497756.4633
497501.0339
497226.6979
496932.7109
496617.2843
496277.3765
495908.9443
495507.531
495068.9099
494589.4845
494066.2746
493496.5282
492877.2035
492204.6331
491474.582
490682.6968
489825.1423
488899.113
487902.9452
486835.7201
485696.4741
484483.3102
483192.729
481819.3779
480356.2313
478795.0714
477127.0709
475343.2779
473434.8385
471392.8752
469208.0507
466869.9613
464366.5595
461683.7816
458805.4651
455713.5271
452388.2616
448808.5403
444951.6643
440792.6681
436302.9966
431448.6424
426187.9704
420469.5123
414230.0076
407392.9171
399867.6207
391549.5273
382321.3753
372056.0466
360621.2401
347886.3312
333731.6567
318060.2925
300812.0991
281979.4141
261623.2588
239888.3018
217148.7463
193500.0693
169345.9531
145222.9213
121769.327
99656.48214
79495.09276
61744.90382
46657.4043
34267.46212
499783.5673
499672.9209
499544.3407
499402.6603
499253.0514
499098.5851
498939.5991
498774.3531
498600.0039
498413.4326
498211.8601
497993.2533
497756.4633
497501.0339
497226.6979
496932.7109
496617.2843
496277.3765
495908.9443
495507.531
495068.9099
494589.4845
494066.2746
493496.5282
492877.2035
492204.6331
491474.582
490682.6968
489825.1423
488899.113
487902.9452
486835.7201
485696.4741
484483.3102
483192.729
481819.3779
480356.2313
478795.0714
477127.0709
475343.2779
473434.8385
471392.8752
469208.0507
466869.9613
464366.5595
461683.7816
458805.4651
455713.5271
452388.2616
448808.5403
444951.6643
440792.6681
436302.9966
431448.6424
426187.9704
420469.5123
414230.0076
407392.9171
399867.6207
391549.5273
382321.3753
372056.0466
360621.2401
347886.3312
333731.6567
318060.2925
300812.0991
281979.4141
261623.2588
239888.3018
217148.7463
193500.0693
169345.9531
145222.9213
121769.327
99656.48214
79495.09276
61744.90382
46657.4043
34267.46212
499783.5673
499672.9209
499544.3407
499402.6603
499253.0514
499098.5851
498939.5991
498774.3531
498600.0039
498413.4326
498211.8601
497993.2533
497756.4633
497501.0339
497226.6979
496932.7109
496617.2843
496277.3765
495908.9443
495507.531
495068.9099
494589.4845
494066.2746
493496.5282
492877.2035
492204.6331
491474.582
490682.6968
489825.1423
488899.113
487902.9452
486835.7201
485696.4741
484483.3102
483192.729
481819.3779
480356.2313
478795.0714
477127.0709
475343.2779
473434.8385
471392.8752
469208.0507
466869.9613
464366.5595
461683.7816
458805.4651
455713.5271
452388.2616
448808.5403
444951.6643
440792.6681
436302.9966
431448.6424
426187.9704
420469.5123
414230.0076
407392.9171
399867.6207
391549.5273
382321.3753
372056.0466
360621.2401
347886.3312
333731.6567
318060.2925
300812.0991
281979.4141
261623.2588
239888.3018
217148.7463
193500.0693
169345.9531
145222.9213
121769.327
99656.48214
79495.09276
61744.90382
46657.4043
34267.46212
499783.5673
499672.9209
499544.3407
499402.6603
499253.0514
499098.5851
498939.5991
498774.3531
498600.0039
498413.4326
498211.8601
497993.2533
497756.4633
497501.0339
497226.6979
496932.7109
496617.2843
496277.3765
495908.9443
495507.531
495068.9099
494589.4845
494066.2746
493496.5282
492877.2035
492204.6331
491474.582
490682.6968
489825.1423
488899.113
487902.9452
486835.7201
485696.4741
484483.3102
483192.729
481819.3779
480356.2313
478795.0714
477127.0709
475343.2779
473434.8385
471392.8752
469208.0507
466869.9613
464366.5595
461683.7816
458805.4651
455713.5271
452388.2616
448808.5403
444951.6643
440792.6681
436302.9966
431448.6424
426187.9704
420469.5123
414230.0076
407392.9171
399867.6207
391549.5273
382321.3753
372056.0466
360621.2401
347886.3312
333731.6567
318060.2925
300812.0991
281979.4141
261623.2588
239888.3018
217148.7463
193500.0693
169345.9531
145222.9213
121769.327
99656.48214
79495.09276
61744.90382
46657.4043
34267.46212
499783.5673
499672.9209
499544.3407
499402.6603
499253.0514
499098.5851
498939.5991
498774.3531
498600.0039
498413.4326
498211.8601
497993.2533
497756.4633
497501.0339
497226.6979
496932.7109
496617.2843
496277.3765
495908.9443
495507.531
495068.9099
494589.4845
494066.2746
493496.5282
492877.2035
492204.6331
491474.582
490682.6968
489825.1423
488899.113
487902.9452
486835.7201
485696.4741
484483.3102
483192.729
481819.3779
480356.2313
478795.0714
477127.0709
475343.2779
473434.8385
471392.8752
469208.0507
466869.9613
464366.5595
461683.7816
458805.4651
455713.5271
452388.2616
448808.5403
444951.6643
440792.6681
436302.9966
431448.6424
426187.9704
420469.5123
414230.0076
407392.9171
399867.6207
391549.5273
382321.3753
372056.0466
360621.2401
347886.3312
333731.6567
318060.2925
300812.0991
281979.4141
261623.2588
239888.3018
217148.7463
193500.0693
169345.9531
145222.9213
121769.327
99656.48214
79495.09276
61744.90382
46657.4043
34267.46212
499783.5673
499672.9209
499544.3407
499402.6603
499253.0514
499098.5851
498939.5991
498774.3531
498600.0039
498413.4326
498211.8601
497993.2533
497756.4633
497501.0339
497226.6979
496932.7109
496617.2843
496277.3765
495908.9443
495507.531
495068.9099
494589.4845
494066.2746
493496.5282
492877.2035
492204.6331
491474.582
490682.6968
489825.1423
488899.113
487902.9452
486835.7201
485696.4741
484483.3102
483192.729
481819.3779
480356.2313
478795.0714
477127.0709
475343.2779
473434.8385
471392.8752
469208.0507
466869.9613
464366.5595
461683.7816
458805.4651
455713.5271
452388.2616
448808.5403
444951.6643
440792.6681
436302.9966
431448.6424
426187.9704
420469.5123
414230.0076
407392.9171
399867.6207
391549.5273
382321.3753
372056.0466
360621.2401
347886.3312
333731.6567
318060.2925
300812.0991
281979.4141
261623.2588
239888.3018
217148.7463
193500.0693
169345.9531
145222.9213
121769.327
99656.48214
79495.09276
61744.90382
46657.4043
34267.46212
499783.5673
499672.9209
499544.3407
499402.6603
499253.0514
499098.5851
498939.5991
498774.3531
498600.0039
498413.4326
498211.8601
497993.2533
497756.4633
497501.0339
497226.6979
496932.7109
496617.2843
496277.3765
495908.9443
495507.531
495068.9099
494589.4845
494066.2746
493496.5282
492877.2035
492204.6331
491474.582
490682.6968
489825.1423
488899.113
487902.9452
486835.7201
485696.4741
484483.3102
483192.729
481819.3779
480356.2313
478795.0714
477127.0709
475343.2779
473434.8385
471392.8752
469208.0507
466869.9613
464366.5595
461683.7816
458805.4651
455713.5271
452388.2616
448808.5403
444951.6643
440792.6681
436302.9966
431448.6424
426187.9704
420469.5123
414230.0076
407392.9171
399867.6207
391549.5273
382321.3753
372056.0466
360621.2401
347886.3312
333731.6567
318060.2925
300812.0991
281979.4141
261623.2588
239888.3018
217148.7463
193500.0693
169345.9531
145222.9213
121769.327
99656.48214
79495.09276
61744.90382
46657.4043
34267.46212
499783.5673
499672.9209
499544.3407
499402.6603
499253.0514
499098.5851
498939.5991
498774.3531
498600.0039
498413.4326
498211.8601
497993.2533
497756.4633
497501.0339
497226.6979
496932.7109
496617.2843
496277.3765
495908.9443
495507.531
495068.9099
494589.4845
494066.2746
493496.5282
492877.2035
492204.6331
491474.582
490682.6968
489825.1423
488899.113
487902.9452
486835.7201
485696.4741
484483.3102
483192.729
481819.3779
480356.2313
478795.0714
477127.0709
475343.2779
473434.8385
471392.8752
469208.0507
466869.9613
464366.5595
461683.7816
458805.4651
455713.5271
452388.2616
448808.5403
444951.6643
440792.6681
436302.9966
431448.6424
426187.9704
420469.5123
414230.0076
407392.9171
399867.6207
391549.5273
382321.3753
372056.0466
360621.2401
347886.3312
333731.6567
318060.2925
300812.0991
281979.4141
261623.2588
239888.3018
217148.7463
193500.0693
169345.9531
145222.9213
121769.327
99656.48214
79495.09276
61744.90382
46657.4043
34267.46212
499783.5673
499672.9209
499544.3407
499402.6603
499253.0514
499098.5851
498939.5991
498774.3531
498600.0039
498413.4326
498211.8601
497993.2533
497756.4633
497501.0339
497226.6979
496932.7109
496617.2843
496277.3765
495908.9443
495507.531
495068.9099
494589.4845
494066.2746
493496.5282
492877.2035
492204.6331
491474.582
490682.6968
489825.1423
488899.113
487902.9452
486835.7201
485696.4741
484483.3102
483192.729
481819.3779
480356.2313
478795.0714
477127.0709
475343.2779
473434.8385
471392.8752
469208.0507
466869.9613
464366.5595
461683.7816
458805.4651
455713.5271
452388.2616
448808.5403
444951.6643
440792.6681
436302.9966
431448.6424
426187.9704
420469.5123
414230.0076
407392.9171
399867.6207
391549.5273
382321.3753
372056.0466
360621.2401
347886.3312
333731.6567
318060.2925
300812.0991
281979.4141
261623.2588
239888.3018
217148.7463
193500.0693
169345.9531
145222.9213
121769.327
99656.48214
79495.09276
61744.90382
46657.4043
34267.46212
499783.5673
499672.9209
499544.3407
499402.6603
499253.0514
499098.5851
498939.5991
498774.3531
498600.0039
498413.4326
498211.8601
497993.2533
497756.4633
497501.0339
497226.6979
496932.7109
496617.2843
496277.3765
495908.9443
495507.531
495068.9099
494589.4845
494066.2746
493496.5282
492877.2035
492204.6331
491474.582
490682.6968
489825.1423
488899.113
487902.9452
486835.7201
485696.4741
484483.3102
483192.729
481819.3779
480356.2313
478795.0714
477127.0709
475343.2779
473434.8385
471392.8752
469208.0507
466869.9613
464366.5595
461683.7816
458805.4651
455713.5271
452388.2616
448808.5403
444951.6643
440792.6681
436302.9966
431448.6424
426187.9704
420469.5123
414230.0076
407392.9171
399867.6207
391549.5273
382321.3753
372056.0466
360621.2401
347886.3312
333731.6567
318060.2925
300812.0991
281979.4141
261623.2588
239888.3018
217148.7463
193500.0693
169345.9531
145222.9213
121769.327
99656.48214
79495.09276
61744.90382
46657.4043
34267.46212
499783.5673
499672.9209
499544.3407
499402.6603
499253.0514
499098.5851
498939.5991
498774.3531
498600.0039
498413.4326
498211.8601
497993.2533
497756.4633
497501.0339
497226.6979
496932.7109
496617.2843
496277.3765
495908.9443
495507.531
495068.9099
494589.4845
494066.2746
493496.5282
492877.2035
492204.6331
491474.582
490682.6968
489825.1423
488899.113
487902.9452
486835.7201
485696.4741
484483.3102
483192.729
481819.3779
480356.2313
478795.0714
477127.0709
475343.2779
473434.8385
471392.8752
469208.0507
466869.9613
464366.5595
461683.7816
458805.4651
455713.5271
452388.2616
448808.5403
444951.6643
440792.6681
436302.9966
431448.6424
426187.9704
420469.5123
414230.0076
407392.9171
399867.6207
391549.5273
382321.3753
372056.0466
360621.2401
347886.3312
333731.6567
318060.2925
300812.0991
281979.4141
261623.2588
239888.3018
217148.7463
193500.0693
169345.9531
145222.9213
121769.327
99656.48214
79495.09276
61744.90382
46657.4043
34267.46212
499783.5673
499672.9209
499544.3407
499402.6603
499253.0514
499098.5851
498939.5991
498774.3531
498600.0039
498413.4326
498211.8601
497993.2533
497756.4633
497501.0339
497226.6979
496932.7109
496617.2843
496277.3765
495908.9443
495507.531
495068.9099
494589.4845
494066.2746
493496.5282
492877.2035
492204.6331
491474.582
490682.6968
489825.1423
488899.113
487902.9452
486835.7201
485696.4741
484483.3102
483192.729
481819.3779
480356.2313
478795.0714
477127.0709
475343.2779
473434.8385
471392.8752
469208.0507
466869.9613
464366.5595
461683.7816
458805.4651
455713.5271
452388.2616
448808.5403
444951.6643
440792.6681
436302.9966
431448.6424
426187.9704
420469.5123
414230.0076
407392.9171
399867.6207
391549.5273
382321.3753
372056.0466
360621.2401
347886.3312
333731.6567
318060.2925
300812.0991
281979.4141
261623.2588
239888.3018
217148.7463
193500.0693
169345.9531
145222.9213
121769.327
99656.48214
79495.09276
61744.90382
46657.4043
34267.46212
499783.5673
499672.9209
499544.3407
499402.6603
499253.0514
499098.5851
498939.5991
498774.3531
498600.0039
498413.4326
498211.8601
497993.2533
497756.4633
497501.0339
497226.6979
496932.7109
496617.2843
496277.3765
495908.9443
495507.531
495068.9099
494589.4845
494066.2746
493496.5282
492877.2035
492204.6331
491474.582
490682.6968
489825.1423
488899.113
487902.9452
486835.7201
485696.4741
484483.3102
483192.729
481819.3779
480356.2313
478795.0714
477127.0709
475343.2779
473434.8385
471392.8752
469208.0507
466869.9613
464366.5595
461683.7816
458805.4651
455713.5271
452388.2616
448808.5403
444951.6643
440792.6681
436302.9966
431448.6424
426187.9704
420469.5123
414230.0076
407392.9171
399867.6207
391549.5273
382321.3753
372056.0466
360621.2401
347886.3312
333731.6567
318060.2925
300812.0991
281979.4141
261623.2588
239888.3018
217148.7463
193500.0693
169345.9531
145222.9213
121769.327
99656.48214
79495.09276
61744.90382
46657.4043
34267.46212
499783.5673
499672.9209
499544.3407
499402.6603
499253.0514
499098.5851
498939.5991
498774.3531
498600.0039
498413.4326
498211.8601
497993.2533
497756.4633
497501.0339
497226.6979
496932.7109
496617.2843
496277.3765
495908.9443
495507.531
495068.9099
494589.4845
494066.2746
493496.5282
492877.2035
492204.6331
491474.582
490682.6968
489825.1423
488899.113
487902.9452
486835.7201
485696.4741
484483.3102
483192.729
481819.3779
480356.2313
478795.0714
477127.0709
475343.2779
473434.8385
471392.8752
469208.0507
466869.9613
464366.5595
461683.7816
458805.4651
455713.5271
452388.2616
448808.5403
444951.6643
440792.6681
436302.9966
431448.6424
426187.9704
420469.5123
414230.0076
407392.9171
399867.6207
391549.5273
382321.3753
372056.0466
360621.2401
347886.3312
333731.6567
318060.2925
300812.0991
281979.4141
261623.2588
239888.3018
217148.7463
193500.0693
169345.9531
145222.9213
121769.327
99656.48214
79495.09276
61744.90382
46657.4043
34267.46212
499783.5673
499672.9209
499544.3407
499402.6603
499253.0514
499098.5851
498939.5991
498774.3531
498600.0039
498413.4326
498211.8601
497993.2533
497756.4633
497501.0339
497226.6979
496932.7109
496617.2843
496277.3765
495908.9443
495507.531
495068.9099
494589.4845
494066.2746
493496.5282
492877.2035
492204.6331
491474.582
490682.6968
489825.1423
488899.113
487902.9452
486835.7201
485696.4741
484483.3102
483192.729
481819.3779
480356.2313
478795.0714
477127.0709
475343.2779
473434.8385
471392.8752
469208.0507
466869.9613
464366.5595
461683.7816
458805.4651
455713.5271
452388.2616
448808.5403
444951.6643
440792.6681
436302.9966
431448.6424
426187.9704
420469.5123
414230.0076
407392.9171
399867.6207
391549.5273
382321.3753
372056.0466
360621.2401
347886.3312
333731.6567
318060.2925
300812.0991
281979.4141
261623.2588
239888.3018
217148.7463
193500.0693
169345.9531
145222.9213
121769.327
99656.48214
79495.09276
61744.90382
46657.4043
34267.46212
499783.5673
499672.9209
499544.3407
499402.6603
499253.0514
499098.5851
498939.5991
498774.3531
498600.0039
498413.4326
498211.8601
497993.2533
497756.4633
497501.0339
497226.6979
496932.7109
496617.2843
496277.3765
495908.9443
495507.531
495068.9099
494589.4845
494066.2746
493496.5282
492877.2035
492204.6331
491474.582
490682.6968
489825.1423
488899.113
487902.9452
486835.7201
485696.4741
484483.3102
483192.729
481819.3779
480356.2313
478795.0714
477127.0709
475343.2779
473434.8385
471392.8752
469208.0507
466869.9613
464366.5595
461683.7816
458805.4651
455713.5271
452388.2616
448808.5403
444951.6643
440792.6681
436302.9966
431448.6424
426187.9704
420469.5123
414230.0076
407392.9171
399867.6207
391549.5273
382321.3753
372056.0466
360621.2401
347886.3312
333731.6567
318060.2925
300812.0991
281979.4141
261623.2588
239888.3018
217148.7463
193500.0693
169345.9531
145222.9213
121769.327
99656.48214
79495.09276
61744.90382
46657.4043
34267.46212
499783.5673
499672.9209
499544.3407
499402.6603
499253.0514
499098.5851
498939.5991
498774.3531
498600.0039
498413.4326
498211.8601
497993.2533
497756.4633
497501.0339
497226.6979
496932.7109
496617.2843
496277.3765
495908.9443
495507.531
495068.9099
494589.4845
494066.2746
493496.5282
492877.2035
492204.6331
491474.582
490682.6968
489825.1423
488899.113
487902.9452
486835.7201
485696.4741
484483.3102
483192.729
481819.3779
480356.2313
478795.0714
477127.0709
475343.2779
473434.8385
471392.8752
469208.0507
466869.9613
464366.5595
461683.7816
458805.4651
455713.5271
452388.2616
448808.5403
444951.6643
440792.6681
436302.9966
431448.6424
426187.9704
420469.5123
414230.0076
407392.9171
399867.6207
391549.5273
382321.3753
372056.0466
360621.2401
347886.3312
333731.6567
318060.2925
300812.0991
281979.4141
261623.2588
239888.3018
217148.7463
193500.0693
169345.9531
145222.9213
121769.327
99656.48214
79495.09276
61744.90382
46657.4043
34267.46212
499783.5673
499672.9209
499544.3407
499402.6603
499253.0514
499098.5851
498939.5991
498774.3531
498600.0039
498413.4326
498211.8601
497993.2533
497756.4633
497501.0339
497226.6979
496932.7109
496617.2843
496277.3765
495908.9443
495507.531
495068.9099
494589.4845
494066.2746
493496.5282
492877.2035
492204.6331
491474.582
490682.6968
489825.1423
488899.113
487902.9452
486835.7201
485696.4741
484483.3102
483192.729
481819.3779
480356.2313
478795.0714
477127.0709
475343.2779
473434.8385
471392.8752
469208.0507
466869.9613
464366.5595
461683.7816
458805.4651
455713.5271
452388.2616
448808.5403
444951.6643
440792.6681
436302.9966
431448.6424
426187.9704
420469.5123
414230.0076
407392.9171
399867.6207
391549.5273
382321.3753
372056.0466
360621.2401
347886.3312
333731.6567
318060.2925
300812.0991
281979.4141
261623.2588
239888.3018
217148.7463
193500.0693
169345.9531
145222.9213
121769.327
99656.48214
79495.09276
61744.90382
46657.4043
34267.46212
499783.5673
499672.9209
499544.3407
499402.6603
499253.0514
499098.5851
498939.5991
498774.3531
498600.0039
498413.4326
498211.8601
497993.2533
497756.4633
497501.0339
497226.6979
496932.7109
496617.2843
496277.3765
495908.9443
495507.531
495068.9099
494589.4845
494066.2746
493496.5282
492877.2035
492204.6331
491474.582
490682.6968
489825.1423
488899.113
487902.9452
486835.7201
485696.4741
484483.3102
483192.729
481819.3779
480356.2313
478795.0714
477127.0709
475343.2779
473434.8385
471392.8752
469208.0507
466869.9613
464366.5595
461683.7816
458805.4651
455713.5271
452388.2616
448808.5403
444951.6643
440792.6681
436302.9966
431448.6424
426187.9704
420469.5123
414230.0076
407392.9171
399867.6207
391549.5273
382321.3753
372056.0466
360621.2401
347886.3312
333731.6567
318060.2925
300812.0991
281979.4141
261623.2588
239888.3018
217148.7463
193500.0693
169345.9531
145222.9213
121769.327
99656.48214
79495.09276
61744.90382
46657.4043
34267.46212
499783.5673
499672.9209
499544.3407
499402.6603
499253.0514
499098.5851
498939.5991
498774.3531
498600.0039
498413.4326
498211.8601
497993.2533
497756.4633
497501.0339
497226.6979
496932.7109
496617.2843
496277.3765
495908.9443
495507.531
495068.9099
494589.4845
494066.2746
493496.5282
492877.2035
492204.6331
491474.582
490682.6968
489825.1423
488899.113
487902.9452
486835.7201
485696.4741
484483.3102
483192.729
481819.3779
480356.2313
478795.0714
477127.0709
475343.2779
473434.8385
471392.8752
469208.0507
466869.9613
464366.5595
461683.7816
458805.4651
455713.5271
452388.2616
448808.5403
444951.6643
440792.6681
436302.9966
431448.6424
426187.9704
420469.5123
414230.0076
407392.9171
399867.6207
391549.5273
382321.3753
372056.0466
360621.2401
347886.3312
333731.6567
318060.2925
300812.0991
281979.4141
261623.2588
239888.3018
217148.7463
193500.0693
169345.9531
145222.9213
121769.327
99656.48214
79495.09276
61744.90382
46657.4043
34267.46212
499783.5673
499672.9209
499544.3407
499402.6603
499253.0514
499098.5851
498939.5991
498774.3531
498600.0039
498413.4326
498211.8601
497993.2533
497756.4633
497501.0339
497226.6979
496932.7109
496617.2843
496277.3765
495908.9443
495507.531
495068.9099
494589.4845
494066.2746
493496.5282
492877.2035
492204.6331
491474.582
490682.6968
489825.1423
488899.113
487902.9452
486835.7201
485696.4741
484483.3102
483192.729
481819.3779
480356.2313
478795.0714
477127.0709
475343.2779
473434.8385
471392.8752
469208.0507
466869.9613
464366.5595
461683.7816
458805.4651
455713.5271
452388.2616
448808.5403
444951.6643
440792.6681
436302.9966
431448.6424
426187.9704
420469.5123
414230.0076
407392.9171
399867.6207
391549.5273
382321.3753
372056.0466
360621.2401
347886.3312
333731.6567
318060.2925
300812.0991
281979.4141
261623.2588
239888.3018
217148.7463
193500.0693
169345.9531
145222.9213
121769.327
99656.48214
79495.09276
61744.90382
46657.4043
34267.46212
499783.5673
499672.9209
499544.3407
499402.6603
499253.0514
499098.5851
498939.5991
498774.3531
498600.0039
498413.4326
498211.8601
497993.2533
497756.4633
497501.0339
497226.6979
496932.7109
496617.2843
496277.3765
495908.9443
495507.531
495068.9099
494589.4845
494066.2746
493496.5282
492877.2035
492204.6331
491474.582
490682.6968
489825.1423
488899.113
487902.9452
486835.7201
485696.4741
484483.3102
483192.729
481819.3779
480356.2313
478795.0714
477127.0709
475343.2779
473434.8385
471392.8752
469208.0507
466869.9613
464366.5595
461683.7816
458805.4651
455713.5271
452388.2616
448808.5403
444951.6643
440792.6681
436302.9966
431448.6424
426187.9704
420469.5123
414230.0076
407392.9171
399867.6207
391549.5273
382321.3753
372056.0466
360621.2401
347886.3312
333731.6567
318060.2925
300812.0991
281979.4141
261623.2588
239888.3018
217148.7463
193500.0693
169345.9531
145222.9213
121769.327
99656.48214
79495.09276
61744.90382
46657.4043
34267.46212
499783.5673
499672.9209
499544.3407
499402.6603
499253.0514
499098.5851
498939.5991
498774.3531
498600.0039
498413.4326
498211.8601
497993.2533
497756.4633
497501.0339
497226.6979
496932.7109
496617.2843
496277.3765
495908.9443
495507.531
495068.9099
494589.4845
494066.2746
493496.5282
492877.2035
492204.6331
491474.582
490682.6968
489825.1423
488899.113
487902.9452
486835.7201
485696.4741
484483.3102
483192.729
481819.3779
480356.2313
478795.0714
477127.0709
475343.2779
473434.8385
471392.8752
469208.0507
466869.9613
464366.5595
461683.7816
458805.4651
455713.5271
452388.2616
448808.5403
444951.6643
440792.6681
436302.9966
431448.6424
426187.9704
420469.5123
414230.0076
407392.9171
399867.6207
391549.5273
382321.3753
372056.0466
360621.2401
347886.3312
333731.6567
318060.2925
300812.0991
281979.4141
261623.2588
239888.3018
217148.7463
193500.0693
169345.9531
145222.9213
121769.327
99656.48214
79495.09276
61744.90382
46657.4043
34267.46212
499783.5673
499672.9209
499544.3407
499402.6603
499253.0514
499098.5851
498939.5991
498774.3531
498600.0039
498413.4326
498211.8601
497993.2533
497756.4633
497501.0339
497226.6979
496932.7109
496617.2843
496277.3765
495908.9443
495507.531
495068.9099
494589.4845
494066.2746
493496.5282
492877.2035
492204.6331
491474.582
490682.6968
489825.1423
488899.113
487902.9452
486835.7201
485696.4741
484483.3102
483192.729
481819.3779
480356.2313
478795.0714
477127.0709
475343.2779
473434.8385
471392.8752
469208.0507
466869.9613
464366.5595
461683.7816
458805.4651
455713.5271
452388.2616
448808.5403
444951.6643
440792.6681
436302.9966
431448.6424
426187.9704
420469.5123
414230.0076
407392.9171
399867.6207
391549.5273
382321.3753
372056.0466
360621.2401
347886.3312
333731.6567
318060.2925
300812.0991
281979.4141
261623.2588
239888.3018
217148.7463
193500.0693
169345.9531
145222.9213
121769.327
99656.48214
79495.09276
61744.90382
46657.4043
34267.46212
499783.5673
499672.9209
499544.3407
499402.6603
499253.0514
499098.5851
498939.5991
498774.3531
498600.0039
498413.4326
498211.8601
497993.2533
497756.4633
497501.0339
497226.6979
496932.7109
496617.2843
496277.3765
495908.9443
495507.531
495068.9099
494589.4845
494066.2746
493496.5282
492877.2035
492204.6331
491474.582
490682.6968
489825.1423
488899.113
487902.9452
486835.7201
485696.4741
484483.3102
483192.729
481819.3779
480356.2313
478795.0714
477127.0709
475343.2779
473434.8385
471392.8752
469208.0507
466869.9613
464366.5595
461683.7816
458805.4651
455713.5271
452388.2616
448808.5403
444951.6643
440792.6681
436302.9966
431448.6424
426187.9704
420469.5123
414230.0076
407392.9171
399867.6207
391549.5273
382321.3753
372056.0466
360621.2401
347886.3312
333731.6567
318060.2925
300812.0991
281979.4141
261623.2588
239888.3018
217148.7463
193500.0693
169345.9531
145222.9213
121769.327
99656.48214
79495.09276
61744.90382
46657.4043
34267.46212
499783.5673
499672.9209
499544.3407
499402.6603
499253.0514
499098.5851
498939.5991
498774.3531
498600.0039
498413.4326
498211.8601
497993.2533
497756.4633
497501.0339
497226.6979
496932.7109
496617.2843
496277.3765
495908.9443
495507.531
495068.9099
494589.4845
494066.2746
493496.5282
492877.2035
492204.6331
491474.582
490682.6968
489825.1423
488899.113
487902.9452
486835.7201
485696.4741
484483.3102
483192.729
481819.3779
480356.2313
478795.0714
477127.0709
475343.2779
473434.8385
471392.8752
469208.0507
466869.9613
464366.5595
461683.7816
458805.4651
455713.5271
452388.2616
448808.5403
444951.6643
440792.6681
436302.9966
431448.6424
426187.9704
420469.5123
414230.0076
407392.9171
399867.6207
391549.5273
382321.3753
372056.0466
360621.2401
347886.3312
333731.6567
318060.2925
300812.0991
281979.4141
261623.2588
239888.3018
217148.7463
193500.0693
169345.9531
145222.9213
121769.327
99656.48214
79495.09276
61744.90382
46657.4043
34267.46212
499783.5673
499672.9209
499544.3407
499402.6603
499253.0514
499098.5851
498939.5991
498774.3531
498600.0039
498413.4326
498211.8601
497993.2533
497756.4633
497501.0339
497226.6979
496932.7109
496617.2843
496277.3765
495908.9443
495507.531
495068.9099
494589.4845
494066.2746
493496.5282
492877.2035
492204.6331
491474.582
490682.6968
489825.1423
488899.113
487902.9452
486835.7201
485696.4741
484483.3102
483192.729
481819.3779
480356.2313
478795.0714
477127.0709
475343.2779
473434.8385
471392.8752
469208.0507
466869.9613
464366.5595
461683.7816
458805.4651
455713.5271
452388.2616
448808.5403
444951.6643
440792.6681
436302.9966
431448.6424
426187.9704
420469.5123
414230.0076
407392.9171
399867.6207
391549.5273
382321.3753
372056.0466
360621.2401
347886.3312
333731.6567
318060.2925
300812.0991
281979.4141
261623.2588
239888.3018
217148.7463
193500.0693
169345.9531
145222.9213
121769.327
99656.48214
79495.09276
61744.90382
46657.4043
34267.46212
499783.5673
499672.9209
499544.3407
499402.6603
499253.0514
499098.5851
498939.5991
498774.3531
498600.0039
498413.4326
498211.8601
497993.2533
497756.4633
497501.0339
497226.6979
496932.7109
496617.2843
496277.3765
495908.9443
495507.531
495068.9099
494589.4845
494066.2746
493496.5282
492877.2035
492204.6331
491474.582
490682.6968
489825.1423
488899.113
487902.9452
486835.7201
485696.4741
484483.3102
483192.729
481819.3779
480356.2313
478795.0714
477127.0709
475343.2779
473434.8385
471392.8752
469208.0507
466869.9613
464366.5595
461683.7816
458805.4651
455713.5271
452388.2616
448808.5403
444951.6643
440792.6681
436302.9966
431448.6424
426187.9704
420469.5123
414230.0076
407392.9171
399867.6207
391549.5273
382321.3753
372056.0466
360621.2401
347886.3312
333731.6567
318060.2925
300812.0991
281979.4141
261623.2588
239888.3018
217148.7463
193500.0693
169345.9531
145222.9213
121769.327
99656.48214
79495.09276
61744.90382
46657.4043
34267.46212
499783.5673
499672.9209
499544.3407
499402.6603
499253.0514
499098.5851
498939.5991
498774.3531
498600.0039
498413.4326
498211.8601
497993.2533
497756.4633
497501.0339
497226.6979
496932.7109
496617.2843
496277.3765
495908.9443
495507.531
495068.9099
494589.4845
494066.2746
493496.5282
492877.2035
492204.6331
491474.582
490682.6968
489825.1423
488899.113
487902.9452
486835.7201
485696.4741
484483.3102
483192.729
481819.3779
480356.2313
478795.0714
477127.0709
475343.2779
473434.8385
471392.8752
469208.0507
466869.9613
464366.5595
461683.7816
458805.4651
455713.5271
452388.2616
448808.5403
444951.6643
440792.6681
436302.9966
431448.6424
426187.9704
420469.5123
414230.0076
407392.9171
399867.6207
391549.5273
382321.3753
372056.0466
360621.2401
347886.3312
333731.6567
318060.2925
300812.0991
281979.4141
261623.2588
239888.3018
217148.7463
193500.0693
169345.9531
145222.9213
121769.327
99656.48214
79495.09276
61744.90382
46657.4043
34267.46212
499783.5673
499672.9209
499544.3407
499402.6603
499253.0514
499098.5851
498939.5991
498774.3531
498600.0039
498413.4326
498211.8601
497993.2533
497756.4633
497501.0339
497226.6979
496932.7109
496617.2843
496277.3765
495908.9443
495507.531
495068.9099
494589.4845
494066.2746
493496.5282
492877.2035
492204.6331
491474.582
490682.6968
489825.1423
488899.113
487902.9452
486835.7201
485696.4741
484483.3102
483192.729
481819.3779
480356.2313
478795.0714
477127.0709
475343.2779
473434.8385
471392.8752
469208.0507
466869.9613
464366.5595
461683.7816
458805.4651
455713.5271
452388.2616
448808.5403
444951.6643
440792.6681
436302.9966
431448.6424
426187.9704
420469.5123
414230.0076
407392.9171
399867.6207
391549.5273
382321.3753
372056.0466
360621.2401
347886.3312
333731.6567
318060.2925
300812.0991
281979.4141
261623.2588
239888.3018
217148.7463
193500.0693
169345.9531
145222.9213
121769.327
99656.48214
79495.09276
61744.90382
46657.4043
34267.46212
499783.5673
499672.9209
499544.3407
499402.6603
499253.0514
499098.5851
498939.5991
498774.3531
498600.0039
498413.4326
498211.8601
497993.2533
497756.4633
497501.0339
497226.6979
496932.7109
496617.2843
496277.3765
495908.9443
495507.531
495068.9099
494589.4845
494066.2746
493496.5282
492877.2035
492204.6331
491474.582
490682.6968
489825.1423
488899.113
487902.9452
486835.7201
485696.4741
484483.3102
483192.729
481819.3779
480356.2313
478795.0714
477127.0709
475343.2779
473434.8385
471392.8752
469208.0507
466869.9613
464366.5595
461683.7816
458805.4651
455713.5271
452388.2616
448808.5403
444951.6643
440792.6681
436302.9966
431448.6424
426187.9704
420469.5123
414230.0076
407392.9171
399867.6207
391549.5273
382321.3753
372056.0466
360621.2401
347886.3312
333731.6567
318060.2925
300812.0991
281979.4141
261623.2588
239888.3018
217148.7463
193500.0693
169345.9531
145222.9213
121769.327
99656.48214
79495.09276
61744.90382
46657.4043
34267.46212
499783.5673
499672.9209
499544.3407
499402.6603
499253.0514
499098.5851
498939.5991
498774.3531
498600.0039
498413.4326
498211.8601
497993.2533
497756.4633
497501.0339
497226.6979
496932.7109
496617.2843
496277.3765
495908.9443
495507.531
495068.9099
494589.4845
494066.2746
493496.5282
492877.2035
492204.6331
491474.582
490682.6968
489825.1423
488899.113
487902.9452
486835.7201
485696.4741
484483.3102
483192.729
481819.3779
480356.2313
478795.0714
477127.0709
475343.2779
473434.8385
471392.8752
469208.0507
466869.9613
464366.5595
461683.7816
458805.4651
455713.5271
452388.2616
448808.5403
444951.6643
440792.6681
436302.9966
431448.6424
426187.9704
420469.5123
414230.0076
407392.9171
399867.6207
391549.5273
382321.3753
372056.0466
360621.2401
347886.3312
333731.6567
318060.2925
300812.0991
281979.4141
261623.2588
239888.3018
217148.7463
193500.0693
169345.9531
145222.9213
121769.327
99656.48214
79495.09276
61744.90382
46657.4043
34267.46212
499783.5673
499672.9209
499544.3407
499402.6603
499253.0514
499098.5851
498939.5991
498774.3531
498600.0039
498413.4326
498211.8601
497993.2533
497756.4633
497501.0339
497226.6979
496932.7109
496617.2843
496277.3765
495908.9443
495507.531
495068.9099
494589.4845
494066.2746
493496.5282
492877.2035
492204.6331
491474.582
490682.6968
489825.1423
488899.113
487902.9452
486835.7201
485696.4741
484483.3102
483192.729
481819.3779
480356.2313
478795.0714
477127.0709
475343.2779
473434.8385
471392.8752
469208.0507
466869.9613
464366.5595
461683.7816
458805.4651
455713.5271
452388.2616
448808.5403
444951.6643
440792.6681
436302.9966
431448.6424
426187.9704
420469.5123
414230.0076
407392.9171
399867.6207
391549.5273
382321.3753
372056.0466
360621.2401
347886.3312
333731.6567
318060.2925
300812.0991
281979.4141
261623.2588
239888.3018
217148.7463
193500.0693
169345.9531
145222.9213
121769.327
99656.48214
79495.09276
61744.90382
46657.4043
34267.46212
499783.5673
499672.9209
499544.3407
499402.6603
499253.0514
499098.5851
498939.5991
498774.3531
498600.0039
498413.4326
498211.8601
497993.2533
497756.4633
497501.0339
497226.6979
496932.7109
496617.2843
496277.3765
495908.9443
495507.531
495068.9099
494589.4845
494066.2746
493496.5282
492877.2035
492204.6331
491474.582
490682.6968
489825.1423
488899.113
487902.9452
486835.7201
485696.4741
484483.3102
483192.729
481819.3779
480356.2313
478795.0714
477127.0709
475343.2779
473434.8385
471392.8752
469208.0507
466869.9613
464366.5595
461683.7816
458805.4651
455713.5271
452388.2616
448808.5403
444951.6643
440792.6681
436302.9966
431448.6424
426187.9704
420469.5123
414230.0076
407392.9171
399867.6207
391549.5273
382321.3753
372056.0466
360621.2401
347886.3312
333731.6567
318060.2925
300812.0991
281979.4141
261623.2588
239888.3018
217148.7463
193500.0693
169345.9531
145222.9213
121769.327
99656.48214
79495.09276
61744.90382
46657.4043
34267.46212
499783.5673
499672.9209
499544.3407
499402.6603
499253.0514
499098.5851
498939.5991
498774.3531
498600.0039
498413.4326
498211.8601
497993.2533
497756.4633
497501.0339
497226.6979
496932.7109
496617.2843
496277.3765
495908.9443
495507.531
495068.9099
494589.4845
494066.2746
493496.5282
492877.2035
492204.6331
491474.582
490682.6968
489825.1423
488899.113
487902.9452
486835.7201
485696.4741
484483.3102
483192.729
481819.3779
480356.2313
478795.0714
477127.0709
475343.2779
473434.8385
471392.8752
469208.0507
466869.9613
464366.5595
461683.7816
458805.4651
455713.5271
452388.2616
448808.5403
444951.6643
440792.6681
436302.9966
431448.6424
426187.9704
420469.5123
414230.0076
407392.9171
399867.6207
391549.5273
382321.3753
372056.0466
360621.2401
347886.3312
333731.6567
318060.2925
300812.0991
281979.4141
261623.2588
239888.3018
217148.7463
193500.0693
169345.9531
145222.9213
121769.327
99656.48214
79495.09276
61744.90382
46657.4043
34267.46212
499783.5673
499672.9209
499544.3407
499402.6603
499253.0514
499098.5851
498939.5991
498774.3531
498600.0039
498413.4326
498211.8601
497993.2533
497756.4633
497501.0339
497226.6979
496932.7109
496617.2843
496277.3765
495908.9443
495507.531
495068.9099
494589.4845
494066.2746
493496.5282
492877.2035
492204.6331
491474.582
490682.6968
489825.1423
488899.113
487902.9452
486835.7201
485696.4741
484483.3102
483192.729
481819.3779
480356.2313
478795.0714
477127.0709
475343.2779
473434.8385
471392.8752
469208.0507
466869.9613
464366.5595
461683.7816
458805.4651
455713.5271
452388.2616
448808.5403
444951.6643
440792.6681
436302.9966
431448.6424
426187.9704
420469.5123
414230.0076
407392.9171
399867.6207
391549.5273
382321.3753
372056.0466
360621.2401
347886.3312
333731.6567
318060.2925
300812.0991
281979.4141
261623.2588
239888.3018
217148.7463
193500.0693
169345.9531
145222.9213
121769.327
99656.48214
79495.09276
61744.90382
46657.4043
34267.46212
499783.5673
499672.9209
499544.3407
499402.6603
499253.0514
499098.5851
498939.5991
498774.3531
498600.0039
498413.4326
498211.8601
497993.2533
497756.4633
497501.0339
497226.6979
496932.7109
496617.2843
496277.3765
495908.9443
495507.531
495068.9099
494589.4845
494066.2746
493496.5282
492877.2035
492204.6331
491474.582
490682.6968
489825.1423
488899.113
487902.9452
486835.7201
485696.4741
484483.3102
483192.729
481819.3779
480356.2313
478795.0714
477127.0709
475343.2779
473434.8385
471392.8752
469208.0507
466869.9613
464366.5595
461683.7816
458805.4651
455713.5271
452388.2616
448808.5403
444951.6643
440792.6681
436302.9966
431448.6424
426187.9704
420469.5123
414230.0076
407392.9171
399867.6207
391549.5273
382321.3753
372056.0466
360621.2401
347886.3312
333731.6567
318060.2925
300812.0991
281979.4141
261623.2588
239888.3018
217148.7463
193500.0693
169345.9531
145222.9213
121769.327
99656.48214
79495.09276
61744.90382
46657.4043
34267.46212
499783.5673
499672.9209
499544.3407
499402.6603
499253.0514
499098.5851
498939.5991
498774.3531
498600.0039
498413.4326
498211.8601
497993.2533
497756.4633
497501.0339
497226.6979
496932.7109
496617.2843
496277.3765
495908.9443
495507.531
495068.9099
494589.4845
494066.2746
493496.5282
492877.2035
492204.6331
491474.582
490682.6968
489825.1423
488899.113
487902.9452
486835.7201
485696.4741
484483.3102
483192.729
481819.3779
480356.2313
478795.0714
477127.0709
475343.2779
473434.8385
471392.8752
469208.0507
466869.9613
464366.5595
461683.7816
458805.4651
455713.5271
452388.2616
448808.5403
444951.6643
440792.6681
436302.9966
431448.6424
426187.9704
420469.5123
414230.0076
407392.9171
399867.6207
391549.5273
382321.3753
372056.0466
360621.2401
347886.3312
333731.6567
318060.2925
300812.0991
281979.4141
261623.2588
239888.3018
217148.7463
193500.0693
169345.9531
145222.9213
121769.327
99656.48214
79495.09276
61744.90382
46657.4043
34267.46212
499783.5673
499672.9209
499544.3407
499402.6603
499253.0514
499098.5851
498939.5991
498774.3531
498600.0039
498413.4326
498211.8601
497993.2533
497756.4633
497501.0339
497226.6979
496932.7109
496617.2843
496277.3765
495908.9443
495507.531
495068.9099
494589.4845
494066.2746
493496.5282
492877.2035
492204.6331
491474.582
490682.6968
489825.1423
488899.113
487902.9452
486835.7201
485696.4741
484483.3102
483192.729
481819.3779
480356.2313
478795.0714
477127.0709
475343.2779
473434.8385
471392.8752
469208.0507
466869.9613
464366.5595
461683.7816
458805.4651
455713.5271
452388.2616
448808.5403
444951.6643
440792.6681
436302.9966
431448.6424
426187.9704
420469.5123
414230.0076
407392.9171
399867.6207
391549.5273
382321.3753
372056.0466
360621.2401
347886.3312
333731.6567
318060.2925
300812.0991
281979.4141
261623.2588
239888.3018
217148.7463
193500.0693
169345.9531
145222.9213
121769.327
99656.48214
79495.09276
61744.90382
46657.4043
34267.46212
499783.5673
499672.9209
499544.3407
499402.6603
499253.0514
499098.5851
498939.5991
498774.3531
498600.0039
498413.4326
498211.8601
497993.2533
497756.4633
497501.0339
497226.6979
496932.7109
496617.2843
496277.3765
495908.9443
495507.531
495068.9099
494589.4845
494066.2746
493496.5282
492877.2035
492204.6331
491474.582
490682.6968
489825.1423
488899.113
487902.9452
486835.7201
485696.4741
484483.3102
483192.729
481819.3779
480356.2313
478795.0714
477127.0709
475343.2779
473434.8385
471392.8752
469208.0507
466869.9613
464366.5595
461683.7816
458805.4651
455713.5271
452388.2616
448808.5403
444951.6643
440792.6681
436302.9966
431448.6424
426187.9704
420469.5123
414230.0076
407392.9171
399867.6207
391549.5273
382321.3753
372056.0466
360621.2401
347886.3312
333731.6567
318060.2925
300812.0991
281979.4141
261623.2588
239888.3018
217148.7463
193500.0693
169345.9531
145222.9213
121769.327
99656.48214
79495.09276
61744.90382
46657.4043
34267.46212
499783.5673
499672.9209
499544.3407
499402.6603
499253.0514
499098.5851
498939.5991
498774.3531
498600.0039
498413.4326
498211.8601
497993.2533
497756.4633
497501.0339
497226.6979
496932.7109
496617.2843
496277.3765
495908.9443
495507.531
495068.9099
494589.4845
494066.2746
493496.5282
492877.2035
492204.6331
491474.582
490682.6968
489825.1423
488899.113
487902.9452
486835.7201
485696.4741
484483.3102
483192.729
481819.3779
480356.2313
478795.0714
477127.0709
475343.2779
473434.8385
471392.8752
469208.0507
466869.9613
464366.5595
461683.7816
458805.4651
455713.5271
452388.2616
448808.5403
444951.6643
440792.6681
436302.9966
431448.6424
426187.9704
420469.5123
414230.0076
407392.9171
399867.6207
391549.5273
382321.3753
372056.0466
360621.2401
347886.3312
333731.6567
318060.2925
300812.0991
281979.4141
261623.2588
239888.3018
217148.7463
193500.0693
169345.9531
145222.9213
121769.327
99656.48214
79495.09276
61744.90382
46657.4043
34267.46212
499783.5673
499672.9209
499544.3407
499402.6603
499253.0514
499098.5851
498939.5991
498774.3531
498600.0039
498413.4326
498211.8601
497993.2533
497756.4633
497501.0339
497226.6979
496932.7109
496617.2843
496277.3765
495908.9443
495507.531
495068.9099
494589.4845
494066.2746
493496.5282
492877.2035
492204.6331
491474.582
490682.6968
489825.1423
488899.113
487902.9452
486835.7201
485696.4741
484483.3102
483192.729
481819.3779
480356.2313
478795.0714
477127.0709
475343.2779
473434.8385
471392.8752
469208.0507
466869.9613
464366.5595
461683.7816
458805.4651
455713.5271
452388.2616
448808.5403
444951.6643
440792.6681
436302.9966
431448.6424
426187.9704
420469.5123
414230.0076
407392.9171
399867.6207
391549.5273
382321.3753
372056.0466
360621.2401
347886.3312
333731.6567
318060.2925
300812.0991
281979.4141
261623.2588
239888.3018
217148.7463
193500.0693
169345.9531
145222.9213
121769.327
99656.48214
79495.09276
61744.90382
46657.4043
34267.46212
499783.5673
499672.9209
499544.3407
499402.6603
499253.0514
499098.5851
498939.5991
498774.3531
498600.0039
498413.4326
498211.8601
497993.2533
497756.4633
497501.0339
497226.6979
496932.7109
496617.2843
496277.3765
495908.9443
495507.531
495068.9099
494589.4845
494066.2746
493496.5282
492877.2035
492204.6331
491474.582
490682.6968
489825.1423
488899.113
487902.9452
486835.7201
485696.4741
484483.3102
483192.729
481819.3779
480356.2313
478795.0714
477127.0709
475343.2779
473434.8385
471392.8752
469208.0507
466869.9613
464366.5595
461683.7816
458805.4651
455713.5271
452388.2616
448808.5403
444951.6643
440792.6681
436302.9966
431448.6424
426187.9704
420469.5123
414230.0076
407392.9171
399867.6207
391549.5273
382321.3753
372056.0466
360621.2401
347886.3312
333731.6567
318060.2925
300812.0991
281979.4141
261623.2588
239888.3018
217148.7463
193500.0693
169345.9531
145222.9213
121769.327
99656.48214
79495.09276
61744.90382
46657.4043
34267.46212
499783.5673
499672.9209
499544.3407
499402.6603
499253.0514
499098.5851
498939.5991
498774.3531
498600.0039
498413.4326
498211.8601
497993.2533
497756.4633
497501.0339
497226.6979
496932.7109
496617.2843
496277.3765
495908.9443
495507.531
495068.9099
494589.4845
494066.2746
493496.5282
492877.2035
492204.6331
491474.582
490682.6968
489825.1423
488899.113
487902.9452
486835.7201
485696.4741
484483.3102
483192.729
481819.3779
480356.2313
478795.0714
477127.0709
475343.2779
473434.8385
471392.8752
469208.0507
466869.9613
464366.5595
461683.7816
458805.4651
455713.5271
452388.2616
448808.5403
444951.6643
440792.6681
436302.9966
431448.6424
426187.9704
420469.5123
414230.0076
407392.9171
399867.6207
391549.5273
382321.3753
372056.0466
360621.2401
347886.3312
333731.6567
318060.2925
300812.0991
281979.4141
261623.2588
239888.3018
217148.7463
193500.0693
169345.9531
145222.9213
121769.327
99656.48214
79495.09276
61744.90382
46657.4043
34267.46212
499783.5673
499672.9209
499544.3407
499402.6603
499253.0514
499098.5851
498939.5991
498774.3531
498600.0039
498413.4326
498211.8601
497993.2533
497756.4633
497501.0339
497226.6979
496932.7109
496617.2843
496277.3765
495908.9443
495507.531
495068.9099
494589.4845
494066.2746
493496.5282
492877.2035
492204.6331
491474.582
490682.6968
489825.1423
488899.113
487902.9452
486835.7201
485696.4741
484483.3102
483192.729
481819.3779
480356.2313
478795.0714
477127.0709
475343.2779
473434.8385
471392.8752
469208.0507
466869.9613
464366.5595
461683.7816
458805.4651
455713.5271
452388.2616
448808.5403
444951.6643
440792.6681
436302.9966
431448.6424
426187.9704
420469.5123
414230.0076
407392.9171
399867.6207
391549.5273
382321.3753
372056.0466
360621.2401
347886.3312
333731.6567
318060.2925
300812.0991
281979.4141
261623.2588
239888.3018
217148.7463
193500.0693
169345.9531
145222.9213
121769.327
99656.48214
79495.09276
61744.90382
46657.4043
34267.46212
499783.5673
499672.9209
499544.3407
499402.6603
499253.0514
499098.5851
498939.5991
498774.3531
498600.0039
498413.4326
498211.8601
497993.2533
497756.4633
497501.0339
497226.6979
496932.7109
496617.2843
496277.3765
495908.9443
495507.531
495068.9099
494589.4845
494066.2746
493496.5282
492877.2035
492204.6331
491474.582
490682.6968
489825.1423
488899.113
487902.9452
486835.7201
485696.4741
484483.3102
483192.729
481819.3779
480356.2313
478795.0714
477127.0709
475343.2779
473434.8385
471392.8752
469208.0507
466869.9613
464366.5595
461683.7816
458805.4651
455713.5271
452388.2616
448808.5403
444951.6643
440792.6681
436302.9966
431448.6424
426187.9704
420469.5123
414230.0076
407392.9171
399867.6207
391549.5273
382321.3753
372056.0466
360621.2401
347886.3312
333731.6567
318060.2925
300812.0991
281979.4141
261623.2588
239888.3018
217148.7463
193500.0693
169345.9531
145222.9213
121769.327
99656.48214
79495.09276
61744.90382
46657.4043
34267.46212
499783.5673
499672.9209
499544.3407
499402.6603
499253.0514
499098.5851
498939.5991
498774.3531
498600.0039
498413.4326
498211.8601
497993.2533
497756.4633
497501.0339
497226.6979
496932.7109
496617.2843
496277.3765
495908.9443
495507.531
495068.9099
494589.4845
494066.2746
493496.5282
492877.2035
492204.6331
491474.582
490682.6968
489825.1423
488899.113
487902.9452
486835.7201
485696.4741
484483.3102
483192.729
481819.3779
480356.2313
478795.0714
477127.0709
475343.2779
473434.8385
471392.8752
469208.0507
466869.9613
464366.5595
461683.7816
458805.4651
455713.5271
452388.2616
448808.5403
444951.6643
440792.6681
436302.9966
431448.6424
426187.9704
420469.5123
414230.0076
407392.9171
399867.6207
391549.5273
382321.3753
372056.0466
360621.2401
347886.3312
333731.6567
318060.2925
300812.0991
281979.4141
261623.2588
239888.3018
217148.7463
193500.0693
169345.9531
145222.9213
121769.327
99656.48214
79495.09276
61744.90382
46657.4043
34267.46212
499783.5673
499672.9209
499544.3407
499402.6603
499253.0514
499098.5851
498939.5991
498774.3531
498600.0039
498413.4326
498211.8601
497993.2533
497756.4633
497501.0339
497226.6979
496932.7109
496617.2843
496277.3765
495908.9443
495507.531
495068.9099
494589.4845
494066.2746
493496.5282
492877.2035
492204.6331
491474.582
490682.6968
489825.1423
488899.113
487902.9452
486835.7201
485696.4741
484483.3102
483192.729
481819.3779
480356.2313
478795.0714
477127.0709
475343.2779
473434.8385
471392.8752
469208.0507
466869.9613
464366.5595
461683.7816
458805.4651
455713.5271
452388.2616
448808.5403
444951.6643
440792.6681
436302.9966
431448.6424
426187.9704
420469.5123
414230.0076
407392.9171
399867.6207
391549.5273
382321.3753
372056.0466
360621.2401
347886.3312
333731.6567
318060.2925
300812.0991
281979.4141
261623.2588
239888.3018
217148.7463
193500.0693
169345.9531
145222.9213
121769.327
99656.48214
79495.09276
61744.90382
46657.4043
34267.46212
499783.5673
499672.9209
499544.3407
499402.6603
499253.0514
499098.5851
498939.5991
498774.3531
498600.0039
498413.4326
498211.8601
497993.2533
497756.4633
497501.0339
497226.6979
496932.7109
496617.2843
496277.3765
495908.9443
495507.531
495068.9099
494589.4845
494066.2746
493496.5282
492877.2035
492204.6331
491474.582
490682.6968
489825.1423
488899.113
487902.9452
486835.7201
485696.4741
484483.3102
483192.729
481819.3779
480356.2313
478795.0714
477127.0709
475343.2779
473434.8385
471392.8752
469208.0507
466869.9613
464366.5595
461683.7816
458805.4651
455713.5271
452388.2616
448808.5403
444951.6643
440792.6681
436302.9966
431448.6424
426187.9704
420469.5123
414230.0076
407392.9171
399867.6207
391549.5273
382321.3753
372056.0466
360621.2401
347886.3312
333731.6567
318060.2925
300812.0991
281979.4141
261623.2588
239888.3018
217148.7463
193500.0693
169345.9531
145222.9213
121769.327
99656.48214
79495.09276
61744.90382
46657.4043
34267.46212
499783.5673
499672.9209
499544.3407
499402.6603
499253.0514
499098.5851
498939.5991
498774.3531
498600.0039
498413.4326
498211.8601
497993.2533
497756.4633
497501.0339
497226.6979
496932.7109
496617.2843
496277.3765
495908.9443
495507.531
495068.9099
494589.4845
494066.2746
493496.5282
492877.2035
492204.6331
491474.582
490682.6968
489825.1423
488899.113
487902.9452
486835.7201
485696.4741
484483.3102
483192.729
481819.3779
480356.2313
478795.0714
477127.0709
475343.2779
473434.8385
471392.8752
469208.0507
466869.9613
464366.5595
461683.7816
458805.4651
455713.5271
452388.2616
448808.5403
444951.6643
440792.6681
436302.9966
431448.6424
426187.9704
420469.5123
414230.0076
407392.9171
399867.6207
391549.5273
382321.3753
372056.0466
360621.2401
347886.3312
333731.6567
318060.2925
300812.0991
281979.4141
261623.2588
239888.3018
217148.7463
193500.0693
169345.9531
145222.9213
121769.327
99656.48214
79495.09276
61744.90382
46657.4043
34267.46212
499783.5673
499672.9209
499544.3407
499402.6603
499253.0514
499098.5851
498939.5991
498774.3531
498600.0039
498413.4326
498211.8601
497993.2533
497756.4633
497501.0339
497226.6979
496932.7109
496617.2843
496277.3765
495908.9443
495507.531
495068.9099
494589.4845
494066.2746
493496.5282
492877.2035
492204.6331
491474.582
490682.6968
489825.1423
488899.113
487902.9452
486835.7201
485696.4741
484483.3102
483192.729
481819.3779
480356.2313
478795.0714
477127.0709
475343.2779
473434.8385
471392.8752
469208.0507
466869.9613
464366.5595
461683.7816
458805.4651
455713.5271
452388.2616
448808.5403
444951.6643
440792.6681
436302.9966
431448.6424
426187.9704
420469.5123
414230.0076
407392.9171
399867.6207
391549.5273
382321.3753
372056.0466
360621.2401
347886.3312
333731.6567
318060.2925
300812.0991
281979.4141
261623.2588
239888.3018
217148.7463
193500.0693
169345.9531
145222.9213
121769.327
99656.48214
79495.09276
61744.90382
46657.4043
34267.46212
499783.5673
499672.9209
499544.3407
499402.6603
499253.0514
499098.5851
498939.5991
498774.3531
498600.0039
498413.4326
498211.8601
497993.2533
497756.4633
497501.0339
497226.6979
496932.7109
496617.2843
496277.3765
495908.9443
495507.531
495068.9099
494589.4845
494066.2746
493496.5282
492877.2035
492204.6331
491474.582
490682.6968
489825.1423
488899.113
487902.9452
486835.7201
485696.4741
484483.3102
483192.729
481819.3779
480356.2313
478795.0714
477127.0709
475343.2779
473434.8385
471392.8752
469208.0507
466869.9613
464366.5595
461683.7816
458805.4651
455713.5271
452388.2616
448808.5403
444951.6643
440792.6681
436302.9966
431448.6424
426187.9704
420469.5123
414230.0076
407392.9171
399867.6207
391549.5273
382321.3753
372056.0466
360621.2401
347886.3312
333731.6567
318060.2925
300812.0991
281979.4141
261623.2588
239888.3018
217148.7463
193500.0693
169345.9531
145222.9213
121769.327
99656.48214
79495.09276
61744.90382
46657.4043
34267.46212
499783.5673
499672.9209
499544.3407
499402.6603
499253.0514
499098.5851
498939.5991
498774.3531
498600.0039
498413.4326
498211.8601
497993.2533
497756.4633
497501.0339
497226.6979
496932.7109
496617.2843
496277.3765
495908.9443
495507.531
495068.9099
494589.4845
494066.2746
493496.5282
492877.2035
492204.6331
491474.582
490682.6968
489825.1423
488899.113
487902.9452
486835.7201
485696.4741
484483.3102
483192.729
481819.3779
480356.2313
478795.0714
477127.0709
475343.2779
473434.8385
471392.8752
469208.0507
466869.9613
464366.5595
461683.7816
458805.4651
455713.5271
452388.2616
448808.5403
444951.6643
440792.6681
436302.9966
431448.6424
426187.9704
420469.5123
414230.0076
407392.9171
399867.6207
391549.5273
382321.3753
372056.0466
360621.2401
347886.3312
333731.6567
318060.2925
300812.0991
281979.4141
261623.2588
239888.3018
217148.7463
193500.0693
169345.9531
145222.9213
121769.327
99656.48214
79495.09276
61744.90382
46657.4043
34267.46212
499783.5673
499672.9209
499544.3407
499402.6603
499253.0514
499098.5851
498939.5991
498774.3531
498600.0039
498413.4326
498211.8601
497993.2533
497756.4633
497501.0339
497226.6979
496932.7109
496617.2843
496277.3765
495908.9443
495507.531
495068.9099
494589.4845
494066.2746
493496.5282
492877.2035
492204.6331
491474.582
490682.6968
489825.1423
488899.113
487902.9452
486835.7201
485696.4741
484483.3102
483192.729
481819.3779
480356.2313
478795.0714
477127.0709
475343.2779
473434.8385
471392.8752
469208.0507
466869.9613
464366.5595
461683.7816
458805.4651
455713.5271
452388.2616
448808.5403
444951.6643
440792.6681
436302.9966
431448.6424
426187.9704
420469.5123
414230.0076
407392.9171
399867.6207
391549.5273
382321.3753
372056.0466
360621.2401
347886.3312
333731.6567
318060.2925
300812.0991
281979.4141
261623.2588
239888.3018
217148.7463
193500.0693
169345.9531
145222.9213
121769.327
99656.48214
79495.09276
61744.90382
46657.4043
34267.46212
499783.5673
499672.9209
499544.3407
499402.6603
499253.0514
499098.5851
498939.5991
498774.3531
498600.0039
498413.4326
498211.8601
497993.2533
497756.4633
497501.0339
497226.6979
496932.7109
496617.2843
496277.3765
495908.9443
495507.531
495068.9099
494589.4845
494066.2746
493496.5282
492877.2035
492204.6331
491474.582
490682.6968
489825.1423
488899.113
487902.9452
486835.7201
485696.4741
484483.3102
483192.729
481819.3779
480356.2313
478795.0714
477127.0709
475343.2779
473434.8385
471392.8752
469208.0507
466869.9613
464366.5595
461683.7816
458805.4651
455713.5271
452388.2616
448808.5403
444951.6643
440792.6681
436302.9966
431448.6424
426187.9704
420469.5123
414230.0076
407392.9171
399867.6207
391549.5273
382321.3753
372056.0466
360621.2401
347886.3312
333731.6567
318060.2925
300812.0991
281979.4141
261623.2588
239888.3018
217148.7463
193500.0693
169345.9531
145222.9213
121769.327
99656.48214
79495.09276
61744.90382
46657.4043
34267.46212
499783.5673
499672.9209
499544.3407
499402.6603
499253.0514
499098.5851
498939.5991
498774.3531
498600.0039
498413.4326
498211.8601
497993.2533
497756.4633
497501.0339
497226.6979
496932.7109
496617.2843
496277.3765
495908.9443
495507.531
495068.9099
494589.4845
494066.2746
493496.5282
492877.2035
492204.6331
491474.582
490682.6968
489825.1423
488899.113
487902.9452
486835.7201
485696.4741
484483.3102
483192.729
481819.3779
480356.2313
478795.0714
477127.0709
475343.2779
473434.8385
471392.8752
469208.0507
466869.9613
464366.5595
461683.7816
458805.4651
455713.5271
452388.2616
448808.5403
444951.6643
440792.6681
436302.9966
431448.6424
426187.9704
420469.5123
414230.0076
407392.9171
399867.6207
391549.5273
382321.3753
372056.0466
360621.2401
347886.3312
333731.6567
318060.2925
300812.0991
281979.4141
261623.2588
239888.3018
217148.7463
193500.0693
169345.9531
145222.9213
121769.327
99656.48214
79495.09276
61744.90382
46657.4043
34267.46212
499783.5673
499672.9209
499544.3407
499402.6603
499253.0514
499098.5851
498939.5991
498774.3531
498600.0039
498413.4326
498211.8601
497993.2533
497756.4633
497501.0339
497226.6979
496932.7109
496617.2843
496277.3765
495908.9443
495507.531
495068.9099
494589.4845
494066.2746
493496.5282
492877.2035
492204.6331
491474.582
490682.6968
489825.1423
488899.113
487902.9452
486835.7201
485696.4741
484483.3102
483192.729
481819.3779
480356.2313
478795.0714
477127.0709
475343.2779
473434.8385
471392.8752
469208.0507
466869.9613
464366.5595
461683.7816
458805.4651
455713.5271
452388.2616
448808.5403
444951.6643
440792.6681
436302.9966
431448.6424
426187.9704
420469.5123
414230.0076
407392.9171
399867.6207
391549.5273
382321.3753
372056.0466
360621.2401
347886.3312
333731.6567
318060.2925
300812.0991
281979.4141
261623.2588
239888.3018
217148.7463
193500.0693
169345.9531
145222.9213
121769.327
99656.48214
79495.09276
61744.90382
46657.4043
34267.46212
499783.5673
499672.9209
499544.3407
499402.6603
499253.0514
499098.5851
498939.5991
498774.3531
498600.0039
498413.4326
498211.8601
497993.2533
497756.4633
497501.0339
497226.6979
496932.7109
496617.2843
496277.3765
495908.9443
495507.531
495068.9099
494589.4845
494066.2746
493496.5282
492877.2035
492204.6331
491474.582
490682.6968
489825.1423
488899.113
487902.9452
486835.7201
485696.4741
484483.3102
483192.729
481819.3779
480356.2313
478795.0714
477127.0709
475343.2779
473434.8385
471392.8752
469208.0507
466869.9613
464366.5595
461683.7816
458805.4651
455713.5271
452388.2616
448808.5403
444951.6643
440792.6681
436302.9966
431448.6424
426187.9704
420469.5123
414230.0076
407392.9171
399867.6207
391549.5273
382321.3753
372056.0466
360621.2401
347886.3312
333731.6567
318060.2925
300812.0991
281979.4141
261623.2588
239888.3018
217148.7463
193500.0693
169345.9531
145222.9213
121769.327
99656.48214
79495.09276
61744.90382
46657.4043
34267.46212
499783.5673
499672.9209
499544.3407
499402.6603
499253.0514
499098.5851
498939.5991
498774.3531
498600.0039
498413.4326
498211.8601
497993.2533
497756.4633
497501.0339
497226.6979
496932.7109
496617.2843
496277.3765
495908.9443
495507.531
495068.9099
494589.4845
494066.2746
493496.5282
492877.2035
492204.6331
491474.582
490682.6968
489825.1423
488899.113
487902.9452
486835.7201
485696.4741
484483.3102
483192.729
481819.3779
480356.2313
478795.0714
477127.0709
475343.2779
473434.8385
471392.8752
469208.0507
466869.9613
464366.5595
461683.7816
458805.4651
455713.5271
452388.2616
448808.5403
444951.6643
440792.6681
436302.9966
431448.6424
426187.9704
420469.5123
414230.0076
407392.9171
399867.6207
391549.5273
382321.3753
372056.0466
360621.2401
347886.3312
333731.6567
318060.2925
300812.0991
281979.4141
261623.2588
239888.3018
217148.7463
193500.0693
169345.9531
145222.9213
121769.327
99656.48214
79495.09276
61744.90382
46657.4043
34267.46212
499783.5673
499672.9209
499544.3407
499402.6603
499253.0514
499098.5851
498939.5991
498774.3531
498600.0039
498413.4326
498211.8601
497993.2533
497756.4633
497501.0339
497226.6979
496932.7109
496617.2843
496277.3765
495908.9443
495507.531
495068.9099
494589.4845
494066.2746
493496.5282
492877.2035
492204.6331
491474.582
490682.6968
489825.1423
488899.113
487902.9452
486835.7201
485696.4741
484483.3102
483192.729
481819.3779
480356.2313
478795.0714
477127.0709
475343.2779
473434.8385
471392.8752
469208.0507
466869.9613
464366.5595
461683.7816
458805.4651
455713.5271
452388.2616
448808.5403
444951.6643
440792.6681
436302.9966
431448.6424
426187.9704
420469.5123
414230.0076
407392.9171
399867.6207
391549.5273
382321.3753
372056.0466
360621.2401
347886.3312
333731.6567
318060.2925
300812.0991
281979.4141
261623.2588
239888.3018
217148.7463
193500.0693
169345.9531
145222.9213
121769.327
99656.48214
79495.09276
61744.90382
46657.4043
34267.46212
499783.5673
499672.9209
499544.3407
499402.6603
499253.0514
499098.5851
498939.5991
498774.3531
498600.0039
498413.4326
498211.8601
497993.2533
497756.4633
497501.0339
497226.6979
496932.7109
496617.2843
496277.3765
495908.9443
495507.531
495068.9099
494589.4845
494066.2746
493496.5282
492877.2035
492204.6331
491474.582
490682.6968
489825.1423
488899.113
487902.9452
486835.7201
485696.4741
484483.3102
483192.729
481819.3779
480356.2313
478795.0714
477127.0709
475343.2779
473434.8385
471392.8752
469208.0507
466869.9613
464366.5595
461683.7816
458805.4651
455713.5271
452388.2616
448808.5403
444951.6643
440792.6681
436302.9966
431448.6424
426187.9704
420469.5123
414230.0076
407392.9171
399867.6207
391549.5273
382321.3753
372056.0466
360621.2401
347886.3312
333731.6567
318060.2925
300812.0991
281979.4141
261623.2588
239888.3018
217148.7463
193500.0693
169345.9531
145222.9213
121769.327
99656.48214
79495.09276
61744.90382
46657.4043
34267.46212
499783.5673
499672.9209
499544.3407
499402.6603
499253.0514
499098.5851
498939.5991
498774.3531
498600.0039
498413.4326
498211.8601
497993.2533
497756.4633
497501.0339
497226.6979
496932.7109
496617.2843
496277.3765
495908.9443
495507.531
495068.9099
494589.4845
494066.2746
493496.5282
492877.2035
492204.6331
491474.582
490682.6968
489825.1423
488899.113
487902.9452
486835.7201
485696.4741
484483.3102
483192.729
481819.3779
480356.2313
478795.0714
477127.0709
475343.2779
473434.8385
471392.8752
469208.0507
466869.9613
464366.5595
461683.7816
458805.4651
455713.5271
452388.2616
448808.5403
444951.6643
440792.6681
436302.9966
431448.6424
426187.9704
420469.5123
414230.0076
407392.9171
399867.6207
391549.5273
382321.3753
372056.0466
360621.2401
347886.3312
333731.6567
318060.2925
300812.0991
281979.4141
261623.2588
239888.3018
217148.7463
193500.0693
169345.9531
145222.9213
121769.327
99656.48214
79495.09276
61744.90382
46657.4043
34267.46212
499783.5673
499672.9209
499544.3407
499402.6603
499253.0514
499098.5851
498939.5991
498774.3531
498600.0039
498413.4326
498211.8601
497993.2533
497756.4633
497501.0339
497226.6979
496932.7109
496617.2843
496277.3765
495908.9443
495507.531
495068.9099
494589.4845
494066.2746
493496.5282
492877.2035
492204.6331
491474.582
490682.6968
489825.1423
488899.113
487902.9452
486835.7201
485696.4741
484483.3102
483192.729
481819.3779
480356.2313
478795.0714
477127.0709
475343.2779
473434.8385
471392.8752
469208.0507
466869.9613
464366.5595
461683.7816
458805.4651
455713.5271
452388.2616
448808.5403
444951.6643
440792.6681
436302.9966
431448.6424
426187.9704
420469.5123
414230.0076
407392.9171
399867.6207
391549.5273
382321.3753
372056.0466
360621.2401
347886.3312
333731.6567
318060.2925
300812.0991
281979.4141
261623.2588
239888.3018
217148.7463
193500.0693
169345.9531
145222.9213
121769.327
99656.48214
79495.09276
61744.90382
46657.4043
34267.46212
499783.5673
499672.9209
499544.3407
499402.6603
499253.0514
499098.5851
498939.5991
498774.3531
498600.0039
498413.4326
498211.8601
497993.2533
497756.4633
497501.0339
497226.6979
496932.7109
496617.2843
496277.3765
495908.9443
495507.531
495068.9099
494589.4845
494066.2746
493496.5282
492877.2035
492204.6331
491474.582
490682.6968
489825.1423
488899.113
487902.9452
486835.7201
485696.4741
484483.3102
483192.729
481819.3779
480356.2313
478795.0714
477127.0709
475343.2779
473434.8385
471392.8752
469208.0507
466869.9613
464366.5595
461683.7816
458805.4651
455713.5271
452388.2616
448808.5403
444951.6643
440792.6681
436302.9966
431448.6424
426187.9704
420469.5123
414230.0076
407392.9171
399867.6207
391549.5273
382321.3753
372056.0466
360621.2401
347886.3312
333731.6567
318060.2925
300812.0991
281979.4141
261623.2588
239888.3018
217148.7463
193500.0693
169345.9531
145222.9213
121769.327
99656.48214
79495.09276
61744.90382
46657.4043
34267.46212
499783.5673
499672.9209
499544.3407
499402.6603
499253.0514
499098.5851
498939.5991
498774.3531
498600.0039
498413.4326
498211.8601
497993.2533
497756.4633
497501.0339
497226.6979
496932.7109
496617.2843
496277.3765
495908.9443
495507.531
495068.9099
494589.4845
494066.2746
493496.5282
492877.2035
492204.6331
491474.582
490682.6968
489825.1423
488899.113
487902.9452
486835.7201
485696.4741
484483.3102
483192.729
481819.3779
480356.2313
478795.0714
477127.0709
475343.2779
473434.8385
471392.8752
469208.0507
466869.9613
464366.5595
461683.7816
458805.4651
455713.5271
452388.2616
448808.5403
444951.6643
440792.6681
436302.9966
431448.6424
426187.9704
420469.5123
414230.0076
407392.9171
399867.6207
391549.5273
382321.3753
372056.0466
360621.2401
347886.3312
333731.6567
318060.2925
300812.0991
281979.4141
261623.2588
239888.3018
217148.7463
193500.0693
169345.9531
145222.9213
121769.327
99656.48214
79495.09276
61744.90382
46657.4043
34267.46212
499783.5673
499672.9209
499544.3407
499402.6603
499253.0514
499098.5851
498939.5991
498774.3531
498600.0039
498413.4326
498211.8601
497993.2533
497756.4633
497501.0339
497226.6979
496932.7109
496617.2843
496277.3765
495908.9443
495507.531
495068.9099
494589.4845
494066.2746
493496.5282
492877.2035
492204.6331
491474.582
490682.6968
489825.1423
488899.113
487902.9452
486835.7201
485696.4741
484483.3102
483192.729
481819.3779
480356.2313
478795.0714
477127.0709
475343.2779
473434.8385
471392.8752
469208.0507
466869.9613
464366.5595
461683.7816
458805.4651
455713.5271
452388.2616
448808.5403
444951.6643
440792.6681
436302.9966
431448.6424
426187.9704
420469.5123
414230.0076
407392.9171
399867.6207
391549.5273
382321.3753
372056.0466
360621.2401
347886.3312
333731.6567
318060.2925
300812.0991
281979.4141
261623.2588
239888.3018
217148.7463
193500.0693
169345.9531
145222.9213
121769.327
99656.48214
79495.09276
61744.90382
46657.4043
34267.46212
499783.5673
499672.9209
499544.3407
499402.6603
499253.0514
499098.5851
498939.5991
498774.3531
498600.0039
498413.4326
498211.8601
497993.2533
497756.4633
497501.0339
497226.6979
496932.7109
496617.2843
496277.3765
495908.9443
495507.531
495068.9099
494589.4845
494066.2746
493496.5282
492877.2035
492204.6331
491474.582
490682.6968
489825.1423
488899.113
487902.9452
486835.7201
485696.4741
484483.3102
483192.729
481819.3779
480356.2313
478795.0714
477127.0709
475343.2779
473434.8385
471392.8752
469208.0507
466869.9613
464366.5595
461683.7816
458805.4651
455713.5271
452388.2616
448808.5403
444951.6643
440792.6681
436302.9966
431448.6424
426187.9704
420469.5123
414230.0076
407392.9171
399867.6207
391549.5273
382321.3753
372056.0466
360621.2401
347886.3312
333731.6567
318060.2925
300812.0991
281979.4141
261623.2588
239888.3018
217148.7463
193500.0693
169345.9531
145222.9213
121769.327
99656.48214
79495.09276
61744.90382
46657.4043
34267.46212
499783.5673
499672.9209
499544.3407
499402.6603
499253.0514
499098.5851
498939.5991
498774.3531
498600.0039
498413.4326
498211.8601
497993.2533
497756.4633
497501.0339
497226.6979
496932.7109
496617.2843
496277.3765
495908.9443
495507.531
495068.9099
494589.4845
494066.2746
493496.5282
492877.2035
492204.6331
491474.582
490682.6968
489825.1423
488899.113
487902.9452
486835.7201
485696.4741
484483.3102
483192.729
481819.3779
480356.2313
478795.0714
477127.0709
475343.2779
473434.8385
471392.8752
469208.0507
466869.9613
464366.5595
461683.7816
458805.4651
455713.5271
452388.2616
448808.5403
444951.6643
440792.6681
436302.9966
431448.6424
426187.9704
420469.5123
414230.0076
407392.9171
399867.6207
391549.5273
382321.3753
372056.0466
360621.2401
347886.3312
333731.6567
318060.2925
300812.0991
281979.4141
261623.2588
239888.3018
217148.7463
193500.0693
169345.9531
145222.9213
121769.327
99656.48214
79495.09276
61744.90382
46657.4043
34267.46212
499783.5673
499672.9209
499544.3407
499402.6603
499253.0514
499098.5851
498939.5991
498774.3531
498600.0039
498413.4326
498211.8601
497993.2533
497756.4633
497501.0339
497226.6979
496932.7109
496617.2843
496277.3765
495908.9443
495507.531
495068.9099
494589.4845
494066.2746
493496.5282
492877.2035
492204.6331
491474.582
490682.6968
489825.1423
488899.113
487902.9452
486835.7201
485696.4741
484483.3102
483192.729
481819.3779
480356.2313
478795.0714
477127.0709
475343.2779
473434.8385
471392.8752
469208.0507
466869.9613
464366.5595
461683.7816
458805.4651
455713.5271
452388.2616
448808.5403
444951.6643
440792.6681
436302.9966
431448.6424
426187.9704
420469.5123
414230.0076
407392.9171
399867.6207
391549.5273
382321.3753
372056.0466
360621.2401
347886.3312
333731.6567
318060.2925
300812.0991
281979.4141
261623.2588
239888.3018
217148.7463
193500.0693
169345.9531
145222.9213
121769.327
99656.48214
79495.09276
61744.90382
46657.4043
34267.46212
499783.5673
499672.9209
499544.3407
499402.6603
499253.0514
499098.5851
498939.5991
498774.3531
498600.0039
498413.4326
498211.8601
497993.2533
497756.4633
497501.0339
497226.6979
496932.7109
496617.2843
496277.3765
495908.9443
495507.531
495068.9099
494589.4845
494066.2746
493496.5282
492877.2035
492204.6331
491474.582
490682.6968
489825.1423
488899.113
487902.9452
486835.7201
485696.4741
484483.3102
483192.729
481819.3779
480356.2313
478795.0714
477127.0709
475343.2779
473434.8385
471392.8752
469208.0507
466869.9613
464366.5595
461683.7816
458805.4651
455713.5271
452388.2616
448808.5403
444951.6643
440792.6681
436302.9966
431448.6424
426187.9704
420469.5123
414230.0076
407392.9171
399867.6207
391549.5273
382321.3753
372056.0466
360621.2401
347886.3312
333731.6567
318060.2925
300812.0991
281979.4141
261623.2588
239888.3018
217148.7463
193500.0693
169345.9531
145222.9213
121769.327
99656.48214
79495.09276
61744.90382
46657.4043
34267.46212
499783.5673
499672.9209
499544.3407
499402.6603
499253.0514
499098.5851
498939.5991
498774.3531
498600.0039
498413.4326
498211.8601
497993.2533
497756.4633
497501.0339
497226.6979
496932.7109
496617.2843
496277.3765
495908.9443
495507.531
495068.9099
494589.4845
494066.2746
493496.5282
492877.2035
492204.6331
491474.582
490682.6968
489825.1423
488899.113
487902.9452
486835.7201
485696.4741
484483.3102
483192.729
481819.3779
480356.2313
478795.0714
477127.0709
475343.2779
473434.8385
471392.8752
469208.0507
466869.9613
464366.5595
461683.7816
458805.4651
455713.5271
452388.2616
448808.5403
444951.6643
440792.6681
436302.9966
431448.6424
426187.9704
420469.5123
414230.0076
407392.9171
399867.6207
391549.5273
382321.3753
372056.0466
360621.2401
347886.3312
333731.6567
318060.2925
300812.0991
281979.4141
261623.2588
239888.3018
217148.7463
193500.0693
169345.9531
145222.9213
121769.327
99656.48214
79495.09276
61744.90382
46657.4043
34267.46212
499783.5673
499672.9209
499544.3407
499402.6603
499253.0514
499098.5851
498939.5991
498774.3531
498600.0039
498413.4326
498211.8601
497993.2533
497756.4633
497501.0339
497226.6979
496932.7109
496617.2843
496277.3765
495908.9443
495507.531
495068.9099
494589.4845
494066.2746
493496.5282
492877.2035
492204.6331
491474.582
490682.6968
489825.1423
488899.113
487902.9452
486835.7201
485696.4741
484483.3102
483192.729
481819.3779
480356.2313
478795.0714
477127.0709
475343.2779
473434.8385
471392.8752
469208.0507
466869.9613
464366.5595
461683.7816
458805.4651
455713.5271
452388.2616
448808.5403
444951.6643
440792.6681
436302.9966
431448.6424
426187.9704
420469.5123
414230.0076
407392.9171
399867.6207
391549.5273
382321.3753
372056.0466
360621.2401
347886.3312
333731.6567
318060.2925
300812.0991
281979.4141
261623.2588
239888.3018
217148.7463
193500.0693
169345.9531
145222.9213
121769.327
99656.48214
79495.09276
61744.90382
46657.4043
34267.46212
499783.5673
499672.9209
499544.3407
499402.6603
499253.0514
499098.5851
498939.5991
498774.3531
498600.0039
498413.4326
498211.8601
497993.2533
497756.4633
497501.0339
497226.6979
496932.7109
496617.2843
496277.3765
495908.9443
495507.531
495068.9099
494589.4845
494066.2746
493496.5282
492877.2035
492204.6331
491474.582
490682.6968
489825.1423
488899.113
487902.9452
486835.7201
485696.4741
484483.3102
483192.729
481819.3779
480356.2313
478795.0714
477127.0709
475343.2779
473434.8385
471392.8752
469208.0507
466869.9613
464366.5595
461683.7816
458805.4651
455713.5271
452388.2616
448808.5403
444951.6643
440792.6681
436302.9966
431448.6424
426187.9704
420469.5123
414230.0076
407392.9171
399867.6207
391549.5273
382321.3753
372056.0466
360621.2401
347886.3312
333731.6567
318060.2925
300812.0991
281979.4141
261623.2588
239888.3018
217148.7463
193500.0693
169345.9531
145222.9213
121769.327
99656.48214
79495.09276
61744.90382
46657.4043
34267.46212
499783.5673
499672.9209
499544.3407
499402.6603
499253.0514
499098.5851
498939.5991
498774.3531
498600.0039
498413.4326
498211.8601
497993.2533
497756.4633
497501.0339
497226.6979
496932.7109
496617.2843
496277.3765
495908.9443
495507.531
495068.9099
494589.4845
494066.2746
493496.5282
492877.2035
492204.6331
491474.582
490682.6968
489825.1423
488899.113
487902.9452
486835.7201
485696.4741
484483.3102
483192.729
481819.3779
480356.2313
478795.0714
477127.0709
475343.2779
473434.8385
471392.8752
469208.0507
466869.9613
464366.5595
461683.7816
458805.4651
455713.5271
452388.2616
448808.5403
444951.6643
440792.6681
436302.9966
431448.6424
426187.9704
420469.5123
414230.0076
407392.9171
399867.6207
391549.5273
382321.3753
372056.0466
360621.2401
347886.3312
333731.6567
318060.2925
300812.0991
281979.4141
261623.2588
239888.3018
217148.7463
193500.0693
169345.9531
145222.9213
121769.327
99656.48214
79495.09276
61744.90382
46657.4043
34267.46212
499783.5673
499672.9209
499544.3407
499402.6603
499253.0514
499098.5851
498939.5991
498774.3531
498600.0039
498413.4326
498211.8601
497993.2533
497756.4633
497501.0339
497226.6979
496932.7109
496617.2843
496277.3765
495908.9443
495507.531
495068.9099
494589.4845
494066.2746
493496.5282
492877.2035
492204.6331
491474.582
490682.6968
489825.1423
488899.113
487902.9452
486835.7201
485696.4741
484483.3102
483192.729
481819.3779
480356.2313
478795.0714
477127.0709
475343.2779
473434.8385
471392.8752
469208.0507
466869.9613
464366.5595
461683.7816
458805.4651
455713.5271
452388.2616
448808.5403
444951.6643
440792.6681
436302.9966
431448.6424
426187.9704
420469.5123
414230.0076
407392.9171
399867.6207
391549.5273
382321.3753
372056.0466
360621.2401
347886.3312
333731.6567
318060.2925
300812.0991
281979.4141
261623.2588
239888.3018
217148.7463
193500.0693
169345.9531
145222.9213
121769.327
99656.48214
79495.09276
61744.90382
46657.4043
34267.46212
499783.5673
499672.9209
499544.3407
499402.6603
499253.0514
499098.5851
498939.5991
498774.3531
498600.0039
498413.4326
498211.8601
497993.2533
497756.4633
497501.0339
497226.6979
496932.7109
496617.2843
496277.3765
495908.9443
495507.531
495068.9099
494589.4845
494066.2746
493496.5282
492877.2035
492204.6331
491474.582
490682.6968
489825.1423
488899.113
487902.9452
486835.7201
485696.4741
484483.3102
483192.729
481819.3779
480356.2313
478795.0714
477127.0709
475343.2779
473434.8385
471392.8752
469208.0507
466869.9613
464366.5595
461683.7816
458805.4651
455713.5271
452388.2616
448808.5403
444951.6643
440792.6681
436302.9966
431448.6424
426187.9704
420469.5123
414230.0076
407392.9171
399867.6207
391549.5273
382321.3753
372056.0466
360621.2401
347886.3312
333731.6567
318060.2925
300812.0991
281979.4141
261623.2588
239888.3018
217148.7463
193500.0693
169345.9531
145222.9213
121769.327
99656.48214
79495.09276
61744.90382
46657.4043
34267.46212
499783.5673
499672.9209
499544.3407
499402.6603
499253.0514
499098.5851
498939.5991
498774.3531
498600.0039
498413.4326
498211.8601
497993.2533
497756.4633
497501.0339
497226.6979
496932.7109
496617.2843
496277.3765
495908.9443
495507.531
495068.9099
494589.4845
494066.2746
493496.5282
492877.2035
492204.6331
491474.582
490682.6968
489825.1423
488899.113
487902.9452
486835.7201
485696.4741
484483.3102
483192.729
481819.3779
480356.2313
478795.0714
477127.0709
475343.2779
473434.8385
471392.8752
469208.0507
466869.9613
464366.5595
461683.7816
458805.4651
455713.5271
452388.2616
448808.5403
444951.6643
440792.6681
436302.9966
431448.6424
426187.9704
420469.5123
414230.0076
407392.9171
399867.6207
391549.5273
382321.3753
372056.0466
360621.2401
347886.3312
333731.6567
318060.2925
300812.0991
281979.4141
261623.2588
239888.3018
217148.7463
193500.0693
169345.9531
145222.9213
121769.327
99656.48214
79495.09276
61744.90382
46657.4043
34267.46212
499783.5673
499672.9209
499544.3407
499402.6603
499253.0514
499098.5851
498939.5991
498774.3531
498600.0039
498413.4326
498211.8601
497993.2533
497756.4633
497501.0339
497226.6979
496932.7109
496617.2843
496277.3765
495908.9443
495507.531
495068.9099
494589.4845
494066.2746
493496.5282
492877.2035
492204.6331
491474.582
490682.6968
489825.1423
488899.113
487902.9452
486835.7201
485696.4741
484483.3102
483192.729
481819.3779
480356.2313
478795.0714
477127.0709
475343.2779
473434.8385
471392.8752
469208.0507
466869.9613
464366.5595
461683.7816
458805.4651
455713.5271
452388.2616
448808.5403
444951.6643
440792.6681
436302.9966
431448.6424
426187.9704
420469.5123
414230.0076
407392.9171
399867.6207
391549.5273
382321.3753
372056.0466
360621.2401
347886.3312
333731.6567
318060.2925
300812.0991
281979.4141
261623.2588
239888.3018
217148.7463
193500.0693
169345.9531
145222.9213
121769.327
99656.48214
79495.09276
61744.90382
46657.4043
34267.46212
499783.5673
499672.9209
499544.3407
499402.6603
499253.0514
499098.5851
498939.5991
498774.3531
498600.0039
498413.4326
498211.8601
497993.2533
497756.4633
497501.0339
497226.6979
496932.7109
496617.2843
496277.3765
495908.9443
495507.531
495068.9099
494589.4845
494066.2746
493496.5282
492877.2035
492204.6331
491474.582
490682.6968
489825.1423
488899.113
487902.9452
486835.7201
485696.4741
484483.3102
483192.729
481819.3779
480356.2313
478795.0714
477127.0709
475343.2779
473434.8385
471392.8752
469208.0507
466869.9613
464366.5595
461683.7816
458805.4651
455713.5271
452388.2616
448808.5403
444951.6643
440792.6681
436302.9966
431448.6424
426187.9704
420469.5123
414230.0076
407392.9171
399867.6207
391549.5273
382321.3753
372056.0466
360621.2401
347886.3312
333731.6567
318060.2925
300812.0991
281979.4141
261623.2588
239888.3018
217148.7463
193500.0693
169345.9531
145222.9213
121769.327
99656.48214
79495.09276
61744.90382
46657.4043
34267.46212
499783.5673
499672.9209
499544.3407
499402.6603
499253.0514
499098.5851
498939.5991
498774.3531
498600.0039
498413.4326
498211.8601
497993.2533
497756.4633
497501.0339
497226.6979
496932.7109
496617.2843
496277.3765
495908.9443
495507.531
495068.9099
494589.4845
494066.2746
493496.5282
492877.2035
492204.6331
491474.582
490682.6968
489825.1423
488899.113
487902.9452
486835.7201
485696.4741
484483.3102
483192.729
481819.3779
480356.2313
478795.0714
477127.0709
475343.2779
473434.8385
471392.8752
469208.0507
466869.9613
464366.5595
461683.7816
458805.4651
455713.5271
452388.2616
448808.5403
444951.6643
440792.6681
436302.9966
431448.6424
426187.9704
420469.5123
414230.0076
407392.9171
399867.6207
391549.5273
382321.3753
372056.0466
360621.2401
347886.3312
333731.6567
318060.2925
300812.0991
281979.4141
261623.2588
239888.3018
217148.7463
193500.0693
169345.9531
145222.9213
121769.327
99656.48214
79495.09276
61744.90382
46657.4043
34267.46212
499783.5673
499672.9209
499544.3407
499402.6603
499253.0514
499098.5851
498939.5991
498774.3531
498600.0039
498413.4326
498211.8601
497993.2533
497756.4633
497501.0339
497226.6979
496932.7109
496617.2843
496277.3765
495908.9443
495507.531
495068.9099
494589.4845
494066.2746
493496.5282
492877.2035
492204.6331
491474.582
490682.6968
489825.1423
488899.113
487902.9452
486835.7201
485696.4741
484483.3102
483192.729
481819.3779
480356.2313
478795.0714
477127.0709
475343.2779
473434.8385
471392.8752
469208.0507
466869.9613
464366.5595
461683.7816
458805.4651
455713.5271
452388.2616
448808.5403
444951.6643
440792.6681
436302.9966
431448.6424
426187.9704
420469.5123
414230.0076
407392.9171
399867.6207
391549.5273
382321.3753
372056.0466
360621.2401
347886.3312
333731.6567
318060.2925
300812.0991
281979.4141
261623.2588
239888.3018
217148.7463
193500.0693
169345.9531
145222.9213
121769.327
99656.48214
79495.09276
61744.90382
46657.4043
34267.46212
499783.5673
499672.9209
499544.3407
499402.6603
499253.0514
499098.5851
498939.5991
498774.3531
498600.0039
498413.4326
498211.8601
497993.2533
497756.4633
497501.0339
497226.6979
496932.7109
496617.2843
496277.3765
495908.9443
495507.531
495068.9099
494589.4845
494066.2746
493496.5282
492877.2035
492204.6331
491474.582
490682.6968
489825.1423
488899.113
487902.9452
486835.7201
485696.4741
484483.3102
483192.729
481819.3779
480356.2313
478795.0714
477127.0709
475343.2779
473434.8385
471392.8752
469208.0507
466869.9613
464366.5595
461683.7816
458805.4651
455713.5271
452388.2616
448808.5403
444951.6643
440792.6681
436302.9966
431448.6424
426187.9704
420469.5123
414230.0076
407392.9171
399867.6207
391549.5273
382321.3753
372056.0466
360621.2401
347886.3312
333731.6567
318060.2925
300812.0991
281979.4141
261623.2588
239888.3018
217148.7463
193500.0693
169345.9531
145222.9213
121769.327
99656.48214
79495.09276
61744.90382
46657.4043
34267.46212
499783.5673
499672.9209
499544.3407
499402.6603
499253.0514
499098.5851
498939.5991
498774.3531
498600.0039
498413.4326
498211.8601
497993.2533
497756.4633
497501.0339
497226.6979
496932.7109
496617.2843
496277.3765
495908.9443
495507.531
495068.9099
494589.4845
494066.2746
493496.5282
492877.2035
492204.6331
491474.582
490682.6968
489825.1423
488899.113
487902.9452
486835.7201
485696.4741
484483.3102
483192.729
481819.3779
480356.2313
478795.0714
477127.0709
475343.2779
473434.8385
471392.8752
469208.0507
466869.9613
464366.5595
461683.7816
458805.4651
455713.5271
452388.2616
448808.5403
444951.6643
440792.6681
436302.9966
431448.6424
426187.9704
420469.5123
414230.0076
407392.9171
399867.6207
391549.5273
382321.3753
372056.0466
360621.2401
347886.3312
333731.6567
318060.2925
300812.0991
281979.4141
261623.2588
239888.3018
217148.7463
193500.0693
169345.9531
145222.9213
121769.327
99656.48214
79495.09276
61744.90382
46657.4043
34267.46212
499783.5673
499672.9209
499544.3407
499402.6603
499253.0514
499098.5851
498939.5991
498774.3531
498600.0039
498413.4326
498211.8601
497993.2533
497756.4633
497501.0339
497226.6979
496932.7109
496617.2843
496277.3765
495908.9443
495507.531
495068.9099
494589.4845
494066.2746
493496.5282
492877.2035
492204.6331
491474.582
490682.6968
489825.1423
488899.113
487902.9452
486835.7201
485696.4741
484483.3102
483192.729
481819.3779
480356.2313
478795.0714
477127.0709
475343.2779
473434.8385
471392.8752
469208.0507
466869.9613
464366.5595
461683.7816
458805.4651
455713.5271
452388.2616
448808.5403
444951.6643
440792.6681
436302.9966
431448.6424
426187.9704
420469.5123
414230.0076
407392.9171
399867.6207
391549.5273
382321.3753
372056.0466
360621.2401
347886.3312
333731.6567
318060.2925
300812.0991
281979.4141
261623.2588
239888.3018
217148.7463
193500.0693
169345.9531
145222.9213
121769.327
99656.48214
79495.09276
61744.90382
46657.4043
34267.46212
499783.5673
499672.9209
499544.3407
499402.6603
499253.0514
499098.5851
498939.5991
498774.3531
498600.0039
498413.4326
498211.8601
497993.2533
497756.4633
497501.0339
497226.6979
496932.7109
496617.2843
496277.3765
495908.9443
495507.531
495068.9099
494589.4845
494066.2746
493496.5282
492877.2035
492204.6331
491474.582
490682.6968
489825.1423
488899.113
487902.9452
486835.7201
485696.4741
484483.3102
483192.729
481819.3779
480356.2313
478795.0714
477127.0709
475343.2779
473434.8385
471392.8752
469208.0507
466869.9613
464366.5595
461683.7816
458805.4651
455713.5271
452388.2616
448808.5403
444951.6643
440792.6681
436302.9966
431448.6424
426187.9704
420469.5123
414230.0076
407392.9171
399867.6207
391549.5273
382321.3753
372056.0466
360621.2401
347886.3312
333731.6567
318060.2925
300812.0991
281979.4141
261623.2588
239888.3018
217148.7463
193500.0693
169345.9531
145222.9213
121769.327
99656.48214
79495.09276
61744.90382
46657.4043
34267.46212
499783.5673
499672.9209
499544.3407
499402.6603
499253.0514
499098.5851
498939.5991
498774.3531
498600.0039
498413.4326
498211.8601
497993.2533
497756.4633
497501.0339
497226.6979
496932.7109
496617.2843
496277.3765
495908.9443
495507.531
495068.9099
494589.4845
494066.2746
493496.5282
492877.2035
492204.6331
491474.582
490682.6968
489825.1423
488899.113
487902.9452
486835.7201
485696.4741
484483.3102
483192.729
481819.3779
480356.2313
478795.0714
477127.0709
475343.2779
473434.8385
471392.8752
469208.0507
466869.9613
464366.5595
461683.7816
458805.4651
455713.5271
452388.2616
448808.5403
444951.6643
440792.6681
436302.9966
431448.6424
426187.9704
420469.5123
414230.0076
407392.9171
399867.6207
391549.5273
382321.3753
372056.0466
360621.2401
347886.3312
333731.6567
318060.2925
300812.0991
281979.4141
261623.2588
239888.3018
217148.7463
193500.0693
169345.9531
145222.9213
121769.327
99656.48214
79495.09276
61744.90382
46657.4043
34267.46212
499783.5673
499672.9209
499544.3407
499402.6603
499253.0514
499098.5851
498939.5991
498774.3531
498600.0039
498413.4326
498211.8601
497993.2533
497756.4633
497501.0339
497226.6979
496932.7109
496617.2843
496277.3765
495908.9443
495507.531
495068.9099
494589.4845
494066.2746
493496.5282
492877.2035
492204.6331
491474.582
490682.6968
489825.1423
488899.113
487902.9452
486835.7201
485696.4741
484483.3102
483192.729
481819.3779
480356.2313
478795.0714
477127.0709
475343.2779
473434.8385
471392.8752
469208.0507
466869.9613
464366.5595
461683.7816
458805.4651
455713.5271
452388.2616
448808.5403
444951.6643
440792.6681
436302.9966
431448.6424
426187.9704
420469.5123
414230.0076
407392.9171
399867.6207
391549.5273
382321.3753
372056.0466
360621.2401
347886.3312
333731.6567
318060.2925
300812.0991
281979.4141
261623.2588
239888.3018
217148.7463
193500.0693
169345.9531
145222.9213
121769.327
99656.48214
79495.09276
61744.90382
46657.4043
34267.46212
499783.5673
499672.9209
499544.3407
499402.6603
499253.0514
499098.5851
498939.5991
498774.3531
498600.0039
498413.4326
498211.8601
497993.2533
497756.4633
497501.0339
497226.6979
496932.7109
496617.2843
496277.3765
495908.9443
495507.531
495068.9099
494589.4845
494066.2746
493496.5282
492877.2035
492204.6331
491474.582
490682.6968
489825.1423
488899.113
487902.9452
486835.7201
485696.4741
484483.3102
483192.729
481819.3779
480356.2313
478795.0714
477127.0709
475343.2779
473434.8385
471392.8752
469208.0507
466869.9613
464366.5595
461683.7816
458805.4651
455713.5271
452388.2616
448808.5403
444951.6643
440792.6681
436302.9966
431448.6424
426187.9704
420469.5123
414230.0076
407392.9171
399867.6207
391549.5273
382321.3753
372056.0466
360621.2401
347886.3312
333731.6567
318060.2925
300812.0991
281979.4141
261623.2588
239888.3018
217148.7463
193500.0693
169345.9531
145222.9213
121769.327
99656.48214
79495.09276
61744.90382
46657.4043
34267.46212
499783.5673
499672.9209
499544.3407
499402.6603
499253.0514
499098.5851
498939.5991
498774.3531
498600.0039
498413.4326
498211.8601
497993.2533
497756.4633
497501.0339
497226.6979
496932.7109
496617.2843
496277.3765
495908.9443
495507.531
495068.9099
494589.4845
494066.2746
493496.5282
492877.2035
492204.6331
491474.582
490682.6968
489825.1423
488899.113
487902.9452
486835.7201
485696.4741
484483.3102
483192.729
481819.3779
480356.2313
478795.0714
477127.0709
475343.2779
473434.8385
471392.8752
469208.0507
466869.9613
464366.5595
461683.7816
458805.4651
455713.5271
452388.2616
448808.5403
444951.6643
440792.6681
436302.9966
431448.6424
426187.9704
420469.5123
414230.0076
407392.9171
399867.6207
391549.5273
382321.3753
372056.0466
360621.2401
347886.3312
333731.6567
318060.2925
300812.0991
281979.4141
261623.2588
239888.3018
217148.7463
193500.0693
169345.9531
145222.9213
121769.327
99656.48214
79495.09276
61744.90382
46657.4043
34267.46212
499783.5673
499672.9209
499544.3407
499402.6603
499253.0514
499098.5851
498939.5991
498774.3531
498600.0039
498413.4326
498211.8601
497993.2533
497756.4633
497501.0339
497226.6979
496932.7109
496617.2843
496277.3765
495908.9443
495507.531
495068.9099
494589.4845
494066.2746
493496.5282
492877.2035
492204.6331
491474.582
490682.6968
489825.1423
488899.113
487902.9452
486835.7201
485696.4741
484483.3102
483192.729
481819.3779
480356.2313
478795.0714
477127.0709
475343.2779
473434.8385
471392.8752
469208.0507
466869.9613
464366.5595
461683.7816
458805.4651
455713.5271
452388.2616
448808.5403
444951.6643
440792.6681
436302.9966
431448.6424
426187.9704
420469.5123
414230.0076
407392.9171
399867.6207
391549.5273
382321.3753
372056.0466
360621.2401
347886.3312
333731.6567
318060.2925
300812.0991
281979.4141
261623.2588
239888.3018
217148.7463
193500.0693
169345.9531
145222.9213
121769.327
99656.48214
79495.09276
61744.90382
46657.4043
34267.46212
499783.5673
499672.9209
499544.3407
499402.6603
499253.0514
499098.5851
498939.5991
498774.3531
498600.0039
498413.4326
498211.8601
497993.2533
497756.4633
497501.0339
497226.6979
496932.7109
496617.2843
496277.3765
495908.9443
495507.531
495068.9099
494589.4845
494066.2746
493496.5282
492877.2035
492204.6331
491474.582
490682.6968
489825.1423
488899.113
487902.9452
486835.7201
485696.4741
484483.3102
483192.729
481819.3779
480356.2313
478795.0714
477127.0709
475343.2779
473434.8385
471392.8752
469208.0507
466869.9613
464366.5595
461683.7816
458805.4651
455713.5271
452388.2616
448808.5403
444951.6643
440792.6681
436302.9966
431448.6424
426187.9704
420469.5123
414230.0076
407392.9171
399867.6207
391549.5273
382321.3753
372056.0466
360621.2401
347886.3312
333731.6567
318060.2925
300812.0991
281979.4141
261623.2588
239888.3018
217148.7463
193500.0693
169345.9531
145222.9213
121769.327
99656.48214
79495.09276
61744.90382
46657.4043
34267.46212
499783.5673
499672.9209
499544.3407
499402.6603
499253.0514
499098.5851
498939.5991
498774.3531
498600.0039
498413.4326
498211.8601
497993.2533
497756.4633
497501.0339
497226.6979
496932.7109
496617.2843
496277.3765
495908.9443
495507.531
495068.9099
494589.4845
494066.2746
493496.5282
492877.2035
492204.6331
491474.582
490682.6968
489825.1423
488899.113
487902.9452
486835.7201
485696.4741
484483.3102
483192.729
481819.3779
480356.2313
478795.0714
477127.0709
475343.2779
473434.8385
471392.8752
469208.0507
466869.9613
464366.5595
461683.7816
458805.4651
455713.5271
452388.2616
448808.5403
444951.6643
440792.6681
436302.9966
431448.6424
426187.9704
420469.5123
414230.0076
407392.9171
399867.6207
391549.5273
382321.3753
372056.0466
360621.2401
347886.3312
333731.6567
318060.2925
300812.0991
281979.4141
261623.2588
239888.3018
217148.7463
193500.0693
169345.9531
145222.9213
121769.327
99656.48214
79495.09276
61744.90382
46657.4043
34267.46212
499783.5673
499672.9209
499544.3407
499402.6603
499253.0514
499098.5851
498939.5991
498774.3531
498600.0039
498413.4326
498211.8601
497993.2533
497756.4633
497501.0339
497226.6979
496932.7109
496617.2843
496277.3765
495908.9443
495507.531
495068.9099
494589.4845
494066.2746
493496.5282
492877.2035
492204.6331
491474.582
490682.6968
489825.1423
488899.113
487902.9452
486835.7201
485696.4741
484483.3102
483192.729
481819.3779
480356.2313
478795.0714
477127.0709
475343.2779
473434.8385
471392.8752
469208.0507
466869.9613
464366.5595
461683.7816
458805.4651
455713.5271
452388.2616
448808.5403
444951.6643
440792.6681
436302.9966
431448.6424
426187.9704
420469.5123
414230.0076
407392.9171
399867.6207
391549.5273
382321.3753
372056.0466
360621.2401
347886.3312
333731.6567
318060.2925
300812.0991
281979.4141
261623.2588
239888.3018
217148.7463
193500.0693
169345.9531
145222.9213
121769.327
99656.48214
79495.09276
61744.90382
46657.4043
34267.46212
499783.5673
499672.9209
499544.3407
499402.6603
499253.0514
499098.5851
498939.5991
498774.3531
498600.0039
498413.4326
498211.8601
497993.2533
497756.4633
497501.0339
497226.6979
496932.7109
496617.2843
496277.3765
495908.9443
495507.531
495068.9099
494589.4845
494066.2746
493496.5282
492877.2035
492204.6331
491474.582
490682.6968
489825.1423
488899.113
487902.9452
486835.7201
485696.4741
484483.3102
483192.729
481819.3779
480356.2313
478795.0714
477127.0709
475343.2779
473434.8385
471392.8752
469208.0507
466869.9613
464366.5595
461683.7816
458805.4651
455713.5271
452388.2616
448808.5403
444951.6643
440792.6681
436302.9966
431448.6424
426187.9704
420469.5123
414230.0076
407392.9171
399867.6207
391549.5273
382321.3753
372056.0466
360621.2401
347886.3312
333731.6567
318060.2925
300812.0991
281979.4141
261623.2588
239888.3018
217148.7463
193500.0693
169345.9531
145222.9213
121769.327
99656.48214
79495.09276
61744.90382
46657.4043
34267.46212
