0.985488474
0.984831095
0.984144032
0.983456016
0.982782781
0.982125342
0.981473923
0.980813563
0.980128288
0.979404271
0.978631258
0.977802515
0.976913273
0.975958169
0.97492975
0.973816752
0.972604454
0.971274734
0.969807506
0.968182325
0.966380239
0.964385033
0.962182999
0.959761381
0.95710516
0.954193175
0.950995743
0.94747442
0.943585098
0.939282954
0.934529603
0.929298043
0.92357415
0.917352736
0.910629153
0.903390527
0.895609558
0.887245178
0.878249288
0.868578553
0.858206689
0.8471331
0.835382819
0.822997153
0.810017049
0.796466231
0.782338381
0.767594337
0.752167821
0.735977829
0.718942702
0.700990558
0.682063401
0.66211319
0.641091108
0.618935525
0.595563114
0.570868611
0.54473567
0.517059326
0.487776846
0.456900746
0.424544662
0.390933484
0.356393307
0.321323603
0.286162734
0.251360446
0.217367351
0.1846423
0.153671965
0.12495897
0.099017031
0.076302476
0.057125513
0.041569158
0.029456535
0.020387499
0.013829414
0.00922183
0.985488474
0.984831095
0.984144032
0.983456016
0.982782781
0.982125342
0.981473923
0.980813563
0.980128288
0.979404271
0.978631258
0.977802515
0.976913273
0.975958169
0.97492975
0.973816752
0.972604454
0.971274734
0.969807506
0.968182325
0.966380239
0.964385033
0.962182999
0.959761381
0.95710516
0.954193175
0.950995743
0.94747442
0.943585098
0.939282954
0.934529603
0.929298043
0.92357415
0.917352736
0.910629153
0.903390527
0.895609558
0.887245178
0.878249288
0.868578553
0.858206689
0.8471331
0.835382819
0.822997153
0.810017049
0.796466231
0.782338381
0.767594337
0.752167821
0.735977829
0.718942702
0.700990558
0.682063401
0.66211319
0.641091108
0.618935525
0.595563114
0.570868611
0.54473567
0.517059326
0.487776846
0.456900746
0.424544662
0.390933484
0.356393307
0.321323603
0.286162734
0.251360446
0.217367351
0.1846423
0.153671965
0.12495897
0.099017031
0.076302476
0.057125513
0.041569158
0.029456535
0.020387499
0.013829414
0.00922183
0.985488474
0.984831095
0.984144032
0.983456016
0.982782781
0.982125342
0.981473923
0.980813563
0.980128288
0.979404271
0.978631258
0.977802515
0.976913273
0.975958169
0.97492975
0.973816752
0.972604454
0.971274734
0.969807506
0.968182325
0.966380239
0.964385033
0.962182999
0.959761381
0.95710516
0.954193175
0.950995743
0.94747442
0.943585098
0.939282954
0.934529603
0.929298043
0.92357415
0.917352736
0.910629153
0.903390527
0.895609558
0.887245178
0.878249288
0.868578553
0.858206689
0.8471331
0.835382819
0.822997153
0.810017049
0.796466231
0.782338381
0.767594337
0.752167821
0.735977829
0.718942702
0.700990558
0.682063401
0.66211319
0.641091108
0.618935525
0.595563114
0.570868611
0.54473567
0.517059326
0.487776846
0.456900746
0.424544662
0.390933484
0.356393307
0.321323603
0.286162734
0.251360446
0.217367351
0.1846423
0.153671965
0.12495897
0.099017031
0.076302476
0.057125513
0.041569158
0.029456535
0.020387499
0.013829414
0.00922183
0.985488474
0.984831095
0.984144032
0.983456016
0.982782781
0.982125342
0.981473923
0.980813563
0.980128288
0.979404271
0.978631258
0.977802515
0.976913273
0.975958169
0.97492975
0.973816752
0.972604454
0.971274734
0.969807506
0.968182325
0.966380239
0.964385033
0.962182999
0.959761381
0.95710516
0.954193175
0.950995743
0.94747442
0.943585098
0.939282954
0.934529603
0.929298043
0.92357415
0.917352736
0.910629153
0.903390527
0.895609558
0.887245178
0.878249288
0.868578553
0.858206689
0.8471331
0.835382819
0.822997153
0.810017049
0.796466231
0.782338381
0.767594337
0.752167821
0.735977829
0.718942702
0.700990558
0.682063401
0.66211319
0.641091108
0.618935525
0.595563114
0.570868611
0.54473567
0.517059326
0.487776846
0.456900746
0.424544662
0.390933484
0.356393307
0.321323603
0.286162734
0.251360446
0.217367351
0.1846423
0.153671965
0.12495897
0.099017031
0.076302476
0.057125513
0.041569158
0.029456535
0.020387499
0.013829414
0.00922183
0.985488474
0.984831095
0.984144032
0.983456016
0.982782781
0.982125342
0.981473923
0.980813563
0.980128288
0.979404271
0.978631258
0.977802515
0.976913273
0.975958169
0.97492975
0.973816752
0.972604454
0.971274734
0.969807506
0.968182325
0.966380239
0.964385033
0.962182999
0.959761381
0.95710516
0.954193175
0.950995743
0.94747442
0.943585098
0.939282954
0.934529603
0.929298043
0.92357415
0.917352736
0.910629153
0.903390527
0.895609558
0.887245178
0.878249288
0.868578553
0.858206689
0.8471331
0.835382819
0.822997153
0.810017049
0.796466231
0.782338381
0.767594337
0.752167821
0.735977829
0.718942702
0.700990558
0.682063401
0.66211319
0.641091108
0.618935525
0.595563114
0.570868611
0.54473567
0.517059326
0.487776846
0.456900746
0.424544662
0.390933484
0.356393307
0.321323603
0.286162734
0.251360446
0.217367351
0.1846423
0.153671965
0.12495897
0.099017031
0.076302476
0.057125513
0.041569158
0.029456535
0.020387499
0.013829414
0.00922183
0.985488474
0.984831095
0.984144032
0.983456016
0.982782781
0.982125342
0.981473923
0.980813563
0.980128288
0.979404271
0.978631258
0.977802515
0.976913273
0.975958169
0.97492975
0.973816752
0.972604454
0.971274734
0.969807506
0.968182325
0.966380239
0.964385033
0.962182999
0.959761381
0.95710516
0.954193175
0.950995743
0.94747442
0.943585098
0.939282954
0.934529603
0.929298043
0.92357415
0.917352736
0.910629153
0.903390527
0.895609558
0.887245178
0.878249288
0.868578553
0.858206689
0.8471331
0.835382819
0.822997153
0.810017049
0.796466231
0.782338381
0.767594337
0.752167821
0.735977829
0.718942702
0.700990558
0.682063401
0.66211319
0.641091108
0.618935525
0.595563114
0.570868611
0.54473567
0.517059326
0.487776846
0.456900746
0.424544662
0.390933484
0.356393307
0.321323603
0.286162734
0.251360446
0.217367351
0.1846423
0.153671965
0.12495897
0.099017031
0.076302476
0.057125513
0.041569158
0.029456535
0.020387499
0.013829414
0.00922183
0.985488474
0.984831095
0.984144032
0.983456016
0.982782781
0.982125342
0.981473923
0.980813563
0.980128288
0.979404271
0.978631258
0.977802515
0.976913273
0.975958169
0.97492975
0.973816752
0.972604454
0.971274734
0.969807506
0.968182325
0.966380239
0.964385033
0.962182999
0.959761381
0.95710516
0.954193175
0.950995743
0.94747442
0.943585098
0.939282954
0.934529603
0.929298043
0.92357415
0.917352736
0.910629153
0.903390527
0.895609558
0.887245178
0.878249288
0.868578553
0.858206689
0.8471331
0.835382819
0.822997153
0.810017049
0.796466231
0.782338381
0.767594337
0.752167821
0.735977829
0.718942702
0.700990558
0.682063401
0.66211319
0.641091108
0.618935525
0.595563114
0.570868611
0.54473567
0.517059326
0.487776846
0.456900746
0.424544662
0.390933484
0.356393307
0.321323603
0.286162734
0.251360446
0.217367351
0.1846423
0.153671965
0.12495897
0.099017031
0.076302476
0.057125513
0.041569158
0.029456535
0.020387499
0.013829414
0.00922183
0.985488474
0.984831095
0.984144032
0.983456016
0.982782781
0.982125342
0.981473923
0.980813563
0.980128288
0.979404271
0.978631258
0.977802515
0.976913273
0.975958169
0.97492975
0.973816752
0.972604454
0.971274734
0.969807506
0.968182325
0.966380239
0.964385033
0.962182999
0.959761381
0.95710516
0.954193175
0.950995743
0.94747442
0.943585098
0.939282954
0.934529603
0.929298043
0.92357415
0.917352736
0.910629153
0.903390527
0.895609558
0.887245178
0.878249288
0.868578553
0.858206689
0.8471331
0.835382819
0.822997153
0.810017049
0.796466231
0.782338381
0.767594337
0.752167821
0.735977829
0.718942702
0.700990558
0.682063401
0.66211319
0.641091108
0.618935525
0.595563114
0.570868611
0.54473567
0.517059326
0.487776846
0.456900746
0.424544662
0.390933484
0.356393307
0.321323603
0.286162734
0.251360446
0.217367351
0.1846423
0.153671965
0.12495897
0.099017031
0.076302476
0.057125513
0.041569158
0.029456535
0.020387499
0.013829414
0.00922183
0.985488474
0.984831095
0.984144032
0.983456016
0.982782781
0.982125342
0.981473923
0.980813563
0.980128288
0.979404271
0.978631258
0.977802515
0.976913273
0.975958169
0.97492975
0.973816752
0.972604454
0.971274734
0.969807506
0.968182325
0.966380239
0.964385033
0.962182999
0.959761381
0.95710516
0.954193175
0.950995743
0.94747442
0.943585098
0.939282954
0.934529603
0.929298043
0.92357415
0.917352736
0.910629153
0.903390527
0.895609558
0.887245178
0.878249288
0.868578553
0.858206689
0.8471331
0.835382819
0.822997153
0.810017049
0.796466231
0.782338381
0.767594337
0.752167821
0.735977829
0.718942702
0.700990558
0.682063401
0.66211319
0.641091108
0.618935525
0.595563114
0.570868611
0.54473567
0.517059326
0.487776846
0.456900746
0.424544662
0.390933484
0.356393307
0.321323603
0.286162734
0.251360446
0.217367351
0.1846423
0.153671965
0.12495897
0.099017031
0.076302476
0.057125513
0.041569158
0.029456535
0.020387499
0.013829414
0.00922183
0.985488474
0.984831095
0.984144032
0.983456016
0.982782781
0.982125342
0.981473923
0.980813563
0.980128288
0.979404271
0.978631258
0.977802515
0.976913273
0.975958169
0.97492975
0.973816752
0.972604454
0.971274734
0.969807506
0.968182325
0.966380239
0.964385033
0.962182999
0.959761381
0.95710516
0.954193175
0.950995743
0.94747442
0.943585098
0.939282954
0.934529603
0.929298043
0.92357415
0.917352736
0.910629153
0.903390527
0.895609558
0.887245178
0.878249288
0.868578553
0.858206689
0.8471331
0.835382819
0.822997153
0.810017049
0.796466231
0.782338381
0.767594337
0.752167821
0.735977829
0.718942702
0.700990558
0.682063401
0.66211319
0.641091108
0.618935525
0.595563114
0.570868611
0.54473567
0.517059326
0.487776846
0.456900746
0.424544662
0.390933484
0.356393307
0.321323603
0.286162734
0.251360446
0.217367351
0.1846423
0.153671965
0.12495897
0.099017031
0.076302476
0.057125513
0.041569158
0.029456535
0.020387499
0.013829414
0.00922183
0.985488474
0.984831095
0.984144032
0.983456016
0.982782781
0.982125342
0.981473923
0.980813563
0.980128288
0.979404271
0.978631258
0.977802515
0.976913273
0.975958169
0.97492975
0.973816752
0.972604454
0.971274734
0.969807506
0.968182325
0.966380239
0.964385033
0.962182999
0.959761381
0.95710516
0.954193175
0.950995743
0.94747442
0.943585098
0.939282954
0.934529603
0.929298043
0.92357415
0.917352736
0.910629153
0.903390527
0.895609558
0.887245178
0.878249288
0.868578553
0.858206689
0.8471331
0.835382819
0.822997153
0.810017049
0.796466231
0.782338381
0.767594337
0.752167821
0.735977829
0.718942702
0.700990558
0.682063401
0.66211319
0.641091108
0.618935525
0.595563114
0.570868611
0.54473567
0.517059326
0.487776846
0.456900746
0.424544662
0.390933484
0.356393307
0.321323603
0.286162734
0.251360446
0.217367351
0.1846423
0.153671965
0.12495897
0.099017031
0.076302476
0.057125513
0.041569158
0.029456535
0.020387499
0.013829414
0.00922183
0.985488474
0.984831095
0.984144032
0.983456016
0.982782781
0.982125342
0.981473923
0.980813563
0.980128288
0.979404271
0.978631258
0.977802515
0.976913273
0.975958169
0.97492975
0.973816752
0.972604454
0.971274734
0.969807506
0.968182325
0.966380239
0.964385033
0.962182999
0.959761381
0.95710516
0.954193175
0.950995743
0.94747442
0.943585098
0.939282954
0.934529603
0.929298043
0.92357415
0.917352736
0.910629153
0.903390527
0.895609558
0.887245178
0.878249288
0.868578553
0.858206689
0.8471331
0.835382819
0.822997153
0.810017049
0.796466231
0.782338381
0.767594337
0.752167821
0.735977829
0.718942702
0.700990558
0.682063401
0.66211319
0.641091108
0.618935525
0.595563114
0.570868611
0.54473567
0.517059326
0.487776846
0.456900746
0.424544662
0.390933484
0.356393307
0.321323603
0.286162734
0.251360446
0.217367351
0.1846423
0.153671965
0.12495897
0.099017031
0.076302476
0.057125513
0.041569158
0.029456535
0.020387499
0.013829414
0.00922183
0.985502601
0.984845459
0.984157622
0.983468354
0.982793868
0.982135415
0.981483459
0.980822921
0.980137765
0.979414105
0.97864157
0.977813363
0.976924777
0.975970507
0.974943042
0.973831415
0.972620785
0.971293092
0.969828308
0.968205869
0.966406941
0.964415193
0.962216794
0.95979917
0.957147181
0.954239905
0.951047897
0.947533131
0.943651617
0.93935889
0.934616268
0.929396629
0.923685253
0.917476535
0.910765707
0.903539896
0.895772398
0.887422442
0.878442228
0.868788242
0.858433664
0.847376823
0.835641742
0.82326889
0.810299337
0.796757221
0.782637477
0.767902076
0.752485871
0.736308455
0.719288051
0.701352417
0.682442963
0.662510872
0.64150703
0.619369984
0.596016765
0.571342468
0.545230865
0.517576575
0.488315344
0.457457453
0.425113708
0.391506493
0.356960207
0.321874052
0.286687642
0.25185287
0.217822686
0.185057655
0.15404968
0.125290364
0.099299155
0.076533705
0.057306457
0.041703358
0.029550351
0.020449104
0.013867347
0.009243681
0.985528946
0.984873593
0.984185278
0.983494043
0.982817054
0.982156396
0.981502891
0.980841577
0.980156422
0.979433239
0.978661537
0.977834463
0.97694701
0.97599417
0.974968433
0.973859131
0.972651482
0.971327484
0.96986711
0.968249857
0.966456771
0.964471519
0.962280214
0.9598701
0.957226157
0.954327762
0.951145768
0.947642803
0.943775415
0.939499617
0.934776843
0.929579437
0.923892021
0.917708039
0.911022186
0.903821468
0.896079659
0.887756944
0.878806114
0.869183838
0.8588624
0.8478387
0.836134732
0.82378912
0.810842276
0.797318816
0.783215284
0.768496037
0.753098071
0.73694253
0.719948292
0.70204252
0.683165669
0.663267612
0.642298341
0.620196044
0.596878231
0.57224071
0.546167672
0.518553138
0.489330977
0.458507776
0.426189512
0.392593533
0.358040273
0.322927386
0.287695587
0.252800256
0.218698815
0.185855776
0.154769838
0.125926465
0.099842183
0.076981261
0.057659924
0.041968971
0.029739197
0.020575657
0.013947096
0.009290834
0.985564947
0.984913707
0.984226406
0.983533561
0.982853353
0.982189298
0.981533051
0.980870068
0.980184257
0.979461372
0.978690684
0.977864981
0.976979256
0.976028323
0.975005031
0.973898768
0.972694993
0.971375942
0.969921589
0.968311489
0.966526568
0.964550436
0.962369144
0.959969878
0.957337558
0.95445168
0.951283753
0.947796941
0.943948805
0.939696014
0.9350003
0.92983377
0.924180269
0.91803211
0.911382735
0.904218853
0.896514475
0.888230741
0.879321456
0.869743824
0.859469771
0.848494351
0.836837053
0.824533939
0.811623514
0.798130274
0.784052312
0.769356728
0.753983796
0.737857282
0.720897496
0.703031898
0.684199691
0.664349198
0.643428802
0.62137574
0.598107636
0.573520839
0.547500312
0.519939661
0.490770817
0.459996164
0.42771557
0.394139409
0.359582037
0.324437469
0.289146572
0.254168272
0.219965771
0.187009603
0.15580754
0.126840726
0.100626953
0.077630557
0.058176238
0.042361032
0.030021952
0.020768575
0.014071285
0.009366083
0.985607803
0.984963059
0.984279275
0.983586311
0.982903361
0.982235253
0.981575072
0.980909169
0.980221808
0.979498684
0.978728771
0.977904558
0.97702086
0.976072371
0.975051999
0.973949313
0.972750247
0.971437037
0.969989896
0.968388438
0.96661365
0.964648843
0.962480187
0.960094631
0.957477033
0.954607129
0.951456845
0.947990119
0.944165468
0.939940393
0.935277522
0.9301489
0.924537599
0.918434739
0.911832511
0.904716551
0.897060871
0.888827205
0.879970729
0.870449305
0.860234916
0.849321187
0.837724984
0.825479269
0.812619925
0.799170077
0.785128772
0.770465612
0.755124629
0.739033163
0.722114205
0.704296112
0.685517669
0.66572547
0.64486599
0.622874975
0.599669278
0.575145602
0.54918927
0.521693945
0.492589653
0.461874545
0.429641873
0.396093905
0.361537069
0.326359928
0.291001648
0.255923867
0.221595883
0.188495725
0.157142282
0.128014788
0.101634137
0.07846836
0.058845788
0.042873569
0.030395903
0.021027649
0.014241244
0.009471395
0.985655308
0.985019028
0.984341204
0.983650625
0.982966483
0.982294679
0.981629908
0.980959892
0.98026979
0.979545474
0.97877574
0.977952898
0.977071345
0.976125598
0.975108624
0.97401011
0.972816169
0.971509516
0.970070481
0.968478858
0.966715574
0.964764059
0.962610185
0.960240781
0.957640827
0.954789937
0.951660573
0.948217332
0.944419801
0.940226555
0.935601056
0.930515707
0.924953222
0.918903589
0.912357628
0.905299842
0.897703528
0.889530778
0.880737603
0.871282995
0.861139178
0.850298882
0.838776588
0.826602221
0.813808262
0.800415933
0.786423862
0.771803737
0.756502807
0.740452707
0.723579824
0.705814719
0.687096536
0.667370677
0.646581769
0.624663472
0.601531386
0.5770818
0.551200151
0.52377975
0.49474895
0.464101911
0.431925207
0.398412496
0.363861263
0.328652859
0.293223023
0.258034647
0.223562405
0.190292403
0.158756271
0.129433602
0.102850698
0.079481125
0.059659839
0.043500535
0.03085755
0.021351529
0.014457183
0.009607877
0.985705912
0.985079348
0.984409392
0.9837237
0.983040869
0.982367039
0.981698155
0.981023431
0.980329335
0.979602575
0.978832126
0.978010058
0.977130413
0.976187527
0.975174248
0.974080324
0.972892106
0.971592486
0.970162213
0.968581259
0.966830611
0.964893699
0.962756395
0.96040535
0.957825363
0.954996228
0.951890707
0.948474169
0.944707036
0.940549076
0.935964704
0.930926919
0.925418317
0.91942817
0.912946105
0.905955255
0.898428023
0.89032644
0.881606936
0.872229218
0.862165928
0.851409376
0.839972198
0.827881396
0.815166295
0.801845372
0.787916183
0.773351133
0.758100331
0.742099106
0.725277901
0.707570314
0.688916922
0.669263005
0.648551643
0.626714528
0.60366559
0.579299867
0.553502202
0.526165247
0.49721548
0.466643214
0.434528619
0.401056677
0.366515398
0.331277877
0.295774907
0.2604689
0.22583881
0.192378446
0.160632983
0.131084204
0.104266077
0.080660008
0.060609277
0.04423644
0.031403292
0.021738285
0.014718524
0.009775881
0.98575902
0.985142589
0.984481752
0.983802915
0.983123958
0.982450604
0.981779158
0.981100142
0.980401456
0.979671121
0.978898704
0.978076398
0.977198124
0.97625792
0.975248396
0.97415936
0.972977221
0.971685171
0.970264137
0.968694389
0.966957211
0.965035975
0.962916553
0.960585475
0.958027542
0.955222547
0.95214355
0.948756456
0.945022702
0.940903068
0.936363041
0.931376278
0.925925612
0.919999778
0.913587451
0.906670749
0.899221122
0.891200006
0.882563889
0.873272896
0.863299787
0.852636456
0.841294289
0.829297781
0.816673338
0.803436816
0.789583981
0.775087178
0.759898067
0.743955076
0.727192402
0.709547222
0.690962493
0.671384335
0.650755227
0.629005432
0.606046915
0.581773221
0.556067824
0.528822005
0.499960095
0.469468296
0.437420577
0.403993428
0.369465411
0.334200799
0.298624277
0.263196439
0.228399053
0.194732681
0.162756115
0.132954404
0.105871215
0.081997991
0.061688434
0.04507542
0.032029845
0.022185879
0.015024274
0.009975225
0.985814333
0.985207915
0.984556675
0.983886063
0.983212948
0.982542634
0.981871188
0.981189549
0.980486691
0.979752064
0.978976548
0.978152871
0.977274954
0.976336837
0.97533083
0.9742468
0.973071039
0.971786857
0.970375478
0.968817413
0.967094183
0.965189397
0.96308887
0.960779071
0.958244741
0.955465794
0.952415526
0.94906044
0.945362687
0.941284239
0.93679142
0.931858659
0.926469028
0.920611203
0.914273143
0.907436192
0.900071025
0.892138481
0.883594751
0.874399722
0.864526093
0.853965104
0.842726946
0.83083421
0.818310797
0.805170238
0.791406393
0.776990831
0.761875987
0.746002257
0.729306877
0.711730361
0.69321847
0.673719227
0.653175533
0.631516933
0.608654082
0.584478676
0.558872581
0.531724811
0.502956867
0.47255069
0.440573871
0.407194644
0.372682184
0.337391853
0.30174166
0.266189337
0.231218055
0.197334066
0.165109202
0.135032147
0.107657574
0.083489083
0.062892936
0.046014078
0.032733604
0.022692462
0.015373343
0.01020544
0.985871911
0.985275209
0.984633565
0.983971655
0.983305693
0.982640505
0.981971622
0.981289804
0.980584502
0.97984606
0.97906673
0.97824043
0.977361679
0.976424634
0.975421607
0.974342287
0.973172963
0.971896946
0.970495582
0.968949556
0.967240691
0.965352774
0.963271797
0.96098423
0.958474755
0.955723345
0.952703655
0.949382663
0.945723355
0.941688478
0.937245429
0.932369232
0.927043378
0.921256483
0.914996088
0.908243179
0.900967777
0.893130362
0.884686649
0.875596106
0.865830839
0.855381072
0.844255626
0.832475364
0.82006222
0.807027578
0.793363929
0.779041946
0.764013946
0.748221457
0.731603801
0.714103997
0.695670664
0.676253915
0.655798137
0.634233236
0.61146915
0.587396443
0.561894774
0.534850836
0.506182492
0.475866765
0.44396463
0.410636008
0.376140803
0.340825588
0.305101454
0.269422531
0.234272555
0.200162262
0.167675689
0.137304991
0.109616548
0.085127637
0.06421911
0.047049906
0.033512704
0.023255926
0.015764758
0.010465981
0.985932052
0.985344529
0.984712183
0.984058976
0.983400702
0.982741952
0.982077718
0.981398344
0.980693042
0.979952455
0.979169786
0.978340149
0.977459371
0.976522207
0.975521147
0.974445939
0.973282754
0.972014904
0.970623732
0.969090104
0.967395902
0.96552527
0.9634642
0.961199462
0.958715677
0.955993056
0.953005314
0.949720144
0.946101189
0.942112148
0.937721074
0.932903826
0.927644134
0.921930492
0.915750504
0.909084678
0.901903033
0.894165754
0.885828257
0.876849592
0.867200732
0.856870711
0.845866501
0.834207058
0.821912587
0.808992922
0.795439243
0.781221688
0.766292334
0.750593305
0.734064758
0.716651499
0.698304117
0.678974867
0.658610046
0.63714081
0.614477396
0.590509772
0.565116107
0.538180232
0.509616137
0.47939536
0.447571576
0.41429618
0.37981981
0.344480217
0.308681607
0.272874206
0.237541631
0.203198239
0.170439467
0.139760345
0.111739144
0.086907826
0.065663472
0.048180882
0.034365881
0.023875356
0.016197342
0.010756372
0.985995054
0.985416174
0.98479259
0.984147787
0.983497381
0.982845545
0.982187331
0.981512487
0.980809748
0.980069458
0.979285061
0.978452623
0.977569163
0.976630628
0.975630283
0.974558175
0.973400474
0.972140491
0.970759511
0.9692384
0.967559218
0.96570605
0.963665307
0.961423695
0.958966136
0.956273019
0.953318357
0.950070322
0.946493328
0.942551851
0.938214839
0.933458507
0.928266943
0.92262876
0.916531324
0.909955025
0.902869999
0.895236552
0.887009978
0.878148973
0.868623555
0.858421028
0.84754616
0.836015821
0.823848188
0.811051667
0.79761672
0.783513129
0.768693089
0.753098786
0.736671031
0.719355166
0.701102912
0.681868076
0.661598682
0.640227556
0.617666304
0.593805075
0.568521142
0.541696072
0.513239682
0.483117461
0.451375514
0.418156087
0.383700281
0.348336905
0.312463284
0.276525617
0.241007
0.206424862
0.173385382
0.142385796
0.114016108
0.088823453
0.067222349
0.049405068
0.03529219
0.024550254
0.016670741
0.011075993
0.986061394
0.985490382
0.984875083
0.984238267
0.983595371
0.982950628
0.98229897
0.981629968
0.980931878
0.980194509
0.979410887
0.978577197
0.977691472
0.97675091
0.975750148
0.974679828
0.973526597
0.972273827
0.970902741
0.969394088
0.967729926
0.96589452
0.963874221
0.961656034
0.959225059
0.956561863
0.953640938
0.950430989
0.946897209
0.943004727
0.938723266
0.934029639
0.92890811
0.923347175
0.917334139
0.910849333
0.903863132
0.896336079
0.888223886
0.879484951
0.870088458
0.860019982
0.849282026
0.837888658
0.825855851
0.81319046
0.799882293
0.785901189
0.771199703
0.755720437
0.73940438
0.722196996
0.704050124
0.684918344
0.664750695
0.643481672
0.621024489
0.597270608
0.572097242
0.545384169
0.517037392
0.487016529
0.45535934
0.422198564
0.387765288
0.352379084
0.316430181
0.280360669
0.244652942
0.209827125
0.176499709
0.145169601
0.116438203
0.090868004
0.068891704
0.050720342
0.036290731
0.02528033
0.01718487
0.011424774
0.98613137
0.985567749
0.98495996
0.984330595
0.983694851
0.983056962
0.982411921
0.981749415
0.981057286
0.980324924
0.97954464
0.978712201
0.977825761
0.97688359
0.975881636
0.974811971
0.973661959
0.972415328
0.971053362
0.969556868
0.967907667
0.966090024
0.964090347
0.961895764
0.959491491
0.956858456
0.953971684
0.950800478
0.947310627
0.943468213
0.939243555
0.934614062
0.929564059
0.924081981
0.918154895
0.911763251
0.904877484
0.897458851
0.889463365
0.880849659
0.871586204
0.861657083
0.851062298
0.839813173
0.827922881
0.815396488
0.802223027
0.788372278
0.773797631
0.758442402
0.74224782
0.725159407
0.707128584
0.688109577
0.66805172
0.64689064
0.624541044
0.60089606
0.575833678
0.549232841
0.520996451
0.491078317
0.459508002
0.426408261
0.391999602
0.35659194
0.320567995
0.284365475
0.248465955
0.213392079
0.17977041
0.148101091
0.11899665
0.093034893
0.070667185
0.052124262
0.03736043
0.026065309
0.01773979
0.01180283
0.986204743
0.985648453
0.985047758
0.984425187
0.983796
0.983164608
0.982526064
0.981870055
0.981184542
0.980458438
0.979683578
0.978854954
0.977970362
0.977028191
0.976025462
0.974955618
0.973807573
0.97256583
0.97121197
0.969726741
0.968092144
0.966292143
0.964313149
0.962142169
0.959764719
0.957162023
0.954309523
0.951177239
0.947731853
0.943940163
0.939773262
0.935208857
0.930231571
0.924829602
0.918989897
0.912692785
0.905909002
0.898600161
0.890723109
0.882236719
0.873109221
0.863323271
0.852876723
0.841777921
0.830037296
0.81765753
0.804626346
0.790913701
0.776473582
0.761250436
0.74518609
0.728226125
0.710321307
0.691425145
0.671486378
0.650440812
0.628204167
0.604671061
0.579720795
0.553232312
0.525106192
0.495291054
0.463808656
0.430771649
0.396389544
0.360962063
0.324863791
0.288527757
0.252434373
0.217108652
0.183187097
0.15117088
0.121683419
0.095317803
0.072544336
0.053614113
0.038499966
0.026904779
0.01833556
0.012210369
0.986281157
0.985732317
0.985138714
0.984522521
0.983899355
0.983273864
0.982641399
0.981991708
0.981312871
0.980593741
0.979825556
0.979002833
0.978122592
0.977182865
0.976180971
0.975111425
0.973964572
0.972726405
0.97137922
0.969904304
0.968283415
0.96650064
0.964542091
0.962394714
0.960044146
0.957471728
0.954653561
0.951560378
0.948159575
0.944418967
0.94031024
0.935811639
0.930907845
0.925586998
0.919835806
0.91363436
0.906953692
0.899755895
0.891998529
0.883640885
0.874651134
0.865011036
0.854716361
0.843772829
0.832187891
0.819961667
0.807080388
0.793513417
0.779215395
0.764131784
0.748205483
0.731382251
0.713612616
0.694848895
0.675038874
0.654117584
0.632000983
0.608584702
0.583749175
0.557373822
0.529357672
0.499645174
0.468250751
0.435277283
0.400923163
0.365477353
0.329305917
0.292836457
0.256547868
0.220967203
0.18674089
0.154370889
0.124491461
0.097710967
0.07451883
0.055187054
0.039707772
0.027798131
0.018972145
0.012647599
0.98636061
0.985819042
0.985232592
0.984622777
0.984005213
0.983385086
0.982758224
0.982114494
0.981442153
0.980729997
0.979969144
0.979153633
0.978279769
0.977345049
0.976346433
0.975278735
0.974133492
0.972898066
0.971556365
0.97009027
0.968482018
0.966715574
0.964776993
0.962652981
0.960329175
0.957787097
0.955003202
0.951948941
0.948592722
0.944903195
0.940852821
0.936420321
0.931590557
0.926351428
0.920689464
0.914584637
0.908008039
0.900922298
0.893285573
0.885057688
0.876206934
0.866714299
0.856573999
0.845789254
0.834364772
0.82229811
0.809573591
0.796159744
0.78201133
0.767074585
0.75129354
0.734614611
0.716988206
0.698365688
0.678693652
0.657905817
0.635917604
0.612624764
0.587908506
0.561648548
0.533742905
0.504132569
0.472825587
0.439915597
0.405590177
0.37012732
0.333883911
0.297281623
0.260797143
0.224959254
0.19042404
0.157694176
0.127414688
0.100209273
0.076586694
0.056840286
0.040982168
0.028744576
0.019649358
0.013114658
0.98644352
0.985908508
0.985329151
0.984725833
0.984113932
0.983498812
0.982876897
0.98223871
0.981572449
0.980867028
0.980113626
0.979305923
0.978439808
0.977512121
0.976519287
0.975455821
0.974313736
0.97308147
0.971744359
0.970285773
0.968688726
0.966937482
0.965017915
0.962916732
0.96061939
0.958107412
0.95535773
0.952342331
0.949030459
0.945391834
0.941399693
0.937033296
0.93227762
0.927120566
0.921548247
0.915540576
0.909068763
0.902095854
0.894580543
0.886483252
0.877772272
0.868428171
0.858443677
0.847820103
0.836559534
0.824657202
0.812095344
0.798841417
0.784849882
0.770067453
0.754438877
0.737911284
0.720435321
0.701961815
0.682436109
0.661790609
0.639939666
0.616778255
0.592187464
0.566046953
0.538253784
0.508745909
0.47752589
0.444678932
0.410382181
0.374902934
0.338588566
0.301854223
0.265173763
0.229077131
0.194229722
0.16113472
0.130447894
0.102808349
0.078744434
0.058571238
0.042321477
0.029743211
0.020366874
0.013611577
0.986533225
0.986001253
0.985428274
0.984831393
0.984225273
0.98361522
0.982997954
0.982364655
0.981703997
0.981005013
0.980258822
0.979458928
0.978601158
0.977681816
0.976696789
0.975640178
0.974503577
0.973275959
0.971943796
0.970491946
0.968904674
0.967167079
0.965265334
0.963186085
0.960914552
0.958432376
0.95571667
0.952739894
0.949472189
0.945884109
0.941949844
0.93764919
0.932967484
0.927892387
0.922409832
0.916499615
0.910133004
0.903273463
0.895880103
0.887913942
0.879343331
0.870148301
0.860320568
0.849859536
0.838765204
0.827030599
0.81463629
0.801548183
0.787720323
0.773099303
0.757630348
0.741261125
0.723942399
0.705624938
0.68625313
0.665758133
0.644052923
0.621031344
0.596573651
0.570558488
0.542881548
0.513478041
0.482345223
0.449560791
0.415292352
0.379796773
0.343412042
0.30654633
0.269670129
0.233313829
0.198151782
0.164687231
0.133586586
0.105504476
0.080989085
0.06037768
0.043724161
0.030793123
0.021124283
0.014138288
0.986642301
0.986100554
0.985530436
0.984939396
0.984338999
0.983734131
0.983121574
0.982492805
0.981837273
0.98114419
0.980404794
0.979612589
0.978763163
0.977852762
0.976876855
0.975829065
0.974700451
0.973479867
0.97215414
0.970709205
0.969130933
0.967405558
0.965520144
0.963461459
0.961214781
0.958761752
0.956079543
0.953141153
0.949917316
0.946379423
0.942502558
0.938267171
0.933658838
0.92866534
0.923272312
0.917459488
0.911198199
0.904452145
0.897181153
0.889346421
0.880916595
0.871871054
0.862200558
0.851902902
0.840976179
0.829411685
0.817188263
0.804270744
0.7906124
0.776159465
0.760857165
0.744653285
0.72749871
0.70934391
0.690132797
0.669795632
0.648244083
0.625370622
0.601054072
0.575171471
0.547616422
0.518320739
0.487276882
0.454555392
0.420314997
0.384802878
0.348347902
0.31135124
0.274279535
0.23766309
0.202184573
0.168346882
0.136826783
0.108294442
0.083318137
0.062257715
0.045188896
0.031893481
0.021921154
0.01469466
0.987110913
0.986219049
0.985639036
0.985050261
0.984454989
0.983855307
0.983247638
0.982623518
0.981972635
0.981284916
0.980551839
0.979766905
0.978925705
0.978024304
0.977058053
0.976020336
0.974901736
0.973690629
0.972373664
0.970937133
0.969367981
0.96765399
0.965783417
0.963743806
0.961520612
0.959095657
0.95644623
0.95354563
0.950365245
0.946877122
0.943057179
0.938886464
0.934350848
0.929438233
0.924134195
0.918418348
0.912262082
0.905629516
0.898480892
0.890777826
0.882488847
0.873593032
0.864080071
0.853946149
0.843187869
0.831794858
0.819744706
0.807001293
0.793517113
0.779238105
0.764109075
0.748077452
0.731093824
0.713108361
0.694064438
0.673891783
0.652500987
0.629783273
0.605615854
0.579873621
0.552447379
0.523265004
0.492313594
0.459656805
0.425444961
0.389916271
0.353390992
0.316263437
0.278996289
0.242119327
0.206323028
0.172109276
0.140164882
0.11117544
0.085729443
0.064209796
0.046714604
0.033043597
0.022757111
0.015280545
0.987561345
0.986696959
0.98576653
0.985167384
0.984573781
0.983978689
0.983375847
0.982756555
0.982110381
0.981427729
0.980700374
0.979922235
0.979088783
0.978196144
0.977239668
0.976212561
0.975105226
0.973905563
0.972599745
0.971173942
0.96961534
0.967912912
0.966056168
0.964034081
0.961832821
0.959434569
0.956816792
0.953953266
0.950815678
0.947376788
0.943613172
0.939506412
0.935042799
0.930210173
0.92499429
0.919374704
0.913322926
0.906803489
0.899776936
0.892205298
0.884057164
0.875311136
0.86595571
0.85598582
0.845396399
0.834175706
0.822300196
0.809733272
0.796426833
0.78232646
0.767376363
0.751523495
0.734717548
0.716908157
0.698038042
0.678036213
0.656812727
0.634257734
0.610246897
0.584652841
0.557362914
0.528300583
0.497446895
0.464858353
0.430677027
0.395132482
0.358537018
0.321278512
0.283815801
0.246677876
0.210562646
0.175970435
0.143597618
0.114144914
0.088221155
0.066232629
0.04830043
0.034242947
0.023631869
0.015895825
0.987995565
0.987156332
0.9862535
0.985303223
0.984698594
0.984104693
0.983506143
0.982891619
0.982250392
0.981572747
0.980850816
0.980078876
0.979252696
0.978368461
0.977421463
0.976405025
0.975309551
0.974122524
0.972829878
0.971417129
0.969871342
0.968181789
0.966339052
0.964333534
0.9621526
0.959779322
0.957191825
0.954364061
0.951268375
0.947878063
0.944170058
0.940126538
0.935734034
0.930980504
0.925851822
0.920327425
0.914379299
0.907972157
0.901067138
0.893626571
0.885618985
0.877022505
0.867824554
0.858018637
0.847598255
0.836550295
0.82485044
0.812461495
0.799335241
0.785416961
0.770650566
0.754981995
0.738360226
0.720733523
0.702043772
0.682219207
0.66116935
0.638783574
0.614936173
0.589497566
0.562351644
0.533416688
0.502667367
0.470152348
0.436005145
0.400446862
0.363782078
0.326392829
0.288734347
0.251334906
0.214899689
0.179926902
0.147121996
0.117200546
0.090791598
0.068325102
0.049945705
0.035491154
0.024545243
0.016540436
0.988414228
0.987599194
0.986721456
0.985798597
0.984842122
0.984236658
0.983639002
0.98302865
0.982392371
0.981719971
0.981003463
0.980237365
0.97941792
0.978541493
0.977603614
0.976597607
0.975513935
0.974340141
0.9730618
0.971664011
0.970133424
0.968458951
0.966631591
0.964642584
0.962480962
0.960131109
0.957572103
0.954778671
0.951723576
0.948380768
0.94472754
0.940746427
0.936424077
0.931748688
0.926706016
0.921275795
0.915430129
0.909134328
0.902349889
0.895039618
0.887171984
0.878724515
0.869683802
0.860041738
0.849790454
0.838915467
0.827391744
0.815181732
0.802237213
0.788503468
0.773924172
0.758444667
0.74201262
0.724574924
0.706072152
0.686431468
0.665561497
0.643351138
0.61967361
0.594397247
0.567402542
0.538602591
0.507965028
0.475530088
0.441422343
0.405854017
0.369122177
0.33160311
0.293748915
0.256087452
0.219331086
0.183975726
0.150735438
0.120340243
0.093439251
0.070486233
0.051649868
0.036787968
0.025497159
0.017214395
0.988817871
0.988026321
0.987172782
0.986274481
0.985345125
0.984387159
0.983777642
0.983168125
0.982536197
0.981869042
0.981158137
0.98039794
0.979584813
0.978715658
0.977786362
0.976790369
0.97571826
0.974557698
0.973294079
0.971912503
0.970398962
0.968741894
0.966931939
0.964960814
0.962818503
0.960491002
0.957958758
0.955197811
0.952181816
0.948885024
0.945285439
0.941365719
0.937112629
0.93251425
0.927556455
0.922219038
0.91647464
0.91028887
0.903623879
0.896442771
0.888714194
0.880415082
0.87153095
0.862052441
0.851970017
0.841268122
0.829920769
0.817890286
0.805128515
0.791580975
0.777191341
0.761904299
0.745666564
0.728423536
0.710114002
0.690663695
0.669980228
0.647951603
0.624450088
0.599342406
0.572505653
0.543847919
0.513329625
0.480982274
0.446920633
0.411347687
0.374552518
0.336905807
0.298856735
0.260933012
0.223854497
0.188114613
0.154435799
0.123562194
0.096162759
0.072715156
0.053412467
0.038133211
0.026487621
0.017917782
0.989207208
0.988438308
0.987608135
0.986733615
0.98582828
0.984897196
0.98393476
0.983313382
0.982682407
0.982019901
0.9813146
0.980560422
0.979753673
0.978891432
0.977970123
0.976983607
0.975922644
0.974774957
0.97352618
0.972161174
0.970665753
0.969027936
0.967237771
0.965286613
0.963164806
0.960859537
0.958352983
0.955622792
0.952643871
0.949391425
0.945843935
0.941984296
0.937799215
0.933276832
0.928402662
0.923156857
0.917512238
0.911435008
0.904888093
0.897834837
0.890244067
0.882092297
0.873363912
0.864048302
0.85413444
0.843605459
0.832434654
0.820583999
0.808005631
0.794645369
0.780447006
0.765354991
0.749315083
0.732271254
0.714160562
0.69490689
0.674416482
0.652576149
0.629257083
0.604324281
0.577651918
0.549143255
0.518751621
0.486499459
0.452491462
0.416920602
0.380067497
0.342296869
0.304054916
0.265869409
0.228468001
0.19234176
0.158221409
0.126864925
0.098960988
0.075011104
0.055233099
0.039526779
0.027516685
0.018650731
0.989582658
0.988835752
0.988028169
0.987176657
0.986294568
0.985387087
0.984451473
0.983476937
0.98283428
0.982172966
0.981472731
0.980724573
0.979924381
0.979069114
0.978155375
0.977177739
0.976127326
0.974992096
0.973757744
0.972409308
0.970932543
0.969314992
0.967546344
0.965617359
0.963518143
0.961236238
0.958755255
0.956054568
0.953110933
0.949900866
0.946403623
0.942602336
0.938483894
0.934036076
0.929244339
0.924088776
0.918542504
0.912572324
0.906141818
0.899214923
0.891760468
0.883754611
0.8751809
0.866027296
0.85628134
0.845924973
0.834930658
0.823260069
0.810865521
0.797693253
0.783687234
0.768791914
0.752952456
0.736111403
0.718204141
0.699152768
0.678861678
0.657216191
0.634086132
0.609334588
0.582833052
0.554480076
0.524222136
0.492072672
0.458126098
0.422564924
0.385660619
0.347771287
0.309339851
0.27089417
0.233169869
0.196655795
0.162091002
0.130247355
0.101833031
0.077373467
0.05711145
0.040968601
0.02858445
0.019413412
0.989944637
0.989219189
0.988433599
0.987604201
0.986744583
0.985859871
0.984947681
0.984000146
0.983004332
0.982331634
0.981633008
0.980890334
0.980096638
0.979248464
0.978342354
0.977373183
0.976332724
0.975209355
0.97398901
0.972656786
0.971198499
0.969601631
0.967855573
0.965950549
0.963876069
0.961619556
0.959165215
0.956493855
0.953584135
0.950414479
0.946965337
0.943220496
0.939166844
0.934791982
0.930081248
0.925014496
0.919565082
0.913700402
0.907384574
0.900582254
0.893262386
0.885400891
0.876980424
0.867987633
0.858408689
0.848224401
0.837406337
0.825915813
0.813705385
0.800721526
0.786908627
0.772211254
0.756573856
0.7399382
0.722238004
0.703393638
0.683307588
0.661863327
0.63892889
0.614365339
0.588041186
0.559850395
0.529732943
0.497693509
0.463816166
0.428272635
0.391324699
0.353323221
0.314707279
0.276004374
0.237958163
0.201055408
0.166043669
0.133708715
0.104778297
0.07980182
0.059047297
0.042458653
0.029691041
0.020206025
0.990293741
0.989588976
0.988824785
0.988017023
0.987179041
0.986316383
0.985426664
0.984502494
0.983534157
0.982508421
0.981798768
0.981058121
0.980270326
0.979429245
0.978530943
0.977570236
0.976539314
0.97542721
0.974220216
0.972903728
0.971463561
0.969887257
0.968164086
0.966283977
0.964235961
0.962006986
0.959581196
0.956940114
0.954064071
0.950933456
0.947530329
0.943839669
0.939848661
0.935544848
0.93091327
0.925933778
0.920579672
0.914818943
0.908616066
0.901936412
0.894749284
0.887030303
0.878761351
0.869927943
0.860514879
0.850501776
0.839859426
0.828548849
0.816522598
0.803727448
0.790108263
0.775609553
0.760175586
0.743747115
0.726256728
0.707623065
0.687746823
0.666509628
0.643777251
0.619408488
0.593268514
0.565246761
0.535276651
0.50335443
0.469553888
0.434035987
0.397052467
0.358946323
0.320152014
0.281196296
0.242830485
0.205539167
0.170078561
0.137248471
0.107796416
0.082295932
0.061040562
0.04399699
0.030836612
0.021028779
0.990630448
0.98994565
0.989202201
0.988415539
0.987598658
0.986757159
0.985889316
0.984987617
0.984042704
0.983044922
0.98198247
0.981231332
0.980446041
0.979611397
0.978720844
0.977768779
0.976747394
0.975646079
0.97445184
0.973150373
0.971727788
0.97017163
0.968471229
0.966616333
0.964595735
0.962395906
0.960000694
0.957391858
0.954550385
0.951458335
0.948099673
0.944460988
0.940530241
0.936295211
0.931740761
0.926846623
0.921586156
0.915927589
0.909836054
0.903277218
0.896220803
0.888642251
0.880522907
0.871847093
0.862598538
0.852755487
0.842288077
0.831157029
0.819314778
0.806708574
0.793283463
0.77898407
0.763754308
0.747534335
0.730255723
0.711835623
0.692173064
0.671147823
0.648623526
0.624456167
0.598507404
0.570661724
0.540846109
0.509048283
0.475332111
0.439847797
0.402836829
0.364633948
0.325668454
0.286465555
0.247783735
0.210105166
0.174194634
0.14086616
0.110887215
0.084855787
0.063091315
0.045583759
0.032021377
0.021881919
0.990955234
0.990289748
0.989566326
0.988800108
0.98800385
0.987183094
0.986336112
0.985456228
0.984533966
0.983559906
0.982526064
0.981422365
0.980627
0.979795396
0.978911996
0.977968454
0.976956725
0.975866199
0.974684179
0.973397136
0.971991479
0.970454931
0.968776822
0.966946959
0.964953959
0.962784231
0.960421205
0.957846522
0.955041409
0.951988757
0.948674083
0.945085645
0.941212833
0.937044084
0.932564378
0.927753329
0.922584534
0.917026281
0.91104418
0.904604316
0.897676647
0.890236497
0.882264614
0.873744488
0.864658535
0.854984224
0.844690681
0.833738387
0.822079897
0.80966258
0.79643172
0.782332063
0.767307222
0.751296759
0.734231293
0.716026843
0.696581066
0.675771832
0.653460741
0.629500926
0.603750229
0.576087952
0.546434283
0.514768362
0.48114422
0.445701391
0.408671141
0.370379716
0.331250697
0.291807145
0.252814174
0.214750931
0.178390503
0.144561157
0.11405056
0.087481476
0.065199763
0.047219221
0.033245604
0.022765715
0.991268635
0.990621924
0.989917815
0.989171267
0.988394916
0.987594485
0.986768007
0.985908926
0.985008538
0.984057486
0.983047724
0.98197329
0.980825663
0.979984581
0.979104877
0.978169322
0.97716713
0.976087511
0.97491771
0.973644555
0.972255051
0.970737457
0.969081044
0.967275679
0.965310097
0.963170648
0.960840702
0.958301663
0.955534756
0.952523172
0.949253142
0.945714295
0.941897571
0.937792599
0.933385015
0.928654611
0.923575163
0.918115139
0.912240446
0.905917585
0.899116576
0.891812742
0.883986115
0.875619531
0.866694331
0.857186973
0.847065985
0.836291492
0.824816108
0.81258738
0.799550772
0.785651147
0.770831704
0.755031586
0.738180399
0.720193207
0.700966418
0.68037641
0.658282876
0.634536028
0.608989775
0.581518114
0.55203402
0.520507932
0.486983836
0.451590568
0.414549291
0.376177579
0.336892992
0.297215968
0.257917613
0.219473377
0.182664245
0.148332521
0.117286175
0.09017314
0.067366213
0.04890373
0.034509655
0.023680484
0.991570771
0.990942478
0.990257144
0.98952961
0.988772571
0.987991691
0.98718524
0.986346602
0.985467196
0.984538257
0.98355186
0.982501924
0.981384397
0.98019135
0.979302764
0.978371739
0.977378547
0.976309657
0.975152194
0.973892808
0.972518981
0.971019506
0.969384074
0.967602611
0.96566397
0.963554442
0.961257696
0.958755136
0.956027925
0.953059137
0.9498353
0.946346641
0.94258523
0.938542068
0.934203982
0.929551482
0.92455864
0.9191944
0.913424909
0.907216907
0.900540531
0.893370807
0.885687351
0.877472043
0.868705392
0.859363079
0.849413037
0.838815093
0.827521861
0.815481126
0.80263865
0.788939059
0.77432543
0.758736193
0.742100239
0.724331558
0.705325544
0.684957385
0.663084805
0.639555514
0.614219546
0.586945295
0.557638407
0.526260257
0.492844582
0.457509369
0.420465499
0.382021874
0.342589885
0.30268693
0.263089567
0.224269003
0.187013447
0.152178884
0.120593518
0.092930786
0.069590978
0.050637715
0.035813946
0.024626603
0.991862237
0.991251647
0.990584791
0.989875734
0.989137292
0.988375306
0.987588227
0.986769617
0.985910773
0.985003054
0.984039128
0.983012915
0.981920362
0.98075825
0.979518175
0.978579104
0.977591455
0.976532698
0.975387335
0.974141836
0.972783625
0.971301734
0.969686449
0.967928112
0.966015637
0.963935554
0.96167171
0.959205627
0.956518769
0.953594148
0.950418174
0.946981072
0.943275392
0.939293206
0.935022473
0.930445135
0.925536096
0.92026484
0.914597988
0.90850246
0.901948452
0.894910634
0.887368023
0.879301786
0.870691538
0.861512184
0.851731241
0.841308236
0.830195963
0.818342447
0.805693507
0.79219383
0.777786195
0.762408316
0.74598825
0.728439212
0.709655464
0.68951118
0.667862356
0.644554496
0.619433761
0.59236306
0.563240647
0.532018661
0.49872008
0.463451803
0.426414222
0.387907356
0.348336309
0.308215201
0.268325686
0.229134083
0.191435277
0.156098396
0.123971686
0.095754206
0.071874298
0.052421607
0.037158959
0.0256045
0.992143333
0.991549969
0.990900993
0.990210116
0.989489734
0.988745928
0.987977505
0.987178266
0.986339569
0.985452712
0.984510303
0.983506978
0.982438505
0.981301904
0.980093777
0.978803813
0.977809072
0.97675699
0.97562319
0.974391401
0.973048747
0.97158426
0.969988644
0.968252599
0.966365516
0.964314103
0.962082505
0.959652603
0.957006097
0.954126239
0.95099932
0.947615325
0.943966627
0.940045595
0.935841262
0.93133688
0.926508844
0.921327591
0.915760398
0.909774661
0.903340459
0.896432221
0.889028251
0.881108761
0.87265265
0.86363405
0.854020119
0.843770325
0.832837522
0.821170092
0.808713913
0.795413792
0.781211972
0.766045749
0.749842227
0.732513666
0.713953555
0.694034755
0.672612131
0.649528801
0.624627531
0.597765863
0.568834722
0.537776709
0.504603922
0.46941182
0.432389826
0.393828869
0.354127437
0.313796282
0.273621738
0.234064907
0.195926711
0.160088897
0.127419397
0.098642908
0.074216224
0.05425578
0.038545173
0.026614634
0.992414474
0.9918378
0.99120605
0.990532875
0.989830315
0.989104211
0.988353729
0.987573147
0.986753941
0.985887527
0.984966278
0.983984828
0.98293972
0.981827736
0.980645716
0.979388773
0.978043854
0.976985931
0.975860119
0.974641383
0.973314106
0.971867144
0.97029084
0.968576491
0.966713965
0.964690387
0.962490261
0.960095823
0.957489252
0.954654038
0.95157665
0.948246837
0.94465661
0.940797865
0.936660051
0.932227433
0.927478015
0.922383845
0.916913271
0.911034286
0.904717088
0.897935748
0.890667915
0.882892966
0.874588728
0.865728676
0.856279612
0.846201003
0.835446
0.823963165
0.811698794
0.798597395
0.784601092
0.769646525
0.753659904
0.736552656
0.718217194
0.698525548
0.67733115
0.654475093
0.629796803
0.603148937
0.574415028
0.543528378
0.510489941
0.475383341
0.438386649
0.399781227
0.359958589
0.319425821
0.278973788
0.239057899
0.200484708
0.164148018
0.130935073
0.101596072
0.076616578
0.056140464
0.039973017
0.027657473
0.99267602
0.992115498
0.991500556
0.990844429
0.990159154
0.989450574
0.988717616
0.987954915
0.987154484
0.98630774
0.985407293
0.98444742
0.983424604
0.982336402
0.981179655
0.979949594
0.978639007
0.977231801
0.976101518
0.974892259
0.973579764
0.972149909
0.970593035
0.968900144
0.96706146
0.965064883
0.962895274
0.960535467
0.957968056
0.95517695
0.952148974
0.948873758
0.945342839
0.941547692
0.93747741
0.933116615
0.928444564
0.923434973
0.918057978
0.912282467
0.906079113
0.899421751
0.892287374
0.884654343
0.876499653
0.867795944
0.8585096
0.848600209
0.83802104
0.826721191
0.814647138
0.801743507
0.787952185
0.773208916
0.757439435
0.740554035
0.722444236
0.702981055
0.682016671
0.65939033
0.6349383
0.608508348
0.579977036
0.549268484
0.516372442
0.481360495
0.444398999
0.405759126
0.365825027
0.325099617
0.284378022
0.24410966
0.205106303
0.16827336
0.134516969
0.104612663
0.079074927
0.058075711
0.041442823
0.028733447
0.992928386
0.99238348
0.991784811
0.991145313
0.990476727
0.989785075
0.989069462
0.988324225
0.987541795
0.986714125
0.985833704
0.984894991
0.983894169
0.982828736
0.981696308
0.980492294
0.979209542
0.977838159
0.976359665
0.975147426
0.973846018
0.972432733
0.970894933
0.96922344
0.967408359
0.965438008
0.963298023
0.960971892
0.958442748
0.955694914
0.952715635
0.94949472
0.946023405
0.94229269
0.938291073
0.934002995
0.929408193
0.924481809
0.919195771
0.913520575
0.907427728
0.900891066
0.893887103
0.886393309
0.878385603
0.869835913
0.860710144
0.850967765
0.840562522
0.829443812
0.817558467
0.804851353
0.791263998
0.77673161
0.76117909
0.744515836
0.726632535
0.70739907
0.686666369
0.664271891
0.640048981
0.613840699
0.58551681
0.554992437
0.522246242
0.487337768
0.450421214
0.411757201
0.371721804
0.330813378
0.289830714
0.249216959
0.20978871
0.172462612
0.138163283
0.107691467
0.081590667
0.060061391
0.042954788
0.029842915
0.993171871
0.992642164
0.992059231
0.991435766
0.990783513
0.990108252
0.989409447
0.988681495
0.987916589
0.987107158
0.986246109
0.98532784
0.984348595
0.983305633
0.98219651
0.98101759
0.97976172
0.978419244
0.976978242
0.975419044
0.974116325
0.972715974
0.971196532
0.969546139
0.967754543
0.96581018
0.963699043
0.961405575
0.958913624
0.95620811
0.953276575
0.950109124
0.946697056
0.943030894
0.939098656
0.934884369
0.930367529
0.925524116
0.920327485
0.91474992
0.908764243
0.902344823
0.895467997
0.88811034
0.880246878
0.871848702
0.862881243
0.85330379
0.843070388
0.832130849
0.820432544
0.807920337
0.794535756
0.780213416
0.764877498
0.748436511
0.730780125
0.711777389
0.691277981
0.669117451
0.645126283
0.619143069
0.591031015
0.560696363
0.528106987
0.493310273
0.456448138
0.417770207
0.377644032
0.336562634
0.295327991
0.254376531
0.214529201
0.176713511
0.141872287
0.110831231
0.084163055
0.062097214
0.044508971
0.030986143
0.993406773
0.992891848
0.992324293
0.991716325
0.991079748
0.99042052
0.989737928
0.989026785
0.988279402
0.987487674
0.986645162
0.985746622
0.984788239
0.983767331
0.982681274
0.981526315
0.980296433
0.978981912
0.97757107
0.976051211
0.974402964
0.97300297
0.971498311
0.969868183
0.968099773
0.966181159
0.964098573
0.961836994
0.959381104
0.956716835
0.95383203
0.950717032
0.947363257
0.94376117
0.939898372
0.935758352
0.931320429
0.92656064
0.921453059
0.915971458
0.910090089
0.903784513
0.897031188
0.88980633
0.882084072
0.873834729
0.865023077
0.855608344
0.845544636
0.834782362
0.823269129
0.81095016
0.797766864
0.783653498
0.768533468
0.752314508
0.734885395
0.716114163
0.695849359
0.673924625
0.650167763
0.624412835
0.596516728
0.566376984
0.533950865
0.499273658
0.462475032
0.423793226
0.383586794
0.342342854
0.300865948
0.259585053
0.219325051
0.181023881
0.145642251
0.114030734
0.086791284
0.064182796
0.046105314
0.032163292
0.99363333
0.99313277
0.992580175
0.991987467
0.991366088
0.990722239
0.990055501
0.989360511
0.988630056
0.98785609
0.987031639
0.986151993
0.985213637
0.984214127
0.983150721
0.982019484
0.980814397
0.979526937
0.978145301
0.976656973
0.975049973
0.973305941
0.971803486
0.970190048
0.968444049
0.966550827
0.964496553
0.962266445
0.959845841
0.957221568
0.954382241
0.951318502
0.948021948
0.944482923
0.940688908
0.936623096
0.932264626
0.927589238
0.922571242
0.917185009
0.911406159
0.905211508
0.898578227
0.891482532
0.883898139
0.87579453
0.867136002
0.857881606
0.847985446
0.83739835
0.826068223
0.813940704
0.800957084
0.78705132
0.772146165
0.756148696
0.738946855
0.720407665
0.700378537
0.678691387
0.655171096
0.629647613
0.601971328
0.572031438
0.539774597
0.505224228
0.468497694
0.42982173
0.38954547
0.348149568
0.306440473
0.264839053
0.224173442
0.185391515
0.149471536
0.117288761
0.089474566
0.0663177
0.047743682
0.033374444
0.99385196
0.993365288
0.992827237
0.99224931
0.991642833
0.991013885
0.990362406
0.98968327
0.988969088
0.988212347
0.987405956
0.986544669
0.985625625
0.984646618
0.983605087
0.982497275
0.981316745
0.980055094
0.978701651
0.9772439
0.97566998
0.97396934
0.972124398
0.970515132
0.968787789
0.966919124
0.964892805
0.96269387
0.960308075
0.957722843
0.954927802
0.951914012
0.948673308
0.945196092
0.941469789
0.937477529
0.933198273
0.928607643
0.923679829
0.91838938
0.912712455
0.906626821
0.900110543
0.893140495
0.885690272
0.877728999
0.869220674
0.860123873
0.850392997
0.839978874
0.828830004
0.816891968
0.804106236
0.790406525
0.775715053
0.7599383
0.742963374
0.724656463
0.704863846
0.683415711
0.660134256
0.634845018
0.607392371
0.577656984
0.545575321
0.511158824
0.474512547
0.435851753
0.395515829
0.353978544
0.312047511
0.270134926
0.229071423
0.189814135
0.15335843
0.120604128
0.092212141
0.068501487
0.049423896
0.034619611
0.994062841
0.993589699
0.993065715
0.992502153
0.991910279
0.991295993
0.990659177
0.989995301
0.989297092
0.988556862
0.987768054
0.986925185
0.986024857
0.985065579
0.984045148
0.982959867
0.981803596
0.980567455
0.979240954
0.977812767
0.976270914
0.974604964
0.972805619
0.970855534
0.969134331
0.967286587
0.965287268
0.96311903
0.960767746
0.958221078
0.955469131
0.952504039
0.949317753
0.945900977
0.942240953
0.938321054
0.934120178
0.929614007
0.924776673
0.919582546
0.914007783
0.908030331
0.901629031
0.89478153
0.88746196
0.879639506
0.871277928
0.862335861
0.852767587
0.84252423
0.831554413
0.819804013
0.80721432
0.793718934
0.779239774
0.763682663
0.746934056
0.728859365
0.709303796
0.688095868
0.665055156
0.640002966
0.612777531
0.583251297
0.551350296
0.517074466
0.480516434
0.441879779
0.401494056
0.35982576
0.31768316
0.275469095
0.234015912
0.194289282
0.157301143
0.123975605
0.095003217
0.070733726
0.051145773
0.035898782
0.994266331
0.993806303
0.993295968
0.992746413
0.992168665
0.991568685
0.990946352
0.990297139
0.989614308
0.98889029
0.988118291
0.987293363
0.986411929
0.985471725
0.9844715
0.983407974
0.982275128
0.98106426
0.979764402
0.978364408
0.976853609
0.975221276
0.973458409
0.971556127
0.969495893
0.967656434
0.965680361
0.963541985
0.961224616
0.958716094
0.956006706
0.953089058
0.949955821
0.946597934
0.94300276
0.939153731
0.935029924
0.930607319
0.925859988
0.92076236
0.915290058
0.909420967
0.90313381
0.89640677
0.889214694
0.881527483
0.873309195
0.864518523
0.85510993
0.845034778
0.834241748
0.822676837
0.810281336
0.796988666
0.782720208
0.76738143
0.750858247
0.733015478
0.713697195
0.692730427
0.669932008
0.645119369
0.618124545
0.588811815
0.557097137
0.522968471
0.486506432
0.447902709
0.407476813
0.365687668
0.323343813
0.280838072
0.239003792
0.198814407
0.161297768
0.127401888
0.097846985
0.073013976
0.05290914
0.037211947
0.994462669
0.994015336
0.993518353
0.992982388
0.992418349
0.991832197
0.991224051
0.990589321
0.989921272
0.989212871
0.988457382
0.98764962
0.986786485
0.985865653
0.984885097
0.983842373
0.982732058
0.981545568
0.980272114
0.978900135
0.97741884
0.975819111
0.97409153
0.972227454
0.970217526
0.968040884
0.966075599
0.963963211
0.961678743
0.959207714
0.956540465
0.953669548
0.950588048
0.9472875
0.943755567
0.939975798
0.93592757
0.93158704
0.926928759
0.921926975
0.916557252
0.910796702
0.904623747
0.898016274
0.890949607
0.883394539
0.875315905
0.866673112
0.857421041
0.847511113
0.836892366
0.82551074
0.813307464
0.800215602
0.786156237
0.77103442
0.754735649
0.737124085
0.718043029
0.697318017
0.674763381
0.65019244
0.623431385
0.59433645
0.562813342
0.528838456
0.492479891
0.453917712
0.413461059
0.37156114
0.329026163
0.286238611
0.24403204
0.203386918
0.16534625
0.130881533
0.100742564
0.075341769
0.054713797
0.038559079
0.994652092
0.994217157
0.993733048
0.993210316
0.992659569
0.992086947
0.99149251
0.990871966
0.99021852
0.98952508
0.988785505
0.987994671
0.98714906
0.986247003
0.985286295
0.984263897
0.983175159
0.982012093
0.98076421
0.979419887
0.977967978
0.976399302
0.974705875
0.972878873
0.970908999
0.968785226
0.966484845
0.964385927
0.962130606
0.959695995
0.957070112
0.954245329
0.95121485
0.947970271
0.944499969
0.940787792
0.936813354
0.932553351
0.927982509
0.923075497
0.917807579
0.912155569
0.906096935
0.89960891
0.892666698
0.885241628
0.877299666
0.868801236
0.859702051
0.849954188
0.839506865
0.828306139
0.816292882
0.80339992
0.78954798
0.774641633
0.758566022
0.74118489
0.722340703
0.701857686
0.679547846
0.655220568
0.628696203
0.599822998
0.568496644
0.534681797
0.498434305
0.459922135
0.419444084
0.377443254
0.334727257
0.2916677
0.249097809
0.208004251
0.169444531
0.134413019
0.103688948
0.077716559
0.056559529
0.039940156
0.994834781
0.994411886
0.993940413
0.993430495
0.992892802
0.992333233
0.991752148
0.991145313
0.990506172
0.989827633
0.989103258
0.988328636
0.98750037
0.986616313
0.985674918
0.984673023
0.983605266
0.982464731
0.981241345
0.979923785
0.978501022
0.976963222
0.975302398
0.973511279
0.971580207
0.969498575
0.967253864
0.964822352
0.962583542
0.960181475
0.957595766
0.954816401
0.951836109
0.948646605
0.945236504
0.94159013
0.937687814
0.933506429
0.929021358
0.924207449
0.919040143
0.913495839
0.907551289
0.90118289
0.894365013
0.887068927
0.879261494
0.870904386
0.861954689
0.852365434
0.842086375
0.831063569
0.819237888
0.806541741
0.792895377
0.778203011
0.762349248
0.745197535
0.72658968
0.706348717
0.684284389
0.660202324
0.633917332
0.605269611
0.5741449
0.54049629
0.504367173
0.465913475
0.425423265
0.383331358
0.340444386
0.297122657
0.254198462
0.212664008
0.173590526
0.137994751
0.106685065
0.080137722
0.058446061
0.041355122
0.995011032
0.99459976
0.994140625
0.993643224
0.993118167
0.992571414
0.992003262
0.991409779
0.990784526
0.990120471
0.989411294
0.988652229
0.987840533
0.986974239
0.986051321
0.985069394
0.984022975
0.982904315
0.981704473
0.980412662
0.979017973
0.97751075
0.975882411
0.974125504
0.972232103
0.97019124
0.967990875
0.965618074
0.963049531
0.960667372
0.958117902
0.955382645
0.952451766
0.949316621
0.945965588
0.942383528
0.938551426
0.934446871
0.930045605
0.92532295
0.920254529
0.914816558
0.908985317
0.902736187
0.896042764
0.888875544
0.881201565
0.872983634
0.864180386
0.854746282
0.84463203
0.833784044
0.822143197
0.80964148
0.796198726
0.781718552
0.766085267
0.749161899
0.730789661
0.710790575
0.688972235
0.665136755
0.639093339
0.6106745
0.579756141
0.546279728
0.510276198
0.471889228
0.431396127
0.38922298
0.346175015
0.30260098
0.259331584
0.217363924
0.177782267
0.141625121
0.109729774
0.082604557
0.060373053
0.042803887
0.995181084
0.994781137
0.994333804
0.993848681
0.993336022
0.992801666
0.992246211
0.991665661
0.99105382
0.990403891
0.989709556
0.988965988
0.988170266
0.9873209
0.98641628
0.985453486
0.98442775
0.983331382
0.982154429
0.980887294
0.979519725
0.978042066
0.976445854
0.974723041
0.972865582
0.970864296
0.968706846
0.966380894
0.963874519
0.961165786
0.95863992
0.955944717
0.953061879
0.949980021
0.946687281
0.943168461
0.939404964
0.935375273
0.931055844
0.926422417
0.921450853
0.91611743
0.910397947
0.904267251
0.897697866
0.890659571
0.883118987
0.875039279
0.866380334
0.857098341
0.847145438
0.836468935
0.825009763
0.812699735
0.799458265
0.785188437
0.769774139
0.753077924
0.734940529
0.7151829
0.693610728
0.670022786
0.644222915
0.616036177
0.585328579
0.552030027
0.516159058
0.477847099
0.437360197
0.395115614
0.35191676
0.308100283
0.264494896
0.222101897
0.182017908
0.145302624
0.112821914
0.085116312
0.062340099
0.044286299
0.995345235
0.994956195
0.994520426
0.994047105
0.993546486
0.99302429
0.992481112
0.991913259
0.99131453
0.99067831
0.9899984
0.989270031
0.988490105
0.98765707
0.986769915
0.985826015
0.984820187
0.983745396
0.982591748
0.981348693
0.980007052
0.978557885
0.976992786
0.975303769
0.973482072
0.971518517
0.96940279
0.967122257
0.964665532
0.962022722
0.959173679
0.956505895
0.953666925
0.950636983
0.947401404
0.943944812
0.940248787
0.936292231
0.932052612
0.927506328
0.922629595
0.917398572
0.91178906
0.905775189
0.899328947
0.892419219
0.885011971
0.877070308
0.868554711
0.859422684
0.84962815
0.839119613
0.827838778
0.815717459
0.802674651
0.788613021
0.773415983
0.75694561
0.739042103
0.719525397
0.698199511
0.674859881
0.649305284
0.621353328
0.590860486
0.557745278
0.522013724
0.483784735
0.443313152
0.401006937
0.357667267
0.313618392
0.269686341
0.226875976
0.186295703
0.149025798
0.115960367
0.087672211
0.064346746
0.045802172
0.995503604
0.995125234
0.994700611
0.994238794
0.993749797
0.993239522
0.992708445
0.99215287
0.991566956
0.990944028
0.990278065
0.989564419
0.988800108
0.987983346
0.987112999
0.9861871
0.985200942
0.984146893
0.983015954
0.981797338
0.980481029
0.97905916
0.977524042
0.975867629
0.974081457
0.972155571
0.970079601
0.967843115
0.965434551
0.962844551
0.960065484
0.95707804
0.954270303
0.951287985
0.948108137
0.944712639
0.941082954
0.937198281
0.933036685
0.928575397
0.92379123
0.918660462
0.913158655
0.907259762
0.900935113
0.894152999
0.886878729
0.87907511
0.870702684
0.861719608
0.852081239
0.841737807
0.830631912
0.818695962
0.805848837
0.791992843
0.777011037
0.760764956
0.743094265
0.723817945
0.702738166
0.679647446
0.654339492
0.626624882
0.596350551
0.563423812
0.527838171
0.489700019
0.449252665
0.406894594
0.363424242
0.319153041
0.274903804
0.231684342
0.190614045
0.152793273
0.119144075
0.090271495
0.066392526
0.047351275
0.99565208
0.995283544
0.99486959
0.994418919
0.993941426
0.993442774
0.992923617
0.992380142
0.991806507
0.991196334
0.990543664
0.989844024
0.989094377
0.988293171
0.987439096
0.986529946
0.985561788
0.984527349
0.983417094
0.982221127
0.980929255
0.979532599
0.978024602
0.97639811
0.974644542
0.972754061
0.970715582
0.968518734
0.966154099
0.96361208
0.960885584
0.957968533
0.954840899
0.951889634
0.948757172
0.945417047
0.941848099
0.938029349
0.933939099
0.929555237
0.924855351
0.919816315
0.91441381
0.90862149
0.902410388
0.895748317
0.888599873
0.880927205
0.87269038
0.863847733
0.854355097
0.844164133
0.833218992
0.821452975
0.808785319
0.795118093
0.780333579
0.764292598
0.74683398
0.727775633
0.70691812
0.684051454
0.658965647
0.631465554
0.601390421
0.568637609
0.533189118
0.495139241
0.454719841
0.41231963
0.368732959
0.324263126
0.279729217
0.236142471
0.1946325
0.156317174
0.122142166
0.092739813
0.068354227
0.048852738
0.995791674
0.995432019
0.9950279
0.994587898
0.994121552
0.993634403
0.99312681
0.992595255
0.99203372
0.991435826
0.99079597
0.990109503
0.989373863
0.988587379
0.987748802
0.986855805
0.985904336
0.984887898
0.983797193
0.982621908
0.981352627
0.97998035
0.978497505
0.976898074
0.975174248
0.973316252
0.971313119
0.969153583
0.966828346
0.964330077
0.961651444
0.958786845
0.955730021
0.95245856
0.949356973
0.946063995
0.942550063
0.938791633
0.934766829
0.930453777
0.925830603
0.920875072
0.915563405
0.909869313
0.903763592
0.897213638
0.890183628
0.882634819
0.87452662
0.86581701
0.856461763
0.846413136
0.835616529
0.824006557
0.81150341
0.798009217
0.783405662
0.767552674
0.75028795
0.731427908
0.71077162
0.688106954
0.663220704
0.635913312
0.606017709
0.573422909
0.538100958
0.500135005
0.459745616
0.417311698
0.373622835
0.328973472
0.284182549
0.240263656
0.19835642
0.1595947
0.124945015
0.09506312
0.070216291
0.050291963
0.99592334
0.995571554
0.995176256
0.994746149
0.994290411
0.993814468
0.993318379
0.992798388
0.992248774
0.991662979
0.991035342
0.990361691
0.989639282
0.988866687
0.988042772
0.987165332
0.986230016
0.985230148
0.984157383
0.983001649
0.981752932
0.980403304
0.978944778
0.977370322
0.975673378
0.973845065
0.971874356
0.969750106
0.967462003
0.965002954
0.962367892
0.959550917
0.956546366
0.953346193
0.949924111
0.94666183
0.943194687
0.939490974
0.935526073
0.931277931
0.92672497
0.921845496
0.916616499
0.911012292
0.905003667
0.898557782
0.891638339
0.884206057
0.87621963
0.867636263
0.858411252
0.848496795
0.837838769
0.8263731
0.814020991
0.800685227
0.786247551
0.77056694
0.753479719
0.734800875
0.714327574
0.691845417
0.667138636
0.640003741
0.610268652
0.577815652
0.542608261
0.504719734
0.464360327
0.421899259
0.37812081
0.333310455
0.288285673
0.244065255
0.201797172
0.162630439
0.127550587
0.097234078
0.071968183
0.051657569
0.996047914
0.99570322
0.99531579
0.994894505
0.994448662
0.993983328
0.993498385
0.992989898
0.992451906
0.991878033
0.991262496
0.990601063
0.98989135
0.989131987
0.98832196
0.987459183
0.986539364
0.985555649
0.984499395
0.983361483
0.982132316
0.980803192
0.979367197
0.977817059
0.976144969
0.974343419
0.972402215
0.970310271
0.968057334
0.9656353
0.963039219
0.960265636
0.957308531
0.954160452
0.950810194
0.94722712
0.943790495
0.940133214
0.936222613
0.932033896
0.927545309
0.922735393
0.917581677
0.912059307
0.906139493
0.899789453
0.892972648
0.885649264
0.877777457
0.869313598
0.860212207
0.850424945
0.839897633
0.828566551
0.816353977
0.803163767
0.788878024
0.773355246
0.756430745
0.737917721
0.717611313
0.695294917
0.670749903
0.643769562
0.614177525
0.581850469
0.546744943
0.508925915
0.468594313
0.426110387
0.382252961
0.337298304
0.292061985
0.247566268
0.20496951
0.165433884
0.129962698
0.099251248
0.073604479
0.0529419
0.99616605
0.995827794
0.995447457
0.995033979
0.994597018
0.994141519
0.993667245
0.993169904
0.992643356
0.992081046
0.99147743
0.990828156
0.990130603
0.989383996
0.988587141
0.987738252
0.986833036
0.985864758
0.984824598
0.983703136
0.982491791
0.981182098
0.979766607
0.97823894
0.97659117
0.974814296
0.972899675
0.970837116
0.968616426
0.966229439
0.963670194
0.960935354
0.958021462
0.95492059
0.951622188
0.948111475
0.944353819
0.940726817
0.93686229
0.932727396
0.928297758
0.923551619
0.918466806
0.913018882
0.907179952
0.900917649
0.894195378
0.886973083
0.879208386
0.870857
0.861872673
0.852206171
0.841802835
0.830598712
0.818516374
0.805460632
0.791314185
0.775936007
0.759160459
0.740799248
0.720645547
0.698480189
0.674081743
0.6472404
0.617775798
0.585560083
0.550543964
0.512785435
0.472477674
0.429972917
0.38604477
0.340960443
0.295532823
0.250786901
0.207889557
0.168017283
0.13218908
0.101117723
0.075124182
0.054141019
0.996278405
0.99594593
0.995571971
0.995165646
0.994736433
0.994289815
0.993825436
0.993338704
0.992823243
0.992272437
0.991680443
0.991043031
0.990357637
0.989623129
0.98883903
0.988003254
0.987111926
0.986158252
0.985133529
0.984028161
0.982833087
0.981541157
0.980145097
0.978637815
0.977012455
0.975259781
0.973369777
0.971333623
0.969142199
0.966787279
0.964262962
0.961564839
0.958689451
0.955631614
0.95238024
0.948921144
0.945236266
0.941287994
0.937453508
0.933364391
0.928988099
0.924300313
0.919278622
0.913898826
0.908133507
0.901951075
0.895315289
0.888186157
0.88052088
0.872274637
0.863400519
0.853848457
0.843562841
0.832479179
0.820519745
0.807589412
0.79357177
0.778326154
0.761686862
0.743464589
0.723450601
0.701423228
0.677158117
0.650442302
0.621091723
0.588974357
0.554036081
0.51632911
0.476040184
0.433514684
0.389521599
0.344319731
0.29871884
0.253745675
0.210574418
0.170394003
0.134239644
0.102839619
0.076529704
0.055254258
0.996385455
0.996058226
0.995690107
0.99529016
0.99486804
0.994429231
0.993973613
0.993496835
0.992992043
0.992452323
0.991871774
0.991245925
0.990572453
0.989850104
0.989078104
0.988255024
0.987376809
0.986436963
0.985426784
0.984336853
0.983157814
0.981882095
0.980503678
0.979015768
0.977410734
0.97568047
0.973814607
0.97180289
0.969637692
0.967311859
0.964819491
0.962156177
0.959317327
0.956297755
0.953089178
0.949676931
0.946043432
0.942168534
0.938012421
0.933952987
0.929622054
0.924987197
0.920023322
0.914705992
0.909007967
0.902898252
0.896341205
0.889297247
0.881723583
0.873574913
0.864803851
0.855359554
0.845185578
0.834216356
0.822373569
0.80956167
0.795664191
0.780540943
0.764026582
0.745931387
0.726045072
0.704143763
0.680000365
0.653398454
0.624150455
0.592120409
0.557249784
0.519585967
0.479310423
0.436762929
0.392708719
0.347398877
0.301640213
0.256460428
0.213039771
0.172578171
0.136125162
0.104424737
0.077825762
0.056283455
0.996487498
0.996165276
0.995802402
0.995408177
0.994992495
0.994560778
0.994112968
0.993645012
0.993150115
0.992621064
0.992051601
0.991437197
0.990775287
0.990064859
0.989305019
0.988494039
0.98762846
0.986701667
0.985705316
0.984629869
0.983466268
0.982206464
0.9808442
0.979373872
0.97778821
0.976078153
0.974234581
0.972247005
0.970106006
0.96780628
0.965342879
0.962711334
0.959907174
0.956923962
0.953753352
0.950383663
0.946796834
0.942973018
0.938890874
0.934509456
0.930207968
0.925618052
0.920706511
0.915446341
0.909810066
0.903766811
0.897281408
0.890315056
0.882825136
0.874766409
0.866091013
0.856747508
0.846678615
0.835817993
0.82408613
0.811386704
0.797602654
0.782593727
0.766194642
0.748215795
0.728446126
0.706659973
0.682627618
0.65612936
0.626974165
0.595022082
0.560210526
0.52258265
0.482315361
0.439744025
0.395630866
0.350220501
0.304316968
0.258948594
0.215300724
0.17458275
0.13785705
0.105881549
0.07901831
0.057232112
0.996584773
0.996267259
0.995909393
0.995520473
0.995110512
0.994685233
0.994244516
0.993784308
0.993298292
0.992779136
0.992220283
0.991616964
0.990966499
0.990267634
0.989519715
0.988720894
0.987867355
0.986953199
0.985969901
0.984908164
0.983759046
0.98251462
0.981168211
0.979713917
0.978145778
0.976454973
0.974631608
0.972666204
0.970549345
0.96827358
0.965836108
0.963233411
0.960460901
0.9575122
0.95437777
0.951045752
0.947501242
0.943723798
0.939692497
0.935385704
0.930761814
0.926200986
0.921333909
0.916125536
0.910545826
0.904563487
0.898143649
0.891247869
0.883834183
0.87585777
0.86727047
0.858020544
0.848050058
0.837291658
0.825665057
0.813072622
0.799396396
0.784495413
0.768204033
0.750332594
0.730669618
0.708988547
0.685057402
0.658653557
0.629582524
0.597700477
0.562940955
0.525343001
0.485079706
0.44248262
0.398311943
0.352806717
0.306768924
0.261227459
0.21737203
0.176420227
0.139445722
0.107218973
0.080113813
0.058104649
0.996677577
0.996364534
0.996011376
0.995627522
0.995222807
0.99480319
0.99436897
0.993915796
0.993437529
0.992927194
0.992378294
0.991785586
0.991146207
0.990458727
0.989722371
0.988935471
0.988094091
0.987192035
0.986221254
0.98517257
0.984037101
0.982807159
0.981476068
0.98003763
0.978485286
0.976812005
0.975007832
0.973062515
0.97096777
0.968716025
0.966302395
0.963725328
0.960981488
0.958064318
0.95496434
0.951668262
0.948161125
0.944425762
0.940440536
0.936184287
0.931635737
0.92675209
0.921913743
0.916749358
0.911220789
0.90529424
0.898934543
0.892103255
0.884759009
0.87685746
0.868350804
0.859187067
0.849307895
0.838645279
0.827117801
0.814626932
0.801053464
0.786255121
0.770065546
0.752294362
0.732729912
0.711144805
0.687305868
0.660987914
0.631993234
0.600174427
0.56546098
0.527888298
0.487625629
0.445001423
0.40077433
0.355178893
0.309015542
0.263314098
0.219268218
0.178102762
0.140901223
0.108445205
0.081119075
0.058905859
0.99676615
0.996457279
0.996108592
0.995729446
0.995329797
0.994915426
0.994486928
0.994040191
0.993568957
0.99306643
0.992526293
0.991943598
0.991314769
0.990638375
0.989913404
0.989138007
0.988308609
0.987418652
0.98645997
0.985423803
0.984301269
0.983084977
0.98176831
0.98034513
0.978808582
0.977151036
0.975364208
0.973438025
0.971363246
0.969133615
0.966743886
0.964190483
0.961472094
0.958583415
0.955514789
0.952253044
0.94878161
0.945083261
0.941139817
0.936929405
0.932431042
0.92762351
0.922461808
0.917325854
0.911840677
0.905964673
0.899659932
0.89288789
0.885607064
0.877773643
0.86934036
0.860255539
0.85046047
0.839886725
0.82845211
0.816057086
0.802581131
0.787880719
0.77178812
0.754111767
0.734639287
0.713142753
0.689387858
0.663147926
0.634222507
0.602460742
0.567788422
0.530237138
0.48997277
0.447320729
0.403038532
0.357356936
0.311075509
0.265225291
0.221003741
0.179642349
0.142233342
0.109568104
0.08204034
0.059640773
0.996850729
0.996545792
0.996201336
0.995826602
0.995431721
0.995022476
0.994599104
0.994158149
0.993693352
0.993197799
0.99266547
0.992091537
0.991472721
0.990806878
0.990092933
0.98932898
0.988511086
0.987633109
0.986686468
0.985662341
0.984552324
0.983348906
0.982045889
0.980637014
0.979115725
0.977473855
0.975702643
0.973793745
0.97173804
0.969528258
0.967160523
0.964631021
0.961936057
0.95907259
0.956032276
0.952801704
0.949364424
0.945701599
0.941794813
0.937625825
0.933173001
0.928415298
0.923330605
0.917870641
0.912413597
0.906580329
0.900325477
0.893607557
0.886384964
0.87861383
0.870247304
0.861234248
0.851516187
0.841024339
0.829675972
0.817370653
0.803986728
0.789379418
0.773379326
0.755793452
0.736408114
0.714994311
0.691316903
0.66514796
0.636285186
0.60457474
0.569939137
0.532406211
0.492138505
0.449458629
0.405122995
0.359359205
0.312966347
0.266977072
0.222592682
0.181050837
0.14345172
0.110595331
0.082883596
0.060314011
0.996931374
0.996630371
0.99628979
0.995919287
0.995528877
0.9951244
0.994706094
0.994270265
0.99381125
0.993322194
0.992796838
0.992230594
0.9916206
0.99096477
0.990261436
0.98950845
0.98870194
0.987835407
0.986900806
0.985888779
0.984790742
0.983599782
0.98230958
0.980914295
0.97940731
0.97778064
0.976025045
0.974131584
0.972093046
0.969902277
0.967554271
0.965046644
0.962375462
0.959535301
0.956519961
0.953317523
0.949911237
0.946282327
0.942410827
0.938278139
0.933866382
0.92915386
0.924118638
0.918736637
0.912954926
0.907149374
0.900936663
0.894267857
0.887098491
0.879384458
0.871078968
0.862131178
0.852483153
0.842066228
0.830797374
0.818575382
0.805277765
0.790758312
0.774846256
0.757346928
0.738044858
0.716709495
0.693104565
0.667001009
0.638194978
0.606530666
0.571927607
0.534410357
0.494138211
0.451430976
0.407044053
0.361202061
0.31470409
0.26858449
0.224048525
0.182339817
0.14456585
0.111534417
0.083654664
0.060929999
0.997008324
0.996711016
0.996374309
0.996007681
0.995621443
0.995221436
0.994808018
0.994377315
0.993923366
0.993439972
0.992921174
0.992361963
0.991759598
0.99111259
0.990419209
0.989676833
0.98888129
0.988026142
0.987103045
0.986102939
0.985017061
0.983838022
0.982560217
0.981177747
0.979684234
0.978071809
0.976331353
0.974453449
0.972430229
0.970256507
0.967927456
0.965439439
0.962790132
0.959973574
0.956981242
0.953803599
0.950425208
0.946827114
0.942989349
0.938891649
0.934515774
0.929844022
0.924853563
0.919520676
0.913817883
0.907687068
0.901501596
0.894874215
0.887753069
0.88009131
0.871841848
0.862953722
0.853369355
0.843020618
0.831824481
0.81967932
0.806461811
0.792024791
0.776196003
0.758779109
0.73955673
0.718296587
0.694760561
0.668718159
0.639964283
0.608341575
0.573767304
0.536263227
0.495985717
0.453251868
0.40881604
0.362900078
0.316303074
0.270061284
0.225383922
0.183520362
0.145585015
0.112392776
0.084359266
0.061493035
0.997081578
0.996787906
0.996454895
0.996092141
0.995709777
0.995313942
0.994904995
0.994479179
0.994030356
0.993552089
0.993038893
0.992486238
0.991890907
0.991251528
0.990566969
0.989834607
0.989049613
0.988205433
0.987293661
0.986304998
0.985231102
0.984064162
0.982798219
0.981428146
0.979947388
0.978348374
0.976622105
0.97475934
0.972751498
0.970592976
0.968280792
0.96581167
0.963181853
0.960387111
0.957418382
0.954263449
0.950909555
0.947339177
0.94353199
0.939467847
0.935126603
0.930490255
0.925540268
0.920251727
0.91459769
0.908546805
0.902035236
0.895434618
0.888354301
0.880739808
0.872541547
0.863708198
0.854182065
0.843895316
0.832765281
0.820690334
0.807546794
0.793186367
0.77743566
0.760096788
0.740950584
0.719762683
0.696292877
0.670308888
0.641603887
0.610019147
0.575470448
0.537977278
0.497693568
0.454933971
0.41045171
0.364466041
0.317776024
0.271419764
0.226610407
0.184602842
0.146518067
0.113177635
0.085003041
0.062007356
0.997151196
0.9968611
0.996531785
0.996172726
0.995794177
0.995402217
0.994997501
0.994576097
0.994132221
0.993659079
0.993150949
0.992603958
0.992015123
0.991382778
0.990705788
0.989982247
0.989207327
0.988373697
0.987472832
0.986495554
0.985433042
0.984278083
0.983024299
0.981665969
0.980197549
0.978611171
0.976898313
0.975049615
0.973056853
0.970913649
0.968616486
0.966164172
0.963553131
0.9607777
0.957830667
0.954699278
0.951367915
0.947821736
0.944041967
0.940008223
0.935700357
0.931098282
0.926183224
0.920934677
0.915324569
0.909321964
0.902891636
0.895964026
0.888909936
0.881335437
0.873183489
0.864400208
0.85492748
0.844697356
0.833627462
0.821616471
0.808540463
0.794250667
0.778572559
0.761307001
0.742232978
0.721114218
0.697708309
0.671780705
0.643122613
0.611573696
0.577048123
0.539564013
0.4992733
0.456488758
0.411962479
0.365911335
0.319134176
0.272670895
0.227738306
0.185596675
0.147373274
0.113895901
0.085591465
0.062477104
0.997217178
0.996930718
0.996604979
0.996249557
0.995874763
0.995486617
0.995085657
0.994668543
0.994229078
0.993760884
0.993257999
0.992715955
0.992132783
0.991506934
0.990836978
0.990121007
0.989354849
0.988531291
0.987640977
0.986674607
0.985623419
0.984479845
0.983238041
0.981891811
0.980435133
0.978861094
0.977160752
0.975325406
0.973346651
0.971218467
0.968936563
0.966499031
0.963904679
0.961147964
0.958220184
0.955110312
0.951802373
0.948278427
0.94452256
0.940515935
0.936238229
0.931669295
0.926788151
0.921574056
0.916003525
0.910044432
0.903661847
0.89681673
0.889434695
0.881885886
0.873773098
0.865035117
0.855611205
0.845433056
0.834418118
0.822465181
0.809450626
0.795225382
0.77961427
0.762416899
0.743410766
0.72235769
0.699013174
0.673140228
0.644527912
0.613013625
0.578510046
0.541033804
0.500735641
0.45792681
0.413358778
0.367246032
0.320387393
0.273824215
0.228776753
0.186510339
0.148158178
0.114553995
0.086129762
0.062906317
0.997278869
0.996996641
0.996674538
0.996322751
0.995951533
0.995567083
0.995169997
0.994756639
0.994321406
0.993857741
0.993359745
0.992822945
0.99224478
0.991624534
0.990961134
0.990252137
0.989493549
0.988678753
0.987798512
0.986842692
0.985802352
0.984670103
0.983439624
0.982105374
0.980660796
0.979098439
0.977410376
0.975587487
0.973622024
0.971507728
0.969240785
0.966818392
0.964238644
0.961498499
0.958589315
0.955498576
0.952212095
0.948711395
0.944977522
0.940994442
0.936743557
0.932204485
0.927356243
0.922175705
0.91663909
0.910719037
0.904379487
0.897581637
0.890283465
0.882405758
0.874318004
0.865618169
0.856238544
0.8461079
0.835143328
0.823243499
0.810284734
0.7961182
0.780568361
0.763433814
0.744490981
0.723499715
0.700213671
0.674393535
0.645825922
0.614345968
0.579864144
0.542395651
0.502090096
0.459257811
0.414650053
0.368479431
0.321544558
0.274888217
0.229733795
0.187351316
0.148879543
0.115157798
0.086622797
0.063298836
0.997333348
0.997058332
0.99674046
0.99639225
0.996024668
0.995643854
0.995250463
0.99484092
0.994409502
0.993950009
0.993456542
0.99292469
0.99235177
0.991736472
0.991078675
0.990376234
0.989624619
0.988817334
0.987945855
0.987000108
0.985970318
0.984848917
0.983629644
0.982306778
0.980874181
0.979323864
0.977647424
0.975836754
0.973883688
0.971782565
0.96952945
0.967121959
0.96455729
0.96183157
0.958938777
0.955866575
0.952598989
0.949119687
0.94540894
0.941447496
0.937219858
0.93270731
0.927888632
0.922740757
0.917237222
0.911350548
0.905049503
0.898294151
0.891042709
0.883250296
0.874832511
0.866157115
0.856814623
0.846727014
0.835808516
0.823957384
0.81104964
0.796936452
0.781442225
0.764365196
0.745480597
0.724547088
0.701316178
0.675546587
0.647022545
0.615576565
0.581116974
0.543657064
0.503345013
0.460490584
0.415845156
0.369619966
0.322613716
0.275870502
0.23061654
0.188126147
0.1495433
0.115712531
0.08707501
0.063658245
0.997333348
0.997112811
0.996802092
0.996458113
0.996094167
0.995716989
0.995327175
0.994921327
0.994493663
0.994037986
0.993548691
0.993021429
0.992453456
0.991843462
0.991190553
0.990493715
0.989748657
0.988948345
0.988084316
0.987147331
0.986127615
0.985016704
0.983808339
0.982496619
0.981075346
0.97953707
0.97787267
0.976073503
0.974132597
0.972043812
0.969803751
0.967410088
0.964860141
0.962149441
0.959270895
0.956214845
0.952965736
0.94950521
0.945815682
0.941877246
0.937670887
0.933181167
0.928388715
0.923270106
0.917798936
0.911944926
0.905676603
0.898959279
0.89174968
0.884003341
0.87567246
0.8666659
0.857347131
0.847295642
0.836418867
0.8246122
0.811751246
0.797686756
0.782243073
0.765218258
0.746387005
0.725506663
0.702327251
0.676605523
0.648123384
0.61671102
0.582274199
0.544824123
0.504507303
0.461632699
0.416951925
0.370675415
0.323602259
0.276777923
0.23143132
0.188840672
0.150154725
0.116222836
0.08749035
0.063987806
0.997333348
0.997112811
0.996856511
0.996519685
0.996159971
0.995786428
0.99540025
0.994998038
0.99457407
0.994122088
0.993636608
0.993113518
0.992550075
0.991945148
0.991297543
0.990605533
0.989866018
0.989072323
0.988215268
0.987285674
0.986274719
0.985173941
0.983976007
0.982675135
0.981265008
0.979737937
0.978085577
0.976298511
0.974368989
0.972292304
0.970064521
0.967683792
0.965147614
0.962451577
0.959587872
0.956545949
0.953312874
0.949870646
0.946199715
0.942282379
0.938098848
0.933630049
0.928860009
0.923767269
0.918325067
0.912503123
0.906266987
0.899581611
0.892409444
0.884704351
0.876418889
0.867500842
0.857849717
0.847821176
0.83697933
0.825212955
0.812394798
0.798374951
0.782977402
0.766000032
0.747217119
0.726385415
0.703253627
0.677576661
0.649134338
0.617754638
0.583340943
0.545902073
0.50558269
0.462690473
0.417977244
0.371652782
0.324516952
0.277616829
0.232183889
0.189500064
0.150718421
0.116692774
0.087872326
0.064290419
0.997333348
0.997112811
0.996856511
0.996574104
0.996221542
0.995852172
0.995469689
0.995071054
0.994650722
0.994202435
0.993720651
0.993201256
0.992642105
0.992041647
0.991399169
0.990712464
0.989977777
0.989189625
0.988339186
0.987416506
0.986412942
0.985320866
0.984133124
0.982842684
0.981443286
0.979927421
0.978286266
0.976511121
0.974593699
0.972528398
0.970312595
0.967944026
0.965420723
0.962738335
0.959889233
0.956862032
0.953642786
0.950216472
0.946563721
0.942664742
0.938502192
0.934056163
0.929306567
0.924235761
0.91881907
0.913025677
0.906821311
0.900167644
0.89302671
0.885358393
0.877113521
0.868240178
0.858679295
0.848317087
0.837497413
0.825764716
0.812985182
0.799006224
0.783650994
0.766716897
0.747977912
0.727190316
0.70410192
0.67846632
0.650061429
0.618713081
0.584322274
0.546895683
0.506575882
0.463669121
0.418926835
0.372558177
0.325363904
0.278392941
0.232879519
0.190108985
0.151238501
0.117125928
0.088224009
0.064568654
0.997333348
0.997112811
0.996856511
0.996574104
0.996275902
0.995913744
0.995535374
0.995140433
0.994723737
0.994279087
0.993800938
0.993285298
0.992729783
0.992133558
0.991495609
0.99081409
0.990084767
0.989301324
0.988456428
0.987540364
0.986543715
0.98545897
0.984279931
0.982999682
0.981610715
0.980105519
0.978475451
0.976711512
0.97480607
0.97275281
0.970548332
0.968191683
0.96568042
0.963010788
0.960175276
0.957162559
0.953957975
0.950545192
0.946908176
0.943027258
0.938882887
0.9344576
0.929730594
0.924679816
0.919284582
0.913516343
0.907340169
0.900717854
0.893608093
0.885970175
0.877761364
0.868927896
0.859410942
0.849140704
0.837986171
0.826274693
0.813527465
0.799585402
0.784268856
0.767374456
0.748675525
0.727927923
0.704878926
0.679281056
0.650910795
0.619591951
0.585223436
0.54780978
0.50749141
0.464572996
0.419805348
0.373396635
0.326148421
0.279111505
0.233522996
0.190671742
0.151718706
0.117525496
0.088548087
0.064824767
0.997333348
0.997112811
0.996856511
0.996574104
0.996275902
0.995968044
0.995596886
0.995206118
0.994793057
0.994352043
0.99387753
0.993365526
0.992813706
0.992221117
0.9915874
0.990910411
0.990186274
0.989408255
0.988568008
0.987657487
0.986667454
0.985589623
0.984417856
0.98314631
0.981767535
0.98027271
0.978653371
0.976900458
0.975006163
0.972964883
0.970772386
0.968426943
0.965927541
0.963269889
0.960447073
0.957447827
0.954257607
0.950859308
0.947235644
0.943370223
0.939243793
0.934836388
0.930130064
0.925101697
0.919726014
0.913978696
0.907827199
0.901232719
0.894153893
0.886546552
0.878367245
0.869569123
0.86009115
0.849864066
0.838803232
0.826755702
0.81402868
0.800117314
0.784835756
0.767977595
0.749315441
0.728604257
0.705590963
0.680027246
0.651688576
0.620397091
0.586049795
0.548649132
0.508333623
0.46540612
0.420616746
0.37417233
0.326874912
0.27977708
0.2341187
0.191192254
0.152162418
0.117894351
0.088846982
0.065060742
0.997333348
0.997112811
0.996856511
0.996574104
0.996275902
0.995968044
0.995651126
0.99526751
0.994858682
0.994421303
0.993950486
0.993442059
0.992893875
0.992304981
0.99167484
0.991002083
0.990282536
0.989509761
0.988674939
0.987769008
0.986784518
0.985713303
0.98454839
0.983284056
0.981913984
0.980429411
0.978820384
0.97707814
0.975194812
0.973164558
0.970984101
0.968650699
0.966162384
0.963516533
0.960705519
0.957718849
0.954542041
0.951158106
0.947548687
0.94369638
0.939585149
0.935195565
0.930506885
0.925498962
0.920145571
0.914417267
0.908286154
0.901715815
0.894664347
0.887087643
0.878938258
0.870168626
0.860725224
0.850536227
0.839517534
0.827565432
0.814501286
0.800608993
0.785356402
0.768530965
0.749902368
0.729224682
0.706243873
0.680711091
0.652400911
0.621134341
0.586806834
0.549418807
0.509106994
0.466172516
0.421364605
0.374888718
0.327546984
0.280393362
0.234670416
0.191674054
0.152572766
0.118235134
0.089122862
0.065278336
0.997333348
0.997112811
0.996856511
0.996574104
0.996275902
0.995968044
0.995651126
0.995321751
0.994920075
0.994486868
0.994019687
0.993514955
0.992970347
0.992385089
0.991758645
0.991089404
0.990374088
0.989605904
0.988776386
0.987875938
0.986895919
0.985830247
0.98467195
0.983414471
0.982051551
0.980575621
0.978976846
0.977244914
0.975372195
0.973352969
0.971183479
0.968862057
0.966385722
0.963750899
0.960951567
0.957976639
0.954812288
0.951441586
0.947846413
0.944008231
0.939909756
0.935535252
0.930864215
0.925873697
0.920540512
0.914834321
0.908721626
0.902171075
0.89514327
0.887593448
0.879474163
0.870733798
0.861317933
0.851162612
0.840181053
0.828269958
0.815302908
0.801072538
0.78583765
0.769039214
0.750440896
0.729793787
0.70684278
0.681338131
0.653053641
0.621809542
0.587500036
0.55012387
0.509816051
0.466876209
0.422052503
0.375548989
0.328167647
0.280963451
0.235181257
0.192120239
0.152952567
0.118550248
0.089377701
0.065479144
0.997333348
0.997112811
0.996856511
0.996574104
0.996275902
0.995968044
0.995651126
0.995321751
0.994974256
0.994548202
0.994085193
0.993584096
0.993043184
0.992461503
0.991838694
0.991173089
0.99046129
0.989697337
0.988872409
0.987977326
0.98700279
0.985941589
0.984788775
0.983537972
0.982181847
0.98071301
0.979122877
0.977401197
0.97553879
0.973530054
0.971371531
0.969061017
0.966596723
0.96397382
0.961185455
0.958222091
0.955069363
0.951710999
0.948128998
0.944304943
0.940220416
0.935858309
0.931202054
0.926229
0.920912921
0.915226758
0.909135997
0.902603328
0.895594656
0.888067842
0.879974961
0.871264219
0.861876786
0.85174787
0.840799034
0.82892406
0.815996766
0.801864982
0.786291182
0.769509017
0.750935435
0.730315864
0.707392097
0.681913316
0.653652251
0.622428358
0.588134825
0.550769448
0.510465562
0.467521399
0.422684103
0.37615633
0.328739703
0.281489938
0.235653788
0.192533344
0.153304234
0.118841857
0.089613318
0.065664627
0.997333348
0.997112811
0.996856511
0.996574104
0.996275902
0.995968044
0.995651126
0.995321751
0.994974256
0.994602382
0.994146466
0.993649542
0.993112266
0.992534339
0.991915047
0.991253078
0.990544856
0.98978436
0.988963723
0.98807323
0.987104118
0.9860484
0.984899998
0.983654618
0.982305169
0.980843186
0.979260087
0.97754699
0.975694835
0.973696411
0.971548319
0.969248712
0.966795266
0.964184403
0.961407959
0.958455443
0.955314219
0.951967359
0.948397517
0.944586456
0.940515995
0.936167657
0.931523442
0.926564872
0.921266079
0.915596783
0.909525812
0.903014779
0.896023333
0.888514936
0.880444527
0.871759593
0.862401307
0.852299988
0.841376364
0.829532981
0.816640615
0.802547157
0.787073374
0.769951582
0.751392663
0.730795443
0.707896113
0.682440877
0.654201269
0.622995734
0.588716567
0.551360667
0.511060297
0.468112379
0.423263192
0.376713932
0.329265833
0.28197518
0.236090153
0.192915455
0.153629825
0.119111858
0.089831337
0.065836087
0.997333348
0.997112811
0.996856511
0.996574104
0.996275902
0.995968044
0.995651126
0.995321751
0.994974256
0.994602382
0.994200587
0.993710756
0.993177652
0.992603362
0.991987765
0.991329372
0.990624785
0.989867866
0.989050567
0.988164365
0.987199903
0.986149669
0.985006809
0.983765721
0.982421696
0.980966389
0.979390085
0.977683961
0.97584039
0.973852217
0.971714377
0.969425201
0.966982603
0.96438247
0.961618066
0.958677471
0.955546916
0.952211499
0.948653042
0.944854021
0.940796375
0.936461985
0.93183136
0.926884472
0.921599925
0.915947616
0.909893155
0.903401732
0.896431625
0.888939798
0.880887032
0.872223914
0.86289084
0.852818072
0.841921151
0.830101728
0.817239702
0.803179801
0.787742734
0.770722151
0.751823187
0.731238723
0.708359003
0.682924926
0.654704869
0.623516142
0.589250028
0.551902413
0.511604965
0.4686535
0.423793614
0.377225131
0.329748899
0.28242144
0.236492306
0.193268299
0.153930977
0.119361818
0.090033188
0.065994725
0.997333348
0.997112811
0.996856511
0.996574104
0.996275902
0.995968044
0.995651126
0.995321751
0.994974256
0.994602382
0.994200587
0.993764818
0.993238866
0.992668629
0.992056727
0.99140209
0.99070102
0.989947677
0.989133954
0.98825109
0.987290859
0.986245275
0.985107958
0.983872533
0.98253268
0.981082737
0.979513109
0.97781378
0.975977123
0.973997474
0.971869946
0.969590962
0.967158675
0.96456939
0.961815715
0.9588871
0.955768466
0.9524436
0.948896468
0.945108652
0.941062987
0.936741233
0.932124376
0.9271909
0.921917617
0.916279197
0.910241544
0.903766274
0.896815538
0.889344752
0.88130784
0.872661531
0.863349497
0.853301346
0.84243232
0.830638587
0.817799032
0.803768158
0.788363039
0.771377325
0.752580583
0.731656015
0.708786964
0.683369458
0.655166984
0.623993516
0.589739323
0.552399218
0.512104034
0.469148993
0.424279213
0.377693325
0.330191702
0.282831103
0.236862138
0.193593472
0.154209048
0.119593002
0.090220034
0.06614159
0.997333348
0.997112811
0.996856511
0.996574104
0.996275902
0.995968044
0.995651126
0.995321751
0.994974256
0.994602382
0.994200587
0.993764818
0.993292809
0.992729783
0.992121935
0.991470933
0.990773618
0.990023792
0.989213705
0.988334358
0.987377405
0.986336112
0.985203445
0.983973563
0.982639432
0.981193602
0.979629278
0.977936685
0.976106763
0.974133968
0.972014964
0.969746232
0.967324138
0.964745104
0.962002158
0.959084272
0.955977619
0.952664614
0.949127913
0.945351303
0.941316664
0.937006712
0.932402372
0.927482486
0.922222376
0.916594803
0.910570681
0.904112041
0.897177041
0.889725327
0.881709158
0.873077869
0.86378181
0.853753984
0.8429088
0.831142247
0.818327308
0.804317296
0.788939595
0.7719841
0.753220081
0.732398331
0.709189594
0.683780491
0.655591369
0.624431491
0.590188086
0.552854836
0.512561619
0.469603032
0.424723893
0.378121972
0.330597252
0.283206642
0.237201646
0.193892494
0.154465288
0.119806461
0.090392843
0.066277541
0.997333348
0.997112811
0.996856511
0.996574104
0.996275902
0.995968044
0.995651126
0.995321751
0.994974256
0.994602382
0.994200587
0.993764818
0.993292809
0.992783666
0.99218303
0.991536081
0.990842402
0.99009639
0.989289761
0.98841399
0.987460554
0.986422479
0.985294044
0.984068871
0.982740402
0.981300294
0.979740024
0.978052676
0.976229489
0.97426337
0.972151101
0.969890893
0.967479169
0.964910269
0.962177515
0.959270239
0.956174195
0.95287317
0.94934833
0.945582092
0.94155854
0.937259436
0.932666719
0.927759171
0.922512472
0.916897833
0.910884082
0.904438555
0.897519946
0.890083551
0.882086158
0.873475373
0.864193439
0.854180574
0.84335494
0.831611395
0.818822861
0.804836154
0.789477587
0.772547722
0.753811777
0.733020306
0.709914744
0.684166968
0.655983686
0.624833822
0.590599895
0.553272784
0.512981355
0.47001937
0.425131351
0.378514469
0.330968529
0.28355056
0.237512827
0.194166973
0.15470092
0.120003156
0.090552405
0.066403262
0.997333348
0.997112811
0.996856511
0.996574104
0.996275902
0.995968044
0.995651126
0.995321751
0.994974256
0.994602382
0.994200587
0.993764818
0.993292809
0.992783666
0.992236853
0.991597056
0.990907431
0.990165055
0.98936224
0.988489985
0.987540126
0.986505449
0.985380232
0.984159291
0.982835531
0.981401145
0.979846656
0.978163242
0.976345301
0.974385917
0.972280324
0.970026791
0.967623532
0.965064943
0.962342262
0.959445179
0.956359684
0.95306921
0.949556351
0.945801914
0.941788554
0.937500417
0.93291837
0.928022265
0.922787726
0.917186379
0.911185265
0.904749572
0.897843719
0.890423417
0.882440865
0.873848498
0.864586711
0.854587078
0.843775392
0.832050502
0.819284022
0.805322766
0.789986134
0.773073375
0.754361153
0.733595371
0.710517287
0.684872389
0.65635252
0.625205755
0.590978086
0.55365634
0.513366401
0.470401227
0.425504953
0.378874093
0.331308454
0.283865392
0.237797797
0.19441855
0.154917195
0.120184019
0.090699419
0.066519342
0.997333348
0.997112811
0.996856511
0.996574104
0.996275902
0.995968044
0.995651126
0.995321751
0.994974256
0.994602382
0.994200587
0.993764818
0.993292809
0.992783666
0.992236853
0.99165082
0.990968347
0.990230024
0.989430845
0.988562405
0.987616003
0.986584902
0.985463083
0.984245241
0.982925773
0.981496096
0.979947329
0.978269815
0.976455688
0.974501491
0.972402692
0.970155716
0.967759013
0.965208948
0.962496638
0.959609568
0.956534147
0.953254223
0.949751794
0.946009338
0.94200772
0.937729657
0.933158398
0.928272784
0.92304945
0.917460084
0.911472082
0.905048728
0.898152173
0.890744209
0.882777452
0.87419939
0.864955723
0.85497582
0.844176352
0.832464278
0.8197155
0.805775344
0.790462971
0.773570597
0.754873216
0.734128892
0.711073935
0.685453415
0.65703541
0.625555098
0.591327786
0.554008543
0.513719678
0.470751494
0.42584762
0.379203826
0.331619918
0.28415364
0.238058642
0.194648892
0.155115411
0.120350011
0.090834595
0.066626295
0.997333348
0.997112811
0.996856511
0.996574104
0.996275902
0.995968044
0.995651126
0.995321751
0.994974256
0.994602382
0.994200587
0.993764818
0.993292809
0.992783666
0.992236853
0.99165082
0.99102205
0.99029088
0.989495695
0.988630891
0.987688363
0.986660659
0.985542417
0.984327972
0.983011484
0.981586099
0.9800421
0.978370368
0.976562142
0.9746117
0.972517967
0.970277905
0.967887759
0.965344131
0.962640226
0.959763527
0.95669812
0.953428149
0.949936211
0.946204126
0.942214489
0.937948108
0.933386803
0.928511798
0.923298776
0.917720377
0.911744118
0.905333698
0.898449123
0.891049862
0.883094966
0.874532461
0.865302563
0.855340362
0.844560206
0.832859278
0.820122063
0.806198478
0.790906072
0.774036705
0.755357862
0.734625995
0.711589873
0.685989499
0.657592416
0.626212418
0.591656089
0.554334223
0.514044166
0.471072912
0.426161975
0.37950629
0.331905514
0.284417719
0.238297448
0.194859743
0.155296892
0.120502137
0.090958655
0.066724628
0.997333348
0.997112811
0.996856511
0.996574104
0.996275902
0.995968044
0.995651126
0.995321751
0.994974256
0.994602382
0.994200587
0.993764818
0.993292809
0.992783666
0.992236853
0.99165082
0.99102205
0.990344465
0.989556491
0.988695621
0.987756729
0.98673296
0.985618114
0.984407187
0.983094037
0.981671572
0.980131865
0.978464901
0.976662576
0.974718034
0.972627997
0.970392942
0.968009651
0.965472519
0.962775052
0.959906757
0.95685178
0.953591704
0.950109661
0.946387947
0.942408562
0.938154161
0.933604538
0.928739309
0.923536718
0.917968392
0.912002921
0.905604005
0.898732126
0.891344547
0.883397698
0.874846458
0.865631759
0.85568279
0.84491986
0.833237767
0.820510566
0.806597233
0.791320086
0.774469376
0.755812109
0.735096753
0.712070346
0.686486006
0.65810585
0.626742959
0.592284441
0.554639697
0.514344156
0.471368134
0.426450402
0.37978372
0.332167447
0.284659863
0.238516226
0.195052758
0.15546298
0.120641403
0.091072336
0.06681487
0.997333348
0.997112811
0.996856511
0.996574104
0.996275902
0.995968044
0.995651126
0.995321751
0.994974256
0.994602382
0.994200587
0.993764818
0.993292809
0.992783666
0.992236853
0.99165082
0.99102205
0.990344465
0.989610016
0.988756299
0.987821341
0.986801207
0.985690236
0.984482706
0.983173072
0.981753945
0.98021704
0.978554428
0.976756871
0.974818289
0.972734213
0.970502734
0.968124449
0.965594232
0.962903202
0.960041165
0.956994534
0.953744948
0.950272739
0.9465608
0.942591727
0.938347518
0.933809876
0.92895633
0.923763275
0.918205202
0.912249565
0.905861139
0.899000525
0.891625404
0.883689821
0.875145972
0.865942001
0.856007874
0.84525758
0.833592236
0.820883214
0.806978583
0.791710317
0.774873435
0.756233335
0.735537887
0.712525666
0.686948121
0.65858084
0.6272313
0.592785835
0.555235624
0.514625371
0.471641123
0.426715314
0.380038321
0.332407713
0.284881949
0.238716826
0.19522959
0.155615032
0.12076886
0.091176406
0.066897564
0.997333348
0.997112811
0.996856511
0.996574104
0.996275902
0.995968044
0.995651126
0.995321751
0.994974256
0.994602382
0.994200587
0.993764818
0.993292809
0.992783666
0.992236853
0.99165082
0.99102205
0.990344465
0.989610016
0.988809705
0.987881899
0.986865699
0.985758364
0.984554768
0.983248532
0.981832862
0.980299234
0.978639364
0.976846099
0.974912405
0.972834349
0.97060889
0.968234003
0.965708733
0.963024557
0.960169017
0.957128525
0.953887224
0.950425506
0.946723402
0.942764044
0.938530028
0.934002399
0.929160833
0.923979461
0.918430746
0.912485123
0.906106293
0.899255931
0.891891718
0.883968413
0.875435412
0.866238117
0.856314123
0.845578194
0.83392483
0.821232021
0.807344913
0.792083919
0.77525425
0.756626487
0.735946476
0.712952316
0.687386394
0.659022689
0.627682686
0.593246698
0.555705249
0.515185177
0.471896738
0.426960319
0.38027215
0.33262822
0.285085678
0.238900825
0.195391715
0.155754328
0.120885529
0.091271646
0.066973254
0.997333348
0.997112811
0.996856511
0.996574104
0.996275902
0.995968044
0.995651126
0.995321751
0.994974256
0.994602382
0.994200587
0.993764818
0.993292809
0.992783666
0.992236853
0.99165082
0.99102205
0.990344465
0.989610016
0.988809705
0.987935245
0.986926198
0.985822737
0.984622777
0.983320415
0.981908143
0.980378032
0.978721321
0.976930737
0.975001276
0.972928107
0.970708787
0.968340039
0.965817988
0.963138759
0.960290134
0.957256019
0.954020798
0.950567365
0.946875751
0.942926109
0.938701689
0.934184134
0.929352522
0.92418313
0.918646038
0.912709534
0.906340539
0.899499416
0.892145216
0.884232521
0.875711501
0.866524637
0.856606483
0.845880091
0.834240615
0.821559012
0.807687461
0.792443275
0.775619328
0.75699693
0.736327469
0.713346899
0.687796891
0.659442067
0.628102243
0.593672276
0.55613631
0.51562053
0.472416878
0.427189499
0.380488425
0.332830727
0.285272628
0.239069611
0.195540428
0.155882031
0.120992407
0.091358818
0.067042515
0.997333348
0.997112811
0.996856511
0.996574104
0.996275902
0.995968044
0.995651126
0.995321751
0.994974256
0.994602382
0.994200587
0.993764818
0.993292809
0.992783666
0.992236853
0.99165082
0.99102205
0.990344465
0.989610016
0.988809705
0.987935245
0.986979425
0.985883117
0.98468703
0.983388305
0.981979907
0.980453134
0.978799939
0.977012515
0.975085616
0.973016739
0.970802307
0.968439758
0.965923905
0.963247776
0.960403979
0.957376838
0.954147935
0.950700402
0.947017014
0.943077922
0.938863218
0.93435514
0.929533482
0.924373865
0.918848753
0.912923872
0.906563759
0.899732292
0.892387033
0.884483993
0.875973284
0.866798043
0.856889844
0.846168458
0.834537804
0.821869612
0.808008432
0.792778969
0.775970995
0.757352591
0.736686587
0.7137146
0.688176036
0.659834802
0.628500819
0.594067454
0.556533813
0.516019464
0.472815692
0.427667171
0.380690485
0.333018064
0.285444379
0.239224494
0.195676848
0.155999169
0.12109039
0.091438673
0.067105912
0.997333348
0.997112811
0.996856511
0.996574104
0.996275902
0.995968044
0.995651126
0.995321751
0.994974256
0.994602382
0.994200587
0.993764818
0.993292809
0.992783666
0.992236853
0.99165082
0.99102205
0.990344465
0.989610016
0.988809705
0.987935245
0.986979425
0.985936224
0.984747231
0.98345238
0.982047617
0.980524838
0.978874922
0.977090895
0.975167155
0.973100722
0.970890582
0.96853292
0.966023386
0.963353574
0.960512698
0.957490385
0.954268456
0.950827181
0.947149575
0.943218648
0.939014494
0.934516072
0.929703772
0.92455405
0.919038594
0.913125694
0.906777084
0.899954259
0.892618358
0.884723902
0.876222551
0.867057264
0.857160389
0.846448421
0.83482182
0.822161674
0.80831331
0.793093264
0.776299238
0.757695735
0.737031817
0.714061081
0.688529015
0.66019696
0.628874004
0.594443321
0.556902587
0.516386867
0.473180503
0.428027809
0.381122798
0.333192855
0.285603225
0.23936677
0.195802033
0.156106621
0.121180266
0.091511883
0.067163989
0.997333348
0.997112811
0.996856511
0.996574104
0.996275902
0.995968044
0.995651126
0.995321751
0.994974256
0.994602382
0.994200587
0.993764818
0.993292809
0.992783666
0.992236853
0.99165082
0.99102205
0.990344465
0.989610016
0.988809705
0.987935245
0.986979425
0.985936224
0.98480022
0.983512461
0.982111573
0.98059237
0.978946447
0.977165699
0.975245357
0.973182023
0.970974207
0.968620896
0.966116309
0.963452816
0.960618317
0.957598805
0.954381585
0.950947344
0.947275937
0.943350673
0.939154625
0.934666812
0.929864049
0.924723566
0.919217825
0.913314462
0.906977832
0.900166512
0.892838955
0.884953618
0.876460433
0.867304087
0.857416809
0.846715748
0.835098028
0.822440982
0.80859983
0.793391943
0.776606202
0.758015633
0.737365484
0.714394808
0.688861728
0.660533786
0.629217505
0.594795108
0.557253778
0.516727388
0.473515958
0.428357065
0.381443769
0.333577514
0.285751253
0.239498392
0.195917025
0.156205237
0.121262714
0.091579027
0.067217223
0.997333348
0.997112811
0.996856511
0.996574104
0.996275902
0.995968044
0.995651126
0.995321751
0.994974256
0.994602382
0.994200587
0.993764818
0.993292809
0.992783666
0.992236853
0.99165082
0.99102205
0.990344465
0.989610016
0.988809705
0.987935245
0.986979425
0.985936224
0.98480022
0.983565331
0.982171535
0.980656147
0.979013801
0.977237105
0.975319982
0.973260045
0.97105521
0.968704104
0.966203868
0.963545382
0.96071738
0.957704246
0.954489708
0.951060116
0.947395742
0.943476617
0.939286053
0.934806287
0.930014193
0.924883127
0.919386506
0.913492739
0.907165527
0.900366127
0.893050015
0.885172725
0.876688361
0.867539823
0.857661068
0.846969187
0.835361958
0.822713137
0.808873951
0.793672383
0.776897967
0.75831461
0.737676203
0.714717925
0.689182639
0.66085124
0.629536629
0.595118284
0.557582319
0.517052054
0.473826557
0.42865932
0.381736219
0.333858103
0.286086887
0.239620849
0.196023419
0.156295821
0.121338382
0.091640629
0.067266054
0.997333348
0.997112811
0.996856511
0.996574104
0.996275902
0.995968044
0.995651126
0.995321751
0.994974256
0.994602382
0.994200587
0.993764818
0.993292809
0.992783666
0.992236853
0.99165082
0.99102205
0.990344465
0.989610016
0.988809705
0.987935245
0.986979425
0.985936224
0.98480022
0.983565331
0.982224286
0.98071593
0.979077339
0.97730422
0.975391209
0.973334491
0.971132994
0.968784869
0.966286719
0.963632524
0.960809529
0.957803011
0.95459497
0.951167881
0.947508097
0.943596005
0.939411521
0.934937119
0.930152953
0.925032675
0.919545412
0.913660526
0.907342792
0.900552571
0.893248439
0.885382533
0.876905859
0.867765844
0.857894421
0.847210646
0.835612118
0.822973311
0.809141695
0.793940902
0.777171791
0.758598804
0.737966299
0.715018511
0.689494073
0.661158025
0.629837394
0.595418155
0.557883561
0.51735568
0.47412312
0.428938836
0.382004201
0.334113121
0.286327183
0.239907399
0.196122244
0.15637964
0.121407881
0.091697164
0.067310855
0.997333348
0.997112811
0.996856511
0.996574104
0.996275902
0.995968044
0.995651126
0.995321751
0.994974256
0.994602382
0.994200587
0.993764818
0.993292809
0.992783666
0.992236853
0.99165082
0.99102205
0.990344465
0.989610016
0.988809705
0.987935245
0.986979425
0.985936224
0.98480022
0.983565331
0.982224286
0.980768502
0.979137003
0.97736764
0.975458145
0.97340548
0.971207261
0.968862414
0.966367185
0.963715017
0.960896313
0.957894862
0.954693496
0.951272905
0.947615445
0.943707883
0.939530492
0.93506211
0.930283129
0.92517072
0.919694245
0.913818657
0.907509625
0.900728762
0.89343363
0.885579646
0.877114296
0.867981613
0.858118355
0.847441435
0.835850477
0.823219836
0.809397757
0.794203758
0.777434111
0.758865237
0.73824209
0.715298712
0.689783335
0.661456525
0.630128741
0.595700741
0.55816263
0.517633379
0.474400312
0.429206133
0.38225168
0.334346354
0.286545068
0.240108624
0.19636105
0.156457379
0.12147221
0.091749094
0.067351967
0.997333348
0.997112811
0.996856511
0.996574104
0.996275902
0.995968044
0.995651126
0.995321751
0.994974256
0.994602382
0.994200587
0.993764818
0.993292809
0.992783666
0.992236853
0.99165082
0.99102205
0.990344465
0.989610016
0.988809705
0.987935245
0.986979425
0.985936224
0.98480022
0.983565331
0.982224286
0.980768502
0.979189456
0.977427125
0.975521386
0.973472238
0.971278071
0.968936443
0.966444433
0.963795125
0.960978329
0.957981169
0.95478487
0.951371193
0.947720349
0.943814933
0.939641893
0.935180604
0.930407584
0.925300121
0.919831455
0.913966715
0.907666922
0.900894582
0.89360857
0.885763407
0.877310038
0.86818856
0.858332217
0.847663105
0.836078465
0.823454916
0.809640348
0.79445529
0.777691543
0.759120762
0.738500476
0.715565264
0.690052748
0.661733329
0.630412877
0.59597522
0.558425725
0.517890334
0.474653214
0.429455847
0.382488757
0.334561437
0.286743879
0.240290582
0.196525499
0.156651273
0.12153177
0.091797158
0.067389742
0.997333348
0.997112811
0.996856511
0.996574104
0.996275902
0.995968044
0.995651126
0.995321751
0.994974256
0.994602382
0.994200587
0.993764818
0.993292809
0.992783666
0.992236853
0.99165082
0.99102205
0.990344465
0.989610016
0.988809705
0.987935245
0.986979425
0.985936224
0.98480022
0.983565331
0.982224286
0.980768502
0.979189456
0.977479339
0.975580633
0.97353518
0.97134459
0.969007075
0.966518223
0.963872135
0.96105814
0.958062708
0.954870701
0.95146215
0.947818279
0.943919599
0.939748526
0.935291529
0.930525661
0.925424039
0.919960141
0.91410315
0.907814205
0.901050925
0.893773317
0.885937095
0.877492309
0.868382752
0.858537555
0.84787488
0.836297631
0.823679805
0.809871733
0.79469353
0.777938008
0.759372175
0.738748431
0.71581471
0.690309048
0.661990702
0.630675972
0.59624362
0.558681846
0.518132508
0.474886805
0.429683059
0.382710129
0.334767878
0.286926955
0.240456223
0.196673796
0.156782269
0.121684901
0.091841601
0.0674247
0.997333348
0.997112811
0.996856511
0.996574104
0.996275902
0.995968044
0.995651126
0.995321751
0.994974256
0.994602382
0.994200587
0.993764818
0.993292809
0.992783666
0.992236853
0.99165082
0.99102205
0.990344465
0.989610016
0.988809705
0.987935245
0.986979425
0.985936224
0.98480022
0.983565331
0.982224286
0.980768502
0.979189456
0.977479339
0.975632727
0.973594308
0.971407294
0.969073355
0.966588676
0.963945687
0.961134851
0.958142102
0.954951763
0.951547444
0.947908759
0.944017172
0.939852953
0.935397625
0.930635989
0.92554158
0.920083463
0.914231002
0.907949686
0.901197433
0.893928766
0.88610065
0.877664626
0.868563354
0.858730078
0.84807837
0.836507142
0.823896229
0.810093284
0.794920802
0.77817148
0.759613097
0.738993168
0.71605438
0.690548599
0.662235737
0.630920231
0.596491694
0.558933079
0.518369019
0.475106984
0.42989251
0.382910877
0.33496049
0.287102997
0.240608513
0.196808487
0.156900078
0.121786505
0.091959067
0.067456976
0.997333348
0.997112811
0.996856511
0.996574104
0.996275902
0.995968044
0.995651126
0.995321751
0.994974256
0.994602382
0.994200587
0.993764818
0.993292809
0.992783666
0.992236853
0.99165082
0.99102205
0.990344465
0.989610016
0.988809705
0.987935245
0.986979425
0.985936224
0.98480022
0.983565331
0.982224286
0.980768502
0.979189456
0.977479339
0.975632727
0.973646164
0.971466184
0.969135821
0.966654658
0.964015901
0.961208105
0.958218575
0.955030799
0.95162797
0.947993517
0.944107175
0.939950168
0.935501873
0.930741608
0.925651312
0.920200467
0.914353669
0.908076644
0.901331961
0.894074321
0.886255026
0.877826869
0.868734181
0.858908892
0.848269105
0.836708724
0.824103236
0.810306668
0.795138597
0.778394282
0.759841144
0.739227831
0.716291606
0.69077903
0.66246444
0.631152809
0.59672159
0.559164882
0.518601775
0.475322694
0.43008998
0.383095622
0.335134596
0.287267178
0.240755275
0.196932092
0.157006815
0.121877648
0.092035748
0.067544356
0.997333348
0.997112811
0.996856511
0.996574104
0.996275902
0.995968044
0.995651126
0.995321751
0.994974256
0.994602382
0.994200587
0.993764818
0.993292809
0.992783666
0.992236853
0.99165082
0.99102205
0.990344465
0.989610016
0.988809705
0.987935245
0.986979425
0.985936224
0.98480022
0.983565331
0.982224286
0.980768502
0.979189456
0.977479339
0.975632727
0.973646164
0.971517861
0.969194472
0.966716886
0.964081585
0.961278081
0.95829159
0.955106974
0.951706588
0.948073447
0.944191337
0.940039635
0.935598731
0.930845618
0.925756454
0.920309544
0.914470077
0.908198655
0.901457965
0.894207776
0.886399627
0.877980113
0.868895054
0.859078109
0.848446012
0.836897433
0.824302614
0.810510874
0.795348644
0.778607905
0.760058999
0.739449918
0.716519296
0.691007972
0.662684679
0.63136965
0.596940637
0.55937928
0.518816054
0.47553581
0.430284083
0.383269727
0.335294425
0.287414998
0.240892053
0.19705148
0.157104596
0.121960029
0.092104368
0.067600615
0.997333348
0.997112811
0.996856511
0.996574104
0.996275902
0.995968044
0.995651126
0.995321751
0.994974256
0.994602382
0.994200587
0.993764818
0.993292809
0.992783666
0.992236853
0.99165082
0.99102205
0.990344465
0.989610016
0.988809705
0.987935245
0.986979425
0.985936224
0.98480022
0.983565331
0.982224286
0.980768502
0.979189456
0.977479339
0.975632727
0.973646164
0.971517861
0.96924597
0.966775298
0.964143574
0.961343527
0.958361268
0.955179632
0.951782405
0.948151708
0.94427067
0.9401232
0.935687602
0.930942059
0.925860167
0.92041415
0.914578497
0.908314466
0.901579201
0.894332707
0.886531949
0.878123641
0.869047105
0.859237492
0.848613441
0.837072253
0.824489117
0.810707748
0.79554975
0.778814137
0.760267973
0.73966217
0.716734767
0.691227853
0.662904382
0.631578684
0.597144485
0.559583664
0.519013822
0.475731492
0.430476665
0.383441627
0.335445106
0.28755039
0.241014704
0.197162673
0.157199278
0.122035377
0.09216626
0.067650855
0.997333348
0.997112811
0.996856511
0.996574104
0.996275902
0.995968044
0.995651126
0.995321751
0.994974256
0.994602382
0.994200587
0.993764818
0.993292809
0.992783666
0.992236853
0.99165082
0.99102205
0.990344465
0.989610016
0.988809705
0.987935245
0.986979425
0.985936224
0.98480022
0.983565331
0.982224286
0.980768502
0.979189456
0.977479339
0.975632727
0.973646164
0.971517861
0.96924597
0.966826558
0.964201748
0.961405158
0.958426416
0.955249071
0.951854765
0.948227108
0.944348395
0.940201819
0.935770452
0.931030333
0.925956249
0.920517623
0.914682508
0.908422112
0.901694298
0.894453168
0.886655807
0.878254771
0.869189441
0.859388173
0.848771155
0.837237716
0.824661613
0.810891807
0.795743942
0.779011786
0.760469973
0.739865959
0.716940761
0.691435933
0.663115621
0.631788135
0.597341359
0.559773505
0.519202471
0.475911736
0.430653036
0.383612901
0.335594475
0.287678003
0.241126746
0.197261974
0.157287374
0.122108489
0.09222278
0.067696087
0.997333348
0.997112811
0.996856511
0.996574104
0.996275902
0.995968044
0.995651126
0.995321751
0.994974256
0.994602382
0.994200587
0.993764818
0.993292809
0.992783666
0.992236853
0.99165082
0.99102205
0.990344465
0.989610016
0.988809705
0.987935245
0.986979425
0.985936224
0.98480022
0.983565331
0.982224286
0.980768502
0.979189456
0.977479339
0.975632727
0.973646164
0.971517861
0.96924597
0.966826558
0.96425277
0.961463094
0.958487749
0.955313861
0.951923907
0.94829911
0.944423437
0.940279067
0.935848355
0.931112468
0.926043808
0.92061317
0.914785683
0.908525527
0.901801229
0.894567609
0.886775434
0.878377438
0.86931926
0.859529316
0.848920405
0.837393641
0.824824929
0.81106174
0.7959252
0.779202878
0.760663748
0.74006325
0.717138708
0.691634893
0.663315356
0.631989717
0.597539485
0.559957206
0.51937741
0.476083755
0.430815071
0.383769333
0.335744083
0.28780514
0.241232365
0.197352409
0.15736571
0.122176476
0.092277735
0.067737333
0.997333348
0.997112811
0.996856511
0.996574104
0.996275902
0.995968044
0.995651126
0.995321751
0.994974256
0.994602382
0.994200587
0.993764818
0.993292809
0.992783666
0.992236853
0.99165082
0.99102205
0.990344465
0.989610016
0.988809705
0.987935245
0.986979425
0.985936224
0.98480022
0.983565331
0.982224286
0.980768502
0.979189456
0.977479339
0.975632727
0.973646164
0.971517861
0.96924597
0.966826558
0.96425277
0.961513817
0.958545387
0.955374837
0.951988339
0.948367953
0.944495082
0.940353692
0.935925066
0.931189597
0.926125169
0.920700014
0.914880753
0.908628345
0.901903927
0.894673645
0.88688904
0.87849611
0.869440615
0.859657645
0.849060178
0.837541282
0.824978888
0.811222732
0.796092331
0.779381096
0.760851324
0.740252614
0.717330694
0.691826344
0.663506567
0.632180333
0.597730458
0.560142994
0.519546926
0.47624293
0.430969834
0.383912623
0.33588025
0.287933141
0.241338104
0.197437674
0.157436877
0.122236684
0.092328802
0.067777507
0.997333348
0.997112811
0.996856511
0.996574104
0.996275902
0.995968044
0.995651126
0.995321751
0.994974256
0.994602382
0.994200587
0.993764818
0.993292809
0.992783666
0.992236853
0.99165082
0.99102205
0.990344465
0.989610016
0.988809705
0.987935245
0.986979425
0.985936224
0.98480022
0.983565331
0.982224286
0.980768502
0.979189456
0.977479339
0.975632727
0.973646164
0.971517861
0.96924597
0.966826558
0.96425277
0.961513817
0.958595872
0.955432236
0.952049017
0.948432028
0.944563568
0.940424919
0.935999215
0.931265712
0.926201463
0.92078054
0.914966822
0.908722878
0.902006447
0.894775629
0.886994183
0.878608882
0.869558334
0.859777629
0.849186957
0.837679505
0.825124741
0.811374545
0.796250701
0.779545128
0.761026144
0.740436256
0.717515111
0.69201231
0.663690746
0.632362843
0.597910941
0.560322285
0.519719422
0.476397485
0.431112707
0.384049594
0.336004645
0.288049281
0.241445199
0.197523519
0.157503963
0.122291222
0.092373848
0.06781482
0.997333348
0.997112811
0.996856511
0.996574104
0.996275902
0.995968044
0.995651126
0.995321751
0.994974256
0.994602382
0.994200587
0.993764818
0.993292809
0.992783666
0.992236853
0.99165082
0.99102205
0.990344465
0.989610016
0.988809705
0.987935245
0.986979425
0.985936224
0.98480022
0.983565331
0.982224286
0.980768502
0.979189456
0.977479339
0.975632727
0.973646164
0.971517861
0.96924597
0.966826558
0.96425277
0.961513817
0.958595872
0.955482423
0.952106059
0.948492289
0.944627225
0.940493047
0.936070085
0.931339383
0.926276922
0.920855939
0.915046453
0.908808112
0.902100384
0.894877791
0.887095332
0.878713071
0.869670212
0.859894216
0.849305451
0.837804615
0.825261354
0.811518431
0.79640007
0.779700577
0.7611866
0.740607142
0.717694223
0.692191124
0.663869917
0.632538855
0.598083913
0.560491681
0.519886017
0.476555675
0.431251734
0.384175718
0.336123616
0.288155019
0.241542011
0.197610945
0.157571867
0.122342631
0.09241455
0.067847624
0.997333348
0.997112811
0.996856511
0.996574104
0.996275902
0.995968044
0.995651126
0.995321751
0.994974256
0.994602382
0.994200587
0.993764818
0.993292809
0.992783666
0.992236853
0.99165082
0.99102205
0.990344465
0.989610016
0.988809705
0.987935245
0.986979425
0.985936224
0.98480022
0.983565331
0.982224286
0.980768502
0.979189456
0.977479339
0.975632727
0.973646164
0.971517861
0.96924597
0.966826558
0.96425277
0.961513817
0.958595872
0.955482423
0.952155888
0.948548973
0.944687068
0.940556288
0.936137795
0.931409776
0.926350057
0.920930743
0.91512084
0.90888679
0.902184725
0.894971132
0.887197137
0.878813386
0.869773269
0.86000514
0.849420846
0.8379215
0.825384617
0.811653197
0.79654181
0.779847205
0.76133883
0.740763724
0.717860699
0.69236517
0.664042473
0.632710516
0.598250926
0.560654163
0.520043433
0.47670877
0.431394994
0.384298742
0.336232901
0.288256228
0.241629824
0.197689697
0.157641441
0.122394957
0.092452928
0.067877196
0.997333348
0.997112811
0.996856511
0.996574104
0.996275902
0.995968044
0.995651126
0.995321751
0.994974256
0.994602382
0.994200587
0.993764818
0.993292809
0.992783666
0.992236853
0.99165082
0.99102205
0.990344465
0.989610016
0.988809705
0.987935245
0.986979425
0.985936224
0.98480022
0.983565331
0.982224286
0.980768502
0.979189456
0.977479339
0.975632727
0.973646164
0.971517861
0.96924597
0.966826558
0.96425277
0.961513817
0.958595872
0.955482423
0.952155888
0.948598504
0.944743395
0.940615654
0.936200559
0.93147707
0.926419973
0.921003342
0.915194988
0.908960164
0.90226233
0.895054519
0.887289822
0.878914714
0.869872689
0.860107064
0.849530637
0.838035583
0.825499713
0.811774433
0.79667449
0.77998656
0.761482477
0.740912318
0.718012869
0.692526639
0.664210677
0.632875919
0.598414123
0.560811222
0.52019453
0.476853311
0.431533873
0.384426475
0.336339742
0.288348913
0.241713971
0.197760865
0.157703876
0.122448877
0.092492171
0.067905076
0.997333348
0.997112811
0.996856511
0.996574104
0.996275902
0.995968044
0.995651126
0.995321751
0.994974256
0.994602382
0.994200587
0.993764818
0.993292809
0.992783666
0.992236853
0.99165082
0.99102205
0.990344465
0.989610016
0.988809705
0.987935245
0.986979425
0.985936224
0.98480022
0.983565331
0.982224286
0.980768502
0.979189456
0.977479339
0.975632727
0.973646164
0.971517861
0.96924597
0.966826558
0.96425277
0.961513817
0.958595872
0.955482423
0.952155888
0.948598504
0.944792569
0.940671623
0.936259449
0.931539297
0.92648685
0.921072721
0.915266931
0.909033477
0.902334571
0.895130992
0.887372136
0.879006684
0.86997354
0.860205412
0.84963131
0.838144183
0.825612366
0.811887562
0.79679352
0.780116975
0.761619031
0.741052508
0.718157351
0.692673862
0.664366543
0.633037567
0.598571599
0.560965121
0.5203408
0.47699216
0.431664914
0.384550512
0.33645159
0.28843978
0.241790757
0.197829127
0.157760099
0.122497089
0.092532828
0.067933716
0.997333348
0.997112811
0.996856511
0.996574104
0.996275902
0.995968044
0.995651126
0.995321751
0.994974256
0.994602382
0.994200587
0.993764818
0.993292809
0.992783666
0.992236853
0.99165082
0.99102205
0.990344465
0.989610016
0.988809705
0.987935245
0.986979425
0.985936224
0.98480022
0.983565331
0.982224286
0.980768502
0.979189456
0.977479339
0.975632727
0.973646164
0.971517861
0.96924597
0.966826558
0.96425277
0.961513817
0.958595872
0.955482423
0.952155888
0.948598504
0.944792569
0.940720379
0.936315
0.93159771
0.926548541
0.921139121
0.915335715
0.909104824
0.90240711
0.895202041
0.887447417
0.879087925
0.870064795
0.860305786
0.849728644
0.838243544
0.825719655
0.811998665
0.796904564
0.780233502
0.761746883
0.741185963
0.718293726
0.692813754
0.664508224
0.633187115
0.598725855
0.561113775
0.520484507
0.477126867
0.431790948
0.384667516
0.336560428
0.288535774
0.24186632
0.197891206
0.157814071
0.122540332
0.092569068
0.067963518
0.997333348
0.997112811
0.996856511
0.996574104
0.996275902
0.995968044
0.995651126
0.995321751
0.994974256
0.994602382
0.994200587
0.993764818
0.993292809
0.992783666
0.992236853
0.99165082
0.99102205
0.990344465
0.989610016
0.988809705
0.987935245
0.986979425
0.985936224
0.98480022
0.983565331
0.982224286
0.980768502
0.979189456
0.977479339
0.975632727
0.973646164
0.971517861
0.96924597
0.966826558
0.96425277
0.961513817
0.958595872
0.955482423
0.952155888
0.948598504
0.944792569
0.940720379
0.936363339
0.931652784
0.926606417
0.921200216
0.915401638
0.909173012
0.902477682
0.895273626
0.887517154
0.879161894
0.870144784
0.860396206
0.849828362
0.838339627
0.825817525
0.812104523
0.797013819
0.780342162
0.761860728
0.741310954
0.718423724
0.692945838
0.66464293
0.633322597
0.598868251
0.561259806
0.520623505
0.477259487
0.431913435
0.384780139
0.336663008
0.288629353
0.241946846
0.197952494
0.157862991
0.122581899
0.092601463
0.067990012
0.997333348
0.997112811
0.996856511
0.996574104
0.996275902
0.995968044
0.995651126
0.995321751
0.994974256
0.994602382
0.994200587
0.993764818
0.993292809
0.992783666
0.992236853
0.99165082
0.99102205
0.990344465
0.989610016
0.988809705
0.987935245
0.986979425
0.985936224
0.98480022
0.983565331
0.982224286
0.980768502
0.979189456
0.977479339
0.975632727
0.973646164
0.971517861
0.96924597
0.966826558
0.96425277
0.961513817
0.958595872
0.955482423
0.952155888
0.948598504
0.944792569
0.940720379
0.936363339
0.931700706
0.926660955
0.921257436
0.915462077
0.909238338
0.902545273
0.895343482
0.887587786
0.879230201
0.870217323
0.860474885
0.849917889
0.838438749
0.825912297
0.812200725
0.797118068
0.78044951
0.761966765
0.741421759
0.718545437
0.693071902
0.664770186
0.633451521
0.598996937
0.561394334
0.520760417
0.477388024
0.432034373
0.384889811
0.336761892
0.288717508
0.242025524
0.198018447
0.157911435
0.12261945
0.092632629
0.068013623
0.997333348
0.997112811
0.996856511
0.996574104
0.996275902
0.995968044
0.995651126
0.995321751
0.994974256
0.994602382
0.994200587
0.993764818
0.993292809
0.992783666
0.992236853
0.99165082
0.99102205
0.990344465
0.989610016
0.988809705
0.987935245
0.986979425
0.985936224
0.98480022
0.983565331
0.982224286
0.980768502
0.979189456
0.977479339
0.975632727
0.973646164
0.971517861
0.96924597
0.966826558
0.96425277
0.961513817
0.958595872
0.955482423
0.952155888
0.948598504
0.944792569
0.940720379
0.936363339
0.931700706
0.9267084
0.921311498
0.915518701
0.909298122
0.902610004
0.895410299
0.887656808
0.87929976
0.8702842
0.860545993
0.849995196
0.838527203
0.826010644
0.812294126
0.797212541
0.78055191
0.762071848
0.741524875
0.718652844
0.693189859
0.664891779
0.633573353
0.599119425
0.56151545
0.520886242
0.477514952
0.432151794
0.384998441
0.336858362
0.288802594
0.242099613
0.198083028
0.157964081
0.122656748
0.092660688
0.068036355
0.997333348
0.997112811
0.996856511
0.996574104
0.996275902
0.995968044
0.995651126
0.995321751
0.994974256
0.994602382
0.994200587
0.993764818
0.993292809
0.992783666
0.992236853
0.99165082
0.99102205
0.990344465
0.989610016
0.988809705
0.987935245
0.986979425
0.985936224
0.98480022
0.983565331
0.982224286
0.980768502
0.979189456
0.977479339
0.975632727
0.973646164
0.971517861
0.96924597
0.966826558
0.96425277
0.961513817
0.958595872
0.955482423
0.952155888
0.948598504
0.944792569
0.940720379
0.936363339
0.931700706
0.9267084
0.921358407
0.915572166
0.909354031
0.902669072
0.895474434
0.887722909
0.879367948
0.870352626
0.86061126
0.850064695
0.838603079
0.826098025
0.812391579
0.797304332
0.780644357
0.762172282
0.741627514
0.718752742
0.693293512
0.665005565
0.63368994
0.599235177
0.561630845
0.520999134
0.47763142
0.432268083
0.38510409
0.336954266
0.288885772
0.242171198
0.19814378
0.158015743
0.122697666
0.09268865
0.068056762
0.997333348
0.997112811
0.996856511
0.996574104
0.996275902
0.995968044
0.995651126
0.995321751
0.994974256
0.994602382
0.994200587
0.993764818
0.993292809
0.992783666
0.992236853
0.99165082
0.99102205
0.990344465
0.989610016
0.988809705
0.987935245
0.986979425
0.985936224
0.98480022
0.983565331
0.982224286
0.980768502
0.979189456
0.977479339
0.975632727
0.973646164
0.971517861
0.96924597
0.966826558
0.96425277
0.961513817
0.958595872
0.955482423
0.952155888
0.948598504
0.944792569
0.940720379
0.936363339
0.931700706
0.9267084
0.921358407
0.915618539
0.9094069
0.902724206
0.895532668
0.887786329
0.879433274
0.870419919
0.860678494
0.850128293
0.83867085
0.826172292
0.812477708
0.797400773
0.78073442
0.762262523
0.741725624
0.71885258
0.693389833
0.665105045
0.633799076
0.59934622
0.561739981
0.52110678
0.4777354
0.432374537
0.385209084
0.337047726
0.288968772
0.242241353
0.19820258
0.158064321
0.122737899
0.092719585
0.068077154
0.997333348
0.997112811
0.996856511
0.996574104
0.996275902
0.995968044
0.995651126
0.995321751
0.994974256
0.994602382
0.994200587
0.993764818
0.993292809
0.992783666
0.992236853
0.99165082
0.99102205
0.990344465
0.989610016
0.988809705
0.987935245
0.986979425
0.985936224
0.98480022
0.983565331
0.982224286
0.980768502
0.979189456
0.977479339
0.975632727
0.973646164
0.971517861
0.96924597
0.966826558
0.96425277
0.961513817
0.958595872
0.955482423
0.952155888
0.948598504
0.944792569
0.940720379
0.936363339
0.931700706
0.9267084
0.921358407
0.915618539
0.909452677
0.90277642
0.895587027
0.887843728
0.879495919
0.870484293
0.860744774
0.850194275
0.8387326
0.826238275
0.812550247
0.79748553
0.780829728
0.762350619
0.741813481
0.718948126
0.693486571
0.665197313
0.633893907
0.599450111
0.561844766
0.521208644
0.477834642
0.432469159
0.385304958
0.337140888
0.289049804
0.242311627
0.198260337
0.158111393
0.122775711
0.092750065
0.068099894
0.997333348
0.997112811
0.996856511
0.996574104
0.996275902
0.995968044
0.995651126
0.995321751
0.994974256
0.994602382
0.994200587
0.993764818
0.993292809
0.992783666
0.992236853
0.99165082
0.99102205
0.990344465
0.989610016
0.988809705
0.987935245
0.986979425
0.985936224
0.98480022
0.983565331
0.982224286
0.980768502
0.979189456
0.977479339
0.975632727
0.973646164
0.971517861
0.96924597
0.966826558
0.96425277
0.961513817
0.958595872
0.955482423
0.952155888
0.948598504
0.944792569
0.940720379
0.936363339
0.931700706
0.9267084
0.921358407
0.915618539
0.909452677
0.902821541
0.895638585
0.887897253
0.879552424
0.870546222
0.860808253
0.850259423
0.838797271
0.826298118
0.812614262
0.797556221
0.780912995
0.762444556
0.741899312
0.719033241
0.693579137
0.665290534
0.633981764
0.599539816
0.561942875
0.521306634
0.477928638
0.43255958
0.385389775
0.337225735
0.289130896
0.242380351
0.198318407
0.158157736
0.122812398
0.09277869
0.06812232
0.997333348
0.997112811
0.996856511
0.996574104
0.996275902
0.995968044
0.995651126
0.995321751
0.994974256
0.994602382
0.994200587
0.993764818
0.993292809
0.992783666
0.992236853
0.99165082
0.99102205
0.990344465
0.989610016
0.988809705
0.987935245
0.986979425
0.985936224
0.98480022
0.983565331
0.982224286
0.980768502
0.979189456
0.977479339
0.975632727
0.973646164
0.971517861
0.96924597
0.966826558
0.96425277
0.961513817
0.958595872
0.955482423
0.952155888
0.948598504
0.944792569
0.940720379
0.936363339
0.931700706
0.9267084
0.921358407
0.915618539
0.909452677
0.902821541
0.895682991
0.887948036
0.879604995
0.870601714
0.860869288
0.850321889
0.838861287
0.826361299
0.812672079
0.797618151
0.7809816
0.762526155
0.741991699
0.719116688
0.693661273
0.665379882
0.634071052
0.599622846
0.562026978
0.521398306
0.478019267
0.432645261
0.385470897
0.33730042
0.289204538
0.242449403
0.198375314
0.158204496
0.122848593
0.092806496
0.068143383
0.997333348
0.997112811
0.996856511
0.996574104
0.996275902
0.995968044
0.995651126
0.995321751
0.994974256
0.994602382
0.994200587
0.993764818
0.993292809
0.992783666
0.992236853
0.99165082
0.99102205
0.990344465
0.989610016
0.988809705
0.987935245
0.986979425
0.985936224
0.98480022
0.983565331
0.982224286
0.980768502
0.979189456
0.977479339
0.975632727
0.973646164
0.971517861
0.96924597
0.966826558
0.96425277
0.961513817
0.958595872
0.955482423
0.952155888
0.948598504
0.944792569
0.940720379
0.936363339
0.931700706
0.9267084
0.921358407
0.915618539
0.909452677
0.902821541
0.895682991
0.887991667
0.879654944
0.870653331
0.860923767
0.85038203
0.83892262
0.826424003
0.81273365
0.797673762
0.781041324
0.762592554
0.74207139
0.719207227
0.693741918
0.66545862
0.634156644
0.599707723
0.562104762
0.521476388
0.478104055
0.432728022
0.385547817
0.337371945
0.289269
0.242511928
0.198432714
0.158250421
0.12288525
0.092833988
0.068163857
0.997333348
0.997112811
0.996856511
0.996574104
0.996275902
0.995968044
0.995651126
0.995321751
0.994974256
0.994602382
0.994200587
0.993764818
0.993292809
0.992783666
0.992236853
0.99165082
0.99102205
0.990344465
0.989610016
0.988809705
0.987935245
0.986979425
0.985936224
0.98480022
0.983565331
0.982224286
0.980768502
0.979189456
0.977479339
0.975632727
0.973646164
0.971517861
0.96924597
0.966826558
0.96425277
0.961513817
0.958595872
0.955482423
0.952155888
0.948598504
0.944792569
0.940720379
0.936363339
0.931700706
0.9267084
0.921358407
0.915618539
0.909452677
0.902821541
0.895682991
0.887991667
0.879697859
0.870702386
0.860974312
0.850435376
0.838981748
0.826484263
0.812795043
0.797733665
0.781094611
0.762649834
0.742135406
0.719284773
0.693830371
0.665536225
0.634231746
0.599789202
0.562184751
0.52154845
0.47817567
0.432805479
0.385622323
0.337439805
0.28933081
0.242566362
0.198484525
0.158296898
0.122921303
0.092861913
0.068184137
0.997333348
0.997112811
0.996856511
0.996574104
0.996275902
0.995968044
0.995651126
0.995321751
0.994974256
0.994602382
0.994200587
0.993764818
0.993292809
0.992783666
0.992236853
0.99165082
0.99102205
0.990344465
0.989610016
0.988809705
0.987935245
0.986979425
0.985936224
0.98480022
0.983565331
0.982224286
0.980768502
0.979189456
0.977479339
0.975632727
0.973646164
0.971517861
0.96924597
0.966826558
0.96425277
0.961513817
0.958595872
0.955482423
0.952155888
0.948598504
0.944792569
0.940720379
0.936363339
0.931700706
0.9267084
0.921358407
0.915618539
0.909452677
0.902821541
0.895682991
0.887991667
0.879697859
0.870744407
0.861022413
0.850484788
0.839033961
0.826542318
0.812853992
0.797793567
0.781152606
0.762700558
0.742190003
0.719346106
0.693905473
0.665622175
0.634305894
0.599860191
0.562261641
0.521623194
0.478241682
0.432870328
0.385692
0.337505698
0.289389521
0.24261862
0.198529392
0.15833874
0.122957923
0.092889428
0.06820479
0.997333348
0.997112811
0.996856511
0.996574104
0.996275902
0.995968044
0.995651126
0.995321751
0.994974256
0.994602382
0.994200587
0.993764818
0.993292809
0.992783666
0.992236853
0.99165082
0.99102205
0.990344465
0.989610016
0.988809705
0.987935245
0.986979425
0.985936224
0.98480022
0.983565331
0.982224286
0.980768502
0.979189456
0.977479339
0.975632727
0.973646164
0.971517861
0.96924597
0.966826558
0.96425277
0.961513817
0.958595872
0.955482423
0.952155888
0.948598504
0.944792569
0.940720379
0.936363339
0.931700706
0.9267084
0.921358407
0.915618539
0.909452677
0.902821541
0.895682991
0.887991667
0.879697859
0.870744407
0.86106354
0.850531936
0.839082181
0.82659322
0.812910914
0.797851145
0.781210899
0.762756526
0.742238045
0.719397902
0.693963945
0.665694594
0.634388983
0.599930525
0.562328219
0.521695077
0.478310615
0.432929993
0.385749817
0.337567329
0.289446652
0.242668271
0.198572516
0.158374771
0.122990809
0.092917457
0.068225175
0.997333348
0.997112811
0.996856511
0.996574104
0.996275902
0.995968044
0.995651126
0.995321751
0.994974256
0.994602382
0.994200587
0.993764818
0.993292809
0.992783666
0.992236853
0.99165082
0.99102205
0.990344465
0.989610016
0.988809705
0.987935245
0.986979425
0.985936224
0.98480022
0.983565331
0.982224286
0.980768502
0.979189456
0.977479339
0.975632727
0.973646164
0.971517861
0.96924597
0.966826558
0.96425277
0.961513817
0.958595872
0.955482423
0.952155888
0.948598504
0.944792569
0.940720379
0.936363339
0.931700706
0.9267084
0.921358407
0.915618539
0.909452677
0.902821541
0.895682991
0.887991667
0.879697859
0.870744407
0.86106354
0.85057205
0.839128256
0.826640129
0.812960386
0.797906756
0.781266928
0.762813091
0.742291808
0.719443023
0.694012702
0.665749907
0.634458363
0.600010395
0.562394381
0.521756768
0.478377044
0.432992876
0.385802895
0.337617964
0.289500087
0.242716745
0.198613524
0.158409461
0.12301898
0.092942573
0.068245992
0.997333348
0.997112811
0.996856511
0.996574104
0.996275902
0.995968044
0.995651126
0.995321751
0.994974256
0.994602382
0.994200587
0.993764818
0.993292809
0.992783666
0.992236853
0.99165082
0.99102205
0.990344465
0.989610016
0.988809705
0.987935245
0.986979425
0.985936224
0.98480022
0.983565331
0.982224286
0.980768502
0.979189456
0.977479339
0.975632727
0.973646164
0.971517861
0.96924597
0.966826558
0.96425277
0.961513817
0.958595872
0.955482423
0.952155888
0.948598504
0.944792569
0.940720379
0.936363339
0.931700706
0.9267084
0.921358407
0.915618539
0.909452677
0.902821541
0.895682991
0.887991667
0.879697859
0.870744407
0.86106354
0.85057205
0.839167356
0.826685071
0.813005984
0.797954798
0.781321168
0.76286751
0.742346406
0.719494402
0.694054663
0.665795386
0.634510279
0.600076318
0.562470436
0.521818399
0.478433639
0.433053523
0.38585937
0.337664366
0.289543539
0.242762074
0.198653668
0.158442467
0.123046137
0.092963994
0.068264604
0.997333348
0.997112811
0.996856511
0.996574104
0.996275902
0.995968044
0.995651126
0.995321751
0.994974256
0.994602382
0.994200587
0.993764818
0.993292809
0.992783666
0.992236853
0.99165082
0.99102205
0.990344465
0.989610016
0.988809705
0.987935245
0.986979425
0.985936224
0.98480022
0.983565331
0.982224286
0.980768502
0.979189456
0.977479339
0.975632727
0.973646164
0.971517861
0.96924597
0.966826558
0.96425277
0.961513817
0.958595872
0.955482423
0.952155888
0.948598504
0.944792569
0.940720379
0.936363339
0.931700706
0.9267084
0.921358407
0.915618539
0.909452677
0.902821541
0.895682991
0.887991667
0.879697859
0.870744407
0.86106354
0.85057205
0.839167356
0.826723039
0.813049674
0.797998846
0.7813676
0.762920201
0.742399037
0.719546914
0.694103479
0.665834069
0.63455224
0.600124657
0.562532604
0.521890223
0.478490353
0.433104724
0.385913938
0.337714195
0.289583236
0.242798522
0.198691189
0.158474863
0.123071991
0.092984654
0.068280414
0.997333348
0.997112811
0.996856511
0.996574104
0.996275902
0.995968044
0.995651126
0.995321751
0.994974256
0.994602382
0.994200587
0.993764818
0.993292809
0.992783666
0.992236853
0.99165082
0.99102205
0.990344465
0.989610016
0.988809705
0.987935245
0.986979425
0.985936224
0.98480022
0.983565331
0.982224286
0.980768502
0.979189456
0.977479339
0.975632727
0.973646164
0.971517861
0.96924597
0.966826558
0.96425277
0.961513817
0.958595872
0.955482423
0.952155888
0.948598504
0.944792569
0.940720379
0.936363339
0.931700706
0.9267084
0.921358407
0.915618539
0.909452677
0.902821541
0.895682991
0.887991667
0.879697859
0.870744407
0.86106354
0.85057205
0.839167356
0.826723039
0.81308645
0.798041224
0.781410098
0.762964845
0.742450058
0.719597518
0.694153666
0.665880024
0.634587467
0.600162923
0.562577128
0.521948278
0.478557497
0.433156282
0.385959566
0.337762445
0.28962636
0.242831752
0.198721036
0.158505142
0.123097435
0.093004346
0.06829568
0.997333348
0.997112811
0.996856511
0.996574104
0.996275902
0.995968044
0.995651126
0.995321751
0.994974256
0.994602382
0.994200587
0.993764818
0.993292809
0.992783666
0.992236853
0.99165082
0.99102205
0.990344465
0.989610016
0.988809705
0.987935245
0.986979425
0.985936224
0.98480022
0.983565331
0.982224286
0.980768502
0.979189456
0.977479339
0.975632727
0.973646164
0.971517861
0.96924597
0.966826558
0.96425277
0.961513817
0.958595872
0.955482423
0.952155888
0.948598504
0.944792569
0.940720379
0.936363339
0.931700706
0.9267084
0.921358407
0.915618539
0.909452677
0.902821541
0.895682991
0.887991667
0.879697859
0.870744407
0.86106354
0.85057205
0.839167356
0.826723039
0.81308645
0.798076749
0.781451046
0.763005614
0.742492855
0.719646633
0.694202065
0.665927708
0.634630442
0.600194514
0.56261158
0.52198875
0.478611082
0.43321833
0.3860057
0.337802351
0.289668173
0.242868245
0.198748201
0.158528969
0.123121209
0.093023762
0.068310238
0.997333348
0.997112811
0.996856511
0.996574104
0.996275902
0.995968044
0.995651126
0.995321751
0.994974256
0.994602382
0.994200587
0.993764818
0.993292809
0.992783666
0.992236853
0.99165082
0.99102205
0.990344465
0.989610016
0.988809705
0.987935245
0.986979425
0.985936224
0.98480022
0.983565331
0.982224286
0.980768502
0.979189456
0.977479339
0.975632727
0.973646164
0.971517861
0.96924597
0.966826558
0.96425277
0.961513817
0.958595872
0.955482423
0.952155888
0.948598504
0.944792569
0.940720379
0.936363339
0.931700706
0.9267084
0.921358407
0.915618539
0.909452677
0.902821541
0.895682991
0.887991667
0.879697859
0.870744407
0.86106354
0.85057205
0.839167356
0.826723039
0.81308645
0.798076749
0.7814852
0.763045013
0.742531717
0.719687402
0.694249213
0.665973723
0.634675324
0.60023427
0.562639415
0.522019267
0.478647351
0.433267206
0.386062205
0.337842941
0.289702415
0.242903709
0.198778346
0.15855059
0.123139724
0.093041904
0.068324625
0.997333348
0.997112811
0.996856511
0.996574104
0.996275902
0.995968044
0.995651126
0.995321751
0.994974256
0.994602382
0.994200587
0.993764818
0.993292809
0.992783666
0.992236853
0.99165082
0.99102205
0.990344465
0.989610016
0.988809705
0.987935245
0.986979425
0.985936224
0.98480022
0.983565331
0.982224286
0.980768502
0.979189456
0.977479339
0.975632727
0.973646164
0.971517861
0.96924597
0.966826558
0.96425277
0.961513817
0.958595872
0.955482423
0.952155888
0.948598504
0.944792569
0.940720379
0.936363339
0.931700706
0.9267084
0.921358407
0.915618539
0.909452677
0.902821541
0.895682991
0.887991667
0.879697859
0.870744407
0.86106354
0.85057205
0.839167356
0.826723039
0.81308645
0.798076749
0.7814852
0.763077676
0.742569447
0.719724298
0.694287717
0.666018605
0.634718776
0.600276232
0.562675774
0.522043288
0.478673905
0.433299184
0.386106104
0.337893516
0.289737403
0.242932394
0.198807701
0.158574864
0.123156488
0.093055904
0.068338059
0.997333348
0.997112811
0.996856511
0.996574104
0.996275902
0.995968044
0.995651126
0.995321751
0.994974256
0.994602382
0.994200587
0.993764818
0.993292809
0.992783666
0.992236853
0.99165082
0.99102205
0.990344465
0.989610016
0.988809705
0.987935245
0.986979425
0.985936224
0.98480022
0.983565331
0.982224286
0.980768502
0.979189456
0.977479339
0.975632727
0.973646164
0.971517861
0.96924597
0.966826558
0.96425277
0.961513817
0.958595872
0.955482423
0.952155888
0.948598504
0.944792569
0.940720379
0.936363339
0.931700706
0.9267084
0.921358407
0.915618539
0.909452677
0.902821541
0.895682991
0.887991667
0.879697859
0.870744407
0.86106354
0.85057205
0.839167356
0.826723039
0.81308645
0.798076749
0.7814852
0.763077676
0.742600501
0.71976018
0.694322407
0.666054785
0.634761214
0.600316823
0.562714577
0.52207613
0.478694171
0.433321834
0.38613382
0.337932289
0.289781839
0.242961913
0.198831171
0.158598542
0.123175509
0.093068548
0.068348348
0.997333348
0.997112811
0.996856511
0.996574104
0.996275902
0.995968044
0.995651126
0.995321751
0.994974256
0.994602382
0.994200587
0.993764818
0.993292809
0.992783666
0.992236853
0.99165082
0.99102205
0.990344465
0.989610016
0.988809705
0.987935245
0.986979425
0.985936224
0.98480022
0.983565331
0.982224286
0.980768502
0.979189456
0.977479339
0.975632727
0.973646164
0.971517861
0.96924597
0.966826558
0.96425277
0.961513817
0.958595872
0.955482423
0.952155888
0.948598504
0.944792569
0.940720379
0.936363339
0.931700706
0.9267084
0.921358407
0.915618539
0.909452677
0.902821541
0.895682991
0.887991667
0.879697859
0.870744407
0.86106354
0.85057205
0.839167356
0.826723039
0.81308645
0.798076749
0.7814852
0.763077676
0.742600501
0.719789565
0.694356382
0.666087151
0.634794891
0.600356638
0.562752187
0.522111595
0.478723407
0.433338404
0.386152595
0.337955773
0.289815396
0.243000105
0.19885546
0.158617258
0.123194091
0.093083039
0.068357624
0.997333348
0.997112811
0.996856511
0.996574104
0.996275902
0.995968044
0.995651126
0.995321751
0.994974256
0.994602382
0.994200587
0.993764818
0.993292809
0.992783666
0.992236853
0.99165082
0.99102205
0.990344465
0.989610016
0.988809705
0.987935245
0.986979425
0.985936224
0.98480022
0.983565331
0.982224286
0.980768502
0.979189456
0.977479339
0.975632727
0.973646164
0.971517861
0.96924597
0.966826558
0.96425277
0.961513817
0.958595872
0.955482423
0.952155888
0.948598504
0.944792569
0.940720379
0.936363339
0.931700706
0.9267084
0.921358407
0.915618539
0.909452677
0.902821541
0.895682991
0.887991667
0.879697859
0.870744407
0.86106354
0.85057205
0.839167356
0.826723039
0.81308645
0.798076749
0.7814852
0.763077676
0.742600501
0.719789565
0.69438386
0.666119039
0.634824753
0.600387633
0.562789142
0.522146046
0.478755355
0.433363944
0.386165679
0.337970912
0.289834827
0.243028507
0.198887497
0.158636734
0.123208627
0.093097217
0.068368338
0.997333348
0.997112811
0.996856511
0.996574104
0.996275902
0.995968044
0.995651126
0.995321751
0.994974256
0.994602382
0.994200587
0.993764818
0.993292809
0.992783666
0.992236853
0.99165082
0.99102205
0.990344465
0.989610016
0.988809705
0.987935245
0.986979425
0.985936224
0.98480022
0.983565331
0.982224286
0.980768502
0.979189456
0.977479339
0.975632727
0.973646164
0.971517861
0.96924597
0.966826558
0.96425277
0.961513817
0.958595872
0.955482423
0.952155888
0.948598504
0.944792569
0.940720379
0.936363339
0.931700706
0.9267084
0.921358407
0.915618539
0.909452677
0.902821541
0.895682991
0.887991667
0.879697859
0.870744407
0.86106354
0.85057205
0.839167356
0.826723039
0.81308645
0.798076749
0.7814852
0.763077676
0.742600501
0.719789565
0.69438386
0.66614455
0.634854376
0.600414932
0.562817276
0.522180021
0.478786498
0.433392346
0.386187553
0.337980717
0.289846599
0.243044183
0.198910981
0.158662915
0.123223841
0.0931082
0.068378836
0.997333348
0.997112811
0.996856511
0.996574104
0.996275902
0.995968044
0.995651126
0.995321751
0.994974256
0.994602382
0.994200587
0.993764818
0.993292809
0.992783666
0.992236853
0.99165082
0.99102205
0.990344465
0.989610016
0.988809705
0.987935245
0.986979425
0.985936224
0.98480022
0.983565331
0.982224286
0.980768502
0.979189456
0.977479339
0.975632727
0.973646164
0.971517861
0.96924597
0.966826558
0.96425277
0.961513817
0.958595872
0.955482423
0.952155888
0.948598504
0.944792569
0.940720379
0.936363339
0.931700706
0.9267084
0.921358407
0.915618539
0.909452677
0.902821541
0.895682991
0.887991667
0.879697859
0.870744407
0.86106354
0.85057205
0.839167356
0.826723039
0.81308645
0.798076749
0.7814852
0.763077676
0.742600501
0.719789565
0.69438386
0.66614455
0.634877801
0.600442111
0.562841892
0.522205234
0.478817284
0.433420062
0.386212349
0.337999046
0.289853543
0.243052989
0.19892329
0.15868184
0.123244636
0.093119755
0.068386897
0.997333348
0.997112811
0.996856511
0.996574104
0.996275902
0.995968044
0.995651126
0.995321751
0.994974256
0.994602382
0.994200587
0.993764818
0.993292809
0.992783666
0.992236853
0.99165082
0.99102205
0.990344465
0.989610016
0.988809705
0.987935245
0.986979425
0.985936224
0.98480022
0.983565331
0.982224286
0.980768502
0.979189456
0.977479339
0.975632727
0.973646164
0.971517861
0.96924597
0.966826558
0.96425277
0.961513817
0.958595872
0.955482423
0.952155888
0.948598504
0.944792569
0.940720379
0.936363339
0.931700706
0.9267084
0.921358407
0.915618539
0.909452677
0.902821541
0.895682991
0.887991667
0.879697859
0.870744407
0.86106354
0.85057205
0.839167356
0.826723039
0.81308645
0.798076749
0.7814852
0.763077676
0.742600501
0.719789565
0.69438386
0.66614455
0.634877801
0.60046339
0.562866569
0.522226989
0.478839487
0.433447599
0.386236578
0.338020235
0.289868474
0.243057489
0.198929608
0.158691242
0.123259462
0.093135782
0.068395421
0.997333348
0.997112811
0.996856511
0.996574104
0.996275902
0.995968044
0.995651126
0.995321751
0.994974256
0.994602382
0.994200587
0.993764818
0.993292809
0.992783666
0.992236853
0.99165082
0.99102205
0.990344465
0.989610016
0.988809705
0.987935245
0.986979425
0.985936224
0.98480022
0.983565331
0.982224286
0.980768502
0.979189456
0.977479339
0.975632727
0.973646164
0.971517861
0.96924597
0.966826558
0.96425277
0.961513817
0.958595872
0.955482423
0.952155888
0.948598504
0.944792569
0.940720379
0.936363339
0.931700706
0.9267084
0.921358407
0.915618539
0.909452677
0.902821541
0.895682991
0.887991667
0.879697859
0.870744407
0.86106354
0.85057205
0.839167356
0.826723039
0.81308645
0.798076749
0.7814852
0.763077676
0.742600501
0.719789565
0.69438386
0.66614455
0.634877801
0.60046339
0.562885582
0.522249103
0.478858471
0.433466822
0.386260778
0.338041037
0.289886206
0.243069351
0.198932171
0.158695579
0.123266466
0.093147084
0.068407401
0.997333348
0.997112811
0.996856511
0.996574104
0.996275902
0.995968044
0.995651126
0.995321751
0.994974256
0.994602382
0.994200587
0.993764818
0.993292809
0.992783666
0.992236853
0.99165082
0.99102205
0.990344465
0.989610016
0.988809705
0.987935245
0.986979425
0.985936224
0.98480022
0.983565331
0.982224286
0.980768502
0.979189456
0.977479339
0.975632727
0.973646164
0.971517861
0.96924597
0.966826558
0.96425277
0.961513817
0.958595872
0.955482423
0.952155888
0.948598504
0.944792569
0.940720379
0.936363339
0.931700706
0.9267084
0.921358407
0.915618539
0.909452677
0.902821541
0.895682991
0.887991667
0.879697859
0.870744407
0.86106354
0.85057205
0.839167356
0.826723039
0.81308645
0.798076749
0.7814852
0.763077676
0.742600501
0.719789565
0.69438386
0.66614455
0.634877801
0.60046339
0.562885582
0.522265792
0.478877902
0.433482975
0.38627705
0.338061899
0.289903671
0.24308382
0.19894132
0.158696756
0.123269305
0.093152165
0.068415754
0.997333348
0.997112811
0.996856511
0.996574104
0.996275902
0.995968044
0.995651126
0.995321751
0.994974256
0.994602382
0.994200587
0.993764818
0.993292809
0.992783666
0.992236853
0.99165082
0.99102205
0.990344465
0.989610016
0.988809705
0.987935245
0.986979425
0.985936224
0.98480022
0.983565331
0.982224286
0.980768502
0.979189456
0.977479339
0.975632727
0.973646164
0.971517861
0.96924597
0.966826558
0.96425277
0.961513817
0.958595872
0.955482423
0.952155888
0.948598504
0.944792569
0.940720379
0.936363339
0.931700706
0.9267084
0.921358407
0.915618539
0.909452677
0.902821541
0.895682991
0.887991667
0.879697859
0.870744407
0.86106354
0.85057205
0.839167356
0.826723039
0.81308645
0.798076749
0.7814852
0.763077676
0.742600501
0.719789565
0.69438386
0.66614455
0.634877801
0.60046339
0.562885582
0.522265792
0.478892267
0.433499783
0.386290461
0.33807531
0.289921254
0.24309811
0.198952824
0.158703595
0.123269565
0.093153939
0.068419352
0.997333348
0.997112811
0.996856511
0.996574104
0.996275902
0.995968044
0.995651126
0.995321751
0.994974256
0.994602382
0.994200587
0.993764818
0.993292809
0.992783666
0.992236853
0.99165082
0.99102205
0.990344465
0.989610016
0.988809705
0.987935245
0.986979425
0.985936224
0.98480022
0.983565331
0.982224286
0.980768502
0.979189456
0.977479339
0.975632727
0.973646164
0.971517861
0.96924597
0.966826558
0.96425277
0.961513817
0.958595872
0.955482423
0.952155888
0.948598504
0.944792569
0.940720379
0.936363339
0.931700706
0.9267084
0.921358407
0.915618539
0.909452677
0.902821541
0.895682991
0.887991667
0.879697859
0.870744407
0.86106354
0.85057205
0.839167356
0.826723039
0.81308645
0.798076749
0.7814852
0.763077676
0.742600501
0.719789565
0.69438386
0.66614455
0.634877801
0.60046339
0.562885582
0.522265792
0.478892267
0.433511853
0.386304647
0.338086128
0.289932013
0.243112594
0.198964238
0.158712506
0.12327455
0.093153693
0.068420433
0.997333348
0.997112811
0.996856511
0.996574104
0.996275902
0.995968044
0.995651126
0.995321751
0.994974256
0.994602382
0.994200587
0.993764818
0.993292809
0.992783666
0.992236853
0.99165082
0.99102205
0.990344465
0.989610016
0.988809705
0.987935245
0.986979425
0.985936224
0.98480022
0.983565331
0.982224286
0.980768502
0.979189456
0.977479339
0.975632727
0.973646164
0.971517861
0.96924597
0.966826558
0.96425277
0.961513817
0.958595872
0.955482423
0.952155888
0.948598504
0.944792569
0.940720379
0.936363339
0.931700706
0.9267084
0.921358407
0.915618539
0.909452677
0.902821541
0.895682991
0.887991667
0.879697859
0.870744407
0.86106354
0.85057205
0.839167356
0.826723039
0.81308645
0.798076749
0.7814852
0.763077676
0.742600501
0.719789565
0.69438386
0.66614455
0.634877801
0.60046339
0.562885582
0.522265792
0.478892267
0.433511853
0.386314511
0.338097811
0.289940447
0.243120953
0.198975876
0.158721372
0.12328127
0.093157224
0.068419956
0.997333348
0.997112811
0.996856511
0.996574104
0.996275902
0.995968044
0.995651126
0.995321751
0.994974256
0.994602382
0.994200587
0.993764818
0.993292809
0.992783666
0.992236853
0.99165082
0.99102205
0.990344465
0.989610016
0.988809705
0.987935245
0.986979425
0.985936224
0.98480022
0.983565331
0.982224286
0.980768502
0.979189456
0.977479339
0.975632727
0.973646164
0.971517861
0.96924597
0.966826558
0.96425277
0.961513817
0.958595872
0.955482423
0.952155888
0.948598504
0.944792569
0.940720379
0.936363339
0.931700706
0.9267084
0.921358407
0.915618539
0.909452677
0.902821541
0.895682991
0.887991667
0.879697859
0.870744407
0.86106354
0.85057205
0.839167356
0.826723039
0.81308645
0.798076749
0.7814852
0.763077676
0.742600501
0.719789565
0.69438386
0.66614455
0.634877801
0.60046339
0.562885582
0.522265792
0.478892267
0.433511853
0.386314511
0.338105559
0.289949775
0.243127272
0.198982149
0.158730492
0.123287991
0.093162164
0.068422407
0.997333348
0.997112811
0.996856511
0.996574104
0.996275902
0.995968044
0.995651126
0.995321751
0.994974256
0.994602382
0.994200587
0.993764818
0.993292809
0.992783666
0.992236853
0.99165082
0.99102205
0.990344465
0.989610016
0.988809705
0.987935245
0.986979425
0.985936224
0.98480022
0.983565331
0.982224286
0.980768502
0.979189456
0.977479339
0.975632727
0.973646164
0.971517861
0.96924597
0.966826558
0.96425277
0.961513817
0.958595872
0.955482423
0.952155888
0.948598504
0.944792569
0.940720379
0.936363339
0.931700706
0.9267084
0.921358407
0.915618539
0.909452677
0.902821541
0.895682991
0.887991667
0.879697859
0.870744407
0.86106354
0.85057205
0.839167356
0.826723039
0.81308645
0.798076749
0.7814852
0.763077676
0.742600501
0.719789565
0.69438386
0.66614455
0.634877801
0.60046339
0.562885582
0.522265792
0.478892267
0.433511853
0.386314511
0.338105559
0.289955616
0.243134484
0.198986694
0.158735052
0.123294942
0.093167134
0.068425953
0.997333348
0.997112811
0.996856511
0.996574104
0.996275902
0.995968044
0.995651126
0.995321751
0.994974256
0.994602382
0.994200587
0.993764818
0.993292809
0.992783666
0.992236853
0.99165082
0.99102205
0.990344465
0.989610016
0.988809705
0.987935245
0.986979425
0.985936224
0.98480022
0.983565331
0.982224286
0.980768502
0.979189456
0.977479339
0.975632727
0.973646164
0.971517861
0.96924597
0.966826558
0.96425277
0.961513817
0.958595872
0.955482423
0.952155888
0.948598504
0.944792569
0.940720379
0.936363339
0.931700706
0.9267084
0.921358407
0.915618539
0.909452677
0.902821541
0.895682991
0.887991667
0.879697859
0.870744407
0.86106354
0.85057205
0.839167356
0.826723039
0.81308645
0.798076749
0.7814852
0.763077676
0.742600501
0.719789565
0.69438386
0.66614455
0.634877801
0.60046339
0.562885582
0.522265792
0.478892267
0.433511853
0.386314511
0.338105559
0.289955616
0.243138701
0.198992103
0.158738181
0.123298161
0.093172289
0.068429522
0.997333348
0.997112811
0.996856511
0.996574104
0.996275902
0.995968044
0.995651126
0.995321751
0.994974256
0.994602382
0.994200587
0.993764818
0.993292809
0.992783666
0.992236853
0.99165082
0.99102205
0.990344465
0.989610016
0.988809705
0.987935245
0.986979425
0.985936224
0.98480022
0.983565331
0.982224286
0.980768502
0.979189456
0.977479339
0.975632727
0.973646164
0.971517861
0.96924597
0.966826558
0.96425277
0.961513817
0.958595872
0.955482423
0.952155888
0.948598504
0.944792569
0.940720379
0.936363339
0.931700706
0.9267084
0.921358407
0.915618539
0.909452677
0.902821541
0.895682991
0.887991667
0.879697859
0.870744407
0.86106354
0.85057205
0.839167356
0.826723039
0.81308645
0.798076749
0.7814852
0.763077676
0.742600501
0.719789565
0.69438386
0.66614455
0.634877801
0.60046339
0.562885582
0.522265792
0.478892267
0.433511853
0.386314511
0.338105559
0.289955616
0.243138701
0.198994964
0.1587421
0.123300217
0.093174502
0.068433255
0.997333348
0.997112811
0.996856511
0.996574104
0.996275902
0.995968044
0.995651126
0.995321751
0.994974256
0.994602382
0.994200587
0.993764818
0.993292809
0.992783666
0.992236853
0.99165082
0.99102205
0.990344465
0.989610016
0.988809705
0.987935245
0.986979425
0.985936224
0.98480022
0.983565331
0.982224286
0.980768502
0.979189456
0.977479339
0.975632727
0.973646164
0.971517861
0.96924597
0.966826558
0.96425277
0.961513817
0.958595872
0.955482423
0.952155888
0.948598504
0.944792569
0.940720379
0.936363339
0.931700706
0.9267084
0.921358407
0.915618539
0.909452677
0.902821541
0.895682991
0.887991667
0.879697859
0.870744407
0.86106354
0.85057205
0.839167356
0.826723039
0.81308645
0.798076749
0.7814852
0.763077676
0.742600501
0.719789565
0.69438386
0.66614455
0.634877801
0.60046339
0.562885582
0.522265792
0.478892267
0.433511853
0.386314511
0.338105559
0.289955616
0.243138701
0.198994964
0.158743918
0.123302959
0.093175799
0.06843473
0.997333348
0.997112811
0.996856511
0.996574104
0.996275902
0.995968044
0.995651126
0.995321751
0.994974256
0.994602382
0.994200587
0.993764818
0.993292809
0.992783666
0.992236853
0.99165082
0.99102205
0.990344465
0.989610016
0.988809705
0.987935245
0.986979425
0.985936224
0.98480022
0.983565331
0.982224286
0.980768502
0.979189456
0.977479339
0.975632727
0.973646164
0.971517861
0.96924597
0.966826558
0.96425277
0.961513817
0.958595872
0.955482423
0.952155888
0.948598504
0.944792569
0.940720379
0.936363339
0.931700706
0.9267084
0.921358407
0.915618539
0.909452677
0.902821541
0.895682991
0.887991667
0.879697859
0.870744407
0.86106354
0.85057205
0.839167356
0.826723039
0.81308645
0.798076749
0.7814852
0.763077676
0.742600501
0.719789565
0.69438386
0.66614455
0.634877801
0.60046339
0.562885582
0.522265792
0.478892267
0.433511853
0.386314511
0.338105559
0.289955616
0.243138701
0.198994964
0.158743918
0.123304024
0.093177661
0.06843552
0.997333348
0.997112811
0.996856511
0.996574104
0.996275902
0.995968044
0.995651126
0.995321751
0.994974256
0.994602382
0.994200587
0.993764818
0.993292809
0.992783666
0.992236853
0.99165082
0.99102205
0.990344465
0.989610016
0.988809705
0.987935245
0.986979425
0.985936224
0.98480022
0.983565331
0.982224286
0.980768502
0.979189456
0.977479339
0.975632727
0.973646164
0.971517861
0.96924597
0.966826558
0.96425277
0.961513817
0.958595872
0.955482423
0.952155888
0.948598504
0.944792569
0.940720379
0.936363339
0.931700706
0.9267084
0.921358407
0.915618539
0.909452677
0.902821541
0.895682991
0.887991667
0.879697859
0.870744407
0.86106354
0.85057205
0.839167356
0.826723039
0.81308645
0.798076749
0.7814852
0.763077676
0.742600501
0.719789565
0.69438386
0.66614455
0.634877801
0.60046339
0.562885582
0.522265792
0.478892267
0.433511853
0.386314511
0.338105559
0.289955616
0.243138701
0.198994964
0.158743918
0.123304024
0.093178228
0.068436764
0.997333348
0.997112811
0.996856511
0.996574104
0.996275902
0.995968044
0.995651126
0.995321751
0.994974256
0.994602382
0.994200587
0.993764818
0.993292809
0.992783666
0.992236853
0.99165082
0.99102205
0.990344465
0.989610016
0.988809705
0.987935245
0.986979425
0.985936224
0.98480022
0.983565331
0.982224286
0.980768502
0.979189456
0.977479339
0.975632727
0.973646164
0.971517861
0.96924597
0.966826558
0.96425277
0.961513817
0.958595872
0.955482423
0.952155888
0.948598504
0.944792569
0.940720379
0.936363339
0.931700706
0.9267084
0.921358407
0.915618539
0.909452677
0.902821541
0.895682991
0.887991667
0.879697859
0.870744407
0.86106354
0.85057205
0.839167356
0.826723039
0.81308645
0.798076749
0.7814852
0.763077676
0.742600501
0.719789565
0.69438386
0.66614455
0.634877801
0.60046339
0.562885582
0.522265792
0.478892267
0.433511853
0.386314511
0.338105559
0.289955616
0.243138701
0.198994964
0.158743918
0.123304024
0.093178228
0.068437025
0.997333348
0.997112811
0.996856511
0.996574104
0.996275902
0.995968044
0.995651126
0.995321751
0.994974256
0.994602382
0.994200587
0.993764818
0.993292809
0.992783666
0.992236853
0.99165082
0.99102205
0.990344465
0.989610016
0.988809705
0.987935245
0.986979425
0.985936224
0.98480022
0.983565331
0.982224286
0.980768502
0.979189456
0.977479339
0.975632727
0.973646164
0.971517861
0.96924597
0.966826558
0.96425277
0.961513817
0.958595872
0.955482423
0.952155888
0.948598504
0.944792569
0.940720379
0.936363339
0.931700706
0.9267084
0.921358407
0.915618539
0.909452677
0.902821541
0.895682991
0.887991667
0.879697859
0.870744407
0.86106354
0.85057205
0.839167356
0.826723039
0.81308645
0.798076749
0.7814852
0.763077676
0.742600501
0.719789565
0.69438386
0.66614455
0.634877801
0.60046339
0.562885582
0.522265792
0.478892267
0.433511853
0.386314511
0.338105559
0.289955616
0.243138701
0.198994964
0.158743918
0.123304024
0.093178228
0.068437025
0.997333348
0.997112811
0.996856511
0.996574104
0.996275902
0.995968044
0.995651126
0.995321751
0.994974256
0.994602382
0.994200587
0.993764818
0.993292809
0.992783666
0.992236853
0.99165082
0.99102205
0.990344465
0.989610016
0.988809705
0.987935245
0.986979425
0.985936224
0.98480022
0.983565331
0.982224286
0.980768502
0.979189456
0.977479339
0.975632727
0.973646164
0.971517861
0.96924597
0.966826558
0.96425277
0.961513817
0.958595872
0.955482423
0.952155888
0.948598504
0.944792569
0.940720379
0.936363339
0.931700706
0.9267084
0.921358407
0.915618539
0.909452677
0.902821541
0.895682991
0.887991667
0.879697859
0.870744407
0.86106354
0.85057205
0.839167356
0.826723039
0.81308645
0.798076749
0.7814852
0.763077676
0.742600501
0.719789565
0.69438386
0.66614455
0.634877801
0.60046339
0.562885582
0.522265792
0.478892267
0.433511853
0.386314511
0.338105559
0.289955616
0.243138701
0.198994964
0.158743918
0.123304024
0.093178228
0.068437025
0.997333348
0.997112811
0.996856511
0.996574104
0.996275902
0.995968044
0.995651126
0.995321751
0.994974256
0.994602382
0.994200587
0.993764818
0.993292809
0.992783666
0.992236853
0.99165082
0.99102205
0.990344465
0.989610016
0.988809705
0.987935245
0.986979425
0.985936224
0.98480022
0.983565331
0.982224286
0.980768502
0.979189456
0.977479339
0.975632727
0.973646164
0.971517861
0.96924597
0.966826558
0.96425277
0.961513817
0.958595872
0.955482423
0.952155888
0.948598504
0.944792569
0.940720379
0.936363339
0.931700706
0.9267084
0.921358407
0.915618539
0.909452677
0.902821541
0.895682991
0.887991667
0.879697859
0.870744407
0.86106354
0.85057205
0.839167356
0.826723039
0.81308645
0.798076749
0.7814852
0.763077676
0.742600501
0.719789565
0.69438386
0.66614455
0.634877801
0.60046339
0.562885582
0.522265792
0.478892267
0.433511853
0.386314511
0.338105559
0.289955616
0.243138701
0.198994964
0.158743918
0.123304024
0.093178228
0.068437025
0.997333348
0.997112811
0.996856511
0.996574104
0.996275902
0.995968044
0.995651126
0.995321751
0.994974256
0.994602382
0.994200587
0.993764818
0.993292809
0.992783666
0.992236853
0.99165082
0.99102205
0.990344465
0.989610016
0.988809705
0.987935245
0.986979425
0.985936224
0.98480022
0.983565331
0.982224286
0.980768502
0.979189456
0.977479339
0.975632727
0.973646164
0.971517861
0.96924597
0.966826558
0.96425277
0.961513817
0.958595872
0.955482423
0.952155888
0.948598504
0.944792569
0.940720379
0.936363339
0.931700706
0.9267084
0.921358407
0.915618539
0.909452677
0.902821541
0.895682991
0.887991667
0.879697859
0.870744407
0.86106354
0.85057205
0.839167356
0.826723039
0.81308645
0.798076749
0.7814852
0.763077676
0.742600501
0.719789565
0.69438386
0.66614455
0.634877801
0.60046339
0.562885582
0.522265792
0.478892267
0.433511853
0.386314511
0.338105559
0.289955616
0.243138701
0.198994964
0.158743918
0.123304024
0.093178228
0.068437025
0.997333348
0.997112811
0.996856511
0.996574104
0.996275902
0.995968044
0.995651126
0.995321751
0.994974256
0.994602382
0.994200587
0.993764818
0.993292809
0.992783666
0.992236853
0.99165082
0.99102205
0.990344465
0.989610016
0.988809705
0.987935245
0.986979425
0.985936224
0.98480022
0.983565331
0.982224286
0.980768502
0.979189456
0.977479339
0.975632727
0.973646164
0.971517861
0.96924597
0.966826558
0.96425277
0.961513817
0.958595872
0.955482423
0.952155888
0.948598504
0.944792569
0.940720379
0.936363339
0.931700706
0.9267084
0.921358407
0.915618539
0.909452677
0.902821541
0.895682991
0.887991667
0.879697859
0.870744407
0.86106354
0.85057205
0.839167356
0.826723039
0.81308645
0.798076749
0.7814852
0.763077676
0.742600501
0.719789565
0.69438386
0.66614455
0.634877801
0.60046339
0.562885582
0.522265792
0.478892267
0.433511853
0.386314511
0.338105559
0.289955616
0.243138701
0.198994964
0.158743918
0.123304024
0.093178228
0.068437025
0.997333348
0.997112811
0.996856511
0.996574104
0.996275902
0.995968044
0.995651126
0.995321751
0.994974256
0.994602382
0.994200587
0.993764818
0.993292809
0.992783666
0.992236853
0.99165082
0.99102205
0.990344465
0.989610016
0.988809705
0.987935245
0.986979425
0.985936224
0.98480022
0.983565331
0.982224286
0.980768502
0.979189456
0.977479339
0.975632727
0.973646164
0.971517861
0.96924597
0.966826558
0.96425277
0.961513817
0.958595872
0.955482423
0.952155888
0.948598504
0.944792569
0.940720379
0.936363339
0.931700706
0.9267084
0.921358407
0.915618539
0.909452677
0.902821541
0.895682991
0.887991667
0.879697859
0.870744407
0.86106354
0.85057205
0.839167356
0.826723039
0.81308645
0.798076749
0.7814852
0.763077676
0.742600501
0.719789565
0.69438386
0.66614455
0.634877801
0.60046339
0.562885582
0.522265792
0.478892267
0.433511853
0.386314511
0.338105559
0.289955616
0.243138701
0.198994964
0.158743918
0.123304024
0.093178228
0.068437025
0.997333348
0.997112811
0.996856511
0.996574104
0.996275902
0.995968044
0.995651126
0.995321751
0.994974256
0.994602382
0.994200587
0.993764818
0.993292809
0.992783666
0.992236853
0.99165082
0.99102205
0.990344465
0.989610016
0.988809705
0.987935245
0.986979425
0.985936224
0.98480022
0.983565331
0.982224286
0.980768502
0.979189456
0.977479339
0.975632727
0.973646164
0.971517861
0.96924597
0.966826558
0.96425277
0.961513817
0.958595872
0.955482423
0.952155888
0.948598504
0.944792569
0.940720379
0.936363339
0.931700706
0.9267084
0.921358407
0.915618539
0.909452677
0.902821541
0.895682991
0.887991667
0.879697859
0.870744407
0.86106354
0.85057205
0.839167356
0.826723039
0.81308645
0.798076749
0.7814852
0.763077676
0.742600501
0.719789565
0.69438386
0.66614455
0.634877801
0.60046339
0.562885582
0.522265792
0.478892267
0.433511853
0.386314511
0.338105559
0.289955616
0.243138701
0.198994964
0.158743918
0.123304024
0.093178228
0.068437025
0.997333348
0.997112811
0.996856511
0.996574104
0.996275902
0.995968044
0.995651126
0.995321751
0.994974256
0.994602382
0.994200587
0.993764818
0.993292809
0.992783666
0.992236853
0.99165082
0.99102205
0.990344465
0.989610016
0.988809705
0.987935245
0.986979425
0.985936224
0.98480022
0.983565331
0.982224286
0.980768502
0.979189456
0.977479339
0.975632727
0.973646164
0.971517861
0.96924597
0.966826558
0.96425277
0.961513817
0.958595872
0.955482423
0.952155888
0.948598504
0.944792569
0.940720379
0.936363339
0.931700706
0.9267084
0.921358407
0.915618539
0.909452677
0.902821541
0.895682991
0.887991667
0.879697859
0.870744407
0.86106354
0.85057205
0.839167356
0.826723039
0.81308645
0.798076749
0.7814852
0.763077676
0.742600501
0.719789565
0.69438386
0.66614455
0.634877801
0.60046339
0.562885582
0.522265792
0.478892267
0.433511853
0.386314511
0.338105559
0.289955616
0.243138701
0.198994964
0.158743918
0.123304024
0.093178228
0.068437025
0.997333348
0.997112811
0.996856511
0.996574104
0.996275902
0.995968044
0.995651126
0.995321751
0.994974256
0.994602382
0.994200587
0.993764818
0.993292809
0.992783666
0.992236853
0.99165082
0.99102205
0.990344465
0.989610016
0.988809705
0.987935245
0.986979425
0.985936224
0.98480022
0.983565331
0.982224286
0.980768502
0.979189456
0.977479339
0.975632727
0.973646164
0.971517861
0.96924597
0.966826558
0.96425277
0.961513817
0.958595872
0.955482423
0.952155888
0.948598504
0.944792569
0.940720379
0.936363339
0.931700706
0.9267084
0.921358407
0.915618539
0.909452677
0.902821541
0.895682991
0.887991667
0.879697859
0.870744407
0.86106354
0.85057205
0.839167356
0.826723039
0.81308645
0.798076749
0.7814852
0.763077676
0.742600501
0.719789565
0.69438386
0.66614455
0.634877801
0.60046339
0.562885582
0.522265792
0.478892267
0.433511853
0.386314511
0.338105559
0.289955616
0.243138701
0.198994964
0.158743918
0.123304024
0.093178228
0.068437025
0.997333348
0.997112811
0.996856511
0.996574104
0.996275902
0.995968044
0.995651126
0.995321751
0.994974256
0.994602382
0.994200587
0.993764818
0.993292809
0.992783666
0.992236853
0.99165082
0.99102205
0.990344465
0.989610016
0.988809705
0.987935245
0.986979425
0.985936224
0.98480022
0.983565331
0.982224286
0.980768502
0.979189456
0.977479339
0.975632727
0.973646164
0.971517861
0.96924597
0.966826558
0.96425277
0.961513817
0.958595872
0.955482423
0.952155888
0.948598504
0.944792569
0.940720379
0.936363339
0.931700706
0.9267084
0.921358407
0.915618539
0.909452677
0.902821541
0.895682991
0.887991667
0.879697859
0.870744407
0.86106354
0.85057205
0.839167356
0.826723039
0.81308645
0.798076749
0.7814852
0.763077676
0.742600501
0.719789565
0.69438386
0.66614455
0.634877801
0.60046339
0.562885582
0.522265792
0.478892267
0.433511853
0.386314511
0.338105559
0.289955616
0.243138701
0.198994964
0.158743918
0.123304024
0.093178228
0.068437025
0.997333348
0.997112811
0.996856511
0.996574104
0.996275902
0.995968044
0.995651126
0.995321751
0.994974256
0.994602382
0.994200587
0.993764818
0.993292809
0.992783666
0.992236853
0.99165082
0.99102205
0.990344465
0.989610016
0.988809705
0.987935245
0.986979425
0.985936224
0.98480022
0.983565331
0.982224286
0.980768502
0.979189456
0.977479339
0.975632727
0.973646164
0.971517861
0.96924597
0.966826558
0.96425277
0.961513817
0.958595872
0.955482423
0.952155888
0.948598504
0.944792569
0.940720379
0.936363339
0.931700706
0.9267084
0.921358407
0.915618539
0.909452677
0.902821541
0.895682991
0.887991667
0.879697859
0.870744407
0.86106354
0.85057205
0.839167356
0.826723039
0.81308645
0.798076749
0.7814852
0.763077676
0.742600501
0.719789565
0.69438386
0.66614455
0.634877801
0.60046339
0.562885582
0.522265792
0.478892267
0.433511853
0.386314511
0.338105559
0.289955616
0.243138701
0.198994964
0.158743918
0.123304024
0.093178228
0.068437025
0.997333348
0.997112811
0.996856511
0.996574104
0.996275902
0.995968044
0.995651126
0.995321751
0.994974256
0.994602382
0.994200587
0.993764818
0.993292809
0.992783666
0.992236853
0.99165082
0.99102205
0.990344465
0.989610016
0.988809705
0.987935245
0.986979425
0.985936224
0.98480022
0.983565331
0.982224286
0.980768502
0.979189456
0.977479339
0.975632727
0.973646164
0.971517861
0.96924597
0.966826558
0.96425277
0.961513817
0.958595872
0.955482423
0.952155888
0.948598504
0.944792569
0.940720379
0.936363339
0.931700706
0.9267084
0.921358407
0.915618539
0.909452677
0.902821541
0.895682991
0.887991667
0.879697859
0.870744407
0.86106354
0.85057205
0.839167356
0.826723039
0.81308645
0.798076749
0.7814852
0.763077676
0.742600501
0.719789565
0.69438386
0.66614455
0.634877801
0.60046339
0.562885582
0.522265792
0.478892267
0.433511853
0.386314511
0.338105559
0.289955616
0.243138701
0.198994964
0.158743918
0.123304024
0.093178228
0.068437025
0.997333348
0.997112811
0.996856511
0.996574104
0.996275902
0.995968044
0.995651126
0.995321751
0.994974256
0.994602382
0.994200587
0.993764818
0.993292809
0.992783666
0.992236853
0.99165082
0.99102205
0.990344465
0.989610016
0.988809705
0.987935245
0.986979425
0.985936224
0.98480022
0.983565331
0.982224286
0.980768502
0.979189456
0.977479339
0.975632727
0.973646164
0.971517861
0.96924597
0.966826558
0.96425277
0.961513817
0.958595872
0.955482423
0.952155888
0.948598504
0.944792569
0.940720379
0.936363339
0.931700706
0.9267084
0.921358407
0.915618539
0.909452677
0.902821541
0.895682991
0.887991667
0.879697859
0.870744407
0.86106354
0.85057205
0.839167356
0.826723039
0.81308645
0.798076749
0.7814852
0.763077676
0.742600501
0.719789565
0.69438386
0.66614455
0.634877801
0.60046339
0.562885582
0.522265792
0.478892267
0.433511853
0.386314511
0.338105559
0.289955616
0.243138701
0.198994964
0.158743918
0.123304024
0.093178228
0.068437025
0.997333348
0.997112811
0.996856511
0.996574104
0.996275902
0.995968044
0.995651126
0.995321751
0.994974256
0.994602382
0.994200587
0.993764818
0.993292809
0.992783666
0.992236853
0.99165082
0.99102205
0.990344465
0.989610016
0.988809705
0.987935245
0.986979425
0.985936224
0.98480022
0.983565331
0.982224286
0.980768502
0.979189456
0.977479339
0.975632727
0.973646164
0.971517861
0.96924597
0.966826558
0.96425277
0.961513817
0.958595872
0.955482423
0.952155888
0.948598504
0.944792569
0.940720379
0.936363339
0.931700706
0.9267084
0.921358407
0.915618539
0.909452677
0.902821541
0.895682991
0.887991667
0.879697859
0.870744407
0.86106354
0.85057205
0.839167356
0.826723039
0.81308645
0.798076749
0.7814852
0.763077676
0.742600501
0.719789565
0.69438386
0.66614455
0.634877801
0.60046339
0.562885582
0.522265792
0.478892267
0.433511853
0.386314511
0.338105559
0.289955616
0.243138701
0.198994964
0.158743918
0.123304024
0.093178228
0.068437025
0.997333348
0.997112811
0.996856511
0.996574104
0.996275902
0.995968044
0.995651126
0.995321751
0.994974256
0.994602382
0.994200587
0.993764818
0.993292809
0.992783666
0.992236853
0.99165082
0.99102205
0.990344465
0.989610016
0.988809705
0.987935245
0.986979425
0.985936224
0.98480022
0.983565331
0.982224286
0.980768502
0.979189456
0.977479339
0.975632727
0.973646164
0.971517861
0.96924597
0.966826558
0.96425277
0.961513817
0.958595872
0.955482423
0.952155888
0.948598504
0.944792569
0.940720379
0.936363339
0.931700706
0.9267084
0.921358407
0.915618539
0.909452677
0.902821541
0.895682991
0.887991667
0.879697859
0.870744407
0.86106354
0.85057205
0.839167356
0.826723039
0.81308645
0.798076749
0.7814852
0.763077676
0.742600501
0.719789565
0.69438386
0.66614455
0.634877801
0.60046339
0.562885582
0.522265792
0.478892267
0.433511853
0.386314511
0.338105559
0.289955616
0.243138701
0.198994964
0.158743918
0.123304024
0.093178228
0.068437025
0.997333348
0.997112811
0.996856511
0.996574104
0.996275902
0.995968044
0.995651126
0.995321751
0.994974256
0.994602382
0.994200587
0.993764818
0.993292809
0.992783666
0.992236853
0.99165082
0.99102205
0.990344465
0.989610016
0.988809705
0.987935245
0.986979425
0.985936224
0.98480022
0.983565331
0.982224286
0.980768502
0.979189456
0.977479339
0.975632727
0.973646164
0.971517861
0.96924597
0.966826558
0.96425277
0.961513817
0.958595872
0.955482423
0.952155888
0.948598504
0.944792569
0.940720379
0.936363339
0.931700706
0.9267084
0.921358407
0.915618539
0.909452677
0.902821541
0.895682991
0.887991667
0.879697859
0.870744407
0.86106354
0.85057205
0.839167356
0.826723039
0.81308645
0.798076749
0.7814852
0.763077676
0.742600501
0.719789565
0.69438386
0.66614455
0.634877801
0.60046339
0.562885582
0.522265792
0.478892267
0.433511853
0.386314511
0.338105559
0.289955616
0.243138701
0.198994964
0.158743918
0.123304024
0.093178228
0.068437025
0.997333348
0.997112811
0.996856511
0.996574104
0.996275902
0.995968044
0.995651126
0.995321751
0.994974256
0.994602382
0.994200587
0.993764818
0.993292809
0.992783666
0.992236853
0.99165082
0.99102205
0.990344465
0.989610016
0.988809705
0.987935245
0.986979425
0.985936224
0.98480022
0.983565331
0.982224286
0.980768502
0.979189456
0.977479339
0.975632727
0.973646164
0.971517861
0.96924597
0.966826558
0.96425277
0.961513817
0.958595872
0.955482423
0.952155888
0.948598504
0.944792569
0.940720379
0.936363339
0.931700706
0.9267084
0.921358407
0.915618539
0.909452677
0.902821541
0.895682991
0.887991667
0.879697859
0.870744407
0.86106354
0.85057205
0.839167356
0.826723039
0.81308645
0.798076749
0.7814852
0.763077676
0.742600501
0.719789565
0.69438386
0.66614455
0.634877801
0.60046339
0.562885582
0.522265792
0.478892267
0.433511853
0.386314511
0.338105559
0.289955616
0.243138701
0.198994964
0.158743918
0.123304024
0.093178228
0.068437025
0.997333348
0.997112811
0.996856511
0.996574104
0.996275902
0.995968044
0.995651126
0.995321751
0.994974256
0.994602382
0.994200587
0.993764818
0.993292809
0.992783666
0.992236853
0.99165082
0.99102205
0.990344465
0.989610016
0.988809705
0.987935245
0.986979425
0.985936224
0.98480022
0.983565331
0.982224286
0.980768502
0.979189456
0.977479339
0.975632727
0.973646164
0.971517861
0.96924597
0.966826558
0.96425277
0.961513817
0.958595872
0.955482423
0.952155888
0.948598504
0.944792569
0.940720379
0.936363339
0.931700706
0.9267084
0.921358407
0.915618539
0.909452677
0.902821541
0.895682991
0.887991667
0.879697859
0.870744407
0.86106354
0.85057205
0.839167356
0.826723039
0.81308645
0.798076749
0.7814852
0.763077676
0.742600501
0.719789565
0.69438386
0.66614455
0.634877801
0.60046339
0.562885582
0.522265792
0.478892267
0.433511853
0.386314511
0.338105559
0.289955616
0.243138701
0.198994964
0.158743918
0.123304024
0.093178228
0.068437025
0.997333348
0.997112811
0.996856511
0.996574104
0.996275902
0.995968044
0.995651126
0.995321751
0.994974256
0.994602382
0.994200587
0.993764818
0.993292809
0.992783666
0.992236853
0.99165082
0.99102205
0.990344465
0.989610016
0.988809705
0.987935245
0.986979425
0.985936224
0.98480022
0.983565331
0.982224286
0.980768502
0.979189456
0.977479339
0.975632727
0.973646164
0.971517861
0.96924597
0.966826558
0.96425277
0.961513817
0.958595872
0.955482423
0.952155888
0.948598504
0.944792569
0.940720379
0.936363339
0.931700706
0.9267084
0.921358407
0.915618539
0.909452677
0.902821541
0.895682991
0.887991667
0.879697859
0.870744407
0.86106354
0.85057205
0.839167356
0.826723039
0.81308645
0.798076749
0.7814852
0.763077676
0.742600501
0.719789565
0.69438386
0.66614455
0.634877801
0.60046339
0.562885582
0.522265792
0.478892267
0.433511853
0.386314511
0.338105559
0.289955616
0.243138701
0.198994964
0.158743918
0.123304024
0.093178228
0.068437025
0.997333348
0.997112811
0.996856511
0.996574104
0.996275902
0.995968044
0.995651126
0.995321751
0.994974256
0.994602382
0.994200587
0.993764818
0.993292809
0.992783666
0.992236853
0.99165082
0.99102205
0.990344465
0.989610016
0.988809705
0.987935245
0.986979425
0.985936224
0.98480022
0.983565331
0.982224286
0.980768502
0.979189456
0.977479339
0.975632727
0.973646164
0.971517861
0.96924597
0.966826558
0.96425277
0.961513817
0.958595872
0.955482423
0.952155888
0.948598504
0.944792569
0.940720379
0.936363339
0.931700706
0.9267084
0.921358407
0.915618539
0.909452677
0.902821541
0.895682991
0.887991667
0.879697859
0.870744407
0.86106354
0.85057205
0.839167356
0.826723039
0.81308645
0.798076749
0.7814852
0.763077676
0.742600501
0.719789565
0.69438386
0.66614455
0.634877801
0.60046339
0.562885582
0.522265792
0.478892267
0.433511853
0.386314511
0.338105559
0.289955616
0.243138701
0.198994964
0.158743918
0.123304024
0.093178228
0.068437025
0.997333348
0.997112811
0.996856511
0.996574104
0.996275902
0.995968044
0.995651126
0.995321751
0.994974256
0.994602382
0.994200587
0.993764818
0.993292809
0.992783666
0.992236853
0.99165082
0.99102205
0.990344465
0.989610016
0.988809705
0.987935245
0.986979425
0.985936224
0.98480022
0.983565331
0.982224286
0.980768502
0.979189456
0.977479339
0.975632727
0.973646164
0.971517861
0.96924597
0.966826558
0.96425277
0.961513817
0.958595872
0.955482423
0.952155888
0.948598504
0.944792569
0.940720379
0.936363339
0.931700706
0.9267084
0.921358407
0.915618539
0.909452677
0.902821541
0.895682991
0.887991667
0.879697859
0.870744407
0.86106354
0.85057205
0.839167356
0.826723039
0.81308645
0.798076749
0.7814852
0.763077676
0.742600501
0.719789565
0.69438386
0.66614455
0.634877801
0.60046339
0.562885582
0.522265792
0.478892267
0.433511853
0.386314511
0.338105559
0.289955616
0.243138701
0.198994964
0.158743918
0.123304024
0.093178228
0.068437025
0.997333348
0.997112811
0.996856511
0.996574104
0.996275902
0.995968044
0.995651126
0.995321751
0.994974256
0.994602382
0.994200587
0.993764818
0.993292809
0.992783666
0.992236853
0.99165082
0.99102205
0.990344465
0.989610016
0.988809705
0.987935245
0.986979425
0.985936224
0.98480022
0.983565331
0.982224286
0.980768502
0.979189456
0.977479339
0.975632727
0.973646164
0.971517861
0.96924597
0.966826558
0.96425277
0.961513817
0.958595872
0.955482423
0.952155888
0.948598504
0.944792569
0.940720379
0.936363339
0.931700706
0.9267084
0.921358407
0.915618539
0.909452677
0.902821541
0.895682991
0.887991667
0.879697859
0.870744407
0.86106354
0.85057205
0.839167356
0.826723039
0.81308645
0.798076749
0.7814852
0.763077676
0.742600501
0.719789565
0.69438386
0.66614455
0.634877801
0.60046339
0.562885582
0.522265792
0.478892267
0.433511853
0.386314511
0.338105559
0.289955616
0.243138701
0.198994964
0.158743918
0.123304024
0.093178228
0.068437025
0.997333348
0.997112811
0.996856511
0.996574104
0.996275902
0.995968044
0.995651126
0.995321751
0.994974256
0.994602382
0.994200587
0.993764818
0.993292809
0.992783666
0.992236853
0.99165082
0.99102205
0.990344465
0.989610016
0.988809705
0.987935245
0.986979425
0.985936224
0.98480022
0.983565331
0.982224286
0.980768502
0.979189456
0.977479339
0.975632727
0.973646164
0.971517861
0.96924597
0.966826558
0.96425277
0.961513817
0.958595872
0.955482423
0.952155888
0.948598504
0.944792569
0.940720379
0.936363339
0.931700706
0.9267084
0.921358407
0.915618539
0.909452677
0.902821541
0.895682991
0.887991667
0.879697859
0.870744407
0.86106354
0.85057205
0.839167356
0.826723039
0.81308645
0.798076749
0.7814852
0.763077676
0.742600501
0.719789565
0.69438386
0.66614455
0.634877801
0.60046339
0.562885582
0.522265792
0.478892267
0.433511853
0.386314511
0.338105559
0.289955616
0.243138701
0.198994964
0.158743918
0.123304024
0.093178228
0.068437025
0.997333348
0.997112811
0.996856511
0.996574104
0.996275902
0.995968044
0.995651126
0.995321751
0.994974256
0.994602382
0.994200587
0.993764818
0.993292809
0.992783666
0.992236853
0.99165082
0.99102205
0.990344465
0.989610016
0.988809705
0.987935245
0.986979425
0.985936224
0.98480022
0.983565331
0.982224286
0.980768502
0.979189456
0.977479339
0.975632727
0.973646164
0.971517861
0.96924597
0.966826558
0.96425277
0.961513817
0.958595872
0.955482423
0.952155888
0.948598504
0.944792569
0.940720379
0.936363339
0.931700706
0.9267084
0.921358407
0.915618539
0.909452677
0.902821541
0.895682991
0.887991667
0.879697859
0.870744407
0.86106354
0.85057205
0.839167356
0.826723039
0.81308645
0.798076749
0.7814852
0.763077676
0.742600501
0.719789565
0.69438386
0.66614455
0.634877801
0.60046339
0.562885582
0.522265792
0.478892267
0.433511853
0.386314511
0.338105559
0.289955616
0.243138701
0.198994964
0.158743918
0.123304024
0.093178228
0.068437025
0.997333348
0.997112811
0.996856511
0.996574104
0.996275902
0.995968044
0.995651126
0.995321751
0.994974256
0.994602382
0.994200587
0.993764818
0.993292809
0.992783666
0.992236853
0.99165082
0.99102205
0.990344465
0.989610016
0.988809705
0.987935245
0.986979425
0.985936224
0.98480022
0.983565331
0.982224286
0.980768502
0.979189456
0.977479339
0.975632727
0.973646164
0.971517861
0.96924597
0.966826558
0.96425277
0.961513817
0.958595872
0.955482423
0.952155888
0.948598504
0.944792569
0.940720379
0.936363339
0.931700706
0.9267084
0.921358407
0.915618539
0.909452677
0.902821541
0.895682991
0.887991667
0.879697859
0.870744407
0.86106354
0.85057205
0.839167356
0.826723039
0.81308645
0.798076749
0.7814852
0.763077676
0.742600501
0.719789565
0.69438386
0.66614455
0.634877801
0.60046339
0.562885582
0.522265792
0.478892267
0.433511853
0.386314511
0.338105559
0.289955616
0.243138701
0.198994964
0.158743918
0.123304024
0.093178228
0.068437025
0.997333348
0.997112811
0.996856511
0.996574104
0.996275902
0.995968044
0.995651126
0.995321751
0.994974256
0.994602382
0.994200587
0.993764818
0.993292809
0.992783666
0.992236853
0.99165082
0.99102205
0.990344465
0.989610016
0.988809705
0.987935245
0.986979425
0.985936224
0.98480022
0.983565331
0.982224286
0.980768502
0.979189456
0.977479339
0.975632727
0.973646164
0.971517861
0.96924597
0.966826558
0.96425277
0.961513817
0.958595872
0.955482423
0.952155888
0.948598504
0.944792569
0.940720379
0.936363339
0.931700706
0.9267084
0.921358407
0.915618539
0.909452677
0.902821541
0.895682991
0.887991667
0.879697859
0.870744407
0.86106354
0.85057205
0.839167356
0.826723039
0.81308645
0.798076749
0.7814852
0.763077676
0.742600501
0.719789565
0.69438386
0.66614455
0.634877801
0.60046339
0.562885582
0.522265792
0.478892267
0.433511853
0.386314511
0.338105559
0.289955616
0.243138701
0.198994964
0.158743918
0.123304024
0.093178228
0.068437025
0.997333348
0.997112811
0.996856511
0.996574104
0.996275902
0.995968044
0.995651126
0.995321751
0.994974256
0.994602382
0.994200587
0.993764818
0.993292809
0.992783666
0.992236853
0.99165082
0.99102205
0.990344465
0.989610016
0.988809705
0.987935245
0.986979425
0.985936224
0.98480022
0.983565331
0.982224286
0.980768502
0.979189456
0.977479339
0.975632727
0.973646164
0.971517861
0.96924597
0.966826558
0.96425277
0.961513817
0.958595872
0.955482423
0.952155888
0.948598504
0.944792569
0.940720379
0.936363339
0.931700706
0.9267084
0.921358407
0.915618539
0.909452677
0.902821541
0.895682991
0.887991667
0.879697859
0.870744407
0.86106354
0.85057205
0.839167356
0.826723039
0.81308645
0.798076749
0.7814852
0.763077676
0.742600501
0.719789565
0.69438386
0.66614455
0.634877801
0.60046339
0.562885582
0.522265792
0.478892267
0.433511853
0.386314511
0.338105559
0.289955616
0.243138701
0.198994964
0.158743918
0.123304024
0.093178228
0.068437025
0.997333348
0.997112811
0.996856511
0.996574104
0.996275902
0.995968044
0.995651126
0.995321751
0.994974256
0.994602382
0.994200587
0.993764818
0.993292809
0.992783666
0.992236853
0.99165082
0.99102205
0.990344465
0.989610016
0.988809705
0.987935245
0.986979425
0.985936224
0.98480022
0.983565331
0.982224286
0.980768502
0.979189456
0.977479339
0.975632727
0.973646164
0.971517861
0.96924597
0.966826558
0.96425277
0.961513817
0.958595872
0.955482423
0.952155888
0.948598504
0.944792569
0.940720379
0.936363339
0.931700706
0.9267084
0.921358407
0.915618539
0.909452677
0.902821541
0.895682991
0.887991667
0.879697859
0.870744407
0.86106354
0.85057205
0.839167356
0.826723039
0.81308645
0.798076749
0.7814852
0.763077676
0.742600501
0.719789565
0.69438386
0.66614455
0.634877801
0.60046339
0.562885582
0.522265792
0.478892267
0.433511853
0.386314511
0.338105559
0.289955616
0.243138701
0.198994964
0.158743918
0.123304024
0.093178228
0.068437025
0.997333348
0.997112811
0.996856511
0.996574104
0.996275902
0.995968044
0.995651126
0.995321751
0.994974256
0.994602382
0.994200587
0.993764818
0.993292809
0.992783666
0.992236853
0.99165082
0.99102205
0.990344465
0.989610016
0.988809705
0.987935245
0.986979425
0.985936224
0.98480022
0.983565331
0.982224286
0.980768502
0.979189456
0.977479339
0.975632727
0.973646164
0.971517861
0.96924597
0.966826558
0.96425277
0.961513817
0.958595872
0.955482423
0.952155888
0.948598504
0.944792569
0.940720379
0.936363339
0.931700706
0.9267084
0.921358407
0.915618539
0.909452677
0.902821541
0.895682991
0.887991667
0.879697859
0.870744407
0.86106354
0.85057205
0.839167356
0.826723039
0.81308645
0.798076749
0.7814852
0.763077676
0.742600501
0.719789565
0.69438386
0.66614455
0.634877801
0.60046339
0.562885582
0.522265792
0.478892267
0.433511853
0.386314511
0.338105559
0.289955616
0.243138701
0.198994964
0.158743918
0.123304024
0.093178228
0.068437025
0.997333348
0.997112811
0.996856511
0.996574104
0.996275902
0.995968044
0.995651126
0.995321751
0.994974256
0.994602382
0.994200587
0.993764818
0.993292809
0.992783666
0.992236853
0.99165082
0.99102205
0.990344465
0.989610016
0.988809705
0.987935245
0.986979425
0.985936224
0.98480022
0.983565331
0.982224286
0.980768502
0.979189456
0.977479339
0.975632727
0.973646164
0.971517861
0.96924597
0.966826558
0.96425277
0.961513817
0.958595872
0.955482423
0.952155888
0.948598504
0.944792569
0.940720379
0.936363339
0.931700706
0.9267084
0.921358407
0.915618539
0.909452677
0.902821541
0.895682991
0.887991667
0.879697859
0.870744407
0.86106354
0.85057205
0.839167356
0.826723039
0.81308645
0.798076749
0.7814852
0.763077676
0.742600501
0.719789565
0.69438386
0.66614455
0.634877801
0.60046339
0.562885582
0.522265792
0.478892267
0.433511853
0.386314511
0.338105559
0.289955616
0.243138701
0.198994964
0.158743918
0.123304024
0.093178228
0.068437025
0.997333348
0.997112811
0.996856511
0.996574104
0.996275902
0.995968044
0.995651126
0.995321751
0.994974256
0.994602382
0.994200587
0.993764818
0.993292809
0.992783666
0.992236853
0.99165082
0.99102205
0.990344465
0.989610016
0.988809705
0.987935245
0.986979425
0.985936224
0.98480022
0.983565331
0.982224286
0.980768502
0.979189456
0.977479339
0.975632727
0.973646164
0.971517861
0.96924597
0.966826558
0.96425277
0.961513817
0.958595872
0.955482423
0.952155888
0.948598504
0.944792569
0.940720379
0.936363339
0.931700706
0.9267084
0.921358407
0.915618539
0.909452677
0.902821541
0.895682991
0.887991667
0.879697859
0.870744407
0.86106354
0.85057205
0.839167356
0.826723039
0.81308645
0.798076749
0.7814852
0.763077676
0.742600501
0.719789565
0.69438386
0.66614455
0.634877801
0.60046339
0.562885582
0.522265792
0.478892267
0.433511853
0.386314511
0.338105559
0.289955616
0.243138701
0.198994964
0.158743918
0.123304024
0.093178228
0.068437025
0.997333348
0.997112811
0.996856511
0.996574104
0.996275902
0.995968044
0.995651126
0.995321751
0.994974256
0.994602382
0.994200587
0.993764818
0.993292809
0.992783666
0.992236853
0.99165082
0.99102205
0.990344465
0.989610016
0.988809705
0.987935245
0.986979425
0.985936224
0.98480022
0.983565331
0.982224286
0.980768502
0.979189456
0.977479339
0.975632727
0.973646164
0.971517861
0.96924597
0.966826558
0.96425277
0.961513817
0.958595872
0.955482423
0.952155888
0.948598504
0.944792569
0.940720379
0.936363339
0.931700706
0.9267084
0.921358407
0.915618539
0.909452677
0.902821541
0.895682991
0.887991667
0.879697859
0.870744407
0.86106354
0.85057205
0.839167356
0.826723039
0.81308645
0.798076749
0.7814852
0.763077676
0.742600501
0.719789565
0.69438386
0.66614455
0.634877801
0.60046339
0.562885582
0.522265792
0.478892267
0.433511853
0.386314511
0.338105559
0.289955616
0.243138701
0.198994964
0.158743918
0.123304024
0.093178228
0.068437025
0.997333348
0.997112811
0.996856511
0.996574104
0.996275902
0.995968044
0.995651126
0.995321751
0.994974256
0.994602382
0.994200587
0.993764818
0.993292809
0.992783666
0.992236853
0.99165082
0.99102205
0.990344465
0.989610016
0.988809705
0.987935245
0.986979425
0.985936224
0.98480022
0.983565331
0.982224286
0.980768502
0.979189456
0.977479339
0.975632727
0.973646164
0.971517861
0.96924597
0.966826558
0.96425277
0.961513817
0.958595872
0.955482423
0.952155888
0.948598504
0.944792569
0.940720379
0.936363339
0.931700706
0.9267084
0.921358407
0.915618539
0.909452677
0.902821541
0.895682991
0.887991667
0.879697859
0.870744407
0.86106354
0.85057205
0.839167356
0.826723039
0.81308645
0.798076749
0.7814852
0.763077676
0.742600501
0.719789565
0.69438386
0.66614455
0.634877801
0.60046339
0.562885582
0.522265792
0.478892267
0.433511853
0.386314511
0.338105559
0.289955616
0.243138701
0.198994964
0.158743918
0.123304024
0.093178228
0.068437025
0.997333348
0.997112811
0.996856511
0.996574104
0.996275902
0.995968044
0.995651126
0.995321751
0.994974256
0.994602382
0.994200587
0.993764818
0.993292809
0.992783666
0.992236853
0.99165082
0.99102205
0.990344465
0.989610016
0.988809705
0.987935245
0.986979425
0.985936224
0.98480022
0.983565331
0.982224286
0.980768502
0.979189456
0.977479339
0.975632727
0.973646164
0.971517861
0.96924597
0.966826558
0.96425277
0.961513817
0.958595872
0.955482423
0.952155888
0.948598504
0.944792569
0.940720379
0.936363339
0.931700706
0.9267084
0.921358407
0.915618539
0.909452677
0.902821541
0.895682991
0.887991667
0.879697859
0.870744407
0.86106354
0.85057205
0.839167356
0.826723039
0.81308645
0.798076749
0.7814852
0.763077676
0.742600501
0.719789565
0.69438386
0.66614455
0.634877801
0.60046339
0.562885582
0.522265792
0.478892267
0.433511853
0.386314511
0.338105559
0.289955616
0.243138701
0.198994964
0.158743918
0.123304024
0.093178228
0.068437025
0.997333348
0.997112811
0.996856511
0.996574104
0.996275902
0.995968044
0.995651126
0.995321751
0.994974256
0.994602382
0.994200587
0.993764818
0.993292809
0.992783666
0.992236853
0.99165082
0.99102205
0.990344465
0.989610016
0.988809705
0.987935245
0.986979425
0.985936224
0.98480022
0.983565331
0.982224286
0.980768502
0.979189456
0.977479339
0.975632727
0.973646164
0.971517861
0.96924597
0.966826558
0.96425277
0.961513817
0.958595872
0.955482423
0.952155888
0.948598504
0.944792569
0.940720379
0.936363339
0.931700706
0.9267084
0.921358407
0.915618539
0.909452677
0.902821541
0.895682991
0.887991667
0.879697859
0.870744407
0.86106354
0.85057205
0.839167356
0.826723039
0.81308645
0.798076749
0.7814852
0.763077676
0.742600501
0.719789565
0.69438386
0.66614455
0.634877801
0.60046339
0.562885582
0.522265792
0.478892267
0.433511853
0.386314511
0.338105559
0.289955616
0.243138701
0.198994964
0.158743918
0.123304024
0.093178228
0.068437025
0.997333348
0.997112811
0.996856511
0.996574104
0.996275902
0.995968044
0.995651126
0.995321751
0.994974256
0.994602382
0.994200587
0.993764818
0.993292809
0.992783666
0.992236853
0.99165082
0.99102205
0.990344465
0.989610016
0.988809705
0.987935245
0.986979425
0.985936224
0.98480022
0.983565331
0.982224286
0.980768502
0.979189456
0.977479339
0.975632727
0.973646164
0.971517861
0.96924597
0.966826558
0.96425277
0.961513817
0.958595872
0.955482423
0.952155888
0.948598504
0.944792569
0.940720379
0.936363339
0.931700706
0.9267084
0.921358407
0.915618539
0.909452677
0.902821541
0.895682991
0.887991667
0.879697859
0.870744407
0.86106354
0.85057205
0.839167356
0.826723039
0.81308645
0.798076749
0.7814852
0.763077676
0.742600501
0.719789565
0.69438386
0.66614455
0.634877801
0.60046339
0.562885582
0.522265792
0.478892267
0.433511853
0.386314511
0.338105559
0.289955616
0.243138701
0.198994964
0.158743918
0.123304024
0.093178228
0.068437025
0.997333348
0.997112811
0.996856511
0.996574104
0.996275902
0.995968044
0.995651126
0.995321751
0.994974256
0.994602382
0.994200587
0.993764818
0.993292809
0.992783666
0.992236853
0.99165082
0.99102205
0.990344465
0.989610016
0.988809705
0.987935245
0.986979425
0.985936224
0.98480022
0.983565331
0.982224286
0.980768502
0.979189456
0.977479339
0.975632727
0.973646164
0.971517861
0.96924597
0.966826558
0.96425277
0.961513817
0.958595872
0.955482423
0.952155888
0.948598504
0.944792569
0.940720379
0.936363339
0.931700706
0.9267084
0.921358407
0.915618539
0.909452677
0.902821541
0.895682991
0.887991667
0.879697859
0.870744407
0.86106354
0.85057205
0.839167356
0.826723039
0.81308645
0.798076749
0.7814852
0.763077676
0.742600501
0.719789565
0.69438386
0.66614455
0.634877801
0.60046339
0.562885582
0.522265792
0.478892267
0.433511853
0.386314511
0.338105559
0.289955616
0.243138701
0.198994964
0.158743918
0.123304024
0.093178228
0.068437025
0.997333348
0.997112811
0.996856511
0.996574104
0.996275902
0.995968044
0.995651126
0.995321751
0.994974256
0.994602382
0.994200587
0.993764818
0.993292809
0.992783666
0.992236853
0.99165082
0.99102205
0.990344465
0.989610016
0.988809705
0.987935245
0.986979425
0.985936224
0.98480022
0.983565331
0.982224286
0.980768502
0.979189456
0.977479339
0.975632727
0.973646164
0.971517861
0.96924597
0.966826558
0.96425277
0.961513817
0.958595872
0.955482423
0.952155888
0.948598504
0.944792569
0.940720379
0.936363339
0.931700706
0.9267084
0.921358407
0.915618539
0.909452677
0.902821541
0.895682991
0.887991667
0.879697859
0.870744407
0.86106354
0.85057205
0.839167356
0.826723039
0.81308645
0.798076749
0.7814852
0.763077676
0.742600501
0.719789565
0.69438386
0.66614455
0.634877801
0.60046339
0.562885582
0.522265792
0.478892267
0.433511853
0.386314511
0.338105559
0.289955616
0.243138701
0.198994964
0.158743918
0.123304024
0.093178228
0.068437025
0.997333348
0.997112811
0.996856511
0.996574104
0.996275902
0.995968044
0.995651126
0.995321751
0.994974256
0.994602382
0.994200587
0.993764818
0.993292809
0.992783666
0.992236853
0.99165082
0.99102205
0.990344465
0.989610016
0.988809705
0.987935245
0.986979425
0.985936224
0.98480022
0.983565331
0.982224286
0.980768502
0.979189456
0.977479339
0.975632727
0.973646164
0.971517861
0.96924597
0.966826558
0.96425277
0.961513817
0.958595872
0.955482423
0.952155888
0.948598504
0.944792569
0.940720379
0.936363339
0.931700706
0.9267084
0.921358407
0.915618539
0.909452677
0.902821541
0.895682991
0.887991667
0.879697859
0.870744407
0.86106354
0.85057205
0.839167356
0.826723039
0.81308645
0.798076749
0.7814852
0.763077676
0.742600501
0.719789565
0.69438386
0.66614455
0.634877801
0.60046339
0.562885582
0.522265792
0.478892267
0.433511853
0.386314511
0.338105559
0.289955616
0.243138701
0.198994964
0.158743918
0.123304024
0.093178228
0.068437025
0.997333348
0.997112811
0.996856511
0.996574104
0.996275902
0.995968044
0.995651126
0.995321751
0.994974256
0.994602382
0.994200587
0.993764818
0.993292809
0.992783666
0.992236853
0.99165082
0.99102205
0.990344465
0.989610016
0.988809705
0.987935245
0.986979425
0.985936224
0.98480022
0.983565331
0.982224286
0.980768502
0.979189456
0.977479339
0.975632727
0.973646164
0.971517861
0.96924597
0.966826558
0.96425277
0.961513817
0.958595872
0.955482423
0.952155888
0.948598504
0.944792569
0.940720379
0.936363339
0.931700706
0.9267084
0.921358407
0.915618539
0.909452677
0.902821541
0.895682991
0.887991667
0.879697859
0.870744407
0.86106354
0.85057205
0.839167356
0.826723039
0.81308645
0.798076749
0.7814852
0.763077676
0.742600501
0.719789565
0.69438386
0.66614455
0.634877801
0.60046339
0.562885582
0.522265792
0.478892267
0.433511853
0.386314511
0.338105559
0.289955616
0.243138701
0.198994964
0.158743918
0.123304024
0.093178228
0.068437025
0.997333348
0.997112811
0.996856511
0.996574104
0.996275902
0.995968044
0.995651126
0.995321751
0.994974256
0.994602382
0.994200587
0.993764818
0.993292809
0.992783666
0.992236853
0.99165082
0.99102205
0.990344465
0.989610016
0.988809705
0.987935245
0.986979425
0.985936224
0.98480022
0.983565331
0.982224286
0.980768502
0.979189456
0.977479339
0.975632727
0.973646164
0.971517861
0.96924597
0.966826558
0.96425277
0.961513817
0.958595872
0.955482423
0.952155888
0.948598504
0.944792569
0.940720379
0.936363339
0.931700706
0.9267084
0.921358407
0.915618539
0.909452677
0.902821541
0.895682991
0.887991667
0.879697859
0.870744407
0.86106354
0.85057205
0.839167356
0.826723039
0.81308645
0.798076749
0.7814852
0.763077676
0.742600501
0.719789565
0.69438386
0.66614455
0.634877801
0.60046339
0.562885582
0.522265792
0.478892267
0.433511853
0.386314511
0.338105559
0.289955616
0.243138701
0.198994964
0.158743918
0.123304024
0.093178228
0.068437025
0.997333348
0.997112811
0.996856511
0.996574104
0.996275902
0.995968044
0.995651126
0.995321751
0.994974256
0.994602382
0.994200587
0.993764818
0.993292809
0.992783666
0.992236853
0.99165082
0.99102205
0.990344465
0.989610016
0.988809705
0.987935245
0.986979425
0.985936224
0.98480022
0.983565331
0.982224286
0.980768502
0.979189456
0.977479339
0.975632727
0.973646164
0.971517861
0.96924597
0.966826558
0.96425277
0.961513817
0.958595872
0.955482423
0.952155888
0.948598504
0.944792569
0.940720379
0.936363339
0.931700706
0.9267084
0.921358407
0.915618539
0.909452677
0.902821541
0.895682991
0.887991667
0.879697859
0.870744407
0.86106354
0.85057205
0.839167356
0.826723039
0.81308645
0.798076749
0.7814852
0.763077676
0.742600501
0.719789565
0.69438386
0.66614455
0.634877801
0.60046339
0.562885582
0.522265792
0.478892267
0.433511853
0.386314511
0.338105559
0.289955616
0.243138701
0.198994964
0.158743918
0.123304024
0.093178228
0.068437025
0.997333348
0.997112811
0.996856511
0.996574104
0.996275902
0.995968044
0.995651126
0.995321751
0.994974256
0.994602382
0.994200587
0.993764818
0.993292809
0.992783666
0.992236853
0.99165082
0.99102205
0.990344465
0.989610016
0.988809705
0.987935245
0.986979425
0.985936224
0.98480022
0.983565331
0.982224286
0.980768502
0.979189456
0.977479339
0.975632727
0.973646164
0.971517861
0.96924597
0.966826558
0.96425277
0.961513817
0.958595872
0.955482423
0.952155888
0.948598504
0.944792569
0.940720379
0.936363339
0.931700706
0.9267084
0.921358407
0.915618539
0.909452677
0.902821541
0.895682991
0.887991667
0.879697859
0.870744407
0.86106354
0.85057205
0.839167356
0.826723039
0.81308645
0.798076749
0.7814852
0.763077676
0.742600501
0.719789565
0.69438386
0.66614455
0.634877801
0.60046339
0.562885582
0.522265792
0.478892267
0.433511853
0.386314511
0.338105559
0.289955616
0.243138701
0.198994964
0.158743918
0.123304024
0.093178228
0.068437025
0.997333348
0.997112811
0.996856511
0.996574104
0.996275902
0.995968044
0.995651126
0.995321751
0.994974256
0.994602382
0.994200587
0.993764818
0.993292809
0.992783666
0.992236853
0.99165082
0.99102205
0.990344465
0.989610016
0.988809705
0.987935245
0.986979425
0.985936224
0.98480022
0.983565331
0.982224286
0.980768502
0.979189456
0.977479339
0.975632727
0.973646164
0.971517861
0.96924597
0.966826558
0.96425277
0.961513817
0.958595872
0.955482423
0.952155888
0.948598504
0.944792569
0.940720379
0.936363339
0.931700706
0.9267084
0.921358407
0.915618539
0.909452677
0.902821541
0.895682991
0.887991667
0.879697859
0.870744407
0.86106354
0.85057205
0.839167356
0.826723039
0.81308645
0.798076749
0.7814852
0.763077676
0.742600501
0.719789565
0.69438386
0.66614455
0.634877801
0.60046339
0.562885582
0.522265792
0.478892267
0.433511853
0.386314511
0.338105559
0.289955616
0.243138701
0.198994964
0.158743918
0.123304024
0.093178228
0.068437025
0.997333348
0.997112811
0.996856511
0.996574104
0.996275902
0.995968044
0.995651126
0.995321751
0.994974256
0.994602382
0.994200587
0.993764818
0.993292809
0.992783666
0.992236853
0.99165082
0.99102205
0.990344465
0.989610016
0.988809705
0.987935245
0.986979425
0.985936224
0.98480022
0.983565331
0.982224286
0.980768502
0.979189456
0.977479339
0.975632727
0.973646164
0.971517861
0.96924597
0.966826558
0.96425277
0.961513817
0.958595872
0.955482423
0.952155888
0.948598504
0.944792569
0.940720379
0.936363339
0.931700706
0.9267084
0.921358407
0.915618539
0.909452677
0.902821541
0.895682991
0.887991667
0.879697859
0.870744407
0.86106354
0.85057205
0.839167356
0.826723039
0.81308645
0.798076749
0.7814852
0.763077676
0.742600501
0.719789565
0.69438386
0.66614455
0.634877801
0.60046339
0.562885582
0.522265792
0.478892267
0.433511853
0.386314511
0.338105559
0.289955616
0.243138701
0.198994964
0.158743918
0.123304024
0.093178228
0.068437025
0.997333348
0.997112811
0.996856511
0.996574104
0.996275902
0.995968044
0.995651126
0.995321751
0.994974256
0.994602382
0.994200587
0.993764818
0.993292809
0.992783666
0.992236853
0.99165082
0.99102205
0.990344465
0.989610016
0.988809705
0.987935245
0.986979425
0.985936224
0.98480022
0.983565331
0.982224286
0.980768502
0.979189456
0.977479339
0.975632727
0.973646164
0.971517861
0.96924597
0.966826558
0.96425277
0.961513817
0.958595872
0.955482423
0.952155888
0.948598504
0.944792569
0.940720379
0.936363339
0.931700706
0.9267084
0.921358407
0.915618539
0.909452677
0.902821541
0.895682991
0.887991667
0.879697859
0.870744407
0.86106354
0.85057205
0.839167356
0.826723039
0.81308645
0.798076749
0.7814852
0.763077676
0.742600501
0.719789565
0.69438386
0.66614455
0.634877801
0.60046339
0.562885582
0.522265792
0.478892267
0.433511853
0.386314511
0.338105559
0.289955616
0.243138701
0.198994964
0.158743918
0.123304024
0.093178228
0.068437025
0.997333348
0.997112811
0.996856511
0.996574104
0.996275902
0.995968044
0.995651126
0.995321751
0.994974256
0.994602382
0.994200587
0.993764818
0.993292809
0.992783666
0.992236853
0.99165082
0.99102205
0.990344465
0.989610016
0.988809705
0.987935245
0.986979425
0.985936224
0.98480022
0.983565331
0.982224286
0.980768502
0.979189456
0.977479339
0.975632727
0.973646164
0.971517861
0.96924597
0.966826558
0.96425277
0.961513817
0.958595872
0.955482423
0.952155888
0.948598504
0.944792569
0.940720379
0.936363339
0.931700706
0.9267084
0.921358407
0.915618539
0.909452677
0.902821541
0.895682991
0.887991667
0.879697859
0.870744407
0.86106354
0.85057205
0.839167356
0.826723039
0.81308645
0.798076749
0.7814852
0.763077676
0.742600501
0.719789565
0.69438386
0.66614455
0.634877801
0.60046339
0.562885582
0.522265792
0.478892267
0.433511853
0.386314511
0.338105559
0.289955616
0.243138701
0.198994964
0.158743918
0.123304024
0.093178228
0.068437025
0.997333348
0.997112811
0.996856511
0.996574104
0.996275902
0.995968044
0.995651126
0.995321751
0.994974256
0.994602382
0.994200587
0.993764818
0.993292809
0.992783666
0.992236853
0.99165082
0.99102205
0.990344465
0.989610016
0.988809705
0.987935245
0.986979425
0.985936224
0.98480022
0.983565331
0.982224286
0.980768502
0.979189456
0.977479339
0.975632727
0.973646164
0.971517861
0.96924597
0.966826558
0.96425277
0.961513817
0.958595872
0.955482423
0.952155888
0.948598504
0.944792569
0.940720379
0.936363339
0.931700706
0.9267084
0.921358407
0.915618539
0.909452677
0.902821541
0.895682991
0.887991667
0.879697859
0.870744407
0.86106354
0.85057205
0.839167356
0.826723039
0.81308645
0.798076749
0.7814852
0.763077676
0.742600501
0.719789565
0.69438386
0.66614455
0.634877801
0.60046339
0.562885582
0.522265792
0.478892267
0.433511853
0.386314511
0.338105559
0.289955616
0.243138701
0.198994964
0.158743918
0.123304024
0.093178228
0.068437025
0.997333348
0.997112811
0.996856511
0.996574104
0.996275902
0.995968044
0.995651126
0.995321751
0.994974256
0.994602382
0.994200587
0.993764818
0.993292809
0.992783666
0.992236853
0.99165082
0.99102205
0.990344465
0.989610016
0.988809705
0.987935245
0.986979425
0.985936224
0.98480022
0.983565331
0.982224286
0.980768502
0.979189456
0.977479339
0.975632727
0.973646164
0.971517861
0.96924597
0.966826558
0.96425277
0.961513817
0.958595872
0.955482423
0.952155888
0.948598504
0.944792569
0.940720379
0.936363339
0.931700706
0.9267084
0.921358407
0.915618539
0.909452677
0.902821541
0.895682991
0.887991667
0.879697859
0.870744407
0.86106354
0.85057205
0.839167356
0.826723039
0.81308645
0.798076749
0.7814852
0.763077676
0.742600501
0.719789565
0.69438386
0.66614455
0.634877801
0.60046339
0.562885582
0.522265792
0.478892267
0.433511853
0.386314511
0.338105559
0.289955616
0.243138701
0.198994964
0.158743918
0.123304024
0.093178228
0.068437025
0.997333348
0.997112811
0.996856511
0.996574104
0.996275902
0.995968044
0.995651126
0.995321751
0.994974256
0.994602382
0.994200587
0.993764818
0.993292809
0.992783666
0.992236853
0.99165082
0.99102205
0.990344465
0.989610016
0.988809705
0.987935245
0.986979425
0.985936224
0.98480022
0.983565331
0.982224286
0.980768502
0.979189456
0.977479339
0.975632727
0.973646164
0.971517861
0.96924597
0.966826558
0.96425277
0.961513817
0.958595872
0.955482423
0.952155888
0.948598504
0.944792569
0.940720379
0.936363339
0.931700706
0.9267084
0.921358407
0.915618539
0.909452677
0.902821541
0.895682991
0.887991667
0.879697859
0.870744407
0.86106354
0.85057205
0.839167356
0.826723039
0.81308645
0.798076749
0.7814852
0.763077676
0.742600501
0.719789565
0.69438386
0.66614455
0.634877801
0.60046339
0.562885582
0.522265792
0.478892267
0.433511853
0.386314511
0.338105559
0.289955616
0.243138701
0.198994964
0.158743918
0.123304024
0.093178228
0.068437025
0.997333348
0.997112811
0.996856511
0.996574104
0.996275902
0.995968044
0.995651126
0.995321751
0.994974256
0.994602382
0.994200587
0.993764818
0.993292809
0.992783666
0.992236853
0.99165082
0.99102205
0.990344465
0.989610016
0.988809705
0.987935245
0.986979425
0.985936224
0.98480022
0.983565331
0.982224286
0.980768502
0.979189456
0.977479339
0.975632727
0.973646164
0.971517861
0.96924597
0.966826558
0.96425277
0.961513817
0.958595872
0.955482423
0.952155888
0.948598504
0.944792569
0.940720379
0.936363339
0.931700706
0.9267084
0.921358407
0.915618539
0.909452677
0.902821541
0.895682991
0.887991667
0.879697859
0.870744407
0.86106354
0.85057205
0.839167356
0.826723039
0.81308645
0.798076749
0.7814852
0.763077676
0.742600501
0.719789565
0.69438386
0.66614455
0.634877801
0.60046339
0.562885582
0.522265792
0.478892267
0.433511853
0.386314511
0.338105559
0.289955616
0.243138701
0.198994964
0.158743918
0.123304024
0.093178228
0.068437025
0.997333348
0.997112811
0.996856511
0.996574104
0.996275902
0.995968044
0.995651126
0.995321751
0.994974256
0.994602382
0.994200587
0.993764818
0.993292809
0.992783666
0.992236853
0.99165082
0.99102205
0.990344465
0.989610016
0.988809705
0.987935245
0.986979425
0.985936224
0.98480022
0.983565331
0.982224286
0.980768502
0.979189456
0.977479339
0.975632727
0.973646164
0.971517861
0.96924597
0.966826558
0.96425277
0.961513817
0.958595872
0.955482423
0.952155888
0.948598504
0.944792569
0.940720379
0.936363339
0.931700706
0.9267084
0.921358407
0.915618539
0.909452677
0.902821541
0.895682991
0.887991667
0.879697859
0.870744407
0.86106354
0.85057205
0.839167356
0.826723039
0.81308645
0.798076749
0.7814852
0.763077676
0.742600501
0.719789565
0.69438386
0.66614455
0.634877801
0.60046339
0.562885582
0.522265792
0.478892267
0.433511853
0.386314511
0.338105559
0.289955616
0.243138701
0.198994964
0.158743918
0.123304024
0.093178228
0.068437025
0.997333348
0.997112811
0.996856511
0.996574104
0.996275902
0.995968044
0.995651126
0.995321751
0.994974256
0.994602382
0.994200587
0.993764818
0.993292809
0.992783666
0.992236853
0.99165082
0.99102205
0.990344465
0.989610016
0.988809705
0.987935245
0.986979425
0.985936224
0.98480022
0.983565331
0.982224286
0.980768502
0.979189456
0.977479339
0.975632727
0.973646164
0.971517861
0.96924597
0.966826558
0.96425277
0.961513817
0.958595872
0.955482423
0.952155888
0.948598504
0.944792569
0.940720379
0.936363339
0.931700706
0.9267084
0.921358407
0.915618539
0.909452677
0.902821541
0.895682991
0.887991667
0.879697859
0.870744407
0.86106354
0.85057205
0.839167356
0.826723039
0.81308645
0.798076749
0.7814852
0.763077676
0.742600501
0.719789565
0.69438386
0.66614455
0.634877801
0.60046339
0.562885582
0.522265792
0.478892267
0.433511853
0.386314511
0.338105559
0.289955616
0.243138701
0.198994964
0.158743918
0.123304024
0.093178228
0.068437025
0.997333348
0.997112811
0.996856511
0.996574104
0.996275902
0.995968044
0.995651126
0.995321751
0.994974256
0.994602382
0.994200587
0.993764818
0.993292809
0.992783666
0.992236853
0.99165082
0.99102205
0.990344465
0.989610016
0.988809705
0.987935245
0.986979425
0.985936224
0.98480022
0.983565331
0.982224286
0.980768502
0.979189456
0.977479339
0.975632727
0.973646164
0.971517861
0.96924597
0.966826558
0.96425277
0.961513817
0.958595872
0.955482423
0.952155888
0.948598504
0.944792569
0.940720379
0.936363339
0.931700706
0.9267084
0.921358407
0.915618539
0.909452677
0.902821541
0.895682991
0.887991667
0.879697859
0.870744407
0.86106354
0.85057205
0.839167356
0.826723039
0.81308645
0.798076749
0.7814852
0.763077676
0.742600501
0.719789565
0.69438386
0.66614455
0.634877801
0.60046339
0.562885582
0.522265792
0.478892267
0.433511853
0.386314511
0.338105559
0.289955616
0.243138701
0.198994964
0.158743918
0.123304024
0.093178228
0.068437025
0.997333348
0.997112811
0.996856511
0.996574104
0.996275902
0.995968044
0.995651126
0.995321751
0.994974256
0.994602382
0.994200587
0.993764818
0.993292809
0.992783666
0.992236853
0.99165082
0.99102205
0.990344465
0.989610016
0.988809705
0.987935245
0.986979425
0.985936224
0.98480022
0.983565331
0.982224286
0.980768502
0.979189456
0.977479339
0.975632727
0.973646164
0.971517861
0.96924597
0.966826558
0.96425277
0.961513817
0.958595872
0.955482423
0.952155888
0.948598504
0.944792569
0.940720379
0.936363339
0.931700706
0.9267084
0.921358407
0.915618539
0.909452677
0.902821541
0.895682991
0.887991667
0.879697859
0.870744407
0.86106354
0.85057205
0.839167356
0.826723039
0.81308645
0.798076749
0.7814852
0.763077676
0.742600501
0.719789565
0.69438386
0.66614455
0.634877801
0.60046339
0.562885582
0.522265792
0.478892267
0.433511853
0.386314511
0.338105559
0.289955616
0.243138701
0.198994964
0.158743918
0.123304024
0.093178228
0.068437025
0.997333348
0.997112811
0.996856511
0.996574104
0.996275902
0.995968044
0.995651126
0.995321751
0.994974256
0.994602382
0.994200587
0.993764818
0.993292809
0.992783666
0.992236853
0.99165082
0.99102205
0.990344465
0.989610016
0.988809705
0.987935245
0.986979425
0.985936224
0.98480022
0.983565331
0.982224286
0.980768502
0.979189456
0.977479339
0.975632727
0.973646164
0.971517861
0.96924597
0.966826558
0.96425277
0.961513817
0.958595872
0.955482423
0.952155888
0.948598504
0.944792569
0.940720379
0.936363339
0.931700706
0.9267084
0.921358407
0.915618539
0.909452677
0.902821541
0.895682991
0.887991667
0.879697859
0.870744407
0.86106354
0.85057205
0.839167356
0.826723039
0.81308645
0.798076749
0.7814852
0.763077676
0.742600501
0.719789565
0.69438386
0.66614455
0.634877801
0.60046339
0.562885582
0.522265792
0.478892267
0.433511853
0.386314511
0.338105559
0.289955616
0.243138701
0.198994964
0.158743918
0.123304024
0.093178228
0.068437025
0.997333348
0.997112811
0.996856511
0.996574104
0.996275902
0.995968044
0.995651126
0.995321751
0.994974256
0.994602382
0.994200587
0.993764818
0.993292809
0.992783666
0.992236853
0.99165082
0.99102205
0.990344465
0.989610016
0.988809705
0.987935245
0.986979425
0.985936224
0.98480022
0.983565331
0.982224286
0.980768502
0.979189456
0.977479339
0.975632727
0.973646164
0.971517861
0.96924597
0.966826558
0.96425277
0.961513817
0.958595872
0.955482423
0.952155888
0.948598504
0.944792569
0.940720379
0.936363339
0.931700706
0.9267084
0.921358407
0.915618539
0.909452677
0.902821541
0.895682991
0.887991667
0.879697859
0.870744407
0.86106354
0.85057205
0.839167356
0.826723039
0.81308645
0.798076749
0.7814852
0.763077676
0.742600501
0.719789565
0.69438386
0.66614455
0.634877801
0.60046339
0.562885582
0.522265792
0.478892267
0.433511853
0.386314511
0.338105559
0.289955616
0.243138701
0.198994964
0.158743918
0.123304024
0.093178228
0.068437025
0.997333348
0.997112811
0.996856511
0.996574104
0.996275902
0.995968044
0.995651126
0.995321751
0.994974256
0.994602382
0.994200587
0.993764818
0.993292809
0.992783666
0.992236853
0.99165082
0.99102205
0.990344465
0.989610016
0.988809705
0.987935245
0.986979425
0.985936224
0.98480022
0.983565331
0.982224286
0.980768502
0.979189456
0.977479339
0.975632727
0.973646164
0.971517861
0.96924597
0.966826558
0.96425277
0.961513817
0.958595872
0.955482423
0.952155888
0.948598504
0.944792569
0.940720379
0.936363339
0.931700706
0.9267084
0.921358407
0.915618539
0.909452677
0.902821541
0.895682991
0.887991667
0.879697859
0.870744407
0.86106354
0.85057205
0.839167356
0.826723039
0.81308645
0.798076749
0.7814852
0.763077676
0.742600501
0.719789565
0.69438386
0.66614455
0.634877801
0.60046339
0.562885582
0.522265792
0.478892267
0.433511853
0.386314511
0.338105559
0.289955616
0.243138701
0.198994964
0.158743918
0.123304024
0.093178228
0.068437025
0.997333348
0.997112811
0.996856511
0.996574104
0.996275902
0.995968044
0.995651126
0.995321751
0.994974256
0.994602382
0.994200587
0.993764818
0.993292809
0.992783666
0.992236853
0.99165082
0.99102205
0.990344465
0.989610016
0.988809705
0.987935245
0.986979425
0.985936224
0.98480022
0.983565331
0.982224286
0.980768502
0.979189456
0.977479339
0.975632727
0.973646164
0.971517861
0.96924597
0.966826558
0.96425277
0.961513817
0.958595872
0.955482423
0.952155888
0.948598504
0.944792569
0.940720379
0.936363339
0.931700706
0.9267084
0.921358407
0.915618539
0.909452677
0.902821541
0.895682991
0.887991667
0.879697859
0.870744407
0.86106354
0.85057205
0.839167356
0.826723039
0.81308645
0.798076749
0.7814852
0.763077676
0.742600501
0.719789565
0.69438386
0.66614455
0.634877801
0.60046339
0.562885582
0.522265792
0.478892267
0.433511853
0.386314511
0.338105559
0.289955616
0.243138701
0.198994964
0.158743918
0.123304024
0.093178228
0.068437025
0.997333348
0.997112811
0.996856511
0.996574104
0.996275902
0.995968044
0.995651126
0.995321751
0.994974256
0.994602382
0.994200587
0.993764818
0.993292809
0.992783666
0.992236853
0.99165082
0.99102205
0.990344465
0.989610016
0.988809705
0.987935245
0.986979425
0.985936224
0.98480022
0.983565331
0.982224286
0.980768502
0.979189456
0.977479339
0.975632727
0.973646164
0.971517861
0.96924597
0.966826558
0.96425277
0.961513817
0.958595872
0.955482423
0.952155888
0.948598504
0.944792569
0.940720379
0.936363339
0.931700706
0.9267084
0.921358407
0.915618539
0.909452677
0.902821541
0.895682991
0.887991667
0.879697859
0.870744407
0.86106354
0.85057205
0.839167356
0.826723039
0.81308645
0.798076749
0.7814852
0.763077676
0.742600501
0.719789565
0.69438386
0.66614455
0.634877801
0.60046339
0.562885582
0.522265792
0.478892267
0.433511853
0.386314511
0.338105559
0.289955616
0.243138701
0.198994964
0.158743918
0.123304024
0.093178228
0.068437025
0.997333348
0.997112811
0.996856511
0.996574104
0.996275902
0.995968044
0.995651126
0.995321751
0.994974256
0.994602382
0.994200587
0.993764818
0.993292809
0.992783666
0.992236853
0.99165082
0.99102205
0.990344465
0.989610016
0.988809705
0.987935245
0.986979425
0.985936224
0.98480022
0.983565331
0.982224286
0.980768502
0.979189456
0.977479339
0.975632727
0.973646164
0.971517861
0.96924597
0.966826558
0.96425277
0.961513817
0.958595872
0.955482423
0.952155888
0.948598504
0.944792569
0.940720379
0.936363339
0.931700706
0.9267084
0.921358407
0.915618539
0.909452677
0.902821541
0.895682991
0.887991667
0.879697859
0.870744407
0.86106354
0.85057205
0.839167356
0.826723039
0.81308645
0.798076749
0.7814852
0.763077676
0.742600501
0.719789565
0.69438386
0.66614455
0.634877801
0.60046339
0.562885582
0.522265792
0.478892267
0.433511853
0.386314511
0.338105559
0.289955616
0.243138701
0.198994964
0.158743918
0.123304024
0.093178228
0.068437025
0.997333348
0.997112811
0.996856511
0.996574104
0.996275902
0.995968044
0.995651126
0.995321751
0.994974256
0.994602382
0.994200587
0.993764818
0.993292809
0.992783666
0.992236853
0.99165082
0.99102205
0.990344465
0.989610016
0.988809705
0.987935245
0.986979425
0.985936224
0.98480022
0.983565331
0.982224286
0.980768502
0.979189456
0.977479339
0.975632727
0.973646164
0.971517861
0.96924597
0.966826558
0.96425277
0.961513817
0.958595872
0.955482423
0.952155888
0.948598504
0.944792569
0.940720379
0.936363339
0.931700706
0.9267084
0.921358407
0.915618539
0.909452677
0.902821541
0.895682991
0.887991667
0.879697859
0.870744407
0.86106354
0.85057205
0.839167356
0.826723039
0.81308645
0.798076749
0.7814852
0.763077676
0.742600501
0.719789565
0.69438386
0.66614455
0.634877801
0.60046339
0.562885582
0.522265792
0.478892267
0.433511853
0.386314511
0.338105559
0.289955616
0.243138701
0.198994964
0.158743918
0.123304024
0.093178228
0.068437025
0.997333348
0.997112811
0.996856511
0.996574104
0.996275902
0.995968044
0.995651126
0.995321751
0.994974256
0.994602382
0.994200587
0.993764818
0.993292809
0.992783666
0.992236853
0.99165082
0.99102205
0.990344465
0.989610016
0.988809705
0.987935245
0.986979425
0.985936224
0.98480022
0.983565331
0.982224286
0.980768502
0.979189456
0.977479339
0.975632727
0.973646164
0.971517861
0.96924597
0.966826558
0.96425277
0.961513817
0.958595872
0.955482423
0.952155888
0.948598504
0.944792569
0.940720379
0.936363339
0.931700706
0.9267084
0.921358407
0.915618539
0.909452677
0.902821541
0.895682991
0.887991667
0.879697859
0.870744407
0.86106354
0.85057205
0.839167356
0.826723039
0.81308645
0.798076749
0.7814852
0.763077676
0.742600501
0.719789565
0.69438386
0.66614455
0.634877801
0.60046339
0.562885582
0.522265792
0.478892267
0.433511853
0.386314511
0.338105559
0.289955616
0.243138701
0.198994964
0.158743918
0.123304024
0.093178228
0.068437025
0.997333348
0.997112811
0.996856511
0.996574104
0.996275902
0.995968044
0.995651126
0.995321751
0.994974256
0.994602382
0.994200587
0.993764818
0.993292809
0.992783666
0.992236853
0.99165082
0.99102205
0.990344465
0.989610016
0.988809705
0.987935245
0.986979425
0.985936224
0.98480022
0.983565331
0.982224286
0.980768502
0.979189456
0.977479339
0.975632727
0.973646164
0.971517861
0.96924597
0.966826558
0.96425277
0.961513817
0.958595872
0.955482423
0.952155888
0.948598504
0.944792569
0.940720379
0.936363339
0.931700706
0.9267084
0.921358407
0.915618539
0.909452677
0.902821541
0.895682991
0.887991667
0.879697859
0.870744407
0.86106354
0.85057205
0.839167356
0.826723039
0.81308645
0.798076749
0.7814852
0.763077676
0.742600501
0.719789565
0.69438386
0.66614455
0.634877801
0.60046339
0.562885582
0.522265792
0.478892267
0.433511853
0.386314511
0.338105559
0.289955616
0.243138701
0.198994964
0.158743918
0.123304024
0.093178228
0.068437025
0.997333348
0.997112811
0.996856511
0.996574104
0.996275902
0.995968044
0.995651126
0.995321751
0.994974256
0.994602382
0.994200587
0.993764818
0.993292809
0.992783666
0.992236853
0.99165082
0.99102205
0.990344465
0.989610016
0.988809705
0.987935245
0.986979425
0.985936224
0.98480022
0.983565331
0.982224286
0.980768502
0.979189456
0.977479339
0.975632727
0.973646164
0.971517861
0.96924597
0.966826558
0.96425277
0.961513817
0.958595872
0.955482423
0.952155888
0.948598504
0.944792569
0.940720379
0.936363339
0.931700706
0.9267084
0.921358407
0.915618539
0.909452677
0.902821541
0.895682991
0.887991667
0.879697859
0.870744407
0.86106354
0.85057205
0.839167356
0.826723039
0.81308645
0.798076749
0.7814852
0.763077676
0.742600501
0.719789565
0.69438386
0.66614455
0.634877801
0.60046339
0.562885582
0.522265792
0.478892267
0.433511853
0.386314511
0.338105559
0.289955616
0.243138701
0.198994964
0.158743918
0.123304024
0.093178228
0.068437025
0.997333348
0.997112811
0.996856511
0.996574104
0.996275902
0.995968044
0.995651126
0.995321751
0.994974256
0.994602382
0.994200587
0.993764818
0.993292809
0.992783666
0.992236853
0.99165082
0.99102205
0.990344465
0.989610016
0.988809705
0.987935245
0.986979425
0.985936224
0.98480022
0.983565331
0.982224286
0.980768502
0.979189456
0.977479339
0.975632727
0.973646164
0.971517861
0.96924597
0.966826558
0.96425277
0.961513817
0.958595872
0.955482423
0.952155888
0.948598504
0.944792569
0.940720379
0.936363339
0.931700706
0.9267084
0.921358407
0.915618539
0.909452677
0.902821541
0.895682991
0.887991667
0.879697859
0.870744407
0.86106354
0.85057205
0.839167356
0.826723039
0.81308645
0.798076749
0.7814852
0.763077676
0.742600501
0.719789565
0.69438386
0.66614455
0.634877801
0.60046339
0.562885582
0.522265792
0.478892267
0.433511853
0.386314511
0.338105559
0.289955616
0.243138701
0.198994964
0.158743918
0.123304024
0.093178228
0.068437025
0.997333348
0.997112811
0.996856511
0.996574104
0.996275902
0.995968044
0.995651126
0.995321751
0.994974256
0.994602382
0.994200587
0.993764818
0.993292809
0.992783666
0.992236853
0.99165082
0.99102205
0.990344465
0.989610016
0.988809705
0.987935245
0.986979425
0.985936224
0.98480022
0.983565331
0.982224286
0.980768502
0.979189456
0.977479339
0.975632727
0.973646164
0.971517861
0.96924597
0.966826558
0.96425277
0.961513817
0.958595872
0.955482423
0.952155888
0.948598504
0.944792569
0.940720379
0.936363339
0.931700706
0.9267084
0.921358407
0.915618539
0.909452677
0.902821541
0.895682991
0.887991667
0.879697859
0.870744407
0.86106354
0.85057205
0.839167356
0.826723039
0.81308645
0.798076749
0.7814852
0.763077676
0.742600501
0.719789565
0.69438386
0.66614455
0.634877801
0.60046339
0.562885582
0.522265792
0.478892267
0.433511853
0.386314511
0.338105559
0.289955616
0.243138701
0.198994964
0.158743918
0.123304024
0.093178228
0.068437025
0.997333348
0.997112811
0.996856511
0.996574104
0.996275902
0.995968044
0.995651126
0.995321751
0.994974256
0.994602382
0.994200587
0.993764818
0.993292809
0.992783666
0.992236853
0.99165082
0.99102205
0.990344465
0.989610016
0.988809705
0.987935245
0.986979425
0.985936224
0.98480022
0.983565331
0.982224286
0.980768502
0.979189456
0.977479339
0.975632727
0.973646164
0.971517861
0.96924597
0.966826558
0.96425277
0.961513817
0.958595872
0.955482423
0.952155888
0.948598504
0.944792569
0.940720379
0.936363339
0.931700706
0.9267084
0.921358407
0.915618539
0.909452677
0.902821541
0.895682991
0.887991667
0.879697859
0.870744407
0.86106354
0.85057205
0.839167356
0.826723039
0.81308645
0.798076749
0.7814852
0.763077676
0.742600501
0.719789565
0.69438386
0.66614455
0.634877801
0.60046339
0.562885582
0.522265792
0.478892267
0.433511853
0.386314511
0.338105559
0.289955616
0.243138701
0.198994964
0.158743918
0.123304024
0.093178228
0.068437025
0.997333348
0.997112811
0.996856511
0.996574104
0.996275902
0.995968044
0.995651126
0.995321751
0.994974256
0.994602382
0.994200587
0.993764818
0.993292809
0.992783666
0.992236853
0.99165082
0.99102205
0.990344465
0.989610016
0.988809705
0.987935245
0.986979425
0.985936224
0.98480022
0.983565331
0.982224286
0.980768502
0.979189456
0.977479339
0.975632727
0.973646164
0.971517861
0.96924597
0.966826558
0.96425277
0.961513817
0.958595872
0.955482423
0.952155888
0.948598504
0.944792569
0.940720379
0.936363339
0.931700706
0.9267084
0.921358407
0.915618539
0.909452677
0.902821541
0.895682991
0.887991667
0.879697859
0.870744407
0.86106354
0.85057205
0.839167356
0.826723039
0.81308645
0.798076749
0.7814852
0.763077676
0.742600501
0.719789565
0.69438386
0.66614455
0.634877801
0.60046339
0.562885582
0.522265792
0.478892267
0.433511853
0.386314511
0.338105559
0.289955616
0.243138701
0.198994964
0.158743918
0.123304024
0.093178228
0.068437025
0.997333348
0.997112811
0.996856511
0.996574104
0.996275902
0.995968044
0.995651126
0.995321751
0.994974256
0.994602382
0.994200587
0.993764818
0.993292809
0.992783666
0.992236853
0.99165082
0.99102205
0.990344465
0.989610016
0.988809705
0.987935245
0.986979425
0.985936224
0.98480022
0.983565331
0.982224286
0.980768502
0.979189456
0.977479339
0.975632727
0.973646164
0.971517861
0.96924597
0.966826558
0.96425277
0.961513817
0.958595872
0.955482423
0.952155888
0.948598504
0.944792569
0.940720379
0.936363339
0.931700706
0.9267084
0.921358407
0.915618539
0.909452677
0.902821541
0.895682991
0.887991667
0.879697859
0.870744407
0.86106354
0.85057205
0.839167356
0.826723039
0.81308645
0.798076749
0.7814852
0.763077676
0.742600501
0.719789565
0.69438386
0.66614455
0.634877801
0.60046339
0.562885582
0.522265792
0.478892267
0.433511853
0.386314511
0.338105559
0.289955616
0.243138701
0.198994964
0.158743918
0.123304024
0.093178228
0.068437025
0.997333348
0.997112811
0.996856511
0.996574104
0.996275902
0.995968044
0.995651126
0.995321751
0.994974256
0.994602382
0.994200587
0.993764818
0.993292809
0.992783666
0.992236853
0.99165082
0.99102205
0.990344465
0.989610016
0.988809705
0.987935245
0.986979425
0.985936224
0.98480022
0.983565331
0.982224286
0.980768502
0.979189456
0.977479339
0.975632727
0.973646164
0.971517861
0.96924597
0.966826558
0.96425277
0.961513817
0.958595872
0.955482423
0.952155888
0.948598504
0.944792569
0.940720379
0.936363339
0.931700706
0.9267084
0.921358407
0.915618539
0.909452677
0.902821541
0.895682991
0.887991667
0.879697859
0.870744407
0.86106354
0.85057205
0.839167356
0.826723039
0.81308645
0.798076749
0.7814852
0.763077676
0.742600501
0.719789565
0.69438386
0.66614455
0.634877801
0.60046339
0.562885582
0.522265792
0.478892267
0.433511853
0.386314511
0.338105559
0.289955616
0.243138701
0.198994964
0.158743918
0.123304024
0.093178228
0.068437025
0.997333348
0.997112811
0.996856511
0.996574104
0.996275902
0.995968044
0.995651126
0.995321751
0.994974256
0.994602382
0.994200587
0.993764818
0.993292809
0.992783666
0.992236853
0.99165082
0.99102205
0.990344465
0.989610016
0.988809705
0.987935245
0.986979425
0.985936224
0.98480022
0.983565331
0.982224286
0.980768502
0.979189456
0.977479339
0.975632727
0.973646164
0.971517861
0.96924597
0.966826558
0.96425277
0.961513817
0.958595872
0.955482423
0.952155888
0.948598504
0.944792569
0.940720379
0.936363339
0.931700706
0.9267084
0.921358407
0.915618539
0.909452677
0.902821541
0.895682991
0.887991667
0.879697859
0.870744407
0.86106354
0.85057205
0.839167356
0.826723039
0.81308645
0.798076749
0.7814852
0.763077676
0.742600501
0.719789565
0.69438386
0.66614455
0.634877801
0.60046339
0.562885582
0.522265792
0.478892267
0.433511853
0.386314511
0.338105559
0.289955616
0.243138701
0.198994964
0.158743918
0.123304024
0.093178228
0.068437025
0.997333348
0.997112811
0.996856511
0.996574104
0.996275902
0.995968044
0.995651126
0.995321751
0.994974256
0.994602382
0.994200587
0.993764818
0.993292809
0.992783666
0.992236853
0.99165082
0.99102205
0.990344465
0.989610016
0.988809705
0.987935245
0.986979425
0.985936224
0.98480022
0.983565331
0.982224286
0.980768502
0.979189456
0.977479339
0.975632727
0.973646164
0.971517861
0.96924597
0.966826558
0.96425277
0.961513817
0.958595872
0.955482423
0.952155888
0.948598504
0.944792569
0.940720379
0.936363339
0.931700706
0.9267084
0.921358407
0.915618539
0.909452677
0.902821541
0.895682991
0.887991667
0.879697859
0.870744407
0.86106354
0.85057205
0.839167356
0.826723039
0.81308645
0.798076749
0.7814852
0.763077676
0.742600501
0.719789565
0.69438386
0.66614455
0.634877801
0.60046339
0.562885582
0.522265792
0.478892267
0.433511853
0.386314511
0.338105559
0.289955616
0.243138701
0.198994964
0.158743918
0.123304024
0.093178228
0.068437025
0.997333348
0.997112811
0.996856511
0.996574104
0.996275902
0.995968044
0.995651126
0.995321751
0.994974256
0.994602382
0.994200587
0.993764818
0.993292809
0.992783666
0.992236853
0.99165082
0.99102205
0.990344465
0.989610016
0.988809705
0.987935245
0.986979425
0.985936224
0.98480022
0.983565331
0.982224286
0.980768502
0.979189456
0.977479339
0.975632727
0.973646164
0.971517861
0.96924597
0.966826558
0.96425277
0.961513817
0.958595872
0.955482423
0.952155888
0.948598504
0.944792569
0.940720379
0.936363339
0.931700706
0.9267084
0.921358407
0.915618539
0.909452677
0.902821541
0.895682991
0.887991667
0.879697859
0.870744407
0.86106354
0.85057205
0.839167356
0.826723039
0.81308645
0.798076749
0.7814852
0.763077676
0.742600501
0.719789565
0.69438386
0.66614455
0.634877801
0.60046339
0.562885582
0.522265792
0.478892267
0.433511853
0.386314511
0.338105559
0.289955616
0.243138701
0.198994964
0.158743918
0.123304024
0.093178228
0.068437025
0.997333348
0.997112811
0.996856511
0.996574104
0.996275902
0.995968044
0.995651126
0.995321751
0.994974256
0.994602382
0.994200587
0.993764818
0.993292809
0.992783666
0.992236853
0.99165082
0.99102205
0.990344465
0.989610016
0.988809705
0.987935245
0.986979425
0.985936224
0.98480022
0.983565331
0.982224286
0.980768502
0.979189456
0.977479339
0.975632727
0.973646164
0.971517861
0.96924597
0.966826558
0.96425277
0.961513817
0.958595872
0.955482423
0.952155888
0.948598504
0.944792569
0.940720379
0.936363339
0.931700706
0.9267084
0.921358407
0.915618539
0.909452677
0.902821541
0.895682991
0.887991667
0.879697859
0.870744407
0.86106354
0.85057205
0.839167356
0.826723039
0.81308645
0.798076749
0.7814852
0.763077676
0.742600501
0.719789565
0.69438386
0.66614455
0.634877801
0.60046339
0.562885582
0.522265792
0.478892267
0.433511853
0.386314511
0.338105559
0.289955616
0.243138701
0.198994964
0.158743918
0.123304024
0.093178228
0.068437025
0.997333348
0.997112811
0.996856511
0.996574104
0.996275902
0.995968044
0.995651126
0.995321751
0.994974256
0.994602382
0.994200587
0.993764818
0.993292809
0.992783666
0.992236853
0.99165082
0.99102205
0.990344465
0.989610016
0.988809705
0.987935245
0.986979425
0.985936224
0.98480022
0.983565331
0.982224286
0.980768502
0.979189456
0.977479339
0.975632727
0.973646164
0.971517861
0.96924597
0.966826558
0.96425277
0.961513817
0.958595872
0.955482423
0.952155888
0.948598504
0.944792569
0.940720379
0.936363339
0.931700706
0.9267084
0.921358407
0.915618539
0.909452677
0.902821541
0.895682991
0.887991667
0.879697859
0.870744407
0.86106354
0.85057205
0.839167356
0.826723039
0.81308645
0.798076749
0.7814852
0.763077676
0.742600501
0.719789565
0.69438386
0.66614455
0.634877801
0.60046339
0.562885582
0.522265792
0.478892267
0.433511853
0.386314511
0.338105559
0.289955616
0.243138701
0.198994964
0.158743918
0.123304024
0.093178228
0.068437025
0.997333348
0.997112811
0.996856511
0.996574104
0.996275902
0.995968044
0.995651126
0.995321751
0.994974256
0.994602382
0.994200587
0.993764818
0.993292809
0.992783666
0.992236853
0.99165082
0.99102205
0.990344465
0.989610016
0.988809705
0.987935245
0.986979425
0.985936224
0.98480022
0.983565331
0.982224286
0.980768502
0.979189456
0.977479339
0.975632727
0.973646164
0.971517861
0.96924597
0.966826558
0.96425277
0.961513817
0.958595872
0.955482423
0.952155888
0.948598504
0.944792569
0.940720379
0.936363339
0.931700706
0.9267084
0.921358407
0.915618539
0.909452677
0.902821541
0.895682991
0.887991667
0.879697859
0.870744407
0.86106354
0.85057205
0.839167356
0.826723039
0.81308645
0.798076749
0.7814852
0.763077676
0.742600501
0.719789565
0.69438386
0.66614455
0.634877801
0.60046339
0.562885582
0.522265792
0.478892267
0.433511853
0.386314511
0.338105559
0.289955616
0.243138701
0.198994964
0.158743918
0.123304024
0.093178228
0.068437025
0.997333348
0.997112811
0.996856511
0.996574104
0.996275902
0.995968044
0.995651126
0.995321751
0.994974256
0.994602382
0.994200587
0.993764818
0.993292809
0.992783666
0.992236853
0.99165082
0.99102205
0.990344465
0.989610016
0.988809705
0.987935245
0.986979425
0.985936224
0.98480022
0.983565331
0.982224286
0.980768502
0.979189456
0.977479339
0.975632727
0.973646164
0.971517861
0.96924597
0.966826558
0.96425277
0.961513817
0.958595872
0.955482423
0.952155888
0.948598504
0.944792569
0.940720379
0.936363339
0.931700706
0.9267084
0.921358407
0.915618539
0.909452677
0.902821541
0.895682991
0.887991667
0.879697859
0.870744407
0.86106354
0.85057205
0.839167356
0.826723039
0.81308645
0.798076749
0.7814852
0.763077676
0.742600501
0.719789565
0.69438386
0.66614455
0.634877801
0.60046339
0.562885582
0.522265792
0.478892267
0.433511853
0.386314511
0.338105559
0.289955616
0.243138701
0.198994964
0.158743918
0.123304024
0.093178228
0.068437025
0.997333348
0.997112811
0.996856511
0.996574104
0.996275902
0.995968044
0.995651126
0.995321751
0.994974256
0.994602382
0.994200587
0.993764818
0.993292809
0.992783666
0.992236853
0.99165082
0.99102205
0.990344465
0.989610016
0.988809705
0.987935245
0.986979425
0.985936224
0.98480022
0.983565331
0.982224286
0.980768502
0.979189456
0.977479339
0.975632727
0.973646164
0.971517861
0.96924597
0.966826558
0.96425277
0.961513817
0.958595872
0.955482423
0.952155888
0.948598504
0.944792569
0.940720379
0.936363339
0.931700706
0.9267084
0.921358407
0.915618539
0.909452677
0.902821541
0.895682991
0.887991667
0.879697859
0.870744407
0.86106354
0.85057205
0.839167356
0.826723039
0.81308645
0.798076749
0.7814852
0.763077676
0.742600501
0.719789565
0.69438386
0.66614455
0.634877801
0.60046339
0.562885582
0.522265792
0.478892267
0.433511853
0.386314511
0.338105559
0.289955616
0.243138701
0.198994964
0.158743918
0.123304024
0.093178228
0.068437025
0.997333348
0.997112811
0.996856511
0.996574104
0.996275902
0.995968044
0.995651126
0.995321751
0.994974256
0.994602382
0.994200587
0.993764818
0.993292809
0.992783666
0.992236853
0.99165082
0.99102205
0.990344465
0.989610016
0.988809705
0.987935245
0.986979425
0.985936224
0.98480022
0.983565331
0.982224286
0.980768502
0.979189456
0.977479339
0.975632727
0.973646164
0.971517861
0.96924597
0.966826558
0.96425277
0.961513817
0.958595872
0.955482423
0.952155888
0.948598504
0.944792569
0.940720379
0.936363339
0.931700706
0.9267084
0.921358407
0.915618539
0.909452677
0.902821541
0.895682991
0.887991667
0.879697859
0.870744407
0.86106354
0.85057205
0.839167356
0.826723039
0.81308645
0.798076749
0.7814852
0.763077676
0.742600501
0.719789565
0.69438386
0.66614455
0.634877801
0.60046339
0.562885582
0.522265792
0.478892267
0.433511853
0.386314511
0.338105559
0.289955616
0.243138701
0.198994964
0.158743918
0.123304024
0.093178228
0.068437025
0.997333348
0.997112811
0.996856511
0.996574104
0.996275902
0.995968044
0.995651126
0.995321751
0.994974256
0.994602382
0.994200587
0.993764818
0.993292809
0.992783666
0.992236853
0.99165082
0.99102205
0.990344465
0.989610016
0.988809705
0.987935245
0.986979425
0.985936224
0.98480022
0.983565331
0.982224286
0.980768502
0.979189456
0.977479339
0.975632727
0.973646164
0.971517861
0.96924597
0.966826558
0.96425277
0.961513817
0.958595872
0.955482423
0.952155888
0.948598504
0.944792569
0.940720379
0.936363339
0.931700706
0.9267084
0.921358407
0.915618539
0.909452677
0.902821541
0.895682991
0.887991667
0.879697859
0.870744407
0.86106354
0.85057205
0.839167356
0.826723039
0.81308645
0.798076749
0.7814852
0.763077676
0.742600501
0.719789565
0.69438386
0.66614455
0.634877801
0.60046339
0.562885582
0.522265792
0.478892267
0.433511853
0.386314511
0.338105559
0.289955616
0.243138701
0.198994964
0.158743918
0.123304024
0.093178228
0.068437025
0.997333348
0.997112811
0.996856511
0.996574104
0.996275902
0.995968044
0.995651126
0.995321751
0.994974256
0.994602382
0.994200587
0.993764818
0.993292809
0.992783666
0.992236853
0.99165082
0.99102205
0.990344465
0.989610016
0.988809705
0.987935245
0.986979425
0.985936224
0.98480022
0.983565331
0.982224286
0.980768502
0.979189456
0.977479339
0.975632727
0.973646164
0.971517861
0.96924597
0.966826558
0.96425277
0.961513817
0.958595872
0.955482423
0.952155888
0.948598504
0.944792569
0.940720379
0.936363339
0.931700706
0.9267084
0.921358407
0.915618539
0.909452677
0.902821541
0.895682991
0.887991667
0.879697859
0.870744407
0.86106354
0.85057205
0.839167356
0.826723039
0.81308645
0.798076749
0.7814852
0.763077676
0.742600501
0.719789565
0.69438386
0.66614455
0.634877801
0.60046339
0.562885582
0.522265792
0.478892267
0.433511853
0.386314511
0.338105559
0.289955616
0.243138701
0.198994964
0.158743918
0.123304024
0.093178228
0.068437025
0.997333348
0.997112811
0.996856511
0.996574104
0.996275902
0.995968044
0.995651126
0.995321751
0.994974256
0.994602382
0.994200587
0.993764818
0.993292809
0.992783666
0.992236853
0.99165082
0.99102205
0.990344465
0.989610016
0.988809705
0.987935245
0.986979425
0.985936224
0.98480022
0.983565331
0.982224286
0.980768502
0.979189456
0.977479339
0.975632727
0.973646164
0.971517861
0.96924597
0.966826558
0.96425277
0.961513817
0.958595872
0.955482423
0.952155888
0.948598504
0.944792569
0.940720379
0.936363339
0.931700706
0.9267084
0.921358407
0.915618539
0.909452677
0.902821541
0.895682991
0.887991667
0.879697859
0.870744407
0.86106354
0.85057205
0.839167356
0.826723039
0.81308645
0.798076749
0.7814852
0.763077676
0.742600501
0.719789565
0.69438386
0.66614455
0.634877801
0.60046339
0.562885582
0.522265792
0.478892267
0.433511853
0.386314511
0.338105559
0.289955616
0.243138701
0.198994964
0.158743918
0.123304024
0.093178228
0.068437025
0.997333348
0.997112811
0.996856511
0.996574104
0.996275902
0.995968044
0.995651126
0.995321751
0.994974256
0.994602382
0.994200587
0.993764818
0.993292809
0.992783666
0.992236853
0.99165082
0.99102205
0.990344465
0.989610016
0.988809705
0.987935245
0.986979425
0.985936224
0.98480022
0.983565331
0.982224286
0.980768502
0.979189456
0.977479339
0.975632727
0.973646164
0.971517861
0.96924597
0.966826558
0.96425277
0.961513817
0.958595872
0.955482423
0.952155888
0.948598504
0.944792569
0.940720379
0.936363339
0.931700706
0.9267084
0.921358407
0.915618539
0.909452677
0.902821541
0.895682991
0.887991667
0.879697859
0.870744407
0.86106354
0.85057205
0.839167356
0.826723039
0.81308645
0.798076749
0.7814852
0.763077676
0.742600501
0.719789565
0.69438386
0.66614455
0.634877801
0.60046339
0.562885582
0.522265792
0.478892267
0.433511853
0.386314511
0.338105559
0.289955616
0.243138701
0.198994964
0.158743918
0.123304024
0.093178228
0.068437025
0.997333348
0.997112811
0.996856511
0.996574104
0.996275902
0.995968044
0.995651126
0.995321751
0.994974256
0.994602382
0.994200587
0.993764818
0.993292809
0.992783666
0.992236853
0.99165082
0.99102205
0.990344465
0.989610016
0.988809705
0.987935245
0.986979425
0.985936224
0.98480022
0.983565331
0.982224286
0.980768502
0.979189456
0.977479339
0.975632727
0.973646164
0.971517861
0.96924597
0.966826558
0.96425277
0.961513817
0.958595872
0.955482423
0.952155888
0.948598504
0.944792569
0.940720379
0.936363339
0.931700706
0.9267084
0.921358407
0.915618539
0.909452677
0.902821541
0.895682991
0.887991667
0.879697859
0.870744407
0.86106354
0.85057205
0.839167356
0.826723039
0.81308645
0.798076749
0.7814852
0.763077676
0.742600501
0.719789565
0.69438386
0.66614455
0.634877801
0.60046339
0.562885582
0.522265792
0.478892267
0.433511853
0.386314511
0.338105559
0.289955616
0.243138701
0.198994964
0.158743918
0.123304024
0.093178228
0.068437025
0.997333348
0.997112811
0.996856511
0.996574104
0.996275902
0.995968044
0.995651126
0.995321751
0.994974256
0.994602382
0.994200587
0.993764818
0.993292809
0.992783666
0.992236853
0.99165082
0.99102205
0.990344465
0.989610016
0.988809705
0.987935245
0.986979425
0.985936224
0.98480022
0.983565331
0.982224286
0.980768502
0.979189456
0.977479339
0.975632727
0.973646164
0.971517861
0.96924597
0.966826558
0.96425277
0.961513817
0.958595872
0.955482423
0.952155888
0.948598504
0.944792569
0.940720379
0.936363339
0.931700706
0.9267084
0.921358407
0.915618539
0.909452677
0.902821541
0.895682991
0.887991667
0.879697859
0.870744407
0.86106354
0.85057205
0.839167356
0.826723039
0.81308645
0.798076749
0.7814852
0.763077676
0.742600501
0.719789565
0.69438386
0.66614455
0.634877801
0.60046339
0.562885582
0.522265792
0.478892267
0.433511853
0.386314511
0.338105559
0.289955616
0.243138701
0.198994964
0.158743918
0.123304024
0.093178228
0.068437025
0.997333348
0.997112811
0.996856511
0.996574104
0.996275902
0.995968044
0.995651126
0.995321751
0.994974256
0.994602382
0.994200587
0.993764818
0.993292809
0.992783666
0.992236853
0.99165082
0.99102205
0.990344465
0.989610016
0.988809705
0.987935245
0.986979425
0.985936224
0.98480022
0.983565331
0.982224286
0.980768502
0.979189456
0.977479339
0.975632727
0.973646164
0.971517861
0.96924597
0.966826558
0.96425277
0.961513817
0.958595872
0.955482423
0.952155888
0.948598504
0.944792569
0.940720379
0.936363339
0.931700706
0.9267084
0.921358407
0.915618539
0.909452677
0.902821541
0.895682991
0.887991667
0.879697859
0.870744407
0.86106354
0.85057205
0.839167356
0.826723039
0.81308645
0.798076749
0.7814852
0.763077676
0.742600501
0.719789565
0.69438386
0.66614455
0.634877801
0.60046339
0.562885582
0.522265792
0.478892267
0.433511853
0.386314511
0.338105559
0.289955616
0.243138701
0.198994964
0.158743918
0.123304024
0.093178228
0.068437025
0.997333348
0.997112811
0.996856511
0.996574104
0.996275902
0.995968044
0.995651126
0.995321751
0.994974256
0.994602382
0.994200587
0.993764818
0.993292809
0.992783666
0.992236853
0.99165082
0.99102205
0.990344465
0.989610016
0.988809705
0.987935245
0.986979425
0.985936224
0.98480022
0.983565331
0.982224286
0.980768502
0.979189456
0.977479339
0.975632727
0.973646164
0.971517861
0.96924597
0.966826558
0.96425277
0.961513817
0.958595872
0.955482423
0.952155888
0.948598504
0.944792569
0.940720379
0.936363339
0.931700706
0.9267084
0.921358407
0.915618539
0.909452677
0.902821541
0.895682991
0.887991667
0.879697859
0.870744407
0.86106354
0.85057205
0.839167356
0.826723039
0.81308645
0.798076749
0.7814852
0.763077676
0.742600501
0.719789565
0.69438386
0.66614455
0.634877801
0.60046339
0.562885582
0.522265792
0.478892267
0.433511853
0.386314511
0.338105559
0.289955616
0.243138701
0.198994964
0.158743918
0.123304024
0.093178228
0.068437025
0.997333348
0.997112811
0.996856511
0.996574104
0.996275902
0.995968044
0.995651126
0.995321751
0.994974256
0.994602382
0.994200587
0.993764818
0.993292809
0.992783666
0.992236853
0.99165082
0.99102205
0.990344465
0.989610016
0.988809705
0.987935245
0.986979425
0.985936224
0.98480022
0.983565331
0.982224286
0.980768502
0.979189456
0.977479339
0.975632727
0.973646164
0.971517861
0.96924597
0.966826558
0.96425277
0.961513817
0.958595872
0.955482423
0.952155888
0.948598504
0.944792569
0.940720379
0.936363339
0.931700706
0.9267084
0.921358407
0.915618539
0.909452677
0.902821541
0.895682991
0.887991667
0.879697859
0.870744407
0.86106354
0.85057205
0.839167356
0.826723039
0.81308645
0.798076749
0.7814852
0.763077676
0.742600501
0.719789565
0.69438386
0.66614455
0.634877801
0.60046339
0.562885582
0.522265792
0.478892267
0.433511853
0.386314511
0.338105559
0.289955616
0.243138701
0.198994964
0.158743918
0.123304024
0.093178228
0.068437025
0.997333348
0.997112811
0.996856511
0.996574104
0.996275902
0.995968044
0.995651126
0.995321751
0.994974256
0.994602382
0.994200587
0.993764818
0.993292809
0.992783666
0.992236853
0.99165082
0.99102205
0.990344465
0.989610016
0.988809705
0.987935245
0.986979425
0.985936224
0.98480022
0.983565331
0.982224286
0.980768502
0.979189456
0.977479339
0.975632727
0.973646164
0.971517861
0.96924597
0.966826558
0.96425277
0.961513817
0.958595872
0.955482423
0.952155888
0.948598504
0.944792569
0.940720379
0.936363339
0.931700706
0.9267084
0.921358407
0.915618539
0.909452677
0.902821541
0.895682991
0.887991667
0.879697859
0.870744407
0.86106354
0.85057205
0.839167356
0.826723039
0.81308645
0.798076749
0.7814852
0.763077676
0.742600501
0.719789565
0.69438386
0.66614455
0.634877801
0.60046339
0.562885582
0.522265792
0.478892267
0.433511853
0.386314511
0.338105559
0.289955616
0.243138701
0.198994964
0.158743918
0.123304024
0.093178228
0.068437025
0.997333348
0.997112811
0.996856511
0.996574104
0.996275902
0.995968044
0.995651126
0.995321751
0.994974256
0.994602382
0.994200587
0.993764818
0.993292809
0.992783666
0.992236853
0.99165082
0.99102205
0.990344465
0.989610016
0.988809705
0.987935245
0.986979425
0.985936224
0.98480022
0.983565331
0.982224286
0.980768502
0.979189456
0.977479339
0.975632727
0.973646164
0.971517861
0.96924597
0.966826558
0.96425277
0.961513817
0.958595872
0.955482423
0.952155888
0.948598504
0.944792569
0.940720379
0.936363339
0.931700706
0.9267084
0.921358407
0.915618539
0.909452677
0.902821541
0.895682991
0.887991667
0.879697859
0.870744407
0.86106354
0.85057205
0.839167356
0.826723039
0.81308645
0.798076749
0.7814852
0.763077676
0.742600501
0.719789565
0.69438386
0.66614455
0.634877801
0.60046339
0.562885582
0.522265792
0.478892267
0.433511853
0.386314511
0.338105559
0.289955616
0.243138701
0.198994964
0.158743918
0.123304024
0.093178228
0.068437025
0.997333348
0.997112811
0.996856511
0.996574104
0.996275902
0.995968044
0.995651126
0.995321751
0.994974256
0.994602382
0.994200587
0.993764818
0.993292809
0.992783666
0.992236853
0.99165082
0.99102205
0.990344465
0.989610016
0.988809705
0.987935245
0.986979425
0.985936224
0.98480022
0.983565331
0.982224286
0.980768502
0.979189456
0.977479339
0.975632727
0.973646164
0.971517861
0.96924597
0.966826558
0.96425277
0.961513817
0.958595872
0.955482423
0.952155888
0.948598504
0.944792569
0.940720379
0.936363339
0.931700706
0.9267084
0.921358407
0.915618539
0.909452677
0.902821541
0.895682991
0.887991667
0.879697859
0.870744407
0.86106354
0.85057205
0.839167356
0.826723039
0.81308645
0.798076749
0.7814852
0.763077676
0.742600501
0.719789565
0.69438386
0.66614455
0.634877801
0.60046339
0.562885582
0.522265792
0.478892267
0.433511853
0.386314511
0.338105559
0.289955616
0.243138701
0.198994964
0.158743918
0.123304024
0.093178228
0.068437025
0.997333348
0.997112811
0.996856511
0.996574104
0.996275902
0.995968044
0.995651126
0.995321751
0.994974256
0.994602382
0.994200587
0.993764818
0.993292809
0.992783666
0.992236853
0.99165082
0.99102205
0.990344465
0.989610016
0.988809705
0.987935245
0.986979425
0.985936224
0.98480022
0.983565331
0.982224286
0.980768502
0.979189456
0.977479339
0.975632727
0.973646164
0.971517861
0.96924597
0.966826558
0.96425277
0.961513817
0.958595872
0.955482423
0.952155888
0.948598504
0.944792569
0.940720379
0.936363339
0.931700706
0.9267084
0.921358407
0.915618539
0.909452677
0.902821541
0.895682991
0.887991667
0.879697859
0.870744407
0.86106354
0.85057205
0.839167356
0.826723039
0.81308645
0.798076749
0.7814852
0.763077676
0.742600501
0.719789565
0.69438386
0.66614455
0.634877801
0.60046339
0.562885582
0.522265792
0.478892267
0.433511853
0.386314511
0.338105559
0.289955616
0.243138701
0.198994964
0.158743918
0.123304024
0.093178228
0.068437025
0.997333348
0.997112811
0.996856511
0.996574104
0.996275902
0.995968044
0.995651126
0.995321751
0.994974256
0.994602382
0.994200587
0.993764818
0.993292809
0.992783666
0.992236853
0.99165082
0.99102205
0.990344465
0.989610016
0.988809705
0.987935245
0.986979425
0.985936224
0.98480022
0.983565331
0.982224286
0.980768502
0.979189456
0.977479339
0.975632727
0.973646164
0.971517861
0.96924597
0.966826558
0.96425277
0.961513817
0.958595872
0.955482423
0.952155888
0.948598504
0.944792569
0.940720379
0.936363339
0.931700706
0.9267084
0.921358407
0.915618539
0.909452677
0.902821541
0.895682991
0.887991667
0.879697859
0.870744407
0.86106354
0.85057205
0.839167356
0.826723039
0.81308645
0.798076749
0.7814852
0.763077676
0.742600501
0.719789565
0.69438386
0.66614455
0.634877801
0.60046339
0.562885582
0.522265792
0.478892267
0.433511853
0.386314511
0.338105559
0.289955616
0.243138701
0.198994964
0.158743918
0.123304024
0.093178228
0.068437025
0.997333348
0.997112811
0.996856511
0.996574104
0.996275902
0.995968044
0.995651126
0.995321751
0.994974256
0.994602382
0.994200587
0.993764818
0.993292809
0.992783666
0.992236853
0.99165082
0.99102205
0.990344465
0.989610016
0.988809705
0.987935245
0.986979425
0.985936224
0.98480022
0.983565331
0.982224286
0.980768502
0.979189456
0.977479339
0.975632727
0.973646164
0.971517861
0.96924597
0.966826558
0.96425277
0.961513817
0.958595872
0.955482423
0.952155888
0.948598504
0.944792569
0.940720379
0.936363339
0.931700706
0.9267084
0.921358407
0.915618539
0.909452677
0.902821541
0.895682991
0.887991667
0.879697859
0.870744407
0.86106354
0.85057205
0.839167356
0.826723039
0.81308645
0.798076749
0.7814852
0.763077676
0.742600501
0.719789565
0.69438386
0.66614455
0.634877801
0.60046339
0.562885582
0.522265792
0.478892267
0.433511853
0.386314511
0.338105559
0.289955616
0.243138701
0.198994964
0.158743918
0.123304024
0.093178228
0.068437025
0.997333348
0.997112811
0.996856511
0.996574104
0.996275902
0.995968044
0.995651126
0.995321751
0.994974256
0.994602382
0.994200587
0.993764818
0.993292809
0.992783666
0.992236853
0.99165082
0.99102205
0.990344465
0.989610016
0.988809705
0.987935245
0.986979425
0.985936224
0.98480022
0.983565331
0.982224286
0.980768502
0.979189456
0.977479339
0.975632727
0.973646164
0.971517861
0.96924597
0.966826558
0.96425277
0.961513817
0.958595872
0.955482423
0.952155888
0.948598504
0.944792569
0.940720379
0.936363339
0.931700706
0.9267084
0.921358407
0.915618539
0.909452677
0.902821541
0.895682991
0.887991667
0.879697859
0.870744407
0.86106354
0.85057205
0.839167356
0.826723039
0.81308645
0.798076749
0.7814852
0.763077676
0.742600501
0.719789565
0.69438386
0.66614455
0.634877801
0.60046339
0.562885582
0.522265792
0.478892267
0.433511853
0.386314511
0.338105559
0.289955616
0.243138701
0.198994964
0.158743918
0.123304024
0.093178228
0.068437025
0.997333348
0.997112811
0.996856511
0.996574104
0.996275902
0.995968044
0.995651126
0.995321751
0.994974256
0.994602382
0.994200587
0.993764818
0.993292809
0.992783666
0.992236853
0.99165082
0.99102205
0.990344465
0.989610016
0.988809705
0.987935245
0.986979425
0.985936224
0.98480022
0.983565331
0.982224286
0.980768502
0.979189456
0.977479339
0.975632727
0.973646164
0.971517861
0.96924597
0.966826558
0.96425277
0.961513817
0.958595872
0.955482423
0.952155888
0.948598504
0.944792569
0.940720379
0.936363339
0.931700706
0.9267084
0.921358407
0.915618539
0.909452677
0.902821541
0.895682991
0.887991667
0.879697859
0.870744407
0.86106354
0.85057205
0.839167356
0.826723039
0.81308645
0.798076749
0.7814852
0.763077676
0.742600501
0.719789565
0.69438386
0.66614455
0.634877801
0.60046339
0.562885582
0.522265792
0.478892267
0.433511853
0.386314511
0.338105559
0.289955616
0.243138701
0.198994964
0.158743918
0.123304024
0.093178228
0.068437025
0.997333348
0.997112811
0.996856511
0.996574104
0.996275902
0.995968044
0.995651126
0.995321751
0.994974256
0.994602382
0.994200587
0.993764818
0.993292809
0.992783666
0.992236853
0.99165082
0.99102205
0.990344465
0.989610016
0.988809705
0.987935245
0.986979425
0.985936224
0.98480022
0.983565331
0.982224286
0.980768502
0.979189456
0.977479339
0.975632727
0.973646164
0.971517861
0.96924597
0.966826558
0.96425277
0.961513817
0.958595872
0.955482423
0.952155888
0.948598504
0.944792569
0.940720379
0.936363339
0.931700706
0.9267084
0.921358407
0.915618539
0.909452677
0.902821541
0.895682991
0.887991667
0.879697859
0.870744407
0.86106354
0.85057205
0.839167356
0.826723039
0.81308645
0.798076749
0.7814852
0.763077676
0.742600501
0.719789565
0.69438386
0.66614455
0.634877801
0.60046339
0.562885582
0.522265792
0.478892267
0.433511853
0.386314511
0.338105559
0.289955616
0.243138701
0.198994964
0.158743918
0.123304024
0.093178228
0.068437025
0.997333348
0.997112811
0.996856511
0.996574104
0.996275902
0.995968044
0.995651126
0.995321751
0.994974256
0.994602382
0.994200587
0.993764818
0.993292809
0.992783666
0.992236853
0.99165082
0.99102205
0.990344465
0.989610016
0.988809705
0.987935245
0.986979425
0.985936224
0.98480022
0.983565331
0.982224286
0.980768502
0.979189456
0.977479339
0.975632727
0.973646164
0.971517861
0.96924597
0.966826558
0.96425277
0.961513817
0.958595872
0.955482423
0.952155888
0.948598504
0.944792569
0.940720379
0.936363339
0.931700706
0.9267084
0.921358407
0.915618539
0.909452677
0.902821541
0.895682991
0.887991667
0.879697859
0.870744407
0.86106354
0.85057205
0.839167356
0.826723039
0.81308645
0.798076749
0.7814852
0.763077676
0.742600501
0.719789565
0.69438386
0.66614455
0.634877801
0.60046339
0.562885582
0.522265792
0.478892267
0.433511853
0.386314511
0.338105559
0.289955616
0.243138701
0.198994964
0.158743918
0.123304024
0.093178228
0.068437025
0.997333348
0.997112811
0.996856511
0.996574104
0.996275902
0.995968044
0.995651126
0.995321751
0.994974256
0.994602382
0.994200587
0.993764818
0.993292809
0.992783666
0.992236853
0.99165082
0.99102205
0.990344465
0.989610016
0.988809705
0.987935245
0.986979425
0.985936224
0.98480022
0.983565331
0.982224286
0.980768502
0.979189456
0.977479339
0.975632727
0.973646164
0.971517861
0.96924597
0.966826558
0.96425277
0.961513817
0.958595872
0.955482423
0.952155888
0.948598504
0.944792569
0.940720379
0.936363339
0.931700706
0.9267084
0.921358407
0.915618539
0.909452677
0.902821541
0.895682991
0.887991667
0.879697859
0.870744407
0.86106354
0.85057205
0.839167356
0.826723039
0.81308645
0.798076749
0.7814852
0.763077676
0.742600501
0.719789565
0.69438386
0.66614455
0.634877801
0.60046339
0.562885582
0.522265792
0.478892267
0.433511853
0.386314511
0.338105559
0.289955616
0.243138701
0.198994964
0.158743918
0.123304024
0.093178228
0.068437025
0.997333348
0.997112811
0.996856511
0.996574104
0.996275902
0.995968044
0.995651126
0.995321751
0.994974256
0.994602382
0.994200587
0.993764818
0.993292809
0.992783666
0.992236853
0.99165082
0.99102205
0.990344465
0.989610016
0.988809705
0.987935245
0.986979425
0.985936224
0.98480022
0.983565331
0.982224286
0.980768502
0.979189456
0.977479339
0.975632727
0.973646164
0.971517861
0.96924597
0.966826558
0.96425277
0.961513817
0.958595872
0.955482423
0.952155888
0.948598504
0.944792569
0.940720379
0.936363339
0.931700706
0.9267084
0.921358407
0.915618539
0.909452677
0.902821541
0.895682991
0.887991667
0.879697859
0.870744407
0.86106354
0.85057205
0.839167356
0.826723039
0.81308645
0.798076749
0.7814852
0.763077676
0.742600501
0.719789565
0.69438386
0.66614455
0.634877801
0.60046339
0.562885582
0.522265792
0.478892267
0.433511853
0.386314511
0.338105559
0.289955616
0.243138701
0.198994964
0.158743918
0.123304024
0.093178228
0.068437025
0.997333348
0.997112811
0.996856511
0.996574104
0.996275902
0.995968044
0.995651126
0.995321751
0.994974256
0.994602382
0.994200587
0.993764818
0.993292809
0.992783666
0.992236853
0.99165082
0.99102205
0.990344465
0.989610016
0.988809705
0.987935245
0.986979425
0.985936224
0.98480022
0.983565331
0.982224286
0.980768502
0.979189456
0.977479339
0.975632727
0.973646164
0.971517861
0.96924597
0.966826558
0.96425277
0.961513817
0.958595872
0.955482423
0.952155888
0.948598504
0.944792569
0.940720379
0.936363339
0.931700706
0.9267084
0.921358407
0.915618539
0.909452677
0.902821541
0.895682991
0.887991667
0.879697859
0.870744407
0.86106354
0.85057205
0.839167356
0.826723039
0.81308645
0.798076749
0.7814852
0.763077676
0.742600501
0.719789565
0.69438386
0.66614455
0.634877801
0.60046339
0.562885582
0.522265792
0.478892267
0.433511853
0.386314511
0.338105559
0.289955616
0.243138701
0.198994964
0.158743918
0.123304024
0.093178228
0.068437025
0.997333348
0.997112811
0.996856511
0.996574104
0.996275902
0.995968044
0.995651126
0.995321751
0.994974256
0.994602382
0.994200587
0.993764818
0.993292809
0.992783666
0.992236853
0.99165082
0.99102205
0.990344465
0.989610016
0.988809705
0.987935245
0.986979425
0.985936224
0.98480022
0.983565331
0.982224286
0.980768502
0.979189456
0.977479339
0.975632727
0.973646164
0.971517861
0.96924597
0.966826558
0.96425277
0.961513817
0.958595872
0.955482423
0.952155888
0.948598504
0.944792569
0.940720379
0.936363339
0.931700706
0.9267084
0.921358407
0.915618539
0.909452677
0.902821541
0.895682991
0.887991667
0.879697859
0.870744407
0.86106354
0.85057205
0.839167356
0.826723039
0.81308645
0.798076749
0.7814852
0.763077676
0.742600501
0.719789565
0.69438386
0.66614455
0.634877801
0.60046339
0.562885582
0.522265792
0.478892267
0.433511853
0.386314511
0.338105559
0.289955616
0.243138701
0.198994964
0.158743918
0.123304024
0.093178228
0.068437025
0.997333348
0.997112811
0.996856511
0.996574104
0.996275902
0.995968044
0.995651126
0.995321751
0.994974256
0.994602382
0.994200587
0.993764818
0.993292809
0.992783666
0.992236853
0.99165082
0.99102205
0.990344465
0.989610016
0.988809705
0.987935245
0.986979425
0.985936224
0.98480022
0.983565331
0.982224286
0.980768502
0.979189456
0.977479339
0.975632727
0.973646164
0.971517861
0.96924597
0.966826558
0.96425277
0.961513817
0.958595872
0.955482423
0.952155888
0.948598504
0.944792569
0.940720379
0.936363339
0.931700706
0.9267084
0.921358407
0.915618539
0.909452677
0.902821541
0.895682991
0.887991667
0.879697859
0.870744407
0.86106354
0.85057205
0.839167356
0.826723039
0.81308645
0.798076749
0.7814852
0.763077676
0.742600501
0.719789565
0.69438386
0.66614455
0.634877801
0.60046339
0.562885582
0.522265792
0.478892267
0.433511853
0.386314511
0.338105559
0.289955616
0.243138701
0.198994964
0.158743918
0.123304024
0.093178228
0.068437025
0.997333348
0.997112811
0.996856511
0.996574104
0.996275902
0.995968044
0.995651126
0.995321751
0.994974256
0.994602382
0.994200587
0.993764818
0.993292809
0.992783666
0.992236853
0.99165082
0.99102205
0.990344465
0.989610016
0.988809705
0.987935245
0.986979425
0.985936224
0.98480022
0.983565331
0.982224286
0.980768502
0.979189456
0.977479339
0.975632727
0.973646164
0.971517861
0.96924597
0.966826558
0.96425277
0.961513817
0.958595872
0.955482423
0.952155888
0.948598504
0.944792569
0.940720379
0.936363339
0.931700706
0.9267084
0.921358407
0.915618539
0.909452677
0.902821541
0.895682991
0.887991667
0.879697859
0.870744407
0.86106354
0.85057205
0.839167356
0.826723039
0.81308645
0.798076749
0.7814852
0.763077676
0.742600501
0.719789565
0.69438386
0.66614455
0.634877801
0.60046339
0.562885582
0.522265792
0.478892267
0.433511853
0.386314511
0.338105559
0.289955616
0.243138701
0.198994964
0.158743918
0.123304024
0.093178228
0.068437025
0.997333348
0.997112811
0.996856511
0.996574104
0.996275902
0.995968044
0.995651126
0.995321751
0.994974256
0.994602382
0.994200587
0.993764818
0.993292809
0.992783666
0.992236853
0.99165082
0.99102205
0.990344465
0.989610016
0.988809705
0.987935245
0.986979425
0.985936224
0.98480022
0.983565331
0.982224286
0.980768502
0.979189456
0.977479339
0.975632727
0.973646164
0.971517861
0.96924597
0.966826558
0.96425277
0.961513817
0.958595872
0.955482423
0.952155888
0.948598504
0.944792569
0.940720379
0.936363339
0.931700706
0.9267084
0.921358407
0.915618539
0.909452677
0.902821541
0.895682991
0.887991667
0.879697859
0.870744407
0.86106354
0.85057205
0.839167356
0.826723039
0.81308645
0.798076749
0.7814852
0.763077676
0.742600501
0.719789565
0.69438386
0.66614455
0.634877801
0.60046339
0.562885582
0.522265792
0.478892267
0.433511853
0.386314511
0.338105559
0.289955616
0.243138701
0.198994964
0.158743918
0.123304024
0.093178228
0.068437025
0.997333348
0.997112811
0.996856511
0.996574104
0.996275902
0.995968044
0.995651126
0.995321751
0.994974256
0.994602382
0.994200587
0.993764818
0.993292809
0.992783666
0.992236853
0.99165082
0.99102205
0.990344465
0.989610016
0.988809705
0.987935245
0.986979425
0.985936224
0.98480022
0.983565331
0.982224286
0.980768502
0.979189456
0.977479339
0.975632727
0.973646164
0.971517861
0.96924597
0.966826558
0.96425277
0.961513817
0.958595872
0.955482423
0.952155888
0.948598504
0.944792569
0.940720379
0.936363339
0.931700706
0.9267084
0.921358407
0.915618539
0.909452677
0.902821541
0.895682991
0.887991667
0.879697859
0.870744407
0.86106354
0.85057205
0.839167356
0.826723039
0.81308645
0.798076749
0.7814852
0.763077676
0.742600501
0.719789565
0.69438386
0.66614455
0.634877801
0.60046339
0.562885582
0.522265792
0.478892267
0.433511853
0.386314511
0.338105559
0.289955616
0.243138701
0.198994964
0.158743918
0.123304024
0.093178228
0.068437025
0.997333348
0.997112811
0.996856511
0.996574104
0.996275902
0.995968044
0.995651126
0.995321751
0.994974256
0.994602382
0.994200587
0.993764818
0.993292809
0.992783666
0.992236853
0.99165082
0.99102205
0.990344465
0.989610016
0.988809705
0.987935245
0.986979425
0.985936224
0.98480022
0.983565331
0.982224286
0.980768502
0.979189456
0.977479339
0.975632727
0.973646164
0.971517861
0.96924597
0.966826558
0.96425277
0.961513817
0.958595872
0.955482423
0.952155888
0.948598504
0.944792569
0.940720379
0.936363339
0.931700706
0.9267084
0.921358407
0.915618539
0.909452677
0.902821541
0.895682991
0.887991667
0.879697859
0.870744407
0.86106354
0.85057205
0.839167356
0.826723039
0.81308645
0.798076749
0.7814852
0.763077676
0.742600501
0.719789565
0.69438386
0.66614455
0.634877801
0.60046339
0.562885582
0.522265792
0.478892267
0.433511853
0.386314511
0.338105559
0.289955616
0.243138701
0.198994964
0.158743918
0.123304024
0.093178228
0.068437025
0.997333348
0.997112811
0.996856511
0.996574104
0.996275902
0.995968044
0.995651126
0.995321751
0.994974256
0.994602382
0.994200587
0.993764818
0.993292809
0.992783666
0.992236853
0.99165082
0.99102205
0.990344465
0.989610016
0.988809705
0.987935245
0.986979425
0.985936224
0.98480022
0.983565331
0.982224286
0.980768502
0.979189456
0.977479339
0.975632727
0.973646164
0.971517861
0.96924597
0.966826558
0.96425277
0.961513817
0.958595872
0.955482423
0.952155888
0.948598504
0.944792569
0.940720379
0.936363339
0.931700706
0.9267084
0.921358407
0.915618539
0.909452677
0.902821541
0.895682991
0.887991667
0.879697859
0.870744407
0.86106354
0.85057205
0.839167356
0.826723039
0.81308645
0.798076749
0.7814852
0.763077676
0.742600501
0.719789565
0.69438386
0.66614455
0.634877801
0.60046339
0.562885582
0.522265792
0.478892267
0.433511853
0.386314511
0.338105559
0.289955616
0.243138701
0.198994964
0.158743918
0.123304024
0.093178228
0.068437025
0.997333348
0.997112811
0.996856511
0.996574104
0.996275902
0.995968044
0.995651126
0.995321751
0.994974256
0.994602382
0.994200587
0.993764818
0.993292809
0.992783666
0.992236853
0.99165082
0.99102205
0.990344465
0.989610016
0.988809705
0.987935245
0.986979425
0.985936224
0.98480022
0.983565331
0.982224286
0.980768502
0.979189456
0.977479339
0.975632727
0.973646164
0.971517861
0.96924597
0.966826558
0.96425277
0.961513817
0.958595872
0.955482423
0.952155888
0.948598504
0.944792569
0.940720379
0.936363339
0.931700706
0.9267084
0.921358407
0.915618539
0.909452677
0.902821541
0.895682991
0.887991667
0.879697859
0.870744407
0.86106354
0.85057205
0.839167356
0.826723039
0.81308645
0.798076749
0.7814852
0.763077676
0.742600501
0.719789565
0.69438386
0.66614455
0.634877801
0.60046339
0.562885582
0.522265792
0.478892267
0.433511853
0.386314511
0.338105559
0.289955616
0.243138701
0.198994964
0.158743918
0.123304024
0.093178228
0.068437025
0.997333348
0.997112811
0.996856511
0.996574104
0.996275902
0.995968044
0.995651126
0.995321751
0.994974256
0.994602382
0.994200587
0.993764818
0.993292809
0.992783666
0.992236853
0.99165082
0.99102205
0.990344465
0.989610016
0.988809705
0.987935245
0.986979425
0.985936224
0.98480022
0.983565331
0.982224286
0.980768502
0.979189456
0.977479339
0.975632727
0.973646164
0.971517861
0.96924597
0.966826558
0.96425277
0.961513817
0.958595872
0.955482423
0.952155888
0.948598504
0.944792569
0.940720379
0.936363339
0.931700706
0.9267084
0.921358407
0.915618539
0.909452677
0.902821541
0.895682991
0.887991667
0.879697859
0.870744407
0.86106354
0.85057205
0.839167356
0.826723039
0.81308645
0.798076749
0.7814852
0.763077676
0.742600501
0.719789565
0.69438386
0.66614455
0.634877801
0.60046339
0.562885582
0.522265792
0.478892267
0.433511853
0.386314511
0.338105559
0.289955616
0.243138701
0.198994964
0.158743918
0.123304024
0.093178228
0.068437025
0.997333348
0.997112811
0.996856511
0.996574104
0.996275902
0.995968044
0.995651126
0.995321751
0.994974256
0.994602382
0.994200587
0.993764818
0.993292809
0.992783666
0.992236853
0.99165082
0.99102205
0.990344465
0.989610016
0.988809705
0.987935245
0.986979425
0.985936224
0.98480022
0.983565331
0.982224286
0.980768502
0.979189456
0.977479339
0.975632727
0.973646164
0.971517861
0.96924597
0.966826558
0.96425277
0.961513817
0.958595872
0.955482423
0.952155888
0.948598504
0.944792569
0.940720379
0.936363339
0.931700706
0.9267084
0.921358407
0.915618539
0.909452677
0.902821541
0.895682991
0.887991667
0.879697859
0.870744407
0.86106354
0.85057205
0.839167356
0.826723039
0.81308645
0.798076749
0.7814852
0.763077676
0.742600501
0.719789565
0.69438386
0.66614455
0.634877801
0.60046339
0.562885582
0.522265792
0.478892267
0.433511853
0.386314511
0.338105559
0.289955616
0.243138701
0.198994964
0.158743918
0.123304024
0.093178228
0.068437025
0.997333348
0.997112811
0.996856511
0.996574104
0.996275902
0.995968044
0.995651126
0.995321751
0.994974256
0.994602382
0.994200587
0.993764818
0.993292809
0.992783666
0.992236853
0.99165082
0.99102205
0.990344465
0.989610016
0.988809705
0.987935245
0.986979425
0.985936224
0.98480022
0.983565331
0.982224286
0.980768502
0.979189456
0.977479339
0.975632727
0.973646164
0.971517861
0.96924597
0.966826558
0.96425277
0.961513817
0.958595872
0.955482423
0.952155888
0.948598504
0.944792569
0.940720379
0.936363339
0.931700706
0.9267084
0.921358407
0.915618539
0.909452677
0.902821541
0.895682991
0.887991667
0.879697859
0.870744407
0.86106354
0.85057205
0.839167356
0.826723039
0.81308645
0.798076749
0.7814852
0.763077676
0.742600501
0.719789565
0.69438386
0.66614455
0.634877801
0.60046339
0.562885582
0.522265792
0.478892267
0.433511853
0.386314511
0.338105559
0.289955616
0.243138701
0.198994964
0.158743918
0.123304024
0.093178228
0.068437025
0.997333348
0.997112811
0.996856511
0.996574104
0.996275902
0.995968044
0.995651126
0.995321751
0.994974256
0.994602382
0.994200587
0.993764818
0.993292809
0.992783666
0.992236853
0.99165082
0.99102205
0.990344465
0.989610016
0.988809705
0.987935245
0.986979425
0.985936224
0.98480022
0.983565331
0.982224286
0.980768502
0.979189456
0.977479339
0.975632727
0.973646164
0.971517861
0.96924597
0.966826558
0.96425277
0.961513817
0.958595872
0.955482423
0.952155888
0.948598504
0.944792569
0.940720379
0.936363339
0.931700706
0.9267084
0.921358407
0.915618539
0.909452677
0.902821541
0.895682991
0.887991667
0.879697859
0.870744407
0.86106354
0.85057205
0.839167356
0.826723039
0.81308645
0.798076749
0.7814852
0.763077676
0.742600501
0.719789565
0.69438386
0.66614455
0.634877801
0.60046339
0.562885582
0.522265792
0.478892267
0.433511853
0.386314511
0.338105559
0.289955616
0.243138701
0.198994964
0.158743918
0.123304024
0.093178228
0.068437025
0.997333348
0.997112811
0.996856511
0.996574104
0.996275902
0.995968044
0.995651126
0.995321751
0.994974256
0.994602382
0.994200587
0.993764818
0.993292809
0.992783666
0.992236853
0.99165082
0.99102205
0.990344465
0.989610016
0.988809705
0.987935245
0.986979425
0.985936224
0.98480022
0.983565331
0.982224286
0.980768502
0.979189456
0.977479339
0.975632727
0.973646164
0.971517861
0.96924597
0.966826558
0.96425277
0.961513817
0.958595872
0.955482423
0.952155888
0.948598504
0.944792569
0.940720379
0.936363339
0.931700706
0.9267084
0.921358407
0.915618539
0.909452677
0.902821541
0.895682991
0.887991667
0.879697859
0.870744407
0.86106354
0.85057205
0.839167356
0.826723039
0.81308645
0.798076749
0.7814852
0.763077676
0.742600501
0.719789565
0.69438386
0.66614455
0.634877801
0.60046339
0.562885582
0.522265792
0.478892267
0.433511853
0.386314511
0.338105559
0.289955616
0.243138701
0.198994964
0.158743918
0.123304024
0.093178228
0.068437025
0.997333348
0.997112811
0.996856511
0.996574104
0.996275902
0.995968044
0.995651126
0.995321751
0.994974256
0.994602382
0.994200587
0.993764818
0.993292809
0.992783666
0.992236853
0.99165082
0.99102205
0.990344465
0.989610016
0.988809705
0.987935245
0.986979425
0.985936224
0.98480022
0.983565331
0.982224286
0.980768502
0.979189456
0.977479339
0.975632727
0.973646164
0.971517861
0.96924597
0.966826558
0.96425277
0.961513817
0.958595872
0.955482423
0.952155888
0.948598504
0.944792569
0.940720379
0.936363339
0.931700706
0.9267084
0.921358407
0.915618539
0.909452677
0.902821541
0.895682991
0.887991667
0.879697859
0.870744407
0.86106354
0.85057205
0.839167356
0.826723039
0.81308645
0.798076749
0.7814852
0.763077676
0.742600501
0.719789565
0.69438386
0.66614455
0.634877801
0.60046339
0.562885582
0.522265792
0.478892267
0.433511853
0.386314511
0.338105559
0.289955616
0.243138701
0.198994964
0.158743918
0.123304024
0.093178228
0.068437025
0.997333348
0.997112811
0.996856511
0.996574104
0.996275902
0.995968044
0.995651126
0.995321751
0.994974256
0.994602382
0.994200587
0.993764818
0.993292809
0.992783666
0.992236853
0.99165082
0.99102205
0.990344465
0.989610016
0.988809705
0.987935245
0.986979425
0.985936224
0.98480022
0.983565331
0.982224286
0.980768502
0.979189456
0.977479339
0.975632727
0.973646164
0.971517861
0.96924597
0.966826558
0.96425277
0.961513817
0.958595872
0.955482423
0.952155888
0.948598504
0.944792569
0.940720379
0.936363339
0.931700706
0.9267084
0.921358407
0.915618539
0.909452677
0.902821541
0.895682991
0.887991667
0.879697859
0.870744407
0.86106354
0.85057205
0.839167356
0.826723039
0.81308645
0.798076749
0.7814852
0.763077676
0.742600501
0.719789565
0.69438386
0.66614455
0.634877801
0.60046339
0.562885582
0.522265792
0.478892267
0.433511853
0.386314511
0.338105559
0.289955616
0.243138701
0.198994964
0.158743918
0.123304024
0.093178228
0.068437025
0.997333348
0.997112811
0.996856511
0.996574104
0.996275902
0.995968044
0.995651126
0.995321751
0.994974256
0.994602382
0.994200587
0.993764818
0.993292809
0.992783666
0.992236853
0.99165082
0.99102205
0.990344465
0.989610016
0.988809705
0.987935245
0.986979425
0.985936224
0.98480022
0.983565331
0.982224286
0.980768502
0.979189456
0.977479339
0.975632727
0.973646164
0.971517861
0.96924597
0.966826558
0.96425277
0.961513817
0.958595872
0.955482423
0.952155888
0.948598504
0.944792569
0.940720379
0.936363339
0.931700706
0.9267084
0.921358407
0.915618539
0.909452677
0.902821541
0.895682991
0.887991667
0.879697859
0.870744407
0.86106354
0.85057205
0.839167356
0.826723039
0.81308645
0.798076749
0.7814852
0.763077676
0.742600501
0.719789565
0.69438386
0.66614455
0.634877801
0.60046339
0.562885582
0.522265792
0.478892267
0.433511853
0.386314511
0.338105559
0.289955616
0.243138701
0.198994964
0.158743918
0.123304024
0.093178228
0.068437025
0.997333348
0.997112811
0.996856511
0.996574104
0.996275902
0.995968044
0.995651126
0.995321751
0.994974256
0.994602382
0.994200587
0.993764818
0.993292809
0.992783666
0.992236853
0.99165082
0.99102205
0.990344465
0.989610016
0.988809705
0.987935245
0.986979425
0.985936224
0.98480022
0.983565331
0.982224286
0.980768502
0.979189456
0.977479339
0.975632727
0.973646164
0.971517861
0.96924597
0.966826558
0.96425277
0.961513817
0.958595872
0.955482423
0.952155888
0.948598504
0.944792569
0.940720379
0.936363339
0.931700706
0.9267084
0.921358407
0.915618539
0.909452677
0.902821541
0.895682991
0.887991667
0.879697859
0.870744407
0.86106354
0.85057205
0.839167356
0.826723039
0.81308645
0.798076749
0.7814852
0.763077676
0.742600501
0.719789565
0.69438386
0.66614455
0.634877801
0.60046339
0.562885582
0.522265792
0.478892267
0.433511853
0.386314511
0.338105559
0.289955616
0.243138701
0.198994964
0.158743918
0.123304024
0.093178228
0.068437025
0.997333348
0.997112811
0.996856511
0.996574104
0.996275902
0.995968044
0.995651126
0.995321751
0.994974256
0.994602382
0.994200587
0.993764818
0.993292809
0.992783666
0.992236853
0.99165082
0.99102205
0.990344465
0.989610016
0.988809705
0.987935245
0.986979425
0.985936224
0.98480022
0.983565331
0.982224286
0.980768502
0.979189456
0.977479339
0.975632727
0.973646164
0.971517861
0.96924597
0.966826558
0.96425277
0.961513817
0.958595872
0.955482423
0.952155888
0.948598504
0.944792569
0.940720379
0.936363339
0.931700706
0.9267084
0.921358407
0.915618539
0.909452677
0.902821541
0.895682991
0.887991667
0.879697859
0.870744407
0.86106354
0.85057205
0.839167356
0.826723039
0.81308645
0.798076749
0.7814852
0.763077676
0.742600501
0.719789565
0.69438386
0.66614455
0.634877801
0.60046339
0.562885582
0.522265792
0.478892267
0.433511853
0.386314511
0.338105559
0.289955616
0.243138701
0.198994964
0.158743918
0.123304024
0.093178228
0.068437025
0.997333348
0.997112811
0.996856511
0.996574104
0.996275902
0.995968044
0.995651126
0.995321751
0.994974256
0.994602382
0.994200587
0.993764818
0.993292809
0.992783666
0.992236853
0.99165082
0.99102205
0.990344465
0.989610016
0.988809705
0.987935245
0.986979425
0.985936224
0.98480022
0.983565331
0.982224286
0.980768502
0.979189456
0.977479339
0.975632727
0.973646164
0.971517861
0.96924597
0.966826558
0.96425277
0.961513817
0.958595872
0.955482423
0.952155888
0.948598504
0.944792569
0.940720379
0.936363339
0.931700706
0.9267084
0.921358407
0.915618539
0.909452677
0.902821541
0.895682991
0.887991667
0.879697859
0.870744407
0.86106354
0.85057205
0.839167356
0.826723039
0.81308645
0.798076749
0.7814852
0.763077676
0.742600501
0.719789565
0.69438386
0.66614455
0.634877801
0.60046339
0.562885582
0.522265792
0.478892267
0.433511853
0.386314511
0.338105559
0.289955616
0.243138701
0.198994964
0.158743918
0.123304024
0.093178228
0.068437025
0.997333348
0.997112811
0.996856511
0.996574104
0.996275902
0.995968044
0.995651126
0.995321751
0.994974256
0.994602382
0.994200587
0.993764818
0.993292809
0.992783666
0.992236853
0.99165082
0.99102205
0.990344465
0.989610016
0.988809705
0.987935245
0.986979425
0.985936224
0.98480022
0.983565331
0.982224286
0.980768502
0.979189456
0.977479339
0.975632727
0.973646164
0.971517861
0.96924597
0.966826558
0.96425277
0.961513817
0.958595872
0.955482423
0.952155888
0.948598504
0.944792569
0.940720379
0.936363339
0.931700706
0.9267084
0.921358407
0.915618539
0.909452677
0.902821541
0.895682991
0.887991667
0.879697859
0.870744407
0.86106354
0.85057205
0.839167356
0.826723039
0.81308645
0.798076749
0.7814852
0.763077676
0.742600501
0.719789565
0.69438386
0.66614455
0.634877801
0.60046339
0.562885582
0.522265792
0.478892267
0.433511853
0.386314511
0.338105559
0.289955616
0.243138701
0.198994964
0.158743918
0.123304024
0.093178228
0.068437025
0.997333348
0.997112811
0.996856511
0.996574104
0.996275902
0.995968044
0.995651126
0.995321751
0.994974256
0.994602382
0.994200587
0.993764818
0.993292809
0.992783666
0.992236853
0.99165082
0.99102205
0.990344465
0.989610016
0.988809705
0.987935245
0.986979425
0.985936224
0.98480022
0.983565331
0.982224286
0.980768502
0.979189456
0.977479339
0.975632727
0.973646164
0.971517861
0.96924597
0.966826558
0.96425277
0.961513817
0.958595872
0.955482423
0.952155888
0.948598504
0.944792569
0.940720379
0.936363339
0.931700706
0.9267084
0.921358407
0.915618539
0.909452677
0.902821541
0.895682991
0.887991667
0.879697859
0.870744407
0.86106354
0.85057205
0.839167356
0.826723039
0.81308645
0.798076749
0.7814852
0.763077676
0.742600501
0.719789565
0.69438386
0.66614455
0.634877801
0.60046339
0.562885582
0.522265792
0.478892267
0.433511853
0.386314511
0.338105559
0.289955616
0.243138701
0.198994964
0.158743918
0.123304024
0.093178228
0.068437025
0.997333348
0.997112811
0.996856511
0.996574104
0.996275902
0.995968044
0.995651126
0.995321751
0.994974256
0.994602382
0.994200587
0.993764818
0.993292809
0.992783666
0.992236853
0.99165082
0.99102205
0.990344465
0.989610016
0.988809705
0.987935245
0.986979425
0.985936224
0.98480022
0.983565331
0.982224286
0.980768502
0.979189456
0.977479339
0.975632727
0.973646164
0.971517861
0.96924597
0.966826558
0.96425277
0.961513817
0.958595872
0.955482423
0.952155888
0.948598504
0.944792569
0.940720379
0.936363339
0.931700706
0.9267084
0.921358407
0.915618539
0.909452677
0.902821541
0.895682991
0.887991667
0.879697859
0.870744407
0.86106354
0.85057205
0.839167356
0.826723039
0.81308645
0.798076749
0.7814852
0.763077676
0.742600501
0.719789565
0.69438386
0.66614455
0.634877801
0.60046339
0.562885582
0.522265792
0.478892267
0.433511853
0.386314511
0.338105559
0.289955616
0.243138701
0.198994964
0.158743918
0.123304024
0.093178228
0.068437025
0.997333348
0.997112811
0.996856511
0.996574104
0.996275902
0.995968044
0.995651126
0.995321751
0.994974256
0.994602382
0.994200587
0.993764818
0.993292809
0.992783666
0.992236853
0.99165082
0.99102205
0.990344465
0.989610016
0.988809705
0.987935245
0.986979425
0.985936224
0.98480022
0.983565331
0.982224286
0.980768502
0.979189456
0.977479339
0.975632727
0.973646164
0.971517861
0.96924597
0.966826558
0.96425277
0.961513817
0.958595872
0.955482423
0.952155888
0.948598504
0.944792569
0.940720379
0.936363339
0.931700706
0.9267084
0.921358407
0.915618539
0.909452677
0.902821541
0.895682991
0.887991667
0.879697859
0.870744407
0.86106354
0.85057205
0.839167356
0.826723039
0.81308645
0.798076749
0.7814852
0.763077676
0.742600501
0.719789565
0.69438386
0.66614455
0.634877801
0.60046339
0.562885582
0.522265792
0.478892267
0.433511853
0.386314511
0.338105559
0.289955616
0.243138701
0.198994964
0.158743918
0.123304024
0.093178228
0.068437025
0.997333348
0.997112811
0.996856511
0.996574104
0.996275902
0.995968044
0.995651126
0.995321751
0.994974256
0.994602382
0.994200587
0.993764818
0.993292809
0.992783666
0.992236853
0.99165082
0.99102205
0.990344465
0.989610016
0.988809705
0.987935245
0.986979425
0.985936224
0.98480022
0.983565331
0.982224286
0.980768502
0.979189456
0.977479339
0.975632727
0.973646164
0.971517861
0.96924597
0.966826558
0.96425277
0.961513817
0.958595872
0.955482423
0.952155888
0.948598504
0.944792569
0.940720379
0.936363339
0.931700706
0.9267084
0.921358407
0.915618539
0.909452677
0.902821541
0.895682991
0.887991667
0.879697859
0.870744407
0.86106354
0.85057205
0.839167356
0.826723039
0.81308645
0.798076749
0.7814852
0.763077676
0.742600501
0.719789565
0.69438386
0.66614455
0.634877801
0.60046339
0.562885582
0.522265792
0.478892267
0.433511853
0.386314511
0.338105559
0.289955616
0.243138701
0.198994964
0.158743918
0.123304024
0.093178228
0.068437025
0.997333348
0.997112811
0.996856511
0.996574104
0.996275902
0.995968044
0.995651126
0.995321751
0.994974256
0.994602382
0.994200587
0.993764818
0.993292809
0.992783666
0.992236853
0.99165082
0.99102205
0.990344465
0.989610016
0.988809705
0.987935245
0.986979425
0.985936224
0.98480022
0.983565331
0.982224286
0.980768502
0.979189456
0.977479339
0.975632727
0.973646164
0.971517861
0.96924597
0.966826558
0.96425277
0.961513817
0.958595872
0.955482423
0.952155888
0.948598504
0.944792569
0.940720379
0.936363339
0.931700706
0.9267084
0.921358407
0.915618539
0.909452677
0.902821541
0.895682991
0.887991667
0.879697859
0.870744407
0.86106354
0.85057205
0.839167356
0.826723039
0.81308645
0.798076749
0.7814852
0.763077676
0.742600501
0.719789565
0.69438386
0.66614455
0.634877801
0.60046339
0.562885582
0.522265792
0.478892267
0.433511853
0.386314511
0.338105559
0.289955616
0.243138701
0.198994964
0.158743918
0.123304024
0.093178228
0.068437025
0.997333348
0.997112811
0.996856511
0.996574104
0.996275902
0.995968044
0.995651126
0.995321751
0.994974256
0.994602382
0.994200587
0.993764818
0.993292809
0.992783666
0.992236853
0.99165082
0.99102205
0.990344465
0.989610016
0.988809705
0.987935245
0.986979425
0.985936224
0.98480022
0.983565331
0.982224286
0.980768502
0.979189456
0.977479339
0.975632727
0.973646164
0.971517861
0.96924597
0.966826558
0.96425277
0.961513817
0.958595872
0.955482423
0.952155888
0.948598504
0.944792569
0.940720379
0.936363339
0.931700706
0.9267084
0.921358407
0.915618539
0.909452677
0.902821541
0.895682991
0.887991667
0.879697859
0.870744407
0.86106354
0.85057205
0.839167356
0.826723039
0.81308645
0.798076749
0.7814852
0.763077676
0.742600501
0.719789565
0.69438386
0.66614455
0.634877801
0.60046339
0.562885582
0.522265792
0.478892267
0.433511853
0.386314511
0.338105559
0.289955616
0.243138701
0.198994964
0.158743918
0.123304024
0.093178228
0.068437025
0.997333348
0.997112811
0.996856511
0.996574104
0.996275902
0.995968044
0.995651126
0.995321751
0.994974256
0.994602382
0.994200587
0.993764818
0.993292809
0.992783666
0.992236853
0.99165082
0.99102205
0.990344465
0.989610016
0.988809705
0.987935245
0.986979425
0.985936224
0.98480022
0.983565331
0.982224286
0.980768502
0.979189456
0.977479339
0.975632727
0.973646164
0.971517861
0.96924597
0.966826558
0.96425277
0.961513817
0.958595872
0.955482423
0.952155888
0.948598504
0.944792569
0.940720379
0.936363339
0.931700706
0.9267084
0.921358407
0.915618539
0.909452677
0.902821541
0.895682991
0.887991667
0.879697859
0.870744407
0.86106354
0.85057205
0.839167356
0.826723039
0.81308645
0.798076749
0.7814852
0.763077676
0.742600501
0.719789565
0.69438386
0.66614455
0.634877801
0.60046339
0.562885582
0.522265792
0.478892267
0.433511853
0.386314511
0.338105559
0.289955616
0.243138701
0.198994964
0.158743918
0.123304024
0.093178228
0.068437025
0.997333348
0.997112811
0.996856511
0.996574104
0.996275902
0.995968044
0.995651126
0.995321751
0.994974256
0.994602382
0.994200587
0.993764818
0.993292809
0.992783666
0.992236853
0.99165082
0.99102205
0.990344465
0.989610016
0.988809705
0.987935245
0.986979425
0.985936224
0.98480022
0.983565331
0.982224286
0.980768502
0.979189456
0.977479339
0.975632727
0.973646164
0.971517861
0.96924597
0.966826558
0.96425277
0.961513817
0.958595872
0.955482423
0.952155888
0.948598504
0.944792569
0.940720379
0.936363339
0.931700706
0.9267084
0.921358407
0.915618539
0.909452677
0.902821541
0.895682991
0.887991667
0.879697859
0.870744407
0.86106354
0.85057205
0.839167356
0.826723039
0.81308645
0.798076749
0.7814852
0.763077676
0.742600501
0.719789565
0.69438386
0.66614455
0.634877801
0.60046339
0.562885582
0.522265792
0.478892267
0.433511853
0.386314511
0.338105559
0.289955616
0.243138701
0.198994964
0.158743918
0.123304024
0.093178228
0.068437025
0.997333348
0.997112811
0.996856511
0.996574104
0.996275902
0.995968044
0.995651126
0.995321751
0.994974256
0.994602382
0.994200587
0.993764818
0.993292809
0.992783666
0.992236853
0.99165082
0.99102205
0.990344465
0.989610016
0.988809705
0.987935245
0.986979425
0.985936224
0.98480022
0.983565331
0.982224286
0.980768502
0.979189456
0.977479339
0.975632727
0.973646164
0.971517861
0.96924597
0.966826558
0.96425277
0.961513817
0.958595872
0.955482423
0.952155888
0.948598504
0.944792569
0.940720379
0.936363339
0.931700706
0.9267084
0.921358407
0.915618539
0.909452677
0.902821541
0.895682991
0.887991667
0.879697859
0.870744407
0.86106354
0.85057205
0.839167356
0.826723039
0.81308645
0.798076749
0.7814852
0.763077676
0.742600501
0.719789565
0.69438386
0.66614455
0.634877801
0.60046339
0.562885582
0.522265792
0.478892267
0.433511853
0.386314511
0.338105559
0.289955616
0.243138701
0.198994964
0.158743918
0.123304024
0.093178228
0.068437025
0.997333348
0.997112811
0.996856511
0.996574104
0.996275902
0.995968044
0.995651126
0.995321751
0.994974256
0.994602382
0.994200587
0.993764818
0.993292809
0.992783666
0.992236853
0.99165082
0.99102205
0.990344465
0.989610016
0.988809705
0.987935245
0.986979425
0.985936224
0.98480022
0.983565331
0.982224286
0.980768502
0.979189456
0.977479339
0.975632727
0.973646164
0.971517861
0.96924597
0.966826558
0.96425277
0.961513817
0.958595872
0.955482423
0.952155888
0.948598504
0.944792569
0.940720379
0.936363339
0.931700706
0.9267084
0.921358407
0.915618539
0.909452677
0.902821541
0.895682991
0.887991667
0.879697859
0.870744407
0.86106354
0.85057205
0.839167356
0.826723039
0.81308645
0.798076749
0.7814852
0.763077676
0.742600501
0.719789565
0.69438386
0.66614455
0.634877801
0.60046339
0.562885582
0.522265792
0.478892267
0.433511853
0.386314511
0.338105559
0.289955616
0.243138701
0.198994964
0.158743918
0.123304024
0.093178228
0.068437025
0.997333348
0.997112811
0.996856511
0.996574104
0.996275902
0.995968044
0.995651126
0.995321751
0.994974256
0.994602382
0.994200587
0.993764818
0.993292809
0.992783666
0.992236853
0.99165082
0.99102205
0.990344465
0.989610016
0.988809705
0.987935245
0.986979425
0.985936224
0.98480022
0.983565331
0.982224286
0.980768502
0.979189456
0.977479339
0.975632727
0.973646164
0.971517861
0.96924597
0.966826558
0.96425277
0.961513817
0.958595872
0.955482423
0.952155888
0.948598504
0.944792569
0.940720379
0.936363339
0.931700706
0.9267084
0.921358407
0.915618539
0.909452677
0.902821541
0.895682991
0.887991667
0.879697859
0.870744407
0.86106354
0.85057205
0.839167356
0.826723039
0.81308645
0.798076749
0.7814852
0.763077676
0.742600501
0.719789565
0.69438386
0.66614455
0.634877801
0.60046339
0.562885582
0.522265792
0.478892267
0.433511853
0.386314511
0.338105559
0.289955616
0.243138701
0.198994964
0.158743918
0.123304024
0.093178228
0.068437025
0.997333348
0.997112811
0.996856511
0.996574104
0.996275902
0.995968044
0.995651126
0.995321751
0.994974256
0.994602382
0.994200587
0.993764818
0.993292809
0.992783666
0.992236853
0.99165082
0.99102205
0.990344465
0.989610016
0.988809705
0.987935245
0.986979425
0.985936224
0.98480022
0.983565331
0.982224286
0.980768502
0.979189456
0.977479339
0.975632727
0.973646164
0.971517861
0.96924597
0.966826558
0.96425277
0.961513817
0.958595872
0.955482423
0.952155888
0.948598504
0.944792569
0.940720379
0.936363339
0.931700706
0.9267084
0.921358407
0.915618539
0.909452677
0.902821541
0.895682991
0.887991667
0.879697859
0.870744407
0.86106354
0.85057205
0.839167356
0.826723039
0.81308645
0.798076749
0.7814852
0.763077676
0.742600501
0.719789565
0.69438386
0.66614455
0.634877801
0.60046339
0.562885582
0.522265792
0.478892267
0.433511853
0.386314511
0.338105559
0.289955616
0.243138701
0.198994964
0.158743918
0.123304024
0.093178228
0.068437025
0.997333348
0.997112811
0.996856511
0.996574104
0.996275902
0.995968044
0.995651126
0.995321751
0.994974256
0.994602382
0.994200587
0.993764818
0.993292809
0.992783666
0.992236853
0.99165082
0.99102205
0.990344465
0.989610016
0.988809705
0.987935245
0.986979425
0.985936224
0.98480022
0.983565331
0.982224286
0.980768502
0.979189456
0.977479339
0.975632727
0.973646164
0.971517861
0.96924597
0.966826558
0.96425277
0.961513817
0.958595872
0.955482423
0.952155888
0.948598504
0.944792569
0.940720379
0.936363339
0.931700706
0.9267084
0.921358407
0.915618539
0.909452677
0.902821541
0.895682991
0.887991667
0.879697859
0.870744407
0.86106354
0.85057205
0.839167356
0.826723039
0.81308645
0.798076749
0.7814852
0.763077676
0.742600501
0.719789565
0.69438386
0.66614455
0.634877801
0.60046339
0.562885582
0.522265792
0.478892267
0.433511853
0.386314511
0.338105559
0.289955616
0.243138701
0.198994964
0.158743918
0.123304024
0.093178228
0.068437025
0.997333348
0.997112811
0.996856511
0.996574104
0.996275902
0.995968044
0.995651126
0.995321751
0.994974256
0.994602382
0.994200587
0.993764818
0.993292809
0.992783666
0.992236853
0.99165082
0.99102205
0.990344465
0.989610016
0.988809705
0.987935245
0.986979425
0.985936224
0.98480022
0.983565331
0.982224286
0.980768502
0.979189456
0.977479339
0.975632727
0.973646164
0.971517861
0.96924597
0.966826558
0.96425277
0.961513817
0.958595872
0.955482423
0.952155888
0.948598504
0.944792569
0.940720379
0.936363339
0.931700706
0.9267084
0.921358407
0.915618539
0.909452677
0.902821541
0.895682991
0.887991667
0.879697859
0.870744407
0.86106354
0.85057205
0.839167356
0.826723039
0.81308645
0.798076749
0.7814852
0.763077676
0.742600501
0.719789565
0.69438386
0.66614455
0.634877801
0.60046339
0.562885582
0.522265792
0.478892267
0.433511853
0.386314511
0.338105559
0.289955616
0.243138701
0.198994964
0.158743918
0.123304024
0.093178228
0.068437025
0.997333348
0.997112811
0.996856511
0.996574104
0.996275902
0.995968044
0.995651126
0.995321751
0.994974256
0.994602382
0.994200587
0.993764818
0.993292809
0.992783666
0.992236853
0.99165082
0.99102205
0.990344465
0.989610016
0.988809705
0.987935245
0.986979425
0.985936224
0.98480022
0.983565331
0.982224286
0.980768502
0.979189456
0.977479339
0.975632727
0.973646164
0.971517861
0.96924597
0.966826558
0.96425277
0.961513817
0.958595872
0.955482423
0.952155888
0.948598504
0.944792569
0.940720379
0.936363339
0.931700706
0.9267084
0.921358407
0.915618539
0.909452677
0.902821541
0.895682991
0.887991667
0.879697859
0.870744407
0.86106354
0.85057205
0.839167356
0.826723039
0.81308645
0.798076749
0.7814852
0.763077676
0.742600501
0.719789565
0.69438386
0.66614455
0.634877801
0.60046339
0.562885582
0.522265792
0.478892267
0.433511853
0.386314511
0.338105559
0.289955616
0.243138701
0.198994964
0.158743918
0.123304024
0.093178228
0.068437025
0.997333348
0.997112811
0.996856511
0.996574104
0.996275902
0.995968044
0.995651126
0.995321751
0.994974256
0.994602382
0.994200587
0.993764818
0.993292809
0.992783666
0.992236853
0.99165082
0.99102205
0.990344465
0.989610016
0.988809705
0.987935245
0.986979425
0.985936224
0.98480022
0.983565331
0.982224286
0.980768502
0.979189456
0.977479339
0.975632727
0.973646164
0.971517861
0.96924597
0.966826558
0.96425277
0.961513817
0.958595872
0.955482423
0.952155888
0.948598504
0.944792569
0.940720379
0.936363339
0.931700706
0.9267084
0.921358407
0.915618539
0.909452677
0.902821541
0.895682991
0.887991667
0.879697859
0.870744407
0.86106354
0.85057205
0.839167356
0.826723039
0.81308645
0.798076749
0.7814852
0.763077676
0.742600501
0.719789565
0.69438386
0.66614455
0.634877801
0.60046339
0.562885582
0.522265792
0.478892267
0.433511853
0.386314511
0.338105559
0.289955616
0.243138701
0.198994964
0.158743918
0.123304024
0.093178228
0.068437025
0.997333348
0.997112811
0.996856511
0.996574104
0.996275902
0.995968044
0.995651126
0.995321751
0.994974256
0.994602382
0.994200587
0.993764818
0.993292809
0.992783666
0.992236853
0.99165082
0.99102205
0.990344465
0.989610016
0.988809705
0.987935245
0.986979425
0.985936224
0.98480022
0.983565331
0.982224286
0.980768502
0.979189456
0.977479339
0.975632727
0.973646164
0.971517861
0.96924597
0.966826558
0.96425277
0.961513817
0.958595872
0.955482423
0.952155888
0.948598504
0.944792569
0.940720379
0.936363339
0.931700706
0.9267084
0.921358407
0.915618539
0.909452677
0.902821541
0.895682991
0.887991667
0.879697859
0.870744407
0.86106354
0.85057205
0.839167356
0.826723039
0.81308645
0.798076749
0.7814852
0.763077676
0.742600501
0.719789565
0.69438386
0.66614455
0.634877801
0.60046339
0.562885582
0.522265792
0.478892267
0.433511853
0.386314511
0.338105559
0.289955616
0.243138701
0.198994964
0.158743918
0.123304024
0.093178228
0.068437025
0.997333348
0.997112811
0.996856511
0.996574104
0.996275902
0.995968044
0.995651126
0.995321751
0.994974256
0.994602382
0.994200587
0.993764818
0.993292809
0.992783666
0.992236853
0.99165082
0.99102205
0.990344465
0.989610016
0.988809705
0.987935245
0.986979425
0.985936224
0.98480022
0.983565331
0.982224286
0.980768502
0.979189456
0.977479339
0.975632727
0.973646164
0.971517861
0.96924597
0.966826558
0.96425277
0.961513817
0.958595872
0.955482423
0.952155888
0.948598504
0.944792569
0.940720379
0.936363339
0.931700706
0.9267084
0.921358407
0.915618539
0.909452677
0.902821541
0.895682991
0.887991667
0.879697859
0.870744407
0.86106354
0.85057205
0.839167356
0.826723039
0.81308645
0.798076749
0.7814852
0.763077676
0.742600501
0.719789565
0.69438386
0.66614455
0.634877801
0.60046339
0.562885582
0.522265792
0.478892267
0.433511853
0.386314511
0.338105559
0.289955616
0.243138701
0.198994964
0.158743918
0.123304024
0.093178228
0.068437025
0.997333348
0.997112811
0.996856511
0.996574104
0.996275902
0.995968044
0.995651126
0.995321751
0.994974256
0.994602382
0.994200587
0.993764818
0.993292809
0.992783666
0.992236853
0.99165082
0.99102205
0.990344465
0.989610016
0.988809705
0.987935245
0.986979425
0.985936224
0.98480022
0.983565331
0.982224286
0.980768502
0.979189456
0.977479339
0.975632727
0.973646164
0.971517861
0.96924597
0.966826558
0.96425277
0.961513817
0.958595872
0.955482423
0.952155888
0.948598504
0.944792569
0.940720379
0.936363339
0.931700706
0.9267084
0.921358407
0.915618539
0.909452677
0.902821541
0.895682991
0.887991667
0.879697859
0.870744407
0.86106354
0.85057205
0.839167356
0.826723039
0.81308645
0.798076749
0.7814852
0.763077676
0.742600501
0.719789565
0.69438386
0.66614455
0.634877801
0.60046339
0.562885582
0.522265792
0.478892267
0.433511853
0.386314511
0.338105559
0.289955616
0.243138701
0.198994964
0.158743918
0.123304024
0.093178228
0.068437025
0.997333348
0.997112811
0.996856511
0.996574104
0.996275902
0.995968044
0.995651126
0.995321751
0.994974256
0.994602382
0.994200587
0.993764818
0.993292809
0.992783666
0.992236853
0.99165082
0.99102205
0.990344465
0.989610016
0.988809705
0.987935245
0.986979425
0.985936224
0.98480022
0.983565331
0.982224286
0.980768502
0.979189456
0.977479339
0.975632727
0.973646164
0.971517861
0.96924597
0.966826558
0.96425277
0.961513817
0.958595872
0.955482423
0.952155888
0.948598504
0.944792569
0.940720379
0.936363339
0.931700706
0.9267084
0.921358407
0.915618539
0.909452677
0.902821541
0.895682991
0.887991667
0.879697859
0.870744407
0.86106354
0.85057205
0.839167356
0.826723039
0.81308645
0.798076749
0.7814852
0.763077676
0.742600501
0.719789565
0.69438386
0.66614455
0.634877801
0.60046339
0.562885582
0.522265792
0.478892267
0.433511853
0.386314511
0.338105559
0.289955616
0.243138701
0.198994964
0.158743918
0.123304024
0.093178228
0.068437025
0.997333348
0.997112811
0.996856511
0.996574104
0.996275902
0.995968044
0.995651126
0.995321751
0.994974256
0.994602382
0.994200587
0.993764818
0.993292809
0.992783666
0.992236853
0.99165082
0.99102205
0.990344465
0.989610016
0.988809705
0.987935245
0.986979425
0.985936224
0.98480022
0.983565331
0.982224286
0.980768502
0.979189456
0.977479339
0.975632727
0.973646164
0.971517861
0.96924597
0.966826558
0.96425277
0.961513817
0.958595872
0.955482423
0.952155888
0.948598504
0.944792569
0.940720379
0.936363339
0.931700706
0.9267084
0.921358407
0.915618539
0.909452677
0.902821541
0.895682991
0.887991667
0.879697859
0.870744407
0.86106354
0.85057205
0.839167356
0.826723039
0.81308645
0.798076749
0.7814852
0.763077676
0.742600501
0.719789565
0.69438386
0.66614455
0.634877801
0.60046339
0.562885582
0.522265792
0.478892267
0.433511853
0.386314511
0.338105559
0.289955616
0.243138701
0.198994964
0.158743918
0.123304024
0.093178228
0.068437025
0.997333348
0.997112811
0.996856511
0.996574104
0.996275902
0.995968044
0.995651126
0.995321751
0.994974256
0.994602382
0.994200587
0.993764818
0.993292809
0.992783666
0.992236853
0.99165082
0.99102205
0.990344465
0.989610016
0.988809705
0.987935245
0.986979425
0.985936224
0.98480022
0.983565331
0.982224286
0.980768502
0.979189456
0.977479339
0.975632727
0.973646164
0.971517861
0.96924597
0.966826558
0.96425277
0.961513817
0.958595872
0.955482423
0.952155888
0.948598504
0.944792569
0.940720379
0.936363339
0.931700706
0.9267084
0.921358407
0.915618539
0.909452677
0.902821541
0.895682991
0.887991667
0.879697859
0.870744407
0.86106354
0.85057205
0.839167356
0.826723039
0.81308645
0.798076749
0.7814852
0.763077676
0.742600501
0.719789565
0.69438386
0.66614455
0.634877801
0.60046339
0.562885582
0.522265792
0.478892267
0.433511853
0.386314511
0.338105559
0.289955616
0.243138701
0.198994964
0.158743918
0.123304024
0.093178228
0.068437025
0.997333348
0.997112811
0.996856511
0.996574104
0.996275902
0.995968044
0.995651126
0.995321751
0.994974256
0.994602382
0.994200587
0.993764818
0.993292809
0.992783666
0.992236853
0.99165082
0.99102205
0.990344465
0.989610016
0.988809705
0.987935245
0.986979425
0.985936224
0.98480022
0.983565331
0.982224286
0.980768502
0.979189456
0.977479339
0.975632727
0.973646164
0.971517861
0.96924597
0.966826558
0.96425277
0.961513817
0.958595872
0.955482423
0.952155888
0.948598504
0.944792569
0.940720379
0.936363339
0.931700706
0.9267084
0.921358407
0.915618539
0.909452677
0.902821541
0.895682991
0.887991667
0.879697859
0.870744407
0.86106354
0.85057205
0.839167356
0.826723039
0.81308645
0.798076749
0.7814852
0.763077676
0.742600501
0.719789565
0.69438386
0.66614455
0.634877801
0.60046339
0.562885582
0.522265792
0.478892267
0.433511853
0.386314511
0.338105559
0.289955616
0.243138701
0.198994964
0.158743918
0.123304024
0.093178228
0.068437025
0.997333348
0.997112811
0.996856511
0.996574104
0.996275902
0.995968044
0.995651126
0.995321751
0.994974256
0.994602382
0.994200587
0.993764818
0.993292809
0.992783666
0.992236853
0.99165082
0.99102205
0.990344465
0.989610016
0.988809705
0.987935245
0.986979425
0.985936224
0.98480022
0.983565331
0.982224286
0.980768502
0.979189456
0.977479339
0.975632727
0.973646164
0.971517861
0.96924597
0.966826558
0.96425277
0.961513817
0.958595872
0.955482423
0.952155888
0.948598504
0.944792569
0.940720379
0.936363339
0.931700706
0.9267084
0.921358407
0.915618539
0.909452677
0.902821541
0.895682991
0.887991667
0.879697859
0.870744407
0.86106354
0.85057205
0.839167356
0.826723039
0.81308645
0.798076749
0.7814852
0.763077676
0.742600501
0.719789565
0.69438386
0.66614455
0.634877801
0.60046339
0.562885582
0.522265792
0.478892267
0.433511853
0.386314511
0.338105559
0.289955616
0.243138701
0.198994964
0.158743918
0.123304024
0.093178228
0.068437025
0.997333348
0.997112811
0.996856511
0.996574104
0.996275902
0.995968044
0.995651126
0.995321751
0.994974256
0.994602382
0.994200587
0.993764818
0.993292809
0.992783666
0.992236853
0.99165082
0.99102205
0.990344465
0.989610016
0.988809705
0.987935245
0.986979425
0.985936224
0.98480022
0.983565331
0.982224286
0.980768502
0.979189456
0.977479339
0.975632727
0.973646164
0.971517861
0.96924597
0.966826558
0.96425277
0.961513817
0.958595872
0.955482423
0.952155888
0.948598504
0.944792569
0.940720379
0.936363339
0.931700706
0.9267084
0.921358407
0.915618539
0.909452677
0.902821541
0.895682991
0.887991667
0.879697859
0.870744407
0.86106354
0.85057205
0.839167356
0.826723039
0.81308645
0.798076749
0.7814852
0.763077676
0.742600501
0.719789565
0.69438386
0.66614455
0.634877801
0.60046339
0.562885582
0.522265792
0.478892267
0.433511853
0.386314511
0.338105559
0.289955616
0.243138701
0.198994964
0.158743918
0.123304024
0.093178228
0.068437025
0.997333348
0.997112811
0.996856511
0.996574104
0.996275902
0.995968044
0.995651126
0.995321751
0.994974256
0.994602382
0.994200587
0.993764818
0.993292809
0.992783666
0.992236853
0.99165082
0.99102205
0.990344465
0.989610016
0.988809705
0.987935245
0.986979425
0.985936224
0.98480022
0.983565331
0.982224286
0.980768502
0.979189456
0.977479339
0.975632727
0.973646164
0.971517861
0.96924597
0.966826558
0.96425277
0.961513817
0.958595872
0.955482423
0.952155888
0.948598504
0.944792569
0.940720379
0.936363339
0.931700706
0.9267084
0.921358407
0.915618539
0.909452677
0.902821541
0.895682991
0.887991667
0.879697859
0.870744407
0.86106354
0.85057205
0.839167356
0.826723039
0.81308645
0.798076749
0.7814852
0.763077676
0.742600501
0.719789565
0.69438386
0.66614455
0.634877801
0.60046339
0.562885582
0.522265792
0.478892267
0.433511853
0.386314511
0.338105559
0.289955616
0.243138701
0.198994964
0.158743918
0.123304024
0.093178228
0.068437025
0.997333348
0.997112811
0.996856511
0.996574104
0.996275902
0.995968044
0.995651126
0.995321751
0.994974256
0.994602382
0.994200587
0.993764818
0.993292809
0.992783666
0.992236853
0.99165082
0.99102205
0.990344465
0.989610016
0.988809705
0.987935245
0.986979425
0.985936224
0.98480022
0.983565331
0.982224286
0.980768502
0.979189456
0.977479339
0.975632727
0.973646164
0.971517861
0.96924597
0.966826558
0.96425277
0.961513817
0.958595872
0.955482423
0.952155888
0.948598504
0.944792569
0.940720379
0.936363339
0.931700706
0.9267084
0.921358407
0.915618539
0.909452677
0.902821541
0.895682991
0.887991667
0.879697859
0.870744407
0.86106354
0.85057205
0.839167356
0.826723039
0.81308645
0.798076749
0.7814852
0.763077676
0.742600501
0.719789565
0.69438386
0.66614455
0.634877801
0.60046339
0.562885582
0.522265792
0.478892267
0.433511853
0.386314511
0.338105559
0.289955616
0.243138701
0.198994964
0.158743918
0.123304024
0.093178228
0.068437025
0.997333348
0.997112811
0.996856511
0.996574104
0.996275902
0.995968044
0.995651126
0.995321751
0.994974256
0.994602382
0.994200587
0.993764818
0.993292809
0.992783666
0.992236853
0.99165082
0.99102205
0.990344465
0.989610016
0.988809705
0.987935245
0.986979425
0.985936224
0.98480022
0.983565331
0.982224286
0.980768502
0.979189456
0.977479339
0.975632727
0.973646164
0.971517861
0.96924597
0.966826558
0.96425277
0.961513817
0.958595872
0.955482423
0.952155888
0.948598504
0.944792569
0.940720379
0.936363339
0.931700706
0.9267084
0.921358407
0.915618539
0.909452677
0.902821541
0.895682991
0.887991667
0.879697859
0.870744407
0.86106354
0.85057205
0.839167356
0.826723039
0.81308645
0.798076749
0.7814852
0.763077676
0.742600501
0.719789565
0.69438386
0.66614455
0.634877801
0.60046339
0.562885582
0.522265792
0.478892267
0.433511853
0.386314511
0.338105559
0.289955616
0.243138701
0.198994964
0.158743918
0.123304024
0.093178228
0.068437025
0.997333348
0.997112811
0.996856511
0.996574104
0.996275902
0.995968044
0.995651126
0.995321751
0.994974256
0.994602382
0.994200587
0.993764818
0.993292809
0.992783666
0.992236853
0.99165082
0.99102205
0.990344465
0.989610016
0.988809705
0.987935245
0.986979425
0.985936224
0.98480022
0.983565331
0.982224286
0.980768502
0.979189456
0.977479339
0.975632727
0.973646164
0.971517861
0.96924597
0.966826558
0.96425277
0.961513817
0.958595872
0.955482423
0.952155888
0.948598504
0.944792569
0.940720379
0.936363339
0.931700706
0.9267084
0.921358407
0.915618539
0.909452677
0.902821541
0.895682991
0.887991667
0.879697859
0.870744407
0.86106354
0.85057205
0.839167356
0.826723039
0.81308645
0.798076749
0.7814852
0.763077676
0.742600501
0.719789565
0.69438386
0.66614455
0.634877801
0.60046339
0.562885582
0.522265792
0.478892267
0.433511853
0.386314511
0.338105559
0.289955616
0.243138701
0.198994964
0.158743918
0.123304024
0.093178228
0.068437025
0.997333348
0.997112811
0.996856511
0.996574104
0.996275902
0.995968044
0.995651126
0.995321751
0.994974256
0.994602382
0.994200587
0.993764818
0.993292809
0.992783666
0.992236853
0.99165082
0.99102205
0.990344465
0.989610016
0.988809705
0.987935245
0.986979425
0.985936224
0.98480022
0.983565331
0.982224286
0.980768502
0.979189456
0.977479339
0.975632727
0.973646164
0.971517861
0.96924597
0.966826558
0.96425277
0.961513817
0.958595872
0.955482423
0.952155888
0.948598504
0.944792569
0.940720379
0.936363339
0.931700706
0.9267084
0.921358407
0.915618539
0.909452677
0.902821541
0.895682991
0.887991667
0.879697859
0.870744407
0.86106354
0.85057205
0.839167356
0.826723039
0.81308645
0.798076749
0.7814852
0.763077676
0.742600501
0.719789565
0.69438386
0.66614455
0.634877801
0.60046339
0.562885582
0.522265792
0.478892267
0.433511853
0.386314511
0.338105559
0.289955616
0.243138701
0.198994964
0.158743918
0.123304024
0.093178228
0.068437025
0.997333348
0.997112811
0.996856511
0.996574104
0.996275902
0.995968044
0.995651126
0.995321751
0.994974256
0.994602382
0.994200587
0.993764818
0.993292809
0.992783666
0.992236853
0.99165082
0.99102205
0.990344465
0.989610016
0.988809705
0.987935245
0.986979425
0.985936224
0.98480022
0.983565331
0.982224286
0.980768502
0.979189456
0.977479339
0.975632727
0.973646164
0.971517861
0.96924597
0.966826558
0.96425277
0.961513817
0.958595872
0.955482423
0.952155888
0.948598504
0.944792569
0.940720379
0.936363339
0.931700706
0.9267084
0.921358407
0.915618539
0.909452677
0.902821541
0.895682991
0.887991667
0.879697859
0.870744407
0.86106354
0.85057205
0.839167356
0.826723039
0.81308645
0.798076749
0.7814852
0.763077676
0.742600501
0.719789565
0.69438386
0.66614455
0.634877801
0.60046339
0.562885582
0.522265792
0.478892267
0.433511853
0.386314511
0.338105559
0.289955616
0.243138701
0.198994964
0.158743918
0.123304024
0.093178228
0.068437025
0.997333348
0.997112811
0.996856511
0.996574104
0.996275902
0.995968044
0.995651126
0.995321751
0.994974256
0.994602382
0.994200587
0.993764818
0.993292809
0.992783666
0.992236853
0.99165082
0.99102205
0.990344465
0.989610016
0.988809705
0.987935245
0.986979425
0.985936224
0.98480022
0.983565331
0.982224286
0.980768502
0.979189456
0.977479339
0.975632727
0.973646164
0.971517861
0.96924597
0.966826558
0.96425277
0.961513817
0.958595872
0.955482423
0.952155888
0.948598504
0.944792569
0.940720379
0.936363339
0.931700706
0.9267084
0.921358407
0.915618539
0.909452677
0.902821541
0.895682991
0.887991667
0.879697859
0.870744407
0.86106354
0.85057205
0.839167356
0.826723039
0.81308645
0.798076749
0.7814852
0.763077676
0.742600501
0.719789565
0.69438386
0.66614455
0.634877801
0.60046339
0.562885582
0.522265792
0.478892267
0.433511853
0.386314511
0.338105559
0.289955616
0.243138701
0.198994964
0.158743918
0.123304024
0.093178228
0.068437025
0.997333348
0.997112811
0.996856511
0.996574104
0.996275902
0.995968044
0.995651126
0.995321751
0.994974256
0.994602382
0.994200587
0.993764818
0.993292809
0.992783666
0.992236853
0.99165082
0.99102205
0.990344465
0.989610016
0.988809705
0.987935245
0.986979425
0.985936224
0.98480022
0.983565331
0.982224286
0.980768502
0.979189456
0.977479339
0.975632727
0.973646164
0.971517861
0.96924597
0.966826558
0.96425277
0.961513817
0.958595872
0.955482423
0.952155888
0.948598504
0.944792569
0.940720379
0.936363339
0.931700706
0.9267084
0.921358407
0.915618539
0.909452677
0.902821541
0.895682991
0.887991667
0.879697859
0.870744407
0.86106354
0.85057205
0.839167356
0.826723039
0.81308645
0.798076749
0.7814852
0.763077676
0.742600501
0.719789565
0.69438386
0.66614455
0.634877801
0.60046339
0.562885582
0.522265792
0.478892267
0.433511853
0.386314511
0.338105559
0.289955616
0.243138701
0.198994964
0.158743918
0.123304024
0.093178228
0.068437025
0.997333348
0.997112811
0.996856511
0.996574104
0.996275902
0.995968044
0.995651126
0.995321751
0.994974256
0.994602382
0.994200587
0.993764818
0.993292809
0.992783666
0.992236853
0.99165082
0.99102205
0.990344465
0.989610016
0.988809705
0.987935245
0.986979425
0.985936224
0.98480022
0.983565331
0.982224286
0.980768502
0.979189456
0.977479339
0.975632727
0.973646164
0.971517861
0.96924597
0.966826558
0.96425277
0.961513817
0.958595872
0.955482423
0.952155888
0.948598504
0.944792569
0.940720379
0.936363339
0.931700706
0.9267084
0.921358407
0.915618539
0.909452677
0.902821541
0.895682991
0.887991667
0.879697859
0.870744407
0.86106354
0.85057205
0.839167356
0.826723039
0.81308645
0.798076749
0.7814852
0.763077676
0.742600501
0.719789565
0.69438386
0.66614455
0.634877801
0.60046339
0.562885582
0.522265792
0.478892267
0.433511853
0.386314511
0.338105559
0.289955616
0.243138701
0.198994964
0.158743918
0.123304024
0.093178228
0.068437025
0.997333348
0.997112811
0.996856511
0.996574104
0.996275902
0.995968044
0.995651126
0.995321751
0.994974256
0.994602382
0.994200587
0.993764818
0.993292809
0.992783666
0.992236853
0.99165082
0.99102205
0.990344465
0.989610016
0.988809705
0.987935245
0.986979425
0.985936224
0.98480022
0.983565331
0.982224286
0.980768502
0.979189456
0.977479339
0.975632727
0.973646164
0.971517861
0.96924597
0.966826558
0.96425277
0.961513817
0.958595872
0.955482423
0.952155888
0.948598504
0.944792569
0.940720379
0.936363339
0.931700706
0.9267084
0.921358407
0.915618539
0.909452677
0.902821541
0.895682991
0.887991667
0.879697859
0.870744407
0.86106354
0.85057205
0.839167356
0.826723039
0.81308645
0.798076749
0.7814852
0.763077676
0.742600501
0.719789565
0.69438386
0.66614455
0.634877801
0.60046339
0.562885582
0.522265792
0.478892267
0.433511853
0.386314511
0.338105559
0.289955616
0.243138701
0.198994964
0.158743918
0.123304024
0.093178228
0.068437025
0.997333348
0.997112811
0.996856511
0.996574104
0.996275902
0.995968044
0.995651126
0.995321751
0.994974256
0.994602382
0.994200587
0.993764818
0.993292809
0.992783666
0.992236853
0.99165082
0.99102205
0.990344465
0.989610016
0.988809705
0.987935245
0.986979425
0.985936224
0.98480022
0.983565331
0.982224286
0.980768502
0.979189456
0.977479339
0.975632727
0.973646164
0.971517861
0.96924597
0.966826558
0.96425277
0.961513817
0.958595872
0.955482423
0.952155888
0.948598504
0.944792569
0.940720379
0.936363339
0.931700706
0.9267084
0.921358407
0.915618539
0.909452677
0.902821541
0.895682991
0.887991667
0.879697859
0.870744407
0.86106354
0.85057205
0.839167356
0.826723039
0.81308645
0.798076749
0.7814852
0.763077676
0.742600501
0.719789565
0.69438386
0.66614455
0.634877801
0.60046339
0.562885582
0.522265792
0.478892267
0.433511853
0.386314511
0.338105559
0.289955616
0.243138701
0.198994964
0.158743918
0.123304024
0.093178228
0.068437025
0.997333348
0.997112811
0.996856511
0.996574104
0.996275902
0.995968044
0.995651126
0.995321751
0.994974256
0.994602382
0.994200587
0.993764818
0.993292809
0.992783666
0.992236853
0.99165082
0.99102205
0.990344465
0.989610016
0.988809705
0.987935245
0.986979425
0.985936224
0.98480022
0.983565331
0.982224286
0.980768502
0.979189456
0.977479339
0.975632727
0.973646164
0.971517861
0.96924597
0.966826558
0.96425277
0.961513817
0.958595872
0.955482423
0.952155888
0.948598504
0.944792569
0.940720379
0.936363339
0.931700706
0.9267084
0.921358407
0.915618539
0.909452677
0.902821541
0.895682991
0.887991667
0.879697859
0.870744407
0.86106354
0.85057205
0.839167356
0.826723039
0.81308645
0.798076749
0.7814852
0.763077676
0.742600501
0.719789565
0.69438386
0.66614455
0.634877801
0.60046339
0.562885582
0.522265792
0.478892267
0.433511853
0.386314511
0.338105559
0.289955616
0.243138701
0.198994964
0.158743918
0.123304024
0.093178228
0.068437025
0.997333348
0.997112811
0.996856511
0.996574104
0.996275902
0.995968044
0.995651126
0.995321751
0.994974256
0.994602382
0.994200587
0.993764818
0.993292809
0.992783666
0.992236853
0.99165082
0.99102205
0.990344465
0.989610016
0.988809705
0.987935245
0.986979425
0.985936224
0.98480022
0.983565331
0.982224286
0.980768502
0.979189456
0.977479339
0.975632727
0.973646164
0.971517861
0.96924597
0.966826558
0.96425277
0.961513817
0.958595872
0.955482423
0.952155888
0.948598504
0.944792569
0.940720379
0.936363339
0.931700706
0.9267084
0.921358407
0.915618539
0.909452677
0.902821541
0.895682991
0.887991667
0.879697859
0.870744407
0.86106354
0.85057205
0.839167356
0.826723039
0.81308645
0.798076749
0.7814852
0.763077676
0.742600501
0.719789565
0.69438386
0.66614455
0.634877801
0.60046339
0.562885582
0.522265792
0.478892267
0.433511853
0.386314511
0.338105559
0.289955616
0.243138701
0.198994964
0.158743918
0.123304024
0.093178228
0.068437025
0.997333348
0.997112811
0.996856511
0.996574104
0.996275902
0.995968044
0.995651126
0.995321751
0.994974256
0.994602382
0.994200587
0.993764818
0.993292809
0.992783666
0.992236853
0.99165082
0.99102205
0.990344465
0.989610016
0.988809705
0.987935245
0.986979425
0.985936224
0.98480022
0.983565331
0.982224286
0.980768502
0.979189456
0.977479339
0.975632727
0.973646164
0.971517861
0.96924597
0.966826558
0.96425277
0.961513817
0.958595872
0.955482423
0.952155888
0.948598504
0.944792569
0.940720379
0.936363339
0.931700706
0.9267084
0.921358407
0.915618539
0.909452677
0.902821541
0.895682991
0.887991667
0.879697859
0.870744407
0.86106354
0.85057205
0.839167356
0.826723039
0.81308645
0.798076749
0.7814852
0.763077676
0.742600501
0.719789565
0.69438386
0.66614455
0.634877801
0.60046339
0.562885582
0.522265792
0.478892267
0.433511853
0.386314511
0.338105559
0.289955616
0.243138701
0.198994964
0.158743918
0.123304024
0.093178228
0.068437025
0.997333348
0.997112811
0.996856511
0.996574104
0.996275902
0.995968044
0.995651126
0.995321751
0.994974256
0.994602382
0.994200587
0.993764818
0.993292809
0.992783666
0.992236853
0.99165082
0.99102205
0.990344465
0.989610016
0.988809705
0.987935245
0.986979425
0.985936224
0.98480022
0.983565331
0.982224286
0.980768502
0.979189456
0.977479339
0.975632727
0.973646164
0.971517861
0.96924597
0.966826558
0.96425277
0.961513817
0.958595872
0.955482423
0.952155888
0.948598504
0.944792569
0.940720379
0.936363339
0.931700706
0.9267084
0.921358407
0.915618539
0.909452677
0.902821541
0.895682991
0.887991667
0.879697859
0.870744407
0.86106354
0.85057205
0.839167356
0.826723039
0.81308645
0.798076749
0.7814852
0.763077676
0.742600501
0.719789565
0.69438386
0.66614455
0.634877801
0.60046339
0.562885582
0.522265792
0.478892267
0.433511853
0.386314511
0.338105559
0.289955616
0.243138701
0.198994964
0.158743918
0.123304024
0.093178228
0.068437025
0.997333348
0.997112811
0.996856511
0.996574104
0.996275902
0.995968044
0.995651126
0.995321751
0.994974256
0.994602382
0.994200587
0.993764818
0.993292809
0.992783666
0.992236853
0.99165082
0.99102205
0.990344465
0.989610016
0.988809705
0.987935245
0.986979425
0.985936224
0.98480022
0.983565331
0.982224286
0.980768502
0.979189456
0.977479339
0.975632727
0.973646164
0.971517861
0.96924597
0.966826558
0.96425277
0.961513817
0.958595872
0.955482423
0.952155888
0.948598504
0.944792569
0.940720379
0.936363339
0.931700706
0.9267084
0.921358407
0.915618539
0.909452677
0.902821541
0.895682991
0.887991667
0.879697859
0.870744407
0.86106354
0.85057205
0.839167356
0.826723039
0.81308645
0.798076749
0.7814852
0.763077676
0.742600501
0.719789565
0.69438386
0.66614455
0.634877801
0.60046339
0.562885582
0.522265792
0.478892267
0.433511853
0.386314511
0.338105559
0.289955616
0.243138701
0.198994964
0.158743918
0.123304024
0.093178228
0.068437025
0.997333348
0.997112811
0.996856511
0.996574104
0.996275902
0.995968044
0.995651126
0.995321751
0.994974256
0.994602382
0.994200587
0.993764818
0.993292809
0.992783666
0.992236853
0.99165082
0.99102205
0.990344465
0.989610016
0.988809705
0.987935245
0.986979425
0.985936224
0.98480022
0.983565331
0.982224286
0.980768502
0.979189456
0.977479339
0.975632727
0.973646164
0.971517861
0.96924597
0.966826558
0.96425277
0.961513817
0.958595872
0.955482423
0.952155888
0.948598504
0.944792569
0.940720379
0.936363339
0.931700706
0.9267084
0.921358407
0.915618539
0.909452677
0.902821541
0.895682991
0.887991667
0.879697859
0.870744407
0.86106354
0.85057205
0.839167356
0.826723039
0.81308645
0.798076749
0.7814852
0.763077676
0.742600501
0.719789565
0.69438386
0.66614455
0.634877801
0.60046339
0.562885582
0.522265792
0.478892267
0.433511853
0.386314511
0.338105559
0.289955616
0.243138701
0.198994964
0.158743918
0.123304024
0.093178228
0.068437025
0.997333348
0.997112811
0.996856511
0.996574104
0.996275902
0.995968044
0.995651126
0.995321751
0.994974256
0.994602382
0.994200587
0.993764818
0.993292809
0.992783666
0.992236853
0.99165082
0.99102205
0.990344465
0.989610016
0.988809705
0.987935245
0.986979425
0.985936224
0.98480022
0.983565331
0.982224286
0.980768502
0.979189456
0.977479339
0.975632727
0.973646164
0.971517861
0.96924597
0.966826558
0.96425277
0.961513817
0.958595872
0.955482423
0.952155888
0.948598504
0.944792569
0.940720379
0.936363339
0.931700706
0.9267084
0.921358407
0.915618539
0.909452677
0.902821541
0.895682991
0.887991667
0.879697859
0.870744407
0.86106354
0.85057205
0.839167356
0.826723039
0.81308645
0.798076749
0.7814852
0.763077676
0.742600501
0.719789565
0.69438386
0.66614455
0.634877801
0.60046339
0.562885582
0.522265792
0.478892267
0.433511853
0.386314511
0.338105559
0.289955616
0.243138701
0.198994964
0.158743918
0.123304024
0.093178228
0.068437025
0.997333348
0.997112811
0.996856511
0.996574104
0.996275902
0.995968044
0.995651126
0.995321751
0.994974256
0.994602382
0.994200587
0.993764818
0.993292809
0.992783666
0.992236853
0.99165082
0.99102205
0.990344465
0.989610016
0.988809705
0.987935245
0.986979425
0.985936224
0.98480022
0.983565331
0.982224286
0.980768502
0.979189456
0.977479339
0.975632727
0.973646164
0.971517861
0.96924597
0.966826558
0.96425277
0.961513817
0.958595872
0.955482423
0.952155888
0.948598504
0.944792569
0.940720379
0.936363339
0.931700706
0.9267084
0.921358407
0.915618539
0.909452677
0.902821541
0.895682991
0.887991667
0.879697859
0.870744407
0.86106354
0.85057205
0.839167356
0.826723039
0.81308645
0.798076749
0.7814852
0.763077676
0.742600501
0.719789565
0.69438386
0.66614455
0.634877801
0.60046339
0.562885582
0.522265792
0.478892267
0.433511853
0.386314511
0.338105559
0.289955616
0.243138701
0.198994964
0.158743918
0.123304024
0.093178228
0.068437025
0.997333348
0.997112811
0.996856511
0.996574104
0.996275902
0.995968044
0.995651126
0.995321751
0.994974256
0.994602382
0.994200587
0.993764818
0.993292809
0.992783666
0.992236853
0.99165082
0.99102205
0.990344465
0.989610016
0.988809705
0.987935245
0.986979425
0.985936224
0.98480022
0.983565331
0.982224286
0.980768502
0.979189456
0.977479339
0.975632727
0.973646164
0.971517861
0.96924597
0.966826558
0.96425277
0.961513817
0.958595872
0.955482423
0.952155888
0.948598504
0.944792569
0.940720379
0.936363339
0.931700706
0.9267084
0.921358407
0.915618539
0.909452677
0.902821541
0.895682991
0.887991667
0.879697859
0.870744407
0.86106354
0.85057205
0.839167356
0.826723039
0.81308645
0.798076749
0.7814852
0.763077676
0.742600501
0.719789565
0.69438386
0.66614455
0.634877801
0.60046339
0.562885582
0.522265792
0.478892267
0.433511853
0.386314511
0.338105559
0.289955616
0.243138701
0.198994964
0.158743918
0.123304024
0.093178228
0.068437025
0.997333348
0.997112811
0.996856511
0.996574104
0.996275902
0.995968044
0.995651126
0.995321751
0.994974256
0.994602382
0.994200587
0.993764818
0.993292809
0.992783666
0.992236853
0.99165082
0.99102205
0.990344465
0.989610016
0.988809705
0.987935245
0.986979425
0.985936224
0.98480022
0.983565331
0.982224286
0.980768502
0.979189456
0.977479339
0.975632727
0.973646164
0.971517861
0.96924597
0.966826558
0.96425277
0.961513817
0.958595872
0.955482423
0.952155888
0.948598504
0.944792569
0.940720379
0.936363339
0.931700706
0.9267084
0.921358407
0.915618539
0.909452677
0.902821541
0.895682991
0.887991667
0.879697859
0.870744407
0.86106354
0.85057205
0.839167356
0.826723039
0.81308645
0.798076749
0.7814852
0.763077676
0.742600501
0.719789565
0.69438386
0.66614455
0.634877801
0.60046339
0.562885582
0.522265792
0.478892267
0.433511853
0.386314511
0.338105559
0.289955616
0.243138701
0.198994964
0.158743918
0.123304024
0.093178228
0.068437025
0.997333348
0.997112811
0.996856511
0.996574104
0.996275902
0.995968044
0.995651126
0.995321751
0.994974256
0.994602382
0.994200587
0.993764818
0.993292809
0.992783666
0.992236853
0.99165082
0.99102205
0.990344465
0.989610016
0.988809705
0.987935245
0.986979425
0.985936224
0.98480022
0.983565331
0.982224286
0.980768502
0.979189456
0.977479339
0.975632727
0.973646164
0.971517861
0.96924597
0.966826558
0.96425277
0.961513817
0.958595872
0.955482423
0.952155888
0.948598504
0.944792569
0.940720379
0.936363339
0.931700706
0.9267084
0.921358407
0.915618539
0.909452677
0.902821541
0.895682991
0.887991667
0.879697859
0.870744407
0.86106354
0.85057205
0.839167356
0.826723039
0.81308645
0.798076749
0.7814852
0.763077676
0.742600501
0.719789565
0.69438386
0.66614455
0.634877801
0.60046339
0.562885582
0.522265792
0.478892267
0.433511853
0.386314511
0.338105559
0.289955616
0.243138701
0.198994964
0.158743918
0.123304024
0.093178228
0.068437025
0.997333348
0.997112811
0.996856511
0.996574104
0.996275902
0.995968044
0.995651126
0.995321751
0.994974256
0.994602382
0.994200587
0.993764818
0.993292809
0.992783666
0.992236853
0.99165082
0.99102205
0.990344465
0.989610016
0.988809705
0.987935245
0.986979425
0.985936224
0.98480022
0.983565331
0.982224286
0.980768502
0.979189456
0.977479339
0.975632727
0.973646164
0.971517861
0.96924597
0.966826558
0.96425277
0.961513817
0.958595872
0.955482423
0.952155888
0.948598504
0.944792569
0.940720379
0.936363339
0.931700706
0.9267084
0.921358407
0.915618539
0.909452677
0.902821541
0.895682991
0.887991667
0.879697859
0.870744407
0.86106354
0.85057205
0.839167356
0.826723039
0.81308645
0.798076749
0.7814852
0.763077676
0.742600501
0.719789565
0.69438386
0.66614455
0.634877801
0.60046339
0.562885582
0.522265792
0.478892267
0.433511853
0.386314511
0.338105559
0.289955616
0.243138701
0.198994964
0.158743918
0.123304024
0.093178228
0.068437025
0.997333348
0.997112811
0.996856511
0.996574104
0.996275902
0.995968044
0.995651126
0.995321751
0.994974256
0.994602382
0.994200587
0.993764818
0.993292809
0.992783666
0.992236853
0.99165082
0.99102205
0.990344465
0.989610016
0.988809705
0.987935245
0.986979425
0.985936224
0.98480022
0.983565331
0.982224286
0.980768502
0.979189456
0.977479339
0.975632727
0.973646164
0.971517861
0.96924597
0.966826558
0.96425277
0.961513817
0.958595872
0.955482423
0.952155888
0.948598504
0.944792569
0.940720379
0.936363339
0.931700706
0.9267084
0.921358407
0.915618539
0.909452677
0.902821541
0.895682991
0.887991667
0.879697859
0.870744407
0.86106354
0.85057205
0.839167356
0.826723039
0.81308645
0.798076749
0.7814852
0.763077676
0.742600501
0.719789565
0.69438386
0.66614455
0.634877801
0.60046339
0.562885582
0.522265792
0.478892267
0.433511853
0.386314511
0.338105559
0.289955616
0.243138701
0.198994964
0.158743918
0.123304024
0.093178228
0.068437025
0.997333348
0.997112811
0.996856511
0.996574104
0.996275902
0.995968044
0.995651126
0.995321751
0.994974256
0.994602382
0.994200587
0.993764818
0.993292809
0.992783666
0.992236853
0.99165082
0.99102205
0.990344465
0.989610016
0.988809705
0.987935245
0.986979425
0.985936224
0.98480022
0.983565331
0.982224286
0.980768502
0.979189456
0.977479339
0.975632727
0.973646164
0.971517861
0.96924597
0.966826558
0.96425277
0.961513817
0.958595872
0.955482423
0.952155888
0.948598504
0.944792569
0.940720379
0.936363339
0.931700706
0.9267084
0.921358407
0.915618539
0.909452677
0.902821541
0.895682991
0.887991667
0.879697859
0.870744407
0.86106354
0.85057205
0.839167356
0.826723039
0.81308645
0.798076749
0.7814852
0.763077676
0.742600501
0.719789565
0.69438386
0.66614455
0.634877801
0.60046339
0.562885582
0.522265792
0.478892267
0.433511853
0.386314511
0.338105559
0.289955616
0.243138701
0.198994964
0.158743918
0.123304024
0.093178228
0.068437025
0.997333348
0.997112811
0.996856511
0.996574104
0.996275902
0.995968044
0.995651126
0.995321751
0.994974256
0.994602382
0.994200587
0.993764818
0.993292809
0.992783666
0.992236853
0.99165082
0.99102205
0.990344465
0.989610016
0.988809705
0.987935245
0.986979425
0.985936224
0.98480022
0.983565331
0.982224286
0.980768502
0.979189456
0.977479339
0.975632727
0.973646164
0.971517861
0.96924597
0.966826558
0.96425277
0.961513817
0.958595872
0.955482423
0.952155888
0.948598504
0.944792569
0.940720379
0.936363339
0.931700706
0.9267084
0.921358407
0.915618539
0.909452677
0.902821541
0.895682991
0.887991667
0.879697859
0.870744407
0.86106354
0.85057205
0.839167356
0.826723039
0.81308645
0.798076749
0.7814852
0.763077676
0.742600501
0.719789565
0.69438386
0.66614455
0.634877801
0.60046339
0.562885582
0.522265792
0.478892267
0.433511853
0.386314511
0.338105559
0.289955616
0.243138701
0.198994964
0.158743918
0.123304024
0.093178228
0.068437025
0.997333348
0.997112811
0.996856511
0.996574104
0.996275902
0.995968044
0.995651126
0.995321751
0.994974256
0.994602382
0.994200587
0.993764818
0.993292809
0.992783666
0.992236853
0.99165082
0.99102205
0.990344465
0.989610016
0.988809705
0.987935245
0.986979425
0.985936224
0.98480022
0.983565331
0.982224286
0.980768502
0.979189456
0.977479339
0.975632727
0.973646164
0.971517861
0.96924597
0.966826558
0.96425277
0.961513817
0.958595872
0.955482423
0.952155888
0.948598504
0.944792569
0.940720379
0.936363339
0.931700706
0.9267084
0.921358407
0.915618539
0.909452677
0.902821541
0.895682991
0.887991667
0.879697859
0.870744407
0.86106354
0.85057205
0.839167356
0.826723039
0.81308645
0.798076749
0.7814852
0.763077676
0.742600501
0.719789565
0.69438386
0.66614455
0.634877801
0.60046339
0.562885582
0.522265792
0.478892267
0.433511853
0.386314511
0.338105559
0.289955616
0.243138701
0.198994964
0.158743918
0.123304024
0.093178228
0.068437025
0.997333348
0.997112811
0.996856511
0.996574104
0.996275902
0.995968044
0.995651126
0.995321751
0.994974256
0.994602382
0.994200587
0.993764818
0.993292809
0.992783666
0.992236853
0.99165082
0.99102205
0.990344465
0.989610016
0.988809705
0.987935245
0.986979425
0.985936224
0.98480022
0.983565331
0.982224286
0.980768502
0.979189456
0.977479339
0.975632727
0.973646164
0.971517861
0.96924597
0.966826558
0.96425277
0.961513817
0.958595872
0.955482423
0.952155888
0.948598504
0.944792569
0.940720379
0.936363339
0.931700706
0.9267084
0.921358407
0.915618539
0.909452677
0.902821541
0.895682991
0.887991667
0.879697859
0.870744407
0.86106354
0.85057205
0.839167356
0.826723039
0.81308645
0.798076749
0.7814852
0.763077676
0.742600501
0.719789565
0.69438386
0.66614455
0.634877801
0.60046339
0.562885582
0.522265792
0.478892267
0.433511853
0.386314511
0.338105559
0.289955616
0.243138701
0.198994964
0.158743918
0.123304024
0.093178228
0.068437025
0.997333348
0.997112811
0.996856511
0.996574104
0.996275902
0.995968044
0.995651126
0.995321751
0.994974256
0.994602382
0.994200587
0.993764818
0.993292809
0.992783666
0.992236853
0.99165082
0.99102205
0.990344465
0.989610016
0.988809705
0.987935245
0.986979425
0.985936224
0.98480022
0.983565331
0.982224286
0.980768502
0.979189456
0.977479339
0.975632727
0.973646164
0.971517861
0.96924597
0.966826558
0.96425277
0.961513817
0.958595872
0.955482423
0.952155888
0.948598504
0.944792569
0.940720379
0.936363339
0.931700706
0.9267084
0.921358407
0.915618539
0.909452677
0.902821541
0.895682991
0.887991667
0.879697859
0.870744407
0.86106354
0.85057205
0.839167356
0.826723039
0.81308645
0.798076749
0.7814852
0.763077676
0.742600501
0.719789565
0.69438386
0.66614455
0.634877801
0.60046339
0.562885582
0.522265792
0.478892267
0.433511853
0.386314511
0.338105559
0.289955616
0.243138701
0.198994964
0.158743918
0.123304024
0.093178228
0.068437025
0.997333348
0.997112811
0.996856511
0.996574104
0.996275902
0.995968044
0.995651126
0.995321751
0.994974256
0.994602382
0.994200587
0.993764818
0.993292809
0.992783666
0.992236853
0.99165082
0.99102205
0.990344465
0.989610016
0.988809705
0.987935245
0.986979425
0.985936224
0.98480022
0.983565331
0.982224286
0.980768502
0.979189456
0.977479339
0.975632727
0.973646164
0.971517861
0.96924597
0.966826558
0.96425277
0.961513817
0.958595872
0.955482423
0.952155888
0.948598504
0.944792569
0.940720379
0.936363339
0.931700706
0.9267084
0.921358407
0.915618539
0.909452677
0.902821541
0.895682991
0.887991667
0.879697859
0.870744407
0.86106354
0.85057205
0.839167356
0.826723039
0.81308645
0.798076749
0.7814852
0.763077676
0.742600501
0.719789565
0.69438386
0.66614455
0.634877801
0.60046339
0.562885582
0.522265792
0.478892267
0.433511853
0.386314511
0.338105559
0.289955616
0.243138701
0.198994964
0.158743918
0.123304024
0.093178228
0.068437025
0.997333348
0.997112811
0.996856511
0.996574104
0.996275902
0.995968044
0.995651126
0.995321751
0.994974256
0.994602382
0.994200587
0.993764818
0.993292809
0.992783666
0.992236853
0.99165082
0.99102205
0.990344465
0.989610016
0.988809705
0.987935245
0.986979425
0.985936224
0.98480022
0.983565331
0.982224286
0.980768502
0.979189456
0.977479339
0.975632727
0.973646164
0.971517861
0.96924597
0.966826558
0.96425277
0.961513817
0.958595872
0.955482423
0.952155888
0.948598504
0.944792569
0.940720379
0.936363339
0.931700706
0.9267084
0.921358407
0.915618539
0.909452677
0.902821541
0.895682991
0.887991667
0.879697859
0.870744407
0.86106354
0.85057205
0.839167356
0.826723039
0.81308645
0.798076749
0.7814852
0.763077676
0.742600501
0.719789565
0.69438386
0.66614455
0.634877801
0.60046339
0.562885582
0.522265792
0.478892267
0.433511853
0.386314511
0.338105559
0.289955616
0.243138701
0.198994964
0.158743918
0.123304024
0.093178228
0.068437025
0.997333348
0.997112811
0.996856511
0.996574104
0.996275902
0.995968044
0.995651126
0.995321751
0.994974256
0.994602382
0.994200587
0.993764818
0.993292809
0.992783666
0.992236853
0.99165082
0.99102205
0.990344465
0.989610016
0.988809705
0.987935245
0.986979425
0.985936224
0.98480022
0.983565331
0.982224286
0.980768502
0.979189456
0.977479339
0.975632727
0.973646164
0.971517861
0.96924597
0.966826558
0.96425277
0.961513817
0.958595872
0.955482423
0.952155888
0.948598504
0.944792569
0.940720379
0.936363339
0.931700706
0.9267084
0.921358407
0.915618539
0.909452677
0.902821541
0.895682991
0.887991667
0.879697859
0.870744407
0.86106354
0.85057205
0.839167356
0.826723039
0.81308645
0.798076749
0.7814852
0.763077676
0.742600501
0.719789565
0.69438386
0.66614455
0.634877801
0.60046339
0.562885582
0.522265792
0.478892267
0.433511853
0.386314511
0.338105559
0.289955616
0.243138701
0.198994964
0.158743918
0.123304024
0.093178228
0.068437025
0.997333348
0.997112811
0.996856511
0.996574104
0.996275902
0.995968044
0.995651126
0.995321751
0.994974256
0.994602382
0.994200587
0.993764818
0.993292809
0.992783666
0.992236853
0.99165082
0.99102205
0.990344465
0.989610016
0.988809705
0.987935245
0.986979425
0.985936224
0.98480022
0.983565331
0.982224286
0.980768502
0.979189456
0.977479339
0.975632727
0.973646164
0.971517861
0.96924597
0.966826558
0.96425277
0.961513817
0.958595872
0.955482423
0.952155888
0.948598504
0.944792569
0.940720379
0.936363339
0.931700706
0.9267084
0.921358407
0.915618539
0.909452677
0.902821541
0.895682991
0.887991667
0.879697859
0.870744407
0.86106354
0.85057205
0.839167356
0.826723039
0.81308645
0.798076749
0.7814852
0.763077676
0.742600501
0.719789565
0.69438386
0.66614455
0.634877801
0.60046339
0.562885582
0.522265792
0.478892267
0.433511853
0.386314511
0.338105559
0.289955616
0.243138701
0.198994964
0.158743918
0.123304024
0.093178228
0.068437025
0.997333348
0.997112811
0.996856511
0.996574104
0.996275902
0.995968044
0.995651126
0.995321751
0.994974256
0.994602382
0.994200587
0.993764818
0.993292809
0.992783666
0.992236853
0.99165082
0.99102205
0.990344465
0.989610016
0.988809705
0.987935245
0.986979425
0.985936224
0.98480022
0.983565331
0.982224286
0.980768502
0.979189456
0.977479339
0.975632727
0.973646164
0.971517861
0.96924597
0.966826558
0.96425277
0.961513817
0.958595872
0.955482423
0.952155888
0.948598504
0.944792569
0.940720379
0.936363339
0.931700706
0.9267084
0.921358407
0.915618539
0.909452677
0.902821541
0.895682991
0.887991667
0.879697859
0.870744407
0.86106354
0.85057205
0.839167356
0.826723039
0.81308645
0.798076749
0.7814852
0.763077676
0.742600501
0.719789565
0.69438386
0.66614455
0.634877801
0.60046339
0.562885582
0.522265792
0.478892267
0.433511853
0.386314511
0.338105559
0.289955616
0.243138701
0.198994964
0.158743918
0.123304024
0.093178228
0.068437025
0.997333348
0.997112811
0.996856511
0.996574104
0.996275902
0.995968044
0.995651126
0.995321751
0.994974256
0.994602382
0.994200587
0.993764818
0.993292809
0.992783666
0.992236853
0.99165082
0.99102205
0.990344465
0.989610016
0.988809705
0.987935245
0.986979425
0.985936224
0.98480022
0.983565331
0.982224286
0.980768502
0.979189456
0.977479339
0.975632727
0.973646164
0.971517861
0.96924597
0.966826558
0.96425277
0.961513817
0.958595872
0.955482423
0.952155888
0.948598504
0.944792569
0.940720379
0.936363339
0.931700706
0.9267084
0.921358407
0.915618539
0.909452677
0.902821541
0.895682991
0.887991667
0.879697859
0.870744407
0.86106354
0.85057205
0.839167356
0.826723039
0.81308645
0.798076749
0.7814852
0.763077676
0.742600501
0.719789565
0.69438386
0.66614455
0.634877801
0.60046339
0.562885582
0.522265792
0.478892267
0.433511853
0.386314511
0.338105559
0.289955616
0.243138701
0.198994964
0.158743918
0.123304024
0.093178228
0.068437025
0.997333348
0.997112811
0.996856511
0.996574104
0.996275902
0.995968044
0.995651126
0.995321751
0.994974256
0.994602382
0.994200587
0.993764818
0.993292809
0.992783666
0.992236853
0.99165082
0.99102205
0.990344465
0.989610016
0.988809705
0.987935245
0.986979425
0.985936224
0.98480022
0.983565331
0.982224286
0.980768502
0.979189456
0.977479339
0.975632727
0.973646164
0.971517861
0.96924597
0.966826558
0.96425277
0.961513817
0.958595872
0.955482423
0.952155888
0.948598504
0.944792569
0.940720379
0.936363339
0.931700706
0.9267084
0.921358407
0.915618539
0.909452677
0.902821541
0.895682991
0.887991667
0.879697859
0.870744407
0.86106354
0.85057205
0.839167356
0.826723039
0.81308645
0.798076749
0.7814852
0.763077676
0.742600501
0.719789565
0.69438386
0.66614455
0.634877801
0.60046339
0.562885582
0.522265792
0.478892267
0.433511853
0.386314511
0.338105559
0.289955616
0.243138701
0.198994964
0.158743918
0.123304024
0.093178228
0.068437025
0.997333348
0.997112811
0.996856511
0.996574104
0.996275902
0.995968044
0.995651126
0.995321751
0.994974256
0.994602382
0.994200587
0.993764818
0.993292809
0.992783666
0.992236853
0.99165082
0.99102205
0.990344465
0.989610016
0.988809705
0.987935245
0.986979425
0.985936224
0.98480022
0.983565331
0.982224286
0.980768502
0.979189456
0.977479339
0.975632727
0.973646164
0.971517861
0.96924597
0.966826558
0.96425277
0.961513817
0.958595872
0.955482423
0.952155888
0.948598504
0.944792569
0.940720379
0.936363339
0.931700706
0.9267084
0.921358407
0.915618539
0.909452677
0.902821541
0.895682991
0.887991667
0.879697859
0.870744407
0.86106354
0.85057205
0.839167356
0.826723039
0.81308645
0.798076749
0.7814852
0.763077676
0.742600501
0.719789565
0.69438386
0.66614455
0.634877801
0.60046339
0.562885582
0.522265792
0.478892267
0.433511853
0.386314511
0.338105559
0.289955616
0.243138701
0.198994964
0.158743918
0.123304024
0.093178228
0.068437025
0.997333348
0.997112811
0.996856511
0.996574104
0.996275902
0.995968044
0.995651126
0.995321751
0.994974256
0.994602382
0.994200587
0.993764818
0.993292809
0.992783666
0.992236853
0.99165082
0.99102205
0.990344465
0.989610016
0.988809705
0.987935245
0.986979425
0.985936224
0.98480022
0.983565331
0.982224286
0.980768502
0.979189456
0.977479339
0.975632727
0.973646164
0.971517861
0.96924597
0.966826558
0.96425277
0.961513817
0.958595872
0.955482423
0.952155888
0.948598504
0.944792569
0.940720379
0.936363339
0.931700706
0.9267084
0.921358407
0.915618539
0.909452677
0.902821541
0.895682991
0.887991667
0.879697859
0.870744407
0.86106354
0.85057205
0.839167356
0.826723039
0.81308645
0.798076749
0.7814852
0.763077676
0.742600501
0.719789565
0.69438386
0.66614455
0.634877801
0.60046339
0.562885582
0.522265792
0.478892267
0.433511853
0.386314511
0.338105559
0.289955616
0.243138701
0.198994964
0.158743918
0.123304024
0.093178228
0.068437025
0.997333348
0.997112811
0.996856511
0.996574104
0.996275902
0.995968044
0.995651126
0.995321751
0.994974256
0.994602382
0.994200587
0.993764818
0.993292809
0.992783666
0.992236853
0.99165082
0.99102205
0.990344465
0.989610016
0.988809705
0.987935245
0.986979425
0.985936224
0.98480022
0.983565331
0.982224286
0.980768502
0.979189456
0.977479339
0.975632727
0.973646164
0.971517861
0.96924597
0.966826558
0.96425277
0.961513817
0.958595872
0.955482423
0.952155888
0.948598504
0.944792569
0.940720379
0.936363339
0.931700706
0.9267084
0.921358407
0.915618539
0.909452677
0.902821541
0.895682991
0.887991667
0.879697859
0.870744407
0.86106354
0.85057205
0.839167356
0.826723039
0.81308645
0.798076749
0.7814852
0.763077676
0.742600501
0.719789565
0.69438386
0.66614455
0.634877801
0.60046339
0.562885582
0.522265792
0.478892267
0.433511853
0.386314511
0.338105559
0.289955616
0.243138701
0.198994964
0.158743918
0.123304024
0.093178228
0.068437025
0.997333348
0.997112811
0.996856511
0.996574104
0.996275902
0.995968044
0.995651126
0.995321751
0.994974256
0.994602382
0.994200587
0.993764818
0.993292809
0.992783666
0.992236853
0.99165082
0.99102205
0.990344465
0.989610016
0.988809705
0.987935245
0.986979425
0.985936224
0.98480022
0.983565331
0.982224286
0.980768502
0.979189456
0.977479339
0.975632727
0.973646164
0.971517861
0.96924597
0.966826558
0.96425277
0.961513817
0.958595872
0.955482423
0.952155888
0.948598504
0.944792569
0.940720379
0.936363339
0.931700706
0.9267084
0.921358407
0.915618539
0.909452677
0.902821541
0.895682991
0.887991667
0.879697859
0.870744407
0.86106354
0.85057205
0.839167356
0.826723039
0.81308645
0.798076749
0.7814852
0.763077676
0.742600501
0.719789565
0.69438386
0.66614455
0.634877801
0.60046339
0.562885582
0.522265792
0.478892267
0.433511853
0.386314511
0.338105559
0.289955616
0.243138701
0.198994964
0.158743918
0.123304024
0.093178228
0.068437025
0.997333348
0.997112811
0.996856511
0.996574104
0.996275902
0.995968044
0.995651126
0.995321751
0.994974256
0.994602382
0.994200587
0.993764818
0.993292809
0.992783666
0.992236853
0.99165082
0.99102205
0.990344465
0.989610016
0.988809705
0.987935245
0.986979425
0.985936224
0.98480022
0.983565331
0.982224286
0.980768502
0.979189456
0.977479339
0.975632727
0.973646164
0.971517861
0.96924597
0.966826558
0.96425277
0.961513817
0.958595872
0.955482423
0.952155888
0.948598504
0.944792569
0.940720379
0.936363339
0.931700706
0.9267084
0.921358407
0.915618539
0.909452677
0.902821541
0.895682991
0.887991667
0.879697859
0.870744407
0.86106354
0.85057205
0.839167356
0.826723039
0.81308645
0.798076749
0.7814852
0.763077676
0.742600501
0.719789565
0.69438386
0.66614455
0.634877801
0.60046339
0.562885582
0.522265792
0.478892267
0.433511853
0.386314511
0.338105559
0.289955616
0.243138701
0.198994964
0.158743918
0.123304024
0.093178228
0.068437025
0.997333348
0.997112811
0.996856511
0.996574104
0.996275902
0.995968044
0.995651126
0.995321751
0.994974256
0.994602382
0.994200587
0.993764818
0.993292809
0.992783666
0.992236853
0.99165082
0.99102205
0.990344465
0.989610016
0.988809705
0.987935245
0.986979425
0.985936224
0.98480022
0.983565331
0.982224286
0.980768502
0.979189456
0.977479339
0.975632727
0.973646164
0.971517861
0.96924597
0.966826558
0.96425277
0.961513817
0.958595872
0.955482423
0.952155888
0.948598504
0.944792569
0.940720379
0.936363339
0.931700706
0.9267084
0.921358407
0.915618539
0.909452677
0.902821541
0.895682991
0.887991667
0.879697859
0.870744407
0.86106354
0.85057205
0.839167356
0.826723039
0.81308645
0.798076749
0.7814852
0.763077676
0.742600501
0.719789565
0.69438386
0.66614455
0.634877801
0.60046339
0.562885582
0.522265792
0.478892267
0.433511853
0.386314511
0.338105559
0.289955616
0.243138701
0.198994964
0.158743918
0.123304024
0.093178228
0.068437025
0.997333348
0.997112811
0.996856511
0.996574104
0.996275902
0.995968044
0.995651126
0.995321751
0.994974256
0.994602382
0.994200587
0.993764818
0.993292809
0.992783666
0.992236853
0.99165082
0.99102205
0.990344465
0.989610016
0.988809705
0.987935245
0.986979425
0.985936224
0.98480022
0.983565331
0.982224286
0.980768502
0.979189456
0.977479339
0.975632727
0.973646164
0.971517861
0.96924597
0.966826558
0.96425277
0.961513817
0.958595872
0.955482423
0.952155888
0.948598504
0.944792569
0.940720379
0.936363339
0.931700706
0.9267084
0.921358407
0.915618539
0.909452677
0.902821541
0.895682991
0.887991667
0.879697859
0.870744407
0.86106354
0.85057205
0.839167356
0.826723039
0.81308645
0.798076749
0.7814852
0.763077676
0.742600501
0.719789565
0.69438386
0.66614455
0.634877801
0.60046339
0.562885582
0.522265792
0.478892267
0.433511853
0.386314511
0.338105559
0.289955616
0.243138701
0.198994964
0.158743918
0.123304024
0.093178228
0.068437025
0.997333348
0.997112811
0.996856511
0.996574104
0.996275902
0.995968044
0.995651126
0.995321751
0.994974256
0.994602382
0.994200587
0.993764818
0.993292809
0.992783666
0.992236853
0.99165082
0.99102205
0.990344465
0.989610016
0.988809705
0.987935245
0.986979425
0.985936224
0.98480022
0.983565331
0.982224286
0.980768502
0.979189456
0.977479339
0.975632727
0.973646164
0.971517861
0.96924597
0.966826558
0.96425277
0.961513817
0.958595872
0.955482423
0.952155888
0.948598504
0.944792569
0.940720379
0.936363339
0.931700706
0.9267084
0.921358407
0.915618539
0.909452677
0.902821541
0.895682991
0.887991667
0.879697859
0.870744407
0.86106354
0.85057205
0.839167356
0.826723039
0.81308645
0.798076749
0.7814852
0.763077676
0.742600501
0.719789565
0.69438386
0.66614455
0.634877801
0.60046339
0.562885582
0.522265792
0.478892267
0.433511853
0.386314511
0.338105559
0.289955616
0.243138701
0.198994964
0.158743918
0.123304024
0.093178228
0.068437025
0.997333348
0.997112811
0.996856511
0.996574104
0.996275902
0.995968044
0.995651126
0.995321751
0.994974256
0.994602382
0.994200587
0.993764818
0.993292809
0.992783666
0.992236853
0.99165082
0.99102205
0.990344465
0.989610016
0.988809705
0.987935245
0.986979425
0.985936224
0.98480022
0.983565331
0.982224286
0.980768502
0.979189456
0.977479339
0.975632727
0.973646164
0.971517861
0.96924597
0.966826558
0.96425277
0.961513817
0.958595872
0.955482423
0.952155888
0.948598504
0.944792569
0.940720379
0.936363339
0.931700706
0.9267084
0.921358407
0.915618539
0.909452677
0.902821541
0.895682991
0.887991667
0.879697859
0.870744407
0.86106354
0.85057205
0.839167356
0.826723039
0.81308645
0.798076749
0.7814852
0.763077676
0.742600501
0.719789565
0.69438386
0.66614455
0.634877801
0.60046339
0.562885582
0.522265792
0.478892267
0.433511853
0.386314511
0.338105559
0.289955616
0.243138701
0.198994964
0.158743918
0.123304024
0.093178228
0.068437025
0.997333348
0.997112811
0.996856511
0.996574104
0.996275902
0.995968044
0.995651126
0.995321751
0.994974256
0.994602382
0.994200587
0.993764818
0.993292809
0.992783666
0.992236853
0.99165082
0.99102205
0.990344465
0.989610016
0.988809705
0.987935245
0.986979425
0.985936224
0.98480022
0.983565331
0.982224286
0.980768502
0.979189456
0.977479339
0.975632727
0.973646164
0.971517861
0.96924597
0.966826558
0.96425277
0.961513817
0.958595872
0.955482423
0.952155888
0.948598504
0.944792569
0.940720379
0.936363339
0.931700706
0.9267084
0.921358407
0.915618539
0.909452677
0.902821541
0.895682991
0.887991667
0.879697859
0.870744407
0.86106354
0.85057205
0.839167356
0.826723039
0.81308645
0.798076749
0.7814852
0.763077676
0.742600501
0.719789565
0.69438386
0.66614455
0.634877801
0.60046339
0.562885582
0.522265792
0.478892267
0.433511853
0.386314511
0.338105559
0.289955616
0.243138701
0.198994964
0.158743918
0.123304024
0.093178228
0.068437025
0.997333348
0.997112811
0.996856511
0.996574104
0.996275902
0.995968044
0.995651126
0.995321751
0.994974256
0.994602382
0.994200587
0.993764818
0.993292809
0.992783666
0.992236853
0.99165082
0.99102205
0.990344465
0.989610016
0.988809705
0.987935245
0.986979425
0.985936224
0.98480022
0.983565331
0.982224286
0.980768502
0.979189456
0.977479339
0.975632727
0.973646164
0.971517861
0.96924597
0.966826558
0.96425277
0.961513817
0.958595872
0.955482423
0.952155888
0.948598504
0.944792569
0.940720379
0.936363339
0.931700706
0.9267084
0.921358407
0.915618539
0.909452677
0.902821541
0.895682991
0.887991667
0.879697859
0.870744407
0.86106354
0.85057205
0.839167356
0.826723039
0.81308645
0.798076749
0.7814852
0.763077676
0.742600501
0.719789565
0.69438386
0.66614455
0.634877801
0.60046339
0.562885582
0.522265792
0.478892267
0.433511853
0.386314511
0.338105559
0.289955616
0.243138701
0.198994964
0.158743918
0.123304024
0.093178228
0.068437025
0.997333348
0.997112811
0.996856511
0.996574104
0.996275902
0.995968044
0.995651126
0.995321751
0.994974256
0.994602382
0.994200587
0.993764818
0.993292809
0.992783666
0.992236853
0.99165082
0.99102205
0.990344465
0.989610016
0.988809705
0.987935245
0.986979425
0.985936224
0.98480022
0.983565331
0.982224286
0.980768502
0.979189456
0.977479339
0.975632727
0.973646164
0.971517861
0.96924597
0.966826558
0.96425277
0.961513817
0.958595872
0.955482423
0.952155888
0.948598504
0.944792569
0.940720379
0.936363339
0.931700706
0.9267084
0.921358407
0.915618539
0.909452677
0.902821541
0.895682991
0.887991667
0.879697859
0.870744407
0.86106354
0.85057205
0.839167356
0.826723039
0.81308645
0.798076749
0.7814852
0.763077676
0.742600501
0.719789565
0.69438386
0.66614455
0.634877801
0.60046339
0.562885582
0.522265792
0.478892267
0.433511853
0.386314511
0.338105559
0.289955616
0.243138701
0.198994964
0.158743918
0.123304024
0.093178228
0.068437025
0.997333348
0.997112811
0.996856511
0.996574104
0.996275902
0.995968044
0.995651126
0.995321751
0.994974256
0.994602382
0.994200587
0.993764818
0.993292809
0.992783666
0.992236853
0.99165082
0.99102205
0.990344465
0.989610016
0.988809705
0.987935245
0.986979425
0.985936224
0.98480022
0.983565331
0.982224286
0.980768502
0.979189456
0.977479339
0.975632727
0.973646164
0.971517861
0.96924597
0.966826558
0.96425277
0.961513817
0.958595872
0.955482423
0.952155888
0.948598504
0.944792569
0.940720379
0.936363339
0.931700706
0.9267084
0.921358407
0.915618539
0.909452677
0.902821541
0.895682991
0.887991667
0.879697859
0.870744407
0.86106354
0.85057205
0.839167356
0.826723039
0.81308645
0.798076749
0.7814852
0.763077676
0.742600501
0.719789565
0.69438386
0.66614455
0.634877801
0.60046339
0.562885582
0.522265792
0.478892267
0.433511853
0.386314511
0.338105559
0.289955616
0.243138701
0.198994964
0.158743918
0.123304024
0.093178228
0.068437025
0.997333348
0.997112811
0.996856511
0.996574104
0.996275902
0.995968044
0.995651126
0.995321751
0.994974256
0.994602382
0.994200587
0.993764818
0.993292809
0.992783666
0.992236853
0.99165082
0.99102205
0.990344465
0.989610016
0.988809705
0.987935245
0.986979425
0.985936224
0.98480022
0.983565331
0.982224286
0.980768502
0.979189456
0.977479339
0.975632727
0.973646164
0.971517861
0.96924597
0.966826558
0.96425277
0.961513817
0.958595872
0.955482423
0.952155888
0.948598504
0.944792569
0.940720379
0.936363339
0.931700706
0.9267084
0.921358407
0.915618539
0.909452677
0.902821541
0.895682991
0.887991667
0.879697859
0.870744407
0.86106354
0.85057205
0.839167356
0.826723039
0.81308645
0.798076749
0.7814852
0.763077676
0.742600501
0.719789565
0.69438386
0.66614455
0.634877801
0.60046339
0.562885582
0.522265792
0.478892267
0.433511853
0.386314511
0.338105559
0.289955616
0.243138701
0.198994964
0.158743918
0.123304024
0.093178228
0.068437025
0.997333348
0.997112811
0.996856511
0.996574104
0.996275902
0.995968044
0.995651126
0.995321751
0.994974256
0.994602382
0.994200587
0.993764818
0.993292809
0.992783666
0.992236853
0.99165082
0.99102205
0.990344465
0.989610016
0.988809705
0.987935245
0.986979425
0.985936224
0.98480022
0.983565331
0.982224286
0.980768502
0.979189456
0.977479339
0.975632727
0.973646164
0.971517861
0.96924597
0.966826558
0.96425277
0.961513817
0.958595872
0.955482423
0.952155888
0.948598504
0.944792569
0.940720379
0.936363339
0.931700706
0.9267084
0.921358407
0.915618539
0.909452677
0.902821541
0.895682991
0.887991667
0.879697859
0.870744407
0.86106354
0.85057205
0.839167356
0.826723039
0.81308645
0.798076749
0.7814852
0.763077676
0.742600501
0.719789565
0.69438386
0.66614455
0.634877801
0.60046339
0.562885582
0.522265792
0.478892267
0.433511853
0.386314511
0.338105559
0.289955616
0.243138701
0.198994964
0.158743918
0.123304024
0.093178228
0.068437025
0.997333348
0.997112811
0.996856511
0.996574104
0.996275902
0.995968044
0.995651126
0.995321751
0.994974256
0.994602382
0.994200587
0.993764818
0.993292809
0.992783666
0.992236853
0.99165082
0.99102205
0.990344465
0.989610016
0.988809705
0.987935245
0.986979425
0.985936224
0.98480022
0.983565331
0.982224286
0.980768502
0.979189456
0.977479339
0.975632727
0.973646164
0.971517861
0.96924597
0.966826558
0.96425277
0.961513817
0.958595872
0.955482423
0.952155888
0.948598504
0.944792569
0.940720379
0.936363339
0.931700706
0.9267084
0.921358407
0.915618539
0.909452677
0.902821541
0.895682991
0.887991667
0.879697859
0.870744407
0.86106354
0.85057205
0.839167356
0.826723039
0.81308645
0.798076749
0.7814852
0.763077676
0.742600501
0.719789565
0.69438386
0.66614455
0.634877801
0.60046339
0.562885582
0.522265792
0.478892267
0.433511853
0.386314511
0.338105559
0.289955616
0.243138701
0.198994964
0.158743918
0.123304024
0.093178228
0.068437025
0.997333348
0.997112811
0.996856511
0.996574104
0.996275902
0.995968044
0.995651126
0.995321751
0.994974256
0.994602382
0.994200587
0.993764818
0.993292809
0.992783666
0.992236853
0.99165082
0.99102205
0.990344465
0.989610016
0.988809705
0.987935245
0.986979425
0.985936224
0.98480022
0.983565331
0.982224286
0.980768502
0.979189456
0.977479339
0.975632727
0.973646164
0.971517861
0.96924597
0.966826558
0.96425277
0.961513817
0.958595872
0.955482423
0.952155888
0.948598504
0.944792569
0.940720379
0.936363339
0.931700706
0.9267084
0.921358407
0.915618539
0.909452677
0.902821541
0.895682991
0.887991667
0.879697859
0.870744407
0.86106354
0.85057205
0.839167356
0.826723039
0.81308645
0.798076749
0.7814852
0.763077676
0.742600501
0.719789565
0.69438386
0.66614455
0.634877801
0.60046339
0.562885582
0.522265792
0.478892267
0.433511853
0.386314511
0.338105559
0.289955616
0.243138701
0.198994964
0.158743918
0.123304024
0.093178228
0.068437025
0.997333348
0.997112811
0.996856511
0.996574104
0.996275902
0.995968044
0.995651126
0.995321751
0.994974256
0.994602382
0.994200587
0.993764818
0.993292809
0.992783666
0.992236853
0.99165082
0.99102205
0.990344465
0.989610016
0.988809705
0.987935245
0.986979425
0.985936224
0.98480022
0.983565331
0.982224286
0.980768502
0.979189456
0.977479339
0.975632727
0.973646164
0.971517861
0.96924597
0.966826558
0.96425277
0.961513817
0.958595872
0.955482423
0.952155888
0.948598504
0.944792569
0.940720379
0.936363339
0.931700706
0.9267084
0.921358407
0.915618539
0.909452677
0.902821541
0.895682991
0.887991667
0.879697859
0.870744407
0.86106354
0.85057205
0.839167356
0.826723039
0.81308645
0.798076749
0.7814852
0.763077676
0.742600501
0.719789565
0.69438386
0.66614455
0.634877801
0.60046339
0.562885582
0.522265792
0.478892267
0.433511853
0.386314511
0.338105559
0.289955616
0.243138701
0.198994964
0.158743918
0.123304024
0.093178228
0.068437025
0.997333348
0.997112811
0.996856511
0.996574104
0.996275902
0.995968044
0.995651126
0.995321751
0.994974256
0.994602382
0.994200587
0.993764818
0.993292809
0.992783666
0.992236853
0.99165082
0.99102205
0.990344465
0.989610016
0.988809705
0.987935245
0.986979425
0.985936224
0.98480022
0.983565331
0.982224286
0.980768502
0.979189456
0.977479339
0.975632727
0.973646164
0.971517861
0.96924597
0.966826558
0.96425277
0.961513817
0.958595872
0.955482423
0.952155888
0.948598504
0.944792569
0.940720379
0.936363339
0.931700706
0.9267084
0.921358407
0.915618539
0.909452677
0.902821541
0.895682991
0.887991667
0.879697859
0.870744407
0.86106354
0.85057205
0.839167356
0.826723039
0.81308645
0.798076749
0.7814852
0.763077676
0.742600501
0.719789565
0.69438386
0.66614455
0.634877801
0.60046339
0.562885582
0.522265792
0.478892267
0.433511853
0.386314511
0.338105559
0.289955616
0.243138701
0.198994964
0.158743918
0.123304024
0.093178228
0.068437025
0.997333348
0.997112811
0.996856511
0.996574104
0.996275902
0.995968044
0.995651126
0.995321751
0.994974256
0.994602382
0.994200587
0.993764818
0.993292809
0.992783666
0.992236853
0.99165082
0.99102205
0.990344465
0.989610016
0.988809705
0.987935245
0.986979425
0.985936224
0.98480022
0.983565331
0.982224286
0.980768502
0.979189456
0.977479339
0.975632727
0.973646164
0.971517861
0.96924597
0.966826558
0.96425277
0.961513817
0.958595872
0.955482423
0.952155888
0.948598504
0.944792569
0.940720379
0.936363339
0.931700706
0.9267084
0.921358407
0.915618539
0.909452677
0.902821541
0.895682991
0.887991667
0.879697859
0.870744407
0.86106354
0.85057205
0.839167356
0.826723039
0.81308645
0.798076749
0.7814852
0.763077676
0.742600501
0.719789565
0.69438386
0.66614455
0.634877801
0.60046339
0.562885582
0.522265792
0.478892267
0.433511853
0.386314511
0.338105559
0.289955616
0.243138701
0.198994964
0.158743918
0.123304024
0.093178228
0.068437025
0.997333348
0.997112811
0.996856511
0.996574104
0.996275902
0.995968044
0.995651126
0.995321751
0.994974256
0.994602382
0.994200587
0.993764818
0.993292809
0.992783666
0.992236853
0.99165082
0.99102205
0.990344465
0.989610016
0.988809705
0.987935245
0.986979425
0.985936224
0.98480022
0.983565331
0.982224286
0.980768502
0.979189456
0.977479339
0.975632727
0.973646164
0.971517861
0.96924597
0.966826558
0.96425277
0.961513817
0.958595872
0.955482423
0.952155888
0.948598504
0.944792569
0.940720379
0.936363339
0.931700706
0.9267084
0.921358407
0.915618539
0.909452677
0.902821541
0.895682991
0.887991667
0.879697859
0.870744407
0.86106354
0.85057205
0.839167356
0.826723039
0.81308645
0.798076749
0.7814852
0.763077676
0.742600501
0.719789565
0.69438386
0.66614455
0.634877801
0.60046339
0.562885582
0.522265792
0.478892267
0.433511853
0.386314511
0.338105559
0.289955616
0.243138701
0.198994964
0.158743918
0.123304024
0.093178228
0.068437025
0.997333348
0.997112811
0.996856511
0.996574104
0.996275902
0.995968044
0.995651126
0.995321751
0.994974256
0.994602382
0.994200587
0.993764818
0.993292809
0.992783666
0.992236853
0.99165082
0.99102205
0.990344465
0.989610016
0.988809705
0.987935245
0.986979425
0.985936224
0.98480022
0.983565331
0.982224286
0.980768502
0.979189456
0.977479339
0.975632727
0.973646164
0.971517861
0.96924597
0.966826558
0.96425277
0.961513817
0.958595872
0.955482423
0.952155888
0.948598504
0.944792569
0.940720379
0.936363339
0.931700706
0.9267084
0.921358407
0.915618539
0.909452677
0.902821541
0.895682991
0.887991667
0.879697859
0.870744407
0.86106354
0.85057205
0.839167356
0.826723039
0.81308645
0.798076749
0.7814852
0.763077676
0.742600501
0.719789565
0.69438386
0.66614455
0.634877801
0.60046339
0.562885582
0.522265792
0.478892267
0.433511853
0.386314511
0.338105559
0.289955616
0.243138701
0.198994964
0.158743918
0.123304024
0.093178228
0.068437025
0.997333348
0.997112811
0.996856511
0.996574104
0.996275902
0.995968044
0.995651126
0.995321751
0.994974256
0.994602382
0.994200587
0.993764818
0.993292809
0.992783666
0.992236853
0.99165082
0.99102205
0.990344465
0.989610016
0.988809705
0.987935245
0.986979425
0.985936224
0.98480022
0.983565331
0.982224286
0.980768502
0.979189456
0.977479339
0.975632727
0.973646164
0.971517861
0.96924597
0.966826558
0.96425277
0.961513817
0.958595872
0.955482423
0.952155888
0.948598504
0.944792569
0.940720379
0.936363339
0.931700706
0.9267084
0.921358407
0.915618539
0.909452677
0.902821541
0.895682991
0.887991667
0.879697859
0.870744407
0.86106354
0.85057205
0.839167356
0.826723039
0.81308645
0.798076749
0.7814852
0.763077676
0.742600501
0.719789565
0.69438386
0.66614455
0.634877801
0.60046339
0.562885582
0.522265792
0.478892267
0.433511853
0.386314511
0.338105559
0.289955616
0.243138701
0.198994964
0.158743918
0.123304024
0.093178228
0.068437025
0.997333348
0.997112811
0.996856511
0.996574104
0.996275902
0.995968044
0.995651126
0.995321751
0.994974256
0.994602382
0.994200587
0.993764818
0.993292809
0.992783666
0.992236853
0.99165082
0.99102205
0.990344465
0.989610016
0.988809705
0.987935245
0.986979425
0.985936224
0.98480022
0.983565331
0.982224286
0.980768502
0.979189456
0.977479339
0.975632727
0.973646164
0.971517861
0.96924597
0.966826558
0.96425277
0.961513817
0.958595872
0.955482423
0.952155888
0.948598504
0.944792569
0.940720379
0.936363339
0.931700706
0.9267084
0.921358407
0.915618539
0.909452677
0.902821541
0.895682991
0.887991667
0.879697859
0.870744407
0.86106354
0.85057205
0.839167356
0.826723039
0.81308645
0.798076749
0.7814852
0.763077676
0.742600501
0.719789565
0.69438386
0.66614455
0.634877801
0.60046339
0.562885582
0.522265792
0.478892267
0.433511853
0.386314511
0.338105559
0.289955616
0.243138701
0.198994964
0.158743918
0.123304024
0.093178228
0.068437025
0.997333348
0.997112811
0.996856511
0.996574104
0.996275902
0.995968044
0.995651126
0.995321751
0.994974256
0.994602382
0.994200587
0.993764818
0.993292809
0.992783666
0.992236853
0.99165082
0.99102205
0.990344465
0.989610016
0.988809705
0.987935245
0.986979425
0.985936224
0.98480022
0.983565331
0.982224286
0.980768502
0.979189456
0.977479339
0.975632727
0.973646164
0.971517861
0.96924597
0.966826558
0.96425277
0.961513817
0.958595872
0.955482423
0.952155888
0.948598504
0.944792569
0.940720379
0.936363339
0.931700706
0.9267084
0.921358407
0.915618539
0.909452677
0.902821541
0.895682991
0.887991667
0.879697859
0.870744407
0.86106354
0.85057205
0.839167356
0.826723039
0.81308645
0.798076749
0.7814852
0.763077676
0.742600501
0.719789565
0.69438386
0.66614455
0.634877801
0.60046339
0.562885582
0.522265792
0.478892267
0.433511853
0.386314511
0.338105559
0.289955616
0.243138701
0.198994964
0.158743918
0.123304024
0.093178228
0.068437025
0.997333348
0.997112811
0.996856511
0.996574104
0.996275902
0.995968044
0.995651126
0.995321751
0.994974256
0.994602382
0.994200587
0.993764818
0.993292809
0.992783666
0.992236853
0.99165082
0.99102205
0.990344465
0.989610016
0.988809705
0.987935245
0.986979425
0.985936224
0.98480022
0.983565331
0.982224286
0.980768502
0.979189456
0.977479339
0.975632727
0.973646164
0.971517861
0.96924597
0.966826558
0.96425277
0.961513817
0.958595872
0.955482423
0.952155888
0.948598504
0.944792569
0.940720379
0.936363339
0.931700706
0.9267084
0.921358407
0.915618539
0.909452677
0.902821541
0.895682991
0.887991667
0.879697859
0.870744407
0.86106354
0.85057205
0.839167356
0.826723039
0.81308645
0.798076749
0.7814852
0.763077676
0.742600501
0.719789565
0.69438386
0.66614455
0.634877801
0.60046339
0.562885582
0.522265792
0.478892267
0.433511853
0.386314511
0.338105559
0.289955616
0.243138701
0.198994964
0.158743918
0.123304024
0.093178228
0.068437025
0.997333348
0.997112811
0.996856511
0.996574104
0.996275902
0.995968044
0.995651126
0.995321751
0.994974256
0.994602382
0.994200587
0.993764818
0.993292809
0.992783666
0.992236853
0.99165082
0.99102205
0.990344465
0.989610016
0.988809705
0.987935245
0.986979425
0.985936224
0.98480022
0.983565331
0.982224286
0.980768502
0.979189456
0.977479339
0.975632727
0.973646164
0.971517861
0.96924597
0.966826558
0.96425277
0.961513817
0.958595872
0.955482423
0.952155888
0.948598504
0.944792569
0.940720379
0.936363339
0.931700706
0.9267084
0.921358407
0.915618539
0.909452677
0.902821541
0.895682991
0.887991667
0.879697859
0.870744407
0.86106354
0.85057205
0.839167356
0.826723039
0.81308645
0.798076749
0.7814852
0.763077676
0.742600501
0.719789565
0.69438386
0.66614455
0.634877801
0.60046339
0.562885582
0.522265792
0.478892267
0.433511853
0.386314511
0.338105559
0.289955616
0.243138701
0.198994964
0.158743918
0.123304024
0.093178228
0.068437025
0.997333348
0.997112811
0.996856511
0.996574104
0.996275902
0.995968044
0.995651126
0.995321751
0.994974256
0.994602382
0.994200587
0.993764818
0.993292809
0.992783666
0.992236853
0.99165082
0.99102205
0.990344465
0.989610016
0.988809705
0.987935245
0.986979425
0.985936224
0.98480022
0.983565331
0.982224286
0.980768502
0.979189456
0.977479339
0.975632727
0.973646164
0.971517861
0.96924597
0.966826558
0.96425277
0.961513817
0.958595872
0.955482423
0.952155888
0.948598504
0.944792569
0.940720379
0.936363339
0.931700706
0.9267084
0.921358407
0.915618539
0.909452677
0.902821541
0.895682991
0.887991667
0.879697859
0.870744407
0.86106354
0.85057205
0.839167356
0.826723039
0.81308645
0.798076749
0.7814852
0.763077676
0.742600501
0.719789565
0.69438386
0.66614455
0.634877801
0.60046339
0.562885582
0.522265792
0.478892267
0.433511853
0.386314511
0.338105559
0.289955616
0.243138701
0.198994964
0.158743918
0.123304024
0.093178228
0.068437025
0.997333348
0.997112811
0.996856511
0.996574104
0.996275902
0.995968044
0.995651126
0.995321751
0.994974256
0.994602382
0.994200587
0.993764818
0.993292809
0.992783666
0.992236853
0.99165082
0.99102205
0.990344465
0.989610016
0.988809705
0.987935245
0.986979425
0.985936224
0.98480022
0.983565331
0.982224286
0.980768502
0.979189456
0.977479339
0.975632727
0.973646164
0.971517861
0.96924597
0.966826558
0.96425277
0.961513817
0.958595872
0.955482423
0.952155888
0.948598504
0.944792569
0.940720379
0.936363339
0.931700706
0.9267084
0.921358407
0.915618539
0.909452677
0.902821541
0.895682991
0.887991667
0.879697859
0.870744407
0.86106354
0.85057205
0.839167356
0.826723039
0.81308645
0.798076749
0.7814852
0.763077676
0.742600501
0.719789565
0.69438386
0.66614455
0.634877801
0.60046339
0.562885582
0.522265792
0.478892267
0.433511853
0.386314511
0.338105559
0.289955616
0.243138701
0.198994964
0.158743918
0.123304024
0.093178228
0.068437025
0.997333348
0.997112811
0.996856511
0.996574104
0.996275902
0.995968044
0.995651126
0.995321751
0.994974256
0.994602382
0.994200587
0.993764818
0.993292809
0.992783666
0.992236853
0.99165082
0.99102205
0.990344465
0.989610016
0.988809705
0.987935245
0.986979425
0.985936224
0.98480022
0.983565331
0.982224286
0.980768502
0.979189456
0.977479339
0.975632727
0.973646164
0.971517861
0.96924597
0.966826558
0.96425277
0.961513817
0.958595872
0.955482423
0.952155888
0.948598504
0.944792569
0.940720379
0.936363339
0.931700706
0.9267084
0.921358407
0.915618539
0.909452677
0.902821541
0.895682991
0.887991667
0.879697859
0.870744407
0.86106354
0.85057205
0.839167356
0.826723039
0.81308645
0.798076749
0.7814852
0.763077676
0.742600501
0.719789565
0.69438386
0.66614455
0.634877801
0.60046339
0.562885582
0.522265792
0.478892267
0.433511853
0.386314511
0.338105559
0.289955616
0.243138701
0.198994964
0.158743918
0.123304024
0.093178228
0.068437025
0.997333348
0.997112811
0.996856511
0.996574104
0.996275902
0.995968044
0.995651126
0.995321751
0.994974256
0.994602382
0.994200587
0.993764818
0.993292809
0.992783666
0.992236853
0.99165082
0.99102205
0.990344465
0.989610016
0.988809705
0.987935245
0.986979425
0.985936224
0.98480022
0.983565331
0.982224286
0.980768502
0.979189456
0.977479339
0.975632727
0.973646164
0.971517861
0.96924597
0.966826558
0.96425277
0.961513817
0.958595872
0.955482423
0.952155888
0.948598504
0.944792569
0.940720379
0.936363339
0.931700706
0.9267084
0.921358407
0.915618539
0.909452677
0.902821541
0.895682991
0.887991667
0.879697859
0.870744407
0.86106354
0.85057205
0.839167356
0.826723039
0.81308645
0.798076749
0.7814852
0.763077676
0.742600501
0.719789565
0.69438386
0.66614455
0.634877801
0.60046339
0.562885582
0.522265792
0.478892267
0.433511853
0.386314511
0.338105559
0.289955616
0.243138701
0.198994964
0.158743918
0.123304024
0.093178228
0.068437025
0.997333348
0.997112811
0.996856511
0.996574104
0.996275902
0.995968044
0.995651126
0.995321751
0.994974256
0.994602382
0.994200587
0.993764818
0.993292809
0.992783666
0.992236853
0.99165082
0.99102205
0.990344465
0.989610016
0.988809705
0.987935245
0.986979425
0.985936224
0.98480022
0.983565331
0.982224286
0.980768502
0.979189456
0.977479339
0.975632727
0.973646164
0.971517861
0.96924597
0.966826558
0.96425277
0.961513817
0.958595872
0.955482423
0.952155888
0.948598504
0.944792569
0.940720379
0.936363339
0.931700706
0.9267084
0.921358407
0.915618539
0.909452677
0.902821541
0.895682991
0.887991667
0.879697859
0.870744407
0.86106354
0.85057205
0.839167356
0.826723039
0.81308645
0.798076749
0.7814852
0.763077676
0.742600501
0.719789565
0.69438386
0.66614455
0.634877801
0.60046339
0.562885582
0.522265792
0.478892267
0.433511853
0.386314511
0.338105559
0.289955616
0.243138701
0.198994964
0.158743918
0.123304024
0.093178228
0.068437025
0.997333348
0.997112811
0.996856511
0.996574104
0.996275902
0.995968044
0.995651126
0.995321751
0.994974256
0.994602382
0.994200587
0.993764818
0.993292809
0.992783666
0.992236853
0.99165082
0.99102205
0.990344465
0.989610016
0.988809705
0.987935245
0.986979425
0.985936224
0.98480022
0.983565331
0.982224286
0.980768502
0.979189456
0.977479339
0.975632727
0.973646164
0.971517861
0.96924597
0.966826558
0.96425277
0.961513817
0.958595872
0.955482423
0.952155888
0.948598504
0.944792569
0.940720379
0.936363339
0.931700706
0.9267084
0.921358407
0.915618539
0.909452677
0.902821541
0.895682991
0.887991667
0.879697859
0.870744407
0.86106354
0.85057205
0.839167356
0.826723039
0.81308645
0.798076749
0.7814852
0.763077676
0.742600501
0.719789565
0.69438386
0.66614455
0.634877801
0.60046339
0.562885582
0.522265792
0.478892267
0.433511853
0.386314511
0.338105559
0.289955616
0.243138701
0.198994964
0.158743918
0.123304024
0.093178228
0.068437025
0.997333348
0.997112811
0.996856511
0.996574104
0.996275902
0.995968044
0.995651126
0.995321751
0.994974256
0.994602382
0.994200587
0.993764818
0.993292809
0.992783666
0.992236853
0.99165082
0.99102205
0.990344465
0.989610016
0.988809705
0.987935245
0.986979425
0.985936224
0.98480022
0.983565331
0.982224286
0.980768502
0.979189456
0.977479339
0.975632727
0.973646164
0.971517861
0.96924597
0.966826558
0.96425277
0.961513817
0.958595872
0.955482423
0.952155888
0.948598504
0.944792569
0.940720379
0.936363339
0.931700706
0.9267084
0.921358407
0.915618539
0.909452677
0.902821541
0.895682991
0.887991667
0.879697859
0.870744407
0.86106354
0.85057205
0.839167356
0.826723039
0.81308645
0.798076749
0.7814852
0.763077676
0.742600501
0.719789565
0.69438386
0.66614455
0.634877801
0.60046339
0.562885582
0.522265792
0.478892267
0.433511853
0.386314511
0.338105559
0.289955616
0.243138701
0.198994964
0.158743918
0.123304024
0.093178228
0.068437025
0.997333348
0.997112811
0.996856511
0.996574104
0.996275902
0.995968044
0.995651126
0.995321751
0.994974256
0.994602382
0.994200587
0.993764818
0.993292809
0.992783666
0.992236853
0.99165082
0.99102205
0.990344465
0.989610016
0.988809705
0.987935245
0.986979425
0.985936224
0.98480022
0.983565331
0.982224286
0.980768502
0.979189456
0.977479339
0.975632727
0.973646164
0.971517861
0.96924597
0.966826558
0.96425277
0.961513817
0.958595872
0.955482423
0.952155888
0.948598504
0.944792569
0.940720379
0.936363339
0.931700706
0.9267084
0.921358407
0.915618539
0.909452677
0.902821541
0.895682991
0.887991667
0.879697859
0.870744407
0.86106354
0.85057205
0.839167356
0.826723039
0.81308645
0.798076749
0.7814852
0.763077676
0.742600501
0.719789565
0.69438386
0.66614455
0.634877801
0.60046339
0.562885582
0.522265792
0.478892267
0.433511853
0.386314511
0.338105559
0.289955616
0.243138701
0.198994964
0.158743918
0.123304024
0.093178228
0.068437025
0.997333348
0.997112811
0.996856511
0.996574104
0.996275902
0.995968044
0.995651126
0.995321751
0.994974256
0.994602382
0.994200587
0.993764818
0.993292809
0.992783666
0.992236853
0.99165082
0.99102205
0.990344465
0.989610016
0.988809705
0.987935245
0.986979425
0.985936224
0.98480022
0.983565331
0.982224286
0.980768502
0.979189456
0.977479339
0.975632727
0.973646164
0.971517861
0.96924597
0.966826558
0.96425277
0.961513817
0.958595872
0.955482423
0.952155888
0.948598504
0.944792569
0.940720379
0.936363339
0.931700706
0.9267084
0.921358407
0.915618539
0.909452677
0.902821541
0.895682991
0.887991667
0.879697859
0.870744407
0.86106354
0.85057205
0.839167356
0.826723039
0.81308645
0.798076749
0.7814852
0.763077676
0.742600501
0.719789565
0.69438386
0.66614455
0.634877801
0.60046339
0.562885582
0.522265792
0.478892267
0.433511853
0.386314511
0.338105559
0.289955616
0.243138701
0.198994964
0.158743918
0.123304024
0.093178228
0.068437025
0.997333348
0.997112811
0.996856511
0.996574104
0.996275902
0.995968044
0.995651126
0.995321751
0.994974256
0.994602382
0.994200587
0.993764818
0.993292809
0.992783666
0.992236853
0.99165082
0.99102205
0.990344465
0.989610016
0.988809705
0.987935245
0.986979425
0.985936224
0.98480022
0.983565331
0.982224286
0.980768502
0.979189456
0.977479339
0.975632727
0.973646164
0.971517861
0.96924597
0.966826558
0.96425277
0.961513817
0.958595872
0.955482423
0.952155888
0.948598504
0.944792569
0.940720379
0.936363339
0.931700706
0.9267084
0.921358407
0.915618539
0.909452677
0.902821541
0.895682991
0.887991667
0.879697859
0.870744407
0.86106354
0.85057205
0.839167356
0.826723039
0.81308645
0.798076749
0.7814852
0.763077676
0.742600501
0.719789565
0.69438386
0.66614455
0.634877801
0.60046339
0.562885582
0.522265792
0.478892267
0.433511853
0.386314511
0.338105559
0.289955616
0.243138701
0.198994964
0.158743918
0.123304024
0.093178228
0.068437025
0.997333348
0.997112811
0.996856511
0.996574104
0.996275902
0.995968044
0.995651126
0.995321751
0.994974256
0.994602382
0.994200587
0.993764818
0.993292809
0.992783666
0.992236853
0.99165082
0.99102205
0.990344465
0.989610016
0.988809705
0.987935245
0.986979425
0.985936224
0.98480022
0.983565331
0.982224286
0.980768502
0.979189456
0.977479339
0.975632727
0.973646164
0.971517861
0.96924597
0.966826558
0.96425277
0.961513817
0.958595872
0.955482423
0.952155888
0.948598504
0.944792569
0.940720379
0.936363339
0.931700706
0.9267084
0.921358407
0.915618539
0.909452677
0.902821541
0.895682991
0.887991667
0.879697859
0.870744407
0.86106354
0.85057205
0.839167356
0.826723039
0.81308645
0.798076749
0.7814852
0.763077676
0.742600501
0.719789565
0.69438386
0.66614455
0.634877801
0.60046339
0.562885582
0.522265792
0.478892267
0.433511853
0.386314511
0.338105559
0.289955616
0.243138701
0.198994964
0.158743918
0.123304024
0.093178228
0.068437025
0.997333348
0.997112811
0.996856511
0.996574104
0.996275902
0.995968044
0.995651126
0.995321751
0.994974256
0.994602382
0.994200587
0.993764818
0.993292809
0.992783666
0.992236853
0.99165082
0.99102205
0.990344465
0.989610016
0.988809705
0.987935245
0.986979425
0.985936224
0.98480022
0.983565331
0.982224286
0.980768502
0.979189456
0.977479339
0.975632727
0.973646164
0.971517861
0.96924597
0.966826558
0.96425277
0.961513817
0.958595872
0.955482423
0.952155888
0.948598504
0.944792569
0.940720379
0.936363339
0.931700706
0.9267084
0.921358407
0.915618539
0.909452677
0.902821541
0.895682991
0.887991667
0.879697859
0.870744407
0.86106354
0.85057205
0.839167356
0.826723039
0.81308645
0.798076749
0.7814852
0.763077676
0.742600501
0.719789565
0.69438386
0.66614455
0.634877801
0.60046339
0.562885582
0.522265792
0.478892267
0.433511853
0.386314511
0.338105559
0.289955616
0.243138701
0.198994964
0.158743918
0.123304024
0.093178228
0.068437025
0.997333348
0.997112811
0.996856511
0.996574104
0.996275902
0.995968044
0.995651126
0.995321751
0.994974256
0.994602382
0.994200587
0.993764818
0.993292809
0.992783666
0.992236853
0.99165082
0.99102205
0.990344465
0.989610016
0.988809705
0.987935245
0.986979425
0.985936224
0.98480022
0.983565331
0.982224286
0.980768502
0.979189456
0.977479339
0.975632727
0.973646164
0.971517861
0.96924597
0.966826558
0.96425277
0.961513817
0.958595872
0.955482423
0.952155888
0.948598504
0.944792569
0.940720379
0.936363339
0.931700706
0.9267084
0.921358407
0.915618539
0.909452677
0.902821541
0.895682991
0.887991667
0.879697859
0.870744407
0.86106354
0.85057205
0.839167356
0.826723039
0.81308645
0.798076749
0.7814852
0.763077676
0.742600501
0.719789565
0.69438386
0.66614455
0.634877801
0.60046339
0.562885582
0.522265792
0.478892267
0.433511853
0.386314511
0.338105559
0.289955616
0.243138701
0.198994964
0.158743918
0.123304024
0.093178228
0.068437025
0.997333348
0.997112811
0.996856511
0.996574104
0.996275902
0.995968044
0.995651126
0.995321751
0.994974256
0.994602382
0.994200587
0.993764818
0.993292809
0.992783666
0.992236853
0.99165082
0.99102205
0.990344465
0.989610016
0.988809705
0.987935245
0.986979425
0.985936224
0.98480022
0.983565331
0.982224286
0.980768502
0.979189456
0.977479339
0.975632727
0.973646164
0.971517861
0.96924597
0.966826558
0.96425277
0.961513817
0.958595872
0.955482423
0.952155888
0.948598504
0.944792569
0.940720379
0.936363339
0.931700706
0.9267084
0.921358407
0.915618539
0.909452677
0.902821541
0.895682991
0.887991667
0.879697859
0.870744407
0.86106354
0.85057205
0.839167356
0.826723039
0.81308645
0.798076749
0.7814852
0.763077676
0.742600501
0.719789565
0.69438386
0.66614455
0.634877801
0.60046339
0.562885582
0.522265792
0.478892267
0.433511853
0.386314511
0.338105559
0.289955616
0.243138701
0.198994964
0.158743918
0.123304024
0.093178228
0.068437025
0.997333348
0.997112811
0.996856511
0.996574104
0.996275902
0.995968044
0.995651126
0.995321751
0.994974256
0.994602382
0.994200587
0.993764818
0.993292809
0.992783666
0.992236853
0.99165082
0.99102205
0.990344465
0.989610016
0.988809705
0.987935245
0.986979425
0.985936224
0.98480022
0.983565331
0.982224286
0.980768502
0.979189456
0.977479339
0.975632727
0.973646164
0.971517861
0.96924597
0.966826558
0.96425277
0.961513817
0.958595872
0.955482423
0.952155888
0.948598504
0.944792569
0.940720379
0.936363339
0.931700706
0.9267084
0.921358407
0.915618539
0.909452677
0.902821541
0.895682991
0.887991667
0.879697859
0.870744407
0.86106354
0.85057205
0.839167356
0.826723039
0.81308645
0.798076749
0.7814852
0.763077676
0.742600501
0.719789565
0.69438386
0.66614455
0.634877801
0.60046339
0.562885582
0.522265792
0.478892267
0.433511853
0.386314511
0.338105559
0.289955616
0.243138701
0.198994964
0.158743918
0.123304024
0.093178228
0.068437025
0.997333348
0.997112811
0.996856511
0.996574104
0.996275902
0.995968044
0.995651126
0.995321751
0.994974256
0.994602382
0.994200587
0.993764818
0.993292809
0.992783666
0.992236853
0.99165082
0.99102205
0.990344465
0.989610016
0.988809705
0.987935245
0.986979425
0.985936224
0.98480022
0.983565331
0.982224286
0.980768502
0.979189456
0.977479339
0.975632727
0.973646164
0.971517861
0.96924597
0.966826558
0.96425277
0.961513817
0.958595872
0.955482423
0.952155888
0.948598504
0.944792569
0.940720379
0.936363339
0.931700706
0.9267084
0.921358407
0.915618539
0.909452677
0.902821541
0.895682991
0.887991667
0.879697859
0.870744407
0.86106354
0.85057205
0.839167356
0.826723039
0.81308645
0.798076749
0.7814852
0.763077676
0.742600501
0.719789565
0.69438386
0.66614455
0.634877801
0.60046339
0.562885582
0.522265792
0.478892267
0.433511853
0.386314511
0.338105559
0.289955616
0.243138701
0.198994964
0.158743918
0.123304024
0.093178228
0.068437025
0.997333348
0.997112811
0.996856511
0.996574104
0.996275902
0.995968044
0.995651126
0.995321751
0.994974256
0.994602382
0.994200587
0.993764818
0.993292809
0.992783666
0.992236853
0.99165082
0.99102205
0.990344465
0.989610016
0.988809705
0.987935245
0.986979425
0.985936224
0.98480022
0.983565331
0.982224286
0.980768502
0.979189456
0.977479339
0.975632727
0.973646164
0.971517861
0.96924597
0.966826558
0.96425277
0.961513817
0.958595872
0.955482423
0.952155888
0.948598504
0.944792569
0.940720379
0.936363339
0.931700706
0.9267084
0.921358407
0.915618539
0.909452677
0.902821541
0.895682991
0.887991667
0.879697859
0.870744407
0.86106354
0.85057205
0.839167356
0.826723039
0.81308645
0.798076749
0.7814852
0.763077676
0.742600501
0.719789565
0.69438386
0.66614455
0.634877801
0.60046339
0.562885582
0.522265792
0.478892267
0.433511853
0.386314511
0.338105559
0.289955616
0.243138701
0.198994964
0.158743918
0.123304024
0.093178228
0.068437025
0.997333348
0.997112811
0.996856511
0.996574104
0.996275902
0.995968044
0.995651126
0.995321751
0.994974256
0.994602382
0.994200587
0.993764818
0.993292809
0.992783666
0.992236853
0.99165082
0.99102205
0.990344465
0.989610016
0.988809705
0.987935245
0.986979425
0.985936224
0.98480022
0.983565331
0.982224286
0.980768502
0.979189456
0.977479339
0.975632727
0.973646164
0.971517861
0.96924597
0.966826558
0.96425277
0.961513817
0.958595872
0.955482423
0.952155888
0.948598504
0.944792569
0.940720379
0.936363339
0.931700706
0.9267084
0.921358407
0.915618539
0.909452677
0.902821541
0.895682991
0.887991667
0.879697859
0.870744407
0.86106354
0.85057205
0.839167356
0.826723039
0.81308645
0.798076749
0.7814852
0.763077676
0.742600501
0.719789565
0.69438386
0.66614455
0.634877801
0.60046339
0.562885582
0.522265792
0.478892267
0.433511853
0.386314511
0.338105559
0.289955616
0.243138701
0.198994964
0.158743918
0.123304024
0.093178228
0.068437025
0.997333348
0.997112811
0.996856511
0.996574104
0.996275902
0.995968044
0.995651126
0.995321751
0.994974256
0.994602382
0.994200587
0.993764818
0.993292809
0.992783666
0.992236853
0.99165082
0.99102205
0.990344465
0.989610016
0.988809705
0.987935245
0.986979425
0.985936224
0.98480022
0.983565331
0.982224286
0.980768502
0.979189456
0.977479339
0.975632727
0.973646164
0.971517861
0.96924597
0.966826558
0.96425277
0.961513817
0.958595872
0.955482423
0.952155888
0.948598504
0.944792569
0.940720379
0.936363339
0.931700706
0.9267084
0.921358407
0.915618539
0.909452677
0.902821541
0.895682991
0.887991667
0.879697859
0.870744407
0.86106354
0.85057205
0.839167356
0.826723039
0.81308645
0.798076749
0.7814852
0.763077676
0.742600501
0.719789565
0.69438386
0.66614455
0.634877801
0.60046339
0.562885582
0.522265792
0.478892267
0.433511853
0.386314511
0.338105559
0.289955616
0.243138701
0.198994964
0.158743918
0.123304024
0.093178228
0.068437025
0.997333348
0.997112811
0.996856511
0.996574104
0.996275902
0.995968044
0.995651126
0.995321751
0.994974256
0.994602382
0.994200587
0.993764818
0.993292809
0.992783666
0.992236853
0.99165082
0.99102205
0.990344465
0.989610016
0.988809705
0.987935245
0.986979425
0.985936224
0.98480022
0.983565331
0.982224286
0.980768502
0.979189456
0.977479339
0.975632727
0.973646164
0.971517861
0.96924597
0.966826558
0.96425277
0.961513817
0.958595872
0.955482423
0.952155888
0.948598504
0.944792569
0.940720379
0.936363339
0.931700706
0.9267084
0.921358407
0.915618539
0.909452677
0.902821541
0.895682991
0.887991667
0.879697859
0.870744407
0.86106354
0.85057205
0.839167356
0.826723039
0.81308645
0.798076749
0.7814852
0.763077676
0.742600501
0.719789565
0.69438386
0.66614455
0.634877801
0.60046339
0.562885582
0.522265792
0.478892267
0.433511853
0.386314511
0.338105559
0.289955616
0.243138701
0.198994964
0.158743918
0.123304024
0.093178228
0.068437025
0.997333348
0.997112811
0.996856511
0.996574104
0.996275902
0.995968044
0.995651126
0.995321751
0.994974256
0.994602382
0.994200587
0.993764818
0.993292809
0.992783666
0.992236853
0.99165082
0.99102205
0.990344465
0.989610016
0.988809705
0.987935245
0.986979425
0.985936224
0.98480022
0.983565331
0.982224286
0.980768502
0.979189456
0.977479339
0.975632727
0.973646164
0.971517861
0.96924597
0.966826558
0.96425277
0.961513817
0.958595872
0.955482423
0.952155888
0.948598504
0.944792569
0.940720379
0.936363339
0.931700706
0.9267084
0.921358407
0.915618539
0.909452677
0.902821541
0.895682991
0.887991667
0.879697859
0.870744407
0.86106354
0.85057205
0.839167356
0.826723039
0.81308645
0.798076749
0.7814852
0.763077676
0.742600501
0.719789565
0.69438386
0.66614455
0.634877801
0.60046339
0.562885582
0.522265792
0.478892267
0.433511853
0.386314511
0.338105559
0.289955616
0.243138701
0.198994964
0.158743918
0.123304024
0.093178228
0.068437025
0.997333348
0.997112811
0.996856511
0.996574104
0.996275902
0.995968044
0.995651126
0.995321751
0.994974256
0.994602382
0.994200587
0.993764818
0.993292809
0.992783666
0.992236853
0.99165082
0.99102205
0.990344465
0.989610016
0.988809705
0.987935245
0.986979425
0.985936224
0.98480022
0.983565331
0.982224286
0.980768502
0.979189456
0.977479339
0.975632727
0.973646164
0.971517861
0.96924597
0.966826558
0.96425277
0.961513817
0.958595872
0.955482423
0.952155888
0.948598504
0.944792569
0.940720379
0.936363339
0.931700706
0.9267084
0.921358407
0.915618539
0.909452677
0.902821541
0.895682991
0.887991667
0.879697859
0.870744407
0.86106354
0.85057205
0.839167356
0.826723039
0.81308645
0.798076749
0.7814852
0.763077676
0.742600501
0.719789565
0.69438386
0.66614455
0.634877801
0.60046339
0.562885582
0.522265792
0.478892267
0.433511853
0.386314511
0.338105559
0.289955616
0.243138701
0.198994964
0.158743918
0.123304024
0.093178228
0.068437025
0.997333348
0.997112811
0.996856511
0.996574104
0.996275902
0.995968044
0.995651126
0.995321751
0.994974256
0.994602382
0.994200587
0.993764818
0.993292809
0.992783666
0.992236853
0.99165082
0.99102205
0.990344465
0.989610016
0.988809705
0.987935245
0.986979425
0.985936224
0.98480022
0.983565331
0.982224286
0.980768502
0.979189456
0.977479339
0.975632727
0.973646164
0.971517861
0.96924597
0.966826558
0.96425277
0.961513817
0.958595872
0.955482423
0.952155888
0.948598504
0.944792569
0.940720379
0.936363339
0.931700706
0.9267084
0.921358407
0.915618539
0.909452677
0.902821541
0.895682991
0.887991667
0.879697859
0.870744407
0.86106354
0.85057205
0.839167356
0.826723039
0.81308645
0.798076749
0.7814852
0.763077676
0.742600501
0.719789565
0.69438386
0.66614455
0.634877801
0.60046339
0.562885582
0.522265792
0.478892267
0.433511853
0.386314511
0.338105559
0.289955616
0.243138701
0.198994964
0.158743918
0.123304024
0.093178228
0.068437025
0.997333348
0.997112811
0.996856511
0.996574104
0.996275902
0.995968044
0.995651126
0.995321751
0.994974256
0.994602382
0.994200587
0.993764818
0.993292809
0.992783666
0.992236853
0.99165082
0.99102205
0.990344465
0.989610016
0.988809705
0.987935245
0.986979425
0.985936224
0.98480022
0.983565331
0.982224286
0.980768502
0.979189456
0.977479339
0.975632727
0.973646164
0.971517861
0.96924597
0.966826558
0.96425277
0.961513817
0.958595872
0.955482423
0.952155888
0.948598504
0.944792569
0.940720379
0.936363339
0.931700706
0.9267084
0.921358407
0.915618539
0.909452677
0.902821541
0.895682991
0.887991667
0.879697859
0.870744407
0.86106354
0.85057205
0.839167356
0.826723039
0.81308645
0.798076749
0.7814852
0.763077676
0.742600501
0.719789565
0.69438386
0.66614455
0.634877801
0.60046339
0.562885582
0.522265792
0.478892267
0.433511853
0.386314511
0.338105559
0.289955616
0.243138701
0.198994964
0.158743918
0.123304024
0.093178228
0.068437025
0.997333348
0.997112811
0.996856511
0.996574104
0.996275902
0.995968044
0.995651126
0.995321751
0.994974256
0.994602382
0.994200587
0.993764818
0.993292809
0.992783666
0.992236853
0.99165082
0.99102205
0.990344465
0.989610016
0.988809705
0.987935245
0.986979425
0.985936224
0.98480022
0.983565331
0.982224286
0.980768502
0.979189456
0.977479339
0.975632727
0.973646164
0.971517861
0.96924597
0.966826558
0.96425277
0.961513817
0.958595872
0.955482423
0.952155888
0.948598504
0.944792569
0.940720379
0.936363339
0.931700706
0.9267084
0.921358407
0.915618539
0.909452677
0.902821541
0.895682991
0.887991667
0.879697859
0.870744407
0.86106354
0.85057205
0.839167356
0.826723039
0.81308645
0.798076749
0.7814852
0.763077676
0.742600501
0.719789565
0.69438386
0.66614455
0.634877801
0.60046339
0.562885582
0.522265792
0.478892267
0.433511853
0.386314511
0.338105559
0.289955616
0.243138701
0.198994964
0.158743918
0.123304024
0.093178228
0.068437025
0.997333348
0.997112811
0.996856511
0.996574104
0.996275902
0.995968044
0.995651126
0.995321751
0.994974256
0.994602382
0.994200587
0.993764818
0.993292809
0.992783666
0.992236853
0.99165082
0.99102205
0.990344465
0.989610016
0.988809705
0.987935245
0.986979425
0.985936224
0.98480022
0.983565331
0.982224286
0.980768502
0.979189456
0.977479339
0.975632727
0.973646164
0.971517861
0.96924597
0.966826558
0.96425277
0.961513817
0.958595872
0.955482423
0.952155888
0.948598504
0.944792569
0.940720379
0.936363339
0.931700706
0.9267084
0.921358407
0.915618539
0.909452677
0.902821541
0.895682991
0.887991667
0.879697859
0.870744407
0.86106354
0.85057205
0.839167356
0.826723039
0.81308645
0.798076749
0.7814852
0.763077676
0.742600501
0.719789565
0.69438386
0.66614455
0.634877801
0.60046339
0.562885582
0.522265792
0.478892267
0.433511853
0.386314511
0.338105559
0.289955616
0.243138701
0.198994964
0.158743918
0.123304024
0.093178228
0.068437025
0.997333348
0.997112811
0.996856511
0.996574104
0.996275902
0.995968044
0.995651126
0.995321751
0.994974256
0.994602382
0.994200587
0.993764818
0.993292809
0.992783666
0.992236853
0.99165082
0.99102205
0.990344465
0.989610016
0.988809705
0.987935245
0.986979425
0.985936224
0.98480022
0.983565331
0.982224286
0.980768502
0.979189456
0.977479339
0.975632727
0.973646164
0.971517861
0.96924597
0.966826558
0.96425277
0.961513817
0.958595872
0.955482423
0.952155888
0.948598504
0.944792569
0.940720379
0.936363339
0.931700706
0.9267084
0.921358407
0.915618539
0.909452677
0.902821541
0.895682991
0.887991667
0.879697859
0.870744407
0.86106354
0.85057205
0.839167356
0.826723039
0.81308645
0.798076749
0.7814852
0.763077676
0.742600501
0.719789565
0.69438386
0.66614455
0.634877801
0.60046339
0.562885582
0.522265792
0.478892267
0.433511853
0.386314511
0.338105559
0.289955616
0.243138701
0.198994964
0.158743918
0.123304024
0.093178228
0.068437025
0.997333348
0.997112811
0.996856511
0.996574104
0.996275902
0.995968044
0.995651126
0.995321751
0.994974256
0.994602382
0.994200587
0.993764818
0.993292809
0.992783666
0.992236853
0.99165082
0.99102205
0.990344465
0.989610016
0.988809705
0.987935245
0.986979425
0.985936224
0.98480022
0.983565331
0.982224286
0.980768502
0.979189456
0.977479339
0.975632727
0.973646164
0.971517861
0.96924597
0.966826558
0.96425277
0.961513817
0.958595872
0.955482423
0.952155888
0.948598504
0.944792569
0.940720379
0.936363339
0.931700706
0.9267084
0.921358407
0.915618539
0.909452677
0.902821541
0.895682991
0.887991667
0.879697859
0.870744407
0.86106354
0.85057205
0.839167356
0.826723039
0.81308645
0.798076749
0.7814852
0.763077676
0.742600501
0.719789565
0.69438386
0.66614455
0.634877801
0.60046339
0.562885582
0.522265792
0.478892267
0.433511853
0.386314511
0.338105559
0.289955616
0.243138701
0.198994964
0.158743918
0.123304024
0.093178228
0.068437025
0.997333348
0.997112811
0.996856511
0.996574104
0.996275902
0.995968044
0.995651126
0.995321751
0.994974256
0.994602382
0.994200587
0.993764818
0.993292809
0.992783666
0.992236853
0.99165082
0.99102205
0.990344465
0.989610016
0.988809705
0.987935245
0.986979425
0.985936224
0.98480022
0.983565331
0.982224286
0.980768502
0.979189456
0.977479339
0.975632727
0.973646164
0.971517861
0.96924597
0.966826558
0.96425277
0.961513817
0.958595872
0.955482423
0.952155888
0.948598504
0.944792569
0.940720379
0.936363339
0.931700706
0.9267084
0.921358407
0.915618539
0.909452677
0.902821541
0.895682991
0.887991667
0.879697859
0.870744407
0.86106354
0.85057205
0.839167356
0.826723039
0.81308645
0.798076749
0.7814852
0.763077676
0.742600501
0.719789565
0.69438386
0.66614455
0.634877801
0.60046339
0.562885582
0.522265792
0.478892267
0.433511853
0.386314511
0.338105559
0.289955616
0.243138701
0.198994964
0.158743918
0.123304024
0.093178228
0.068437025
0.997333348
0.997112811
0.996856511
0.996574104
0.996275902
0.995968044
0.995651126
0.995321751
0.994974256
0.994602382
0.994200587
0.993764818
0.993292809
0.992783666
0.992236853
0.99165082
0.99102205
0.990344465
0.989610016
0.988809705
0.987935245
0.986979425
0.985936224
0.98480022
0.983565331
0.982224286
0.980768502
0.979189456
0.977479339
0.975632727
0.973646164
0.971517861
0.96924597
0.966826558
0.96425277
0.961513817
0.958595872
0.955482423
0.952155888
0.948598504
0.944792569
0.940720379
0.936363339
0.931700706
0.9267084
0.921358407
0.915618539
0.909452677
0.902821541
0.895682991
0.887991667
0.879697859
0.870744407
0.86106354
0.85057205
0.839167356
0.826723039
0.81308645
0.798076749
0.7814852
0.763077676
0.742600501
0.719789565
0.69438386
0.66614455
0.634877801
0.60046339
0.562885582
0.522265792
0.478892267
0.433511853
0.386314511
0.338105559
0.289955616
0.243138701
0.198994964
0.158743918
0.123304024
0.093178228
0.068437025
0.997333348
0.997112811
0.996856511
0.996574104
0.996275902
0.995968044
0.995651126
0.995321751
0.994974256
0.994602382
0.994200587
0.993764818
0.993292809
0.992783666
0.992236853
0.99165082
0.99102205
0.990344465
0.989610016
0.988809705
0.987935245
0.986979425
0.985936224
0.98480022
0.983565331
0.982224286
0.980768502
0.979189456
0.977479339
0.975632727
0.973646164
0.971517861
0.96924597
0.966826558
0.96425277
0.961513817
0.958595872
0.955482423
0.952155888
0.948598504
0.944792569
0.940720379
0.936363339
0.931700706
0.9267084
0.921358407
0.915618539
0.909452677
0.902821541
0.895682991
0.887991667
0.879697859
0.870744407
0.86106354
0.85057205
0.839167356
0.826723039
0.81308645
0.798076749
0.7814852
0.763077676
0.742600501
0.719789565
0.69438386
0.66614455
0.634877801
0.60046339
0.562885582
0.522265792
0.478892267
0.433511853
0.386314511
0.338105559
0.289955616
0.243138701
0.198994964
0.158743918
0.123304024
0.093178228
0.068437025
0.997333348
0.997112811
0.996856511
0.996574104
0.996275902
0.995968044
0.995651126
0.995321751
0.994974256
0.994602382
0.994200587
0.993764818
0.993292809
0.992783666
0.992236853
0.99165082
0.99102205
0.990344465
0.989610016
0.988809705
0.987935245
0.986979425
0.985936224
0.98480022
0.983565331
0.982224286
0.980768502
0.979189456
0.977479339
0.975632727
0.973646164
0.971517861
0.96924597
0.966826558
0.96425277
0.961513817
0.958595872
0.955482423
0.952155888
0.948598504
0.944792569
0.940720379
0.936363339
0.931700706
0.9267084
0.921358407
0.915618539
0.909452677
0.902821541
0.895682991
0.887991667
0.879697859
0.870744407
0.86106354
0.85057205
0.839167356
0.826723039
0.81308645
0.798076749
0.7814852
0.763077676
0.742600501
0.719789565
0.69438386
0.66614455
0.634877801
0.60046339
0.562885582
0.522265792
0.478892267
0.433511853
0.386314511
0.338105559
0.289955616
0.243138701
0.198994964
0.158743918
0.123304024
0.093178228
0.068437025
0.997333348
0.997112811
0.996856511
0.996574104
0.996275902
0.995968044
0.995651126
0.995321751
0.994974256
0.994602382
0.994200587
0.993764818
0.993292809
0.992783666
0.992236853
0.99165082
0.99102205
0.990344465
0.989610016
0.988809705
0.987935245
0.986979425
0.985936224
0.98480022
0.983565331
0.982224286
0.980768502
0.979189456
0.977479339
0.975632727
0.973646164
0.971517861
0.96924597
0.966826558
0.96425277
0.961513817
0.958595872
0.955482423
0.952155888
0.948598504
0.944792569
0.940720379
0.936363339
0.931700706
0.9267084
0.921358407
0.915618539
0.909452677
0.902821541
0.895682991
0.887991667
0.879697859
0.870744407
0.86106354
0.85057205
0.839167356
0.826723039
0.81308645
0.798076749
0.7814852
0.763077676
0.742600501
0.719789565
0.69438386
0.66614455
0.634877801
0.60046339
0.562885582
0.522265792
0.478892267
0.433511853
0.386314511
0.338105559
0.289955616
0.243138701
0.198994964
0.158743918
0.123304024
0.093178228
0.068437025
0.997333348
0.997112811
0.996856511
0.996574104
0.996275902
0.995968044
0.995651126
0.995321751
0.994974256
0.994602382
0.994200587
0.993764818
0.993292809
0.992783666
0.992236853
0.99165082
0.99102205
0.990344465
0.989610016
0.988809705
0.987935245
0.986979425
0.985936224
0.98480022
0.983565331
0.982224286
0.980768502
0.979189456
0.977479339
0.975632727
0.973646164
0.971517861
0.96924597
0.966826558
0.96425277
0.961513817
0.958595872
0.955482423
0.952155888
0.948598504
0.944792569
0.940720379
0.936363339
0.931700706
0.9267084
0.921358407
0.915618539
0.909452677
0.902821541
0.895682991
0.887991667
0.879697859
0.870744407
0.86106354
0.85057205
0.839167356
0.826723039
0.81308645
0.798076749
0.7814852
0.763077676
0.742600501
0.719789565
0.69438386
0.66614455
0.634877801
0.60046339
0.562885582
0.522265792
0.478892267
0.433511853
0.386314511
0.338105559
0.289955616
0.243138701
0.198994964
0.158743918
0.123304024
0.093178228
0.068437025
0.997333348
0.997112811
0.996856511
0.996574104
0.996275902
0.995968044
0.995651126
0.995321751
0.994974256
0.994602382
0.994200587
0.993764818
0.993292809
0.992783666
0.992236853
0.99165082
0.99102205
0.990344465
0.989610016
0.988809705
0.987935245
0.986979425
0.985936224
0.98480022
0.983565331
0.982224286
0.980768502
0.979189456
0.977479339
0.975632727
0.973646164
0.971517861
0.96924597
0.966826558
0.96425277
0.961513817
0.958595872
0.955482423
0.952155888
0.948598504
0.944792569
0.940720379
0.936363339
0.931700706
0.9267084
0.921358407
0.915618539
0.909452677
0.902821541
0.895682991
0.887991667
0.879697859
0.870744407
0.86106354
0.85057205
0.839167356
0.826723039
0.81308645
0.798076749
0.7814852
0.763077676
0.742600501
0.719789565
0.69438386
0.66614455
0.634877801
0.60046339
0.562885582
0.522265792
0.478892267
0.433511853
0.386314511
0.338105559
0.289955616
0.243138701
0.198994964
0.158743918
0.123304024
0.093178228
0.068437025
0.997333348
0.997112811
0.996856511
0.996574104
0.996275902
0.995968044
0.995651126
0.995321751
0.994974256
0.994602382
0.994200587
0.993764818
0.993292809
0.992783666
0.992236853
0.99165082
0.99102205
0.990344465
0.989610016
0.988809705
0.987935245
0.986979425
0.985936224
0.98480022
0.983565331
0.982224286
0.980768502
0.979189456
0.977479339
0.975632727
0.973646164
0.971517861
0.96924597
0.966826558
0.96425277
0.961513817
0.958595872
0.955482423
0.952155888
0.948598504
0.944792569
0.940720379
0.936363339
0.931700706
0.9267084
0.921358407
0.915618539
0.909452677
0.902821541
0.895682991
0.887991667
0.879697859
0.870744407
0.86106354
0.85057205
0.839167356
0.826723039
0.81308645
0.798076749
0.7814852
0.763077676
0.742600501
0.719789565
0.69438386
0.66614455
0.634877801
0.60046339
0.562885582
0.522265792
0.478892267
0.433511853
0.386314511
0.338105559
0.289955616
0.243138701
0.198994964
0.158743918
0.123304024
0.093178228
0.068437025
0.997333348
0.997112811
0.996856511
0.996574104
0.996275902
0.995968044
0.995651126
0.995321751
0.994974256
0.994602382
0.994200587
0.993764818
0.993292809
0.992783666
0.992236853
0.99165082
0.99102205
0.990344465
0.989610016
0.988809705
0.987935245
0.986979425
0.985936224
0.98480022
0.983565331
0.982224286
0.980768502
0.979189456
0.977479339
0.975632727
0.973646164
0.971517861
0.96924597
0.966826558
0.96425277
0.961513817
0.958595872
0.955482423
0.952155888
0.948598504
0.944792569
0.940720379
0.936363339
0.931700706
0.9267084
0.921358407
0.915618539
0.909452677
0.902821541
0.895682991
0.887991667
0.879697859
0.870744407
0.86106354
0.85057205
0.839167356
0.826723039
0.81308645
0.798076749
0.7814852
0.763077676
0.742600501
0.719789565
0.69438386
0.66614455
0.634877801
0.60046339
0.562885582
0.522265792
0.478892267
0.433511853
0.386314511
0.338105559
0.289955616
0.243138701
0.198994964
0.158743918
0.123304024
0.093178228
0.068437025
0.997333348
0.997112811
0.996856511
0.996574104
0.996275902
0.995968044
0.995651126
0.995321751
0.994974256
0.994602382
0.994200587
0.993764818
0.993292809
0.992783666
0.992236853
0.99165082
0.99102205
0.990344465
0.989610016
0.988809705
0.987935245
0.986979425
0.985936224
0.98480022
0.983565331
0.982224286
0.980768502
0.979189456
0.977479339
0.975632727
0.973646164
0.971517861
0.96924597
0.966826558
0.96425277
0.961513817
0.958595872
0.955482423
0.952155888
0.948598504
0.944792569
0.940720379
0.936363339
0.931700706
0.9267084
0.921358407
0.915618539
0.909452677
0.902821541
0.895682991
0.887991667
0.879697859
0.870744407
0.86106354
0.85057205
0.839167356
0.826723039
0.81308645
0.798076749
0.7814852
0.763077676
0.742600501
0.719789565
0.69438386
0.66614455
0.634877801
0.60046339
0.562885582
0.522265792
0.478892267
0.433511853
0.386314511
0.338105559
0.289955616
0.243138701
0.198994964
0.158743918
0.123304024
0.093178228
0.068437025
0.997333348
0.997112811
0.996856511
0.996574104
0.996275902
0.995968044
0.995651126
0.995321751
0.994974256
0.994602382
0.994200587
0.993764818
0.993292809
0.992783666
0.992236853
0.99165082
0.99102205
0.990344465
0.989610016
0.988809705
0.987935245
0.986979425
0.985936224
0.98480022
0.983565331
0.982224286
0.980768502
0.979189456
0.977479339
0.975632727
0.973646164
0.971517861
0.96924597
0.966826558
0.96425277
0.961513817
0.958595872
0.955482423
0.952155888
0.948598504
0.944792569
0.940720379
0.936363339
0.931700706
0.9267084
0.921358407
0.915618539
0.909452677
0.902821541
0.895682991
0.887991667
0.879697859
0.870744407
0.86106354
0.85057205
0.839167356
0.826723039
0.81308645
0.798076749
0.7814852
0.763077676
0.742600501
0.719789565
0.69438386
0.66614455
0.634877801
0.60046339
0.562885582
0.522265792
0.478892267
0.433511853
0.386314511
0.338105559
0.289955616
0.243138701
0.198994964
0.158743918
0.123304024
0.093178228
0.068437025
0.997333348
0.997112811
0.996856511
0.996574104
0.996275902
0.995968044
0.995651126
0.995321751
0.994974256
0.994602382
0.994200587
0.993764818
0.993292809
0.992783666
0.992236853
0.99165082
0.99102205
0.990344465
0.989610016
0.988809705
0.987935245
0.986979425
0.985936224
0.98480022
0.983565331
0.982224286
0.980768502
0.979189456
0.977479339
0.975632727
0.973646164
0.971517861
0.96924597
0.966826558
0.96425277
0.961513817
0.958595872
0.955482423
0.952155888
0.948598504
0.944792569
0.940720379
0.936363339
0.931700706
0.9267084
0.921358407
0.915618539
0.909452677
0.902821541
0.895682991
0.887991667
0.879697859
0.870744407
0.86106354
0.85057205
0.839167356
0.826723039
0.81308645
0.798076749
0.7814852
0.763077676
0.742600501
0.719789565
0.69438386
0.66614455
0.634877801
0.60046339
0.562885582
0.522265792
0.478892267
0.433511853
0.386314511
0.338105559
0.289955616
0.243138701
0.198994964
0.158743918
0.123304024
0.093178228
0.068437025
0.997333348
0.997112811
0.996856511
0.996574104
0.996275902
0.995968044
0.995651126
0.995321751
0.994974256
0.994602382
0.994200587
0.993764818
0.993292809
0.992783666
0.992236853
0.99165082
0.99102205
0.990344465
0.989610016
0.988809705
0.987935245
0.986979425
0.985936224
0.98480022
0.983565331
0.982224286
0.980768502
0.979189456
0.977479339
0.975632727
0.973646164
0.971517861
0.96924597
0.966826558
0.96425277
0.961513817
0.958595872
0.955482423
0.952155888
0.948598504
0.944792569
0.940720379
0.936363339
0.931700706
0.9267084
0.921358407
0.915618539
0.909452677
0.902821541
0.895682991
0.887991667
0.879697859
0.870744407
0.86106354
0.85057205
0.839167356
0.826723039
0.81308645
0.798076749
0.7814852
0.763077676
0.742600501
0.719789565
0.69438386
0.66614455
0.634877801
0.60046339
0.562885582
0.522265792
0.478892267
0.433511853
0.386314511
0.338105559
0.289955616
0.243138701
0.198994964
0.158743918
0.123304024
0.093178228
0.068437025
0.997333348
0.997112811
0.996856511
0.996574104
0.996275902
0.995968044
0.995651126
0.995321751
0.994974256
0.994602382
0.994200587
0.993764818
0.993292809
0.992783666
0.992236853
0.99165082
0.99102205
0.990344465
0.989610016
0.988809705
0.987935245
0.986979425
0.985936224
0.98480022
0.983565331
0.982224286
0.980768502
0.979189456
0.977479339
0.975632727
0.973646164
0.971517861
0.96924597
0.966826558
0.96425277
0.961513817
0.958595872
0.955482423
0.952155888
0.948598504
0.944792569
0.940720379
0.936363339
0.931700706
0.9267084
0.921358407
0.915618539
0.909452677
0.902821541
0.895682991
0.887991667
0.879697859
0.870744407
0.86106354
0.85057205
0.839167356
0.826723039
0.81308645
0.798076749
0.7814852
0.763077676
0.742600501
0.719789565
0.69438386
0.66614455
0.634877801
0.60046339
0.562885582
0.522265792
0.478892267
0.433511853
0.386314511
0.338105559
0.289955616
0.243138701
0.198994964
0.158743918
0.123304024
0.093178228
0.068437025
0.997333348
0.997112811
0.996856511
0.996574104
0.996275902
0.995968044
0.995651126
0.995321751
0.994974256
0.994602382
0.994200587
0.993764818
0.993292809
0.992783666
0.992236853
0.99165082
0.99102205
0.990344465
0.989610016
0.988809705
0.987935245
0.986979425
0.985936224
0.98480022
0.983565331
0.982224286
0.980768502
0.979189456
0.977479339
0.975632727
0.973646164
0.971517861
0.96924597
0.966826558
0.96425277
0.961513817
0.958595872
0.955482423
0.952155888
0.948598504
0.944792569
0.940720379
0.936363339
0.931700706
0.9267084
0.921358407
0.915618539
0.909452677
0.902821541
0.895682991
0.887991667
0.879697859
0.870744407
0.86106354
0.85057205
0.839167356
0.826723039
0.81308645
0.798076749
0.7814852
0.763077676
0.742600501
0.719789565
0.69438386
0.66614455
0.634877801
0.60046339
0.562885582
0.522265792
0.478892267
0.433511853
0.386314511
0.338105559
0.289955616
0.243138701
0.198994964
0.158743918
0.123304024
0.093178228
0.068437025
0.997333348
0.997112811
0.996856511
0.996574104
0.996275902
0.995968044
0.995651126
0.995321751
0.994974256
0.994602382
0.994200587
0.993764818
0.993292809
0.992783666
0.992236853
0.99165082
0.99102205
0.990344465
0.989610016
0.988809705
0.987935245
0.986979425
0.985936224
0.98480022
0.983565331
0.982224286
0.980768502
0.979189456
0.977479339
0.975632727
0.973646164
0.971517861
0.96924597
0.966826558
0.96425277
0.961513817
0.958595872
0.955482423
0.952155888
0.948598504
0.944792569
0.940720379
0.936363339
0.931700706
0.9267084
0.921358407
0.915618539
0.909452677
0.902821541
0.895682991
0.887991667
0.879697859
0.870744407
0.86106354
0.85057205
0.839167356
0.826723039
0.81308645
0.798076749
0.7814852
0.763077676
0.742600501
0.719789565
0.69438386
0.66614455
0.634877801
0.60046339
0.562885582
0.522265792
0.478892267
0.433511853
0.386314511
0.338105559
0.289955616
0.243138701
0.198994964
0.158743918
0.123304024
0.093178228
0.068437025
0.997333348
0.997112811
0.996856511
0.996574104
0.996275902
0.995968044
0.995651126
0.995321751
0.994974256
0.994602382
0.994200587
0.993764818
0.993292809
0.992783666
0.992236853
0.99165082
0.99102205
0.990344465
0.989610016
0.988809705
0.987935245
0.986979425
0.985936224
0.98480022
0.983565331
0.982224286
0.980768502
0.979189456
0.977479339
0.975632727
0.973646164
0.971517861
0.96924597
0.966826558
0.96425277
0.961513817
0.958595872
0.955482423
0.952155888
0.948598504
0.944792569
0.940720379
0.936363339
0.931700706
0.9267084
0.921358407
0.915618539
0.909452677
0.902821541
0.895682991
0.887991667
0.879697859
0.870744407
0.86106354
0.85057205
0.839167356
0.826723039
0.81308645
0.798076749
0.7814852
0.763077676
0.742600501
0.719789565
0.69438386
0.66614455
0.634877801
0.60046339
0.562885582
0.522265792
0.478892267
0.433511853
0.386314511
0.338105559
0.289955616
0.243138701
0.198994964
0.158743918
0.123304024
0.093178228
0.068437025
0.997333348
0.997112811
0.996856511
0.996574104
0.996275902
0.995968044
0.995651126
0.995321751
0.994974256
0.994602382
0.994200587
0.993764818
0.993292809
0.992783666
0.992236853
0.99165082
0.99102205
0.990344465
0.989610016
0.988809705
0.987935245
0.986979425
0.985936224
0.98480022
0.983565331
0.982224286
0.980768502
0.979189456
0.977479339
0.975632727
0.973646164
0.971517861
0.96924597
0.966826558
0.96425277
0.961513817
0.958595872
0.955482423
0.952155888
0.948598504
0.944792569
0.940720379
0.936363339
0.931700706
0.9267084
0.921358407
0.915618539
0.909452677
0.902821541
0.895682991
0.887991667
0.879697859
0.870744407
0.86106354
0.85057205
0.839167356
0.826723039
0.81308645
0.798076749
0.7814852
0.763077676
0.742600501
0.719789565
0.69438386
0.66614455
0.634877801
0.60046339
0.562885582
0.522265792
0.478892267
0.433511853
0.386314511
0.338105559
0.289955616
0.243138701
0.198994964
0.158743918
0.123304024
0.093178228
0.068437025
0.997333348
0.997112811
0.996856511
0.996574104
0.996275902
0.995968044
0.995651126
0.995321751
0.994974256
0.994602382
0.994200587
0.993764818
0.993292809
0.992783666
0.992236853
0.99165082
0.99102205
0.990344465
0.989610016
0.988809705
0.987935245
0.986979425
0.985936224
0.98480022
0.983565331
0.982224286
0.980768502
0.979189456
0.977479339
0.975632727
0.973646164
0.971517861
0.96924597
0.966826558
0.96425277
0.961513817
0.958595872
0.955482423
0.952155888
0.948598504
0.944792569
0.940720379
0.936363339
0.931700706
0.9267084
0.921358407
0.915618539
0.909452677
0.902821541
0.895682991
0.887991667
0.879697859
0.870744407
0.86106354
0.85057205
0.839167356
0.826723039
0.81308645
0.798076749
0.7814852
0.763077676
0.742600501
0.719789565
0.69438386
0.66614455
0.634877801
0.60046339
0.562885582
0.522265792
0.478892267
0.433511853
0.386314511
0.338105559
0.289955616
0.243138701
0.198994964
0.158743918
0.123304024
0.093178228
0.068437025
0.997333348
0.997112811
0.996856511
0.996574104
0.996275902
0.995968044
0.995651126
0.995321751
0.994974256
0.994602382
0.994200587
0.993764818
0.993292809
0.992783666
0.992236853
0.99165082
0.99102205
0.990344465
0.989610016
0.988809705
0.987935245
0.986979425
0.985936224
0.98480022
0.983565331
0.982224286
0.980768502
0.979189456
0.977479339
0.975632727
0.973646164
0.971517861
0.96924597
0.966826558
0.96425277
0.961513817
0.958595872
0.955482423
0.952155888
0.948598504
0.944792569
0.940720379
0.936363339
0.931700706
0.9267084
0.921358407
0.915618539
0.909452677
0.902821541
0.895682991
0.887991667
0.879697859
0.870744407
0.86106354
0.85057205
0.839167356
0.826723039
0.81308645
0.798076749
0.7814852
0.763077676
0.742600501
0.719789565
0.69438386
0.66614455
0.634877801
0.60046339
0.562885582
0.522265792
0.478892267
0.433511853
0.386314511
0.338105559
0.289955616
0.243138701
0.198994964
0.158743918
0.123304024
0.093178228
0.068437025
0.997333348
0.997112811
0.996856511
0.996574104
0.996275902
0.995968044
0.995651126
0.995321751
0.994974256
0.994602382
0.994200587
0.993764818
0.993292809
0.992783666
0.992236853
0.99165082
0.99102205
0.990344465
0.989610016
0.988809705
0.987935245
0.986979425
0.985936224
0.98480022
0.983565331
0.982224286
0.980768502
0.979189456
0.977479339
0.975632727
0.973646164
0.971517861
0.96924597
0.966826558
0.96425277
0.961513817
0.958595872
0.955482423
0.952155888
0.948598504
0.944792569
0.940720379
0.936363339
0.931700706
0.9267084
0.921358407
0.915618539
0.909452677
0.902821541
0.895682991
0.887991667
0.879697859
0.870744407
0.86106354
0.85057205
0.839167356
0.826723039
0.81308645
0.798076749
0.7814852
0.763077676
0.742600501
0.719789565
0.69438386
0.66614455
0.634877801
0.60046339
0.562885582
0.522265792
0.478892267
0.433511853
0.386314511
0.338105559
0.289955616
0.243138701
0.198994964
0.158743918
0.123304024
0.093178228
0.068437025
0.997333348
0.997112811
0.996856511
0.996574104
0.996275902
0.995968044
0.995651126
0.995321751
0.994974256
0.994602382
0.994200587
0.993764818
0.993292809
0.992783666
0.992236853
0.99165082
0.99102205
0.990344465
0.989610016
0.988809705
0.987935245
0.986979425
0.985936224
0.98480022
0.983565331
0.982224286
0.980768502
0.979189456
0.977479339
0.975632727
0.973646164
0.971517861
0.96924597
0.966826558
0.96425277
0.961513817
0.958595872
0.955482423
0.952155888
0.948598504
0.944792569
0.940720379
0.936363339
0.931700706
0.9267084
0.921358407
0.915618539
0.909452677
0.902821541
0.895682991
0.887991667
0.879697859
0.870744407
0.86106354
0.85057205
0.839167356
0.826723039
0.81308645
0.798076749
0.7814852
0.763077676
0.742600501
0.719789565
0.69438386
0.66614455
0.634877801
0.60046339
0.562885582
0.522265792
0.478892267
0.433511853
0.386314511
0.338105559
0.289955616
0.243138701
0.198994964
0.158743918
0.123304024
0.093178228
0.068437025
0.997333348
0.997112811
0.996856511
0.996574104
0.996275902
0.995968044
0.995651126
0.995321751
0.994974256
0.994602382
0.994200587
0.993764818
0.993292809
0.992783666
0.992236853
0.99165082
0.99102205
0.990344465
0.989610016
0.988809705
0.987935245
0.986979425
0.985936224
0.98480022
0.983565331
0.982224286
0.980768502
0.979189456
0.977479339
0.975632727
0.973646164
0.971517861
0.96924597
0.966826558
0.96425277
0.961513817
0.958595872
0.955482423
0.952155888
0.948598504
0.944792569
0.940720379
0.936363339
0.931700706
0.9267084
0.921358407
0.915618539
0.909452677
0.902821541
0.895682991
0.887991667
0.879697859
0.870744407
0.86106354
0.85057205
0.839167356
0.826723039
0.81308645
0.798076749
0.7814852
0.763077676
0.742600501
0.719789565
0.69438386
0.66614455
0.634877801
0.60046339
0.562885582
0.522265792
0.478892267
0.433511853
0.386314511
0.338105559
0.289955616
0.243138701
0.198994964
0.158743918
0.123304024
0.093178228
0.068437025
0.997333348
0.997112811
0.996856511
0.996574104
0.996275902
0.995968044
0.995651126
0.995321751
0.994974256
0.994602382
0.994200587
0.993764818
0.993292809
0.992783666
0.992236853
0.99165082
0.99102205
0.990344465
0.989610016
0.988809705
0.987935245
0.986979425
0.985936224
0.98480022
0.983565331
0.982224286
0.980768502
0.979189456
0.977479339
0.975632727
0.973646164
0.971517861
0.96924597
0.966826558
0.96425277
0.961513817
0.958595872
0.955482423
0.952155888
0.948598504
0.944792569
0.940720379
0.936363339
0.931700706
0.9267084
0.921358407
0.915618539
0.909452677
0.902821541
0.895682991
0.887991667
0.879697859
0.870744407
0.86106354
0.85057205
0.839167356
0.826723039
0.81308645
0.798076749
0.7814852
0.763077676
0.742600501
0.719789565
0.69438386
0.66614455
0.634877801
0.60046339
0.562885582
0.522265792
0.478892267
0.433511853
0.386314511
0.338105559
0.289955616
0.243138701
0.198994964
0.158743918
0.123304024
0.093178228
0.068437025
0.997333348
0.997112811
0.996856511
0.996574104
0.996275902
0.995968044
0.995651126
0.995321751
0.994974256
0.994602382
0.994200587
0.993764818
0.993292809
0.992783666
0.992236853
0.99165082
0.99102205
0.990344465
0.989610016
0.988809705
0.987935245
0.986979425
0.985936224
0.98480022
0.983565331
0.982224286
0.980768502
0.979189456
0.977479339
0.975632727
0.973646164
0.971517861
0.96924597
0.966826558
0.96425277
0.961513817
0.958595872
0.955482423
0.952155888
0.948598504
0.944792569
0.940720379
0.936363339
0.931700706
0.9267084
0.921358407
0.915618539
0.909452677
0.902821541
0.895682991
0.887991667
0.879697859
0.870744407
0.86106354
0.85057205
0.839167356
0.826723039
0.81308645
0.798076749
0.7814852
0.763077676
0.742600501
0.719789565
0.69438386
0.66614455
0.634877801
0.60046339
0.562885582
0.522265792
0.478892267
0.433511853
0.386314511
0.338105559
0.289955616
0.243138701
0.198994964
0.158743918
0.123304024
0.093178228
0.068437025
0.997333348
0.997112811
0.996856511
0.996574104
0.996275902
0.995968044
0.995651126
0.995321751
0.994974256
0.994602382
0.994200587
0.993764818
0.993292809
0.992783666
0.992236853
0.99165082
0.99102205
0.990344465
0.989610016
0.988809705
0.987935245
0.986979425
0.985936224
0.98480022
0.983565331
0.982224286
0.980768502
0.979189456
0.977479339
0.975632727
0.973646164
0.971517861
0.96924597
0.966826558
0.96425277
0.961513817
0.958595872
0.955482423
0.952155888
0.948598504
0.944792569
0.940720379
0.936363339
0.931700706
0.9267084
0.921358407
0.915618539
0.909452677
0.902821541
0.895682991
0.887991667
0.879697859
0.870744407
0.86106354
0.85057205
0.839167356
0.826723039
0.81308645
0.798076749
0.7814852
0.763077676
0.742600501
0.719789565
0.69438386
0.66614455
0.634877801
0.60046339
0.562885582
0.522265792
0.478892267
0.433511853
0.386314511
0.338105559
0.289955616
0.243138701
0.198994964
0.158743918
0.123304024
0.093178228
0.068437025
0.997333348
0.997112811
0.996856511
0.996574104
0.996275902
0.995968044
0.995651126
0.995321751
0.994974256
0.994602382
0.994200587
0.993764818
0.993292809
0.992783666
0.992236853
0.99165082
0.99102205
0.990344465
0.989610016
0.988809705
0.987935245
0.986979425
0.985936224
0.98480022
0.983565331
0.982224286
0.980768502
0.979189456
0.977479339
0.975632727
0.973646164
0.971517861
0.96924597
0.966826558
0.96425277
0.961513817
0.958595872
0.955482423
0.952155888
0.948598504
0.944792569
0.940720379
0.936363339
0.931700706
0.9267084
0.921358407
0.915618539
0.909452677
0.902821541
0.895682991
0.887991667
0.879697859
0.870744407
0.86106354
0.85057205
0.839167356
0.826723039
0.81308645
0.798076749
0.7814852
0.763077676
0.742600501
0.719789565
0.69438386
0.66614455
0.634877801
0.60046339
0.562885582
0.522265792
0.478892267
0.433511853
0.386314511
0.338105559
0.289955616
0.243138701
0.198994964
0.158743918
0.123304024
0.093178228
0.068437025
0.997333348
0.997112811
0.996856511
0.996574104
0.996275902
0.995968044
0.995651126
0.995321751
0.994974256
0.994602382
0.994200587
0.993764818
0.993292809
0.992783666
0.992236853
0.99165082
0.99102205
0.990344465
0.989610016
0.988809705
0.987935245
0.986979425
0.985936224
0.98480022
0.983565331
0.982224286
0.980768502
0.979189456
0.977479339
0.975632727
0.973646164
0.971517861
0.96924597
0.966826558
0.96425277
0.961513817
0.958595872
0.955482423
0.952155888
0.948598504
0.944792569
0.940720379
0.936363339
0.931700706
0.9267084
0.921358407
0.915618539
0.909452677
0.902821541
0.895682991
0.887991667
0.879697859
0.870744407
0.86106354
0.85057205
0.839167356
0.826723039
0.81308645
0.798076749
0.7814852
0.763077676
0.742600501
0.719789565
0.69438386
0.66614455
0.634877801
0.60046339
0.562885582
0.522265792
0.478892267
0.433511853
0.386314511
0.338105559
0.289955616
0.243138701
0.198994964
0.158743918
0.123304024
0.093178228
0.068437025
0.997333348
0.997112811
0.996856511
0.996574104
0.996275902
0.995968044
0.995651126
0.995321751
0.994974256
0.994602382
0.994200587
0.993764818
0.993292809
0.992783666
0.992236853
0.99165082
0.99102205
0.990344465
0.989610016
0.988809705
0.987935245
0.986979425
0.985936224
0.98480022
0.983565331
0.982224286
0.980768502
0.979189456
0.977479339
0.975632727
0.973646164
0.971517861
0.96924597
0.966826558
0.96425277
0.961513817
0.958595872
0.955482423
0.952155888
0.948598504
0.944792569
0.940720379
0.936363339
0.931700706
0.9267084
0.921358407
0.915618539
0.909452677
0.902821541
0.895682991
0.887991667
0.879697859
0.870744407
0.86106354
0.85057205
0.839167356
0.826723039
0.81308645
0.798076749
0.7814852
0.763077676
0.742600501
0.719789565
0.69438386
0.66614455
0.634877801
0.60046339
0.562885582
0.522265792
0.478892267
0.433511853
0.386314511
0.338105559
0.289955616
0.243138701
0.198994964
0.158743918
0.123304024
0.093178228
0.068437025
0.997333348
0.997112811
0.996856511
0.996574104
0.996275902
0.995968044
0.995651126
0.995321751
0.994974256
0.994602382
0.994200587
0.993764818
0.993292809
0.992783666
0.992236853
0.99165082
0.99102205
0.990344465
0.989610016
0.988809705
0.987935245
0.986979425
0.985936224
0.98480022
0.983565331
0.982224286
0.980768502
0.979189456
0.977479339
0.975632727
0.973646164
0.971517861
0.96924597
0.966826558
0.96425277
0.961513817
0.958595872
0.955482423
0.952155888
0.948598504
0.944792569
0.940720379
0.936363339
0.931700706
0.9267084
0.921358407
0.915618539
0.909452677
0.902821541
0.895682991
0.887991667
0.879697859
0.870744407
0.86106354
0.85057205
0.839167356
0.826723039
0.81308645
0.798076749
0.7814852
0.763077676
0.742600501
0.719789565
0.69438386
0.66614455
0.634877801
0.60046339
0.562885582
0.522265792
0.478892267
0.433511853
0.386314511
0.338105559
0.289955616
0.243138701
0.198994964
0.158743918
0.123304024
0.093178228
0.068437025
0.997333348
0.997112811
0.996856511
0.996574104
0.996275902
0.995968044
0.995651126
0.995321751
0.994974256
0.994602382
0.994200587
0.993764818
0.993292809
0.992783666
0.992236853
0.99165082
0.99102205
0.990344465
0.989610016
0.988809705
0.987935245
0.986979425
0.985936224
0.98480022
0.983565331
0.982224286
0.980768502
0.979189456
0.977479339
0.975632727
0.973646164
0.971517861
0.96924597
0.966826558
0.96425277
0.961513817
0.958595872
0.955482423
0.952155888
0.948598504
0.944792569
0.940720379
0.936363339
0.931700706
0.9267084
0.921358407
0.915618539
0.909452677
0.902821541
0.895682991
0.887991667
0.879697859
0.870744407
0.86106354
0.85057205
0.839167356
0.826723039
0.81308645
0.798076749
0.7814852
0.763077676
0.742600501
0.719789565
0.69438386
0.66614455
0.634877801
0.60046339
0.562885582
0.522265792
0.478892267
0.433511853
0.386314511
0.338105559
0.289955616
0.243138701
0.198994964
0.158743918
0.123304024
0.093178228
0.068437025
0.997333348
0.997112811
0.996856511
0.996574104
0.996275902
0.995968044
0.995651126
0.995321751
0.994974256
0.994602382
0.994200587
0.993764818
0.993292809
0.992783666
0.992236853
0.99165082
0.99102205
0.990344465
0.989610016
0.988809705
0.987935245
0.986979425
0.985936224
0.98480022
0.983565331
0.982224286
0.980768502
0.979189456
0.977479339
0.975632727
0.973646164
0.971517861
0.96924597
0.966826558
0.96425277
0.961513817
0.958595872
0.955482423
0.952155888
0.948598504
0.944792569
0.940720379
0.936363339
0.931700706
0.9267084
0.921358407
0.915618539
0.909452677
0.902821541
0.895682991
0.887991667
0.879697859
0.870744407
0.86106354
0.85057205
0.839167356
0.826723039
0.81308645
0.798076749
0.7814852
0.763077676
0.742600501
0.719789565
0.69438386
0.66614455
0.634877801
0.60046339
0.562885582
0.522265792
0.478892267
0.433511853
0.386314511
0.338105559
0.289955616
0.243138701
0.198994964
0.158743918
0.123304024
0.093178228
0.068437025
0.997333348
0.997112811
0.996856511
0.996574104
0.996275902
0.995968044
0.995651126
0.995321751
0.994974256
0.994602382
0.994200587
0.993764818
0.993292809
0.992783666
0.992236853
0.99165082
0.99102205
0.990344465
0.989610016
0.988809705
0.987935245
0.986979425
0.985936224
0.98480022
0.983565331
0.982224286
0.980768502
0.979189456
0.977479339
0.975632727
0.973646164
0.971517861
0.96924597
0.966826558
0.96425277
0.961513817
0.958595872
0.955482423
0.952155888
0.948598504
0.944792569
0.940720379
0.936363339
0.931700706
0.9267084
0.921358407
0.915618539
0.909452677
0.902821541
0.895682991
0.887991667
0.879697859
0.870744407
0.86106354
0.85057205
0.839167356
0.826723039
0.81308645
0.798076749
0.7814852
0.763077676
0.742600501
0.719789565
0.69438386
0.66614455
0.634877801
0.60046339
0.562885582
0.522265792
0.478892267
0.433511853
0.386314511
0.338105559
0.289955616
0.243138701
0.198994964
0.158743918
0.123304024
0.093178228
0.068437025
0.997333348
0.997112811
0.996856511
0.996574104
0.996275902
0.995968044
0.995651126
0.995321751
0.994974256
0.994602382
0.994200587
0.993764818
0.993292809
0.992783666
0.992236853
0.99165082
0.99102205
0.990344465
0.989610016
0.988809705
0.987935245
0.986979425
0.985936224
0.98480022
0.983565331
0.982224286
0.980768502
0.979189456
0.977479339
0.975632727
0.973646164
0.971517861
0.96924597
0.966826558
0.96425277
0.961513817
0.958595872
0.955482423
0.952155888
0.948598504
0.944792569
0.940720379
0.936363339
0.931700706
0.9267084
0.921358407
0.915618539
0.909452677
0.902821541
0.895682991
0.887991667
0.879697859
0.870744407
0.86106354
0.85057205
0.839167356
0.826723039
0.81308645
0.798076749
0.7814852
0.763077676
0.742600501
0.719789565
0.69438386
0.66614455
0.634877801
0.60046339
0.562885582
0.522265792
0.478892267
0.433511853
0.386314511
0.338105559
0.289955616
0.243138701
0.198994964
0.158743918
0.123304024
0.093178228
0.068437025
0.997333348
0.997112811
0.996856511
0.996574104
0.996275902
0.995968044
0.995651126
0.995321751
0.994974256
0.994602382
0.994200587
0.993764818
0.993292809
0.992783666
0.992236853
0.99165082
0.99102205
0.990344465
0.989610016
0.988809705
0.987935245
0.986979425
0.985936224
0.98480022
0.983565331
0.982224286
0.980768502
0.979189456
0.977479339
0.975632727
0.973646164
0.971517861
0.96924597
0.966826558
0.96425277
0.961513817
0.958595872
0.955482423
0.952155888
0.948598504
0.944792569
0.940720379
0.936363339
0.931700706
0.9267084
0.921358407
0.915618539
0.909452677
0.902821541
0.895682991
0.887991667
0.879697859
0.870744407
0.86106354
0.85057205
0.839167356
0.826723039
0.81308645
0.798076749
0.7814852
0.763077676
0.742600501
0.719789565
0.69438386
0.66614455
0.634877801
0.60046339
0.562885582
0.522265792
0.478892267
0.433511853
0.386314511
0.338105559
0.289955616
0.243138701
0.198994964
0.158743918
0.123304024
0.093178228
0.068437025
0.997333348
0.997112811
0.996856511
0.996574104
0.996275902
0.995968044
0.995651126
0.995321751
0.994974256
0.994602382
0.994200587
0.993764818
0.993292809
0.992783666
0.992236853
0.99165082
0.99102205
0.990344465
0.989610016
0.988809705
0.987935245
0.986979425
0.985936224
0.98480022
0.983565331
0.982224286
0.980768502
0.979189456
0.977479339
0.975632727
0.973646164
0.971517861
0.96924597
0.966826558
0.96425277
0.961513817
0.958595872
0.955482423
0.952155888
0.948598504
0.944792569
0.940720379
0.936363339
0.931700706
0.9267084
0.921358407
0.915618539
0.909452677
0.902821541
0.895682991
0.887991667
0.879697859
0.870744407
0.86106354
0.85057205
0.839167356
0.826723039
0.81308645
0.798076749
0.7814852
0.763077676
0.742600501
0.719789565
0.69438386
0.66614455
0.634877801
0.60046339
0.562885582
0.522265792
0.478892267
0.433511853
0.386314511
0.338105559
0.289955616
0.243138701
0.198994964
0.158743918
0.123304024
0.093178228
0.068437025
0.997333348
0.997112811
0.996856511
0.996574104
0.996275902
0.995968044
0.995651126
0.995321751
0.994974256
0.994602382
0.994200587
0.993764818
0.993292809
0.992783666
0.992236853
0.99165082
0.99102205
0.990344465
0.989610016
0.988809705
0.987935245
0.986979425
0.985936224
0.98480022
0.983565331
0.982224286
0.980768502
0.979189456
0.977479339
0.975632727
0.973646164
0.971517861
0.96924597
0.966826558
0.96425277
0.961513817
0.958595872
0.955482423
0.952155888
0.948598504
0.944792569
0.940720379
0.936363339
0.931700706
0.9267084
0.921358407
0.915618539
0.909452677
0.902821541
0.895682991
0.887991667
0.879697859
0.870744407
0.86106354
0.85057205
0.839167356
0.826723039
0.81308645
0.798076749
0.7814852
0.763077676
0.742600501
0.719789565
0.69438386
0.66614455
0.634877801
0.60046339
0.562885582
0.522265792
0.478892267
0.433511853
0.386314511
0.338105559
0.289955616
0.243138701
0.198994964
0.158743918
0.123304024
0.093178228
0.068437025
0.997333348
0.997112811
0.996856511
0.996574104
0.996275902
0.995968044
0.995651126
0.995321751
0.994974256
0.994602382
0.994200587
0.993764818
0.993292809
0.992783666
0.992236853
0.99165082
0.99102205
0.990344465
0.989610016
0.988809705
0.987935245
0.986979425
0.985936224
0.98480022
0.983565331
0.982224286
0.980768502
0.979189456
0.977479339
0.975632727
0.973646164
0.971517861
0.96924597
0.966826558
0.96425277
0.961513817
0.958595872
0.955482423
0.952155888
0.948598504
0.944792569
0.940720379
0.936363339
0.931700706
0.9267084
0.921358407
0.915618539
0.909452677
0.902821541
0.895682991
0.887991667
0.879697859
0.870744407
0.86106354
0.85057205
0.839167356
0.826723039
0.81308645
0.798076749
0.7814852
0.763077676
0.742600501
0.719789565
0.69438386
0.66614455
0.634877801
0.60046339
0.562885582
0.522265792
0.478892267
0.433511853
0.386314511
0.338105559
0.289955616
0.243138701
0.198994964
0.158743918
0.123304024
0.093178228
0.068437025
0.997333348
0.997112811
0.996856511
0.996574104
0.996275902
0.995968044
0.995651126
0.995321751
0.994974256
0.994602382
0.994200587
0.993764818
0.993292809
0.992783666
0.992236853
0.99165082
0.99102205
0.990344465
0.989610016
0.988809705
0.987935245
0.986979425
0.985936224
0.98480022
0.983565331
0.982224286
0.980768502
0.979189456
0.977479339
0.975632727
0.973646164
0.971517861
0.96924597
0.966826558
0.96425277
0.961513817
0.958595872
0.955482423
0.952155888
0.948598504
0.944792569
0.940720379
0.936363339
0.931700706
0.9267084
0.921358407
0.915618539
0.909452677
0.902821541
0.895682991
0.887991667
0.879697859
0.870744407
0.86106354
0.85057205
0.839167356
0.826723039
0.81308645
0.798076749
0.7814852
0.763077676
0.742600501
0.719789565
0.69438386
0.66614455
0.634877801
0.60046339
0.562885582
0.522265792
0.478892267
0.433511853
0.386314511
0.338105559
0.289955616
0.243138701
0.198994964
0.158743918
0.123304024
0.093178228
0.068437025
0.997333348
0.997112811
0.996856511
0.996574104
0.996275902
0.995968044
0.995651126
0.995321751
0.994974256
0.994602382
0.994200587
0.993764818
0.993292809
0.992783666
0.992236853
0.99165082
0.99102205
0.990344465
0.989610016
0.988809705
0.987935245
0.986979425
0.985936224
0.98480022
0.983565331
0.982224286
0.980768502
0.979189456
0.977479339
0.975632727
0.973646164
0.971517861
0.96924597
0.966826558
0.96425277
0.961513817
0.958595872
0.955482423
0.952155888
0.948598504
0.944792569
0.940720379
0.936363339
0.931700706
0.9267084
0.921358407
0.915618539
0.909452677
0.902821541
0.895682991
0.887991667
0.879697859
0.870744407
0.86106354
0.85057205
0.839167356
0.826723039
0.81308645
0.798076749
0.7814852
0.763077676
0.742600501
0.719789565
0.69438386
0.66614455
0.634877801
0.60046339
0.562885582
0.522265792
0.478892267
0.433511853
0.386314511
0.338105559
0.289955616
0.243138701
0.198994964
0.158743918
0.123304024
0.093178228
0.068437025
0.997333348
0.997112811
0.996856511
0.996574104
0.996275902
0.995968044
0.995651126
0.995321751
0.994974256
0.994602382
0.994200587
0.993764818
0.993292809
0.992783666
0.992236853
0.99165082
0.99102205
0.990344465
0.989610016
0.988809705
0.987935245
0.986979425
0.985936224
0.98480022
0.983565331
0.982224286
0.980768502
0.979189456
0.977479339
0.975632727
0.973646164
0.971517861
0.96924597
0.966826558
0.96425277
0.961513817
0.958595872
0.955482423
0.952155888
0.948598504
0.944792569
0.940720379
0.936363339
0.931700706
0.9267084
0.921358407
0.915618539
0.909452677
0.902821541
0.895682991
0.887991667
0.879697859
0.870744407
0.86106354
0.85057205
0.839167356
0.826723039
0.81308645
0.798076749
0.7814852
0.763077676
0.742600501
0.719789565
0.69438386
0.66614455
0.634877801
0.60046339
0.562885582
0.522265792
0.478892267
0.433511853
0.386314511
0.338105559
0.289955616
0.243138701
0.198994964
0.158743918
0.123304024
0.093178228
0.068437025
0.997333348
0.997112811
0.996856511
0.996574104
0.996275902
0.995968044
0.995651126
0.995321751
0.994974256
0.994602382
0.994200587
0.993764818
0.993292809
0.992783666
0.992236853
0.99165082
0.99102205
0.990344465
0.989610016
0.988809705
0.987935245
0.986979425
0.985936224
0.98480022
0.983565331
0.982224286
0.980768502
0.979189456
0.977479339
0.975632727
0.973646164
0.971517861
0.96924597
0.966826558
0.96425277
0.961513817
0.958595872
0.955482423
0.952155888
0.948598504
0.944792569
0.940720379
0.936363339
0.931700706
0.9267084
0.921358407
0.915618539
0.909452677
0.902821541
0.895682991
0.887991667
0.879697859
0.870744407
0.86106354
0.85057205
0.839167356
0.826723039
0.81308645
0.798076749
0.7814852
0.763077676
0.742600501
0.719789565
0.69438386
0.66614455
0.634877801
0.60046339
0.562885582
0.522265792
0.478892267
0.433511853
0.386314511
0.338105559
0.289955616
0.243138701
0.198994964
0.158743918
0.123304024
0.093178228
0.068437025
0.997333348
0.997112811
0.996856511
0.996574104
0.996275902
0.995968044
0.995651126
0.995321751
0.994974256
0.994602382
0.994200587
0.993764818
0.993292809
0.992783666
0.992236853
0.99165082
0.99102205
0.990344465
0.989610016
0.988809705
0.987935245
0.986979425
0.985936224
0.98480022
0.983565331
0.982224286
0.980768502
0.979189456
0.977479339
0.975632727
0.973646164
0.971517861
0.96924597
0.966826558
0.96425277
0.961513817
0.958595872
0.955482423
0.952155888
0.948598504
0.944792569
0.940720379
0.936363339
0.931700706
0.9267084
0.921358407
0.915618539
0.909452677
0.902821541
0.895682991
0.887991667
0.879697859
0.870744407
0.86106354
0.85057205
0.839167356
0.826723039
0.81308645
0.798076749
0.7814852
0.763077676
0.742600501
0.719789565
0.69438386
0.66614455
0.634877801
0.60046339
0.562885582
0.522265792
0.478892267
0.433511853
0.386314511
0.338105559
0.289955616
0.243138701
0.198994964
0.158743918
0.123304024
0.093178228
0.068437025
0.997333348
0.997112811
0.996856511
0.996574104
0.996275902
0.995968044
0.995651126
0.995321751
0.994974256
0.994602382
0.994200587
0.993764818
0.993292809
0.992783666
0.992236853
0.99165082
0.99102205
0.990344465
0.989610016
0.988809705
0.987935245
0.986979425
0.985936224
0.98480022
0.983565331
0.982224286
0.980768502
0.979189456
0.977479339
0.975632727
0.973646164
0.971517861
0.96924597
0.966826558
0.96425277
0.961513817
0.958595872
0.955482423
0.952155888
0.948598504
0.944792569
0.940720379
0.936363339
0.931700706
0.9267084
0.921358407
0.915618539
0.909452677
0.902821541
0.895682991
0.887991667
0.879697859
0.870744407
0.86106354
0.85057205
0.839167356
0.826723039
0.81308645
0.798076749
0.7814852
0.763077676
0.742600501
0.719789565
0.69438386
0.66614455
0.634877801
0.60046339
0.562885582
0.522265792
0.478892267
0.433511853
0.386314511
0.338105559
0.289955616
0.243138701
0.198994964
0.158743918
0.123304024
0.093178228
0.068437025
0.997333348
0.997112811
0.996856511
0.996574104
0.996275902
0.995968044
0.995651126
0.995321751
0.994974256
0.994602382
0.994200587
0.993764818
0.993292809
0.992783666
0.992236853
0.99165082
0.99102205
0.990344465
0.989610016
0.988809705
0.987935245
0.986979425
0.985936224
0.98480022
0.983565331
0.982224286
0.980768502
0.979189456
0.977479339
0.975632727
0.973646164
0.971517861
0.96924597
0.966826558
0.96425277
0.961513817
0.958595872
0.955482423
0.952155888
0.948598504
0.944792569
0.940720379
0.936363339
0.931700706
0.9267084
0.921358407
0.915618539
0.909452677
0.902821541
0.895682991
0.887991667
0.879697859
0.870744407
0.86106354
0.85057205
0.839167356
0.826723039
0.81308645
0.798076749
0.7814852
0.763077676
0.742600501
0.719789565
0.69438386
0.66614455
0.634877801
0.60046339
0.562885582
0.522265792
0.478892267
0.433511853
0.386314511
0.338105559
0.289955616
0.243138701
0.198994964
0.158743918
0.123304024
0.093178228
0.068437025
0.997333348
0.997112811
0.996856511
0.996574104
0.996275902
0.995968044
0.995651126
0.995321751
0.994974256
0.994602382
0.994200587
0.993764818
0.993292809
0.992783666
0.992236853
0.99165082
0.99102205
0.990344465
0.989610016
0.988809705
0.987935245
0.986979425
0.985936224
0.98480022
0.983565331
0.982224286
0.980768502
0.979189456
0.977479339
0.975632727
0.973646164
0.971517861
0.96924597
0.966826558
0.96425277
0.961513817
0.958595872
0.955482423
0.952155888
0.948598504
0.944792569
0.940720379
0.936363339
0.931700706
0.9267084
0.921358407
0.915618539
0.909452677
0.902821541
0.895682991
0.887991667
0.879697859
0.870744407
0.86106354
0.85057205
0.839167356
0.826723039
0.81308645
0.798076749
0.7814852
0.763077676
0.742600501
0.719789565
0.69438386
0.66614455
0.634877801
0.60046339
0.562885582
0.522265792
0.478892267
0.433511853
0.386314511
0.338105559
0.289955616
0.243138701
0.198994964
0.158743918
0.123304024
0.093178228
0.068437025
0.997333348
0.997112811
0.996856511
0.996574104
0.996275902
0.995968044
0.995651126
0.995321751
0.994974256
0.994602382
0.994200587
0.993764818
0.993292809
0.992783666
0.992236853
0.99165082
0.99102205
0.990344465
0.989610016
0.988809705
0.987935245
0.986979425
0.985936224
0.98480022
0.983565331
0.982224286
0.980768502
0.979189456
0.977479339
0.975632727
0.973646164
0.971517861
0.96924597
0.966826558
0.96425277
0.961513817
0.958595872
0.955482423
0.952155888
0.948598504
0.944792569
0.940720379
0.936363339
0.931700706
0.9267084
0.921358407
0.915618539
0.909452677
0.902821541
0.895682991
0.887991667
0.879697859
0.870744407
0.86106354
0.85057205
0.839167356
0.826723039
0.81308645
0.798076749
0.7814852
0.763077676
0.742600501
0.719789565
0.69438386
0.66614455
0.634877801
0.60046339
0.562885582
0.522265792
0.478892267
0.433511853
0.386314511
0.338105559
0.289955616
0.243138701
0.198994964
0.158743918
0.123304024
0.093178228
0.068437025
0.997333348
0.997112811
0.996856511
0.996574104
0.996275902
0.995968044
0.995651126
0.995321751
0.994974256
0.994602382
0.994200587
0.993764818
0.993292809
0.992783666
0.992236853
0.99165082
0.99102205
0.990344465
0.989610016
0.988809705
0.987935245
0.986979425
0.985936224
0.98480022
0.983565331
0.982224286
0.980768502
0.979189456
0.977479339
0.975632727
0.973646164
0.971517861
0.96924597
0.966826558
0.96425277
0.961513817
0.958595872
0.955482423
0.952155888
0.948598504
0.944792569
0.940720379
0.936363339
0.931700706
0.9267084
0.921358407
0.915618539
0.909452677
0.902821541
0.895682991
0.887991667
0.879697859
0.870744407
0.86106354
0.85057205
0.839167356
0.826723039
0.81308645
0.798076749
0.7814852
0.763077676
0.742600501
0.719789565
0.69438386
0.66614455
0.634877801
0.60046339
0.562885582
0.522265792
0.478892267
0.433511853
0.386314511
0.338105559
0.289955616
0.243138701
0.198994964
0.158743918
0.123304024
0.093178228
0.068437025
0.997333348
0.997112811
0.996856511
0.996574104
0.996275902
0.995968044
0.995651126
0.995321751
0.994974256
0.994602382
0.994200587
0.993764818
0.993292809
0.992783666
0.992236853
0.99165082
0.99102205
0.990344465
0.989610016
0.988809705
0.987935245
0.986979425
0.985936224
0.98480022
0.983565331
0.982224286
0.980768502
0.979189456
0.977479339
0.975632727
0.973646164
0.971517861
0.96924597
0.966826558
0.96425277
0.961513817
0.958595872
0.955482423
0.952155888
0.948598504
0.944792569
0.940720379
0.936363339
0.931700706
0.9267084
0.921358407
0.915618539
0.909452677
0.902821541
0.895682991
0.887991667
0.879697859
0.870744407
0.86106354
0.85057205
0.839167356
0.826723039
0.81308645
0.798076749
0.7814852
0.763077676
0.742600501
0.719789565
0.69438386
0.66614455
0.634877801
0.60046339
0.562885582
0.522265792
0.478892267
0.433511853
0.386314511
0.338105559
0.289955616
0.243138701
0.198994964
0.158743918
0.123304024
0.093178228
0.068437025
0.997333348
0.997112811
0.996856511
0.996574104
0.996275902
0.995968044
0.995651126
0.995321751
0.994974256
0.994602382
0.994200587
0.993764818
0.993292809
0.992783666
0.992236853
0.99165082
0.99102205
0.990344465
0.989610016
0.988809705
0.987935245
0.986979425
0.985936224
0.98480022
0.983565331
0.982224286
0.980768502
0.979189456
0.977479339
0.975632727
0.973646164
0.971517861
0.96924597
0.966826558
0.96425277
0.961513817
0.958595872
0.955482423
0.952155888
0.948598504
0.944792569
0.940720379
0.936363339
0.931700706
0.9267084
0.921358407
0.915618539
0.909452677
0.902821541
0.895682991
0.887991667
0.879697859
0.870744407
0.86106354
0.85057205
0.839167356
0.826723039
0.81308645
0.798076749
0.7814852
0.763077676
0.742600501
0.719789565
0.69438386
0.66614455
0.634877801
0.60046339
0.562885582
0.522265792
0.478892267
0.433511853
0.386314511
0.338105559
0.289955616
0.243138701
0.198994964
0.158743918
0.123304024
0.093178228
0.068437025
0.997333348
0.997112811
0.996856511
0.996574104
0.996275902
0.995968044
0.995651126
0.995321751
0.994974256
0.994602382
0.994200587
0.993764818
0.993292809
0.992783666
0.992236853
0.99165082
0.99102205
0.990344465
0.989610016
0.988809705
0.987935245
0.986979425
0.985936224
0.98480022
0.983565331
0.982224286
0.980768502
0.979189456
0.977479339
0.975632727
0.973646164
0.971517861
0.96924597
0.966826558
0.96425277
0.961513817
0.958595872
0.955482423
0.952155888
0.948598504
0.944792569
0.940720379
0.936363339
0.931700706
0.9267084
0.921358407
0.915618539
0.909452677
0.902821541
0.895682991
0.887991667
0.879697859
0.870744407
0.86106354
0.85057205
0.839167356
0.826723039
0.81308645
0.798076749
0.7814852
0.763077676
0.742600501
0.719789565
0.69438386
0.66614455
0.634877801
0.60046339
0.562885582
0.522265792
0.478892267
0.433511853
0.386314511
0.338105559
0.289955616
0.243138701
0.198994964
0.158743918
0.123304024
0.093178228
0.068437025
0.997333348
0.997112811
0.996856511
0.996574104
0.996275902
0.995968044
0.995651126
0.995321751
0.994974256
0.994602382
0.994200587
0.993764818
0.993292809
0.992783666
0.992236853
0.99165082
0.99102205
0.990344465
0.989610016
0.988809705
0.987935245
0.986979425
0.985936224
0.98480022
0.983565331
0.982224286
0.980768502
0.979189456
0.977479339
0.975632727
0.973646164
0.971517861
0.96924597
0.966826558
0.96425277
0.961513817
0.958595872
0.955482423
0.952155888
0.948598504
0.944792569
0.940720379
0.936363339
0.931700706
0.9267084
0.921358407
0.915618539
0.909452677
0.902821541
0.895682991
0.887991667
0.879697859
0.870744407
0.86106354
0.85057205
0.839167356
0.826723039
0.81308645
0.798076749
0.7814852
0.763077676
0.742600501
0.719789565
0.69438386
0.66614455
0.634877801
0.60046339
0.562885582
0.522265792
0.478892267
0.433511853
0.386314511
0.338105559
0.289955616
0.243138701
0.198994964
0.158743918
0.123304024
0.093178228
0.068437025
0.997333348
0.997112811
0.996856511
0.996574104
0.996275902
0.995968044
0.995651126
0.995321751
0.994974256
0.994602382
0.994200587
0.993764818
0.993292809
0.992783666
0.992236853
0.99165082
0.99102205
0.990344465
0.989610016
0.988809705
0.987935245
0.986979425
0.985936224
0.98480022
0.983565331
0.982224286
0.980768502
0.979189456
0.977479339
0.975632727
0.973646164
0.971517861
0.96924597
0.966826558
0.96425277
0.961513817
0.958595872
0.955482423
0.952155888
0.948598504
0.944792569
0.940720379
0.936363339
0.931700706
0.9267084
0.921358407
0.915618539
0.909452677
0.902821541
0.895682991
0.887991667
0.879697859
0.870744407
0.86106354
0.85057205
0.839167356
0.826723039
0.81308645
0.798076749
0.7814852
0.763077676
0.742600501
0.719789565
0.69438386
0.66614455
0.634877801
0.60046339
0.562885582
0.522265792
0.478892267
0.433511853
0.386314511
0.338105559
0.289955616
0.243138701
0.198994964
0.158743918
0.123304024
0.093178228
0.068437025
0.997333348
0.997112811
0.996856511
0.996574104
0.996275902
0.995968044
0.995651126
0.995321751
0.994974256
0.994602382
0.994200587
0.993764818
0.993292809
0.992783666
0.992236853
0.99165082
0.99102205
0.990344465
0.989610016
0.988809705
0.987935245
0.986979425
0.985936224
0.98480022
0.983565331
0.982224286
0.980768502
0.979189456
0.977479339
0.975632727
0.973646164
0.971517861
0.96924597
0.966826558
0.96425277
0.961513817
0.958595872
0.955482423
0.952155888
0.948598504
0.944792569
0.940720379
0.936363339
0.931700706
0.9267084
0.921358407
0.915618539
0.909452677
0.902821541
0.895682991
0.887991667
0.879697859
0.870744407
0.86106354
0.85057205
0.839167356
0.826723039
0.81308645
0.798076749
0.7814852
0.763077676
0.742600501
0.719789565
0.69438386
0.66614455
0.634877801
0.60046339
0.562885582
0.522265792
0.478892267
0.433511853
0.386314511
0.338105559
0.289955616
0.243138701
0.198994964
0.158743918
0.123304024
0.093178228
0.068437025
0.997333348
0.997112811
0.996856511
0.996574104
0.996275902
0.995968044
0.995651126
0.995321751
0.994974256
0.994602382
0.994200587
0.993764818
0.993292809
0.992783666
0.992236853
0.99165082
0.99102205
0.990344465
0.989610016
0.988809705
0.987935245
0.986979425
0.985936224
0.98480022
0.983565331
0.982224286
0.980768502
0.979189456
0.977479339
0.975632727
0.973646164
0.971517861
0.96924597
0.966826558
0.96425277
0.961513817
0.958595872
0.955482423
0.952155888
0.948598504
0.944792569
0.940720379
0.936363339
0.931700706
0.9267084
0.921358407
0.915618539
0.909452677
0.902821541
0.895682991
0.887991667
0.879697859
0.870744407
0.86106354
0.85057205
0.839167356
0.826723039
0.81308645
0.798076749
0.7814852
0.763077676
0.742600501
0.719789565
0.69438386
0.66614455
0.634877801
0.60046339
0.562885582
0.522265792
0.478892267
0.433511853
0.386314511
0.338105559
0.289955616
0.243138701
0.198994964
0.158743918
0.123304024
0.093178228
0.068437025
0.997333348
0.997112811
0.996856511
0.996574104
0.996275902
0.995968044
0.995651126
0.995321751
0.994974256
0.994602382
0.994200587
0.993764818
0.993292809
0.992783666
0.992236853
0.99165082
0.99102205
0.990344465
0.989610016
0.988809705
0.987935245
0.986979425
0.985936224
0.98480022
0.983565331
0.982224286
0.980768502
0.979189456
0.977479339
0.975632727
0.973646164
0.971517861
0.96924597
0.966826558
0.96425277
0.961513817
0.958595872
0.955482423
0.952155888
0.948598504
0.944792569
0.940720379
0.936363339
0.931700706
0.9267084
0.921358407
0.915618539
0.909452677
0.902821541
0.895682991
0.887991667
0.879697859
0.870744407
0.86106354
0.85057205
0.839167356
0.826723039
0.81308645
0.798076749
0.7814852
0.763077676
0.742600501
0.719789565
0.69438386
0.66614455
0.634877801
0.60046339
0.562885582
0.522265792
0.478892267
0.433511853
0.386314511
0.338105559
0.289955616
0.243138701
0.198994964
0.158743918
0.123304024
0.093178228
0.068437025
0.997333348
0.997112811
0.996856511
0.996574104
0.996275902
0.995968044
0.995651126
0.995321751
0.994974256
0.994602382
0.994200587
0.993764818
0.993292809
0.992783666
0.992236853
0.99165082
0.99102205
0.990344465
0.989610016
0.988809705
0.987935245
0.986979425
0.985936224
0.98480022
0.983565331
0.982224286
0.980768502
0.979189456
0.977479339
0.975632727
0.973646164
0.971517861
0.96924597
0.966826558
0.96425277
0.961513817
0.958595872
0.955482423
0.952155888
0.948598504
0.944792569
0.940720379
0.936363339
0.931700706
0.9267084
0.921358407
0.915618539
0.909452677
0.902821541
0.895682991
0.887991667
0.879697859
0.870744407
0.86106354
0.85057205
0.839167356
0.826723039
0.81308645
0.798076749
0.7814852
0.763077676
0.742600501
0.719789565
0.69438386
0.66614455
0.634877801
0.60046339
0.562885582
0.522265792
0.478892267
0.433511853
0.386314511
0.338105559
0.289955616
0.243138701
0.198994964
0.158743918
0.123304024
0.093178228
0.068437025
0.997333348
0.997112811
0.996856511
0.996574104
0.996275902
0.995968044
0.995651126
0.995321751
0.994974256
0.994602382
0.994200587
0.993764818
0.993292809
0.992783666
0.992236853
0.99165082
0.99102205
0.990344465
0.989610016
0.988809705
0.987935245
0.986979425
0.985936224
0.98480022
0.983565331
0.982224286
0.980768502
0.979189456
0.977479339
0.975632727
0.973646164
0.971517861
0.96924597
0.966826558
0.96425277
0.961513817
0.958595872
0.955482423
0.952155888
0.948598504
0.944792569
0.940720379
0.936363339
0.931700706
0.9267084
0.921358407
0.915618539
0.909452677
0.902821541
0.895682991
0.887991667
0.879697859
0.870744407
0.86106354
0.85057205
0.839167356
0.826723039
0.81308645
0.798076749
0.7814852
0.763077676
0.742600501
0.719789565
0.69438386
0.66614455
0.634877801
0.60046339
0.562885582
0.522265792
0.478892267
0.433511853
0.386314511
0.338105559
0.289955616
0.243138701
0.198994964
0.158743918
0.123304024
0.093178228
0.068437025
0.997333348
0.997112811
0.996856511
0.996574104
0.996275902
0.995968044
0.995651126
0.995321751
0.994974256
0.994602382
0.994200587
0.993764818
0.993292809
0.992783666
0.992236853
0.99165082
0.99102205
0.990344465
0.989610016
0.988809705
0.987935245
0.986979425
0.985936224
0.98480022
0.983565331
0.982224286
0.980768502
0.979189456
0.977479339
0.975632727
0.973646164
0.971517861
0.96924597
0.966826558
0.96425277
0.961513817
0.958595872
0.955482423
0.952155888
0.948598504
0.944792569
0.940720379
0.936363339
0.931700706
0.9267084
0.921358407
0.915618539
0.909452677
0.902821541
0.895682991
0.887991667
0.879697859
0.870744407
0.86106354
0.85057205
0.839167356
0.826723039
0.81308645
0.798076749
0.7814852
0.763077676
0.742600501
0.719789565
0.69438386
0.66614455
0.634877801
0.60046339
0.562885582
0.522265792
0.478892267
0.433511853
0.386314511
0.338105559
0.289955616
0.243138701
0.198994964
0.158743918
0.123304024
0.093178228
0.068437025
0.997333348
0.997112811
0.996856511
0.996574104
0.996275902
0.995968044
0.995651126
0.995321751
0.994974256
0.994602382
0.994200587
0.993764818
0.993292809
0.992783666
0.992236853
0.99165082
0.99102205
0.990344465
0.989610016
0.988809705
0.987935245
0.986979425
0.985936224
0.98480022
0.983565331
0.982224286
0.980768502
0.979189456
0.977479339
0.975632727
0.973646164
0.971517861
0.96924597
0.966826558
0.96425277
0.961513817
0.958595872
0.955482423
0.952155888
0.948598504
0.944792569
0.940720379
0.936363339
0.931700706
0.9267084
0.921358407
0.915618539
0.909452677
0.902821541
0.895682991
0.887991667
0.879697859
0.870744407
0.86106354
0.85057205
0.839167356
0.826723039
0.81308645
0.798076749
0.7814852
0.763077676
0.742600501
0.719789565
0.69438386
0.66614455
0.634877801
0.60046339
0.562885582
0.522265792
0.478892267
0.433511853
0.386314511
0.338105559
0.289955616
0.243138701
0.198994964
0.158743918
0.123304024
0.093178228
0.068437025
0.997333348
0.997112811
0.996856511
0.996574104
0.996275902
0.995968044
0.995651126
0.995321751
0.994974256
0.994602382
0.994200587
0.993764818
0.993292809
0.992783666
0.992236853
0.99165082
0.99102205
0.990344465
0.989610016
0.988809705
0.987935245
0.986979425
0.985936224
0.98480022
0.983565331
0.982224286
0.980768502
0.979189456
0.977479339
0.975632727
0.973646164
0.971517861
0.96924597
0.966826558
0.96425277
0.961513817
0.958595872
0.955482423
0.952155888
0.948598504
0.944792569
0.940720379
0.936363339
0.931700706
0.9267084
0.921358407
0.915618539
0.909452677
0.902821541
0.895682991
0.887991667
0.879697859
0.870744407
0.86106354
0.85057205
0.839167356
0.826723039
0.81308645
0.798076749
0.7814852
0.763077676
0.742600501
0.719789565
0.69438386
0.66614455
0.634877801
0.60046339
0.562885582
0.522265792
0.478892267
0.433511853
0.386314511
0.338105559
0.289955616
0.243138701
0.198994964
0.158743918
0.123304024
0.093178228
0.068437025
0.997333348
0.997112811
0.996856511
0.996574104
0.996275902
0.995968044
0.995651126
0.995321751
0.994974256
0.994602382
0.994200587
0.993764818
0.993292809
0.992783666
0.992236853
0.99165082
0.99102205
0.990344465
0.989610016
0.988809705
0.987935245
0.986979425
0.985936224
0.98480022
0.983565331
0.982224286
0.980768502
0.979189456
0.977479339
0.975632727
0.973646164
0.971517861
0.96924597
0.966826558
0.96425277
0.961513817
0.958595872
0.955482423
0.952155888
0.948598504
0.944792569
0.940720379
0.936363339
0.931700706
0.9267084
0.921358407
0.915618539
0.909452677
0.902821541
0.895682991
0.887991667
0.879697859
0.870744407
0.86106354
0.85057205
0.839167356
0.826723039
0.81308645
0.798076749
0.7814852
0.763077676
0.742600501
0.719789565
0.69438386
0.66614455
0.634877801
0.60046339
0.562885582
0.522265792
0.478892267
0.433511853
0.386314511
0.338105559
0.289955616
0.243138701
0.198994964
0.158743918
0.123304024
0.093178228
0.068437025
0.997333348
0.997112811
0.996856511
0.996574104
0.996275902
0.995968044
0.995651126
0.995321751
0.994974256
0.994602382
0.994200587
0.993764818
0.993292809
0.992783666
0.992236853
0.99165082
0.99102205
0.990344465
0.989610016
0.988809705
0.987935245
0.986979425
0.985936224
0.98480022
0.983565331
0.982224286
0.980768502
0.979189456
0.977479339
0.975632727
0.973646164
0.971517861
0.96924597
0.966826558
0.96425277
0.961513817
0.958595872
0.955482423
0.952155888
0.948598504
0.944792569
0.940720379
0.936363339
0.931700706
0.9267084
0.921358407
0.915618539
0.909452677
0.902821541
0.895682991
0.887991667
0.879697859
0.870744407
0.86106354
0.85057205
0.839167356
0.826723039
0.81308645
0.798076749
0.7814852
0.763077676
0.742600501
0.719789565
0.69438386
0.66614455
0.634877801
0.60046339
0.562885582
0.522265792
0.478892267
0.433511853
0.386314511
0.338105559
0.289955616
0.243138701
0.198994964
0.158743918
0.123304024
0.093178228
0.068437025
0.997333348
0.997112811
0.996856511
0.996574104
0.996275902
0.995968044
0.995651126
0.995321751
0.994974256
0.994602382
0.994200587
0.993764818
0.993292809
0.992783666
0.992236853
0.99165082
0.99102205
0.990344465
0.989610016
0.988809705
0.987935245
0.986979425
0.985936224
0.98480022
0.983565331
0.982224286
0.980768502
0.979189456
0.977479339
0.975632727
0.973646164
0.971517861
0.96924597
0.966826558
0.96425277
0.961513817
0.958595872
0.955482423
0.952155888
0.948598504
0.944792569
0.940720379
0.936363339
0.931700706
0.9267084
0.921358407
0.915618539
0.909452677
0.902821541
0.895682991
0.887991667
0.879697859
0.870744407
0.86106354
0.85057205
0.839167356
0.826723039
0.81308645
0.798076749
0.7814852
0.763077676
0.742600501
0.719789565
0.69438386
0.66614455
0.634877801
0.60046339
0.562885582
0.522265792
0.478892267
0.433511853
0.386314511
0.338105559
0.289955616
0.243138701
0.198994964
0.158743918
0.123304024
0.093178228
0.068437025
0.997333348
0.997112811
0.996856511
0.996574104
0.996275902
0.995968044
0.995651126
0.995321751
0.994974256
0.994602382
0.994200587
0.993764818
0.993292809
0.992783666
0.992236853
0.99165082
0.99102205
0.990344465
0.989610016
0.988809705
0.987935245
0.986979425
0.985936224
0.98480022
0.983565331
0.982224286
0.980768502
0.979189456
0.977479339
0.975632727
0.973646164
0.971517861
0.96924597
0.966826558
0.96425277
0.961513817
0.958595872
0.955482423
0.952155888
0.948598504
0.944792569
0.940720379
0.936363339
0.931700706
0.9267084
0.921358407
0.915618539
0.909452677
0.902821541
0.895682991
0.887991667
0.879697859
0.870744407
0.86106354
0.85057205
0.839167356
0.826723039
0.81308645
0.798076749
0.7814852
0.763077676
0.742600501
0.719789565
0.69438386
0.66614455
0.634877801
0.60046339
0.562885582
0.522265792
0.478892267
0.433511853
0.386314511
0.338105559
0.289955616
0.243138701
0.198994964
0.158743918
0.123304024
0.093178228
0.068437025
0.997333348
0.997112811
0.996856511
0.996574104
0.996275902
0.995968044
0.995651126
0.995321751
0.994974256
0.994602382
0.994200587
0.993764818
0.993292809
0.992783666
0.992236853
0.99165082
0.99102205
0.990344465
0.989610016
0.988809705
0.987935245
0.986979425
0.985936224
0.98480022
0.983565331
0.982224286
0.980768502
0.979189456
0.977479339
0.975632727
0.973646164
0.971517861
0.96924597
0.966826558
0.96425277
0.961513817
0.958595872
0.955482423
0.952155888
0.948598504
0.944792569
0.940720379
0.936363339
0.931700706
0.9267084
0.921358407
0.915618539
0.909452677
0.902821541
0.895682991
0.887991667
0.879697859
0.870744407
0.86106354
0.85057205
0.839167356
0.826723039
0.81308645
0.798076749
0.7814852
0.763077676
0.742600501
0.719789565
0.69438386
0.66614455
0.634877801
0.60046339
0.562885582
0.522265792
0.478892267
0.433511853
0.386314511
0.338105559
0.289955616
0.243138701
0.198994964
0.158743918
0.123304024
0.093178228
0.068437025
0.997333348
0.997112811
0.996856511
0.996574104
0.996275902
0.995968044
0.995651126
0.995321751
0.994974256
0.994602382
0.994200587
0.993764818
0.993292809
0.992783666
0.992236853
0.99165082
0.99102205
0.990344465
0.989610016
0.988809705
0.987935245
0.986979425
0.985936224
0.98480022
0.983565331
0.982224286
0.980768502
0.979189456
0.977479339
0.975632727
0.973646164
0.971517861
0.96924597
0.966826558
0.96425277
0.961513817
0.958595872
0.955482423
0.952155888
0.948598504
0.944792569
0.940720379
0.936363339
0.931700706
0.9267084
0.921358407
0.915618539
0.909452677
0.902821541
0.895682991
0.887991667
0.879697859
0.870744407
0.86106354
0.85057205
0.839167356
0.826723039
0.81308645
0.798076749
0.7814852
0.763077676
0.742600501
0.719789565
0.69438386
0.66614455
0.634877801
0.60046339
0.562885582
0.522265792
0.478892267
0.433511853
0.386314511
0.338105559
0.289955616
0.243138701
0.198994964
0.158743918
0.123304024
0.093178228
0.068437025
0.997333348
0.997112811
0.996856511
0.996574104
0.996275902
0.995968044
0.995651126
0.995321751
0.994974256
0.994602382
0.994200587
0.993764818
0.993292809
0.992783666
0.992236853
0.99165082
0.99102205
0.990344465
0.989610016
0.988809705
0.987935245
0.986979425
0.985936224
0.98480022
0.983565331
0.982224286
0.980768502
0.979189456
0.977479339
0.975632727
0.973646164
0.971517861
0.96924597
0.966826558
0.96425277
0.961513817
0.958595872
0.955482423
0.952155888
0.948598504
0.944792569
0.940720379
0.936363339
0.931700706
0.9267084
0.921358407
0.915618539
0.909452677
0.902821541
0.895682991
0.887991667
0.879697859
0.870744407
0.86106354
0.85057205
0.839167356
0.826723039
0.81308645
0.798076749
0.7814852
0.763077676
0.742600501
0.719789565
0.69438386
0.66614455
0.634877801
0.60046339
0.562885582
0.522265792
0.478892267
0.433511853
0.386314511
0.338105559
0.289955616
0.243138701
0.198994964
0.158743918
0.123304024
0.093178228
0.068437025
0.997333348
0.997112811
0.996856511
0.996574104
0.996275902
0.995968044
0.995651126
0.995321751
0.994974256
0.994602382
0.994200587
0.993764818
0.993292809
0.992783666
0.992236853
0.99165082
0.99102205
0.990344465
0.989610016
0.988809705
0.987935245
0.986979425
0.985936224
0.98480022
0.983565331
0.982224286
0.980768502
0.979189456
0.977479339
0.975632727
0.973646164
0.971517861
0.96924597
0.966826558
0.96425277
0.961513817
0.958595872
0.955482423
0.952155888
0.948598504
0.944792569
0.940720379
0.936363339
0.931700706
0.9267084
0.921358407
0.915618539
0.909452677
0.902821541
0.895682991
0.887991667
0.879697859
0.870744407
0.86106354
0.85057205
0.839167356
0.826723039
0.81308645
0.798076749
0.7814852
0.763077676
0.742600501
0.719789565
0.69438386
0.66614455
0.634877801
0.60046339
0.562885582
0.522265792
0.478892267
0.433511853
0.386314511
0.338105559
0.289955616
0.243138701
0.198994964
0.158743918
0.123304024
0.093178228
0.068437025
0.997333348
0.997112811
0.996856511
0.996574104
0.996275902
0.995968044
0.995651126
0.995321751
0.994974256
0.994602382
0.994200587
0.993764818
0.993292809
0.992783666
0.992236853
0.99165082
0.99102205
0.990344465
0.989610016
0.988809705
0.987935245
0.986979425
0.985936224
0.98480022
0.983565331
0.982224286
0.980768502
0.979189456
0.977479339
0.975632727
0.973646164
0.971517861
0.96924597
0.966826558
0.96425277
0.961513817
0.958595872
0.955482423
0.952155888
0.948598504
0.944792569
0.940720379
0.936363339
0.931700706
0.9267084
0.921358407
0.915618539
0.909452677
0.902821541
0.895682991
0.887991667
0.879697859
0.870744407
0.86106354
0.85057205
0.839167356
0.826723039
0.81308645
0.798076749
0.7814852
0.763077676
0.742600501
0.719789565
0.69438386
0.66614455
0.634877801
0.60046339
0.562885582
0.522265792
0.478892267
0.433511853
0.386314511
0.338105559
0.289955616
0.243138701
0.198994964
0.158743918
0.123304024
0.093178228
0.068437025
0.997333348
0.997112811
0.996856511
0.996574104
0.996275902
0.995968044
0.995651126
0.995321751
0.994974256
0.994602382
0.994200587
0.993764818
0.993292809
0.992783666
0.992236853
0.99165082
0.99102205
0.990344465
0.989610016
0.988809705
0.987935245
0.986979425
0.985936224
0.98480022
0.983565331
0.982224286
0.980768502
0.979189456
0.977479339
0.975632727
0.973646164
0.971517861
0.96924597
0.966826558
0.96425277
0.961513817
0.958595872
0.955482423
0.952155888
0.948598504
0.944792569
0.940720379
0.936363339
0.931700706
0.9267084
0.921358407
0.915618539
0.909452677
0.902821541
0.895682991
0.887991667
0.879697859
0.870744407
0.86106354
0.85057205
0.839167356
0.826723039
0.81308645
0.798076749
0.7814852
0.763077676
0.742600501
0.719789565
0.69438386
0.66614455
0.634877801
0.60046339
0.562885582
0.522265792
0.478892267
0.433511853
0.386314511
0.338105559
0.289955616
0.243138701
0.198994964
0.158743918
0.123304024
0.093178228
0.068437025
0.997333348
0.997112811
0.996856511
0.996574104
0.996275902
0.995968044
0.995651126
0.995321751
0.994974256
0.994602382
0.994200587
0.993764818
0.993292809
0.992783666
0.992236853
0.99165082
0.99102205
0.990344465
0.989610016
0.988809705
0.987935245
0.986979425
0.985936224
0.98480022
0.983565331
0.982224286
0.980768502
0.979189456
0.977479339
0.975632727
0.973646164
0.971517861
0.96924597
0.966826558
0.96425277
0.961513817
0.958595872
0.955482423
0.952155888
0.948598504
0.944792569
0.940720379
0.936363339
0.931700706
0.9267084
0.921358407
0.915618539
0.909452677
0.902821541
0.895682991
0.887991667
0.879697859
0.870744407
0.86106354
0.85057205
0.839167356
0.826723039
0.81308645
0.798076749
0.7814852
0.763077676
0.742600501
0.719789565
0.69438386
0.66614455
0.634877801
0.60046339
0.562885582
0.522265792
0.478892267
0.433511853
0.386314511
0.338105559
0.289955616
0.243138701
0.198994964
0.158743918
0.123304024
0.093178228
0.068437025
0.997333348
0.997112811
0.996856511
0.996574104
0.996275902
0.995968044
0.995651126
0.995321751
0.994974256
0.994602382
0.994200587
0.993764818
0.993292809
0.992783666
0.992236853
0.99165082
0.99102205
0.990344465
0.989610016
0.988809705
0.987935245
0.986979425
0.985936224
0.98480022
0.983565331
0.982224286
0.980768502
0.979189456
0.977479339
0.975632727
0.973646164
0.971517861
0.96924597
0.966826558
0.96425277
0.961513817
0.958595872
0.955482423
0.952155888
0.948598504
0.944792569
0.940720379
0.936363339
0.931700706
0.9267084
0.921358407
0.915618539
0.909452677
0.902821541
0.895682991
0.887991667
0.879697859
0.870744407
0.86106354
0.85057205
0.839167356
0.826723039
0.81308645
0.798076749
0.7814852
0.763077676
0.742600501
0.719789565
0.69438386
0.66614455
0.634877801
0.60046339
0.562885582
0.522265792
0.478892267
0.433511853
0.386314511
0.338105559
0.289955616
0.243138701
0.198994964
0.158743918
0.123304024
0.093178228
0.068437025
0.997333348
0.997112811
0.996856511
0.996574104
0.996275902
0.995968044
0.995651126
0.995321751
0.994974256
0.994602382
0.994200587
0.993764818
0.993292809
0.992783666
0.992236853
0.99165082
0.99102205
0.990344465
0.989610016
0.988809705
0.987935245
0.986979425
0.985936224
0.98480022
0.983565331
0.982224286
0.980768502
0.979189456
0.977479339
0.975632727
0.973646164
0.971517861
0.96924597
0.966826558
0.96425277
0.961513817
0.958595872
0.955482423
0.952155888
0.948598504
0.944792569
0.940720379
0.936363339
0.931700706
0.9267084
0.921358407
0.915618539
0.909452677
0.902821541
0.895682991
0.887991667
0.879697859
0.870744407
0.86106354
0.85057205
0.839167356
0.826723039
0.81308645
0.798076749
0.7814852
0.763077676
0.742600501
0.719789565
0.69438386
0.66614455
0.634877801
0.60046339
0.562885582
0.522265792
0.478892267
0.433511853
0.386314511
0.338105559
0.289955616
0.243138701
0.198994964
0.158743918
0.123304024
0.093178228
0.068437025
0.997333348
0.997112811
0.996856511
0.996574104
0.996275902
0.995968044
0.995651126
0.995321751
0.994974256
0.994602382
0.994200587
0.993764818
0.993292809
0.992783666
0.992236853
0.99165082
0.99102205
0.990344465
0.989610016
0.988809705
0.987935245
0.986979425
0.985936224
0.98480022
0.983565331
0.982224286
0.980768502
0.979189456
0.977479339
0.975632727
0.973646164
0.971517861
0.96924597
0.966826558
0.96425277
0.961513817
0.958595872
0.955482423
0.952155888
0.948598504
0.944792569
0.940720379
0.936363339
0.931700706
0.9267084
0.921358407
0.915618539
0.909452677
0.902821541
0.895682991
0.887991667
0.879697859
0.870744407
0.86106354
0.85057205
0.839167356
0.826723039
0.81308645
0.798076749
0.7814852
0.763077676
0.742600501
0.719789565
0.69438386
0.66614455
0.634877801
0.60046339
0.562885582
0.522265792
0.478892267
0.433511853
0.386314511
0.338105559
0.289955616
0.243138701
0.198994964
0.158743918
0.123304024
0.093178228
0.068437025
0.997333348
0.997112811
0.996856511
0.996574104
0.996275902
0.995968044
0.995651126
0.995321751
0.994974256
0.994602382
0.994200587
0.993764818
0.993292809
0.992783666
0.992236853
0.99165082
0.99102205
0.990344465
0.989610016
0.988809705
0.987935245
0.986979425
0.985936224
0.98480022
0.983565331
0.982224286
0.980768502
0.979189456
0.977479339
0.975632727
0.973646164
0.971517861
0.96924597
0.966826558
0.96425277
0.961513817
0.958595872
0.955482423
0.952155888
0.948598504
0.944792569
0.940720379
0.936363339
0.931700706
0.9267084
0.921358407
0.915618539
0.909452677
0.902821541
0.895682991
0.887991667
0.879697859
0.870744407
0.86106354
0.85057205
0.839167356
0.826723039
0.81308645
0.798076749
0.7814852
0.763077676
0.742600501
0.719789565
0.69438386
0.66614455
0.634877801
0.60046339
0.562885582
0.522265792
0.478892267
0.433511853
0.386314511
0.338105559
0.289955616
0.243138701
0.198994964
0.158743918
0.123304024
0.093178228
0.068437025
0.997333348
0.997112811
0.996856511
0.996574104
0.996275902
0.995968044
0.995651126
0.995321751
0.994974256
0.994602382
0.994200587
0.993764818
0.993292809
0.992783666
0.992236853
0.99165082
0.99102205
0.990344465
0.989610016
0.988809705
0.987935245
0.986979425
0.985936224
0.98480022
0.983565331
0.982224286
0.980768502
0.979189456
0.977479339
0.975632727
0.973646164
0.971517861
0.96924597
0.966826558
0.96425277
0.961513817
0.958595872
0.955482423
0.952155888
0.948598504
0.944792569
0.940720379
0.936363339
0.931700706
0.9267084
0.921358407
0.915618539
0.909452677
0.902821541
0.895682991
0.887991667
0.879697859
0.870744407
0.86106354
0.85057205
0.839167356
0.826723039
0.81308645
0.798076749
0.7814852
0.763077676
0.742600501
0.719789565
0.69438386
0.66614455
0.634877801
0.60046339
0.562885582
0.522265792
0.478892267
0.433511853
0.386314511
0.338105559
0.289955616
0.243138701
0.198994964
0.158743918
0.123304024
0.093178228
0.068437025
0.997333348
0.997112811
0.996856511
0.996574104
0.996275902
0.995968044
0.995651126
0.995321751
0.994974256
0.994602382
0.994200587
0.993764818
0.993292809
0.992783666
0.992236853
0.99165082
0.99102205
0.990344465
0.989610016
0.988809705
0.987935245
0.986979425
0.985936224
0.98480022
0.983565331
0.982224286
0.980768502
0.979189456
0.977479339
0.975632727
0.973646164
0.971517861
0.96924597
0.966826558
0.96425277
0.961513817
0.958595872
0.955482423
0.952155888
0.948598504
0.944792569
0.940720379
0.936363339
0.931700706
0.9267084
0.921358407
0.915618539
0.909452677
0.902821541
0.895682991
0.887991667
0.879697859
0.870744407
0.86106354
0.85057205
0.839167356
0.826723039
0.81308645
0.798076749
0.7814852
0.763077676
0.742600501
0.719789565
0.69438386
0.66614455
0.634877801
0.60046339
0.562885582
0.522265792
0.478892267
0.433511853
0.386314511
0.338105559
0.289955616
0.243138701
0.198994964
0.158743918
0.123304024
0.093178228
0.068437025
0.997333348
0.997112811
0.996856511
0.996574104
0.996275902
0.995968044
0.995651126
0.995321751
0.994974256
0.994602382
0.994200587
0.993764818
0.993292809
0.992783666
0.992236853
0.99165082
0.99102205
0.990344465
0.989610016
0.988809705
0.987935245
0.986979425
0.985936224
0.98480022
0.983565331
0.982224286
0.980768502
0.979189456
0.977479339
0.975632727
0.973646164
0.971517861
0.96924597
0.966826558
0.96425277
0.961513817
0.958595872
0.955482423
0.952155888
0.948598504
0.944792569
0.940720379
0.936363339
0.931700706
0.9267084
0.921358407
0.915618539
0.909452677
0.902821541
0.895682991
0.887991667
0.879697859
0.870744407
0.86106354
0.85057205
0.839167356
0.826723039
0.81308645
0.798076749
0.7814852
0.763077676
0.742600501
0.719789565
0.69438386
0.66614455
0.634877801
0.60046339
0.562885582
0.522265792
0.478892267
0.433511853
0.386314511
0.338105559
0.289955616
0.243138701
0.198994964
0.158743918
0.123304024
0.093178228
0.068437025
0.997333348
0.997112811
0.996856511
0.996574104
0.996275902
0.995968044
0.995651126
0.995321751
0.994974256
0.994602382
0.994200587
0.993764818
0.993292809
0.992783666
0.992236853
0.99165082
0.99102205
0.990344465
0.989610016
0.988809705
0.987935245
0.986979425
0.985936224
0.98480022
0.983565331
0.982224286
0.980768502
0.979189456
0.977479339
0.975632727
0.973646164
0.971517861
0.96924597
0.966826558
0.96425277
0.961513817
0.958595872
0.955482423
0.952155888
0.948598504
0.944792569
0.940720379
0.936363339
0.931700706
0.9267084
0.921358407
0.915618539
0.909452677
0.902821541
0.895682991
0.887991667
0.879697859
0.870744407
0.86106354
0.85057205
0.839167356
0.826723039
0.81308645
0.798076749
0.7814852
0.763077676
0.742600501
0.719789565
0.69438386
0.66614455
0.634877801
0.60046339
0.562885582
0.522265792
0.478892267
0.433511853
0.386314511
0.338105559
0.289955616
0.243138701
0.198994964
0.158743918
0.123304024
0.093178228
0.068437025
0.997333348
0.997112811
0.996856511
0.996574104
0.996275902
0.995968044
0.995651126
0.995321751
0.994974256
0.994602382
0.994200587
0.993764818
0.993292809
0.992783666
0.992236853
0.99165082
0.99102205
0.990344465
0.989610016
0.988809705
0.987935245
0.986979425
0.985936224
0.98480022
0.983565331
0.982224286
0.980768502
0.979189456
0.977479339
0.975632727
0.973646164
0.971517861
0.96924597
0.966826558
0.96425277
0.961513817
0.958595872
0.955482423
0.952155888
0.948598504
0.944792569
0.940720379
0.936363339
0.931700706
0.9267084
0.921358407
0.915618539
0.909452677
0.902821541
0.895682991
0.887991667
0.879697859
0.870744407
0.86106354
0.85057205
0.839167356
0.826723039
0.81308645
0.798076749
0.7814852
0.763077676
0.742600501
0.719789565
0.69438386
0.66614455
0.634877801
0.60046339
0.562885582
0.522265792
0.478892267
0.433511853
0.386314511
0.338105559
0.289955616
0.243138701
0.198994964
0.158743918
0.123304024
0.093178228
0.068437025
0.997333348
0.997112811
0.996856511
0.996574104
0.996275902
0.995968044
0.995651126
0.995321751
0.994974256
0.994602382
0.994200587
0.993764818
0.993292809
0.992783666
0.992236853
0.99165082
0.99102205
0.990344465
0.989610016
0.988809705
0.987935245
0.986979425
0.985936224
0.98480022
0.983565331
0.982224286
0.980768502
0.979189456
0.977479339
0.975632727
0.973646164
0.971517861
0.96924597
0.966826558
0.96425277
0.961513817
0.958595872
0.955482423
0.952155888
0.948598504
0.944792569
0.940720379
0.936363339
0.931700706
0.9267084
0.921358407
0.915618539
0.909452677
0.902821541
0.895682991
0.887991667
0.879697859
0.870744407
0.86106354
0.85057205
0.839167356
0.826723039
0.81308645
0.798076749
0.7814852
0.763077676
0.742600501
0.719789565
0.69438386
0.66614455
0.634877801
0.60046339
0.562885582
0.522265792
0.478892267
0.433511853
0.386314511
0.338105559
0.289955616
0.243138701
0.198994964
0.158743918
0.123304024
0.093178228
0.068437025
0.997333348
0.997112811
0.996856511
0.996574104
0.996275902
0.995968044
0.995651126
0.995321751
0.994974256
0.994602382
0.994200587
0.993764818
0.993292809
0.992783666
0.992236853
0.99165082
0.99102205
0.990344465
0.989610016
0.988809705
0.987935245
0.986979425
0.985936224
0.98480022
0.983565331
0.982224286
0.980768502
0.979189456
0.977479339
0.975632727
0.973646164
0.971517861
0.96924597
0.966826558
0.96425277
0.961513817
0.958595872
0.955482423
0.952155888
0.948598504
0.944792569
0.940720379
0.936363339
0.931700706
0.9267084
0.921358407
0.915618539
0.909452677
0.902821541
0.895682991
0.887991667
0.879697859
0.870744407
0.86106354
0.85057205
0.839167356
0.826723039
0.81308645
0.798076749
0.7814852
0.763077676
0.742600501
0.719789565
0.69438386
0.66614455
0.634877801
0.60046339
0.562885582
0.522265792
0.478892267
0.433511853
0.386314511
0.338105559
0.289955616
0.243138701
0.198994964
0.158743918
0.123304024
0.093178228
0.068437025
0.997333348
0.997112811
0.996856511
0.996574104
0.996275902
0.995968044
0.995651126
0.995321751
0.994974256
0.994602382
0.994200587
0.993764818
0.993292809
0.992783666
0.992236853
0.99165082
0.99102205
0.990344465
0.989610016
0.988809705
0.987935245
0.986979425
0.985936224
0.98480022
0.983565331
0.982224286
0.980768502
0.979189456
0.977479339
0.975632727
0.973646164
0.971517861
0.96924597
0.966826558
0.96425277
0.961513817
0.958595872
0.955482423
0.952155888
0.948598504
0.944792569
0.940720379
0.936363339
0.931700706
0.9267084
0.921358407
0.915618539
0.909452677
0.902821541
0.895682991
0.887991667
0.879697859
0.870744407
0.86106354
0.85057205
0.839167356
0.826723039
0.81308645
0.798076749
0.7814852
0.763077676
0.742600501
0.719789565
0.69438386
0.66614455
0.634877801
0.60046339
0.562885582
0.522265792
0.478892267
0.433511853
0.386314511
0.338105559
0.289955616
0.243138701
0.198994964
0.158743918
0.123304024
0.093178228
0.068437025
0.997333348
0.997112811
0.996856511
0.996574104
0.996275902
0.995968044
0.995651126
0.995321751
0.994974256
0.994602382
0.994200587
0.993764818
0.993292809
0.992783666
0.992236853
0.99165082
0.99102205
0.990344465
0.989610016
0.988809705
0.987935245
0.986979425
0.985936224
0.98480022
0.983565331
0.982224286
0.980768502
0.979189456
0.977479339
0.975632727
0.973646164
0.971517861
0.96924597
0.966826558
0.96425277
0.961513817
0.958595872
0.955482423
0.952155888
0.948598504
0.944792569
0.940720379
0.936363339
0.931700706
0.9267084
0.921358407
0.915618539
0.909452677
0.902821541
0.895682991
0.887991667
0.879697859
0.870744407
0.86106354
0.85057205
0.839167356
0.826723039
0.81308645
0.798076749
0.7814852
0.763077676
0.742600501
0.719789565
0.69438386
0.66614455
0.634877801
0.60046339
0.562885582
0.522265792
0.478892267
0.433511853
0.386314511
0.338105559
0.289955616
0.243138701
0.198994964
0.158743918
0.123304024
0.093178228
0.068437025
0.997333348
0.997112811
0.996856511
0.996574104
0.996275902
0.995968044
0.995651126
0.995321751
0.994974256
0.994602382
0.994200587
0.993764818
0.993292809
0.992783666
0.992236853
0.99165082
0.99102205
0.990344465
0.989610016
0.988809705
0.987935245
0.986979425
0.985936224
0.98480022
0.983565331
0.982224286
0.980768502
0.979189456
0.977479339
0.975632727
0.973646164
0.971517861
0.96924597
0.966826558
0.96425277
0.961513817
0.958595872
0.955482423
0.952155888
0.948598504
0.944792569
0.940720379
0.936363339
0.931700706
0.9267084
0.921358407
0.915618539
0.909452677
0.902821541
0.895682991
0.887991667
0.879697859
0.870744407
0.86106354
0.85057205
0.839167356
0.826723039
0.81308645
0.798076749
0.7814852
0.763077676
0.742600501
0.719789565
0.69438386
0.66614455
0.634877801
0.60046339
0.562885582
0.522265792
0.478892267
0.433511853
0.386314511
0.338105559
0.289955616
0.243138701
0.198994964
0.158743918
0.123304024
0.093178228
0.068437025
0.997333348
0.997112811
0.996856511
0.996574104
0.996275902
0.995968044
0.995651126
0.995321751
0.994974256
0.994602382
0.994200587
0.993764818
0.993292809
0.992783666
0.992236853
0.99165082
0.99102205
0.990344465
0.989610016
0.988809705
0.987935245
0.986979425
0.985936224
0.98480022
0.983565331
0.982224286
0.980768502
0.979189456
0.977479339
0.975632727
0.973646164
0.971517861
0.96924597
0.966826558
0.96425277
0.961513817
0.958595872
0.955482423
0.952155888
0.948598504
0.944792569
0.940720379
0.936363339
0.931700706
0.9267084
0.921358407
0.915618539
0.909452677
0.902821541
0.895682991
0.887991667
0.879697859
0.870744407
0.86106354
0.85057205
0.839167356
0.826723039
0.81308645
0.798076749
0.7814852
0.763077676
0.742600501
0.719789565
0.69438386
0.66614455
0.634877801
0.60046339
0.562885582
0.522265792
0.478892267
0.433511853
0.386314511
0.338105559
0.289955616
0.243138701
0.198994964
0.158743918
0.123304024
0.093178228
0.068437025
0.997333348
0.997112811
0.996856511
0.996574104
0.996275902
0.995968044
0.995651126
0.995321751
0.994974256
0.994602382
0.994200587
0.993764818
0.993292809
0.992783666
0.992236853
0.99165082
0.99102205
0.990344465
0.989610016
0.988809705
0.987935245
0.986979425
0.985936224
0.98480022
0.983565331
0.982224286
0.980768502
0.979189456
0.977479339
0.975632727
0.973646164
0.971517861
0.96924597
0.966826558
0.96425277
0.961513817
0.958595872
0.955482423
0.952155888
0.948598504
0.944792569
0.940720379
0.936363339
0.931700706
0.9267084
0.921358407
0.915618539
0.909452677
0.902821541
0.895682991
0.887991667
0.879697859
0.870744407
0.86106354
0.85057205
0.839167356
0.826723039
0.81308645
0.798076749
0.7814852
0.763077676
0.742600501
0.719789565
0.69438386
0.66614455
0.634877801
0.60046339
0.562885582
0.522265792
0.478892267
0.433511853
0.386314511
0.338105559
0.289955616
0.243138701
0.198994964
0.158743918
0.123304024
0.093178228
0.068437025
0.997333348
0.997112811
0.996856511
0.996574104
0.996275902
0.995968044
0.995651126
0.995321751
0.994974256
0.994602382
0.994200587
0.993764818
0.993292809
0.992783666
0.992236853
0.99165082
0.99102205
0.990344465
0.989610016
0.988809705
0.987935245
0.986979425
0.985936224
0.98480022
0.983565331
0.982224286
0.980768502
0.979189456
0.977479339
0.975632727
0.973646164
0.971517861
0.96924597
0.966826558
0.96425277
0.961513817
0.958595872
0.955482423
0.952155888
0.948598504
0.944792569
0.940720379
0.936363339
0.931700706
0.9267084
0.921358407
0.915618539
0.909452677
0.902821541
0.895682991
0.887991667
0.879697859
0.870744407
0.86106354
0.85057205
0.839167356
0.826723039
0.81308645
0.798076749
0.7814852
0.763077676
0.742600501
0.719789565
0.69438386
0.66614455
0.634877801
0.60046339
0.562885582
0.522265792
0.478892267
0.433511853
0.386314511
0.338105559
0.289955616
0.243138701
0.198994964
0.158743918
0.123304024
0.093178228
0.068437025
0.997333348
0.997112811
0.996856511
0.996574104
0.996275902
0.995968044
0.995651126
0.995321751
0.994974256
0.994602382
0.994200587
0.993764818
0.993292809
0.992783666
0.992236853
0.99165082
0.99102205
0.990344465
0.989610016
0.988809705
0.987935245
0.986979425
0.985936224
0.98480022
0.983565331
0.982224286
0.980768502
0.979189456
0.977479339
0.975632727
0.973646164
0.971517861
0.96924597
0.966826558
0.96425277
0.961513817
0.958595872
0.955482423
0.952155888
0.948598504
0.944792569
0.940720379
0.936363339
0.931700706
0.9267084
0.921358407
0.915618539
0.909452677
0.902821541
0.895682991
0.887991667
0.879697859
0.870744407
0.86106354
0.85057205
0.839167356
0.826723039
0.81308645
0.798076749
0.7814852
0.763077676
0.742600501
0.719789565
0.69438386
0.66614455
0.634877801
0.60046339
0.562885582
0.522265792
0.478892267
0.433511853
0.386314511
0.338105559
0.289955616
0.243138701
0.198994964
0.158743918
0.123304024
0.093178228
0.068437025
0.997333348
0.997112811
0.996856511
0.996574104
0.996275902
0.995968044
0.995651126
0.995321751
0.994974256
0.994602382
0.994200587
0.993764818
0.993292809
0.992783666
0.992236853
0.99165082
0.99102205
0.990344465
0.989610016
0.988809705
0.987935245
0.986979425
0.985936224
0.98480022
0.983565331
0.982224286
0.980768502
0.979189456
0.977479339
0.975632727
0.973646164
0.971517861
0.96924597
0.966826558
0.96425277
0.961513817
0.958595872
0.955482423
0.952155888
0.948598504
0.944792569
0.940720379
0.936363339
0.931700706
0.9267084
0.921358407
0.915618539
0.909452677
0.902821541
0.895682991
0.887991667
0.879697859
0.870744407
0.86106354
0.85057205
0.839167356
0.826723039
0.81308645
0.798076749
0.7814852
0.763077676
0.742600501
0.719789565
0.69438386
0.66614455
0.634877801
0.60046339
0.562885582
0.522265792
0.478892267
0.433511853
0.386314511
0.338105559
0.289955616
0.243138701
0.198994964
0.158743918
0.123304024
0.093178228
0.068437025
0.997333348
0.997112811
0.996856511
0.996574104
0.996275902
0.995968044
0.995651126
0.995321751
0.994974256
0.994602382
0.994200587
0.993764818
0.993292809
0.992783666
0.992236853
0.99165082
0.99102205
0.990344465
0.989610016
0.988809705
0.987935245
0.986979425
0.985936224
0.98480022
0.983565331
0.982224286
0.980768502
0.979189456
0.977479339
0.975632727
0.973646164
0.971517861
0.96924597
0.966826558
0.96425277
0.961513817
0.958595872
0.955482423
0.952155888
0.948598504
0.944792569
0.940720379
0.936363339
0.931700706
0.9267084
0.921358407
0.915618539
0.909452677
0.902821541
0.895682991
0.887991667
0.879697859
0.870744407
0.86106354
0.85057205
0.839167356
0.826723039
0.81308645
0.798076749
0.7814852
0.763077676
0.742600501
0.719789565
0.69438386
0.66614455
0.634877801
0.60046339
0.562885582
0.522265792
0.478892267
0.433511853
0.386314511
0.338105559
0.289955616
0.243138701
0.198994964
0.158743918
0.123304024
0.093178228
0.068437025
0.997333348
0.997112811
0.996856511
0.996574104
0.996275902
0.995968044
0.995651126
0.995321751
0.994974256
0.994602382
0.994200587
0.993764818
0.993292809
0.992783666
0.992236853
0.99165082
0.99102205
0.990344465
0.989610016
0.988809705
0.987935245
0.986979425
0.985936224
0.98480022
0.983565331
0.982224286
0.980768502
0.979189456
0.977479339
0.975632727
0.973646164
0.971517861
0.96924597
0.966826558
0.96425277
0.961513817
0.958595872
0.955482423
0.952155888
0.948598504
0.944792569
0.940720379
0.936363339
0.931700706
0.9267084
0.921358407
0.915618539
0.909452677
0.902821541
0.895682991
0.887991667
0.879697859
0.870744407
0.86106354
0.85057205
0.839167356
0.826723039
0.81308645
0.798076749
0.7814852
0.763077676
0.742600501
0.719789565
0.69438386
0.66614455
0.634877801
0.60046339
0.562885582
0.522265792
0.478892267
0.433511853
0.386314511
0.338105559
0.289955616
0.243138701
0.198994964
0.158743918
0.123304024
0.093178228
0.068437025
0.997333348
0.997112811
0.996856511
0.996574104
0.996275902
0.995968044
0.995651126
0.995321751
0.994974256
0.994602382
0.994200587
0.993764818
0.993292809
0.992783666
0.992236853
0.99165082
0.99102205
0.990344465
0.989610016
0.988809705
0.987935245
0.986979425
0.985936224
0.98480022
0.983565331
0.982224286
0.980768502
0.979189456
0.977479339
0.975632727
0.973646164
0.971517861
0.96924597
0.966826558
0.96425277
0.961513817
0.958595872
0.955482423
0.952155888
0.948598504
0.944792569
0.940720379
0.936363339
0.931700706
0.9267084
0.921358407
0.915618539
0.909452677
0.902821541
0.895682991
0.887991667
0.879697859
0.870744407
0.86106354
0.85057205
0.839167356
0.826723039
0.81308645
0.798076749
0.7814852
0.763077676
0.742600501
0.719789565
0.69438386
0.66614455
0.634877801
0.60046339
0.562885582
0.522265792
0.478892267
0.433511853
0.386314511
0.338105559
0.289955616
0.243138701
0.198994964
0.158743918
0.123304024
0.093178228
0.068437025
0.997333348
0.997112811
0.996856511
0.996574104
0.996275902
0.995968044
0.995651126
0.995321751
0.994974256
0.994602382
0.994200587
0.993764818
0.993292809
0.992783666
0.992236853
0.99165082
0.99102205
0.990344465
0.989610016
0.988809705
0.987935245
0.986979425
0.985936224
0.98480022
0.983565331
0.982224286
0.980768502
0.979189456
0.977479339
0.975632727
0.973646164
0.971517861
0.96924597
0.966826558
0.96425277
0.961513817
0.958595872
0.955482423
0.952155888
0.948598504
0.944792569
0.940720379
0.936363339
0.931700706
0.9267084
0.921358407
0.915618539
0.909452677
0.902821541
0.895682991
0.887991667
0.879697859
0.870744407
0.86106354
0.85057205
0.839167356
0.826723039
0.81308645
0.798076749
0.7814852
0.763077676
0.742600501
0.719789565
0.69438386
0.66614455
0.634877801
0.60046339
0.562885582
0.522265792
0.478892267
0.433511853
0.386314511
0.338105559
0.289955616
0.243138701
0.198994964
0.158743918
0.123304024
0.093178228
0.068437025
0.997333348
0.997112811
0.996856511
0.996574104
0.996275902
0.995968044
0.995651126
0.995321751
0.994974256
0.994602382
0.994200587
0.993764818
0.993292809
0.992783666
0.992236853
0.99165082
0.99102205
0.990344465
0.989610016
0.988809705
0.987935245
0.986979425
0.985936224
0.98480022
0.983565331
0.982224286
0.980768502
0.979189456
0.977479339
0.975632727
0.973646164
0.971517861
0.96924597
0.966826558
0.96425277
0.961513817
0.958595872
0.955482423
0.952155888
0.948598504
0.944792569
0.940720379
0.936363339
0.931700706
0.9267084
0.921358407
0.915618539
0.909452677
0.902821541
0.895682991
0.887991667
0.879697859
0.870744407
0.86106354
0.85057205
0.839167356
0.826723039
0.81308645
0.798076749
0.7814852
0.763077676
0.742600501
0.719789565
0.69438386
0.66614455
0.634877801
0.60046339
0.562885582
0.522265792
0.478892267
0.433511853
0.386314511
0.338105559
0.289955616
0.243138701
0.198994964
0.158743918
0.123304024
0.093178228
0.068437025
0.997333348
0.997112811
0.996856511
0.996574104
0.996275902
0.995968044
0.995651126
0.995321751
0.994974256
0.994602382
0.994200587
0.993764818
0.993292809
0.992783666
0.992236853
0.99165082
0.99102205
0.990344465
0.989610016
0.988809705
0.987935245
0.986979425
0.985936224
0.98480022
0.983565331
0.982224286
0.980768502
0.979189456
0.977479339
0.975632727
0.973646164
0.971517861
0.96924597
0.966826558
0.96425277
0.961513817
0.958595872
0.955482423
0.952155888
0.948598504
0.944792569
0.940720379
0.936363339
0.931700706
0.9267084
0.921358407
0.915618539
0.909452677
0.902821541
0.895682991
0.887991667
0.879697859
0.870744407
0.86106354
0.85057205
0.839167356
0.826723039
0.81308645
0.798076749
0.7814852
0.763077676
0.742600501
0.719789565
0.69438386
0.66614455
0.634877801
0.60046339
0.562885582
0.522265792
0.478892267
0.433511853
0.386314511
0.338105559
0.289955616
0.243138701
0.198994964
0.158743918
0.123304024
0.093178228
0.068437025
0.997333348
0.997112811
0.996856511
0.996574104
0.996275902
0.995968044
0.995651126
0.995321751
0.994974256
0.994602382
0.994200587
0.993764818
0.993292809
0.992783666
0.992236853
0.99165082
0.99102205
0.990344465
0.989610016
0.988809705
0.987935245
0.986979425
0.985936224
0.98480022
0.983565331
0.982224286
0.980768502
0.979189456
0.977479339
0.975632727
0.973646164
0.971517861
0.96924597
0.966826558
0.96425277
0.961513817
0.958595872
0.955482423
0.952155888
0.948598504
0.944792569
0.940720379
0.936363339
0.931700706
0.9267084
0.921358407
0.915618539
0.909452677
0.902821541
0.895682991
0.887991667
0.879697859
0.870744407
0.86106354
0.85057205
0.839167356
0.826723039
0.81308645
0.798076749
0.7814852
0.763077676
0.742600501
0.719789565
0.69438386
0.66614455
0.634877801
0.60046339
0.562885582
0.522265792
0.478892267
0.433511853
0.386314511
0.338105559
0.289955616
0.243138701
0.198994964
0.158743918
0.123304024
0.093178228
0.068437025
0.997333348
0.997112811
0.996856511
0.996574104
0.996275902
0.995968044
0.995651126
0.995321751
0.994974256
0.994602382
0.994200587
0.993764818
0.993292809
0.992783666
0.992236853
0.99165082
0.99102205
0.990344465
0.989610016
0.988809705
0.987935245
0.986979425
0.985936224
0.98480022
0.983565331
0.982224286
0.980768502
0.979189456
0.977479339
0.975632727
0.973646164
0.971517861
0.96924597
0.966826558
0.96425277
0.961513817
0.958595872
0.955482423
0.952155888
0.948598504
0.944792569
0.940720379
0.936363339
0.931700706
0.9267084
0.921358407
0.915618539
0.909452677
0.902821541
0.895682991
0.887991667
0.879697859
0.870744407
0.86106354
0.85057205
0.839167356
0.826723039
0.81308645
0.798076749
0.7814852
0.763077676
0.742600501
0.719789565
0.69438386
0.66614455
0.634877801
0.60046339
0.562885582
0.522265792
0.478892267
0.433511853
0.386314511
0.338105559
0.289955616
0.243138701
0.198994964
0.158743918
0.123304024
0.093178228
0.068437025
0.997333348
0.997112811
0.996856511
0.996574104
0.996275902
0.995968044
0.995651126
0.995321751
0.994974256
0.994602382
0.994200587
0.993764818
0.993292809
0.992783666
0.992236853
0.99165082
0.99102205
0.990344465
0.989610016
0.988809705
0.987935245
0.986979425
0.985936224
0.98480022
0.983565331
0.982224286
0.980768502
0.979189456
0.977479339
0.975632727
0.973646164
0.971517861
0.96924597
0.966826558
0.96425277
0.961513817
0.958595872
0.955482423
0.952155888
0.948598504
0.944792569
0.940720379
0.936363339
0.931700706
0.9267084
0.921358407
0.915618539
0.909452677
0.902821541
0.895682991
0.887991667
0.879697859
0.870744407
0.86106354
0.85057205
0.839167356
0.826723039
0.81308645
0.798076749
0.7814852
0.763077676
0.742600501
0.719789565
0.69438386
0.66614455
0.634877801
0.60046339
0.562885582
0.522265792
0.478892267
0.433511853
0.386314511
0.338105559
0.289955616
0.243138701
0.198994964
0.158743918
0.123304024
0.093178228
0.068437025
0.997333348
0.997112811
0.996856511
0.996574104
0.996275902
0.995968044
0.995651126
0.995321751
0.994974256
0.994602382
0.994200587
0.993764818
0.993292809
0.992783666
0.992236853
0.99165082
0.99102205
0.990344465
0.989610016
0.988809705
0.987935245
0.986979425
0.985936224
0.98480022
0.983565331
0.982224286
0.980768502
0.979189456
0.977479339
0.975632727
0.973646164
0.971517861
0.96924597
0.966826558
0.96425277
0.961513817
0.958595872
0.955482423
0.952155888
0.948598504
0.944792569
0.940720379
0.936363339
0.931700706
0.9267084
0.921358407
0.915618539
0.909452677
0.902821541
0.895682991
0.887991667
0.879697859
0.870744407
0.86106354
0.85057205
0.839167356
0.826723039
0.81308645
0.798076749
0.7814852
0.763077676
0.742600501
0.719789565
0.69438386
0.66614455
0.634877801
0.60046339
0.562885582
0.522265792
0.478892267
0.433511853
0.386314511
0.338105559
0.289955616
0.243138701
0.198994964
0.158743918
0.123304024
0.093178228
0.068437025
0.997333348
0.997112811
0.996856511
0.996574104
0.996275902
0.995968044
0.995651126
0.995321751
0.994974256
0.994602382
0.994200587
0.993764818
0.993292809
0.992783666
0.992236853
0.99165082
0.99102205
0.990344465
0.989610016
0.988809705
0.987935245
0.986979425
0.985936224
0.98480022
0.983565331
0.982224286
0.980768502
0.979189456
0.977479339
0.975632727
0.973646164
0.971517861
0.96924597
0.966826558
0.96425277
0.961513817
0.958595872
0.955482423
0.952155888
0.948598504
0.944792569
0.940720379
0.936363339
0.931700706
0.9267084
0.921358407
0.915618539
0.909452677
0.902821541
0.895682991
0.887991667
0.879697859
0.870744407
0.86106354
0.85057205
0.839167356
0.826723039
0.81308645
0.798076749
0.7814852
0.763077676
0.742600501
0.719789565
0.69438386
0.66614455
0.634877801
0.60046339
0.562885582
0.522265792
0.478892267
0.433511853
0.386314511
0.338105559
0.289955616
0.243138701
0.198994964
0.158743918
0.123304024
0.093178228
0.068437025
0.997333348
0.997112811
0.996856511
0.996574104
0.996275902
0.995968044
0.995651126
0.995321751
0.994974256
0.994602382
0.994200587
0.993764818
0.993292809
0.992783666
0.992236853
0.99165082
0.99102205
0.990344465
0.989610016
0.988809705
0.987935245
0.986979425
0.985936224
0.98480022
0.983565331
0.982224286
0.980768502
0.979189456
0.977479339
0.975632727
0.973646164
0.971517861
0.96924597
0.966826558
0.96425277
0.961513817
0.958595872
0.955482423
0.952155888
0.948598504
0.944792569
0.940720379
0.936363339
0.931700706
0.9267084
0.921358407
0.915618539
0.909452677
0.902821541
0.895682991
0.887991667
0.879697859
0.870744407
0.86106354
0.85057205
0.839167356
0.826723039
0.81308645
0.798076749
0.7814852
0.763077676
0.742600501
0.719789565
0.69438386
0.66614455
0.634877801
0.60046339
0.562885582
0.522265792
0.478892267
0.433511853
0.386314511
0.338105559
0.289955616
0.243138701
0.198994964
0.158743918
0.123304024
0.093178228
0.068437025
0.997333348
0.997112811
0.996856511
0.996574104
0.996275902
0.995968044
0.995651126
0.995321751
0.994974256
0.994602382
0.994200587
0.993764818
0.993292809
0.992783666
0.992236853
0.99165082
0.99102205
0.990344465
0.989610016
0.988809705
0.987935245
0.986979425
0.985936224
0.98480022
0.983565331
0.982224286
0.980768502
0.979189456
0.977479339
0.975632727
0.973646164
0.971517861
0.96924597
0.966826558
0.96425277
0.961513817
0.958595872
0.955482423
0.952155888
0.948598504
0.944792569
0.940720379
0.936363339
0.931700706
0.9267084
0.921358407
0.915618539
0.909452677
0.902821541
0.895682991
0.887991667
0.879697859
0.870744407
0.86106354
0.85057205
0.839167356
0.826723039
0.81308645
0.798076749
0.7814852
0.763077676
0.742600501
0.719789565
0.69438386
0.66614455
0.634877801
0.60046339
0.562885582
0.522265792
0.478892267
0.433511853
0.386314511
0.338105559
0.289955616
0.243138701
0.198994964
0.158743918
0.123304024
0.093178228
0.068437025
0.997333348
0.997112811
0.996856511
0.996574104
0.996275902
0.995968044
0.995651126
0.995321751
0.994974256
0.994602382
0.994200587
0.993764818
0.993292809
0.992783666
0.992236853
0.99165082
0.99102205
0.990344465
0.989610016
0.988809705
0.987935245
0.986979425
0.985936224
0.98480022
0.983565331
0.982224286
0.980768502
0.979189456
0.977479339
0.975632727
0.973646164
0.971517861
0.96924597
0.966826558
0.96425277
0.961513817
0.958595872
0.955482423
0.952155888
0.948598504
0.944792569
0.940720379
0.936363339
0.931700706
0.9267084
0.921358407
0.915618539
0.909452677
0.902821541
0.895682991
0.887991667
0.879697859
0.870744407
0.86106354
0.85057205
0.839167356
0.826723039
0.81308645
0.798076749
0.7814852
0.763077676
0.742600501
0.719789565
0.69438386
0.66614455
0.634877801
0.60046339
0.562885582
0.522265792
0.478892267
0.433511853
0.386314511
0.338105559
0.289955616
0.243138701
0.198994964
0.158743918
0.123304024
0.093178228
0.068437025
0.997333348
0.997112811
0.996856511
0.996574104
0.996275902
0.995968044
0.995651126
0.995321751
0.994974256
0.994602382
0.994200587
0.993764818
0.993292809
0.992783666
0.992236853
0.99165082
0.99102205
0.990344465
0.989610016
0.988809705
0.987935245
0.986979425
0.985936224
0.98480022
0.983565331
0.982224286
0.980768502
0.979189456
0.977479339
0.975632727
0.973646164
0.971517861
0.96924597
0.966826558
0.96425277
0.961513817
0.958595872
0.955482423
0.952155888
0.948598504
0.944792569
0.940720379
0.936363339
0.931700706
0.9267084
0.921358407
0.915618539
0.909452677
0.902821541
0.895682991
0.887991667
0.879697859
0.870744407
0.86106354
0.85057205
0.839167356
0.826723039
0.81308645
0.798076749
0.7814852
0.763077676
0.742600501
0.719789565
0.69438386
0.66614455
0.634877801
0.60046339
0.562885582
0.522265792
0.478892267
0.433511853
0.386314511
0.338105559
0.289955616
0.243138701
0.198994964
0.158743918
0.123304024
0.093178228
0.068437025
0.997333348
0.997112811
0.996856511
0.996574104
0.996275902
0.995968044
0.995651126
0.995321751
0.994974256
0.994602382
0.994200587
0.993764818
0.993292809
0.992783666
0.992236853
0.99165082
0.99102205
0.990344465
0.989610016
0.988809705
0.987935245
0.986979425
0.985936224
0.98480022
0.983565331
0.982224286
0.980768502
0.979189456
0.977479339
0.975632727
0.973646164
0.971517861
0.96924597
0.966826558
0.96425277
0.961513817
0.958595872
0.955482423
0.952155888
0.948598504
0.944792569
0.940720379
0.936363339
0.931700706
0.9267084
0.921358407
0.915618539
0.909452677
0.902821541
0.895682991
0.887991667
0.879697859
0.870744407
0.86106354
0.85057205
0.839167356
0.826723039
0.81308645
0.798076749
0.7814852
0.763077676
0.742600501
0.719789565
0.69438386
0.66614455
0.634877801
0.60046339
0.562885582
0.522265792
0.478892267
0.433511853
0.386314511
0.338105559
0.289955616
0.243138701
0.198994964
0.158743918
0.123304024
0.093178228
0.068437025
0.997333348
0.997112811
0.996856511
0.996574104
0.996275902
0.995968044
0.995651126
0.995321751
0.994974256
0.994602382
0.994200587
0.993764818
0.993292809
0.992783666
0.992236853
0.99165082
0.99102205
0.990344465
0.989610016
0.988809705
0.987935245
0.986979425
0.985936224
0.98480022
0.983565331
0.982224286
0.980768502
0.979189456
0.977479339
0.975632727
0.973646164
0.971517861
0.96924597
0.966826558
0.96425277
0.961513817
0.958595872
0.955482423
0.952155888
0.948598504
0.944792569
0.940720379
0.936363339
0.931700706
0.9267084
0.921358407
0.915618539
0.909452677
0.902821541
0.895682991
0.887991667
0.879697859
0.870744407
0.86106354
0.85057205
0.839167356
0.826723039
0.81308645
0.798076749
0.7814852
0.763077676
0.742600501
0.719789565
0.69438386
0.66614455
0.634877801
0.60046339
0.562885582
0.522265792
0.478892267
0.433511853
0.386314511
0.338105559
0.289955616
0.243138701
0.198994964
0.158743918
0.123304024
0.093178228
0.068437025
0.997333348
0.997112811
0.996856511
0.996574104
0.996275902
0.995968044
0.995651126
0.995321751
0.994974256
0.994602382
0.994200587
0.993764818
0.993292809
0.992783666
0.992236853
0.99165082
0.99102205
0.990344465
0.989610016
0.988809705
0.987935245
0.986979425
0.985936224
0.98480022
0.983565331
0.982224286
0.980768502
0.979189456
0.977479339
0.975632727
0.973646164
0.971517861
0.96924597
0.966826558
0.96425277
0.961513817
0.958595872
0.955482423
0.952155888
0.948598504
0.944792569
0.940720379
0.936363339
0.931700706
0.9267084
0.921358407
0.915618539
0.909452677
0.902821541
0.895682991
0.887991667
0.879697859
0.870744407
0.86106354
0.85057205
0.839167356
0.826723039
0.81308645
0.798076749
0.7814852
0.763077676
0.742600501
0.719789565
0.69438386
0.66614455
0.634877801
0.60046339
0.562885582
0.522265792
0.478892267
0.433511853
0.386314511
0.338105559
0.289955616
0.243138701
0.198994964
0.158743918
0.123304024
0.093178228
0.068437025
0.997333348
0.997112811
0.996856511
0.996574104
0.996275902
0.995968044
0.995651126
0.995321751
0.994974256
0.994602382
0.994200587
0.993764818
0.993292809
0.992783666
0.992236853
0.99165082
0.99102205
0.990344465
0.989610016
0.988809705
0.987935245
0.986979425
0.985936224
0.98480022
0.983565331
0.982224286
0.980768502
0.979189456
0.977479339
0.975632727
0.973646164
0.971517861
0.96924597
0.966826558
0.96425277
0.961513817
0.958595872
0.955482423
0.952155888
0.948598504
0.944792569
0.940720379
0.936363339
0.931700706
0.9267084
0.921358407
0.915618539
0.909452677
0.902821541
0.895682991
0.887991667
0.879697859
0.870744407
0.86106354
0.85057205
0.839167356
0.826723039
0.81308645
0.798076749
0.7814852
0.763077676
0.742600501
0.719789565
0.69438386
0.66614455
0.634877801
0.60046339
0.562885582
0.522265792
0.478892267
0.433511853
0.386314511
0.338105559
0.289955616
0.243138701
0.198994964
0.158743918
0.123304024
0.093178228
0.068437025
0.997333348
0.997112811
0.996856511
0.996574104
0.996275902
0.995968044
0.995651126
0.995321751
0.994974256
0.994602382
0.994200587
0.993764818
0.993292809
0.992783666
0.992236853
0.99165082
0.99102205
0.990344465
0.989610016
0.988809705
0.987935245
0.986979425
0.985936224
0.98480022
0.983565331
0.982224286
0.980768502
0.979189456
0.977479339
0.975632727
0.973646164
0.971517861
0.96924597
0.966826558
0.96425277
0.961513817
0.958595872
0.955482423
0.952155888
0.948598504
0.944792569
0.940720379
0.936363339
0.931700706
0.9267084
0.921358407
0.915618539
0.909452677
0.902821541
0.895682991
0.887991667
0.879697859
0.870744407
0.86106354
0.85057205
0.839167356
0.826723039
0.81308645
0.798076749
0.7814852
0.763077676
0.742600501
0.719789565
0.69438386
0.66614455
0.634877801
0.60046339
0.562885582
0.522265792
0.478892267
0.433511853
0.386314511
0.338105559
0.289955616
0.243138701
0.198994964
0.158743918
0.123304024
0.093178228
0.068437025
0.997333348
0.997112811
0.996856511
0.996574104
0.996275902
0.995968044
0.995651126
0.995321751
0.994974256
0.994602382
0.994200587
0.993764818
0.993292809
0.992783666
0.992236853
0.99165082
0.99102205
0.990344465
0.989610016
0.988809705
0.987935245
0.986979425
0.985936224
0.98480022
0.983565331
0.982224286
0.980768502
0.979189456
0.977479339
0.975632727
0.973646164
0.971517861
0.96924597
0.966826558
0.96425277
0.961513817
0.958595872
0.955482423
0.952155888
0.948598504
0.944792569
0.940720379
0.936363339
0.931700706
0.9267084
0.921358407
0.915618539
0.909452677
0.902821541
0.895682991
0.887991667
0.879697859
0.870744407
0.86106354
0.85057205
0.839167356
0.826723039
0.81308645
0.798076749
0.7814852
0.763077676
0.742600501
0.719789565
0.69438386
0.66614455
0.634877801
0.60046339
0.562885582
0.522265792
0.478892267
0.433511853
0.386314511
0.338105559
0.289955616
0.243138701
0.198994964
0.158743918
0.123304024
0.093178228
0.068437025
0.997333348
0.997112811
0.996856511
0.996574104
0.996275902
0.995968044
0.995651126
0.995321751
0.994974256
0.994602382
0.994200587
0.993764818
0.993292809
0.992783666
0.992236853
0.99165082
0.99102205
0.990344465
0.989610016
0.988809705
0.987935245
0.986979425
0.985936224
0.98480022
0.983565331
0.982224286
0.980768502
0.979189456
0.977479339
0.975632727
0.973646164
0.971517861
0.96924597
0.966826558
0.96425277
0.961513817
0.958595872
0.955482423
0.952155888
0.948598504
0.944792569
0.940720379
0.936363339
0.931700706
0.9267084
0.921358407
0.915618539
0.909452677
0.902821541
0.895682991
0.887991667
0.879697859
0.870744407
0.86106354
0.85057205
0.839167356
0.826723039
0.81308645
0.798076749
0.7814852
0.763077676
0.742600501
0.719789565
0.69438386
0.66614455
0.634877801
0.60046339
0.562885582
0.522265792
0.478892267
0.433511853
0.386314511
0.338105559
0.289955616
0.243138701
0.198994964
0.158743918
0.123304024
0.093178228
0.068437025
0.997333348
0.997112811
0.996856511
0.996574104
0.996275902
0.995968044
0.995651126
0.995321751
0.994974256
0.994602382
0.994200587
0.993764818
0.993292809
0.992783666
0.992236853
0.99165082
0.99102205
0.990344465
0.989610016
0.988809705
0.987935245
0.986979425
0.985936224
0.98480022
0.983565331
0.982224286
0.980768502
0.979189456
0.977479339
0.975632727
0.973646164
0.971517861
0.96924597
0.966826558
0.96425277
0.961513817
0.958595872
0.955482423
0.952155888
0.948598504
0.944792569
0.940720379
0.936363339
0.931700706
0.9267084
0.921358407
0.915618539
0.909452677
0.902821541
0.895682991
0.887991667
0.879697859
0.870744407
0.86106354
0.85057205
0.839167356
0.826723039
0.81308645
0.798076749
0.7814852
0.763077676
0.742600501
0.719789565
0.69438386
0.66614455
0.634877801
0.60046339
0.562885582
0.522265792
0.478892267
0.433511853
0.386314511
0.338105559
0.289955616
0.243138701
0.198994964
0.158743918
0.123304024
0.093178228
0.068437025
0.997333348
0.997112811
0.996856511
0.996574104
0.996275902
0.995968044
0.995651126
0.995321751
0.994974256
0.994602382
0.994200587
0.993764818
0.993292809
0.992783666
0.992236853
0.99165082
0.99102205
0.990344465
0.989610016
0.988809705
0.987935245
0.986979425
0.985936224
0.98480022
0.983565331
0.982224286
0.980768502
0.979189456
0.977479339
0.975632727
0.973646164
0.971517861
0.96924597
0.966826558
0.96425277
0.961513817
0.958595872
0.955482423
0.952155888
0.948598504
0.944792569
0.940720379
0.936363339
0.931700706
0.9267084
0.921358407
0.915618539
0.909452677
0.902821541
0.895682991
0.887991667
0.879697859
0.870744407
0.86106354
0.85057205
0.839167356
0.826723039
0.81308645
0.798076749
0.7814852
0.763077676
0.742600501
0.719789565
0.69438386
0.66614455
0.634877801
0.60046339
0.562885582
0.522265792
0.478892267
0.433511853
0.386314511
0.338105559
0.289955616
0.243138701
0.198994964
0.158743918
0.123304024
0.093178228
0.068437025
0.997333348
0.997112811
0.996856511
0.996574104
0.996275902
0.995968044
0.995651126
0.995321751
0.994974256
0.994602382
0.994200587
0.993764818
0.993292809
0.992783666
0.992236853
0.99165082
0.99102205
0.990344465
0.989610016
0.988809705
0.987935245
0.986979425
0.985936224
0.98480022
0.983565331
0.982224286
0.980768502
0.979189456
0.977479339
0.975632727
0.973646164
0.971517861
0.96924597
0.966826558
0.96425277
0.961513817
0.958595872
0.955482423
0.952155888
0.948598504
0.944792569
0.940720379
0.936363339
0.931700706
0.9267084
0.921358407
0.915618539
0.909452677
0.902821541
0.895682991
0.887991667
0.879697859
0.870744407
0.86106354
0.85057205
0.839167356
0.826723039
0.81308645
0.798076749
0.7814852
0.763077676
0.742600501
0.719789565
0.69438386
0.66614455
0.634877801
0.60046339
0.562885582
0.522265792
0.478892267
0.433511853
0.386314511
0.338105559
0.289955616
0.243138701
0.198994964
0.158743918
0.123304024
0.093178228
0.068437025
0.997333348
0.997112811
0.996856511
0.996574104
0.996275902
0.995968044
0.995651126
0.995321751
0.994974256
0.994602382
0.994200587
0.993764818
0.993292809
0.992783666
0.992236853
0.99165082
0.99102205
0.990344465
0.989610016
0.988809705
0.987935245
0.986979425
0.985936224
0.98480022
0.983565331
0.982224286
0.980768502
0.979189456
0.977479339
0.975632727
0.973646164
0.971517861
0.96924597
0.966826558
0.96425277
0.961513817
0.958595872
0.955482423
0.952155888
0.948598504
0.944792569
0.940720379
0.936363339
0.931700706
0.9267084
0.921358407
0.915618539
0.909452677
0.902821541
0.895682991
0.887991667
0.879697859
0.870744407
0.86106354
0.85057205
0.839167356
0.826723039
0.81308645
0.798076749
0.7814852
0.763077676
0.742600501
0.719789565
0.69438386
0.66614455
0.634877801
0.60046339
0.562885582
0.522265792
0.478892267
0.433511853
0.386314511
0.338105559
0.289955616
0.243138701
0.198994964
0.158743918
0.123304024
0.093178228
0.068437025
0.997333348
0.997112811
0.996856511
0.996574104
0.996275902
0.995968044
0.995651126
0.995321751
0.994974256
0.994602382
0.994200587
0.993764818
0.993292809
0.992783666
0.992236853
0.99165082
0.99102205
0.990344465
0.989610016
0.988809705
0.987935245
0.986979425
0.985936224
0.98480022
0.983565331
0.982224286
0.980768502
0.979189456
0.977479339
0.975632727
0.973646164
0.971517861
0.96924597
0.966826558
0.96425277
0.961513817
0.958595872
0.955482423
0.952155888
0.948598504
0.944792569
0.940720379
0.936363339
0.931700706
0.9267084
0.921358407
0.915618539
0.909452677
0.902821541
0.895682991
0.887991667
0.879697859
0.870744407
0.86106354
0.85057205
0.839167356
0.826723039
0.81308645
0.798076749
0.7814852
0.763077676
0.742600501
0.719789565
0.69438386
0.66614455
0.634877801
0.60046339
0.562885582
0.522265792
0.478892267
0.433511853
0.386314511
0.338105559
0.289955616
0.243138701
0.198994964
0.158743918
0.123304024
0.093178228
0.068437025
0.997333348
0.997112811
0.996856511
0.996574104
0.996275902
0.995968044
0.995651126
0.995321751
0.994974256
0.994602382
0.994200587
0.993764818
0.993292809
0.992783666
0.992236853
0.99165082
0.99102205
0.990344465
0.989610016
0.988809705
0.987935245
0.986979425
0.985936224
0.98480022
0.983565331
0.982224286
0.980768502
0.979189456
0.977479339
0.975632727
0.973646164
0.971517861
0.96924597
0.966826558
0.96425277
0.961513817
0.958595872
0.955482423
0.952155888
0.948598504
0.944792569
0.940720379
0.936363339
0.931700706
0.9267084
0.921358407
0.915618539
0.909452677
0.902821541
0.895682991
0.887991667
0.879697859
0.870744407
0.86106354
0.85057205
0.839167356
0.826723039
0.81308645
0.798076749
0.7814852
0.763077676
0.742600501
0.719789565
0.69438386
0.66614455
0.634877801
0.60046339
0.562885582
0.522265792
0.478892267
0.433511853
0.386314511
0.338105559
0.289955616
0.243138701
0.198994964
0.158743918
0.123304024
0.093178228
0.068437025
0.997333348
0.997112811
0.996856511
0.996574104
0.996275902
0.995968044
0.995651126
0.995321751
0.994974256
0.994602382
0.994200587
0.993764818
0.993292809
0.992783666
0.992236853
0.99165082
0.99102205
0.990344465
0.989610016
0.988809705
0.987935245
0.986979425
0.985936224
0.98480022
0.983565331
0.982224286
0.980768502
0.979189456
0.977479339
0.975632727
0.973646164
0.971517861
0.96924597
0.966826558
0.96425277
0.961513817
0.958595872
0.955482423
0.952155888
0.948598504
0.944792569
0.940720379
0.936363339
0.931700706
0.9267084
0.921358407
0.915618539
0.909452677
0.902821541
0.895682991
0.887991667
0.879697859
0.870744407
0.86106354
0.85057205
0.839167356
0.826723039
0.81308645
0.798076749
0.7814852
0.763077676
0.742600501
0.719789565
0.69438386
0.66614455
0.634877801
0.60046339
0.562885582
0.522265792
0.478892267
0.433511853
0.386314511
0.338105559
0.289955616
0.243138701
0.198994964
0.158743918
0.123304024
0.093178228
0.068437025
0.997333348
0.997112811
0.996856511
0.996574104
0.996275902
0.995968044
0.995651126
0.995321751
0.994974256
0.994602382
0.994200587
0.993764818
0.993292809
0.992783666
0.992236853
0.99165082
0.99102205
0.990344465
0.989610016
0.988809705
0.987935245
0.986979425
0.985936224
0.98480022
0.983565331
0.982224286
0.980768502
0.979189456
0.977479339
0.975632727
0.973646164
0.971517861
0.96924597
0.966826558
0.96425277
0.961513817
0.958595872
0.955482423
0.952155888
0.948598504
0.944792569
0.940720379
0.936363339
0.931700706
0.9267084
0.921358407
0.915618539
0.909452677
0.902821541
0.895682991
0.887991667
0.879697859
0.870744407
0.86106354
0.85057205
0.839167356
0.826723039
0.81308645
0.798076749
0.7814852
0.763077676
0.742600501
0.719789565
0.69438386
0.66614455
0.634877801
0.60046339
0.562885582
0.522265792
0.478892267
0.433511853
0.386314511
0.338105559
0.289955616
0.243138701
0.198994964
0.158743918
0.123304024
0.093178228
0.068437025
0.997333348
0.997112811
0.996856511
0.996574104
0.996275902
0.995968044
0.995651126
0.995321751
0.994974256
0.994602382
0.994200587
0.993764818
0.993292809
0.992783666
0.992236853
0.99165082
0.99102205
0.990344465
0.989610016
0.988809705
0.987935245
0.986979425
0.985936224
0.98480022
0.983565331
0.982224286
0.980768502
0.979189456
0.977479339
0.975632727
0.973646164
0.971517861
0.96924597
0.966826558
0.96425277
0.961513817
0.958595872
0.955482423
0.952155888
0.948598504
0.944792569
0.940720379
0.936363339
0.931700706
0.9267084
0.921358407
0.915618539
0.909452677
0.902821541
0.895682991
0.887991667
0.879697859
0.870744407
0.86106354
0.85057205
0.839167356
0.826723039
0.81308645
0.798076749
0.7814852
0.763077676
0.742600501
0.719789565
0.69438386
0.66614455
0.634877801
0.60046339
0.562885582
0.522265792
0.478892267
0.433511853
0.386314511
0.338105559
0.289955616
0.243138701
0.198994964
0.158743918
0.123304024
0.093178228
0.068437025
0.997333348
0.997112811
0.996856511
0.996574104
0.996275902
0.995968044
0.995651126
0.995321751
0.994974256
0.994602382
0.994200587
0.993764818
0.993292809
0.992783666
0.992236853
0.99165082
0.99102205
0.990344465
0.989610016
0.988809705
0.987935245
0.986979425
0.985936224
0.98480022
0.983565331
0.982224286
0.980768502
0.979189456
0.977479339
0.975632727
0.973646164
0.971517861
0.96924597
0.966826558
0.96425277
0.961513817
0.958595872
0.955482423
0.952155888
0.948598504
0.944792569
0.940720379
0.936363339
0.931700706
0.9267084
0.921358407
0.915618539
0.909452677
0.902821541
0.895682991
0.887991667
0.879697859
0.870744407
0.86106354
0.85057205
0.839167356
0.826723039
0.81308645
0.798076749
0.7814852
0.763077676
0.742600501
0.719789565
0.69438386
0.66614455
0.634877801
0.60046339
0.562885582
0.522265792
0.478892267
0.433511853
0.386314511
0.338105559
0.289955616
0.243138701
0.198994964
0.158743918
0.123304024
0.093178228
0.068437025
0.997333348
0.997112811
0.996856511
0.996574104
0.996275902
0.995968044
0.995651126
0.995321751
0.994974256
0.994602382
0.994200587
0.993764818
0.993292809
0.992783666
0.992236853
0.99165082
0.99102205
0.990344465
0.989610016
0.988809705
0.987935245
0.986979425
0.985936224
0.98480022
0.983565331
0.982224286
0.980768502
0.979189456
0.977479339
0.975632727
0.973646164
0.971517861
0.96924597
0.966826558
0.96425277
0.961513817
0.958595872
0.955482423
0.952155888
0.948598504
0.944792569
0.940720379
0.936363339
0.931700706
0.9267084
0.921358407
0.915618539
0.909452677
0.902821541
0.895682991
0.887991667
0.879697859
0.870744407
0.86106354
0.85057205
0.839167356
0.826723039
0.81308645
0.798076749
0.7814852
0.763077676
0.742600501
0.719789565
0.69438386
0.66614455
0.634877801
0.60046339
0.562885582
0.522265792
0.478892267
0.433511853
0.386314511
0.338105559
0.289955616
0.243138701
0.198994964
0.158743918
0.123304024
0.093178228
0.068437025
0.997333348
0.997112811
0.996856511
0.996574104
0.996275902
0.995968044
0.995651126
0.995321751
0.994974256
0.994602382
0.994200587
0.993764818
0.993292809
0.992783666
0.992236853
0.99165082
0.99102205
0.990344465
0.989610016
0.988809705
0.987935245
0.986979425
0.985936224
0.98480022
0.983565331
0.982224286
0.980768502
0.979189456
0.977479339
0.975632727
0.973646164
0.971517861
0.96924597
0.966826558
0.96425277
0.961513817
0.958595872
0.955482423
0.952155888
0.948598504
0.944792569
0.940720379
0.936363339
0.931700706
0.9267084
0.921358407
0.915618539
0.909452677
0.902821541
0.895682991
0.887991667
0.879697859
0.870744407
0.86106354
0.85057205
0.839167356
0.826723039
0.81308645
0.798076749
0.7814852
0.763077676
0.742600501
0.719789565
0.69438386
0.66614455
0.634877801
0.60046339
0.562885582
0.522265792
0.478892267
0.433511853
0.386314511
0.338105559
0.289955616
0.243138701
0.198994964
0.158743918
0.123304024
0.093178228
0.068437025
0.997333348
0.997112811
0.996856511
0.996574104
0.996275902
0.995968044
0.995651126
0.995321751
0.994974256
0.994602382
0.994200587
0.993764818
0.993292809
0.992783666
0.992236853
0.99165082
0.99102205
0.990344465
0.989610016
0.988809705
0.987935245
0.986979425
0.985936224
0.98480022
0.983565331
0.982224286
0.980768502
0.979189456
0.977479339
0.975632727
0.973646164
0.971517861
0.96924597
0.966826558
0.96425277
0.961513817
0.958595872
0.955482423
0.952155888
0.948598504
0.944792569
0.940720379
0.936363339
0.931700706
0.9267084
0.921358407
0.915618539
0.909452677
0.902821541
0.895682991
0.887991667
0.879697859
0.870744407
0.86106354
0.85057205
0.839167356
0.826723039
0.81308645
0.798076749
0.7814852
0.763077676
0.742600501
0.719789565
0.69438386
0.66614455
0.634877801
0.60046339
0.562885582
0.522265792
0.478892267
0.433511853
0.386314511
0.338105559
0.289955616
0.243138701
0.198994964
0.158743918
0.123304024
0.093178228
0.068437025
0.997333348
0.997112811
0.996856511
0.996574104
0.996275902
0.995968044
0.995651126
0.995321751
0.994974256
0.994602382
0.994200587
0.993764818
0.993292809
0.992783666
0.992236853
0.99165082
0.99102205
0.990344465
0.989610016
0.988809705
0.987935245
0.986979425
0.985936224
0.98480022
0.983565331
0.982224286
0.980768502
0.979189456
0.977479339
0.975632727
0.973646164
0.971517861
0.96924597
0.966826558
0.96425277
0.961513817
0.958595872
0.955482423
0.952155888
0.948598504
0.944792569
0.940720379
0.936363339
0.931700706
0.9267084
0.921358407
0.915618539
0.909452677
0.902821541
0.895682991
0.887991667
0.879697859
0.870744407
0.86106354
0.85057205
0.839167356
0.826723039
0.81308645
0.798076749
0.7814852
0.763077676
0.742600501
0.719789565
0.69438386
0.66614455
0.634877801
0.60046339
0.562885582
0.522265792
0.478892267
0.433511853
0.386314511
0.338105559
0.289955616
0.243138701
0.198994964
0.158743918
0.123304024
0.093178228
0.068437025
0.997333348
0.997112811
0.996856511
0.996574104
0.996275902
0.995968044
0.995651126
0.995321751
0.994974256
0.994602382
0.994200587
0.993764818
0.993292809
0.992783666
0.992236853
0.99165082
0.99102205
0.990344465
0.989610016
0.988809705
0.987935245
0.986979425
0.985936224
0.98480022
0.983565331
0.982224286
0.980768502
0.979189456
0.977479339
0.975632727
0.973646164
0.971517861
0.96924597
0.966826558
0.96425277
0.961513817
0.958595872
0.955482423
0.952155888
0.948598504
0.944792569
0.940720379
0.936363339
0.931700706
0.9267084
0.921358407
0.915618539
0.909452677
0.902821541
0.895682991
0.887991667
0.879697859
0.870744407
0.86106354
0.85057205
0.839167356
0.826723039
0.81308645
0.798076749
0.7814852
0.763077676
0.742600501
0.719789565
0.69438386
0.66614455
0.634877801
0.60046339
0.562885582
0.522265792
0.478892267
0.433511853
0.386314511
0.338105559
0.289955616
0.243138701
0.198994964
0.158743918
0.123304024
0.093178228
0.068437025
0.997333348
0.997112811
0.996856511
0.996574104
0.996275902
0.995968044
0.995651126
0.995321751
0.994974256
0.994602382
0.994200587
0.993764818
0.993292809
0.992783666
0.992236853
0.99165082
0.99102205
0.990344465
0.989610016
0.988809705
0.987935245
0.986979425
0.985936224
0.98480022
0.983565331
0.982224286
0.980768502
0.979189456
0.977479339
0.975632727
0.973646164
0.971517861
0.96924597
0.966826558
0.96425277
0.961513817
0.958595872
0.955482423
0.952155888
0.948598504
0.944792569
0.940720379
0.936363339
0.931700706
0.9267084
0.921358407
0.915618539
0.909452677
0.902821541
0.895682991
0.887991667
0.879697859
0.870744407
0.86106354
0.85057205
0.839167356
0.826723039
0.81308645
0.798076749
0.7814852
0.763077676
0.742600501
0.719789565
0.69438386
0.66614455
0.634877801
0.60046339
0.562885582
0.522265792
0.478892267
0.433511853
0.386314511
0.338105559
0.289955616
0.243138701
0.198994964
0.158743918
0.123304024
0.093178228
0.068437025
0.997333348
0.997112811
0.996856511
0.996574104
0.996275902
0.995968044
0.995651126
0.995321751
0.994974256
0.994602382
0.994200587
0.993764818
0.993292809
0.992783666
0.992236853
0.99165082
0.99102205
0.990344465
0.989610016
0.988809705
0.987935245
0.986979425
0.985936224
0.98480022
0.983565331
0.982224286
0.980768502
0.979189456
0.977479339
0.975632727
0.973646164
0.971517861
0.96924597
0.966826558
0.96425277
0.961513817
0.958595872
0.955482423
0.952155888
0.948598504
0.944792569
0.940720379
0.936363339
0.931700706
0.9267084
0.921358407
0.915618539
0.909452677
0.902821541
0.895682991
0.887991667
0.879697859
0.870744407
0.86106354
0.85057205
0.839167356
0.826723039
0.81308645
0.798076749
0.7814852
0.763077676
0.742600501
0.719789565
0.69438386
0.66614455
0.634877801
0.60046339
0.562885582
0.522265792
0.478892267
0.433511853
0.386314511
0.338105559
0.289955616
0.243138701
0.198994964
0.158743918
0.123304024
0.093178228
0.068437025
0.997333348
0.997112811
0.996856511
0.996574104
0.996275902
0.995968044
0.995651126
0.995321751
0.994974256
0.994602382
0.994200587
0.993764818
0.993292809
0.992783666
0.992236853
0.99165082
0.99102205
0.990344465
0.989610016
0.988809705
0.987935245
0.986979425
0.985936224
0.98480022
0.983565331
0.982224286
0.980768502
0.979189456
0.977479339
0.975632727
0.973646164
0.971517861
0.96924597
0.966826558
0.96425277
0.961513817
0.958595872
0.955482423
0.952155888
0.948598504
0.944792569
0.940720379
0.936363339
0.931700706
0.9267084
0.921358407
0.915618539
0.909452677
0.902821541
0.895682991
0.887991667
0.879697859
0.870744407
0.86106354
0.85057205
0.839167356
0.826723039
0.81308645
0.798076749
0.7814852
0.763077676
0.742600501
0.719789565
0.69438386
0.66614455
0.634877801
0.60046339
0.562885582
0.522265792
0.478892267
0.433511853
0.386314511
0.338105559
0.289955616
0.243138701
0.198994964
0.158743918
0.123304024
0.093178228
0.068437025
0.997333348
0.997112811
0.996856511
0.996574104
0.996275902
0.995968044
0.995651126
0.995321751
0.994974256
0.994602382
0.994200587
0.993764818
0.993292809
0.992783666
0.992236853
0.99165082
0.99102205
0.990344465
0.989610016
0.988809705
0.987935245
0.986979425
0.985936224
0.98480022
0.983565331
0.982224286
0.980768502
0.979189456
0.977479339
0.975632727
0.973646164
0.971517861
0.96924597
0.966826558
0.96425277
0.961513817
0.958595872
0.955482423
0.952155888
0.948598504
0.944792569
0.940720379
0.936363339
0.931700706
0.9267084
0.921358407
0.915618539
0.909452677
0.902821541
0.895682991
0.887991667
0.879697859
0.870744407
0.86106354
0.85057205
0.839167356
0.826723039
0.81308645
0.798076749
0.7814852
0.763077676
0.742600501
0.719789565
0.69438386
0.66614455
0.634877801
0.60046339
0.562885582
0.522265792
0.478892267
0.433511853
0.386314511
0.338105559
0.289955616
0.243138701
0.198994964
0.158743918
0.123304024
0.093178228
0.068437025
0.997333348
0.997112811
0.996856511
0.996574104
0.996275902
0.995968044
0.995651126
0.995321751
0.994974256
0.994602382
0.994200587
0.993764818
0.993292809
0.992783666
0.992236853
0.99165082
0.99102205
0.990344465
0.989610016
0.988809705
0.987935245
0.986979425
0.985936224
0.98480022
0.983565331
0.982224286
0.980768502
0.979189456
0.977479339
0.975632727
0.973646164
0.971517861
0.96924597
0.966826558
0.96425277
0.961513817
0.958595872
0.955482423
0.952155888
0.948598504
0.944792569
0.940720379
0.936363339
0.931700706
0.9267084
0.921358407
0.915618539
0.909452677
0.902821541
0.895682991
0.887991667
0.879697859
0.870744407
0.86106354
0.85057205
0.839167356
0.826723039
0.81308645
0.798076749
0.7814852
0.763077676
0.742600501
0.719789565
0.69438386
0.66614455
0.634877801
0.60046339
0.562885582
0.522265792
0.478892267
0.433511853
0.386314511
0.338105559
0.289955616
0.243138701
0.198994964
0.158743918
0.123304024
0.093178228
0.068437025
0.997333348
0.997112811
0.996856511
0.996574104
0.996275902
0.995968044
0.995651126
0.995321751
0.994974256
0.994602382
0.994200587
0.993764818
0.993292809
0.992783666
0.992236853
0.99165082
0.99102205
0.990344465
0.989610016
0.988809705
0.987935245
0.986979425
0.985936224
0.98480022
0.983565331
0.982224286
0.980768502
0.979189456
0.977479339
0.975632727
0.973646164
0.971517861
0.96924597
0.966826558
0.96425277
0.961513817
0.958595872
0.955482423
0.952155888
0.948598504
0.944792569
0.940720379
0.936363339
0.931700706
0.9267084
0.921358407
0.915618539
0.909452677
0.902821541
0.895682991
0.887991667
0.879697859
0.870744407
0.86106354
0.85057205
0.839167356
0.826723039
0.81308645
0.798076749
0.7814852
0.763077676
0.742600501
0.719789565
0.69438386
0.66614455
0.634877801
0.60046339
0.562885582
0.522265792
0.478892267
0.433511853
0.386314511
0.338105559
0.289955616
0.243138701
0.198994964
0.158743918
0.123304024
0.093178228
0.068437025
0.997333348
0.997112811
0.996856511
0.996574104
0.996275902
0.995968044
0.995651126
0.995321751
0.994974256
0.994602382
0.994200587
0.993764818
0.993292809
0.992783666
0.992236853
0.99165082
0.99102205
0.990344465
0.989610016
0.988809705
0.987935245
0.986979425
0.985936224
0.98480022
0.983565331
0.982224286
0.980768502
0.979189456
0.977479339
0.975632727
0.973646164
0.971517861
0.96924597
0.966826558
0.96425277
0.961513817
0.958595872
0.955482423
0.952155888
0.948598504
0.944792569
0.940720379
0.936363339
0.931700706
0.9267084
0.921358407
0.915618539
0.909452677
0.902821541
0.895682991
0.887991667
0.879697859
0.870744407
0.86106354
0.85057205
0.839167356
0.826723039
0.81308645
0.798076749
0.7814852
0.763077676
0.742600501
0.719789565
0.69438386
0.66614455
0.634877801
0.60046339
0.562885582
0.522265792
0.478892267
0.433511853
0.386314511
0.338105559
0.289955616
0.243138701
0.198994964
0.158743918
0.123304024
0.093178228
0.068437025
0.997333348
0.997112811
0.996856511
0.996574104
0.996275902
0.995968044
0.995651126
0.995321751
0.994974256
0.994602382
0.994200587
0.993764818
0.993292809
0.992783666
0.992236853
0.99165082
0.99102205
0.990344465
0.989610016
0.988809705
0.987935245
0.986979425
0.985936224
0.98480022
0.983565331
0.982224286
0.980768502
0.979189456
0.977479339
0.975632727
0.973646164
0.971517861
0.96924597
0.966826558
0.96425277
0.961513817
0.958595872
0.955482423
0.952155888
0.948598504
0.944792569
0.940720379
0.936363339
0.931700706
0.9267084
0.921358407
0.915618539
0.909452677
0.902821541
0.895682991
0.887991667
0.879697859
0.870744407
0.86106354
0.85057205
0.839167356
0.826723039
0.81308645
0.798076749
0.7814852
0.763077676
0.742600501
0.719789565
0.69438386
0.66614455
0.634877801
0.60046339
0.562885582
0.522265792
0.478892267
0.433511853
0.386314511
0.338105559
0.289955616
0.243138701
0.198994964
0.158743918
0.123304024
0.093178228
0.068437025
0.997333348
0.997112811
0.996856511
0.996574104
0.996275902
0.995968044
0.995651126
0.995321751
0.994974256
0.994602382
0.994200587
0.993764818
0.993292809
0.992783666
0.992236853
0.99165082
0.99102205
0.990344465
0.989610016
0.988809705
0.987935245
0.986979425
0.985936224
0.98480022
0.983565331
0.982224286
0.980768502
0.979189456
0.977479339
0.975632727
0.973646164
0.971517861
0.96924597
0.966826558
0.96425277
0.961513817
0.958595872
0.955482423
0.952155888
0.948598504
0.944792569
0.940720379
0.936363339
0.931700706
0.9267084
0.921358407
0.915618539
0.909452677
0.902821541
0.895682991
0.887991667
0.879697859
0.870744407
0.86106354
0.85057205
0.839167356
0.826723039
0.81308645
0.798076749
0.7814852
0.763077676
0.742600501
0.719789565
0.69438386
0.66614455
0.634877801
0.60046339
0.562885582
0.522265792
0.478892267
0.433511853
0.386314511
0.338105559
0.289955616
0.243138701
0.198994964
0.158743918
0.123304024
0.093178228
0.068437025
0.997333348
0.997112811
0.996856511
0.996574104
0.996275902
0.995968044
0.995651126
0.995321751
0.994974256
0.994602382
0.994200587
0.993764818
0.993292809
0.992783666
0.992236853
0.99165082
0.99102205
0.990344465
0.989610016
0.988809705
0.987935245
0.986979425
0.985936224
0.98480022
0.983565331
0.982224286
0.980768502
0.979189456
0.977479339
0.975632727
0.973646164
0.971517861
0.96924597
0.966826558
0.96425277
0.961513817
0.958595872
0.955482423
0.952155888
0.948598504
0.944792569
0.940720379
0.936363339
0.931700706
0.9267084
0.921358407
0.915618539
0.909452677
0.902821541
0.895682991
0.887991667
0.879697859
0.870744407
0.86106354
0.85057205
0.839167356
0.826723039
0.81308645
0.798076749
0.7814852
0.763077676
0.742600501
0.719789565
0.69438386
0.66614455
0.634877801
0.60046339
0.562885582
0.522265792
0.478892267
0.433511853
0.386314511
0.338105559
0.289955616
0.243138701
0.198994964
0.158743918
0.123304024
0.093178228
0.068437025
0.997333348
0.997112811
0.996856511
0.996574104
0.996275902
0.995968044
0.995651126
0.995321751
0.994974256
0.994602382
0.994200587
0.993764818
0.993292809
0.992783666
0.992236853
0.99165082
0.99102205
0.990344465
0.989610016
0.988809705
0.987935245
0.986979425
0.985936224
0.98480022
0.983565331
0.982224286
0.980768502
0.979189456
0.977479339
0.975632727
0.973646164
0.971517861
0.96924597
0.966826558
0.96425277
0.961513817
0.958595872
0.955482423
0.952155888
0.948598504
0.944792569
0.940720379
0.936363339
0.931700706
0.9267084
0.921358407
0.915618539
0.909452677
0.902821541
0.895682991
0.887991667
0.879697859
0.870744407
0.86106354
0.85057205
0.839167356
0.826723039
0.81308645
0.798076749
0.7814852
0.763077676
0.742600501
0.719789565
0.69438386
0.66614455
0.634877801
0.60046339
0.562885582
0.522265792
0.478892267
0.433511853
0.386314511
0.338105559
0.289955616
0.243138701
0.198994964
0.158743918
0.123304024
0.093178228
0.068437025
0.997333348
0.997112811
0.996856511
0.996574104
0.996275902
0.995968044
0.995651126
0.995321751
0.994974256
0.994602382
0.994200587
0.993764818
0.993292809
0.992783666
0.992236853
0.99165082
0.99102205
0.990344465
0.989610016
0.988809705
0.987935245
0.986979425
0.985936224
0.98480022
0.983565331
0.982224286
0.980768502
0.979189456
0.977479339
0.975632727
0.973646164
0.971517861
0.96924597
0.966826558
0.96425277
0.961513817
0.958595872
0.955482423
0.952155888
0.948598504
0.944792569
0.940720379
0.936363339
0.931700706
0.9267084
0.921358407
0.915618539
0.909452677
0.902821541
0.895682991
0.887991667
0.879697859
0.870744407
0.86106354
0.85057205
0.839167356
0.826723039
0.81308645
0.798076749
0.7814852
0.763077676
0.742600501
0.719789565
0.69438386
0.66614455
0.634877801
0.60046339
0.562885582
0.522265792
0.478892267
0.433511853
0.386314511
0.338105559
0.289955616
0.243138701
0.198994964
0.158743918
0.123304024
0.093178228
0.068437025
0.997333348
0.997112811
0.996856511
0.996574104
0.996275902
0.995968044
0.995651126
0.995321751
0.994974256
0.994602382
0.994200587
0.993764818
0.993292809
0.992783666
0.992236853
0.99165082
0.99102205
0.990344465
0.989610016
0.988809705
0.987935245
0.986979425
0.985936224
0.98480022
0.983565331
0.982224286
0.980768502
0.979189456
0.977479339
0.975632727
0.973646164
0.971517861
0.96924597
0.966826558
0.96425277
0.961513817
0.958595872
0.955482423
0.952155888
0.948598504
0.944792569
0.940720379
0.936363339
0.931700706
0.9267084
0.921358407
0.915618539
0.909452677
0.902821541
0.895682991
0.887991667
0.879697859
0.870744407
0.86106354
0.85057205
0.839167356
0.826723039
0.81308645
0.798076749
0.7814852
0.763077676
0.742600501
0.719789565
0.69438386
0.66614455
0.634877801
0.60046339
0.562885582
0.522265792
0.478892267
0.433511853
0.386314511
0.338105559
0.289955616
0.243138701
0.198994964
0.158743918
0.123304024
0.093178228
0.068437025
0.997333348
0.997112811
0.996856511
0.996574104
0.996275902
0.995968044
0.995651126
0.995321751
0.994974256
0.994602382
0.994200587
0.993764818
0.993292809
0.992783666
0.992236853
0.99165082
0.99102205
0.990344465
0.989610016
0.988809705
0.987935245
0.986979425
0.985936224
0.98480022
0.983565331
0.982224286
0.980768502
0.979189456
0.977479339
0.975632727
0.973646164
0.971517861
0.96924597
0.966826558
0.96425277
0.961513817
0.958595872
0.955482423
0.952155888
0.948598504
0.944792569
0.940720379
0.936363339
0.931700706
0.9267084
0.921358407
0.915618539
0.909452677
0.902821541
0.895682991
0.887991667
0.879697859
0.870744407
0.86106354
0.85057205
0.839167356
0.826723039
0.81308645
0.798076749
0.7814852
0.763077676
0.742600501
0.719789565
0.69438386
0.66614455
0.634877801
0.60046339
0.562885582
0.522265792
0.478892267
0.433511853
0.386314511
0.338105559
0.289955616
0.243138701
0.198994964
0.158743918
0.123304024
0.093178228
0.068437025
0.997333348
0.997112811
0.996856511
0.996574104
0.996275902
0.995968044
0.995651126
0.995321751
0.994974256
0.994602382
0.994200587
0.993764818
0.993292809
0.992783666
0.992236853
0.99165082
0.99102205
0.990344465
0.989610016
0.988809705
0.987935245
0.986979425
0.985936224
0.98480022
0.983565331
0.982224286
0.980768502
0.979189456
0.977479339
0.975632727
0.973646164
0.971517861
0.96924597
0.966826558
0.96425277
0.961513817
0.958595872
0.955482423
0.952155888
0.948598504
0.944792569
0.940720379
0.936363339
0.931700706
0.9267084
0.921358407
0.915618539
0.909452677
0.902821541
0.895682991
0.887991667
0.879697859
0.870744407
0.86106354
0.85057205
0.839167356
0.826723039
0.81308645
0.798076749
0.7814852
0.763077676
0.742600501
0.719789565
0.69438386
0.66614455
0.634877801
0.60046339
0.562885582
0.522265792
0.478892267
0.433511853
0.386314511
0.338105559
0.289955616
0.243138701
0.198994964
0.158743918
0.123304024
0.093178228
0.068437025
0.997333348
0.997112811
0.996856511
0.996574104
0.996275902
0.995968044
0.995651126
0.995321751
0.994974256
0.994602382
0.994200587
0.993764818
0.993292809
0.992783666
0.992236853
0.99165082
0.99102205
0.990344465
0.989610016
0.988809705
0.987935245
0.986979425
0.985936224
0.98480022
0.983565331
0.982224286
0.980768502
0.979189456
0.977479339
0.975632727
0.973646164
0.971517861
0.96924597
0.966826558
0.96425277
0.961513817
0.958595872
0.955482423
0.952155888
0.948598504
0.944792569
0.940720379
0.936363339
0.931700706
0.9267084
0.921358407
0.915618539
0.909452677
0.902821541
0.895682991
0.887991667
0.879697859
0.870744407
0.86106354
0.85057205
0.839167356
0.826723039
0.81308645
0.798076749
0.7814852
0.763077676
0.742600501
0.719789565
0.69438386
0.66614455
0.634877801
0.60046339
0.562885582
0.522265792
0.478892267
0.433511853
0.386314511
0.338105559
0.289955616
0.243138701
0.198994964
0.158743918
0.123304024
0.093178228
0.068437025
0.997333348
0.997112811
0.996856511
0.996574104
0.996275902
0.995968044
0.995651126
0.995321751
0.994974256
0.994602382
0.994200587
0.993764818
0.993292809
0.992783666
0.992236853
0.99165082
0.99102205
0.990344465
0.989610016
0.988809705
0.987935245
0.986979425
0.985936224
0.98480022
0.983565331
0.982224286
0.980768502
0.979189456
0.977479339
0.975632727
0.973646164
0.971517861
0.96924597
0.966826558
0.96425277
0.961513817
0.958595872
0.955482423
0.952155888
0.948598504
0.944792569
0.940720379
0.936363339
0.931700706
0.9267084
0.921358407
0.915618539
0.909452677
0.902821541
0.895682991
0.887991667
0.879697859
0.870744407
0.86106354
0.85057205
0.839167356
0.826723039
0.81308645
0.798076749
0.7814852
0.763077676
0.742600501
0.719789565
0.69438386
0.66614455
0.634877801
0.60046339
0.562885582
0.522265792
0.478892267
0.433511853
0.386314511
0.338105559
0.289955616
0.243138701
0.198994964
0.158743918
0.123304024
0.093178228
0.068437025
0.997333348
0.997112811
0.996856511
0.996574104
0.996275902
0.995968044
0.995651126
0.995321751
0.994974256
0.994602382
0.994200587
0.993764818
0.993292809
0.992783666
0.992236853
0.99165082
0.99102205
0.990344465
0.989610016
0.988809705
0.987935245
0.986979425
0.985936224
0.98480022
0.983565331
0.982224286
0.980768502
0.979189456
0.977479339
0.975632727
0.973646164
0.971517861
0.96924597
0.966826558
0.96425277
0.961513817
0.958595872
0.955482423
0.952155888
0.948598504
0.944792569
0.940720379
0.936363339
0.931700706
0.9267084
0.921358407
0.915618539
0.909452677
0.902821541
0.895682991
0.887991667
0.879697859
0.870744407
0.86106354
0.85057205
0.839167356
0.826723039
0.81308645
0.798076749
0.7814852
0.763077676
0.742600501
0.719789565
0.69438386
0.66614455
0.634877801
0.60046339
0.562885582
0.522265792
0.478892267
0.433511853
0.386314511
0.338105559
0.289955616
0.243138701
0.198994964
0.158743918
0.123304024
0.093178228
0.068437025
0.997333348
0.997112811
0.996856511
0.996574104
0.996275902
0.995968044
0.995651126
0.995321751
0.994974256
0.994602382
0.994200587
0.993764818
0.993292809
0.992783666
0.992236853
0.99165082
0.99102205
0.990344465
0.989610016
0.988809705
0.987935245
0.986979425
0.985936224
0.98480022
0.983565331
0.982224286
0.980768502
0.979189456
0.977479339
0.975632727
0.973646164
0.971517861
0.96924597
0.966826558
0.96425277
0.961513817
0.958595872
0.955482423
0.952155888
0.948598504
0.944792569
0.940720379
0.936363339
0.931700706
0.9267084
0.921358407
0.915618539
0.909452677
0.902821541
0.895682991
0.887991667
0.879697859
0.870744407
0.86106354
0.85057205
0.839167356
0.826723039
0.81308645
0.798076749
0.7814852
0.763077676
0.742600501
0.719789565
0.69438386
0.66614455
0.634877801
0.60046339
0.562885582
0.522265792
0.478892267
0.433511853
0.386314511
0.338105559
0.289955616
0.243138701
0.198994964
0.158743918
0.123304024
0.093178228
0.068437025
0.997333348
0.997112811
0.996856511
0.996574104
0.996275902
0.995968044
0.995651126
0.995321751
0.994974256
0.994602382
0.994200587
0.993764818
0.993292809
0.992783666
0.992236853
0.99165082
0.99102205
0.990344465
0.989610016
0.988809705
0.987935245
0.986979425
0.985936224
0.98480022
0.983565331
0.982224286
0.980768502
0.979189456
0.977479339
0.975632727
0.973646164
0.971517861
0.96924597
0.966826558
0.96425277
0.961513817
0.958595872
0.955482423
0.952155888
0.948598504
0.944792569
0.940720379
0.936363339
0.931700706
0.9267084
0.921358407
0.915618539
0.909452677
0.902821541
0.895682991
0.887991667
0.879697859
0.870744407
0.86106354
0.85057205
0.839167356
0.826723039
0.81308645
0.798076749
0.7814852
0.763077676
0.742600501
0.719789565
0.69438386
0.66614455
0.634877801
0.60046339
0.562885582
0.522265792
0.478892267
0.433511853
0.386314511
0.338105559
0.289955616
0.243138701
0.198994964
0.158743918
0.123304024
0.093178228
0.068437025
0.997333348
0.997112811
0.996856511
0.996574104
0.996275902
0.995968044
0.995651126
0.995321751
0.994974256
0.994602382
0.994200587
0.993764818
0.993292809
0.992783666
0.992236853
0.99165082
0.99102205
0.990344465
0.989610016
0.988809705
0.987935245
0.986979425
0.985936224
0.98480022
0.983565331
0.982224286
0.980768502
0.979189456
0.977479339
0.975632727
0.973646164
0.971517861
0.96924597
0.966826558
0.96425277
0.961513817
0.958595872
0.955482423
0.952155888
0.948598504
0.944792569
0.940720379
0.936363339
0.931700706
0.9267084
0.921358407
0.915618539
0.909452677
0.902821541
0.895682991
0.887991667
0.879697859
0.870744407
0.86106354
0.85057205
0.839167356
0.826723039
0.81308645
0.798076749
0.7814852
0.763077676
0.742600501
0.719789565
0.69438386
0.66614455
0.634877801
0.60046339
0.562885582
0.522265792
0.478892267
0.433511853
0.386314511
0.338105559
0.289955616
0.243138701
0.198994964
0.158743918
0.123304024
0.093178228
0.068437025
0.997333348
0.997112811
0.996856511
0.996574104
0.996275902
0.995968044
0.995651126
0.995321751
0.994974256
0.994602382
0.994200587
0.993764818
0.993292809
0.992783666
0.992236853
0.99165082
0.99102205
0.990344465
0.989610016
0.988809705
0.987935245
0.986979425
0.985936224
0.98480022
0.983565331
0.982224286
0.980768502
0.979189456
0.977479339
0.975632727
0.973646164
0.971517861
0.96924597
0.966826558
0.96425277
0.961513817
0.958595872
0.955482423
0.952155888
0.948598504
0.944792569
0.940720379
0.936363339
0.931700706
0.9267084
0.921358407
0.915618539
0.909452677
0.902821541
0.895682991
0.887991667
0.879697859
0.870744407
0.86106354
0.85057205
0.839167356
0.826723039
0.81308645
0.798076749
0.7814852
0.763077676
0.742600501
0.719789565
0.69438386
0.66614455
0.634877801
0.60046339
0.562885582
0.522265792
0.478892267
0.433511853
0.386314511
0.338105559
0.289955616
0.243138701
0.198994964
0.158743918
0.123304024
0.093178228
0.068437025
0.997333348
0.997112811
0.996856511
0.996574104
0.996275902
0.995968044
0.995651126
0.995321751
0.994974256
0.994602382
0.994200587
0.993764818
0.993292809
0.992783666
0.992236853
0.99165082
0.99102205
0.990344465
0.989610016
0.988809705
0.987935245
0.986979425
0.985936224
0.98480022
0.983565331
0.982224286
0.980768502
0.979189456
0.977479339
0.975632727
0.973646164
0.971517861
0.96924597
0.966826558
0.96425277
0.961513817
0.958595872
0.955482423
0.952155888
0.948598504
0.944792569
0.940720379
0.936363339
0.931700706
0.9267084
0.921358407
0.915618539
0.909452677
0.902821541
0.895682991
0.887991667
0.879697859
0.870744407
0.86106354
0.85057205
0.839167356
0.826723039
0.81308645
0.798076749
0.7814852
0.763077676
0.742600501
0.719789565
0.69438386
0.66614455
0.634877801
0.60046339
0.562885582
0.522265792
0.478892267
0.433511853
0.386314511
0.338105559
0.289955616
0.243138701
0.198994964
0.158743918
0.123304024
0.093178228
0.068437025
0.997333348
0.997112811
0.996856511
0.996574104
0.996275902
0.995968044
0.995651126
0.995321751
0.994974256
0.994602382
0.994200587
0.993764818
0.993292809
0.992783666
0.992236853
0.99165082
0.99102205
0.990344465
0.989610016
0.988809705
0.987935245
0.986979425
0.985936224
0.98480022
0.983565331
0.982224286
0.980768502
0.979189456
0.977479339
0.975632727
0.973646164
0.971517861
0.96924597
0.966826558
0.96425277
0.961513817
0.958595872
0.955482423
0.952155888
0.948598504
0.944792569
0.940720379
0.936363339
0.931700706
0.9267084
0.921358407
0.915618539
0.909452677
0.902821541
0.895682991
0.887991667
0.879697859
0.870744407
0.86106354
0.85057205
0.839167356
0.826723039
0.81308645
0.798076749
0.7814852
0.763077676
0.742600501
0.719789565
0.69438386
0.66614455
0.634877801
0.60046339
0.562885582
0.522265792
0.478892267
0.433511853
0.386314511
0.338105559
0.289955616
0.243138701
0.198994964
0.158743918
0.123304024
0.093178228
0.068437025
0.997333348
0.997112811
0.996856511
0.996574104
0.996275902
0.995968044
0.995651126
0.995321751
0.994974256
0.994602382
0.994200587
0.993764818
0.993292809
0.992783666
0.992236853
0.99165082
0.99102205
0.990344465
0.989610016
0.988809705
0.987935245
0.986979425
0.985936224
0.98480022
0.983565331
0.982224286
0.980768502
0.979189456
0.977479339
0.975632727
0.973646164
0.971517861
0.96924597
0.966826558
0.96425277
0.961513817
0.958595872
0.955482423
0.952155888
0.948598504
0.944792569
0.940720379
0.936363339
0.931700706
0.9267084
0.921358407
0.915618539
0.909452677
0.902821541
0.895682991
0.887991667
0.879697859
0.870744407
0.86106354
0.85057205
0.839167356
0.826723039
0.81308645
0.798076749
0.7814852
0.763077676
0.742600501
0.719789565
0.69438386
0.66614455
0.634877801
0.60046339
0.562885582
0.522265792
0.478892267
0.433511853
0.386314511
0.338105559
0.289955616
0.243138701
0.198994964
0.158743918
0.123304024
0.093178228
0.068437025
0.997333348
0.997112811
0.996856511
0.996574104
0.996275902
0.995968044
0.995651126
0.995321751
0.994974256
0.994602382
0.994200587
0.993764818
0.993292809
0.992783666
0.992236853
0.99165082
0.99102205
0.990344465
0.989610016
0.988809705
0.987935245
0.986979425
0.985936224
0.98480022
0.983565331
0.982224286
0.980768502
0.979189456
0.977479339
0.975632727
0.973646164
0.971517861
0.96924597
0.966826558
0.96425277
0.961513817
0.958595872
0.955482423
0.952155888
0.948598504
0.944792569
0.940720379
0.936363339
0.931700706
0.9267084
0.921358407
0.915618539
0.909452677
0.902821541
0.895682991
0.887991667
0.879697859
0.870744407
0.86106354
0.85057205
0.839167356
0.826723039
0.81308645
0.798076749
0.7814852
0.763077676
0.742600501
0.719789565
0.69438386
0.66614455
0.634877801
0.60046339
0.562885582
0.522265792
0.478892267
0.433511853
0.386314511
0.338105559
0.289955616
0.243138701
0.198994964
0.158743918
0.123304024
0.093178228
0.068437025
0.997333348
0.997112811
0.996856511
0.996574104
0.996275902
0.995968044
0.995651126
0.995321751
0.994974256
0.994602382
0.994200587
0.993764818
0.993292809
0.992783666
0.992236853
0.99165082
0.99102205
0.990344465
0.989610016
0.988809705
0.987935245
0.986979425
0.985936224
0.98480022
0.983565331
0.982224286
0.980768502
0.979189456
0.977479339
0.975632727
0.973646164
0.971517861
0.96924597
0.966826558
0.96425277
0.961513817
0.958595872
0.955482423
0.952155888
0.948598504
0.944792569
0.940720379
0.936363339
0.931700706
0.9267084
0.921358407
0.915618539
0.909452677
0.902821541
0.895682991
0.887991667
0.879697859
0.870744407
0.86106354
0.85057205
0.839167356
0.826723039
0.81308645
0.798076749
0.7814852
0.763077676
0.742600501
0.719789565
0.69438386
0.66614455
0.634877801
0.60046339
0.562885582
0.522265792
0.478892267
0.433511853
0.386314511
0.338105559
0.289955616
0.243138701
0.198994964
0.158743918
0.123304024
0.093178228
0.068437025
0.997333348
0.997112811
0.996856511
0.996574104
0.996275902
0.995968044
0.995651126
0.995321751
0.994974256
0.994602382
0.994200587
0.993764818
0.993292809
0.992783666
0.992236853
0.99165082
0.99102205
0.990344465
0.989610016
0.988809705
0.987935245
0.986979425
0.985936224
0.98480022
0.983565331
0.982224286
0.980768502
0.979189456
0.977479339
0.975632727
0.973646164
0.971517861
0.96924597
0.966826558
0.96425277
0.961513817
0.958595872
0.955482423
0.952155888
0.948598504
0.944792569
0.940720379
0.936363339
0.931700706
0.9267084
0.921358407
0.915618539
0.909452677
0.902821541
0.895682991
0.887991667
0.879697859
0.870744407
0.86106354
0.85057205
0.839167356
0.826723039
0.81308645
0.798076749
0.7814852
0.763077676
0.742600501
0.719789565
0.69438386
0.66614455
0.634877801
0.60046339
0.562885582
0.522265792
0.478892267
0.433511853
0.386314511
0.338105559
0.289955616
0.243138701
0.198994964
0.158743918
0.123304024
0.093178228
0.068437025
0.997333348
0.997112811
0.996856511
0.996574104
0.996275902
0.995968044
0.995651126
0.995321751
0.994974256
0.994602382
0.994200587
0.993764818
0.993292809
0.992783666
0.992236853
0.99165082
0.99102205
0.990344465
0.989610016
0.988809705
0.987935245
0.986979425
0.985936224
0.98480022
0.983565331
0.982224286
0.980768502
0.979189456
0.977479339
0.975632727
0.973646164
0.971517861
0.96924597
0.966826558
0.96425277
0.961513817
0.958595872
0.955482423
0.952155888
0.948598504
0.944792569
0.940720379
0.936363339
0.931700706
0.9267084
0.921358407
0.915618539
0.909452677
0.902821541
0.895682991
0.887991667
0.879697859
0.870744407
0.86106354
0.85057205
0.839167356
0.826723039
0.81308645
0.798076749
0.7814852
0.763077676
0.742600501
0.719789565
0.69438386
0.66614455
0.634877801
0.60046339
0.562885582
0.522265792
0.478892267
0.433511853
0.386314511
0.338105559
0.289955616
0.243138701
0.198994964
0.158743918
0.123304024
0.093178228
0.068437025
0.997333348
0.997112811
0.996856511
0.996574104
0.996275902
0.995968044
0.995651126
0.995321751
0.994974256
0.994602382
0.994200587
0.993764818
0.993292809
0.992783666
0.992236853
0.99165082
0.99102205
0.990344465
0.989610016
0.988809705
0.987935245
0.986979425
0.985936224
0.98480022
0.983565331
0.982224286
0.980768502
0.979189456
0.977479339
0.975632727
0.973646164
0.971517861
0.96924597
0.966826558
0.96425277
0.961513817
0.958595872
0.955482423
0.952155888
0.948598504
0.944792569
0.940720379
0.936363339
0.931700706
0.9267084
0.921358407
0.915618539
0.909452677
0.902821541
0.895682991
0.887991667
0.879697859
0.870744407
0.86106354
0.85057205
0.839167356
0.826723039
0.81308645
0.798076749
0.7814852
0.763077676
0.742600501
0.719789565
0.69438386
0.66614455
0.634877801
0.60046339
0.562885582
0.522265792
0.478892267
0.433511853
0.386314511
0.338105559
0.289955616
0.243138701
0.198994964
0.158743918
0.123304024
0.093178228
0.068437025
0.997333348
0.997112811
0.996856511
0.996574104
0.996275902
0.995968044
0.995651126
0.995321751
0.994974256
0.994602382
0.994200587
0.993764818
0.993292809
0.992783666
0.992236853
0.99165082
0.99102205
0.990344465
0.989610016
0.988809705
0.987935245
0.986979425
0.985936224
0.98480022
0.983565331
0.982224286
0.980768502
0.979189456
0.977479339
0.975632727
0.973646164
0.971517861
0.96924597
0.966826558
0.96425277
0.961513817
0.958595872
0.955482423
0.952155888
0.948598504
0.944792569
0.940720379
0.936363339
0.931700706
0.9267084
0.921358407
0.915618539
0.909452677
0.902821541
0.895682991
0.887991667
0.879697859
0.870744407
0.86106354
0.85057205
0.839167356
0.826723039
0.81308645
0.798076749
0.7814852
0.763077676
0.742600501
0.719789565
0.69438386
0.66614455
0.634877801
0.60046339
0.562885582
0.522265792
0.478892267
0.433511853
0.386314511
0.338105559
0.289955616
0.243138701
0.198994964
0.158743918
0.123304024
0.093178228
0.068437025
0.997333348
0.997112811
0.996856511
0.996574104
0.996275902
0.995968044
0.995651126
0.995321751
0.994974256
0.994602382
0.994200587
0.993764818
0.993292809
0.992783666
0.992236853
0.99165082
0.99102205
0.990344465
0.989610016
0.988809705
0.987935245
0.986979425
0.985936224
0.98480022
0.983565331
0.982224286
0.980768502
0.979189456
0.977479339
0.975632727
0.973646164
0.971517861
0.96924597
0.966826558
0.96425277
0.961513817
0.958595872
0.955482423
0.952155888
0.948598504
0.944792569
0.940720379
0.936363339
0.931700706
0.9267084
0.921358407
0.915618539
0.909452677
0.902821541
0.895682991
0.887991667
0.879697859
0.870744407
0.86106354
0.85057205
0.839167356
0.826723039
0.81308645
0.798076749
0.7814852
0.763077676
0.742600501
0.719789565
0.69438386
0.66614455
0.634877801
0.60046339
0.562885582
0.522265792
0.478892267
0.433511853
0.386314511
0.338105559
0.289955616
0.243138701
0.198994964
0.158743918
0.123304024
0.093178228
0.068437025
0.997333348
0.997112811
0.996856511
0.996574104
0.996275902
0.995968044
0.995651126
0.995321751
0.994974256
0.994602382
0.994200587
0.993764818
0.993292809
0.992783666
0.992236853
0.99165082
0.99102205
0.990344465
0.989610016
0.988809705
0.987935245
0.986979425
0.985936224
0.98480022
0.983565331
0.982224286
0.980768502
0.979189456
0.977479339
0.975632727
0.973646164
0.971517861
0.96924597
0.966826558
0.96425277
0.961513817
0.958595872
0.955482423
0.952155888
0.948598504
0.944792569
0.940720379
0.936363339
0.931700706
0.9267084
0.921358407
0.915618539
0.909452677
0.902821541
0.895682991
0.887991667
0.879697859
0.870744407
0.86106354
0.85057205
0.839167356
0.826723039
0.81308645
0.798076749
0.7814852
0.763077676
0.742600501
0.719789565
0.69438386
0.66614455
0.634877801
0.60046339
0.562885582
0.522265792
0.478892267
0.433511853
0.386314511
0.338105559
0.289955616
0.243138701
0.198994964
0.158743918
0.123304024
0.093178228
0.068437025
0.997333348
0.997112811
0.996856511
0.996574104
0.996275902
0.995968044
0.995651126
0.995321751
0.994974256
0.994602382
0.994200587
0.993764818
0.993292809
0.992783666
0.992236853
0.99165082
0.99102205
0.990344465
0.989610016
0.988809705
0.987935245
0.986979425
0.985936224
0.98480022
0.983565331
0.982224286
0.980768502
0.979189456
0.977479339
0.975632727
0.973646164
0.971517861
0.96924597
0.966826558
0.96425277
0.961513817
0.958595872
0.955482423
0.952155888
0.948598504
0.944792569
0.940720379
0.936363339
0.931700706
0.9267084
0.921358407
0.915618539
0.909452677
0.902821541
0.895682991
0.887991667
0.879697859
0.870744407
0.86106354
0.85057205
0.839167356
0.826723039
0.81308645
0.798076749
0.7814852
0.763077676
0.742600501
0.719789565
0.69438386
0.66614455
0.634877801
0.60046339
0.562885582
0.522265792
0.478892267
0.433511853
0.386314511
0.338105559
0.289955616
0.243138701
0.198994964
0.158743918
0.123304024
0.093178228
0.068437025
0.997333348
0.997112811
0.996856511
0.996574104
0.996275902
0.995968044
0.995651126
0.995321751
0.994974256
0.994602382
0.994200587
0.993764818
0.993292809
0.992783666
0.992236853
0.99165082
0.99102205
0.990344465
0.989610016
0.988809705
0.987935245
0.986979425
0.985936224
0.98480022
0.983565331
0.982224286
0.980768502
0.979189456
0.977479339
0.975632727
0.973646164
0.971517861
0.96924597
0.966826558
0.96425277
0.961513817
0.958595872
0.955482423
0.952155888
0.948598504
0.944792569
0.940720379
0.936363339
0.931700706
0.9267084
0.921358407
0.915618539
0.909452677
0.902821541
0.895682991
0.887991667
0.879697859
0.870744407
0.86106354
0.85057205
0.839167356
0.826723039
0.81308645
0.798076749
0.7814852
0.763077676
0.742600501
0.719789565
0.69438386
0.66614455
0.634877801
0.60046339
0.562885582
0.522265792
0.478892267
0.433511853
0.386314511
0.338105559
0.289955616
0.243138701
0.198994964
0.158743918
0.123304024
0.093178228
0.068437025
0.997333348
0.997112811
0.996856511
0.996574104
0.996275902
0.995968044
0.995651126
0.995321751
0.994974256
0.994602382
0.994200587
0.993764818
0.993292809
0.992783666
0.992236853
0.99165082
0.99102205
0.990344465
0.989610016
0.988809705
0.987935245
0.986979425
0.985936224
0.98480022
0.983565331
0.982224286
0.980768502
0.979189456
0.977479339
0.975632727
0.973646164
0.971517861
0.96924597
0.966826558
0.96425277
0.961513817
0.958595872
0.955482423
0.952155888
0.948598504
0.944792569
0.940720379
0.936363339
0.931700706
0.9267084
0.921358407
0.915618539
0.909452677
0.902821541
0.895682991
0.887991667
0.879697859
0.870744407
0.86106354
0.85057205
0.839167356
0.826723039
0.81308645
0.798076749
0.7814852
0.763077676
0.742600501
0.719789565
0.69438386
0.66614455
0.634877801
0.60046339
0.562885582
0.522265792
0.478892267
0.433511853
0.386314511
0.338105559
0.289955616
0.243138701
0.198994964
0.158743918
0.123304024
0.093178228
0.068437025
0.997333348
0.997112811
0.996856511
0.996574104
0.996275902
0.995968044
0.995651126
0.995321751
0.994974256
0.994602382
0.994200587
0.993764818
0.993292809
0.992783666
0.992236853
0.99165082
0.99102205
0.990344465
0.989610016
0.988809705
0.987935245
0.986979425
0.985936224
0.98480022
0.983565331
0.982224286
0.980768502
0.979189456
0.977479339
0.975632727
0.973646164
0.971517861
0.96924597
0.966826558
0.96425277
0.961513817
0.958595872
0.955482423
0.952155888
0.948598504
0.944792569
0.940720379
0.936363339
0.931700706
0.9267084
0.921358407
0.915618539
0.909452677
0.902821541
0.895682991
0.887991667
0.879697859
0.870744407
0.86106354
0.85057205
0.839167356
0.826723039
0.81308645
0.798076749
0.7814852
0.763077676
0.742600501
0.719789565
0.69438386
0.66614455
0.634877801
0.60046339
0.562885582
0.522265792
0.478892267
0.433511853
0.386314511
0.338105559
0.289955616
0.243138701
0.198994964
0.158743918
0.123304024
0.093178228
0.068437025
0.997333348
0.997112811
0.996856511
0.996574104
0.996275902
0.995968044
0.995651126
0.995321751
0.994974256
0.994602382
0.994200587
0.993764818
0.993292809
0.992783666
0.992236853
0.99165082
0.99102205
0.990344465
0.989610016
0.988809705
0.987935245
0.986979425
0.985936224
0.98480022
0.983565331
0.982224286
0.980768502
0.979189456
0.977479339
0.975632727
0.973646164
0.971517861
0.96924597
0.966826558
0.96425277
0.961513817
0.958595872
0.955482423
0.952155888
0.948598504
0.944792569
0.940720379
0.936363339
0.931700706
0.9267084
0.921358407
0.915618539
0.909452677
0.902821541
0.895682991
0.887991667
0.879697859
0.870744407
0.86106354
0.85057205
0.839167356
0.826723039
0.81308645
0.798076749
0.7814852
0.763077676
0.742600501
0.719789565
0.69438386
0.66614455
0.634877801
0.60046339
0.562885582
0.522265792
0.478892267
0.433511853
0.386314511
0.338105559
0.289955616
0.243138701
0.198994964
0.158743918
0.123304024
0.093178228
0.068437025
0.997333348
0.997112811
0.996856511
0.996574104
0.996275902
0.995968044
0.995651126
0.995321751
0.994974256
0.994602382
0.994200587
0.993764818
0.993292809
0.992783666
0.992236853
0.99165082
0.99102205
0.990344465
0.989610016
0.988809705
0.987935245
0.986979425
0.985936224
0.98480022
0.983565331
0.982224286
0.980768502
0.979189456
0.977479339
0.975632727
0.973646164
0.971517861
0.96924597
0.966826558
0.96425277
0.961513817
0.958595872
0.955482423
0.952155888
0.948598504
0.944792569
0.940720379
0.936363339
0.931700706
0.9267084
0.921358407
0.915618539
0.909452677
0.902821541
0.895682991
0.887991667
0.879697859
0.870744407
0.86106354
0.85057205
0.839167356
0.826723039
0.81308645
0.798076749
0.7814852
0.763077676
0.742600501
0.719789565
0.69438386
0.66614455
0.634877801
0.60046339
0.562885582
0.522265792
0.478892267
0.433511853
0.386314511
0.338105559
0.289955616
0.243138701
0.198994964
0.158743918
0.123304024
0.093178228
0.068437025
0.997333348
0.997112811
0.996856511
0.996574104
0.996275902
0.995968044
0.995651126
0.995321751
0.994974256
0.994602382
0.994200587
0.993764818
0.993292809
0.992783666
0.992236853
0.99165082
0.99102205
0.990344465
0.989610016
0.988809705
0.987935245
0.986979425
0.985936224
0.98480022
0.983565331
0.982224286
0.980768502
0.979189456
0.977479339
0.975632727
0.973646164
0.971517861
0.96924597
0.966826558
0.96425277
0.961513817
0.958595872
0.955482423
0.952155888
0.948598504
0.944792569
0.940720379
0.936363339
0.931700706
0.9267084
0.921358407
0.915618539
0.909452677
0.902821541
0.895682991
0.887991667
0.879697859
0.870744407
0.86106354
0.85057205
0.839167356
0.826723039
0.81308645
0.798076749
0.7814852
0.763077676
0.742600501
0.719789565
0.69438386
0.66614455
0.634877801
0.60046339
0.562885582
0.522265792
0.478892267
0.433511853
0.386314511
0.338105559
0.289955616
0.243138701
0.198994964
0.158743918
0.123304024
0.093178228
0.068437025
0.997333348
0.997112811
0.996856511
0.996574104
0.996275902
0.995968044
0.995651126
0.995321751
0.994974256
0.994602382
0.994200587
0.993764818
0.993292809
0.992783666
0.992236853
0.99165082
0.99102205
0.990344465
0.989610016
0.988809705
0.987935245
0.986979425
0.985936224
0.98480022
0.983565331
0.982224286
0.980768502
0.979189456
0.977479339
0.975632727
0.973646164
0.971517861
0.96924597
0.966826558
0.96425277
0.961513817
0.958595872
0.955482423
0.952155888
0.948598504
0.944792569
0.940720379
0.936363339
0.931700706
0.9267084
0.921358407
0.915618539
0.909452677
0.902821541
0.895682991
0.887991667
0.879697859
0.870744407
0.86106354
0.85057205
0.839167356
0.826723039
0.81308645
0.798076749
0.7814852
0.763077676
0.742600501
0.719789565
0.69438386
0.66614455
0.634877801
0.60046339
0.562885582
0.522265792
0.478892267
0.433511853
0.386314511
0.338105559
0.289955616
0.243138701
0.198994964
0.158743918
0.123304024
0.093178228
0.068437025
0.997333348
0.997112811
0.996856511
0.996574104
0.996275902
0.995968044
0.995651126
0.995321751
0.994974256
0.994602382
0.994200587
0.993764818
0.993292809
0.992783666
0.992236853
0.99165082
0.99102205
0.990344465
0.989610016
0.988809705
0.987935245
0.986979425
0.985936224
0.98480022
0.983565331
0.982224286
0.980768502
0.979189456
0.977479339
0.975632727
0.973646164
0.971517861
0.96924597
0.966826558
0.96425277
0.961513817
0.958595872
0.955482423
0.952155888
0.948598504
0.944792569
0.940720379
0.936363339
0.931700706
0.9267084
0.921358407
0.915618539
0.909452677
0.902821541
0.895682991
0.887991667
0.879697859
0.870744407
0.86106354
0.85057205
0.839167356
0.826723039
0.81308645
0.798076749
0.7814852
0.763077676
0.742600501
0.719789565
0.69438386
0.66614455
0.634877801
0.60046339
0.562885582
0.522265792
0.478892267
0.433511853
0.386314511
0.338105559
0.289955616
0.243138701
0.198994964
0.158743918
0.123304024
0.093178228
0.068437025
0.997333348
0.997112811
0.996856511
0.996574104
0.996275902
0.995968044
0.995651126
0.995321751
0.994974256
0.994602382
0.994200587
0.993764818
0.993292809
0.992783666
0.992236853
0.99165082
0.99102205
0.990344465
0.989610016
0.988809705
0.987935245
0.986979425
0.985936224
0.98480022
0.983565331
0.982224286
0.980768502
0.979189456
0.977479339
0.975632727
0.973646164
0.971517861
0.96924597
0.966826558
0.96425277
0.961513817
0.958595872
0.955482423
0.952155888
0.948598504
0.944792569
0.940720379
0.936363339
0.931700706
0.9267084
0.921358407
0.915618539
0.909452677
0.902821541
0.895682991
0.887991667
0.879697859
0.870744407
0.86106354
0.85057205
0.839167356
0.826723039
0.81308645
0.798076749
0.7814852
0.763077676
0.742600501
0.719789565
0.69438386
0.66614455
0.634877801
0.60046339
0.562885582
0.522265792
0.478892267
0.433511853
0.386314511
0.338105559
0.289955616
0.243138701
0.198994964
0.158743918
0.123304024
0.093178228
0.068437025
0.997333348
0.997112811
0.996856511
0.996574104
0.996275902
0.995968044
0.995651126
0.995321751
0.994974256
0.994602382
0.994200587
0.993764818
0.993292809
0.992783666
0.992236853
0.99165082
0.99102205
0.990344465
0.989610016
0.988809705
0.987935245
0.986979425
0.985936224
0.98480022
0.983565331
0.982224286
0.980768502
0.979189456
0.977479339
0.975632727
0.973646164
0.971517861
0.96924597
0.966826558
0.96425277
0.961513817
0.958595872
0.955482423
0.952155888
0.948598504
0.944792569
0.940720379
0.936363339
0.931700706
0.9267084
0.921358407
0.915618539
0.909452677
0.902821541
0.895682991
0.887991667
0.879697859
0.870744407
0.86106354
0.85057205
0.839167356
0.826723039
0.81308645
0.798076749
0.7814852
0.763077676
0.742600501
0.719789565
0.69438386
0.66614455
0.634877801
0.60046339
0.562885582
0.522265792
0.478892267
0.433511853
0.386314511
0.338105559
0.289955616
0.243138701
0.198994964
0.158743918
0.123304024
0.093178228
0.068437025
0.997333348
0.997112811
0.996856511
0.996574104
0.996275902
0.995968044
0.995651126
0.995321751
0.994974256
0.994602382
0.994200587
0.993764818
0.993292809
0.992783666
0.992236853
0.99165082
0.99102205
0.990344465
0.989610016
0.988809705
0.987935245
0.986979425
0.985936224
0.98480022
0.983565331
0.982224286
0.980768502
0.979189456
0.977479339
0.975632727
0.973646164
0.971517861
0.96924597
0.966826558
0.96425277
0.961513817
0.958595872
0.955482423
0.952155888
0.948598504
0.944792569
0.940720379
0.936363339
0.931700706
0.9267084
0.921358407
0.915618539
0.909452677
0.902821541
0.895682991
0.887991667
0.879697859
0.870744407
0.86106354
0.85057205
0.839167356
0.826723039
0.81308645
0.798076749
0.7814852
0.763077676
0.742600501
0.719789565
0.69438386
0.66614455
0.634877801
0.60046339
0.562885582
0.522265792
0.478892267
0.433511853
0.386314511
0.338105559
0.289955616
0.243138701
0.198994964
0.158743918
0.123304024
0.093178228
0.068437025
0.997333348
0.997112811
0.996856511
0.996574104
0.996275902
0.995968044
0.995651126
0.995321751
0.994974256
0.994602382
0.994200587
0.993764818
0.993292809
0.992783666
0.992236853
0.99165082
0.99102205
0.990344465
0.989610016
0.988809705
0.987935245
0.986979425
0.985936224
0.98480022
0.983565331
0.982224286
0.980768502
0.979189456
0.977479339
0.975632727
0.973646164
0.971517861
0.96924597
0.966826558
0.96425277
0.961513817
0.958595872
0.955482423
0.952155888
0.948598504
0.944792569
0.940720379
0.936363339
0.931700706
0.9267084
0.921358407
0.915618539
0.909452677
0.902821541
0.895682991
0.887991667
0.879697859
0.870744407
0.86106354
0.85057205
0.839167356
0.826723039
0.81308645
0.798076749
0.7814852
0.763077676
0.742600501
0.719789565
0.69438386
0.66614455
0.634877801
0.60046339
0.562885582
0.522265792
0.478892267
0.433511853
0.386314511
0.338105559
0.289955616
0.243138701
0.198994964
0.158743918
0.123304024
0.093178228
0.068437025
0.997333348
0.997112811
0.996856511
0.996574104
0.996275902
0.995968044
0.995651126
0.995321751
0.994974256
0.994602382
0.994200587
0.993764818
0.993292809
0.992783666
0.992236853
0.99165082
0.99102205
0.990344465
0.989610016
0.988809705
0.987935245
0.986979425
0.985936224
0.98480022
0.983565331
0.982224286
0.980768502
0.979189456
0.977479339
0.975632727
0.973646164
0.971517861
0.96924597
0.966826558
0.96425277
0.961513817
0.958595872
0.955482423
0.952155888
0.948598504
0.944792569
0.940720379
0.936363339
0.931700706
0.9267084
0.921358407
0.915618539
0.909452677
0.902821541
0.895682991
0.887991667
0.879697859
0.870744407
0.86106354
0.85057205
0.839167356
0.826723039
0.81308645
0.798076749
0.7814852
0.763077676
0.742600501
0.719789565
0.69438386
0.66614455
0.634877801
0.60046339
0.562885582
0.522265792
0.478892267
0.433511853
0.386314511
0.338105559
0.289955616
0.243138701
0.198994964
0.158743918
0.123304024
0.093178228
0.068437025
0.997333348
0.997112811
0.996856511
0.996574104
0.996275902
0.995968044
0.995651126
0.995321751
0.994974256
0.994602382
0.994200587
0.993764818
0.993292809
0.992783666
0.992236853
0.99165082
0.99102205
0.990344465
0.989610016
0.988809705
0.987935245
0.986979425
0.985936224
0.98480022
0.983565331
0.982224286
0.980768502
0.979189456
0.977479339
0.975632727
0.973646164
0.971517861
0.96924597
0.966826558
0.96425277
0.961513817
0.958595872
0.955482423
0.952155888
0.948598504
0.944792569
0.940720379
0.936363339
0.931700706
0.9267084
0.921358407
0.915618539
0.909452677
0.902821541
0.895682991
0.887991667
0.879697859
0.870744407
0.86106354
0.85057205
0.839167356
0.826723039
0.81308645
0.798076749
0.7814852
0.763077676
0.742600501
0.719789565
0.69438386
0.66614455
0.634877801
0.60046339
0.562885582
0.522265792
0.478892267
0.433511853
0.386314511
0.338105559
0.289955616
0.243138701
0.198994964
0.158743918
0.123304024
0.093178228
0.068437025
0.997333348
0.997112811
0.996856511
0.996574104
0.996275902
0.995968044
0.995651126
0.995321751
0.994974256
0.994602382
0.994200587
0.993764818
0.993292809
0.992783666
0.992236853
0.99165082
0.99102205
0.990344465
0.989610016
0.988809705
0.987935245
0.986979425
0.985936224
0.98480022
0.983565331
0.982224286
0.980768502
0.979189456
0.977479339
0.975632727
0.973646164
0.971517861
0.96924597
0.966826558
0.96425277
0.961513817
0.958595872
0.955482423
0.952155888
0.948598504
0.944792569
0.940720379
0.936363339
0.931700706
0.9267084
0.921358407
0.915618539
0.909452677
0.902821541
0.895682991
0.887991667
0.879697859
0.870744407
0.86106354
0.85057205
0.839167356
0.826723039
0.81308645
0.798076749
0.7814852
0.763077676
0.742600501
0.719789565
0.69438386
0.66614455
0.634877801
0.60046339
0.562885582
0.522265792
0.478892267
0.433511853
0.386314511
0.338105559
0.289955616
0.243138701
0.198994964
0.158743918
0.123304024
0.093178228
0.068437025
0.997333348
0.997112811
0.996856511
0.996574104
0.996275902
0.995968044
0.995651126
0.995321751
0.994974256
0.994602382
0.994200587
0.993764818
0.993292809
0.992783666
0.992236853
0.99165082
0.99102205
0.990344465
0.989610016
0.988809705
0.987935245
0.986979425
0.985936224
0.98480022
0.983565331
0.982224286
0.980768502
0.979189456
0.977479339
0.975632727
0.973646164
0.971517861
0.96924597
0.966826558
0.96425277
0.961513817
0.958595872
0.955482423
0.952155888
0.948598504
0.944792569
0.940720379
0.936363339
0.931700706
0.9267084
0.921358407
0.915618539
0.909452677
0.902821541
0.895682991
0.887991667
0.879697859
0.870744407
0.86106354
0.85057205
0.839167356
0.826723039
0.81308645
0.798076749
0.7814852
0.763077676
0.742600501
0.719789565
0.69438386
0.66614455
0.634877801
0.60046339
0.562885582
0.522265792
0.478892267
0.433511853
0.386314511
0.338105559
0.289955616
0.243138701
0.198994964
0.158743918
0.123304024
0.093178228
0.068437025
0.997333348
0.997112811
0.996856511
0.996574104
0.996275902
0.995968044
0.995651126
0.995321751
0.994974256
0.994602382
0.994200587
0.993764818
0.993292809
0.992783666
0.992236853
0.99165082
0.99102205
0.990344465
0.989610016
0.988809705
0.987935245
0.986979425
0.985936224
0.98480022
0.983565331
0.982224286
0.980768502
0.979189456
0.977479339
0.975632727
0.973646164
0.971517861
0.96924597
0.966826558
0.96425277
0.961513817
0.958595872
0.955482423
0.952155888
0.948598504
0.944792569
0.940720379
0.936363339
0.931700706
0.9267084
0.921358407
0.915618539
0.909452677
0.902821541
0.895682991
0.887991667
0.879697859
0.870744407
0.86106354
0.85057205
0.839167356
0.826723039
0.81308645
0.798076749
0.7814852
0.763077676
0.742600501
0.719789565
0.69438386
0.66614455
0.634877801
0.60046339
0.562885582
0.522265792
0.478892267
0.433511853
0.386314511
0.338105559
0.289955616
0.243138701
0.198994964
0.158743918
0.123304024
0.093178228
0.068437025
0.997333348
0.997112811
0.996856511
0.996574104
0.996275902
0.995968044
0.995651126
0.995321751
0.994974256
0.994602382
0.994200587
0.993764818
0.993292809
0.992783666
0.992236853
0.99165082
0.99102205
0.990344465
0.989610016
0.988809705
0.987935245
0.986979425
0.985936224
0.98480022
0.983565331
0.982224286
0.980768502
0.979189456
0.977479339
0.975632727
0.973646164
0.971517861
0.96924597
0.966826558
0.96425277
0.961513817
0.958595872
0.955482423
0.952155888
0.948598504
0.944792569
0.940720379
0.936363339
0.931700706
0.9267084
0.921358407
0.915618539
0.909452677
0.902821541
0.895682991
0.887991667
0.879697859
0.870744407
0.86106354
0.85057205
0.839167356
0.826723039
0.81308645
0.798076749
0.7814852
0.763077676
0.742600501
0.719789565
0.69438386
0.66614455
0.634877801
0.60046339
0.562885582
0.522265792
0.478892267
0.433511853
0.386314511
0.338105559
0.289955616
0.243138701
0.198994964
0.158743918
0.123304024
0.093178228
0.068437025
0.997333348
0.997112811
0.996856511
0.996574104
0.996275902
0.995968044
0.995651126
0.995321751
0.994974256
0.994602382
0.994200587
0.993764818
0.993292809
0.992783666
0.992236853
0.99165082
0.99102205
0.990344465
0.989610016
0.988809705
0.987935245
0.986979425
0.985936224
0.98480022
0.983565331
0.982224286
0.980768502
0.979189456
0.977479339
0.975632727
0.973646164
0.971517861
0.96924597
0.966826558
0.96425277
0.961513817
0.958595872
0.955482423
0.952155888
0.948598504
0.944792569
0.940720379
0.936363339
0.931700706
0.9267084
0.921358407
0.915618539
0.909452677
0.902821541
0.895682991
0.887991667
0.879697859
0.870744407
0.86106354
0.85057205
0.839167356
0.826723039
0.81308645
0.798076749
0.7814852
0.763077676
0.742600501
0.719789565
0.69438386
0.66614455
0.634877801
0.60046339
0.562885582
0.522265792
0.478892267
0.433511853
0.386314511
0.338105559
0.289955616
0.243138701
0.198994964
0.158743918
0.123304024
0.093178228
0.068437025
0.997333348
0.997112811
0.996856511
0.996574104
0.996275902
0.995968044
0.995651126
0.995321751
0.994974256
0.994602382
0.994200587
0.993764818
0.993292809
0.992783666
0.992236853
0.99165082
0.99102205
0.990344465
0.989610016
0.988809705
0.987935245
0.986979425
0.985936224
0.98480022
0.983565331
0.982224286
0.980768502
0.979189456
0.977479339
0.975632727
0.973646164
0.971517861
0.96924597
0.966826558
0.96425277
0.961513817
0.958595872
0.955482423
0.952155888
0.948598504
0.944792569
0.940720379
0.936363339
0.931700706
0.9267084
0.921358407
0.915618539
0.909452677
0.902821541
0.895682991
0.887991667
0.879697859
0.870744407
0.86106354
0.85057205
0.839167356
0.826723039
0.81308645
0.798076749
0.7814852
0.763077676
0.742600501
0.719789565
0.69438386
0.66614455
0.634877801
0.60046339
0.562885582
0.522265792
0.478892267
0.433511853
0.386314511
0.338105559
0.289955616
0.243138701
0.198994964
0.158743918
0.123304024
0.093178228
0.068437025
0.997333348
0.997112811
0.996856511
0.996574104
0.996275902
0.995968044
0.995651126
0.995321751
0.994974256
0.994602382
0.994200587
0.993764818
0.993292809
0.992783666
0.992236853
0.99165082
0.99102205
0.990344465
0.989610016
0.988809705
0.987935245
0.986979425
0.985936224
0.98480022
0.983565331
0.982224286
0.980768502
0.979189456
0.977479339
0.975632727
0.973646164
0.971517861
0.96924597
0.966826558
0.96425277
0.961513817
0.958595872
0.955482423
0.952155888
0.948598504
0.944792569
0.940720379
0.936363339
0.931700706
0.9267084
0.921358407
0.915618539
0.909452677
0.902821541
0.895682991
0.887991667
0.879697859
0.870744407
0.86106354
0.85057205
0.839167356
0.826723039
0.81308645
0.798076749
0.7814852
0.763077676
0.742600501
0.719789565
0.69438386
0.66614455
0.634877801
0.60046339
0.562885582
0.522265792
0.478892267
0.433511853
0.386314511
0.338105559
0.289955616
0.243138701
0.198994964
0.158743918
0.123304024
0.093178228
0.068437025
0.997333348
0.997112811
0.996856511
0.996574104
0.996275902
0.995968044
0.995651126
0.995321751
0.994974256
0.994602382
0.994200587
0.993764818
0.993292809
0.992783666
0.992236853
0.99165082
0.99102205
0.990344465
0.989610016
0.988809705
0.987935245
0.986979425
0.985936224
0.98480022
0.983565331
0.982224286
0.980768502
0.979189456
0.977479339
0.975632727
0.973646164
0.971517861
0.96924597
0.966826558
0.96425277
0.961513817
0.958595872
0.955482423
0.952155888
0.948598504
0.944792569
0.940720379
0.936363339
0.931700706
0.9267084
0.921358407
0.915618539
0.909452677
0.902821541
0.895682991
0.887991667
0.879697859
0.870744407
0.86106354
0.85057205
0.839167356
0.826723039
0.81308645
0.798076749
0.7814852
0.763077676
0.742600501
0.719789565
0.69438386
0.66614455
0.634877801
0.60046339
0.562885582
0.522265792
0.478892267
0.433511853
0.386314511
0.338105559
0.289955616
0.243138701
0.198994964
0.158743918
0.123304024
0.093178228
0.068437025
0.997333348
0.997112811
0.996856511
0.996574104
0.996275902
0.995968044
0.995651126
0.995321751
0.994974256
0.994602382
0.994200587
0.993764818
0.993292809
0.992783666
0.992236853
0.99165082
0.99102205
0.990344465
0.989610016
0.988809705
0.987935245
0.986979425
0.985936224
0.98480022
0.983565331
0.982224286
0.980768502
0.979189456
0.977479339
0.975632727
0.973646164
0.971517861
0.96924597
0.966826558
0.96425277
0.961513817
0.958595872
0.955482423
0.952155888
0.948598504
0.944792569
0.940720379
0.936363339
0.931700706
0.9267084
0.921358407
0.915618539
0.909452677
0.902821541
0.895682991
0.887991667
0.879697859
0.870744407
0.86106354
0.85057205
0.839167356
0.826723039
0.81308645
0.798076749
0.7814852
0.763077676
0.742600501
0.719789565
0.69438386
0.66614455
0.634877801
0.60046339
0.562885582
0.522265792
0.478892267
0.433511853
0.386314511
0.338105559
0.289955616
0.243138701
0.198994964
0.158743918
0.123304024
0.093178228
0.068437025
0.997333348
0.997112811
0.996856511
0.996574104
0.996275902
0.995968044
0.995651126
0.995321751
0.994974256
0.994602382
0.994200587
0.993764818
0.993292809
0.992783666
0.992236853
0.99165082
0.99102205
0.990344465
0.989610016
0.988809705
0.987935245
0.986979425
0.985936224
0.98480022
0.983565331
0.982224286
0.980768502
0.979189456
0.977479339
0.975632727
0.973646164
0.971517861
0.96924597
0.966826558
0.96425277
0.961513817
0.958595872
0.955482423
0.952155888
0.948598504
0.944792569
0.940720379
0.936363339
0.931700706
0.9267084
0.921358407
0.915618539
0.909452677
0.902821541
0.895682991
0.887991667
0.879697859
0.870744407
0.86106354
0.85057205
0.839167356
0.826723039
0.81308645
0.798076749
0.7814852
0.763077676
0.742600501
0.719789565
0.69438386
0.66614455
0.634877801
0.60046339
0.562885582
0.522265792
0.478892267
0.433511853
0.386314511
0.338105559
0.289955616
0.243138701
0.198994964
0.158743918
0.123304024
0.093178228
0.068437025
0.997333348
0.997112811
0.996856511
0.996574104
0.996275902
0.995968044
0.995651126
0.995321751
0.994974256
0.994602382
0.994200587
0.993764818
0.993292809
0.992783666
0.992236853
0.99165082
0.99102205
0.990344465
0.989610016
0.988809705
0.987935245
0.986979425
0.985936224
0.98480022
0.983565331
0.982224286
0.980768502
0.979189456
0.977479339
0.975632727
0.973646164
0.971517861
0.96924597
0.966826558
0.96425277
0.961513817
0.958595872
0.955482423
0.952155888
0.948598504
0.944792569
0.940720379
0.936363339
0.931700706
0.9267084
0.921358407
0.915618539
0.909452677
0.902821541
0.895682991
0.887991667
0.879697859
0.870744407
0.86106354
0.85057205
0.839167356
0.826723039
0.81308645
0.798076749
0.7814852
0.763077676
0.742600501
0.719789565
0.69438386
0.66614455
0.634877801
0.60046339
0.562885582
0.522265792
0.478892267
0.433511853
0.386314511
0.338105559
0.289955616
0.243138701
0.198994964
0.158743918
0.123304024
0.093178228
0.068437025
0.997333348
0.997112811
0.996856511
0.996574104
0.996275902
0.995968044
0.995651126
0.995321751
0.994974256
0.994602382
0.994200587
0.993764818
0.993292809
0.992783666
0.992236853
0.99165082
0.99102205
0.990344465
0.989610016
0.988809705
0.987935245
0.986979425
0.985936224
0.98480022
0.983565331
0.982224286
0.980768502
0.979189456
0.977479339
0.975632727
0.973646164
0.971517861
0.96924597
0.966826558
0.96425277
0.961513817
0.958595872
0.955482423
0.952155888
0.948598504
0.944792569
0.940720379
0.936363339
0.931700706
0.9267084
0.921358407
0.915618539
0.909452677
0.902821541
0.895682991
0.887991667
0.879697859
0.870744407
0.86106354
0.85057205
0.839167356
0.826723039
0.81308645
0.798076749
0.7814852
0.763077676
0.742600501
0.719789565
0.69438386
0.66614455
0.634877801
0.60046339
0.562885582
0.522265792
0.478892267
0.433511853
0.386314511
0.338105559
0.289955616
0.243138701
0.198994964
0.158743918
0.123304024
0.093178228
0.068437025
0.997333348
0.997112811
0.996856511
0.996574104
0.996275902
0.995968044
0.995651126
0.995321751
0.994974256
0.994602382
0.994200587
0.993764818
0.993292809
0.992783666
0.992236853
0.99165082
0.99102205
0.990344465
0.989610016
0.988809705
0.987935245
0.986979425
0.985936224
0.98480022
0.983565331
0.982224286
0.980768502
0.979189456
0.977479339
0.975632727
0.973646164
0.971517861
0.96924597
0.966826558
0.96425277
0.961513817
0.958595872
0.955482423
0.952155888
0.948598504
0.944792569
0.940720379
0.936363339
0.931700706
0.9267084
0.921358407
0.915618539
0.909452677
0.902821541
0.895682991
0.887991667
0.879697859
0.870744407
0.86106354
0.85057205
0.839167356
0.826723039
0.81308645
0.798076749
0.7814852
0.763077676
0.742600501
0.719789565
0.69438386
0.66614455
0.634877801
0.60046339
0.562885582
0.522265792
0.478892267
0.433511853
0.386314511
0.338105559
0.289955616
0.243138701
0.198994964
0.158743918
0.123304024
0.093178228
0.068437025
0.997333348
0.997112811
0.996856511
0.996574104
0.996275902
0.995968044
0.995651126
0.995321751
0.994974256
0.994602382
0.994200587
0.993764818
0.993292809
0.992783666
0.992236853
0.99165082
0.99102205
0.990344465
0.989610016
0.988809705
0.987935245
0.986979425
0.985936224
0.98480022
0.983565331
0.982224286
0.980768502
0.979189456
0.977479339
0.975632727
0.973646164
0.971517861
0.96924597
0.966826558
0.96425277
0.961513817
0.958595872
0.955482423
0.952155888
0.948598504
0.944792569
0.940720379
0.936363339
0.931700706
0.9267084
0.921358407
0.915618539
0.909452677
0.902821541
0.895682991
0.887991667
0.879697859
0.870744407
0.86106354
0.85057205
0.839167356
0.826723039
0.81308645
0.798076749
0.7814852
0.763077676
0.742600501
0.719789565
0.69438386
0.66614455
0.634877801
0.60046339
0.562885582
0.522265792
0.478892267
0.433511853
0.386314511
0.338105559
0.289955616
0.243138701
0.198994964
0.158743918
0.123304024
0.093178228
0.068437025
0.997333348
0.997112811
0.996856511
0.996574104
0.996275902
0.995968044
0.995651126
0.995321751
0.994974256
0.994602382
0.994200587
0.993764818
0.993292809
0.992783666
0.992236853
0.99165082
0.99102205
0.990344465
0.989610016
0.988809705
0.987935245
0.986979425
0.985936224
0.98480022
0.983565331
0.982224286
0.980768502
0.979189456
0.977479339
0.975632727
0.973646164
0.971517861
0.96924597
0.966826558
0.96425277
0.961513817
0.958595872
0.955482423
0.952155888
0.948598504
0.944792569
0.940720379
0.936363339
0.931700706
0.9267084
0.921358407
0.915618539
0.909452677
0.902821541
0.895682991
0.887991667
0.879697859
0.870744407
0.86106354
0.85057205
0.839167356
0.826723039
0.81308645
0.798076749
0.7814852
0.763077676
0.742600501
0.719789565
0.69438386
0.66614455
0.634877801
0.60046339
0.562885582
0.522265792
0.478892267
0.433511853
0.386314511
0.338105559
0.289955616
0.243138701
0.198994964
0.158743918
0.123304024
0.093178228
0.068437025
0.997333348
0.997112811
0.996856511
0.996574104
0.996275902
0.995968044
0.995651126
0.995321751
0.994974256
0.994602382
0.994200587
0.993764818
0.993292809
0.992783666
0.992236853
0.99165082
0.99102205
0.990344465
0.989610016
0.988809705
0.987935245
0.986979425
0.985936224
0.98480022
0.983565331
0.982224286
0.980768502
0.979189456
0.977479339
0.975632727
0.973646164
0.971517861
0.96924597
0.966826558
0.96425277
0.961513817
0.958595872
0.955482423
0.952155888
0.948598504
0.944792569
0.940720379
0.936363339
0.931700706
0.9267084
0.921358407
0.915618539
0.909452677
0.902821541
0.895682991
0.887991667
0.879697859
0.870744407
0.86106354
0.85057205
0.839167356
0.826723039
0.81308645
0.798076749
0.7814852
0.763077676
0.742600501
0.719789565
0.69438386
0.66614455
0.634877801
0.60046339
0.562885582
0.522265792
0.478892267
0.433511853
0.386314511
0.338105559
0.289955616
0.243138701
0.198994964
0.158743918
0.123304024
0.093178228
0.068437025
0.997333348
0.997112811
0.996856511
0.996574104
0.996275902
0.995968044
0.995651126
0.995321751
0.994974256
0.994602382
0.994200587
0.993764818
0.993292809
0.992783666
0.992236853
0.99165082
0.99102205
0.990344465
0.989610016
0.988809705
0.987935245
0.986979425
0.985936224
0.98480022
0.983565331
0.982224286
0.980768502
0.979189456
0.977479339
0.975632727
0.973646164
0.971517861
0.96924597
0.966826558
0.96425277
0.961513817
0.958595872
0.955482423
0.952155888
0.948598504
0.944792569
0.940720379
0.936363339
0.931700706
0.9267084
0.921358407
0.915618539
0.909452677
0.902821541
0.895682991
0.887991667
0.879697859
0.870744407
0.86106354
0.85057205
0.839167356
0.826723039
0.81308645
0.798076749
0.7814852
0.763077676
0.742600501
0.719789565
0.69438386
0.66614455
0.634877801
0.60046339
0.562885582
0.522265792
0.478892267
0.433511853
0.386314511
0.338105559
0.289955616
0.243138701
0.198994964
0.158743918
0.123304024
0.093178228
0.068437025
0.997333348
0.997112811
0.996856511
0.996574104
0.996275902
0.995968044
0.995651126
0.995321751
0.994974256
0.994602382
0.994200587
0.993764818
0.993292809
0.992783666
0.992236853
0.99165082
0.99102205
0.990344465
0.989610016
0.988809705
0.987935245
0.986979425
0.985936224
0.98480022
0.983565331
0.982224286
0.980768502
0.979189456
0.977479339
0.975632727
0.973646164
0.971517861
0.96924597
0.966826558
0.96425277
0.961513817
0.958595872
0.955482423
0.952155888
0.948598504
0.944792569
0.940720379
0.936363339
0.931700706
0.9267084
0.921358407
0.915618539
0.909452677
0.902821541
0.895682991
0.887991667
0.879697859
0.870744407
0.86106354
0.85057205
0.839167356
0.826723039
0.81308645
0.798076749
0.7814852
0.763077676
0.742600501
0.719789565
0.69438386
0.66614455
0.634877801
0.60046339
0.562885582
0.522265792
0.478892267
0.433511853
0.386314511
0.338105559
0.289955616
0.243138701
0.198994964
0.158743918
0.123304024
0.093178228
0.068437025
0.997333348
0.997112811
0.996856511
0.996574104
0.996275902
0.995968044
0.995651126
0.995321751
0.994974256
0.994602382
0.994200587
0.993764818
0.993292809
0.992783666
0.992236853
0.99165082
0.99102205
0.990344465
0.989610016
0.988809705
0.987935245
0.986979425
0.985936224
0.98480022
0.983565331
0.982224286
0.980768502
0.979189456
0.977479339
0.975632727
0.973646164
0.971517861
0.96924597
0.966826558
0.96425277
0.961513817
0.958595872
0.955482423
0.952155888
0.948598504
0.944792569
0.940720379
0.936363339
0.931700706
0.9267084
0.921358407
0.915618539
0.909452677
0.902821541
0.895682991
0.887991667
0.879697859
0.870744407
0.86106354
0.85057205
0.839167356
0.826723039
0.81308645
0.798076749
0.7814852
0.763077676
0.742600501
0.719789565
0.69438386
0.66614455
0.634877801
0.60046339
0.562885582
0.522265792
0.478892267
0.433511853
0.386314511
0.338105559
0.289955616
0.243138701
0.198994964
0.158743918
0.123304024
0.093178228
0.068437025
0.997333348
0.997112811
0.996856511
0.996574104
0.996275902
0.995968044
0.995651126
0.995321751
0.994974256
0.994602382
0.994200587
0.993764818
0.993292809
0.992783666
0.992236853
0.99165082
0.99102205
0.990344465
0.989610016
0.988809705
0.987935245
0.986979425
0.985936224
0.98480022
0.983565331
0.982224286
0.980768502
0.979189456
0.977479339
0.975632727
0.973646164
0.971517861
0.96924597
0.966826558
0.96425277
0.961513817
0.958595872
0.955482423
0.952155888
0.948598504
0.944792569
0.940720379
0.936363339
0.931700706
0.9267084
0.921358407
0.915618539
0.909452677
0.902821541
0.895682991
0.887991667
0.879697859
0.870744407
0.86106354
0.85057205
0.839167356
0.826723039
0.81308645
0.798076749
0.7814852
0.763077676
0.742600501
0.719789565
0.69438386
0.66614455
0.634877801
0.60046339
0.562885582
0.522265792
0.478892267
0.433511853
0.386314511
0.338105559
0.289955616
0.243138701
0.198994964
0.158743918
0.123304024
0.093178228
0.068437025
0.997333348
0.997112811
0.996856511
0.996574104
0.996275902
0.995968044
0.995651126
0.995321751
0.994974256
0.994602382
0.994200587
0.993764818
0.993292809
0.992783666
0.992236853
0.99165082
0.99102205
0.990344465
0.989610016
0.988809705
0.987935245
0.986979425
0.985936224
0.98480022
0.983565331
0.982224286
0.980768502
0.979189456
0.977479339
0.975632727
0.973646164
0.971517861
0.96924597
0.966826558
0.96425277
0.961513817
0.958595872
0.955482423
0.952155888
0.948598504
0.944792569
0.940720379
0.936363339
0.931700706
0.9267084
0.921358407
0.915618539
0.909452677
0.902821541
0.895682991
0.887991667
0.879697859
0.870744407
0.86106354
0.85057205
0.839167356
0.826723039
0.81308645
0.798076749
0.7814852
0.763077676
0.742600501
0.719789565
0.69438386
0.66614455
0.634877801
0.60046339
0.562885582
0.522265792
0.478892267
0.433511853
0.386314511
0.338105559
0.289955616
0.243138701
0.198994964
0.158743918
0.123304024
0.093178228
0.068437025
0.997333348
0.997112811
0.996856511
0.996574104
0.996275902
0.995968044
0.995651126
0.995321751
0.994974256
0.994602382
0.994200587
0.993764818
0.993292809
0.992783666
0.992236853
0.99165082
0.99102205
0.990344465
0.989610016
0.988809705
0.987935245
0.986979425
0.985936224
0.98480022
0.983565331
0.982224286
0.980768502
0.979189456
0.977479339
0.975632727
0.973646164
0.971517861
0.96924597
0.966826558
0.96425277
0.961513817
0.958595872
0.955482423
0.952155888
0.948598504
0.944792569
0.940720379
0.936363339
0.931700706
0.9267084
0.921358407
0.915618539
0.909452677
0.902821541
0.895682991
0.887991667
0.879697859
0.870744407
0.86106354
0.85057205
0.839167356
0.826723039
0.81308645
0.798076749
0.7814852
0.763077676
0.742600501
0.719789565
0.69438386
0.66614455
0.634877801
0.60046339
0.562885582
0.522265792
0.478892267
0.433511853
0.386314511
0.338105559
0.289955616
0.243138701
0.198994964
0.158743918
0.123304024
0.093178228
0.068437025
0.997333348
0.997112811
0.996856511
0.996574104
0.996275902
0.995968044
0.995651126
0.995321751
0.994974256
0.994602382
0.994200587
0.993764818
0.993292809
0.992783666
0.992236853
0.99165082
0.99102205
0.990344465
0.989610016
0.988809705
0.987935245
0.986979425
0.985936224
0.98480022
0.983565331
0.982224286
0.980768502
0.979189456
0.977479339
0.975632727
0.973646164
0.971517861
0.96924597
0.966826558
0.96425277
0.961513817
0.958595872
0.955482423
0.952155888
0.948598504
0.944792569
0.940720379
0.936363339
0.931700706
0.9267084
0.921358407
0.915618539
0.909452677
0.902821541
0.895682991
0.887991667
0.879697859
0.870744407
0.86106354
0.85057205
0.839167356
0.826723039
0.81308645
0.798076749
0.7814852
0.763077676
0.742600501
0.719789565
0.69438386
0.66614455
0.634877801
0.60046339
0.562885582
0.522265792
0.478892267
0.433511853
0.386314511
0.338105559
0.289955616
0.243138701
0.198994964
0.158743918
0.123304024
0.093178228
0.068437025
0.997333348
0.997112811
0.996856511
0.996574104
0.996275902
0.995968044
0.995651126
0.995321751
0.994974256
0.994602382
0.994200587
0.993764818
0.993292809
0.992783666
0.992236853
0.99165082
0.99102205
0.990344465
0.989610016
0.988809705
0.987935245
0.986979425
0.985936224
0.98480022
0.983565331
0.982224286
0.980768502
0.979189456
0.977479339
0.975632727
0.973646164
0.971517861
0.96924597
0.966826558
0.96425277
0.961513817
0.958595872
0.955482423
0.952155888
0.948598504
0.944792569
0.940720379
0.936363339
0.931700706
0.9267084
0.921358407
0.915618539
0.909452677
0.902821541
0.895682991
0.887991667
0.879697859
0.870744407
0.86106354
0.85057205
0.839167356
0.826723039
0.81308645
0.798076749
0.7814852
0.763077676
0.742600501
0.719789565
0.69438386
0.66614455
0.634877801
0.60046339
0.562885582
0.522265792
0.478892267
0.433511853
0.386314511
0.338105559
0.289955616
0.243138701
0.198994964
0.158743918
0.123304024
0.093178228
0.068437025
0.997333348
0.997112811
0.996856511
0.996574104
0.996275902
0.995968044
0.995651126
0.995321751
0.994974256
0.994602382
0.994200587
0.993764818
0.993292809
0.992783666
0.992236853
0.99165082
0.99102205
0.990344465
0.989610016
0.988809705
0.987935245
0.986979425
0.985936224
0.98480022
0.983565331
0.982224286
0.980768502
0.979189456
0.977479339
0.975632727
0.973646164
0.971517861
0.96924597
0.966826558
0.96425277
0.961513817
0.958595872
0.955482423
0.952155888
0.948598504
0.944792569
0.940720379
0.936363339
0.931700706
0.9267084
0.921358407
0.915618539
0.909452677
0.902821541
0.895682991
0.887991667
0.879697859
0.870744407
0.86106354
0.85057205
0.839167356
0.826723039
0.81308645
0.798076749
0.7814852
0.763077676
0.742600501
0.719789565
0.69438386
0.66614455
0.634877801
0.60046339
0.562885582
0.522265792
0.478892267
0.433511853
0.386314511
0.338105559
0.289955616
0.243138701
0.198994964
0.158743918
0.123304024
0.093178228
0.068437025
0.997333348
0.997112811
0.996856511
0.996574104
0.996275902
0.995968044
0.995651126
0.995321751
0.994974256
0.994602382
0.994200587
0.993764818
0.993292809
0.992783666
0.992236853
0.99165082
0.99102205
0.990344465
0.989610016
0.988809705
0.987935245
0.986979425
0.985936224
0.98480022
0.983565331
0.982224286
0.980768502
0.979189456
0.977479339
0.975632727
0.973646164
0.971517861
0.96924597
0.966826558
0.96425277
0.961513817
0.958595872
0.955482423
0.952155888
0.948598504
0.944792569
0.940720379
0.936363339
0.931700706
0.9267084
0.921358407
0.915618539
0.909452677
0.902821541
0.895682991
0.887991667
0.879697859
0.870744407
0.86106354
0.85057205
0.839167356
0.826723039
0.81308645
0.798076749
0.7814852
0.763077676
0.742600501
0.719789565
0.69438386
0.66614455
0.634877801
0.60046339
0.562885582
0.522265792
0.478892267
0.433511853
0.386314511
0.338105559
0.289955616
0.243138701
0.198994964
0.158743918
0.123304024
0.093178228
0.068437025
0.997333348
0.997112811
0.996856511
0.996574104
0.996275902
0.995968044
0.995651126
0.995321751
0.994974256
0.994602382
0.994200587
0.993764818
0.993292809
0.992783666
0.992236853
0.99165082
0.99102205
0.990344465
0.989610016
0.988809705
0.987935245
0.986979425
0.985936224
0.98480022
0.983565331
0.982224286
0.980768502
0.979189456
0.977479339
0.975632727
0.973646164
0.971517861
0.96924597
0.966826558
0.96425277
0.961513817
0.958595872
0.955482423
0.952155888
0.948598504
0.944792569
0.940720379
0.936363339
0.931700706
0.9267084
0.921358407
0.915618539
0.909452677
0.902821541
0.895682991
0.887991667
0.879697859
0.870744407
0.86106354
0.85057205
0.839167356
0.826723039
0.81308645
0.798076749
0.7814852
0.763077676
0.742600501
0.719789565
0.69438386
0.66614455
0.634877801
0.60046339
0.562885582
0.522265792
0.478892267
0.433511853
0.386314511
0.338105559
0.289955616
0.243138701
0.198994964
0.158743918
0.123304024
0.093178228
0.068437025
0.997333348
0.997112811
0.996856511
0.996574104
0.996275902
0.995968044
0.995651126
0.995321751
0.994974256
0.994602382
0.994200587
0.993764818
0.993292809
0.992783666
0.992236853
0.99165082
0.99102205
0.990344465
0.989610016
0.988809705
0.987935245
0.986979425
0.985936224
0.98480022
0.983565331
0.982224286
0.980768502
0.979189456
0.977479339
0.975632727
0.973646164
0.971517861
0.96924597
0.966826558
0.96425277
0.961513817
0.958595872
0.955482423
0.952155888
0.948598504
0.944792569
0.940720379
0.936363339
0.931700706
0.9267084
0.921358407
0.915618539
0.909452677
0.902821541
0.895682991
0.887991667
0.879697859
0.870744407
0.86106354
0.85057205
0.839167356
0.826723039
0.81308645
0.798076749
0.7814852
0.763077676
0.742600501
0.719789565
0.69438386
0.66614455
0.634877801
0.60046339
0.562885582
0.522265792
0.478892267
0.433511853
0.386314511
0.338105559
0.289955616
0.243138701
0.198994964
0.158743918
0.123304024
0.093178228
0.068437025
0.997333348
0.997112811
0.996856511
0.996574104
0.996275902
0.995968044
0.995651126
0.995321751
0.994974256
0.994602382
0.994200587
0.993764818
0.993292809
0.992783666
0.992236853
0.99165082
0.99102205
0.990344465
0.989610016
0.988809705
0.987935245
0.986979425
0.985936224
0.98480022
0.983565331
0.982224286
0.980768502
0.979189456
0.977479339
0.975632727
0.973646164
0.971517861
0.96924597
0.966826558
0.96425277
0.961513817
0.958595872
0.955482423
0.952155888
0.948598504
0.944792569
0.940720379
0.936363339
0.931700706
0.9267084
0.921358407
0.915618539
0.909452677
0.902821541
0.895682991
0.887991667
0.879697859
0.870744407
0.86106354
0.85057205
0.839167356
0.826723039
0.81308645
0.798076749
0.7814852
0.763077676
0.742600501
0.719789565
0.69438386
0.66614455
0.634877801
0.60046339
0.562885582
0.522265792
0.478892267
0.433511853
0.386314511
0.338105559
0.289955616
0.243138701
0.198994964
0.158743918
0.123304024
0.093178228
0.068437025
0.997333348
0.997112811
0.996856511
0.996574104
0.996275902
0.995968044
0.995651126
0.995321751
0.994974256
0.994602382
0.994200587
0.993764818
0.993292809
0.992783666
0.992236853
0.99165082
0.99102205
0.990344465
0.989610016
0.988809705
0.987935245
0.986979425
0.985936224
0.98480022
0.983565331
0.982224286
0.980768502
0.979189456
0.977479339
0.975632727
0.973646164
0.971517861
0.96924597
0.966826558
0.96425277
0.961513817
0.958595872
0.955482423
0.952155888
0.948598504
0.944792569
0.940720379
0.936363339
0.931700706
0.9267084
0.921358407
0.915618539
0.909452677
0.902821541
0.895682991
0.887991667
0.879697859
0.870744407
0.86106354
0.85057205
0.839167356
0.826723039
0.81308645
0.798076749
0.7814852
0.763077676
0.742600501
0.719789565
0.69438386
0.66614455
0.634877801
0.60046339
0.562885582
0.522265792
0.478892267
0.433511853
0.386314511
0.338105559
0.289955616
0.243138701
0.198994964
0.158743918
0.123304024
0.093178228
0.068437025
0.997333348
0.997112811
0.996856511
0.996574104
0.996275902
0.995968044
0.995651126
0.995321751
0.994974256
0.994602382
0.994200587
0.993764818
0.993292809
0.992783666
0.992236853
0.99165082
0.99102205
0.990344465
0.989610016
0.988809705
0.987935245
0.986979425
0.985936224
0.98480022
0.983565331
0.982224286
0.980768502
0.979189456
0.977479339
0.975632727
0.973646164
0.971517861
0.96924597
0.966826558
0.96425277
0.961513817
0.958595872
0.955482423
0.952155888
0.948598504
0.944792569
0.940720379
0.936363339
0.931700706
0.9267084
0.921358407
0.915618539
0.909452677
0.902821541
0.895682991
0.887991667
0.879697859
0.870744407
0.86106354
0.85057205
0.839167356
0.826723039
0.81308645
0.798076749
0.7814852
0.763077676
0.742600501
0.719789565
0.69438386
0.66614455
0.634877801
0.60046339
0.562885582
0.522265792
0.478892267
0.433511853
0.386314511
0.338105559
0.289955616
0.243138701
0.198994964
0.158743918
0.123304024
0.093178228
0.068437025
0.997333348
0.997112811
0.996856511
0.996574104
0.996275902
0.995968044
0.995651126
0.995321751
0.994974256
0.994602382
0.994200587
0.993764818
0.993292809
0.992783666
0.992236853
0.99165082
0.99102205
0.990344465
0.989610016
0.988809705
0.987935245
0.986979425
0.985936224
0.98480022
0.983565331
0.982224286
0.980768502
0.979189456
0.977479339
0.975632727
0.973646164
0.971517861
0.96924597
0.966826558
0.96425277
0.961513817
0.958595872
0.955482423
0.952155888
0.948598504
0.944792569
0.940720379
0.936363339
0.931700706
0.9267084
0.921358407
0.915618539
0.909452677
0.902821541
0.895682991
0.887991667
0.879697859
0.870744407
0.86106354
0.85057205
0.839167356
0.826723039
0.81308645
0.798076749
0.7814852
0.763077676
0.742600501
0.719789565
0.69438386
0.66614455
0.634877801
0.60046339
0.562885582
0.522265792
0.478892267
0.433511853
0.386314511
0.338105559
0.289955616
0.243138701
0.198994964
0.158743918
0.123304024
0.093178228
0.068437025
0.997333348
0.997112811
0.996856511
0.996574104
0.996275902
0.995968044
0.995651126
0.995321751
0.994974256
0.994602382
0.994200587
0.993764818
0.993292809
0.992783666
0.992236853
0.99165082
0.99102205
0.990344465
0.989610016
0.988809705
0.987935245
0.986979425
0.985936224
0.98480022
0.983565331
0.982224286
0.980768502
0.979189456
0.977479339
0.975632727
0.973646164
0.971517861
0.96924597
0.966826558
0.96425277
0.961513817
0.958595872
0.955482423
0.952155888
0.948598504
0.944792569
0.940720379
0.936363339
0.931700706
0.9267084
0.921358407
0.915618539
0.909452677
0.902821541
0.895682991
0.887991667
0.879697859
0.870744407
0.86106354
0.85057205
0.839167356
0.826723039
0.81308645
0.798076749
0.7814852
0.763077676
0.742600501
0.719789565
0.69438386
0.66614455
0.634877801
0.60046339
0.562885582
0.522265792
0.478892267
0.433511853
0.386314511
0.338105559
0.289955616
0.243138701
0.198994964
0.158743918
0.123304024
0.093178228
0.068437025
0.997333348
0.997112811
0.996856511
0.996574104
0.996275902
0.995968044
0.995651126
0.995321751
0.994974256
0.994602382
0.994200587
0.993764818
0.993292809
0.992783666
0.992236853
0.99165082
0.99102205
0.990344465
0.989610016
0.988809705
0.987935245
0.986979425
0.985936224
0.98480022
0.983565331
0.982224286
0.980768502
0.979189456
0.977479339
0.975632727
0.973646164
0.971517861
0.96924597
0.966826558
0.96425277
0.961513817
0.958595872
0.955482423
0.952155888
0.948598504
0.944792569
0.940720379
0.936363339
0.931700706
0.9267084
0.921358407
0.915618539
0.909452677
0.902821541
0.895682991
0.887991667
0.879697859
0.870744407
0.86106354
0.85057205
0.839167356
0.826723039
0.81308645
0.798076749
0.7814852
0.763077676
0.742600501
0.719789565
0.69438386
0.66614455
0.634877801
0.60046339
0.562885582
0.522265792
0.478892267
0.433511853
0.386314511
0.338105559
0.289955616
0.243138701
0.198994964
0.158743918
0.123304024
0.093178228
0.068437025
0.997333348
0.997112811
0.996856511
0.996574104
0.996275902
0.995968044
0.995651126
0.995321751
0.994974256
0.994602382
0.994200587
0.993764818
0.993292809
0.992783666
0.992236853
0.99165082
0.99102205
0.990344465
0.989610016
0.988809705
0.987935245
0.986979425
0.985936224
0.98480022
0.983565331
0.982224286
0.980768502
0.979189456
0.977479339
0.975632727
0.973646164
0.971517861
0.96924597
0.966826558
0.96425277
0.961513817
0.958595872
0.955482423
0.952155888
0.948598504
0.944792569
0.940720379
0.936363339
0.931700706
0.9267084
0.921358407
0.915618539
0.909452677
0.902821541
0.895682991
0.887991667
0.879697859
0.870744407
0.86106354
0.85057205
0.839167356
0.826723039
0.81308645
0.798076749
0.7814852
0.763077676
0.742600501
0.719789565
0.69438386
0.66614455
0.634877801
0.60046339
0.562885582
0.522265792
0.478892267
0.433511853
0.386314511
0.338105559
0.289955616
0.243138701
0.198994964
0.158743918
0.123304024
0.093178228
0.068437025
0.997333348
0.997112811
0.996856511
0.996574104
0.996275902
0.995968044
0.995651126
0.995321751
0.994974256
0.994602382
0.994200587
0.993764818
0.993292809
0.992783666
0.992236853
0.99165082
0.99102205
0.990344465
0.989610016
0.988809705
0.987935245
0.986979425
0.985936224
0.98480022
0.983565331
0.982224286
0.980768502
0.979189456
0.977479339
0.975632727
0.973646164
0.971517861
0.96924597
0.966826558
0.96425277
0.961513817
0.958595872
0.955482423
0.952155888
0.948598504
0.944792569
0.940720379
0.936363339
0.931700706
0.9267084
0.921358407
0.915618539
0.909452677
0.902821541
0.895682991
0.887991667
0.879697859
0.870744407
0.86106354
0.85057205
0.839167356
0.826723039
0.81308645
0.798076749
0.7814852
0.763077676
0.742600501
0.719789565
0.69438386
0.66614455
0.634877801
0.60046339
0.562885582
0.522265792
0.478892267
0.433511853
0.386314511
0.338105559
0.289955616
0.243138701
0.198994964
0.158743918
0.123304024
0.093178228
0.068437025
0.997333348
0.997112811
0.996856511
0.996574104
0.996275902
0.995968044
0.995651126
0.995321751
0.994974256
0.994602382
0.994200587
0.993764818
0.993292809
0.992783666
0.992236853
0.99165082
0.99102205
0.990344465
0.989610016
0.988809705
0.987935245
0.986979425
0.985936224
0.98480022
0.983565331
0.982224286
0.980768502
0.979189456
0.977479339
0.975632727
0.973646164
0.971517861
0.96924597
0.966826558
0.96425277
0.961513817
0.958595872
0.955482423
0.952155888
0.948598504
0.944792569
0.940720379
0.936363339
0.931700706
0.9267084
0.921358407
0.915618539
0.909452677
0.902821541
0.895682991
0.887991667
0.879697859
0.870744407
0.86106354
0.85057205
0.839167356
0.826723039
0.81308645
0.798076749
0.7814852
0.763077676
0.742600501
0.719789565
0.69438386
0.66614455
0.634877801
0.60046339
0.562885582
0.522265792
0.478892267
0.433511853
0.386314511
0.338105559
0.289955616
0.243138701
0.198994964
0.158743918
0.123304024
0.093178228
0.068437025
0.997333348
0.997112811
0.996856511
0.996574104
0.996275902
0.995968044
0.995651126
0.995321751
0.994974256
0.994602382
0.994200587
0.993764818
0.993292809
0.992783666
0.992236853
0.99165082
0.99102205
0.990344465
0.989610016
0.988809705
0.987935245
0.986979425
0.985936224
0.98480022
0.983565331
0.982224286
0.980768502
0.979189456
0.977479339
0.975632727
0.973646164
0.971517861
0.96924597
0.966826558
0.96425277
0.961513817
0.958595872
0.955482423
0.952155888
0.948598504
0.944792569
0.940720379
0.936363339
0.931700706
0.9267084
0.921358407
0.915618539
0.909452677
0.902821541
0.895682991
0.887991667
0.879697859
0.870744407
0.86106354
0.85057205
0.839167356
0.826723039
0.81308645
0.798076749
0.7814852
0.763077676
0.742600501
0.719789565
0.69438386
0.66614455
0.634877801
0.60046339
0.562885582
0.522265792
0.478892267
0.433511853
0.386314511
0.338105559
0.289955616
0.243138701
0.198994964
0.158743918
0.123304024
0.093178228
0.068437025
0.997333348
0.997112811
0.996856511
0.996574104
0.996275902
0.995968044
0.995651126
0.995321751
0.994974256
0.994602382
0.994200587
0.993764818
0.993292809
0.992783666
0.992236853
0.99165082
0.99102205
0.990344465
0.989610016
0.988809705
0.987935245
0.986979425
0.985936224
0.98480022
0.983565331
0.982224286
0.980768502
0.979189456
0.977479339
0.975632727
0.973646164
0.971517861
0.96924597
0.966826558
0.96425277
0.961513817
0.958595872
0.955482423
0.952155888
0.948598504
0.944792569
0.940720379
0.936363339
0.931700706
0.9267084
0.921358407
0.915618539
0.909452677
0.902821541
0.895682991
0.887991667
0.879697859
0.870744407
0.86106354
0.85057205
0.839167356
0.826723039
0.81308645
0.798076749
0.7814852
0.763077676
0.742600501
0.719789565
0.69438386
0.66614455
0.634877801
0.60046339
0.562885582
0.522265792
0.478892267
0.433511853
0.386314511
0.338105559
0.289955616
0.243138701
0.198994964
0.158743918
0.123304024
0.093178228
0.068437025
0.997333348
0.997112811
0.996856511
0.996574104
0.996275902
0.995968044
0.995651126
0.995321751
0.994974256
0.994602382
0.994200587
0.993764818
0.993292809
0.992783666
0.992236853
0.99165082
0.99102205
0.990344465
0.989610016
0.988809705
0.987935245
0.986979425
0.985936224
0.98480022
0.983565331
0.982224286
0.980768502
0.979189456
0.977479339
0.975632727
0.973646164
0.971517861
0.96924597
0.966826558
0.96425277
0.961513817
0.958595872
0.955482423
0.952155888
0.948598504
0.944792569
0.940720379
0.936363339
0.931700706
0.9267084
0.921358407
0.915618539
0.909452677
0.902821541
0.895682991
0.887991667
0.879697859
0.870744407
0.86106354
0.85057205
0.839167356
0.826723039
0.81308645
0.798076749
0.7814852
0.763077676
0.742600501
0.719789565
0.69438386
0.66614455
0.634877801
0.60046339
0.562885582
0.522265792
0.478892267
0.433511853
0.386314511
0.338105559
0.289955616
0.243138701
0.198994964
0.158743918
0.123304024
0.093178228
0.068437025
0.997333348
0.997112811
0.996856511
0.996574104
0.996275902
0.995968044
0.995651126
0.995321751
0.994974256
0.994602382
0.994200587
0.993764818
0.993292809
0.992783666
0.992236853
0.99165082
0.99102205
0.990344465
0.989610016
0.988809705
0.987935245
0.986979425
0.985936224
0.98480022
0.983565331
0.982224286
0.980768502
0.979189456
0.977479339
0.975632727
0.973646164
0.971517861
0.96924597
0.966826558
0.96425277
0.961513817
0.958595872
0.955482423
0.952155888
0.948598504
0.944792569
0.940720379
0.936363339
0.931700706
0.9267084
0.921358407
0.915618539
0.909452677
0.902821541
0.895682991
0.887991667
0.879697859
0.870744407
0.86106354
0.85057205
0.839167356
0.826723039
0.81308645
0.798076749
0.7814852
0.763077676
0.742600501
0.719789565
0.69438386
0.66614455
0.634877801
0.60046339
0.562885582
0.522265792
0.478892267
0.433511853
0.386314511
0.338105559
0.289955616
0.243138701
0.198994964
0.158743918
0.123304024
0.093178228
0.068437025
0.997333348
0.997112811
0.996856511
0.996574104
0.996275902
0.995968044
0.995651126
0.995321751
0.994974256
0.994602382
0.994200587
0.993764818
0.993292809
0.992783666
0.992236853
0.99165082
0.99102205
0.990344465
0.989610016
0.988809705
0.987935245
0.986979425
0.985936224
0.98480022
0.983565331
0.982224286
0.980768502
0.979189456
0.977479339
0.975632727
0.973646164
0.971517861
0.96924597
0.966826558
0.96425277
0.961513817
0.958595872
0.955482423
0.952155888
0.948598504
0.944792569
0.940720379
0.936363339
0.931700706
0.9267084
0.921358407
0.915618539
0.909452677
0.902821541
0.895682991
0.887991667
0.879697859
0.870744407
0.86106354
0.85057205
0.839167356
0.826723039
0.81308645
0.798076749
0.7814852
0.763077676
0.742600501
0.719789565
0.69438386
0.66614455
0.634877801
0.60046339
0.562885582
0.522265792
0.478892267
0.433511853
0.386314511
0.338105559
0.289955616
0.243138701
0.198994964
0.158743918
0.123304024
0.093178228
0.068437025
0.997333348
0.997112811
0.996856511
0.996574104
0.996275902
0.995968044
0.995651126
0.995321751
0.994974256
0.994602382
0.994200587
0.993764818
0.993292809
0.992783666
0.992236853
0.99165082
0.99102205
0.990344465
0.989610016
0.988809705
0.987935245
0.986979425
0.985936224
0.98480022
0.983565331
0.982224286
0.980768502
0.979189456
0.977479339
0.975632727
0.973646164
0.971517861
0.96924597
0.966826558
0.96425277
0.961513817
0.958595872
0.955482423
0.952155888
0.948598504
0.944792569
0.940720379
0.936363339
0.931700706
0.9267084
0.921358407
0.915618539
0.909452677
0.902821541
0.895682991
0.887991667
0.879697859
0.870744407
0.86106354
0.85057205
0.839167356
0.826723039
0.81308645
0.798076749
0.7814852
0.763077676
0.742600501
0.719789565
0.69438386
0.66614455
0.634877801
0.60046339
0.562885582
0.522265792
0.478892267
0.433511853
0.386314511
0.338105559
0.289955616
0.243138701
0.198994964
0.158743918
0.123304024
0.093178228
0.068437025
0.997333348
0.997112811
0.996856511
0.996574104
0.996275902
0.995968044
0.995651126
0.995321751
0.994974256
0.994602382
0.994200587
0.993764818
0.993292809
0.992783666
0.992236853
0.99165082
0.99102205
0.990344465
0.989610016
0.988809705
0.987935245
0.986979425
0.985936224
0.98480022
0.983565331
0.982224286
0.980768502
0.979189456
0.977479339
0.975632727
0.973646164
0.971517861
0.96924597
0.966826558
0.96425277
0.961513817
0.958595872
0.955482423
0.952155888
0.948598504
0.944792569
0.940720379
0.936363339
0.931700706
0.9267084
0.921358407
0.915618539
0.909452677
0.902821541
0.895682991
0.887991667
0.879697859
0.870744407
0.86106354
0.85057205
0.839167356
0.826723039
0.81308645
0.798076749
0.7814852
0.763077676
0.742600501
0.719789565
0.69438386
0.66614455
0.634877801
0.60046339
0.562885582
0.522265792
0.478892267
0.433511853
0.386314511
0.338105559
0.289955616
0.243138701
0.198994964
0.158743918
0.123304024
0.093178228
0.068437025
0.997333348
0.997112811
0.996856511
0.996574104
0.996275902
0.995968044
0.995651126
0.995321751
0.994974256
0.994602382
0.994200587
0.993764818
0.993292809
0.992783666
0.992236853
0.99165082
0.99102205
0.990344465
0.989610016
0.988809705
0.987935245
0.986979425
0.985936224
0.98480022
0.983565331
0.982224286
0.980768502
0.979189456
0.977479339
0.975632727
0.973646164
0.971517861
0.96924597
0.966826558
0.96425277
0.961513817
0.958595872
0.955482423
0.952155888
0.948598504
0.944792569
0.940720379
0.936363339
0.931700706
0.9267084
0.921358407
0.915618539
0.909452677
0.902821541
0.895682991
0.887991667
0.879697859
0.870744407
0.86106354
0.85057205
0.839167356
0.826723039
0.81308645
0.798076749
0.7814852
0.763077676
0.742600501
0.719789565
0.69438386
0.66614455
0.634877801
0.60046339
0.562885582
0.522265792
0.478892267
0.433511853
0.386314511
0.338105559
0.289955616
0.243138701
0.198994964
0.158743918
0.123304024
0.093178228
0.068437025
0.997333348
0.997112811
0.996856511
0.996574104
0.996275902
0.995968044
0.995651126
0.995321751
0.994974256
0.994602382
0.994200587
0.993764818
0.993292809
0.992783666
0.992236853
0.99165082
0.99102205
0.990344465
0.989610016
0.988809705
0.987935245
0.986979425
0.985936224
0.98480022
0.983565331
0.982224286
0.980768502
0.979189456
0.977479339
0.975632727
0.973646164
0.971517861
0.96924597
0.966826558
0.96425277
0.961513817
0.958595872
0.955482423
0.952155888
0.948598504
0.944792569
0.940720379
0.936363339
0.931700706
0.9267084
0.921358407
0.915618539
0.909452677
0.902821541
0.895682991
0.887991667
0.879697859
0.870744407
0.86106354
0.85057205
0.839167356
0.826723039
0.81308645
0.798076749
0.7814852
0.763077676
0.742600501
0.719789565
0.69438386
0.66614455
0.634877801
0.60046339
0.562885582
0.522265792
0.478892267
0.433511853
0.386314511
0.338105559
0.289955616
0.243138701
0.198994964
0.158743918
0.123304024
0.093178228
0.068437025
0.997333348
0.997112811
0.996856511
0.996574104
0.996275902
0.995968044
0.995651126
0.995321751
0.994974256
0.994602382
0.994200587
0.993764818
0.993292809
0.992783666
0.992236853
0.99165082
0.99102205
0.990344465
0.989610016
0.988809705
0.987935245
0.986979425
0.985936224
0.98480022
0.983565331
0.982224286
0.980768502
0.979189456
0.977479339
0.975632727
0.973646164
0.971517861
0.96924597
0.966826558
0.96425277
0.961513817
0.958595872
0.955482423
0.952155888
0.948598504
0.944792569
0.940720379
0.936363339
0.931700706
0.9267084
0.921358407
0.915618539
0.909452677
0.902821541
0.895682991
0.887991667
0.879697859
0.870744407
0.86106354
0.85057205
0.839167356
0.826723039
0.81308645
0.798076749
0.7814852
0.763077676
0.742600501
0.719789565
0.69438386
0.66614455
0.634877801
0.60046339
0.562885582
0.522265792
0.478892267
0.433511853
0.386314511
0.338105559
0.289955616
0.243138701
0.198994964
0.158743918
0.123304024
0.093178228
0.068437025
0.997333348
0.997112811
0.996856511
0.996574104
0.996275902
0.995968044
0.995651126
0.995321751
0.994974256
0.994602382
0.994200587
0.993764818
0.993292809
0.992783666
0.992236853
0.99165082
0.99102205
0.990344465
0.989610016
0.988809705
0.987935245
0.986979425
0.985936224
0.98480022
0.983565331
0.982224286
0.980768502
0.979189456
0.977479339
0.975632727
0.973646164
0.971517861
0.96924597
0.966826558
0.96425277
0.961513817
0.958595872
0.955482423
0.952155888
0.948598504
0.944792569
0.940720379
0.936363339
0.931700706
0.9267084
0.921358407
0.915618539
0.909452677
0.902821541
0.895682991
0.887991667
0.879697859
0.870744407
0.86106354
0.85057205
0.839167356
0.826723039
0.81308645
0.798076749
0.7814852
0.763077676
0.742600501
0.719789565
0.69438386
0.66614455
0.634877801
0.60046339
0.562885582
0.522265792
0.478892267
0.433511853
0.386314511
0.338105559
0.289955616
0.243138701
0.198994964
0.158743918
0.123304024
0.093178228
0.068437025
0.997333348
0.997112811
0.996856511
0.996574104
0.996275902
0.995968044
0.995651126
0.995321751
0.994974256
0.994602382
0.994200587
0.993764818
0.993292809
0.992783666
0.992236853
0.99165082
0.99102205
0.990344465
0.989610016
0.988809705
0.987935245
0.986979425
0.985936224
0.98480022
0.983565331
0.982224286
0.980768502
0.979189456
0.977479339
0.975632727
0.973646164
0.971517861
0.96924597
0.966826558
0.96425277
0.961513817
0.958595872
0.955482423
0.952155888
0.948598504
0.944792569
0.940720379
0.936363339
0.931700706
0.9267084
0.921358407
0.915618539
0.909452677
0.902821541
0.895682991
0.887991667
0.879697859
0.870744407
0.86106354
0.85057205
0.839167356
0.826723039
0.81308645
0.798076749
0.7814852
0.763077676
0.742600501
0.719789565
0.69438386
0.66614455
0.634877801
0.60046339
0.562885582
0.522265792
0.478892267
0.433511853
0.386314511
0.338105559
0.289955616
0.243138701
0.198994964
0.158743918
0.123304024
0.093178228
0.068437025
0.997333348
0.997112811
0.996856511
0.996574104
0.996275902
0.995968044
0.995651126
0.995321751
0.994974256
0.994602382
0.994200587
0.993764818
0.993292809
0.992783666
0.992236853
0.99165082
0.99102205
0.990344465
0.989610016
0.988809705
0.987935245
0.986979425
0.985936224
0.98480022
0.983565331
0.982224286
0.980768502
0.979189456
0.977479339
0.975632727
0.973646164
0.971517861
0.96924597
0.966826558
0.96425277
0.961513817
0.958595872
0.955482423
0.952155888
0.948598504
0.944792569
0.940720379
0.936363339
0.931700706
0.9267084
0.921358407
0.915618539
0.909452677
0.902821541
0.895682991
0.887991667
0.879697859
0.870744407
0.86106354
0.85057205
0.839167356
0.826723039
0.81308645
0.798076749
0.7814852
0.763077676
0.742600501
0.719789565
0.69438386
0.66614455
0.634877801
0.60046339
0.562885582
0.522265792
0.478892267
0.433511853
0.386314511
0.338105559
0.289955616
0.243138701
0.198994964
0.158743918
0.123304024
0.093178228
0.068437025
0.997333348
0.997112811
0.996856511
0.996574104
0.996275902
0.995968044
0.995651126
0.995321751
0.994974256
0.994602382
0.994200587
0.993764818
0.993292809
0.992783666
0.992236853
0.99165082
0.99102205
0.990344465
0.989610016
0.988809705
0.987935245
0.986979425
0.985936224
0.98480022
0.983565331
0.982224286
0.980768502
0.979189456
0.977479339
0.975632727
0.973646164
0.971517861
0.96924597
0.966826558
0.96425277
0.961513817
0.958595872
0.955482423
0.952155888
0.948598504
0.944792569
0.940720379
0.936363339
0.931700706
0.9267084
0.921358407
0.915618539
0.909452677
0.902821541
0.895682991
0.887991667
0.879697859
0.870744407
0.86106354
0.85057205
0.839167356
0.826723039
0.81308645
0.798076749
0.7814852
0.763077676
0.742600501
0.719789565
0.69438386
0.66614455
0.634877801
0.60046339
0.562885582
0.522265792
0.478892267
0.433511853
0.386314511
0.338105559
0.289955616
0.243138701
0.198994964
0.158743918
0.123304024
0.093178228
0.068437025
0.997333348
0.997112811
0.996856511
0.996574104
0.996275902
0.995968044
0.995651126
0.995321751
0.994974256
0.994602382
0.994200587
0.993764818
0.993292809
0.992783666
0.992236853
0.99165082
0.99102205
0.990344465
0.989610016
0.988809705
0.987935245
0.986979425
0.985936224
0.98480022
0.983565331
0.982224286
0.980768502
0.979189456
0.977479339
0.975632727
0.973646164
0.971517861
0.96924597
0.966826558
0.96425277
0.961513817
0.958595872
0.955482423
0.952155888
0.948598504
0.944792569
0.940720379
0.936363339
0.931700706
0.9267084
0.921358407
0.915618539
0.909452677
0.902821541
0.895682991
0.887991667
0.879697859
0.870744407
0.86106354
0.85057205
0.839167356
0.826723039
0.81308645
0.798076749
0.7814852
0.763077676
0.742600501
0.719789565
0.69438386
0.66614455
0.634877801
0.60046339
0.562885582
0.522265792
0.478892267
0.433511853
0.386314511
0.338105559
0.289955616
0.243138701
0.198994964
0.158743918
0.123304024
0.093178228
0.068437025
0.997333348
0.997112811
0.996856511
0.996574104
0.996275902
0.995968044
0.995651126
0.995321751
0.994974256
0.994602382
0.994200587
0.993764818
0.993292809
0.992783666
0.992236853
0.99165082
0.99102205
0.990344465
0.989610016
0.988809705
0.987935245
0.986979425
0.985936224
0.98480022
0.983565331
0.982224286
0.980768502
0.979189456
0.977479339
0.975632727
0.973646164
0.971517861
0.96924597
0.966826558
0.96425277
0.961513817
0.958595872
0.955482423
0.952155888
0.948598504
0.944792569
0.940720379
0.936363339
0.931700706
0.9267084
0.921358407
0.915618539
0.909452677
0.902821541
0.895682991
0.887991667
0.879697859
0.870744407
0.86106354
0.85057205
0.839167356
0.826723039
0.81308645
0.798076749
0.7814852
0.763077676
0.742600501
0.719789565
0.69438386
0.66614455
0.634877801
0.60046339
0.562885582
0.522265792
0.478892267
0.433511853
0.386314511
0.338105559
0.289955616
0.243138701
0.198994964
0.158743918
0.123304024
0.093178228
0.068437025
0.997333348
0.997112811
0.996856511
0.996574104
0.996275902
0.995968044
0.995651126
0.995321751
0.994974256
0.994602382
0.994200587
0.993764818
0.993292809
0.992783666
0.992236853
0.99165082
0.99102205
0.990344465
0.989610016
0.988809705
0.987935245
0.986979425
0.985936224
0.98480022
0.983565331
0.982224286
0.980768502
0.979189456
0.977479339
0.975632727
0.973646164
0.971517861
0.96924597
0.966826558
0.96425277
0.961513817
0.958595872
0.955482423
0.952155888
0.948598504
0.944792569
0.940720379
0.936363339
0.931700706
0.9267084
0.921358407
0.915618539
0.909452677
0.902821541
0.895682991
0.887991667
0.879697859
0.870744407
0.86106354
0.85057205
0.839167356
0.826723039
0.81308645
0.798076749
0.7814852
0.763077676
0.742600501
0.719789565
0.69438386
0.66614455
0.634877801
0.60046339
0.562885582
0.522265792
0.478892267
0.433511853
0.386314511
0.338105559
0.289955616
0.243138701
0.198994964
0.158743918
0.123304024
0.093178228
0.068437025
0.997333348
0.997112811
0.996856511
0.996574104
0.996275902
0.995968044
0.995651126
0.995321751
0.994974256
0.994602382
0.994200587
0.993764818
0.993292809
0.992783666
0.992236853
0.99165082
0.99102205
0.990344465
0.989610016
0.988809705
0.987935245
0.986979425
0.985936224
0.98480022
0.983565331
0.982224286
0.980768502
0.979189456
0.977479339
0.975632727
0.973646164
0.971517861
0.96924597
0.966826558
0.96425277
0.961513817
0.958595872
0.955482423
0.952155888
0.948598504
0.944792569
0.940720379
0.936363339
0.931700706
0.9267084
0.921358407
0.915618539
0.909452677
0.902821541
0.895682991
0.887991667
0.879697859
0.870744407
0.86106354
0.85057205
0.839167356
0.826723039
0.81308645
0.798076749
0.7814852
0.763077676
0.742600501
0.719789565
0.69438386
0.66614455
0.634877801
0.60046339
0.562885582
0.522265792
0.478892267
0.433511853
0.386314511
0.338105559
0.289955616
0.243138701
0.198994964
0.158743918
0.123304024
0.093178228
0.068437025
0.997333348
0.997112811
0.996856511
0.996574104
0.996275902
0.995968044
0.995651126
0.995321751
0.994974256
0.994602382
0.994200587
0.993764818
0.993292809
0.992783666
0.992236853
0.99165082
0.99102205
0.990344465
0.989610016
0.988809705
0.987935245
0.986979425
0.985936224
0.98480022
0.983565331
0.982224286
0.980768502
0.979189456
0.977479339
0.975632727
0.973646164
0.971517861
0.96924597
0.966826558
0.96425277
0.961513817
0.958595872
0.955482423
0.952155888
0.948598504
0.944792569
0.940720379
0.936363339
0.931700706
0.9267084
0.921358407
0.915618539
0.909452677
0.902821541
0.895682991
0.887991667
0.879697859
0.870744407
0.86106354
0.85057205
0.839167356
0.826723039
0.81308645
0.798076749
0.7814852
0.763077676
0.742600501
0.719789565
0.69438386
0.66614455
0.634877801
0.60046339
0.562885582
0.522265792
0.478892267
0.433511853
0.386314511
0.338105559
0.289955616
0.243138701
0.198994964
0.158743918
0.123304024
0.093178228
0.068437025
0.997333348
0.997112811
0.996856511
0.996574104
0.996275902
0.995968044
0.995651126
0.995321751
0.994974256
0.994602382
0.994200587
0.993764818
0.993292809
0.992783666
0.992236853
0.99165082
0.99102205
0.990344465
0.989610016
0.988809705
0.987935245
0.986979425
0.985936224
0.98480022
0.983565331
0.982224286
0.980768502
0.979189456
0.977479339
0.975632727
0.973646164
0.971517861
0.96924597
0.966826558
0.96425277
0.961513817
0.958595872
0.955482423
0.952155888
0.948598504
0.944792569
0.940720379
0.936363339
0.931700706
0.9267084
0.921358407
0.915618539
0.909452677
0.902821541
0.895682991
0.887991667
0.879697859
0.870744407
0.86106354
0.85057205
0.839167356
0.826723039
0.81308645
0.798076749
0.7814852
0.763077676
0.742600501
0.719789565
0.69438386
0.66614455
0.634877801
0.60046339
0.562885582
0.522265792
0.478892267
0.433511853
0.386314511
0.338105559
0.289955616
0.243138701
0.198994964
0.158743918
0.123304024
0.093178228
0.068437025
0.997333348
0.997112811
0.996856511
0.996574104
0.996275902
0.995968044
0.995651126
0.995321751
0.994974256
0.994602382
0.994200587
0.993764818
0.993292809
0.992783666
0.992236853
0.99165082
0.99102205
0.990344465
0.989610016
0.988809705
0.987935245
0.986979425
0.985936224
0.98480022
0.983565331
0.982224286
0.980768502
0.979189456
0.977479339
0.975632727
0.973646164
0.971517861
0.96924597
0.966826558
0.96425277
0.961513817
0.958595872
0.955482423
0.952155888
0.948598504
0.944792569
0.940720379
0.936363339
0.931700706
0.9267084
0.921358407
0.915618539
0.909452677
0.902821541
0.895682991
0.887991667
0.879697859
0.870744407
0.86106354
0.85057205
0.839167356
0.826723039
0.81308645
0.798076749
0.7814852
0.763077676
0.742600501
0.719789565
0.69438386
0.66614455
0.634877801
0.60046339
0.562885582
0.522265792
0.478892267
0.433511853
0.386314511
0.338105559
0.289955616
0.243138701
0.198994964
0.158743918
0.123304024
0.093178228
0.068437025
0.997333348
0.997112811
0.996856511
0.996574104
0.996275902
0.995968044
0.995651126
0.995321751
0.994974256
0.994602382
0.994200587
0.993764818
0.993292809
0.992783666
0.992236853
0.99165082
0.99102205
0.990344465
0.989610016
0.988809705
0.987935245
0.986979425
0.985936224
0.98480022
0.983565331
0.982224286
0.980768502
0.979189456
0.977479339
0.975632727
0.973646164
0.971517861
0.96924597
0.966826558
0.96425277
0.961513817
0.958595872
0.955482423
0.952155888
0.948598504
0.944792569
0.940720379
0.936363339
0.931700706
0.9267084
0.921358407
0.915618539
0.909452677
0.902821541
0.895682991
0.887991667
0.879697859
0.870744407
0.86106354
0.85057205
0.839167356
0.826723039
0.81308645
0.798076749
0.7814852
0.763077676
0.742600501
0.719789565
0.69438386
0.66614455
0.634877801
0.60046339
0.562885582
0.522265792
0.478892267
0.433511853
0.386314511
0.338105559
0.289955616
0.243138701
0.198994964
0.158743918
0.123304024
0.093178228
0.068437025
0.997333348
0.997112811
0.996856511
0.996574104
0.996275902
0.995968044
0.995651126
0.995321751
0.994974256
0.994602382
0.994200587
0.993764818
0.993292809
0.992783666
0.992236853
0.99165082
0.99102205
0.990344465
0.989610016
0.988809705
0.987935245
0.986979425
0.985936224
0.98480022
0.983565331
0.982224286
0.980768502
0.979189456
0.977479339
0.975632727
0.973646164
0.971517861
0.96924597
0.966826558
0.96425277
0.961513817
0.958595872
0.955482423
0.952155888
0.948598504
0.944792569
0.940720379
0.936363339
0.931700706
0.9267084
0.921358407
0.915618539
0.909452677
0.902821541
0.895682991
0.887991667
0.879697859
0.870744407
0.86106354
0.85057205
0.839167356
0.826723039
0.81308645
0.798076749
0.7814852
0.763077676
0.742600501
0.719789565
0.69438386
0.66614455
0.634877801
0.60046339
0.562885582
0.522265792
0.478892267
0.433511853
0.386314511
0.338105559
0.289955616
0.243138701
0.198994964
0.158743918
0.123304024
0.093178228
0.068437025
0.997333348
0.997112811
0.996856511
0.996574104
0.996275902
0.995968044
0.995651126
0.995321751
0.994974256
0.994602382
0.994200587
0.993764818
0.993292809
0.992783666
0.992236853
0.99165082
0.99102205
0.990344465
0.989610016
0.988809705
0.987935245
0.986979425
0.985936224
0.98480022
0.983565331
0.982224286
0.980768502
0.979189456
0.977479339
0.975632727
0.973646164
0.971517861
0.96924597
0.966826558
0.96425277
0.961513817
0.958595872
0.955482423
0.952155888
0.948598504
0.944792569
0.940720379
0.936363339
0.931700706
0.9267084
0.921358407
0.915618539
0.909452677
0.902821541
0.895682991
0.887991667
0.879697859
0.870744407
0.86106354
0.85057205
0.839167356
0.826723039
0.81308645
0.798076749
0.7814852
0.763077676
0.742600501
0.719789565
0.69438386
0.66614455
0.634877801
0.60046339
0.562885582
0.522265792
0.478892267
0.433511853
0.386314511
0.338105559
0.289955616
0.243138701
0.198994964
0.158743918
0.123304024
0.093178228
0.068437025
0.997333348
0.997112811
0.996856511
0.996574104
0.996275902
0.995968044
0.995651126
0.995321751
0.994974256
0.994602382
0.994200587
0.993764818
0.993292809
0.992783666
0.992236853
0.99165082
0.99102205
0.990344465
0.989610016
0.988809705
0.987935245
0.986979425
0.985936224
0.98480022
0.983565331
0.982224286
0.980768502
0.979189456
0.977479339
0.975632727
0.973646164
0.971517861
0.96924597
0.966826558
0.96425277
0.961513817
0.958595872
0.955482423
0.952155888
0.948598504
0.944792569
0.940720379
0.936363339
0.931700706
0.9267084
0.921358407
0.915618539
0.909452677
0.902821541
0.895682991
0.887991667
0.879697859
0.870744407
0.86106354
0.85057205
0.839167356
0.826723039
0.81308645
0.798076749
0.7814852
0.763077676
0.742600501
0.719789565
0.69438386
0.66614455
0.634877801
0.60046339
0.562885582
0.522265792
0.478892267
0.433511853
0.386314511
0.338105559
0.289955616
0.243138701
0.198994964
0.158743918
0.123304024
0.093178228
0.068437025
0.997333348
0.997112811
0.996856511
0.996574104
0.996275902
0.995968044
0.995651126
0.995321751
0.994974256
0.994602382
0.994200587
0.993764818
0.993292809
0.992783666
0.992236853
0.99165082
0.99102205
0.990344465
0.989610016
0.988809705
0.987935245
0.986979425
0.985936224
0.98480022
0.983565331
0.982224286
0.980768502
0.979189456
0.977479339
0.975632727
0.973646164
0.971517861
0.96924597
0.966826558
0.96425277
0.961513817
0.958595872
0.955482423
0.952155888
0.948598504
0.944792569
0.940720379
0.936363339
0.931700706
0.9267084
0.921358407
0.915618539
0.909452677
0.902821541
0.895682991
0.887991667
0.879697859
0.870744407
0.86106354
0.85057205
0.839167356
0.826723039
0.81308645
0.798076749
0.7814852
0.763077676
0.742600501
0.719789565
0.69438386
0.66614455
0.634877801
0.60046339
0.562885582
0.522265792
0.478892267
0.433511853
0.386314511
0.338105559
0.289955616
0.243138701
0.198994964
0.158743918
0.123304024
0.093178228
0.068437025
0.997333348
0.997112811
0.996856511
0.996574104
0.996275902
0.995968044
0.995651126
0.995321751
0.994974256
0.994602382
0.994200587
0.993764818
0.993292809
0.992783666
0.992236853
0.99165082
0.99102205
0.990344465
0.989610016
0.988809705
0.987935245
0.986979425
0.985936224
0.98480022
0.983565331
0.982224286
0.980768502
0.979189456
0.977479339
0.975632727
0.973646164
0.971517861
0.96924597
0.966826558
0.96425277
0.961513817
0.958595872
0.955482423
0.952155888
0.948598504
0.944792569
0.940720379
0.936363339
0.931700706
0.9267084
0.921358407
0.915618539
0.909452677
0.902821541
0.895682991
0.887991667
0.879697859
0.870744407
0.86106354
0.85057205
0.839167356
0.826723039
0.81308645
0.798076749
0.7814852
0.763077676
0.742600501
0.719789565
0.69438386
0.66614455
0.634877801
0.60046339
0.562885582
0.522265792
0.478892267
0.433511853
0.386314511
0.338105559
0.289955616
0.243138701
0.198994964
0.158743918
0.123304024
0.093178228
0.068437025
0.997333348
0.997112811
0.996856511
0.996574104
0.996275902
0.995968044
0.995651126
0.995321751
0.994974256
0.994602382
0.994200587
0.993764818
0.993292809
0.992783666
0.992236853
0.99165082
0.99102205
0.990344465
0.989610016
0.988809705
0.987935245
0.986979425
0.985936224
0.98480022
0.983565331
0.982224286
0.980768502
0.979189456
0.977479339
0.975632727
0.973646164
0.971517861
0.96924597
0.966826558
0.96425277
0.961513817
0.958595872
0.955482423
0.952155888
0.948598504
0.944792569
0.940720379
0.936363339
0.931700706
0.9267084
0.921358407
0.915618539
0.909452677
0.902821541
0.895682991
0.887991667
0.879697859
0.870744407
0.86106354
0.85057205
0.839167356
0.826723039
0.81308645
0.798076749
0.7814852
0.763077676
0.742600501
0.719789565
0.69438386
0.66614455
0.634877801
0.60046339
0.562885582
0.522265792
0.478892267
0.433511853
0.386314511
0.338105559
0.289955616
0.243138701
0.198994964
0.158743918
0.123304024
0.093178228
0.068437025
0.997333348
0.997112811
0.996856511
0.996574104
0.996275902
0.995968044
0.995651126
0.995321751
0.994974256
0.994602382
0.994200587
0.993764818
0.993292809
0.992783666
0.992236853
0.99165082
0.99102205
0.990344465
0.989610016
0.988809705
0.987935245
0.986979425
0.985936224
0.98480022
0.983565331
0.982224286
0.980768502
0.979189456
0.977479339
0.975632727
0.973646164
0.971517861
0.96924597
0.966826558
0.96425277
0.961513817
0.958595872
0.955482423
0.952155888
0.948598504
0.944792569
0.940720379
0.936363339
0.931700706
0.9267084
0.921358407
0.915618539
0.909452677
0.902821541
0.895682991
0.887991667
0.879697859
0.870744407
0.86106354
0.85057205
0.839167356
0.826723039
0.81308645
0.798076749
0.7814852
0.763077676
0.742600501
0.719789565
0.69438386
0.66614455
0.634877801
0.60046339
0.562885582
0.522265792
0.478892267
0.433511853
0.386314511
0.338105559
0.289955616
0.243138701
0.198994964
0.158743918
0.123304024
0.093178228
0.068437025
0.997333348
0.997112811
0.996856511
0.996574104
0.996275902
0.995968044
0.995651126
0.995321751
0.994974256
0.994602382
0.994200587
0.993764818
0.993292809
0.992783666
0.992236853
0.99165082
0.99102205
0.990344465
0.989610016
0.988809705
0.987935245
0.986979425
0.985936224
0.98480022
0.983565331
0.982224286
0.980768502
0.979189456
0.977479339
0.975632727
0.973646164
0.971517861
0.96924597
0.966826558
0.96425277
0.961513817
0.958595872
0.955482423
0.952155888
0.948598504
0.944792569
0.940720379
0.936363339
0.931700706
0.9267084
0.921358407
0.915618539
0.909452677
0.902821541
0.895682991
0.887991667
0.879697859
0.870744407
0.86106354
0.85057205
0.839167356
0.826723039
0.81308645
0.798076749
0.7814852
0.763077676
0.742600501
0.719789565
0.69438386
0.66614455
0.634877801
0.60046339
0.562885582
0.522265792
0.478892267
0.433511853
0.386314511
0.338105559
0.289955616
0.243138701
0.198994964
0.158743918
0.123304024
0.093178228
0.068437025
0.997333348
0.997112811
0.996856511
0.996574104
0.996275902
0.995968044
0.995651126
0.995321751
0.994974256
0.994602382
0.994200587
0.993764818
0.993292809
0.992783666
0.992236853
0.99165082
0.99102205
0.990344465
0.989610016
0.988809705
0.987935245
0.986979425
0.985936224
0.98480022
0.983565331
0.982224286
0.980768502
0.979189456
0.977479339
0.975632727
0.973646164
0.971517861
0.96924597
0.966826558
0.96425277
0.961513817
0.958595872
0.955482423
0.952155888
0.948598504
0.944792569
0.940720379
0.936363339
0.931700706
0.9267084
0.921358407
0.915618539
0.909452677
0.902821541
0.895682991
0.887991667
0.879697859
0.870744407
0.86106354
0.85057205
0.839167356
0.826723039
0.81308645
0.798076749
0.7814852
0.763077676
0.742600501
0.719789565
0.69438386
0.66614455
0.634877801
0.60046339
0.562885582
0.522265792
0.478892267
0.433511853
0.386314511
0.338105559
0.289955616
0.243138701
0.198994964
0.158743918
0.123304024
0.093178228
0.068437025
0.997333348
0.997112811
0.996856511
0.996574104
0.996275902
0.995968044
0.995651126
0.995321751
0.994974256
0.994602382
0.994200587
0.993764818
0.993292809
0.992783666
0.992236853
0.99165082
0.99102205
0.990344465
0.989610016
0.988809705
0.987935245
0.986979425
0.985936224
0.98480022
0.983565331
0.982224286
0.980768502
0.979189456
0.977479339
0.975632727
0.973646164
0.971517861
0.96924597
0.966826558
0.96425277
0.961513817
0.958595872
0.955482423
0.952155888
0.948598504
0.944792569
0.940720379
0.936363339
0.931700706
0.9267084
0.921358407
0.915618539
0.909452677
0.902821541
0.895682991
0.887991667
0.879697859
0.870744407
0.86106354
0.85057205
0.839167356
0.826723039
0.81308645
0.798076749
0.7814852
0.763077676
0.742600501
0.719789565
0.69438386
0.66614455
0.634877801
0.60046339
0.562885582
0.522265792
0.478892267
0.433511853
0.386314511
0.338105559
0.289955616
0.243138701
0.198994964
0.158743918
0.123304024
0.093178228
0.068437025
0.997333348
0.997112811
0.996856511
0.996574104
0.996275902
0.995968044
0.995651126
0.995321751
0.994974256
0.994602382
0.994200587
0.993764818
0.993292809
0.992783666
0.992236853
0.99165082
0.99102205
0.990344465
0.989610016
0.988809705
0.987935245
0.986979425
0.985936224
0.98480022
0.983565331
0.982224286
0.980768502
0.979189456
0.977479339
0.975632727
0.973646164
0.971517861
0.96924597
0.966826558
0.96425277
0.961513817
0.958595872
0.955482423
0.952155888
0.948598504
0.944792569
0.940720379
0.936363339
0.931700706
0.9267084
0.921358407
0.915618539
0.909452677
0.902821541
0.895682991
0.887991667
0.879697859
0.870744407
0.86106354
0.85057205
0.839167356
0.826723039
0.81308645
0.798076749
0.7814852
0.763077676
0.742600501
0.719789565
0.69438386
0.66614455
0.634877801
0.60046339
0.562885582
0.522265792
0.478892267
0.433511853
0.386314511
0.338105559
0.289955616
0.243138701
0.198994964
0.158743918
0.123304024
0.093178228
0.068437025
0.997333348
0.997112811
0.996856511
0.996574104
0.996275902
0.995968044
0.995651126
0.995321751
0.994974256
0.994602382
0.994200587
0.993764818
0.993292809
0.992783666
0.992236853
0.99165082
0.99102205
0.990344465
0.989610016
0.988809705
0.987935245
0.986979425
0.985936224
0.98480022
0.983565331
0.982224286
0.980768502
0.979189456
0.977479339
0.975632727
0.973646164
0.971517861
0.96924597
0.966826558
0.96425277
0.961513817
0.958595872
0.955482423
0.952155888
0.948598504
0.944792569
0.940720379
0.936363339
0.931700706
0.9267084
0.921358407
0.915618539
0.909452677
0.902821541
0.895682991
0.887991667
0.879697859
0.870744407
0.86106354
0.85057205
0.839167356
0.826723039
0.81308645
0.798076749
0.7814852
0.763077676
0.742600501
0.719789565
0.69438386
0.66614455
0.634877801
0.60046339
0.562885582
0.522265792
0.478892267
0.433511853
0.386314511
0.338105559
0.289955616
0.243138701
0.198994964
0.158743918
0.123304024
0.093178228
0.068437025
0.997333348
0.997112811
0.996856511
0.996574104
0.996275902
0.995968044
0.995651126
0.995321751
0.994974256
0.994602382
0.994200587
0.993764818
0.993292809
0.992783666
0.992236853
0.99165082
0.99102205
0.990344465
0.989610016
0.988809705
0.987935245
0.986979425
0.985936224
0.98480022
0.983565331
0.982224286
0.980768502
0.979189456
0.977479339
0.975632727
0.973646164
0.971517861
0.96924597
0.966826558
0.96425277
0.961513817
0.958595872
0.955482423
0.952155888
0.948598504
0.944792569
0.940720379
0.936363339
0.931700706
0.9267084
0.921358407
0.915618539
0.909452677
0.902821541
0.895682991
0.887991667
0.879697859
0.870744407
0.86106354
0.85057205
0.839167356
0.826723039
0.81308645
0.798076749
0.7814852
0.763077676
0.742600501
0.719789565
0.69438386
0.66614455
0.634877801
0.60046339
0.562885582
0.522265792
0.478892267
0.433511853
0.386314511
0.338105559
0.289955616
0.243138701
0.198994964
0.158743918
0.123304024
0.093178228
0.068437025
0.997333348
0.997112811
0.996856511
0.996574104
0.996275902
0.995968044
0.995651126
0.995321751
0.994974256
0.994602382
0.994200587
0.993764818
0.993292809
0.992783666
0.992236853
0.99165082
0.99102205
0.990344465
0.989610016
0.988809705
0.987935245
0.986979425
0.985936224
0.98480022
0.983565331
0.982224286
0.980768502
0.979189456
0.977479339
0.975632727
0.973646164
0.971517861
0.96924597
0.966826558
0.96425277
0.961513817
0.958595872
0.955482423
0.952155888
0.948598504
0.944792569
0.940720379
0.936363339
0.931700706
0.9267084
0.921358407
0.915618539
0.909452677
0.902821541
0.895682991
0.887991667
0.879697859
0.870744407
0.86106354
0.85057205
0.839167356
0.826723039
0.81308645
0.798076749
0.7814852
0.763077676
0.742600501
0.719789565
0.69438386
0.66614455
0.634877801
0.60046339
0.562885582
0.522265792
0.478892267
0.433511853
0.386314511
0.338105559
0.289955616
0.243138701
0.198994964
0.158743918
0.123304024
0.093178228
0.068437025
0.997333348
0.997112811
0.996856511
0.996574104
0.996275902
0.995968044
0.995651126
0.995321751
0.994974256
0.994602382
0.994200587
0.993764818
0.993292809
0.992783666
0.992236853
0.99165082
0.99102205
0.990344465
0.989610016
0.988809705
0.987935245
0.986979425
0.985936224
0.98480022
0.983565331
0.982224286
0.980768502
0.979189456
0.977479339
0.975632727
0.973646164
0.971517861
0.96924597
0.966826558
0.96425277
0.961513817
0.958595872
0.955482423
0.952155888
0.948598504
0.944792569
0.940720379
0.936363339
0.931700706
0.9267084
0.921358407
0.915618539
0.909452677
0.902821541
0.895682991
0.887991667
0.879697859
0.870744407
0.86106354
0.85057205
0.839167356
0.826723039
0.81308645
0.798076749
0.7814852
0.763077676
0.742600501
0.719789565
0.69438386
0.66614455
0.634877801
0.60046339
0.562885582
0.522265792
0.478892267
0.433511853
0.386314511
0.338105559
0.289955616
0.243138701
0.198994964
0.158743918
0.123304024
0.093178228
0.068437025
0.997333348
0.997112811
0.996856511
0.996574104
0.996275902
0.995968044
0.995651126
0.995321751
0.994974256
0.994602382
0.994200587
0.993764818
0.993292809
0.992783666
0.992236853
0.99165082
0.99102205
0.990344465
0.989610016
0.988809705
0.987935245
0.986979425
0.985936224
0.98480022
0.983565331
0.982224286
0.980768502
0.979189456
0.977479339
0.975632727
0.973646164
0.971517861
0.96924597
0.966826558
0.96425277
0.961513817
0.958595872
0.955482423
0.952155888
0.948598504
0.944792569
0.940720379
0.936363339
0.931700706
0.9267084
0.921358407
0.915618539
0.909452677
0.902821541
0.895682991
0.887991667
0.879697859
0.870744407
0.86106354
0.85057205
0.839167356
0.826723039
0.81308645
0.798076749
0.7814852
0.763077676
0.742600501
0.719789565
0.69438386
0.66614455
0.634877801
0.60046339
0.562885582
0.522265792
0.478892267
0.433511853
0.386314511
0.338105559
0.289955616
0.243138701
0.198994964
0.158743918
0.123304024
0.093178228
0.068437025
0.997333348
0.997112811
0.996856511
0.996574104
0.996275902
0.995968044
0.995651126
0.995321751
0.994974256
0.994602382
0.994200587
0.993764818
0.993292809
0.992783666
0.992236853
0.99165082
0.99102205
0.990344465
0.989610016
0.988809705
0.987935245
0.986979425
0.985936224
0.98480022
0.983565331
0.982224286
0.980768502
0.979189456
0.977479339
0.975632727
0.973646164
0.971517861
0.96924597
0.966826558
0.96425277
0.961513817
0.958595872
0.955482423
0.952155888
0.948598504
0.944792569
0.940720379
0.936363339
0.931700706
0.9267084
0.921358407
0.915618539
0.909452677
0.902821541
0.895682991
0.887991667
0.879697859
0.870744407
0.86106354
0.85057205
0.839167356
0.826723039
0.81308645
0.798076749
0.7814852
0.763077676
0.742600501
0.719789565
0.69438386
0.66614455
0.634877801
0.60046339
0.562885582
0.522265792
0.478892267
0.433511853
0.386314511
0.338105559
0.289955616
0.243138701
0.198994964
0.158743918
0.123304024
0.093178228
0.068437025
0.997333348
0.997112811
0.996856511
0.996574104
0.996275902
0.995968044
0.995651126
0.995321751
0.994974256
0.994602382
0.994200587
0.993764818
0.993292809
0.992783666
0.992236853
0.99165082
0.99102205
0.990344465
0.989610016
0.988809705
0.987935245
0.986979425
0.985936224
0.98480022
0.983565331
0.982224286
0.980768502
0.979189456
0.977479339
0.975632727
0.973646164
0.971517861
0.96924597
0.966826558
0.96425277
0.961513817
0.958595872
0.955482423
0.952155888
0.948598504
0.944792569
0.940720379
0.936363339
0.931700706
0.9267084
0.921358407
0.915618539
0.909452677
0.902821541
0.895682991
0.887991667
0.879697859
0.870744407
0.86106354
0.85057205
0.839167356
0.826723039
0.81308645
0.798076749
0.7814852
0.763077676
0.742600501
0.719789565
0.69438386
0.66614455
0.634877801
0.60046339
0.562885582
0.522265792
0.478892267
0.433511853
0.386314511
0.338105559
0.289955616
0.243138701
0.198994964
0.158743918
0.123304024
0.093178228
0.068437025
0.997333348
0.997112811
0.996856511
0.996574104
0.996275902
0.995968044
0.995651126
0.995321751
0.994974256
0.994602382
0.994200587
0.993764818
0.993292809
0.992783666
0.992236853
0.99165082
0.99102205
0.990344465
0.989610016
0.988809705
0.987935245
0.986979425
0.985936224
0.98480022
0.983565331
0.982224286
0.980768502
0.979189456
0.977479339
0.975632727
0.973646164
0.971517861
0.96924597
0.966826558
0.96425277
0.961513817
0.958595872
0.955482423
0.952155888
0.948598504
0.944792569
0.940720379
0.936363339
0.931700706
0.9267084
0.921358407
0.915618539
0.909452677
0.902821541
0.895682991
0.887991667
0.879697859
0.870744407
0.86106354
0.85057205
0.839167356
0.826723039
0.81308645
0.798076749
0.7814852
0.763077676
0.742600501
0.719789565
0.69438386
0.66614455
0.634877801
0.60046339
0.562885582
0.522265792
0.478892267
0.433511853
0.386314511
0.338105559
0.289955616
0.243138701
0.198994964
0.158743918
0.123304024
0.093178228
0.068437025
0.997333348
0.997112811
0.996856511
0.996574104
0.996275902
0.995968044
0.995651126
0.995321751
0.994974256
0.994602382
0.994200587
0.993764818
0.993292809
0.992783666
0.992236853
0.99165082
0.99102205
0.990344465
0.989610016
0.988809705
0.987935245
0.986979425
0.985936224
0.98480022
0.983565331
0.982224286
0.980768502
0.979189456
0.977479339
0.975632727
0.973646164
0.971517861
0.96924597
0.966826558
0.96425277
0.961513817
0.958595872
0.955482423
0.952155888
0.948598504
0.944792569
0.940720379
0.936363339
0.931700706
0.9267084
0.921358407
0.915618539
0.909452677
0.902821541
0.895682991
0.887991667
0.879697859
0.870744407
0.86106354
0.85057205
0.839167356
0.826723039
0.81308645
0.798076749
0.7814852
0.763077676
0.742600501
0.719789565
0.69438386
0.66614455
0.634877801
0.60046339
0.562885582
0.522265792
0.478892267
0.433511853
0.386314511
0.338105559
0.289955616
0.243138701
0.198994964
0.158743918
0.123304024
0.093178228
0.068437025
0.997333348
0.997112811
0.996856511
0.996574104
0.996275902
0.995968044
0.995651126
0.995321751
0.994974256
0.994602382
0.994200587
0.993764818
0.993292809
0.992783666
0.992236853
0.99165082
0.99102205
0.990344465
0.989610016
0.988809705
0.987935245
0.986979425
0.985936224
0.98480022
0.983565331
0.982224286
0.980768502
0.979189456
0.977479339
0.975632727
0.973646164
0.971517861
0.96924597
0.966826558
0.96425277
0.961513817
0.958595872
0.955482423
0.952155888
0.948598504
0.944792569
0.940720379
0.936363339
0.931700706
0.9267084
0.921358407
0.915618539
0.909452677
0.902821541
0.895682991
0.887991667
0.879697859
0.870744407
0.86106354
0.85057205
0.839167356
0.826723039
0.81308645
0.798076749
0.7814852
0.763077676
0.742600501
0.719789565
0.69438386
0.66614455
0.634877801
0.60046339
0.562885582
0.522265792
0.478892267
0.433511853
0.386314511
0.338105559
0.289955616
0.243138701
0.198994964
0.158743918
0.123304024
0.093178228
0.068437025
0.997333348
0.997112811
0.996856511
0.996574104
0.996275902
0.995968044
0.995651126
0.995321751
0.994974256
0.994602382
0.994200587
0.993764818
0.993292809
0.992783666
0.992236853
0.99165082
0.99102205
0.990344465
0.989610016
0.988809705
0.987935245
0.986979425
0.985936224
0.98480022
0.983565331
0.982224286
0.980768502
0.979189456
0.977479339
0.975632727
0.973646164
0.971517861
0.96924597
0.966826558
0.96425277
0.961513817
0.958595872
0.955482423
0.952155888
0.948598504
0.944792569
0.940720379
0.936363339
0.931700706
0.9267084
0.921358407
0.915618539
0.909452677
0.902821541
0.895682991
0.887991667
0.879697859
0.870744407
0.86106354
0.85057205
0.839167356
0.826723039
0.81308645
0.798076749
0.7814852
0.763077676
0.742600501
0.719789565
0.69438386
0.66614455
0.634877801
0.60046339
0.562885582
0.522265792
0.478892267
0.433511853
0.386314511
0.338105559
0.289955616
0.243138701
0.198994964
0.158743918
0.123304024
0.093178228
0.068437025
0.997333348
0.997112811
0.996856511
0.996574104
0.996275902
0.995968044
0.995651126
0.995321751
0.994974256
0.994602382
0.994200587
0.993764818
0.993292809
0.992783666
0.992236853
0.99165082
0.99102205
0.990344465
0.989610016
0.988809705
0.987935245
0.986979425
0.985936224
0.98480022
0.983565331
0.982224286
0.980768502
0.979189456
0.977479339
0.975632727
0.973646164
0.971517861
0.96924597
0.966826558
0.96425277
0.961513817
0.958595872
0.955482423
0.952155888
0.948598504
0.944792569
0.940720379
0.936363339
0.931700706
0.9267084
0.921358407
0.915618539
0.909452677
0.902821541
0.895682991
0.887991667
0.879697859
0.870744407
0.86106354
0.85057205
0.839167356
0.826723039
0.81308645
0.798076749
0.7814852
0.763077676
0.742600501
0.719789565
0.69438386
0.66614455
0.634877801
0.60046339
0.562885582
0.522265792
0.478892267
0.433511853
0.386314511
0.338105559
0.289955616
0.243138701
0.198994964
0.158743918
0.123304024
0.093178228
0.068437025
0.997333348
0.997112811
0.996856511
0.996574104
0.996275902
0.995968044
0.995651126
0.995321751
0.994974256
0.994602382
0.994200587
0.993764818
0.993292809
0.992783666
0.992236853
0.99165082
0.99102205
0.990344465
0.989610016
0.988809705
0.987935245
0.986979425
0.985936224
0.98480022
0.983565331
0.982224286
0.980768502
0.979189456
0.977479339
0.975632727
0.973646164
0.971517861
0.96924597
0.966826558
0.96425277
0.961513817
0.958595872
0.955482423
0.952155888
0.948598504
0.944792569
0.940720379
0.936363339
0.931700706
0.9267084
0.921358407
0.915618539
0.909452677
0.902821541
0.895682991
0.887991667
0.879697859
0.870744407
0.86106354
0.85057205
0.839167356
0.826723039
0.81308645
0.798076749
0.7814852
0.763077676
0.742600501
0.719789565
0.69438386
0.66614455
0.634877801
0.60046339
0.562885582
0.522265792
0.478892267
0.433511853
0.386314511
0.338105559
0.289955616
0.243138701
0.198994964
0.158743918
0.123304024
0.093178228
0.068437025
0.997333348
0.997112811
0.996856511
0.996574104
0.996275902
0.995968044
0.995651126
0.995321751
0.994974256
0.994602382
0.994200587
0.993764818
0.993292809
0.992783666
0.992236853
0.99165082
0.99102205
0.990344465
0.989610016
0.988809705
0.987935245
0.986979425
0.985936224
0.98480022
0.983565331
0.982224286
0.980768502
0.979189456
0.977479339
0.975632727
0.973646164
0.971517861
0.96924597
0.966826558
0.96425277
0.961513817
0.958595872
0.955482423
0.952155888
0.948598504
0.944792569
0.940720379
0.936363339
0.931700706
0.9267084
0.921358407
0.915618539
0.909452677
0.902821541
0.895682991
0.887991667
0.879697859
0.870744407
0.86106354
0.85057205
0.839167356
0.826723039
0.81308645
0.798076749
0.7814852
0.763077676
0.742600501
0.719789565
0.69438386
0.66614455
0.634877801
0.60046339
0.562885582
0.522265792
0.478892267
0.433511853
0.386314511
0.338105559
0.289955616
0.243138701
0.198994964
0.158743918
0.123304024
0.093178228
0.068437025
0.997333348
0.997112811
0.996856511
0.996574104
0.996275902
0.995968044
0.995651126
0.995321751
0.994974256
0.994602382
0.994200587
0.993764818
0.993292809
0.992783666
0.992236853
0.99165082
0.99102205
0.990344465
0.989610016
0.988809705
0.987935245
0.986979425
0.985936224
0.98480022
0.983565331
0.982224286
0.980768502
0.979189456
0.977479339
0.975632727
0.973646164
0.971517861
0.96924597
0.966826558
0.96425277
0.961513817
0.958595872
0.955482423
0.952155888
0.948598504
0.944792569
0.940720379
0.936363339
0.931700706
0.9267084
0.921358407
0.915618539
0.909452677
0.902821541
0.895682991
0.887991667
0.879697859
0.870744407
0.86106354
0.85057205
0.839167356
0.826723039
0.81308645
0.798076749
0.7814852
0.763077676
0.742600501
0.719789565
0.69438386
0.66614455
0.634877801
0.60046339
0.562885582
0.522265792
0.478892267
0.433511853
0.386314511
0.338105559
0.289955616
0.243138701
0.198994964
0.158743918
0.123304024
0.093178228
0.068437025
0.997333348
0.997112811
0.996856511
0.996574104
0.996275902
0.995968044
0.995651126
0.995321751
0.994974256
0.994602382
0.994200587
0.993764818
0.993292809
0.992783666
0.992236853
0.99165082
0.99102205
0.990344465
0.989610016
0.988809705
0.987935245
0.986979425
0.985936224
0.98480022
0.983565331
0.982224286
0.980768502
0.979189456
0.977479339
0.975632727
0.973646164
0.971517861
0.96924597
0.966826558
0.96425277
0.961513817
0.958595872
0.955482423
0.952155888
0.948598504
0.944792569
0.940720379
0.936363339
0.931700706
0.9267084
0.921358407
0.915618539
0.909452677
0.902821541
0.895682991
0.887991667
0.879697859
0.870744407
0.86106354
0.85057205
0.839167356
0.826723039
0.81308645
0.798076749
0.7814852
0.763077676
0.742600501
0.719789565
0.69438386
0.66614455
0.634877801
0.60046339
0.562885582
0.522265792
0.478892267
0.433511853
0.386314511
0.338105559
0.289955616
0.243138701
0.198994964
0.158743918
0.123304024
0.093178228
0.068437025
0.997333348
0.997112811
0.996856511
0.996574104
0.996275902
0.995968044
0.995651126
0.995321751
0.994974256
0.994602382
0.994200587
0.993764818
0.993292809
0.992783666
0.992236853
0.99165082
0.99102205
0.990344465
0.989610016
0.988809705
0.987935245
0.986979425
0.985936224
0.98480022
0.983565331
0.982224286
0.980768502
0.979189456
0.977479339
0.975632727
0.973646164
0.971517861
0.96924597
0.966826558
0.96425277
0.961513817
0.958595872
0.955482423
0.952155888
0.948598504
0.944792569
0.940720379
0.936363339
0.931700706
0.9267084
0.921358407
0.915618539
0.909452677
0.902821541
0.895682991
0.887991667
0.879697859
0.870744407
0.86106354
0.85057205
0.839167356
0.826723039
0.81308645
0.798076749
0.7814852
0.763077676
0.742600501
0.719789565
0.69438386
0.66614455
0.634877801
0.60046339
0.562885582
0.522265792
0.478892267
0.433511853
0.386314511
0.338105559
0.289955616
0.243138701
0.198994964
0.158743918
0.123304024
0.093178228
0.068437025
0.997333348
0.997112811
0.996856511
0.996574104
0.996275902
0.995968044
0.995651126
0.995321751
0.994974256
0.994602382
0.994200587
0.993764818
0.993292809
0.992783666
0.992236853
0.99165082
0.99102205
0.990344465
0.989610016
0.988809705
0.987935245
0.986979425
0.985936224
0.98480022
0.983565331
0.982224286
0.980768502
0.979189456
0.977479339
0.975632727
0.973646164
0.971517861
0.96924597
0.966826558
0.96425277
0.961513817
0.958595872
0.955482423
0.952155888
0.948598504
0.944792569
0.940720379
0.936363339
0.931700706
0.9267084
0.921358407
0.915618539
0.909452677
0.902821541
0.895682991
0.887991667
0.879697859
0.870744407
0.86106354
0.85057205
0.839167356
0.826723039
0.81308645
0.798076749
0.7814852
0.763077676
0.742600501
0.719789565
0.69438386
0.66614455
0.634877801
0.60046339
0.562885582
0.522265792
0.478892267
0.433511853
0.386314511
0.338105559
0.289955616
0.243138701
0.198994964
0.158743918
0.123304024
0.093178228
0.068437025
0.997333348
0.997112811
0.996856511
0.996574104
0.996275902
0.995968044
0.995651126
0.995321751
0.994974256
0.994602382
0.994200587
0.993764818
0.993292809
0.992783666
0.992236853
0.99165082
0.99102205
0.990344465
0.989610016
0.988809705
0.987935245
0.986979425
0.985936224
0.98480022
0.983565331
0.982224286
0.980768502
0.979189456
0.977479339
0.975632727
0.973646164
0.971517861
0.96924597
0.966826558
0.96425277
0.961513817
0.958595872
0.955482423
0.952155888
0.948598504
0.944792569
0.940720379
0.936363339
0.931700706
0.9267084
0.921358407
0.915618539
0.909452677
0.902821541
0.895682991
0.887991667
0.879697859
0.870744407
0.86106354
0.85057205
0.839167356
0.826723039
0.81308645
0.798076749
0.7814852
0.763077676
0.742600501
0.719789565
0.69438386
0.66614455
0.634877801
0.60046339
0.562885582
0.522265792
0.478892267
0.433511853
0.386314511
0.338105559
0.289955616
0.243138701
0.198994964
0.158743918
0.123304024
0.093178228
0.068437025
0.997333348
0.997112811
0.996856511
0.996574104
0.996275902
0.995968044
0.995651126
0.995321751
0.994974256
0.994602382
0.994200587
0.993764818
0.993292809
0.992783666
0.992236853
0.99165082
0.99102205
0.990344465
0.989610016
0.988809705
0.987935245
0.986979425
0.985936224
0.98480022
0.983565331
0.982224286
0.980768502
0.979189456
0.977479339
0.975632727
0.973646164
0.971517861
0.96924597
0.966826558
0.96425277
0.961513817
0.958595872
0.955482423
0.952155888
0.948598504
0.944792569
0.940720379
0.936363339
0.931700706
0.9267084
0.921358407
0.915618539
0.909452677
0.902821541
0.895682991
0.887991667
0.879697859
0.870744407
0.86106354
0.85057205
0.839167356
0.826723039
0.81308645
0.798076749
0.7814852
0.763077676
0.742600501
0.719789565
0.69438386
0.66614455
0.634877801
0.60046339
0.562885582
0.522265792
0.478892267
0.433511853
0.386314511
0.338105559
0.289955616
0.243138701
0.198994964
0.158743918
0.123304024
0.093178228
0.068437025
0.997333348
0.997112811
0.996856511
0.996574104
0.996275902
0.995968044
0.995651126
0.995321751
0.994974256
0.994602382
0.994200587
0.993764818
0.993292809
0.992783666
0.992236853
0.99165082
0.99102205
0.990344465
0.989610016
0.988809705
0.987935245
0.986979425
0.985936224
0.98480022
0.983565331
0.982224286
0.980768502
0.979189456
0.977479339
0.975632727
0.973646164
0.971517861
0.96924597
0.966826558
0.96425277
0.961513817
0.958595872
0.955482423
0.952155888
0.948598504
0.944792569
0.940720379
0.936363339
0.931700706
0.9267084
0.921358407
0.915618539
0.909452677
0.902821541
0.895682991
0.887991667
0.879697859
0.870744407
0.86106354
0.85057205
0.839167356
0.826723039
0.81308645
0.798076749
0.7814852
0.763077676
0.742600501
0.719789565
0.69438386
0.66614455
0.634877801
0.60046339
0.562885582
0.522265792
0.478892267
0.433511853
0.386314511
0.338105559
0.289955616
0.243138701
0.198994964
0.158743918
0.123304024
0.093178228
0.068437025
0.997333348
0.997112811
0.996856511
0.996574104
0.996275902
0.995968044
0.995651126
0.995321751
0.994974256
0.994602382
0.994200587
0.993764818
0.993292809
0.992783666
0.992236853
0.99165082
0.99102205
0.990344465
0.989610016
0.988809705
0.987935245
0.986979425
0.985936224
0.98480022
0.983565331
0.982224286
0.980768502
0.979189456
0.977479339
0.975632727
0.973646164
0.971517861
0.96924597
0.966826558
0.96425277
0.961513817
0.958595872
0.955482423
0.952155888
0.948598504
0.944792569
0.940720379
0.936363339
0.931700706
0.9267084
0.921358407
0.915618539
0.909452677
0.902821541
0.895682991
0.887991667
0.879697859
0.870744407
0.86106354
0.85057205
0.839167356
0.826723039
0.81308645
0.798076749
0.7814852
0.763077676
0.742600501
0.719789565
0.69438386
0.66614455
0.634877801
0.60046339
0.562885582
0.522265792
0.478892267
0.433511853
0.386314511
0.338105559
0.289955616
0.243138701
0.198994964
0.158743918
0.123304024
0.093178228
0.068437025
0.997333348
0.997112811
0.996856511
0.996574104
0.996275902
0.995968044
0.995651126
0.995321751
0.994974256
0.994602382
0.994200587
0.993764818
0.993292809
0.992783666
0.992236853
0.99165082
0.99102205
0.990344465
0.989610016
0.988809705
0.987935245
0.986979425
0.985936224
0.98480022
0.983565331
0.982224286
0.980768502
0.979189456
0.977479339
0.975632727
0.973646164
0.971517861
0.96924597
0.966826558
0.96425277
0.961513817
0.958595872
0.955482423
0.952155888
0.948598504
0.944792569
0.940720379
0.936363339
0.931700706
0.9267084
0.921358407
0.915618539
0.909452677
0.902821541
0.895682991
0.887991667
0.879697859
0.870744407
0.86106354
0.85057205
0.839167356
0.826723039
0.81308645
0.798076749
0.7814852
0.763077676
0.742600501
0.719789565
0.69438386
0.66614455
0.634877801
0.60046339
0.562885582
0.522265792
0.478892267
0.433511853
0.386314511
0.338105559
0.289955616
0.243138701
0.198994964
0.158743918
0.123304024
0.093178228
0.068437025
0.997333348
0.997112811
0.996856511
0.996574104
0.996275902
0.995968044
0.995651126
0.995321751
0.994974256
0.994602382
0.994200587
0.993764818
0.993292809
0.992783666
0.992236853
0.99165082
0.99102205
0.990344465
0.989610016
0.988809705
0.987935245
0.986979425
0.985936224
0.98480022
0.983565331
0.982224286
0.980768502
0.979189456
0.977479339
0.975632727
0.973646164
0.971517861
0.96924597
0.966826558
0.96425277
0.961513817
0.958595872
0.955482423
0.952155888
0.948598504
0.944792569
0.940720379
0.936363339
0.931700706
0.9267084
0.921358407
0.915618539
0.909452677
0.902821541
0.895682991
0.887991667
0.879697859
0.870744407
0.86106354
0.85057205
0.839167356
0.826723039
0.81308645
0.798076749
0.7814852
0.763077676
0.742600501
0.719789565
0.69438386
0.66614455
0.634877801
0.60046339
0.562885582
0.522265792
0.478892267
0.433511853
0.386314511
0.338105559
0.289955616
0.243138701
0.198994964
0.158743918
0.123304024
0.093178228
0.068437025
0.997333348
0.997112811
0.996856511
0.996574104
0.996275902
0.995968044
0.995651126
0.995321751
0.994974256
0.994602382
0.994200587
0.993764818
0.993292809
0.992783666
0.992236853
0.99165082
0.99102205
0.990344465
0.989610016
0.988809705
0.987935245
0.986979425
0.985936224
0.98480022
0.983565331
0.982224286
0.980768502
0.979189456
0.977479339
0.975632727
0.973646164
0.971517861
0.96924597
0.966826558
0.96425277
0.961513817
0.958595872
0.955482423
0.952155888
0.948598504
0.944792569
0.940720379
0.936363339
0.931700706
0.9267084
0.921358407
0.915618539
0.909452677
0.902821541
0.895682991
0.887991667
0.879697859
0.870744407
0.86106354
0.85057205
0.839167356
0.826723039
0.81308645
0.798076749
0.7814852
0.763077676
0.742600501
0.719789565
0.69438386
0.66614455
0.634877801
0.60046339
0.562885582
0.522265792
0.478892267
0.433511853
0.386314511
0.338105559
0.289955616
0.243138701
0.198994964
0.158743918
0.123304024
0.093178228
0.068437025
0.997333348
0.997112811
0.996856511
0.996574104
0.996275902
0.995968044
0.995651126
0.995321751
0.994974256
0.994602382
0.994200587
0.993764818
0.993292809
0.992783666
0.992236853
0.99165082
0.99102205
0.990344465
0.989610016
0.988809705
0.987935245
0.986979425
0.985936224
0.98480022
0.983565331
0.982224286
0.980768502
0.979189456
0.977479339
0.975632727
0.973646164
0.971517861
0.96924597
0.966826558
0.96425277
0.961513817
0.958595872
0.955482423
0.952155888
0.948598504
0.944792569
0.940720379
0.936363339
0.931700706
0.9267084
0.921358407
0.915618539
0.909452677
0.902821541
0.895682991
0.887991667
0.879697859
0.870744407
0.86106354
0.85057205
0.839167356
0.826723039
0.81308645
0.798076749
0.7814852
0.763077676
0.742600501
0.719789565
0.69438386
0.66614455
0.634877801
0.60046339
0.562885582
0.522265792
0.478892267
0.433511853
0.386314511
0.338105559
0.289955616
0.243138701
0.198994964
0.158743918
0.123304024
0.093178228
0.068437025
0.997333348
0.997112811
0.996856511
0.996574104
0.996275902
0.995968044
0.995651126
0.995321751
0.994974256
0.994602382
0.994200587
0.993764818
0.993292809
0.992783666
0.992236853
0.99165082
0.99102205
0.990344465
0.989610016
0.988809705
0.987935245
0.986979425
0.985936224
0.98480022
0.983565331
0.982224286
0.980768502
0.979189456
0.977479339
0.975632727
0.973646164
0.971517861
0.96924597
0.966826558
0.96425277
0.961513817
0.958595872
0.955482423
0.952155888
0.948598504
0.944792569
0.940720379
0.936363339
0.931700706
0.9267084
0.921358407
0.915618539
0.909452677
0.902821541
0.895682991
0.887991667
0.879697859
0.870744407
0.86106354
0.85057205
0.839167356
0.826723039
0.81308645
0.798076749
0.7814852
0.763077676
0.742600501
0.719789565
0.69438386
0.66614455
0.634877801
0.60046339
0.562885582
0.522265792
0.478892267
0.433511853
0.386314511
0.338105559
0.289955616
0.243138701
0.198994964
0.158743918
0.123304024
0.093178228
0.068437025
0.997333348
0.997112811
0.996856511
0.996574104
0.996275902
0.995968044
0.995651126
0.995321751
0.994974256
0.994602382
0.994200587
0.993764818
0.993292809
0.992783666
0.992236853
0.99165082
0.99102205
0.990344465
0.989610016
0.988809705
0.987935245
0.986979425
0.985936224
0.98480022
0.983565331
0.982224286
0.980768502
0.979189456
0.977479339
0.975632727
0.973646164
0.971517861
0.96924597
0.966826558
0.96425277
0.961513817
0.958595872
0.955482423
0.952155888
0.948598504
0.944792569
0.940720379
0.936363339
0.931700706
0.9267084
0.921358407
0.915618539
0.909452677
0.902821541
0.895682991
0.887991667
0.879697859
0.870744407
0.86106354
0.85057205
0.839167356
0.826723039
0.81308645
0.798076749
0.7814852
0.763077676
0.742600501
0.719789565
0.69438386
0.66614455
0.634877801
0.60046339
0.562885582
0.522265792
0.478892267
0.433511853
0.386314511
0.338105559
0.289955616
0.243138701
0.198994964
0.158743918
0.123304024
0.093178228
0.068437025
0.997333348
0.997112811
0.996856511
0.996574104
0.996275902
0.995968044
0.995651126
0.995321751
0.994974256
0.994602382
0.994200587
0.993764818
0.993292809
0.992783666
0.992236853
0.99165082
0.99102205
0.990344465
0.989610016
0.988809705
0.987935245
0.986979425
0.985936224
0.98480022
0.983565331
0.982224286
0.980768502
0.979189456
0.977479339
0.975632727
0.973646164
0.971517861
0.96924597
0.966826558
0.96425277
0.961513817
0.958595872
0.955482423
0.952155888
0.948598504
0.944792569
0.940720379
0.936363339
0.931700706
0.9267084
0.921358407
0.915618539
0.909452677
0.902821541
0.895682991
0.887991667
0.879697859
0.870744407
0.86106354
0.85057205
0.839167356
0.826723039
0.81308645
0.798076749
0.7814852
0.763077676
0.742600501
0.719789565
0.69438386
0.66614455
0.634877801
0.60046339
0.562885582
0.522265792
0.478892267
0.433511853
0.386314511
0.338105559
0.289955616
0.243138701
0.198994964
0.158743918
0.123304024
0.093178228
0.068437025
0.997333348
0.997112811
0.996856511
0.996574104
0.996275902
0.995968044
0.995651126
0.995321751
0.994974256
0.994602382
0.994200587
0.993764818
0.993292809
0.992783666
0.992236853
0.99165082
0.99102205
0.990344465
0.989610016
0.988809705
0.987935245
0.986979425
0.985936224
0.98480022
0.983565331
0.982224286
0.980768502
0.979189456
0.977479339
0.975632727
0.973646164
0.971517861
0.96924597
0.966826558
0.96425277
0.961513817
0.958595872
0.955482423
0.952155888
0.948598504
0.944792569
0.940720379
0.936363339
0.931700706
0.9267084
0.921358407
0.915618539
0.909452677
0.902821541
0.895682991
0.887991667
0.879697859
0.870744407
0.86106354
0.85057205
0.839167356
0.826723039
0.81308645
0.798076749
0.7814852
0.763077676
0.742600501
0.719789565
0.69438386
0.66614455
0.634877801
0.60046339
0.562885582
0.522265792
0.478892267
0.433511853
0.386314511
0.338105559
0.289955616
0.243138701
0.198994964
0.158743918
0.123304024
0.093178228
0.068437025
0.997333348
0.997112811
0.996856511
0.996574104
0.996275902
0.995968044
0.995651126
0.995321751
0.994974256
0.994602382
0.994200587
0.993764818
0.993292809
0.992783666
0.992236853
0.99165082
0.99102205
0.990344465
0.989610016
0.988809705
0.987935245
0.986979425
0.985936224
0.98480022
0.983565331
0.982224286
0.980768502
0.979189456
0.977479339
0.975632727
0.973646164
0.971517861
0.96924597
0.966826558
0.96425277
0.961513817
0.958595872
0.955482423
0.952155888
0.948598504
0.944792569
0.940720379
0.936363339
0.931700706
0.9267084
0.921358407
0.915618539
0.909452677
0.902821541
0.895682991
0.887991667
0.879697859
0.870744407
0.86106354
0.85057205
0.839167356
0.826723039
0.81308645
0.798076749
0.7814852
0.763077676
0.742600501
0.719789565
0.69438386
0.66614455
0.634877801
0.60046339
0.562885582
0.522265792
0.478892267
0.433511853
0.386314511
0.338105559
0.289955616
0.243138701
0.198994964
0.158743918
0.123304024
0.093178228
0.068437025
0.997333348
0.997112811
0.996856511
0.996574104
0.996275902
0.995968044
0.995651126
0.995321751
0.994974256
0.994602382
0.994200587
0.993764818
0.993292809
0.992783666
0.992236853
0.99165082
0.99102205
0.990344465
0.989610016
0.988809705
0.987935245
0.986979425
0.985936224
0.98480022
0.983565331
0.982224286
0.980768502
0.979189456
0.977479339
0.975632727
0.973646164
0.971517861
0.96924597
0.966826558
0.96425277
0.961513817
0.958595872
0.955482423
0.952155888
0.948598504
0.944792569
0.940720379
0.936363339
0.931700706
0.9267084
0.921358407
0.915618539
0.909452677
0.902821541
0.895682991
0.887991667
0.879697859
0.870744407
0.86106354
0.85057205
0.839167356
0.826723039
0.81308645
0.798076749
0.7814852
0.763077676
0.742600501
0.719789565
0.69438386
0.66614455
0.634877801
0.60046339
0.562885582
0.522265792
0.478892267
0.433511853
0.386314511
0.338105559
0.289955616
0.243138701
0.198994964
0.158743918
0.123304024
0.093178228
0.068437025
0.997333348
0.997112811
0.996856511
0.996574104
0.996275902
0.995968044
0.995651126
0.995321751
0.994974256
0.994602382
0.994200587
0.993764818
0.993292809
0.992783666
0.992236853
0.99165082
0.99102205
0.990344465
0.989610016
0.988809705
0.987935245
0.986979425
0.985936224
0.98480022
0.983565331
0.982224286
0.980768502
0.979189456
0.977479339
0.975632727
0.973646164
0.971517861
0.96924597
0.966826558
0.96425277
0.961513817
0.958595872
0.955482423
0.952155888
0.948598504
0.944792569
0.940720379
0.936363339
0.931700706
0.9267084
0.921358407
0.915618539
0.909452677
0.902821541
0.895682991
0.887991667
0.879697859
0.870744407
0.86106354
0.85057205
0.839167356
0.826723039
0.81308645
0.798076749
0.7814852
0.763077676
0.742600501
0.719789565
0.69438386
0.66614455
0.634877801
0.60046339
0.562885582
0.522265792
0.478892267
0.433511853
0.386314511
0.338105559
0.289955616
0.243138701
0.198994964
0.158743918
0.123304024
0.093178228
0.068437025
0.997333348
0.997112811
0.996856511
0.996574104
0.996275902
0.995968044
0.995651126
0.995321751
0.994974256
0.994602382
0.994200587
0.993764818
0.993292809
0.992783666
0.992236853
0.99165082
0.99102205
0.990344465
0.989610016
0.988809705
0.987935245
0.986979425
0.985936224
0.98480022
0.983565331
0.982224286
0.980768502
0.979189456
0.977479339
0.975632727
0.973646164
0.971517861
0.96924597
0.966826558
0.96425277
0.961513817
0.958595872
0.955482423
0.952155888
0.948598504
0.944792569
0.940720379
0.936363339
0.931700706
0.9267084
0.921358407
0.915618539
0.909452677
0.902821541
0.895682991
0.887991667
0.879697859
0.870744407
0.86106354
0.85057205
0.839167356
0.826723039
0.81308645
0.798076749
0.7814852
0.763077676
0.742600501
0.719789565
0.69438386
0.66614455
0.634877801
0.60046339
0.562885582
0.522265792
0.478892267
0.433511853
0.386314511
0.338105559
0.289955616
0.243138701
0.198994964
0.158743918
0.123304024
0.093178228
0.068437025
0.997333348
0.997112811
0.996856511
0.996574104
0.996275902
0.995968044
0.995651126
0.995321751
0.994974256
0.994602382
0.994200587
0.993764818
0.993292809
0.992783666
0.992236853
0.99165082
0.99102205
0.990344465
0.989610016
0.988809705
0.987935245
0.986979425
0.985936224
0.98480022
0.983565331
0.982224286
0.980768502
0.979189456
0.977479339
0.975632727
0.973646164
0.971517861
0.96924597
0.966826558
0.96425277
0.961513817
0.958595872
0.955482423
0.952155888
0.948598504
0.944792569
0.940720379
0.936363339
0.931700706
0.9267084
0.921358407
0.915618539
0.909452677
0.902821541
0.895682991
0.887991667
0.879697859
0.870744407
0.86106354
0.85057205
0.839167356
0.826723039
0.81308645
0.798076749
0.7814852
0.763077676
0.742600501
0.719789565
0.69438386
0.66614455
0.634877801
0.60046339
0.562885582
0.522265792
0.478892267
0.433511853
0.386314511
0.338105559
0.289955616
0.243138701
0.198994964
0.158743918
0.123304024
0.093178228
0.068437025
0.997333348
0.997112811
0.996856511
0.996574104
0.996275902
0.995968044
0.995651126
0.995321751
0.994974256
0.994602382
0.994200587
0.993764818
0.993292809
0.992783666
0.992236853
0.99165082
0.99102205
0.990344465
0.989610016
0.988809705
0.987935245
0.986979425
0.985936224
0.98480022
0.983565331
0.982224286
0.980768502
0.979189456
0.977479339
0.975632727
0.973646164
0.971517861
0.96924597
0.966826558
0.96425277
0.961513817
0.958595872
0.955482423
0.952155888
0.948598504
0.944792569
0.940720379
0.936363339
0.931700706
0.9267084
0.921358407
0.915618539
0.909452677
0.902821541
0.895682991
0.887991667
0.879697859
0.870744407
0.86106354
0.85057205
0.839167356
0.826723039
0.81308645
0.798076749
0.7814852
0.763077676
0.742600501
0.719789565
0.69438386
0.66614455
0.634877801
0.60046339
0.562885582
0.522265792
0.478892267
0.433511853
0.386314511
0.338105559
0.289955616
0.243138701
0.198994964
0.158743918
0.123304024
0.093178228
0.068437025
0.997333348
0.997112811
0.996856511
0.996574104
0.996275902
0.995968044
0.995651126
0.995321751
0.994974256
0.994602382
0.994200587
0.993764818
0.993292809
0.992783666
0.992236853
0.99165082
0.99102205
0.990344465
0.989610016
0.988809705
0.987935245
0.986979425
0.985936224
0.98480022
0.983565331
0.982224286
0.980768502
0.979189456
0.977479339
0.975632727
0.973646164
0.971517861
0.96924597
0.966826558
0.96425277
0.961513817
0.958595872
0.955482423
0.952155888
0.948598504
0.944792569
0.940720379
0.936363339
0.931700706
0.9267084
0.921358407
0.915618539
0.909452677
0.902821541
0.895682991
0.887991667
0.879697859
0.870744407
0.86106354
0.85057205
0.839167356
0.826723039
0.81308645
0.798076749
0.7814852
0.763077676
0.742600501
0.719789565
0.69438386
0.66614455
0.634877801
0.60046339
0.562885582
0.522265792
0.478892267
0.433511853
0.386314511
0.338105559
0.289955616
0.243138701
0.198994964
0.158743918
0.123304024
0.093178228
0.068437025
0.997333348
0.997112811
0.996856511
0.996574104
0.996275902
0.995968044
0.995651126
0.995321751
0.994974256
0.994602382
0.994200587
0.993764818
0.993292809
0.992783666
0.992236853
0.99165082
0.99102205
0.990344465
0.989610016
0.988809705
0.987935245
0.986979425
0.985936224
0.98480022
0.983565331
0.982224286
0.980768502
0.979189456
0.977479339
0.975632727
0.973646164
0.971517861
0.96924597
0.966826558
0.96425277
0.961513817
0.958595872
0.955482423
0.952155888
0.948598504
0.944792569
0.940720379
0.936363339
0.931700706
0.9267084
0.921358407
0.915618539
0.909452677
0.902821541
0.895682991
0.887991667
0.879697859
0.870744407
0.86106354
0.85057205
0.839167356
0.826723039
0.81308645
0.798076749
0.7814852
0.763077676
0.742600501
0.719789565
0.69438386
0.66614455
0.634877801
0.60046339
0.562885582
0.522265792
0.478892267
0.433511853
0.386314511
0.338105559
0.289955616
0.243138701
0.198994964
0.158743918
0.123304024
0.093178228
0.068437025
0.997333348
0.997112811
0.996856511
0.996574104
0.996275902
0.995968044
0.995651126
0.995321751
0.994974256
0.994602382
0.994200587
0.993764818
0.993292809
0.992783666
0.992236853
0.99165082
0.99102205
0.990344465
0.989610016
0.988809705
0.987935245
0.986979425
0.985936224
0.98480022
0.983565331
0.982224286
0.980768502
0.979189456
0.977479339
0.975632727
0.973646164
0.971517861
0.96924597
0.966826558
0.96425277
0.961513817
0.958595872
0.955482423
0.952155888
0.948598504
0.944792569
0.940720379
0.936363339
0.931700706
0.9267084
0.921358407
0.915618539
0.909452677
0.902821541
0.895682991
0.887991667
0.879697859
0.870744407
0.86106354
0.85057205
0.839167356
0.826723039
0.81308645
0.798076749
0.7814852
0.763077676
0.742600501
0.719789565
0.69438386
0.66614455
0.634877801
0.60046339
0.562885582
0.522265792
0.478892267
0.433511853
0.386314511
0.338105559
0.289955616
0.243138701
0.198994964
0.158743918
0.123304024
0.093178228
0.068437025
0.997333348
0.997112811
0.996856511
0.996574104
0.996275902
0.995968044
0.995651126
0.995321751
0.994974256
0.994602382
0.994200587
0.993764818
0.993292809
0.992783666
0.992236853
0.99165082
0.99102205
0.990344465
0.989610016
0.988809705
0.987935245
0.986979425
0.985936224
0.98480022
0.983565331
0.982224286
0.980768502
0.979189456
0.977479339
0.975632727
0.973646164
0.971517861
0.96924597
0.966826558
0.96425277
0.961513817
0.958595872
0.955482423
0.952155888
0.948598504
0.944792569
0.940720379
0.936363339
0.931700706
0.9267084
0.921358407
0.915618539
0.909452677
0.902821541
0.895682991
0.887991667
0.879697859
0.870744407
0.86106354
0.85057205
0.839167356
0.826723039
0.81308645
0.798076749
0.7814852
0.763077676
0.742600501
0.719789565
0.69438386
0.66614455
0.634877801
0.60046339
0.562885582
0.522265792
0.478892267
0.433511853
0.386314511
0.338105559
0.289955616
0.243138701
0.198994964
0.158743918
0.123304024
0.093178228
0.068437025
0.997333348
0.997112811
0.996856511
0.996574104
0.996275902
0.995968044
0.995651126
0.995321751
0.994974256
0.994602382
0.994200587
0.993764818
0.993292809
0.992783666
0.992236853
0.99165082
0.99102205
0.990344465
0.989610016
0.988809705
0.987935245
0.986979425
0.985936224
0.98480022
0.983565331
0.982224286
0.980768502
0.979189456
0.977479339
0.975632727
0.973646164
0.971517861
0.96924597
0.966826558
0.96425277
0.961513817
0.958595872
0.955482423
0.952155888
0.948598504
0.944792569
0.940720379
0.936363339
0.931700706
0.9267084
0.921358407
0.915618539
0.909452677
0.902821541
0.895682991
0.887991667
0.879697859
0.870744407
0.86106354
0.85057205
0.839167356
0.826723039
0.81308645
0.798076749
0.7814852
0.763077676
0.742600501
0.719789565
0.69438386
0.66614455
0.634877801
0.60046339
0.562885582
0.522265792
0.478892267
0.433511853
0.386314511
0.338105559
0.289955616
0.243138701
0.198994964
0.158743918
0.123304024
0.093178228
0.068437025
0.997333348
0.997112811
0.996856511
0.996574104
0.996275902
0.995968044
0.995651126
0.995321751
0.994974256
0.994602382
0.994200587
0.993764818
0.993292809
0.992783666
0.992236853
0.99165082
0.99102205
0.990344465
0.989610016
0.988809705
0.987935245
0.986979425
0.985936224
0.98480022
0.983565331
0.982224286
0.980768502
0.979189456
0.977479339
0.975632727
0.973646164
0.971517861
0.96924597
0.966826558
0.96425277
0.961513817
0.958595872
0.955482423
0.952155888
0.948598504
0.944792569
0.940720379
0.936363339
0.931700706
0.9267084
0.921358407
0.915618539
0.909452677
0.902821541
0.895682991
0.887991667
0.879697859
0.870744407
0.86106354
0.85057205
0.839167356
0.826723039
0.81308645
0.798076749
0.7814852
0.763077676
0.742600501
0.719789565
0.69438386
0.66614455
0.634877801
0.60046339
0.562885582
0.522265792
0.478892267
0.433511853
0.386314511
0.338105559
0.289955616
0.243138701
0.198994964
0.158743918
0.123304024
0.093178228
0.068437025
0.997333348
0.997112811
0.996856511
0.996574104
0.996275902
0.995968044
0.995651126
0.995321751
0.994974256
0.994602382
0.994200587
0.993764818
0.993292809
0.992783666
0.992236853
0.99165082
0.99102205
0.990344465
0.989610016
0.988809705
0.987935245
0.986979425
0.985936224
0.98480022
0.983565331
0.982224286
0.980768502
0.979189456
0.977479339
0.975632727
0.973646164
0.971517861
0.96924597
0.966826558
0.96425277
0.961513817
0.958595872
0.955482423
0.952155888
0.948598504
0.944792569
0.940720379
0.936363339
0.931700706
0.9267084
0.921358407
0.915618539
0.909452677
0.902821541
0.895682991
0.887991667
0.879697859
0.870744407
0.86106354
0.85057205
0.839167356
0.826723039
0.81308645
0.798076749
0.7814852
0.763077676
0.742600501
0.719789565
0.69438386
0.66614455
0.634877801
0.60046339
0.562885582
0.522265792
0.478892267
0.433511853
0.386314511
0.338105559
0.289955616
0.243138701
0.198994964
0.158743918
0.123304024
0.093178228
0.068437025
0.997333348
0.997112811
0.996856511
0.996574104
0.996275902
0.995968044
0.995651126
0.995321751
0.994974256
0.994602382
0.994200587
0.993764818
0.993292809
0.992783666
0.992236853
0.99165082
0.99102205
0.990344465
0.989610016
0.988809705
0.987935245
0.986979425
0.985936224
0.98480022
0.983565331
0.982224286
0.980768502
0.979189456
0.977479339
0.975632727
0.973646164
0.971517861
0.96924597
0.966826558
0.96425277
0.961513817
0.958595872
0.955482423
0.952155888
0.948598504
0.944792569
0.940720379
0.936363339
0.931700706
0.9267084
0.921358407
0.915618539
0.909452677
0.902821541
0.895682991
0.887991667
0.879697859
0.870744407
0.86106354
0.85057205
0.839167356
0.826723039
0.81308645
0.798076749
0.7814852
0.763077676
0.742600501
0.719789565
0.69438386
0.66614455
0.634877801
0.60046339
0.562885582
0.522265792
0.478892267
0.433511853
0.386314511
0.338105559
0.289955616
0.243138701
0.198994964
0.158743918
0.123304024
0.093178228
0.068437025
0.997333348
0.997112811
0.996856511
0.996574104
0.996275902
0.995968044
0.995651126
0.995321751
0.994974256
0.994602382
0.994200587
0.993764818
0.993292809
0.992783666
0.992236853
0.99165082
0.99102205
0.990344465
0.989610016
0.988809705
0.987935245
0.986979425
0.985936224
0.98480022
0.983565331
0.982224286
0.980768502
0.979189456
0.977479339
0.975632727
0.973646164
0.971517861
0.96924597
0.966826558
0.96425277
0.961513817
0.958595872
0.955482423
0.952155888
0.948598504
0.944792569
0.940720379
0.936363339
0.931700706
0.9267084
0.921358407
0.915618539
0.909452677
0.902821541
0.895682991
0.887991667
0.879697859
0.870744407
0.86106354
0.85057205
0.839167356
0.826723039
0.81308645
0.798076749
0.7814852
0.763077676
0.742600501
0.719789565
0.69438386
0.66614455
0.634877801
0.60046339
0.562885582
0.522265792
0.478892267
0.433511853
0.386314511
0.338105559
0.289955616
0.243138701
0.198994964
0.158743918
0.123304024
0.093178228
0.068437025
0.997333348
0.997112811
0.996856511
0.996574104
0.996275902
0.995968044
0.995651126
0.995321751
0.994974256
0.994602382
0.994200587
0.993764818
0.993292809
0.992783666
0.992236853
0.99165082
0.99102205
0.990344465
0.989610016
0.988809705
0.987935245
0.986979425
0.985936224
0.98480022
0.983565331
0.982224286
0.980768502
0.979189456
0.977479339
0.975632727
0.973646164
0.971517861
0.96924597
0.966826558
0.96425277
0.961513817
0.958595872
0.955482423
0.952155888
0.948598504
0.944792569
0.940720379
0.936363339
0.931700706
0.9267084
0.921358407
0.915618539
0.909452677
0.902821541
0.895682991
0.887991667
0.879697859
0.870744407
0.86106354
0.85057205
0.839167356
0.826723039
0.81308645
0.798076749
0.7814852
0.763077676
0.742600501
0.719789565
0.69438386
0.66614455
0.634877801
0.60046339
0.562885582
0.522265792
0.478892267
0.433511853
0.386314511
0.338105559
0.289955616
0.243138701
0.198994964
0.158743918
0.123304024
0.093178228
0.068437025
0.997333348
0.997112811
0.996856511
0.996574104
0.996275902
0.995968044
0.995651126
0.995321751
0.994974256
0.994602382
0.994200587
0.993764818
0.993292809
0.992783666
0.992236853
0.99165082
0.99102205
0.990344465
0.989610016
0.988809705
0.987935245
0.986979425
0.985936224
0.98480022
0.983565331
0.982224286
0.980768502
0.979189456
0.977479339
0.975632727
0.973646164
0.971517861
0.96924597
0.966826558
0.96425277
0.961513817
0.958595872
0.955482423
0.952155888
0.948598504
0.944792569
0.940720379
0.936363339
0.931700706
0.9267084
0.921358407
0.915618539
0.909452677
0.902821541
0.895682991
0.887991667
0.879697859
0.870744407
0.86106354
0.85057205
0.839167356
0.826723039
0.81308645
0.798076749
0.7814852
0.763077676
0.742600501
0.719789565
0.69438386
0.66614455
0.634877801
0.60046339
0.562885582
0.522265792
0.478892267
0.433511853
0.386314511
0.338105559
0.289955616
0.243138701
0.198994964
0.158743918
0.123304024
0.093178228
0.068437025
0.997333348
0.997112811
0.996856511
0.996574104
0.996275902
0.995968044
0.995651126
0.995321751
0.994974256
0.994602382
0.994200587
0.993764818
0.993292809
0.992783666
0.992236853
0.99165082
0.99102205
0.990344465
0.989610016
0.988809705
0.987935245
0.986979425
0.985936224
0.98480022
0.983565331
0.982224286
0.980768502
0.979189456
0.977479339
0.975632727
0.973646164
0.971517861
0.96924597
0.966826558
0.96425277
0.961513817
0.958595872
0.955482423
0.952155888
0.948598504
0.944792569
0.940720379
0.936363339
0.931700706
0.9267084
0.921358407
0.915618539
0.909452677
0.902821541
0.895682991
0.887991667
0.879697859
0.870744407
0.86106354
0.85057205
0.839167356
0.826723039
0.81308645
0.798076749
0.7814852
0.763077676
0.742600501
0.719789565
0.69438386
0.66614455
0.634877801
0.60046339
0.562885582
0.522265792
0.478892267
0.433511853
0.386314511
0.338105559
0.289955616
0.243138701
0.198994964
0.158743918
0.123304024
0.093178228
0.068437025
0.997333348
0.997112811
0.996856511
0.996574104
0.996275902
0.995968044
0.995651126
0.995321751
0.994974256
0.994602382
0.994200587
0.993764818
0.993292809
0.992783666
0.992236853
0.99165082
0.99102205
0.990344465
0.989610016
0.988809705
0.987935245
0.986979425
0.985936224
0.98480022
0.983565331
0.982224286
0.980768502
0.979189456
0.977479339
0.975632727
0.973646164
0.971517861
0.96924597
0.966826558
0.96425277
0.961513817
0.958595872
0.955482423
0.952155888
0.948598504
0.944792569
0.940720379
0.936363339
0.931700706
0.9267084
0.921358407
0.915618539
0.909452677
0.902821541
0.895682991
0.887991667
0.879697859
0.870744407
0.86106354
0.85057205
0.839167356
0.826723039
0.81308645
0.798076749
0.7814852
0.763077676
0.742600501
0.719789565
0.69438386
0.66614455
0.634877801
0.60046339
0.562885582
0.522265792
0.478892267
0.433511853
0.386314511
0.338105559
0.289955616
0.243138701
0.198994964
0.158743918
0.123304024
0.093178228
0.068437025
0.997333348
0.997112811
0.996856511
0.996574104
0.996275902
0.995968044
0.995651126
0.995321751
0.994974256
0.994602382
0.994200587
0.993764818
0.993292809
0.992783666
0.992236853
0.99165082
0.99102205
0.990344465
0.989610016
0.988809705
0.987935245
0.986979425
0.985936224
0.98480022
0.983565331
0.982224286
0.980768502
0.979189456
0.977479339
0.975632727
0.973646164
0.971517861
0.96924597
0.966826558
0.96425277
0.961513817
0.958595872
0.955482423
0.952155888
0.948598504
0.944792569
0.940720379
0.936363339
0.931700706
0.9267084
0.921358407
0.915618539
0.909452677
0.902821541
0.895682991
0.887991667
0.879697859
0.870744407
0.86106354
0.85057205
0.839167356
0.826723039
0.81308645
0.798076749
0.7814852
0.763077676
0.742600501
0.719789565
0.69438386
0.66614455
0.634877801
0.60046339
0.562885582
0.522265792
0.478892267
0.433511853
0.386314511
0.338105559
0.289955616
0.243138701
0.198994964
0.158743918
0.123304024
0.093178228
0.068437025
0.997333348
0.997112811
0.996856511
0.996574104
0.996275902
0.995968044
0.995651126
0.995321751
0.994974256
0.994602382
0.994200587
0.993764818
0.993292809
0.992783666
0.992236853
0.99165082
0.99102205
0.990344465
0.989610016
0.988809705
0.987935245
0.986979425
0.985936224
0.98480022
0.983565331
0.982224286
0.980768502
0.979189456
0.977479339
0.975632727
0.973646164
0.971517861
0.96924597
0.966826558
0.96425277
0.961513817
0.958595872
0.955482423
0.952155888
0.948598504
0.944792569
0.940720379
0.936363339
0.931700706
0.9267084
0.921358407
0.915618539
0.909452677
0.902821541
0.895682991
0.887991667
0.879697859
0.870744407
0.86106354
0.85057205
0.839167356
0.826723039
0.81308645
0.798076749
0.7814852
0.763077676
0.742600501
0.719789565
0.69438386
0.66614455
0.634877801
0.60046339
0.562885582
0.522265792
0.478892267
0.433511853
0.386314511
0.338105559
0.289955616
0.243138701
0.198994964
0.158743918
0.123304024
0.093178228
0.068437025
0.997333348
0.997112811
0.996856511
0.996574104
0.996275902
0.995968044
0.995651126
0.995321751
0.994974256
0.994602382
0.994200587
0.993764818
0.993292809
0.992783666
0.992236853
0.99165082
0.99102205
0.990344465
0.989610016
0.988809705
0.987935245
0.986979425
0.985936224
0.98480022
0.983565331
0.982224286
0.980768502
0.979189456
0.977479339
0.975632727
0.973646164
0.971517861
0.96924597
0.966826558
0.96425277
0.961513817
0.958595872
0.955482423
0.952155888
0.948598504
0.944792569
0.940720379
0.936363339
0.931700706
0.9267084
0.921358407
0.915618539
0.909452677
0.902821541
0.895682991
0.887991667
0.879697859
0.870744407
0.86106354
0.85057205
0.839167356
0.826723039
0.81308645
0.798076749
0.7814852
0.763077676
0.742600501
0.719789565
0.69438386
0.66614455
0.634877801
0.60046339
0.562885582
0.522265792
0.478892267
0.433511853
0.386314511
0.338105559
0.289955616
0.243138701
0.198994964
0.158743918
0.123304024
0.093178228
0.068437025
0.997333348
0.997112811
0.996856511
0.996574104
0.996275902
0.995968044
0.995651126
0.995321751
0.994974256
0.994602382
0.994200587
0.993764818
0.993292809
0.992783666
0.992236853
0.99165082
0.99102205
0.990344465
0.989610016
0.988809705
0.987935245
0.986979425
0.985936224
0.98480022
0.983565331
0.982224286
0.980768502
0.979189456
0.977479339
0.975632727
0.973646164
0.971517861
0.96924597
0.966826558
0.96425277
0.961513817
0.958595872
0.955482423
0.952155888
0.948598504
0.944792569
0.940720379
0.936363339
0.931700706
0.9267084
0.921358407
0.915618539
0.909452677
0.902821541
0.895682991
0.887991667
0.879697859
0.870744407
0.86106354
0.85057205
0.839167356
0.826723039
0.81308645
0.798076749
0.7814852
0.763077676
0.742600501
0.719789565
0.69438386
0.66614455
0.634877801
0.60046339
0.562885582
0.522265792
0.478892267
0.433511853
0.386314511
0.338105559
0.289955616
0.243138701
0.198994964
0.158743918
0.123304024
0.093178228
0.068437025
0.997333348
0.997112811
0.996856511
0.996574104
0.996275902
0.995968044
0.995651126
0.995321751
0.994974256
0.994602382
0.994200587
0.993764818
0.993292809
0.992783666
0.992236853
0.99165082
0.99102205
0.990344465
0.989610016
0.988809705
0.987935245
0.986979425
0.985936224
0.98480022
0.983565331
0.982224286
0.980768502
0.979189456
0.977479339
0.975632727
0.973646164
0.971517861
0.96924597
0.966826558
0.96425277
0.961513817
0.958595872
0.955482423
0.952155888
0.948598504
0.944792569
0.940720379
0.936363339
0.931700706
0.9267084
0.921358407
0.915618539
0.909452677
0.902821541
0.895682991
0.887991667
0.879697859
0.870744407
0.86106354
0.85057205
0.839167356
0.826723039
0.81308645
0.798076749
0.7814852
0.763077676
0.742600501
0.719789565
0.69438386
0.66614455
0.634877801
0.60046339
0.562885582
0.522265792
0.478892267
0.433511853
0.386314511
0.338105559
0.289955616
0.243138701
0.198994964
0.158743918
0.123304024
0.093178228
0.068437025
0.997333348
0.997112811
0.996856511
0.996574104
0.996275902
0.995968044
0.995651126
0.995321751
0.994974256
0.994602382
0.994200587
0.993764818
0.993292809
0.992783666
0.992236853
0.99165082
0.99102205
0.990344465
0.989610016
0.988809705
0.987935245
0.986979425
0.985936224
0.98480022
0.983565331
0.982224286
0.980768502
0.979189456
0.977479339
0.975632727
0.973646164
0.971517861
0.96924597
0.966826558
0.96425277
0.961513817
0.958595872
0.955482423
0.952155888
0.948598504
0.944792569
0.940720379
0.936363339
0.931700706
0.9267084
0.921358407
0.915618539
0.909452677
0.902821541
0.895682991
0.887991667
0.879697859
0.870744407
0.86106354
0.85057205
0.839167356
0.826723039
0.81308645
0.798076749
0.7814852
0.763077676
0.742600501
0.719789565
0.69438386
0.66614455
0.634877801
0.60046339
0.562885582
0.522265792
0.478892267
0.433511853
0.386314511
0.338105559
0.289955616
0.243138701
0.198994964
0.158743918
0.123304024
0.093178228
0.068437025
0.997333348
0.997112811
0.996856511
0.996574104
0.996275902
0.995968044
0.995651126
0.995321751
0.994974256
0.994602382
0.994200587
0.993764818
0.993292809
0.992783666
0.992236853
0.99165082
0.99102205
0.990344465
0.989610016
0.988809705
0.987935245
0.986979425
0.985936224
0.98480022
0.983565331
0.982224286
0.980768502
0.979189456
0.977479339
0.975632727
0.973646164
0.971517861
0.96924597
0.966826558
0.96425277
0.961513817
0.958595872
0.955482423
0.952155888
0.948598504
0.944792569
0.940720379
0.936363339
0.931700706
0.9267084
0.921358407
0.915618539
0.909452677
0.902821541
0.895682991
0.887991667
0.879697859
0.870744407
0.86106354
0.85057205
0.839167356
0.826723039
0.81308645
0.798076749
0.7814852
0.763077676
0.742600501
0.719789565
0.69438386
0.66614455
0.634877801
0.60046339
0.562885582
0.522265792
0.478892267
0.433511853
0.386314511
0.338105559
0.289955616
0.243138701
0.198994964
0.158743918
0.123304024
0.093178228
0.068437025
0.997333348
0.997112811
0.996856511
0.996574104
0.996275902
0.995968044
0.995651126
0.995321751
0.994974256
0.994602382
0.994200587
0.993764818
0.993292809
0.992783666
0.992236853
0.99165082
0.99102205
0.990344465
0.989610016
0.988809705
0.987935245
0.986979425
0.985936224
0.98480022
0.983565331
0.982224286
0.980768502
0.979189456
0.977479339
0.975632727
0.973646164
0.971517861
0.96924597
0.966826558
0.96425277
0.961513817
0.958595872
0.955482423
0.952155888
0.948598504
0.944792569
0.940720379
0.936363339
0.931700706
0.9267084
0.921358407
0.915618539
0.909452677
0.902821541
0.895682991
0.887991667
0.879697859
0.870744407
0.86106354
0.85057205
0.839167356
0.826723039
0.81308645
0.798076749
0.7814852
0.763077676
0.742600501
0.719789565
0.69438386
0.66614455
0.634877801
0.60046339
0.562885582
0.522265792
0.478892267
0.433511853
0.386314511
0.338105559
0.289955616
0.243138701
0.198994964
0.158743918
0.123304024
0.093178228
0.068437025
0.997333348
0.997112811
0.996856511
0.996574104
0.996275902
0.995968044
0.995651126
0.995321751
0.994974256
0.994602382
0.994200587
0.993764818
0.993292809
0.992783666
0.992236853
0.99165082
0.99102205
0.990344465
0.989610016
0.988809705
0.987935245
0.986979425
0.985936224
0.98480022
0.983565331
0.982224286
0.980768502
0.979189456
0.977479339
0.975632727
0.973646164
0.971517861
0.96924597
0.966826558
0.96425277
0.961513817
0.958595872
0.955482423
0.952155888
0.948598504
0.944792569
0.940720379
0.936363339
0.931700706
0.9267084
0.921358407
0.915618539
0.909452677
0.902821541
0.895682991
0.887991667
0.879697859
0.870744407
0.86106354
0.85057205
0.839167356
0.826723039
0.81308645
0.798076749
0.7814852
0.763077676
0.742600501
0.719789565
0.69438386
0.66614455
0.634877801
0.60046339
0.562885582
0.522265792
0.478892267
0.433511853
0.386314511
0.338105559
0.289955616
0.243138701
0.198994964
0.158743918
0.123304024
0.093178228
0.068437025
0.997333348
0.997112811
0.996856511
0.996574104
0.996275902
0.995968044
0.995651126
0.995321751
0.994974256
0.994602382
0.994200587
0.993764818
0.993292809
0.992783666
0.992236853
0.99165082
0.99102205
0.990344465
0.989610016
0.988809705
0.987935245
0.986979425
0.985936224
0.98480022
0.983565331
0.982224286
0.980768502
0.979189456
0.977479339
0.975632727
0.973646164
0.971517861
0.96924597
0.966826558
0.96425277
0.961513817
0.958595872
0.955482423
0.952155888
0.948598504
0.944792569
0.940720379
0.936363339
0.931700706
0.9267084
0.921358407
0.915618539
0.909452677
0.902821541
0.895682991
0.887991667
0.879697859
0.870744407
0.86106354
0.85057205
0.839167356
0.826723039
0.81308645
0.798076749
0.7814852
0.763077676
0.742600501
0.719789565
0.69438386
0.66614455
0.634877801
0.60046339
0.562885582
0.522265792
0.478892267
0.433511853
0.386314511
0.338105559
0.289955616
0.243138701
0.198994964
0.158743918
0.123304024
0.093178228
0.068437025
0.997333348
0.997112811
0.996856511
0.996574104
0.996275902
0.995968044
0.995651126
0.995321751
0.994974256
0.994602382
0.994200587
0.993764818
0.993292809
0.992783666
0.992236853
0.99165082
0.99102205
0.990344465
0.989610016
0.988809705
0.987935245
0.986979425
0.985936224
0.98480022
0.983565331
0.982224286
0.980768502
0.979189456
0.977479339
0.975632727
0.973646164
0.971517861
0.96924597
0.966826558
0.96425277
0.961513817
0.958595872
0.955482423
0.952155888
0.948598504
0.944792569
0.940720379
0.936363339
0.931700706
0.9267084
0.921358407
0.915618539
0.909452677
0.902821541
0.895682991
0.887991667
0.879697859
0.870744407
0.86106354
0.85057205
0.839167356
0.826723039
0.81308645
0.798076749
0.7814852
0.763077676
0.742600501
0.719789565
0.69438386
0.66614455
0.634877801
0.60046339
0.562885582
0.522265792
0.478892267
0.433511853
0.386314511
0.338105559
0.289955616
0.243138701
0.198994964
0.158743918
0.123304024
0.093178228
0.068437025
0.997333348
0.997112811
0.996856511
0.996574104
0.996275902
0.995968044
0.995651126
0.995321751
0.994974256
0.994602382
0.994200587
0.993764818
0.993292809
0.992783666
0.992236853
0.99165082
0.99102205
0.990344465
0.989610016
0.988809705
0.987935245
0.986979425
0.985936224
0.98480022
0.983565331
0.982224286
0.980768502
0.979189456
0.977479339
0.975632727
0.973646164
0.971517861
0.96924597
0.966826558
0.96425277
0.961513817
0.958595872
0.955482423
0.952155888
0.948598504
0.944792569
0.940720379
0.936363339
0.931700706
0.9267084
0.921358407
0.915618539
0.909452677
0.902821541
0.895682991
0.887991667
0.879697859
0.870744407
0.86106354
0.85057205
0.839167356
0.826723039
0.81308645
0.798076749
0.7814852
0.763077676
0.742600501
0.719789565
0.69438386
0.66614455
0.634877801
0.60046339
0.562885582
0.522265792
0.478892267
0.433511853
0.386314511
0.338105559
0.289955616
0.243138701
0.198994964
0.158743918
0.123304024
0.093178228
0.068437025
0.997333348
0.997112811
0.996856511
0.996574104
0.996275902
0.995968044
0.995651126
0.995321751
0.994974256
0.994602382
0.994200587
0.993764818
0.993292809
0.992783666
0.992236853
0.99165082
0.99102205
0.990344465
0.989610016
0.988809705
0.987935245
0.986979425
0.985936224
0.98480022
0.983565331
0.982224286
0.980768502
0.979189456
0.977479339
0.975632727
0.973646164
0.971517861
0.96924597
0.966826558
0.96425277
0.961513817
0.958595872
0.955482423
0.952155888
0.948598504
0.944792569
0.940720379
0.936363339
0.931700706
0.9267084
0.921358407
0.915618539
0.909452677
0.902821541
0.895682991
0.887991667
0.879697859
0.870744407
0.86106354
0.85057205
0.839167356
0.826723039
0.81308645
0.798076749
0.7814852
0.763077676
0.742600501
0.719789565
0.69438386
0.66614455
0.634877801
0.60046339
0.562885582
0.522265792
0.478892267
0.433511853
0.386314511
0.338105559
0.289955616
0.243138701
0.198994964
0.158743918
0.123304024
0.093178228
0.068437025
0.997333348
0.997112811
0.996856511
0.996574104
0.996275902
0.995968044
0.995651126
0.995321751
0.994974256
0.994602382
0.994200587
0.993764818
0.993292809
0.992783666
0.992236853
0.99165082
0.99102205
0.990344465
0.989610016
0.988809705
0.987935245
0.986979425
0.985936224
0.98480022
0.983565331
0.982224286
0.980768502
0.979189456
0.977479339
0.975632727
0.973646164
0.971517861
0.96924597
0.966826558
0.96425277
0.961513817
0.958595872
0.955482423
0.952155888
0.948598504
0.944792569
0.940720379
0.936363339
0.931700706
0.9267084
0.921358407
0.915618539
0.909452677
0.902821541
0.895682991
0.887991667
0.879697859
0.870744407
0.86106354
0.85057205
0.839167356
0.826723039
0.81308645
0.798076749
0.7814852
0.763077676
0.742600501
0.719789565
0.69438386
0.66614455
0.634877801
0.60046339
0.562885582
0.522265792
0.478892267
0.433511853
0.386314511
0.338105559
0.289955616
0.243138701
0.198994964
0.158743918
0.123304024
0.093178228
0.068437025
0.997333348
0.997112811
0.996856511
0.996574104
0.996275902
0.995968044
0.995651126
0.995321751
0.994974256
0.994602382
0.994200587
0.993764818
0.993292809
0.992783666
0.992236853
0.99165082
0.99102205
0.990344465
0.989610016
0.988809705
0.987935245
0.986979425
0.985936224
0.98480022
0.983565331
0.982224286
0.980768502
0.979189456
0.977479339
0.975632727
0.973646164
0.971517861
0.96924597
0.966826558
0.96425277
0.961513817
0.958595872
0.955482423
0.952155888
0.948598504
0.944792569
0.940720379
0.936363339
0.931700706
0.9267084
0.921358407
0.915618539
0.909452677
0.902821541
0.895682991
0.887991667
0.879697859
0.870744407
0.86106354
0.85057205
0.839167356
0.826723039
0.81308645
0.798076749
0.7814852
0.763077676
0.742600501
0.719789565
0.69438386
0.66614455
0.634877801
0.60046339
0.562885582
0.522265792
0.478892267
0.433511853
0.386314511
0.338105559
0.289955616
0.243138701
0.198994964
0.158743918
0.123304024
0.093178228
0.068437025
0.997333348
0.997112811
0.996856511
0.996574104
0.996275902
0.995968044
0.995651126
0.995321751
0.994974256
0.994602382
0.994200587
0.993764818
0.993292809
0.992783666
0.992236853
0.99165082
0.99102205
0.990344465
0.989610016
0.988809705
0.987935245
0.986979425
0.985936224
0.98480022
0.983565331
0.982224286
0.980768502
0.979189456
0.977479339
0.975632727
0.973646164
0.971517861
0.96924597
0.966826558
0.96425277
0.961513817
0.958595872
0.955482423
0.952155888
0.948598504
0.944792569
0.940720379
0.936363339
0.931700706
0.9267084
0.921358407
0.915618539
0.909452677
0.902821541
0.895682991
0.887991667
0.879697859
0.870744407
0.86106354
0.85057205
0.839167356
0.826723039
0.81308645
0.798076749
0.7814852
0.763077676
0.742600501
0.719789565
0.69438386
0.66614455
0.634877801
0.60046339
0.562885582
0.522265792
0.478892267
0.433511853
0.386314511
0.338105559
0.289955616
0.243138701
0.198994964
0.158743918
0.123304024
0.093178228
0.068437025
0.997333348
0.997112811
0.996856511
0.996574104
0.996275902
0.995968044
0.995651126
0.995321751
0.994974256
0.994602382
0.994200587
0.993764818
0.993292809
0.992783666
0.992236853
0.99165082
0.99102205
0.990344465
0.989610016
0.988809705
0.987935245
0.986979425
0.985936224
0.98480022
0.983565331
0.982224286
0.980768502
0.979189456
0.977479339
0.975632727
0.973646164
0.971517861
0.96924597
0.966826558
0.96425277
0.961513817
0.958595872
0.955482423
0.952155888
0.948598504
0.944792569
0.940720379
0.936363339
0.931700706
0.9267084
0.921358407
0.915618539
0.909452677
0.902821541
0.895682991
0.887991667
0.879697859
0.870744407
0.86106354
0.85057205
0.839167356
0.826723039
0.81308645
0.798076749
0.7814852
0.763077676
0.742600501
0.719789565
0.69438386
0.66614455
0.634877801
0.60046339
0.562885582
0.522265792
0.478892267
0.433511853
0.386314511
0.338105559
0.289955616
0.243138701
0.198994964
0.158743918
0.123304024
0.093178228
0.068437025
0.997333348
0.997112811
0.996856511
0.996574104
0.996275902
0.995968044
0.995651126
0.995321751
0.994974256
0.994602382
0.994200587
0.993764818
0.993292809
0.992783666
0.992236853
0.99165082
0.99102205
0.990344465
0.989610016
0.988809705
0.987935245
0.986979425
0.985936224
0.98480022
0.983565331
0.982224286
0.980768502
0.979189456
0.977479339
0.975632727
0.973646164
0.971517861
0.96924597
0.966826558
0.96425277
0.961513817
0.958595872
0.955482423
0.952155888
0.948598504
0.944792569
0.940720379
0.936363339
0.931700706
0.9267084
0.921358407
0.915618539
0.909452677
0.902821541
0.895682991
0.887991667
0.879697859
0.870744407
0.86106354
0.85057205
0.839167356
0.826723039
0.81308645
0.798076749
0.7814852
0.763077676
0.742600501
0.719789565
0.69438386
0.66614455
0.634877801
0.60046339
0.562885582
0.522265792
0.478892267
0.433511853
0.386314511
0.338105559
0.289955616
0.243138701
0.198994964
0.158743918
0.123304024
0.093178228
0.068437025
0.997333348
0.997112811
0.996856511
0.996574104
0.996275902
0.995968044
0.995651126
0.995321751
0.994974256
0.994602382
0.994200587
0.993764818
0.993292809
0.992783666
0.992236853
0.99165082
0.99102205
0.990344465
0.989610016
0.988809705
0.987935245
0.986979425
0.985936224
0.98480022
0.983565331
0.982224286
0.980768502
0.979189456
0.977479339
0.975632727
0.973646164
0.971517861
0.96924597
0.966826558
0.96425277
0.961513817
0.958595872
0.955482423
0.952155888
0.948598504
0.944792569
0.940720379
0.936363339
0.931700706
0.9267084
0.921358407
0.915618539
0.909452677
0.902821541
0.895682991
0.887991667
0.879697859
0.870744407
0.86106354
0.85057205
0.839167356
0.826723039
0.81308645
0.798076749
0.7814852
0.763077676
0.742600501
0.719789565
0.69438386
0.66614455
0.634877801
0.60046339
0.562885582
0.522265792
0.478892267
0.433511853
0.386314511
0.338105559
0.289955616
0.243138701
0.198994964
0.158743918
0.123304024
0.093178228
0.068437025
0.997333348
0.997112811
0.996856511
0.996574104
0.996275902
0.995968044
0.995651126
0.995321751
0.994974256
0.994602382
0.994200587
0.993764818
0.993292809
0.992783666
0.992236853
0.99165082
0.99102205
0.990344465
0.989610016
0.988809705
0.987935245
0.986979425
0.985936224
0.98480022
0.983565331
0.982224286
0.980768502
0.979189456
0.977479339
0.975632727
0.973646164
0.971517861
0.96924597
0.966826558
0.96425277
0.961513817
0.958595872
0.955482423
0.952155888
0.948598504
0.944792569
0.940720379
0.936363339
0.931700706
0.9267084
0.921358407
0.915618539
0.909452677
0.902821541
0.895682991
0.887991667
0.879697859
0.870744407
0.86106354
0.85057205
0.839167356
0.826723039
0.81308645
0.798076749
0.7814852
0.763077676
0.742600501
0.719789565
0.69438386
0.66614455
0.634877801
0.60046339
0.562885582
0.522265792
0.478892267
0.433511853
0.386314511
0.338105559
0.289955616
0.243138701
0.198994964
0.158743918
0.123304024
0.093178228
0.068437025
0.997333348
0.997112811
0.996856511
0.996574104
0.996275902
0.995968044
0.995651126
0.995321751
0.994974256
0.994602382
0.994200587
0.993764818
0.993292809
0.992783666
0.992236853
0.99165082
0.99102205
0.990344465
0.989610016
0.988809705
0.987935245
0.986979425
0.985936224
0.98480022
0.983565331
0.982224286
0.980768502
0.979189456
0.977479339
0.975632727
0.973646164
0.971517861
0.96924597
0.966826558
0.96425277
0.961513817
0.958595872
0.955482423
0.952155888
0.948598504
0.944792569
0.940720379
0.936363339
0.931700706
0.9267084
0.921358407
0.915618539
0.909452677
0.902821541
0.895682991
0.887991667
0.879697859
0.870744407
0.86106354
0.85057205
0.839167356
0.826723039
0.81308645
0.798076749
0.7814852
0.763077676
0.742600501
0.719789565
0.69438386
0.66614455
0.634877801
0.60046339
0.562885582
0.522265792
0.478892267
0.433511853
0.386314511
0.338105559
0.289955616
0.243138701
0.198994964
0.158743918
0.123304024
0.093178228
0.068437025
0.997333348
0.997112811
0.996856511
0.996574104
0.996275902
0.995968044
0.995651126
0.995321751
0.994974256
0.994602382
0.994200587
0.993764818
0.993292809
0.992783666
0.992236853
0.99165082
0.99102205
0.990344465
0.989610016
0.988809705
0.987935245
0.986979425
0.985936224
0.98480022
0.983565331
0.982224286
0.980768502
0.979189456
0.977479339
0.975632727
0.973646164
0.971517861
0.96924597
0.966826558
0.96425277
0.961513817
0.958595872
0.955482423
0.952155888
0.948598504
0.944792569
0.940720379
0.936363339
0.931700706
0.9267084
0.921358407
0.915618539
0.909452677
0.902821541
0.895682991
0.887991667
0.879697859
0.870744407
0.86106354
0.85057205
0.839167356
0.826723039
0.81308645
0.798076749
0.7814852
0.763077676
0.742600501
0.719789565
0.69438386
0.66614455
0.634877801
0.60046339
0.562885582
0.522265792
0.478892267
0.433511853
0.386314511
0.338105559
0.289955616
0.243138701
0.198994964
0.158743918
0.123304024
0.093178228
0.068437025
0.997333348
0.997112811
0.996856511
0.996574104
0.996275902
0.995968044
0.995651126
0.995321751
0.994974256
0.994602382
0.994200587
0.993764818
0.993292809
0.992783666
0.992236853
0.99165082
0.99102205
0.990344465
0.989610016
0.988809705
0.987935245
0.986979425
0.985936224
0.98480022
0.983565331
0.982224286
0.980768502
0.979189456
0.977479339
0.975632727
0.973646164
0.971517861
0.96924597
0.966826558
0.96425277
0.961513817
0.958595872
0.955482423
0.952155888
0.948598504
0.944792569
0.940720379
0.936363339
0.931700706
0.9267084
0.921358407
0.915618539
0.909452677
0.902821541
0.895682991
0.887991667
0.879697859
0.870744407
0.86106354
0.85057205
0.839167356
0.826723039
0.81308645
0.798076749
0.7814852
0.763077676
0.742600501
0.719789565
0.69438386
0.66614455
0.634877801
0.60046339
0.562885582
0.522265792
0.478892267
0.433511853
0.386314511
0.338105559
0.289955616
0.243138701
0.198994964
0.158743918
0.123304024
0.093178228
0.068437025
0.997333348
0.997112811
0.996856511
0.996574104
0.996275902
0.995968044
0.995651126
0.995321751
0.994974256
0.994602382
0.994200587
0.993764818
0.993292809
0.992783666
0.992236853
0.99165082
0.99102205
0.990344465
0.989610016
0.988809705
0.987935245
0.986979425
0.985936224
0.98480022
0.983565331
0.982224286
0.980768502
0.979189456
0.977479339
0.975632727
0.973646164
0.971517861
0.96924597
0.966826558
0.96425277
0.961513817
0.958595872
0.955482423
0.952155888
0.948598504
0.944792569
0.940720379
0.936363339
0.931700706
0.9267084
0.921358407
0.915618539
0.909452677
0.902821541
0.895682991
0.887991667
0.879697859
0.870744407
0.86106354
0.85057205
0.839167356
0.826723039
0.81308645
0.798076749
0.7814852
0.763077676
0.742600501
0.719789565
0.69438386
0.66614455
0.634877801
0.60046339
0.562885582
0.522265792
0.478892267
0.433511853
0.386314511
0.338105559
0.289955616
0.243138701
0.198994964
0.158743918
0.123304024
0.093178228
0.068437025
0.997333348
0.997112811
0.996856511
0.996574104
0.996275902
0.995968044
0.995651126
0.995321751
0.994974256
0.994602382
0.994200587
0.993764818
0.993292809
0.992783666
0.992236853
0.99165082
0.99102205
0.990344465
0.989610016
0.988809705
0.987935245
0.986979425
0.985936224
0.98480022
0.983565331
0.982224286
0.980768502
0.979189456
0.977479339
0.975632727
0.973646164
0.971517861
0.96924597
0.966826558
0.96425277
0.961513817
0.958595872
0.955482423
0.952155888
0.948598504
0.944792569
0.940720379
0.936363339
0.931700706
0.9267084
0.921358407
0.915618539
0.909452677
0.902821541
0.895682991
0.887991667
0.879697859
0.870744407
0.86106354
0.85057205
0.839167356
0.826723039
0.81308645
0.798076749
0.7814852
0.763077676
0.742600501
0.719789565
0.69438386
0.66614455
0.634877801
0.60046339
0.562885582
0.522265792
0.478892267
0.433511853
0.386314511
0.338105559
0.289955616
0.243138701
0.198994964
0.158743918
0.123304024
0.093178228
0.068437025
0.997333348
0.997112811
0.996856511
0.996574104
0.996275902
0.995968044
0.995651126
0.995321751
0.994974256
0.994602382
0.994200587
0.993764818
0.993292809
0.992783666
0.992236853
0.99165082
0.99102205
0.990344465
0.989610016
0.988809705
0.987935245
0.986979425
0.985936224
0.98480022
0.983565331
0.982224286
0.980768502
0.979189456
0.977479339
0.975632727
0.973646164
0.971517861
0.96924597
0.966826558
0.96425277
0.961513817
0.958595872
0.955482423
0.952155888
0.948598504
0.944792569
0.940720379
0.936363339
0.931700706
0.9267084
0.921358407
0.915618539
0.909452677
0.902821541
0.895682991
0.887991667
0.879697859
0.870744407
0.86106354
0.85057205
0.839167356
0.826723039
0.81308645
0.798076749
0.7814852
0.763077676
0.742600501
0.719789565
0.69438386
0.66614455
0.634877801
0.60046339
0.562885582
0.522265792
0.478892267
0.433511853
0.386314511
0.338105559
0.289955616
0.243138701
0.198994964
0.158743918
0.123304024
0.093178228
0.068437025
0.997333348
0.997112811
0.996856511
0.996574104
0.996275902
0.995968044
0.995651126
0.995321751
0.994974256
0.994602382
0.994200587
0.993764818
0.993292809
0.992783666
0.992236853
0.99165082
0.99102205
0.990344465
0.989610016
0.988809705
0.987935245
0.986979425
0.985936224
0.98480022
0.983565331
0.982224286
0.980768502
0.979189456
0.977479339
0.975632727
0.973646164
0.971517861
0.96924597
0.966826558
0.96425277
0.961513817
0.958595872
0.955482423
0.952155888
0.948598504
0.944792569
0.940720379
0.936363339
0.931700706
0.9267084
0.921358407
0.915618539
0.909452677
0.902821541
0.895682991
0.887991667
0.879697859
0.870744407
0.86106354
0.85057205
0.839167356
0.826723039
0.81308645
0.798076749
0.7814852
0.763077676
0.742600501
0.719789565
0.69438386
0.66614455
0.634877801
0.60046339
0.562885582
0.522265792
0.478892267
0.433511853
0.386314511
0.338105559
0.289955616
0.243138701
0.198994964
0.158743918
0.123304024
0.093178228
0.068437025
0.997333348
0.997112811
0.996856511
0.996574104
0.996275902
0.995968044
0.995651126
0.995321751
0.994974256
0.994602382
0.994200587
0.993764818
0.993292809
0.992783666
0.992236853
0.99165082
0.99102205
0.990344465
0.989610016
0.988809705
0.987935245
0.986979425
0.985936224
0.98480022
0.983565331
0.982224286
0.980768502
0.979189456
0.977479339
0.975632727
0.973646164
0.971517861
0.96924597
0.966826558
0.96425277
0.961513817
0.958595872
0.955482423
0.952155888
0.948598504
0.944792569
0.940720379
0.936363339
0.931700706
0.9267084
0.921358407
0.915618539
0.909452677
0.902821541
0.895682991
0.887991667
0.879697859
0.870744407
0.86106354
0.85057205
0.839167356
0.826723039
0.81308645
0.798076749
0.7814852
0.763077676
0.742600501
0.719789565
0.69438386
0.66614455
0.634877801
0.60046339
0.562885582
0.522265792
0.478892267
0.433511853
0.386314511
0.338105559
0.289955616
0.243138701
0.198994964
0.158743918
0.123304024
0.093178228
0.068437025
0.997333348
0.997112811
0.996856511
0.996574104
0.996275902
0.995968044
0.995651126
0.995321751
0.994974256
0.994602382
0.994200587
0.993764818
0.993292809
0.992783666
0.992236853
0.99165082
0.99102205
0.990344465
0.989610016
0.988809705
0.987935245
0.986979425
0.985936224
0.98480022
0.983565331
0.982224286
0.980768502
0.979189456
0.977479339
0.975632727
0.973646164
0.971517861
0.96924597
0.966826558
0.96425277
0.961513817
0.958595872
0.955482423
0.952155888
0.948598504
0.944792569
0.940720379
0.936363339
0.931700706
0.9267084
0.921358407
0.915618539
0.909452677
0.902821541
0.895682991
0.887991667
0.879697859
0.870744407
0.86106354
0.85057205
0.839167356
0.826723039
0.81308645
0.798076749
0.7814852
0.763077676
0.742600501
0.719789565
0.69438386
0.66614455
0.634877801
0.60046339
0.562885582
0.522265792
0.478892267
0.433511853
0.386314511
0.338105559
0.289955616
0.243138701
0.198994964
0.158743918
0.123304024
0.093178228
0.068437025
0.997333348
0.997112811
0.996856511
0.996574104
0.996275902
0.995968044
0.995651126
0.995321751
0.994974256
0.994602382
0.994200587
0.993764818
0.993292809
0.992783666
0.992236853
0.99165082
0.99102205
0.990344465
0.989610016
0.988809705
0.987935245
0.986979425
0.985936224
0.98480022
0.983565331
0.982224286
0.980768502
0.979189456
0.977479339
0.975632727
0.973646164
0.971517861
0.96924597
0.966826558
0.96425277
0.961513817
0.958595872
0.955482423
0.952155888
0.948598504
0.944792569
0.940720379
0.936363339
0.931700706
0.9267084
0.921358407
0.915618539
0.909452677
0.902821541
0.895682991
0.887991667
0.879697859
0.870744407
0.86106354
0.85057205
0.839167356
0.826723039
0.81308645
0.798076749
0.7814852
0.763077676
0.742600501
0.719789565
0.69438386
0.66614455
0.634877801
0.60046339
0.562885582
0.522265792
0.478892267
0.433511853
0.386314511
0.338105559
0.289955616
0.243138701
0.198994964
0.158743918
0.123304024
0.093178228
0.068437025
0.997333348
0.997112811
0.996856511
0.996574104
0.996275902
0.995968044
0.995651126
0.995321751
0.994974256
0.994602382
0.994200587
0.993764818
0.993292809
0.992783666
0.992236853
0.99165082
0.99102205
0.990344465
0.989610016
0.988809705
0.987935245
0.986979425
0.985936224
0.98480022
0.983565331
0.982224286
0.980768502
0.979189456
0.977479339
0.975632727
0.973646164
0.971517861
0.96924597
0.966826558
0.96425277
0.961513817
0.958595872
0.955482423
0.952155888
0.948598504
0.944792569
0.940720379
0.936363339
0.931700706
0.9267084
0.921358407
0.915618539
0.909452677
0.902821541
0.895682991
0.887991667
0.879697859
0.870744407
0.86106354
0.85057205
0.839167356
0.826723039
0.81308645
0.798076749
0.7814852
0.763077676
0.742600501
0.719789565
0.69438386
0.66614455
0.634877801
0.60046339
0.562885582
0.522265792
0.478892267
0.433511853
0.386314511
0.338105559
0.289955616
0.243138701
0.198994964
0.158743918
0.123304024
0.093178228
0.068437025
0.997333348
0.997112811
0.996856511
0.996574104
0.996275902
0.995968044
0.995651126
0.995321751
0.994974256
0.994602382
0.994200587
0.993764818
0.993292809
0.992783666
0.992236853
0.99165082
0.99102205
0.990344465
0.989610016
0.988809705
0.987935245
0.986979425
0.985936224
0.98480022
0.983565331
0.982224286
0.980768502
0.979189456
0.977479339
0.975632727
0.973646164
0.971517861
0.96924597
0.966826558
0.96425277
0.961513817
0.958595872
0.955482423
0.952155888
0.948598504
0.944792569
0.940720379
0.936363339
0.931700706
0.9267084
0.921358407
0.915618539
0.909452677
0.902821541
0.895682991
0.887991667
0.879697859
0.870744407
0.86106354
0.85057205
0.839167356
0.826723039
0.81308645
0.798076749
0.7814852
0.763077676
0.742600501
0.719789565
0.69438386
0.66614455
0.634877801
0.60046339
0.562885582
0.522265792
0.478892267
0.433511853
0.386314511
0.338105559
0.289955616
0.243138701
0.198994964
0.158743918
0.123304024
0.093178228
0.068437025
0.997333348
0.997112811
0.996856511
0.996574104
0.996275902
0.995968044
0.995651126
0.995321751
0.994974256
0.994602382
0.994200587
0.993764818
0.993292809
0.992783666
0.992236853
0.99165082
0.99102205
0.990344465
0.989610016
0.988809705
0.987935245
0.986979425
0.985936224
0.98480022
0.983565331
0.982224286
0.980768502
0.979189456
0.977479339
0.975632727
0.973646164
0.971517861
0.96924597
0.966826558
0.96425277
0.961513817
0.958595872
0.955482423
0.952155888
0.948598504
0.944792569
0.940720379
0.936363339
0.931700706
0.9267084
0.921358407
0.915618539
0.909452677
0.902821541
0.895682991
0.887991667
0.879697859
0.870744407
0.86106354
0.85057205
0.839167356
0.826723039
0.81308645
0.798076749
0.7814852
0.763077676
0.742600501
0.719789565
0.69438386
0.66614455
0.634877801
0.60046339
0.562885582
0.522265792
0.478892267
0.433511853
0.386314511
0.338105559
0.289955616
0.243138701
0.198994964
0.158743918
0.123304024
0.093178228
0.068437025
0.997333348
0.997112811
0.996856511
0.996574104
0.996275902
0.995968044
0.995651126
0.995321751
0.994974256
0.994602382
0.994200587
0.993764818
0.993292809
0.992783666
0.992236853
0.99165082
0.99102205
0.990344465
0.989610016
0.988809705
0.987935245
0.986979425
0.985936224
0.98480022
0.983565331
0.982224286
0.980768502
0.979189456
0.977479339
0.975632727
0.973646164
0.971517861
0.96924597
0.966826558
0.96425277
0.961513817
0.958595872
0.955482423
0.952155888
0.948598504
0.944792569
0.940720379
0.936363339
0.931700706
0.9267084
0.921358407
0.915618539
0.909452677
0.902821541
0.895682991
0.887991667
0.879697859
0.870744407
0.86106354
0.85057205
0.839167356
0.826723039
0.81308645
0.798076749
0.7814852
0.763077676
0.742600501
0.719789565
0.69438386
0.66614455
0.634877801
0.60046339
0.562885582
0.522265792
0.478892267
0.433511853
0.386314511
0.338105559
0.289955616
0.243138701
0.198994964
0.158743918
0.123304024
0.093178228
0.068437025
0.997333348
0.997112811
0.996856511
0.996574104
0.996275902
0.995968044
0.995651126
0.995321751
0.994974256
0.994602382
0.994200587
0.993764818
0.993292809
0.992783666
0.992236853
0.99165082
0.99102205
0.990344465
0.989610016
0.988809705
0.987935245
0.986979425
0.985936224
0.98480022
0.983565331
0.982224286
0.980768502
0.979189456
0.977479339
0.975632727
0.973646164
0.971517861
0.96924597
0.966826558
0.96425277
0.961513817
0.958595872
0.955482423
0.952155888
0.948598504
0.944792569
0.940720379
0.936363339
0.931700706
0.9267084
0.921358407
0.915618539
0.909452677
0.902821541
0.895682991
0.887991667
0.879697859
0.870744407
0.86106354
0.85057205
0.839167356
0.826723039
0.81308645
0.798076749
0.7814852
0.763077676
0.742600501
0.719789565
0.69438386
0.66614455
0.634877801
0.60046339
0.562885582
0.522265792
0.478892267
0.433511853
0.386314511
0.338105559
0.289955616
0.243138701
0.198994964
0.158743918
0.123304024
0.093178228
0.068437025
0.997333348
0.997112811
0.996856511
0.996574104
0.996275902
0.995968044
0.995651126
0.995321751
0.994974256
0.994602382
0.994200587
0.993764818
0.993292809
0.992783666
0.992236853
0.99165082
0.99102205
0.990344465
0.989610016
0.988809705
0.987935245
0.986979425
0.985936224
0.98480022
0.983565331
0.982224286
0.980768502
0.979189456
0.977479339
0.975632727
0.973646164
0.971517861
0.96924597
0.966826558
0.96425277
0.961513817
0.958595872
0.955482423
0.952155888
0.948598504
0.944792569
0.940720379
0.936363339
0.931700706
0.9267084
0.921358407
0.915618539
0.909452677
0.902821541
0.895682991
0.887991667
0.879697859
0.870744407
0.86106354
0.85057205
0.839167356
0.826723039
0.81308645
0.798076749
0.7814852
0.763077676
0.742600501
0.719789565
0.69438386
0.66614455
0.634877801
0.60046339
0.562885582
0.522265792
0.478892267
0.433511853
0.386314511
0.338105559
0.289955616
0.243138701
0.198994964
0.158743918
0.123304024
0.093178228
0.068437025
0.997333348
0.997112811
0.996856511
0.996574104
0.996275902
0.995968044
0.995651126
0.995321751
0.994974256
0.994602382
0.994200587
0.993764818
0.993292809
0.992783666
0.992236853
0.99165082
0.99102205
0.990344465
0.989610016
0.988809705
0.987935245
0.986979425
0.985936224
0.98480022
0.983565331
0.982224286
0.980768502
0.979189456
0.977479339
0.975632727
0.973646164
0.971517861
0.96924597
0.966826558
0.96425277
0.961513817
0.958595872
0.955482423
0.952155888
0.948598504
0.944792569
0.940720379
0.936363339
0.931700706
0.9267084
0.921358407
0.915618539
0.909452677
0.902821541
0.895682991
0.887991667
0.879697859
0.870744407
0.86106354
0.85057205
0.839167356
0.826723039
0.81308645
0.798076749
0.7814852
0.763077676
0.742600501
0.719789565
0.69438386
0.66614455
0.634877801
0.60046339
0.562885582
0.522265792
0.478892267
0.433511853
0.386314511
0.338105559
0.289955616
0.243138701
0.198994964
0.158743918
0.123304024
0.093178228
0.068437025
0.997333348
0.997112811
0.996856511
0.996574104
0.996275902
0.995968044
0.995651126
0.995321751
0.994974256
0.994602382
0.994200587
0.993764818
0.993292809
0.992783666
0.992236853
0.99165082
0.99102205
0.990344465
0.989610016
0.988809705
0.987935245
0.986979425
0.985936224
0.98480022
0.983565331
0.982224286
0.980768502
0.979189456
0.977479339
0.975632727
0.973646164
0.971517861
0.96924597
0.966826558
0.96425277
0.961513817
0.958595872
0.955482423
0.952155888
0.948598504
0.944792569
0.940720379
0.936363339
0.931700706
0.9267084
0.921358407
0.915618539
0.909452677
0.902821541
0.895682991
0.887991667
0.879697859
0.870744407
0.86106354
0.85057205
0.839167356
0.826723039
0.81308645
0.798076749
0.7814852
0.763077676
0.742600501
0.719789565
0.69438386
0.66614455
0.634877801
0.60046339
0.562885582
0.522265792
0.478892267
0.433511853
0.386314511
0.338105559
0.289955616
0.243138701
0.198994964
0.158743918
0.123304024
0.093178228
0.068437025
0.997333348
0.997112811
0.996856511
0.996574104
0.996275902
0.995968044
0.995651126
0.995321751
0.994974256
0.994602382
0.994200587
0.993764818
0.993292809
0.992783666
0.992236853
0.99165082
0.99102205
0.990344465
0.989610016
0.988809705
0.987935245
0.986979425
0.985936224
0.98480022
0.983565331
0.982224286
0.980768502
0.979189456
0.977479339
0.975632727
0.973646164
0.971517861
0.96924597
0.966826558
0.96425277
0.961513817
0.958595872
0.955482423
0.952155888
0.948598504
0.944792569
0.940720379
0.936363339
0.931700706
0.9267084
0.921358407
0.915618539
0.909452677
0.902821541
0.895682991
0.887991667
0.879697859
0.870744407
0.86106354
0.85057205
0.839167356
0.826723039
0.81308645
0.798076749
0.7814852
0.763077676
0.742600501
0.719789565
0.69438386
0.66614455
0.634877801
0.60046339
0.562885582
0.522265792
0.478892267
0.433511853
0.386314511
0.338105559
0.289955616
0.243138701
0.198994964
0.158743918
0.123304024
0.093178228
0.068437025
0.997333348
0.997112811
0.996856511
0.996574104
0.996275902
0.995968044
0.995651126
0.995321751
0.994974256
0.994602382
0.994200587
0.993764818
0.993292809
0.992783666
0.992236853
0.99165082
0.99102205
0.990344465
0.989610016
0.988809705
0.987935245
0.986979425
0.985936224
0.98480022
0.983565331
0.982224286
0.980768502
0.979189456
0.977479339
0.975632727
0.973646164
0.971517861
0.96924597
0.966826558
0.96425277
0.961513817
0.958595872
0.955482423
0.952155888
0.948598504
0.944792569
0.940720379
0.936363339
0.931700706
0.9267084
0.921358407
0.915618539
0.909452677
0.902821541
0.895682991
0.887991667
0.879697859
0.870744407
0.86106354
0.85057205
0.839167356
0.826723039
0.81308645
0.798076749
0.7814852
0.763077676
0.742600501
0.719789565
0.69438386
0.66614455
0.634877801
0.60046339
0.562885582
0.522265792
0.478892267
0.433511853
0.386314511
0.338105559
0.289955616
0.243138701
0.198994964
0.158743918
0.123304024
0.093178228
0.068437025
0.997333348
0.997112811
0.996856511
0.996574104
0.996275902
0.995968044
0.995651126
0.995321751
0.994974256
0.994602382
0.994200587
0.993764818
0.993292809
0.992783666
0.992236853
0.99165082
0.99102205
0.990344465
0.989610016
0.988809705
0.987935245
0.986979425
0.985936224
0.98480022
0.983565331
0.982224286
0.980768502
0.979189456
0.977479339
0.975632727
0.973646164
0.971517861
0.96924597
0.966826558
0.96425277
0.961513817
0.958595872
0.955482423
0.952155888
0.948598504
0.944792569
0.940720379
0.936363339
0.931700706
0.9267084
0.921358407
0.915618539
0.909452677
0.902821541
0.895682991
0.887991667
0.879697859
0.870744407
0.86106354
0.85057205
0.839167356
0.826723039
0.81308645
0.798076749
0.7814852
0.763077676
0.742600501
0.719789565
0.69438386
0.66614455
0.634877801
0.60046339
0.562885582
0.522265792
0.478892267
0.433511853
0.386314511
0.338105559
0.289955616
0.243138701
0.198994964
0.158743918
0.123304024
0.093178228
0.068437025
0.997333348
0.997112811
0.996856511
0.996574104
0.996275902
0.995968044
0.995651126
0.995321751
0.994974256
0.994602382
0.994200587
0.993764818
0.993292809
0.992783666
0.992236853
0.99165082
0.99102205
0.990344465
0.989610016
0.988809705
0.987935245
0.986979425
0.985936224
0.98480022
0.983565331
0.982224286
0.980768502
0.979189456
0.977479339
0.975632727
0.973646164
0.971517861
0.96924597
0.966826558
0.96425277
0.961513817
0.958595872
0.955482423
0.952155888
0.948598504
0.944792569
0.940720379
0.936363339
0.931700706
0.9267084
0.921358407
0.915618539
0.909452677
0.902821541
0.895682991
0.887991667
0.879697859
0.870744407
0.86106354
0.85057205
0.839167356
0.826723039
0.81308645
0.798076749
0.7814852
0.763077676
0.742600501
0.719789565
0.69438386
0.66614455
0.634877801
0.60046339
0.562885582
0.522265792
0.478892267
0.433511853
0.386314511
0.338105559
0.289955616
0.243138701
0.198994964
0.158743918
0.123304024
0.093178228
0.068437025
0.997333348
0.997112811
0.996856511
0.996574104
0.996275902
0.995968044
0.995651126
0.995321751
0.994974256
0.994602382
0.994200587
0.993764818
0.993292809
0.992783666
0.992236853
0.99165082
0.99102205
0.990344465
0.989610016
0.988809705
0.987935245
0.986979425
0.985936224
0.98480022
0.983565331
0.982224286
0.980768502
0.979189456
0.977479339
0.975632727
0.973646164
0.971517861
0.96924597
0.966826558
0.96425277
0.961513817
0.958595872
0.955482423
0.952155888
0.948598504
0.944792569
0.940720379
0.936363339
0.931700706
0.9267084
0.921358407
0.915618539
0.909452677
0.902821541
0.895682991
0.887991667
0.879697859
0.870744407
0.86106354
0.85057205
0.839167356
0.826723039
0.81308645
0.798076749
0.7814852
0.763077676
0.742600501
0.719789565
0.69438386
0.66614455
0.634877801
0.60046339
0.562885582
0.522265792
0.478892267
0.433511853
0.386314511
0.338105559
0.289955616
0.243138701
0.198994964
0.158743918
0.123304024
0.093178228
0.068437025
0.997333348
0.997112811
0.996856511
0.996574104
0.996275902
0.995968044
0.995651126
0.995321751
0.994974256
0.994602382
0.994200587
0.993764818
0.993292809
0.992783666
0.992236853
0.99165082
0.99102205
0.990344465
0.989610016
0.988809705
0.987935245
0.986979425
0.985936224
0.98480022
0.983565331
0.982224286
0.980768502
0.979189456
0.977479339
0.975632727
0.973646164
0.971517861
0.96924597
0.966826558
0.96425277
0.961513817
0.958595872
0.955482423
0.952155888
0.948598504
0.944792569
0.940720379
0.936363339
0.931700706
0.9267084
0.921358407
0.915618539
0.909452677
0.902821541
0.895682991
0.887991667
0.879697859
0.870744407
0.86106354
0.85057205
0.839167356
0.826723039
0.81308645
0.798076749
0.7814852
0.763077676
0.742600501
0.719789565
0.69438386
0.66614455
0.634877801
0.60046339
0.562885582
0.522265792
0.478892267
0.433511853
0.386314511
0.338105559
0.289955616
0.243138701
0.198994964
0.158743918
0.123304024
0.093178228
0.068437025
0.997333348
0.997112811
0.996856511
0.996574104
0.996275902
0.995968044
0.995651126
0.995321751
0.994974256
0.994602382
0.994200587
0.993764818
0.993292809
0.992783666
0.992236853
0.99165082
0.99102205
0.990344465
0.989610016
0.988809705
0.987935245
0.986979425
0.985936224
0.98480022
0.983565331
0.982224286
0.980768502
0.979189456
0.977479339
0.975632727
0.973646164
0.971517861
0.96924597
0.966826558
0.96425277
0.961513817
0.958595872
0.955482423
0.952155888
0.948598504
0.944792569
0.940720379
0.936363339
0.931700706
0.9267084
0.921358407
0.915618539
0.909452677
0.902821541
0.895682991
0.887991667
0.879697859
0.870744407
0.86106354
0.85057205
0.839167356
0.826723039
0.81308645
0.798076749
0.7814852
0.763077676
0.742600501
0.719789565
0.69438386
0.66614455
0.634877801
0.60046339
0.562885582
0.522265792
0.478892267
0.433511853
0.386314511
0.338105559
0.289955616
0.243138701
0.198994964
0.158743918
0.123304024
0.093178228
0.068437025
0.997333348
0.997112811
0.996856511
0.996574104
0.996275902
0.995968044
0.995651126
0.995321751
0.994974256
0.994602382
0.994200587
0.993764818
0.993292809
0.992783666
0.992236853
0.99165082
0.99102205
0.990344465
0.989610016
0.988809705
0.987935245
0.986979425
0.985936224
0.98480022
0.983565331
0.982224286
0.980768502
0.979189456
0.977479339
0.975632727
0.973646164
0.971517861
0.96924597
0.966826558
0.96425277
0.961513817
0.958595872
0.955482423
0.952155888
0.948598504
0.944792569
0.940720379
0.936363339
0.931700706
0.9267084
0.921358407
0.915618539
0.909452677
0.902821541
0.895682991
0.887991667
0.879697859
0.870744407
0.86106354
0.85057205
0.839167356
0.826723039
0.81308645
0.798076749
0.7814852
0.763077676
0.742600501
0.719789565
0.69438386
0.66614455
0.634877801
0.60046339
0.562885582
0.522265792
0.478892267
0.433511853
0.386314511
0.338105559
0.289955616
0.243138701
0.198994964
0.158743918
0.123304024
0.093178228
0.068437025
0.997333348
0.997112811
0.996856511
0.996574104
0.996275902
0.995968044
0.995651126
0.995321751
0.994974256
0.994602382
0.994200587
0.993764818
0.993292809
0.992783666
0.992236853
0.99165082
0.99102205
0.990344465
0.989610016
0.988809705
0.987935245
0.986979425
0.985936224
0.98480022
0.983565331
0.982224286
0.980768502
0.979189456
0.977479339
0.975632727
0.973646164
0.971517861
0.96924597
0.966826558
0.96425277
0.961513817
0.958595872
0.955482423
0.952155888
0.948598504
0.944792569
0.940720379
0.936363339
0.931700706
0.9267084
0.921358407
0.915618539
0.909452677
0.902821541
0.895682991
0.887991667
0.879697859
0.870744407
0.86106354
0.85057205
0.839167356
0.826723039
0.81308645
0.798076749
0.7814852
0.763077676
0.742600501
0.719789565
0.69438386
0.66614455
0.634877801
0.60046339
0.562885582
0.522265792
0.478892267
0.433511853
0.386314511
0.338105559
0.289955616
0.243138701
0.198994964
0.158743918
0.123304024
0.093178228
0.068437025
0.997333348
0.997112811
0.996856511
0.996574104
0.996275902
0.995968044
0.995651126
0.995321751
0.994974256
0.994602382
0.994200587
0.993764818
0.993292809
0.992783666
0.992236853
0.99165082
0.99102205
0.990344465
0.989610016
0.988809705
0.987935245
0.986979425
0.985936224
0.98480022
0.983565331
0.982224286
0.980768502
0.979189456
0.977479339
0.975632727
0.973646164
0.971517861
0.96924597
0.966826558
0.96425277
0.961513817
0.958595872
0.955482423
0.952155888
0.948598504
0.944792569
0.940720379
0.936363339
0.931700706
0.9267084
0.921358407
0.915618539
0.909452677
0.902821541
0.895682991
0.887991667
0.879697859
0.870744407
0.86106354
0.85057205
0.839167356
0.826723039
0.81308645
0.798076749
0.7814852
0.763077676
0.742600501
0.719789565
0.69438386
0.66614455
0.634877801
0.60046339
0.562885582
0.522265792
0.478892267
0.433511853
0.386314511
0.338105559
0.289955616
0.243138701
0.198994964
0.158743918
0.123304024
0.093178228
0.068437025
