0.984819985
0.984132213
0.983443294
0.982769016
0.982111196
0.981459573
0.980799641
0.980114524
0.979390417
0.978618318
0.977790189
0.97690129
0.975946425
0.974918127
0.973806476
0.972594824
0.971265044
0.969797764
0.968172805
0.966370904
0.964375072
0.962172411
0.959750371
0.957094647
0.95418279
0.950986028
0.947468431
0.94358502
0.939292443
0.934558201
0.929351242
0.923654755
0.91746771
0.910784028
0.903590036
0.895867076
0.887573653
0.87865715
0.869085041
0.858819596
0.847853006
0.836216471
0.823946892
0.811106666
0.797731376
0.783810377
0.769288691
0.754098233
0.738159068
0.721400677
0.70376199
0.685165808
0.665538099
0.644829951
0.622972528
0.599871548
0.575409696
0.54948736
0.52197996
0.492824333
0.462069333
0.429808625
0.396291104
0.36187344
0.3268771
0.291669852
0.256671064
0.222357955
0.189201164
0.157678052
0.128379432
0.101869457
0.078584735
0.058891352
0.042897154
0.030417279
0.021058498
0.014286112
0.009525212
0.00625533
0.984819985
0.984132213
0.983443294
0.982769016
0.982111196
0.981459573
0.980799641
0.980114524
0.979390417
0.978618318
0.977790189
0.97690129
0.975946425
0.974918127
0.973806476
0.972594824
0.971265044
0.969797764
0.968172805
0.966370904
0.964375072
0.962172411
0.959750371
0.957094647
0.95418279
0.950986028
0.947468431
0.94358502
0.939292443
0.934558201
0.929351242
0.923654755
0.91746771
0.910784028
0.903590036
0.895867076
0.887573653
0.87865715
0.869085041
0.858819596
0.847853006
0.836216471
0.823946892
0.811106666
0.797731376
0.783810377
0.769288691
0.754098233
0.738159068
0.721400677
0.70376199
0.685165808
0.665538099
0.644829951
0.622972528
0.599871548
0.575409696
0.54948736
0.52197996
0.492824333
0.462069333
0.429808625
0.396291104
0.36187344
0.3268771
0.291669852
0.256671064
0.222357955
0.189201164
0.157678052
0.128379432
0.101869457
0.078584735
0.058891352
0.042897154
0.030417279
0.021058498
0.014286112
0.009525212
0.00625533
0.984819985
0.984132213
0.983443294
0.982769016
0.982111196
0.981459573
0.980799641
0.980114524
0.979390417
0.978618318
0.977790189
0.97690129
0.975946425
0.974918127
0.973806476
0.972594824
0.971265044
0.969797764
0.968172805
0.966370904
0.964375072
0.962172411
0.959750371
0.957094647
0.95418279
0.950986028
0.947468431
0.94358502
0.939292443
0.934558201
0.929351242
0.923654755
0.91746771
0.910784028
0.903590036
0.895867076
0.887573653
0.87865715
0.869085041
0.858819596
0.847853006
0.836216471
0.823946892
0.811106666
0.797731376
0.783810377
0.769288691
0.754098233
0.738159068
0.721400677
0.70376199
0.685165808
0.665538099
0.644829951
0.622972528
0.599871548
0.575409696
0.54948736
0.52197996
0.492824333
0.462069333
0.429808625
0.396291104
0.36187344
0.3268771
0.291669852
0.256671064
0.222357955
0.189201164
0.157678052
0.128379432
0.101869457
0.078584735
0.058891352
0.042897154
0.030417279
0.021058498
0.014286112
0.009525212
0.00625533
0.984819985
0.984132213
0.983443294
0.982769016
0.982111196
0.981459573
0.980799641
0.980114524
0.979390417
0.978618318
0.977790189
0.97690129
0.975946425
0.974918127
0.973806476
0.972594824
0.971265044
0.969797764
0.968172805
0.966370904
0.964375072
0.962172411
0.959750371
0.957094647
0.95418279
0.950986028
0.947468431
0.94358502
0.939292443
0.934558201
0.929351242
0.923654755
0.91746771
0.910784028
0.903590036
0.895867076
0.887573653
0.87865715
0.869085041
0.858819596
0.847853006
0.836216471
0.823946892
0.811106666
0.797731376
0.783810377
0.769288691
0.754098233
0.738159068
0.721400677
0.70376199
0.685165808
0.665538099
0.644829951
0.622972528
0.599871548
0.575409696
0.54948736
0.52197996
0.492824333
0.462069333
0.429808625
0.396291104
0.36187344
0.3268771
0.291669852
0.256671064
0.222357955
0.189201164
0.157678052
0.128379432
0.101869457
0.078584735
0.058891352
0.042897154
0.030417279
0.021058498
0.014286112
0.009525212
0.00625533
0.984819985
0.984132213
0.983443294
0.982769016
0.982111196
0.981459573
0.980799641
0.980114524
0.979390417
0.978618318
0.977790189
0.97690129
0.975946425
0.974918127
0.973806476
0.972594824
0.971265044
0.969797764
0.968172805
0.966370904
0.964375072
0.962172411
0.959750371
0.957094647
0.95418279
0.950986028
0.947468431
0.94358502
0.939292443
0.934558201
0.929351242
0.923654755
0.91746771
0.910784028
0.903590036
0.895867076
0.887573653
0.87865715
0.869085041
0.858819596
0.847853006
0.836216471
0.823946892
0.811106666
0.797731376
0.783810377
0.769288691
0.754098233
0.738159068
0.721400677
0.70376199
0.685165808
0.665538099
0.644829951
0.622972528
0.599871548
0.575409696
0.54948736
0.52197996
0.492824333
0.462069333
0.429808625
0.396291104
0.36187344
0.3268771
0.291669852
0.256671064
0.222357955
0.189201164
0.157678052
0.128379432
0.101869457
0.078584735
0.058891352
0.042897154
0.030417279
0.021058498
0.014286112
0.009525212
0.00625533
0.984819985
0.984132213
0.983443294
0.982769016
0.982111196
0.981459573
0.980799641
0.980114524
0.979390417
0.978618318
0.977790189
0.97690129
0.975946425
0.974918127
0.973806476
0.972594824
0.971265044
0.969797764
0.968172805
0.966370904
0.964375072
0.962172411
0.959750371
0.957094647
0.95418279
0.950986028
0.947468431
0.94358502
0.939292443
0.934558201
0.929351242
0.923654755
0.91746771
0.910784028
0.903590036
0.895867076
0.887573653
0.87865715
0.869085041
0.858819596
0.847853006
0.836216471
0.823946892
0.811106666
0.797731376
0.783810377
0.769288691
0.754098233
0.738159068
0.721400677
0.70376199
0.685165808
0.665538099
0.644829951
0.622972528
0.599871548
0.575409696
0.54948736
0.52197996
0.492824333
0.462069333
0.429808625
0.396291104
0.36187344
0.3268771
0.291669852
0.256671064
0.222357955
0.189201164
0.157678052
0.128379432
0.101869457
0.078584735
0.058891352
0.042897154
0.030417279
0.021058498
0.014286112
0.009525212
0.00625533
0.984819985
0.984132213
0.983443294
0.982769016
0.982111196
0.981459573
0.980799641
0.980114524
0.979390417
0.978618318
0.977790189
0.97690129
0.975946425
0.974918127
0.973806476
0.972594824
0.971265044
0.969797764
0.968172805
0.966370904
0.964375072
0.962172411
0.959750371
0.957094647
0.95418279
0.950986028
0.947468431
0.94358502
0.939292443
0.934558201
0.929351242
0.923654755
0.91746771
0.910784028
0.903590036
0.895867076
0.887573653
0.87865715
0.869085041
0.858819596
0.847853006
0.836216471
0.823946892
0.811106666
0.797731376
0.783810377
0.769288691
0.754098233
0.738159068
0.721400677
0.70376199
0.685165808
0.665538099
0.644829951
0.622972528
0.599871548
0.575409696
0.54948736
0.52197996
0.492824333
0.462069333
0.429808625
0.396291104
0.36187344
0.3268771
0.291669852
0.256671064
0.222357955
0.189201164
0.157678052
0.128379432
0.101869457
0.078584735
0.058891352
0.042897154
0.030417279
0.021058498
0.014286112
0.009525212
0.00625533
0.984819985
0.984132213
0.983443294
0.982769016
0.982111196
0.981459573
0.980799641
0.980114524
0.979390417
0.978618318
0.977790189
0.97690129
0.975946425
0.974918127
0.973806476
0.972594824
0.971265044
0.969797764
0.968172805
0.966370904
0.964375072
0.962172411
0.959750371
0.957094647
0.95418279
0.950986028
0.947468431
0.94358502
0.939292443
0.934558201
0.929351242
0.923654755
0.91746771
0.910784028
0.903590036
0.895867076
0.887573653
0.87865715
0.869085041
0.858819596
0.847853006
0.836216471
0.823946892
0.811106666
0.797731376
0.783810377
0.769288691
0.754098233
0.738159068
0.721400677
0.70376199
0.685165808
0.665538099
0.644829951
0.622972528
0.599871548
0.575409696
0.54948736
0.52197996
0.492824333
0.462069333
0.429808625
0.396291104
0.36187344
0.3268771
0.291669852
0.256671064
0.222357955
0.189201164
0.157678052
0.128379432
0.101869457
0.078584735
0.058891352
0.042897154
0.030417279
0.021058498
0.014286112
0.009525212
0.00625533
0.984819985
0.984132213
0.983443294
0.982769016
0.982111196
0.981459573
0.980799641
0.980114524
0.979390417
0.978618318
0.977790189
0.97690129
0.975946425
0.974918127
0.973806476
0.972594824
0.971265044
0.969797764
0.968172805
0.966370904
0.964375072
0.962172411
0.959750371
0.957094647
0.95418279
0.950986028
0.947468431
0.94358502
0.939292443
0.934558201
0.929351242
0.923654755
0.91746771
0.910784028
0.903590036
0.895867076
0.887573653
0.87865715
0.869085041
0.858819596
0.847853006
0.836216471
0.823946892
0.811106666
0.797731376
0.783810377
0.769288691
0.754098233
0.738159068
0.721400677
0.70376199
0.685165808
0.665538099
0.644829951
0.622972528
0.599871548
0.575409696
0.54948736
0.52197996
0.492824333
0.462069333
0.429808625
0.396291104
0.36187344
0.3268771
0.291669852
0.256671064
0.222357955
0.189201164
0.157678052
0.128379432
0.101869457
0.078584735
0.058891352
0.042897154
0.030417279
0.021058498
0.014286112
0.009525212
0.00625533
0.984819985
0.984132213
0.983443294
0.982769016
0.982111196
0.981459573
0.980799641
0.980114524
0.979390417
0.978618318
0.977790189
0.97690129
0.975946425
0.974918127
0.973806476
0.972594824
0.971265044
0.969797764
0.968172805
0.966370904
0.964375072
0.962172411
0.959750371
0.957094647
0.95418279
0.950986028
0.947468431
0.94358502
0.939292443
0.934558201
0.929351242
0.923654755
0.91746771
0.910784028
0.903590036
0.895867076
0.887573653
0.87865715
0.869085041
0.858819596
0.847853006
0.836216471
0.823946892
0.811106666
0.797731376
0.783810377
0.769288691
0.754098233
0.738159068
0.721400677
0.70376199
0.685165808
0.665538099
0.644829951
0.622972528
0.599871548
0.575409696
0.54948736
0.52197996
0.492824333
0.462069333
0.429808625
0.396291104
0.36187344
0.3268771
0.291669852
0.256671064
0.222357955
0.189201164
0.157678052
0.128379432
0.101869457
0.078584735
0.058891352
0.042897154
0.030417279
0.021058498
0.014286112
0.009525212
0.00625533
0.984819985
0.984132213
0.983443294
0.982769016
0.982111196
0.981459573
0.980799641
0.980114524
0.979390417
0.978618318
0.977790189
0.97690129
0.975946425
0.974918127
0.973806476
0.972594824
0.971265044
0.969797764
0.968172805
0.966370904
0.964375072
0.962172411
0.959750371
0.957094647
0.95418279
0.950986028
0.947468431
0.94358502
0.939292443
0.934558201
0.929351242
0.923654755
0.91746771
0.910784028
0.903590036
0.895867076
0.887573653
0.87865715
0.869085041
0.858819596
0.847853006
0.836216471
0.823946892
0.811106666
0.797731376
0.783810377
0.769288691
0.754098233
0.738159068
0.721400677
0.70376199
0.685165808
0.665538099
0.644829951
0.622972528
0.599871548
0.575409696
0.54948736
0.52197996
0.492824333
0.462069333
0.429808625
0.396291104
0.36187344
0.3268771
0.291669852
0.256671064
0.222357955
0.189201164
0.157678052
0.128379432
0.101869457
0.078584735
0.058891352
0.042897154
0.030417279
0.021058498
0.014286112
0.009525212
0.00625533
0.984819985
0.984132213
0.983443294
0.982769016
0.982111196
0.981459573
0.980799641
0.980114524
0.979390417
0.978618318
0.977790189
0.97690129
0.975946425
0.974918127
0.973806476
0.972594824
0.971265044
0.969797764
0.968172805
0.966370904
0.964375072
0.962172411
0.959750371
0.957094647
0.95418279
0.950986028
0.947468431
0.94358502
0.939292443
0.934558201
0.929351242
0.923654755
0.91746771
0.910784028
0.903590036
0.895867076
0.887573653
0.87865715
0.869085041
0.858819596
0.847853006
0.836216471
0.823946892
0.811106666
0.797731376
0.783810377
0.769288691
0.754098233
0.738159068
0.721400677
0.70376199
0.685165808
0.665538099
0.644829951
0.622972528
0.599871548
0.575409696
0.54948736
0.52197996
0.492824333
0.462069333
0.429808625
0.396291104
0.36187344
0.3268771
0.291669852
0.256671064
0.222357955
0.189201164
0.157678052
0.128379432
0.101869457
0.078584735
0.058891352
0.042897154
0.030417279
0.021058498
0.014286112
0.009525212
0.00625533
0.984833936
0.984144904
0.983454993
0.982779101
0.982119525
0.981468055
0.98080762
0.980123747
0.979400123
0.978627447
0.977801397
0.976913133
0.975959067
0.974931713
0.973820285
0.972612238
0.971284571
0.969819015
0.968196708
0.966398353
0.96440673
0.962207036
0.959788804
0.957136588
0.954230863
0.951038655
0.947525205
0.943650656
0.93936638
0.934637256
0.929446864
0.923765792
0.917587258
0.910918009
0.903737786
0.896019988
0.887742024
0.878846354
0.869280422
0.859043993
0.848100861
0.836472654
0.824219821
0.811368581
0.79799028
0.784082506
0.769586248
0.754408218
0.738479828
0.721722869
0.704086128
0.685521225
0.665931014
0.645235538
0.623398553
0.600323339
0.57589031
0.549969735
0.522498653
0.493359077
0.462578591
0.430337052
0.396786602
0.362314405
0.327354138
0.292180044
0.25718537
0.222828587
0.189640817
0.158116214
0.128723868
0.102139332
0.078839092
0.059074034
0.043024938
0.030516204
0.021124
0.014325129
0.009548286
0.006266498
0.984862365
0.984171706
0.983478849
0.982801022
0.98213855
0.981483998
0.980824246
0.980139699
0.979418797
0.978647218
0.977820021
0.976936065
0.975983397
0.974957853
0.973848598
0.97264126
0.971321256
0.969860266
0.968241665
0.96644888
0.964464611
0.962273561
0.959861355
0.957216958
0.954318564
0.951139319
0.947635816
0.943770535
0.939505255
0.934793742
0.929613964
0.923966529
0.917818693
0.911165783
0.904014106
0.896323856
0.888056286
0.879192123
0.869668408
0.859443709
0.848557583
0.836973989
0.824734686
0.811913934
0.798511121
0.784595973
0.770125999
0.755000082
0.739097848
0.722363679
0.704730677
0.686169902
0.666641143
0.646018534
0.62420554
0.601169659
0.576786338
0.55092098
0.523452043
0.494379165
0.463623753
0.43132595
0.397800702
0.363255203
0.328182812
0.293060334
0.258110274
0.223745838
0.190467749
0.158879718
0.129461276
0.102704709
0.07926893
0.059462402
0.043293802
0.030697475
0.02125733
0.014409458
0.009597176
0.006294582
0.984903814
0.984213296
0.983517037
0.982834645
0.982169592
0.981511266
0.980847487
0.980164456
0.979442923
0.978675688
0.97785027
0.97696459
0.976018681
0.974995504
0.973889352
0.972685735
0.971367178
0.969918361
0.968307092
0.966520205
0.964544626
0.962364939
0.959966013
0.957330843
0.954444625
0.951277084
0.94779434
0.943945442
0.939695565
0.935014292
0.929862046
0.9242306
0.9181335
0.91152623
0.904398177
0.896750624
0.888524778
0.879676487
0.870200692
0.860039472
0.849169112
0.837668495
0.825492118
0.812687112
0.799326289
0.785371783
0.770889839
0.755804023
0.739982341
0.723289175
0.705691566
0.687137061
0.667614354
0.647081645
0.625374467
0.602372777
0.578046191
0.552252292
0.524861484
0.495788021
0.465121058
0.432847604
0.39922842
0.364699929
0.329507356
0.294214046
0.259313688
0.224987818
0.191678401
0.159957575
0.130432198
0.103613625
0.079945865
0.059960406
0.043723804
0.030984359
0.021444112
0.014540013
0.009676203
0.006339311
0.984954412
0.984268051
0.983570376
0.982882879
0.982211964
0.981550776
0.980882712
0.980194998
0.979476012
0.97870829
0.977888934
0.97700578
0.976057617
0.975043963
0.97394141
0.972742499
0.97142954
0.969983135
0.968388994
0.966612472
0.964645131
0.962477402
0.960094021
0.957477002
0.954603502
0.951453066
0.947987199
0.944168038
0.939942069
0.935283166
0.930173122
0.924579246
0.918502994
0.911963367
0.904895661
0.897278825
0.889110242
0.88031841
0.870863996
0.860766874
0.849980212
0.838497051
0.826427017
0.81370049
0.800355391
0.786453255
0.771916888
0.756815193
0.741048594
0.72446589
0.706924717
0.688418112
0.668903821
0.648378514
0.626787752
0.603922451
0.579639248
0.553917624
0.526616853
0.497639101
0.466963423
0.434788751
0.401181425
0.366513948
0.331316669
0.295851951
0.260723467
0.226431569
0.193141035
0.161361048
0.131654574
0.104684937
0.080915073
0.060659315
0.044220315
0.031393512
0.021707464
0.014706126
0.009786623
0.006403281
0.985010972
0.984331576
0.983637078
0.98294663
0.982269243
0.981601283
0.98093042
0.980238196
0.979514045
0.978750018
0.977930347
0.977055091
0.97611032
0.975093998
0.974004113
0.972810331
0.971504002
0.970065384
0.968474803
0.96672079
0.964767058
0.962609994
0.960241959
0.957644883
0.954794783
0.951661058
0.948218058
0.944421936
0.940235919
0.935609363
0.930529108
0.924989625
0.918960678
0.91244608
0.905462831
0.897921161
0.88979056
0.881071133
0.871688266
0.861617471
0.850909976
0.839528805
0.827475117
0.814875764
0.801622618
0.787735011
0.773261401
0.758090789
0.742305515
0.725793961
0.708394027
0.68995911
0.670504445
0.649989088
0.628406522
0.605682184
0.581563459
0.555893061
0.528677347
0.499803218
0.469233
0.437033743
0.403521966
0.368841366
0.333453806
0.29795121
0.262598641
0.228025355
0.194742601
0.162955813
0.13314954
0.105954383
0.081993757
0.061599268
0.044875254
0.031842753
0.022060713
0.014926081
0.009921453
0.006488444
0.985068055
0.98440058
0.983712227
0.983023951
0.982342379
0.981666991
0.980988808
0.980294123
0.979565426
0.978795819
0.97798106
0.977105689
0.976170837
0.975158968
0.974066187
0.972888638
0.971589269
0.970159512
0.968579194
0.966830017
0.964904567
0.962764508
0.960409632
0.957831456
0.955006045
0.951901565
0.94848002
0.944713538
0.940557751
0.935982437
0.930943511
0.925441229
0.919478681
0.913020657
0.90606607
0.89862589
0.890585742
0.881911881
0.872616934
0.862632546
0.85195496
0.840666075
0.82873023
0.816143439
0.803036378
0.789253209
0.774792811
0.759696139
0.743828386
0.727296471
0.709984346
0.69172141
0.672352871
0.651907736
0.63033602
0.607620178
0.583664952
0.558184298
0.531025409
0.502244585
0.471784235
0.439689861
0.406128084
0.371525277
0.336087972
0.300339903
0.26490809
0.230059474
0.196448141
0.164639888
0.134786759
0.107448729
0.083226479
0.062611646
0.04572288
0.032413058
0.022438803
0.015209962
0.010092965
0.006590891
0.985129393
0.984468672
0.983792423
0.983109458
0.982429294
0.981748874
0.981062689
0.980360419
0.979629787
0.978855685
0.978034933
0.977165777
0.976231095
0.975231433
0.974144418
0.97296396
0.971684819
0.970264141
0.968695192
0.966959006
0.965039744
0.962934083
0.960599734
0.958037318
0.95523466
0.952160176
0.948774551
0.945035205
0.940916883
0.936379858
0.931404183
0.925952278
0.92003395
0.913653975
0.906764879
0.899356773
0.891435719
0.882868224
0.873626556
0.863745413
0.853168029
0.841910536
0.830077666
0.817622172
0.804521845
0.790902749
0.77655931
0.76147517
0.745693663
0.729066604
0.71173324
0.693574655
0.674408041
0.654062248
0.632570074
0.60986545
0.585918592
0.56062163
0.53367391
0.504951662
0.474586109
0.442598128
0.409128281
0.374439978
0.339048824
0.303205055
0.267471611
0.232497413
0.198563366
0.166391196
0.136475632
0.10904675
0.084641751
0.063742222
0.046618096
0.033132347
0.022906502
0.015510287
0.010308434
0.006717518
0.985194105
0.984541222
0.983870337
0.983199637
0.982524191
0.981844752
0.981153051
0.980442504
0.979704204
0.978928794
0.978103623
0.977228053
0.976301039
0.975301991
0.974229799
0.973056704
0.971774855
0.97037883
0.968821341
0.967099273
0.965195924
0.963097829
0.960804303
0.958266106
0.955482054
0.952434677
0.949085141
0.945389413
0.941304866
0.936814021
0.931885202
0.926508815
0.920649625
0.914320349
0.907520716
0.90018698
0.892301509
0.883871447
0.874752499
0.864931926
0.854472123
0.843326792
0.831524288
0.819180076
0.80622271
0.792603393
0.778442143
0.763488242
0.747719533
0.731191985
0.713751439
0.695571015
0.676524614
0.656409241
0.635028262
0.612411362
0.588475632
0.563186209
0.536439028
0.507943888
0.477632706
0.445731898
0.412353223
0.377730662
0.342209413
0.306368409
0.270487034
0.235157039
0.201049273
0.168517048
0.138204
0.110669772
0.08613143
0.065018282
0.047602985
0.033883475
0.023485704
0.015874911
0.010535712
0.006873302
0.985261767
0.984617298
0.983952982
0.983286278
0.982623442
0.981948456
0.981257635
0.980541375
0.979794715
0.979011639
0.978185835
0.977305946
0.976372142
0.975382448
0.974311529
0.973156232
0.97188363
0.970485282
0.968957293
0.967249289
0.965363
0.96328389
0.960999319
0.95850871
0.955752862
0.952727379
0.94941003
0.945757449
0.94172528
0.937275644
0.932402266
0.927081378
0.921309856
0.91504804
0.908305178
0.901072381
0.893270449
0.884879706
0.875917112
0.866235514
0.855842413
0.844827248
0.833146573
0.820829268
0.807989701
0.794524151
0.780355516
0.765602782
0.749978654
0.733465019
0.716137683
0.697838298
0.678769326
0.658788876
0.637665086
0.615169934
0.591328911
0.566049751
0.539307848
0.511025228
0.480949332
0.449090461
0.415780448
0.381221198
0.345726893
0.309704027
0.273773472
0.238240424
0.203727308
0.170978168
0.140268238
0.112312753
0.087629154
0.066347651
0.048701723
0.034701827
0.024086879
0.016320196
0.010807685
0.007038206
0.985332099
0.984696408
0.984039341
0.983377943
0.982717975
0.982056214
0.981369904
0.980654694
0.979902318
0.979110893
0.978277448
0.97739766
0.97645971
0.975462968
0.974403384
0.973250265
0.971998798
0.970611853
0.969082069
0.967408823
0.965539377
0.963480413
0.961218028
0.958737819
0.956036777
0.953043974
0.949752469
0.946138039
0.942157075
0.937769489
0.9329452
0.927689147
0.921981492
0.915819218
0.909151831
0.90198178
0.894292654
0.885995037
0.877075548
0.867569296
0.85733057
0.84638637
0.834846288
0.822658261
0.809840267
0.796498092
0.782494095
0.767727326
0.752324495
0.73597071
0.718658794
0.700486142
0.681286354
0.661282236
0.640306761
0.61809367
0.59438361
0.5692047
0.542470642
0.514188162
0.48432986
0.452704287
0.419413779
0.384892893
0.349421906
0.313376585
0.277208319
0.241568803
0.206797556
0.173604687
0.142630641
0.114250362
0.089134255
0.067675664
0.049838908
0.035607515
0.024737959
0.016781346
0.011136058
0.007233141
0.985403999
0.984778146
0.984128835
0.983473483
0.982817796
0.982158096
0.981485908
0.980775543
0.980024582
0.979227548
0.978385804
0.977498422
0.976561421
0.975560855
0.974494146
0.973354666
0.972106525
0.970744409
0.969228431
0.96755401
0.965724969
0.963685749
0.961446721
0.95899207
0.956303056
0.95337292
0.950119279
0.946535452
0.942599523
0.938272051
0.933520059
0.928321023
0.922687379
0.916596947
0.910040818
0.902954244
0.895334035
0.887161612
0.878345107
0.868885319
0.858840254
0.848064287
0.836597177
0.824558041
0.811875089
0.798548119
0.784673051
0.770082536
0.754659854
0.738548498
0.721412101
0.703256276
0.684195971
0.664049049
0.643048411
0.620995665
0.597590567
0.572550095
0.545919507
0.517639557
0.487771643
0.456359355
0.423287968
0.388753367
0.353279112
0.317206984
0.280959135
0.245024972
0.21008788
0.176589163
0.145134235
0.116448116
0.090891557
0.069004149
0.050971004
0.036541566
0.025454629
0.017279032
0.01147636
0.007466133
0.985476752
0.984860998
0.984220946
0.983572265
0.982921628
0.98226551
0.981594891
0.980899798
0.980154219
0.979359084
0.978511887
0.977616286
0.976671811
0.97567323
0.974603227
0.973456755
0.97222488
0.970867456
0.969380345
0.967722348
0.965892796
0.963899982
0.961683707
0.959255785
0.956595985
0.953679865
0.950497613
0.946957702
0.943057969
0.938783182
0.934100752
0.928984434
0.923415456
0.91740786
0.910931278
0.903967822
0.896439374
0.888342376
0.879663811
0.870316639
0.860320337
0.849754958
0.838467952
0.826501607
0.813974237
0.800787226
0.786920781
0.772465398
0.757231663
0.741095447
0.724223125
0.706258226
0.687215638
0.667219783
0.64606426
0.623984554
0.600750376
0.576035355
0.549548199
0.521371213
0.491495701
0.46005752
0.427183853
0.392840877
0.357309398
0.321182776
0.284850524
0.248775314
0.213488491
0.179769805
0.147959375
0.118765424
0.092870971
0.070542871
0.052100739
0.037470104
0.026192587
0.01782488
0.011842953
0.007708297
0.985552463
0.984943947
0.98431377
0.98367372
0.983028855
0.982377092
0.981709669
0.981015901
0.98028693
0.979497834
0.978653086
0.977752231
0.976799687
0.975793886
0.974727146
0.973578147
0.972339619
0.971001395
0.96952053
0.967895762
0.966085423
0.96409277
0.961929229
0.959527212
0.956897793
0.954015008
0.950849304
0.947390533
0.94354166
0.939309335
0.934687702
0.929650533
0.924174545
0.918238879
0.911853736
0.904977541
0.897584511
0.88958798
0.880991507
0.871794917
0.861919969
0.851403946
0.840342678
0.828566368
0.816109938
0.803084383
0.789362797
0.774909885
0.759818422
0.743884787
0.726983109
0.709303785
0.69046671
0.670488677
0.64949452
0.627247978
0.603984695
0.57944946
0.553304866
0.525272455
0.495493728
0.464031209
0.431107017
0.396933884
0.361553398
0.32531746
0.288872653
0.252651175
0.21716039
0.183045914
0.150957723
0.121366062
0.094950645
0.072266719
0.053400768
0.038396082
0.026926483
0.018386963
0.012244099
0.007969023
0.985633234
0.98502961
0.984405968
0.983775531
0.983138849
0.982492238
0.981828771
0.981138064
0.980410338
0.979639313
0.978801333
0.97790354
0.976946018
0.975932429
0.974858915
0.97371473
0.972474678
0.971130321
0.969671876
0.968055054
0.966282607
0.964312087
0.962149377
0.959806773
0.957206667
0.954358368
0.951230783
0.947791766
0.944034861
0.939861087
0.935288554
0.930320376
0.92493296
0.919100289
0.912794072
0.906017972
0.898720205
0.890871974
0.882384921
0.873276803
0.863564331
0.853176899
0.842163516
0.83062632
0.81836841
0.805411004
0.791856763
0.777554193
0.7624598
0.746676437
0.72999151
0.712278474
0.693747654
0.673988477
0.653011475
0.630935282
0.607493399
0.582926392
0.556967985
0.529290464
0.499651635
0.468272014
0.435298491
0.401041127
0.365790277
0.32965308
0.2930408
0.256644851
0.220944583
0.186569725
0.154038889
0.12411794
0.097274607
0.074073626
0.054851099
0.039455884
0.027658746
0.018946885
0.012657647
0.008253884
0.985717674
0.985120642
0.984500671
0.983876016
0.983248853
0.982610253
0.981951607
0.981264701
0.980540075
0.979770293
0.978951947
0.978061722
0.977107983
0.976089828
0.975008992
0.9738587
0.972625289
0.971280628
0.969816708
0.968225796
0.966463104
0.964535402
0.962397857
0.960056806
0.957523242
0.954708089
0.95161973
0.948224419
0.944491161
0.940421134
0.93591528
0.931002856
0.925692412
0.919957464
0.913764096
0.907073925
0.899885263
0.892140696
0.88381526
0.874825314
0.865206774
0.854992346
0.8441129
0.832620131
0.820613401
0.807862303
0.794373253
0.780244538
0.765306837
0.74951585
0.732989725
0.715507552
0.696938453
0.677504927
0.656758769
0.634698321
0.611434437
0.586677086
0.560683063
0.533194319
0.50391591
0.472663637
0.439749628
0.405408694
0.370031187
0.333972484
0.297397548
0.260772939
0.224835415
0.190194226
0.157343341
0.126941916
0.099728812
0.076086255
0.056369392
0.0406345
0.028493065
0.019506448
0.013070699
0.008548165
0.985805614
0.985215292
0.984601109
0.983978836
0.983356863
0.982727951
0.982077423
0.981395246
0.980674433
0.979907879
0.9790908
0.978221888
0.977276633
0.976263146
0.975178346
0.974021408
0.97278278
0.971446847
0.96998403
0.968388403
0.966655348
0.964739292
0.962649742
0.960337037
0.957805895
0.955065025
0.952014256
0.948663689
0.944980542
0.940938602
0.93654893
0.931711404
0.926463102
0.920812793
0.914726134
0.908158792
0.901063331
0.89343733
0.885224231
0.87640922
0.866916813
0.856800277
0.846102624
0.834747306
0.822779967
0.810291531
0.797016653
0.782950601
0.768194127
0.752566977
0.736028971
0.718714148
0.700389433
0.680912689
0.660510052
0.638690984
0.615440777
0.590867408
0.564670706
0.537140194
0.50804767
0.477152134
0.444343273
0.410028077
0.374523794
0.338288534
0.301732364
0.265077464
0.228849994
0.193915472
0.160738363
0.12996411
0.10224594
0.078209158
0.058056254
0.041867654
0.029418572
0.020141411
0.013484438
0.00884312
0.985896128
0.98531343
0.984705147
0.984087779
0.983467057
0.982842991
0.98220259
0.981528886
0.980812877
0.980050239
0.979236553
0.978368954
0.977446863
0.976442949
0.975363918
0.974203837
0.972959457
0.9716194
0.970167638
0.968574671
0.966837721
0.964955241
0.962879299
0.960620037
0.958120676
0.955383405
0.952415456
0.949107663
0.945475576
0.941490835
0.937133966
0.93242535
0.927259974
0.921677846
0.915683302
0.909231749
0.902269491
0.89474436
0.886659607
0.877965448
0.868660686
0.858676862
0.848079242
0.836912807
0.825085036
0.812630062
0.799629491
0.785786114
0.771090449
0.755652706
0.73928609
0.721955213
0.703805948
0.684586145
0.664134936
0.642675662
0.619675905
0.595113202
0.569104061
0.541356852
0.512212503
0.481492469
0.449025424
0.414782481
0.379259842
0.342846924
0.306059156
0.269357522
0.2330289
0.197750592
0.164221133
0.133067644
0.104935905
0.080386704
0.059834748
0.043235251
0.030387026
0.020844387
0.013952206
0.009139409
0.985989947
0.985413869
0.984812687
0.984200324
0.983583763
0.98296007
0.982324436
0.981661537
0.980954535
0.980196875
0.97938725
0.978523246
0.977602577
0.976623916
0.97555577
0.974402803
0.973156325
0.97181161
0.970356994
0.968777617
0.967044997
0.965159471
0.963121248
0.960877665
0.958437559
0.955735908
0.9527732
0.949557709
0.945974335
0.942047627
0.937755459
0.933084317
0.928060594
0.92256914
0.916648579
0.910296682
0.903459665
0.896078629
0.888102647
0.879546527
0.870370409
0.86058577
0.850125731
0.839059693
0.827426623
0.815112583
0.802139327
0.788582656
0.774119076
0.758740899
0.742572305
0.725420321
0.707250609
0.6882136
0.668030727
0.64651725
0.623891782
0.59958679
0.573583676
0.546023893
0.516645745
0.485858154
0.453546998
0.419618319
0.384124154
0.347639815
0.31061815
0.273627328
0.237183511
0.201737884
0.167808297
0.13625071
0.107698559
0.082711916
0.061660319
0.044677205
0.031459544
0.021580354
0.014469139
0.009473159
0.986089474
0.985517451
0.984922286
0.984316407
0.983704097
0.98308406
0.982448184
0.981790192
0.981094858
0.980346855
0.97954243
0.978682668
0.977765868
0.976788865
0.975748344
0.974607826
0.973370059
0.972024506
0.970566498
0.968985677
0.967269359
0.965389912
0.963349516
0.961148024
0.958725871
0.956089798
0.953167118
0.949959077
0.946478474
0.942607039
0.938380268
0.93378142
0.928799553
0.923462398
0.917640107
0.91136801
0.904638504
0.897392636
0.889572026
0.881132431
0.872103403
0.862453927
0.852203113
0.841277856
0.829744168
0.81763002
0.804799035
0.791263843
0.777100381
0.76196448
0.745854587
0.728909193
0.710925367
0.69186313
0.671869486
0.650634529
0.62794898
0.604030696
0.578289938
0.550728795
0.521532412
0.49048927
0.458087605
0.424284655
0.389064189
0.352555022
0.315401901
0.278118253
0.241327989
0.205703337
0.171535386
0.1395288
0.110532815
0.085101524
0.063609152
0.046159038
0.032590968
0.02239449
0.015010756
0.009841335
0.986209044
0.98562629
0.985034913
0.984434344
0.983828027
0.983211731
0.982579258
0.981920624
0.981230493
0.980495138
0.979701092
0.978846793
0.97793449
0.976961759
0.975923306
0.974813095
0.973589597
0.972254603
0.970797202
0.96921439
0.967498136
0.965637848
0.963605349
0.961402628
0.959027254
0.956411748
0.953561639
0.950398726
0.946928354
0.94317103
0.939006453
0.934480446
0.929578305
0.92428703
0.918631696
0.912465555
0.905821929
0.898691844
0.891016686
0.882743753
0.873838295
0.864343795
0.854233093
0.843525625
0.832134648
0.820118106
0.807492248
0.794101141
0.77995391
0.765132471
0.749275487
0.732387921
0.714618787
0.695748619
0.675724585
0.654684368
0.632286236
0.608301477
0.582957019
0.555659018
0.526449462
0.495574941
0.462889877
0.42896526
0.39382974
0.357541454
0.320302709
0.282823394
0.245681336
0.209660607
0.175244827
0.142934264
0.113452877
0.087554832
0.065614072
0.047741181
0.033755399
0.02325398
0.015609283
0.010227433
0.986687482
0.985755214
0.985152359
0.984555237
0.983953636
0.983343069
0.98271408
0.982058811
0.981367781
0.980638014
0.979857681
0.979014555
0.978108054
0.977140204
0.976106603
0.974999069
0.973808876
0.972490219
0.971045451
0.969464845
0.967748094
0.965889445
0.963879094
0.961686194
0.959310694
0.956747103
0.953920667
0.950838117
0.947418671
0.943674812
0.939636298
0.935179462
0.930357449
0.9251531
0.919547416
0.913561161
0.907031503
0.899993731
0.892442929
0.884325704
0.875597685
0.866232605
0.85628329
0.845719339
0.834553637
0.822681095
0.810150942
0.79697074
0.782970099
0.768160249
0.752632631
0.736008579
0.718296036
0.699647899
0.679821225
0.658745127
0.636546286
0.612856268
0.587437891
0.560541602
0.531590355
0.500684643
0.468145729
0.433902932
0.398606363
0.362352441
0.325271345
0.287640689
0.250237462
0.213813433
0.178949334
0.146327428
0.116487151
0.090084569
0.067674808
0.049371185
0.034999212
0.024140061
0.016241688
0.01065361
0.987147212
0.986242728
0.985289946
0.984680523
0.984082158
0.983475924
0.982852649
0.982200824
0.981513272
0.980782417
0.980008105
0.979179849
0.978285424
0.977323841
0.976295677
0.975193782
0.97400708
0.97272503
0.971298904
0.969733203
0.968020368
0.966162771
0.964155688
0.96198809
0.959624531
0.95706221
0.954293421
0.951238238
0.947907776
0.944221216
0.94019962
0.935881103
0.931135065
0.926017902
0.920506221
0.914573354
0.908237028
0.901321681
0.893869848
0.885885498
0.877322925
0.868145033
0.858329497
0.847931918
0.836911954
0.825271685
0.812886788
0.799800753
0.786017605
0.771357493
0.755837212
0.739557491
0.722118585
0.703525286
0.683927085
0.663052747
0.640812216
0.617324819
0.592206228
0.565226494
0.536676395
0.50601653
0.473420538
0.4392909
0.403634573
0.367172868
0.3300676
0.292523489
0.254900983
0.218156487
0.182834954
0.149719802
0.119514992
0.09271488
0.069802241
0.051048949
0.036282734
0.02508707
0.016894804
0.011104293
0.987590461
0.986711079
0.985785864
0.984825991
0.984214648
0.98361167
0.982992575
0.982346663
0.981662672
0.980935498
0.98015993
0.979338174
0.97845991
0.977511466
0.976490213
0.975394511
0.974214438
0.972936882
0.971550962
0.970006412
0.968310915
0.966459013
0.964454573
0.962291966
0.959957111
0.957409183
0.954643487
0.951652394
0.948353588
0.944765347
0.940807762
0.936509565
0.931914163
0.926879537
0.921461982
0.915630302
0.909351295
0.902643373
0.895322733
0.887443893
0.879022156
0.870018452
0.860398532
0.850137649
0.839287949
0.827795042
0.815649552
0.802710464
0.789020518
0.774585237
0.759218214
0.742941675
0.725861685
0.707551335
0.688005652
0.667365339
0.645330027
0.62179466
0.596880126
0.570201687
0.541555109
0.511287769
0.478915629
0.444694119
0.409107087
0.372238432
0.334873081
0.297240642
0.259628388
0.222602441
0.186897221
0.153277543
0.122546457
0.095344505
0.072016431
0.052783523
0.037606029
0.026066011
0.017593231
0.011570527
0.988017901
0.987162745
0.986262176
0.98532955
0.984367345
0.983750961
0.983135389
0.982493706
0.981815985
0.981092581
0.980320937
0.979497773
0.978626578
0.97769577
0.976688921
0.975600973
0.974428059
0.973158318
0.971778056
0.970277592
0.968605923
0.966773911
0.964777005
0.962618705
0.960290742
0.9577753
0.955026919
0.952041259
0.948813717
0.945261908
0.941412454
0.937185047
0.932613113
0.927741416
0.922412836
0.916682329
0.910512021
0.903865613
0.896767044
0.889028145
0.88071786
0.871861941
0.862423677
0.852365561
0.841654369
0.830335089
0.81833857
0.805646633
0.792105959
0.777763478
0.762629041
0.746509311
0.729428142
0.711490557
0.692236235
0.671645599
0.649848937
0.626521039
0.601551207
0.575075265
0.54672635
0.516344341
0.484346003
0.450315397
0.414592665
0.377739337
0.339916113
0.30196819
0.264200486
0.22711095
0.191057414
0.156997194
0.125726464
0.097981812
0.074234678
0.054591094
0.038976357
0.027077018
0.01831645
0.012069347
0.988430174
0.987598419
0.986721618
0.985813077
0.984877902
0.983910461
0.983281318
0.982643644
0.981970347
0.98125367
0.980486053
0.979667098
0.978794386
0.97787136
0.976883847
0.975811796
0.974647692
0.973386271
0.972015177
0.970521667
0.968898219
0.967092843
0.965118485
0.962969639
0.960647816
0.958141472
0.955429874
0.952465018
0.949245773
0.945773024
0.941965047
0.937855782
0.933361269
0.928515888
0.923362601
0.917727602
0.911665835
0.90513607
0.898103361
0.890601425
0.882439341
0.873699761
0.864414962
0.854544706
0.844042497
0.832862955
0.821043474
0.808502551
0.795217595
0.781027289
0.765985581
0.750106214
0.733185093
0.715241656
0.696373021
0.676081214
0.654330908
0.631245063
0.606483108
0.579942547
0.551790024
0.521694873
0.489556972
0.455869853
0.420293689
0.383252626
0.345382426
0.306924362
0.268785153
0.231477415
0.19527902
0.160809253
0.129052259
0.100749892
0.076463886
0.056406169
0.040406363
0.028125727
0.019064673
0.012586711
0.988827941
0.988018769
0.987164918
0.986279585
0.985368037
0.984427612
0.983447453
0.982796268
0.982127628
0.981415654
0.980655278
0.979840646
0.978972498
0.978047942
0.977069111
0.976018341
0.974871857
0.973620505
0.972259068
0.97077622
0.969161112
0.96740832
0.965463518
0.963340013
0.961029741
0.958531658
0.955831803
0.952908645
0.94971426
0.946253085
0.942532372
0.938469646
0.934103274
0.929341736
0.924217409
0.91877037
0.912810944
0.906397504
0.899489711
0.892057809
0.884147369
0.875563333
0.866398469
0.856686104
0.846377022
0.835412268
0.823733734
0.811373743
0.798242489
0.784317205
0.769430909
0.753644181
0.736970875
0.719190178
0.700310708
0.680416518
0.658971533
0.635928029
0.611409712
0.585074496
0.556844593
0.52693333
0.495062422
0.461203074
0.425927781
0.388978155
0.350861786
0.312288353
0.273588149
0.235859398
0.199374433
0.164681306
0.13246437
0.10364676
0.078805572
0.058234183
0.041845748
0.029221734
0.019842038
0.013122825
0.989211608
0.988424474
0.987592771
0.986729832
0.98584103
0.984923975
0.983971039
0.982969085
0.982287154
0.981580591
0.98082524
0.980018414
0.979154951
0.97823543
0.977255199
0.976214221
0.975091209
0.973859426
0.972509502
0.971037793
0.969434942
0.967691944
0.965804295
0.963713408
0.961431485
0.958947353
0.956258303
0.953350061
0.950202913
0.94677111
0.943065463
0.939098354
0.934783409
0.930159925
0.925125761
0.919710305
0.913952049
0.907648176
0.900864803
0.89356611
0.885729298
0.87741094
0.868407788
0.858817673
0.848669975
0.837903197
0.826445389
0.814227947
0.801282206
0.787513901
0.772902377
0.757274262
0.740693227
0.723167217
0.704452591
0.684542354
0.663505854
0.64077291
0.61629168
0.590198743
0.56216717
0.532160733
0.500452984
0.466830264
0.431342033
0.394638722
0.356549372
0.317667336
0.278780024
0.240448013
0.20348863
0.168444857
0.135934392
0.106622591
0.081258421
0.060156355
0.043298809
0.030327623
0.020655593
0.013680638
0.989581631
0.988815919
0.988005863
0.987164526
0.986297657
0.985403081
0.984473478
0.983499148
0.982466849
0.981747309
0.980998192
0.980196752
0.979341742
0.978427379
0.977452811
0.976410735
0.975298839
0.974092958
0.972764762
0.971306163
0.969716046
0.96798697
0.966110627
0.964081692
0.96183567
0.959383237
0.956710975
0.953816582
0.950688051
0.947309542
0.943638029
0.939689458
0.935478438
0.930911043
0.926024855
0.920705981
0.914982091
0.908893261
0.90222697
0.895060818
0.887365107
0.879122976
0.870398657
0.860975286
0.85095118
0.840348811
0.829093933
0.817103711
0.804302701
0.790725138
0.776274197
0.760930669
0.744511129
0.727076589
0.708622839
0.688878994
0.667820995
0.645506096
0.621338806
0.595275473
0.567480337
0.537658872
0.505831585
0.472341659
0.437048448
0.400084161
0.362175949
0.323249552
0.283989726
0.245403366
0.207796196
0.172230474
0.139314649
0.109653591
0.083781977
0.062172091
0.04482835
0.031446559
0.021478411
0.014265125
0.989938583
0.989193555
0.988404556
0.987584362
0.986738637
0.985865723
0.984958547
0.984007702
0.983003576
0.981934168
0.981172437
0.980378121
0.979528924
0.978623786
0.977655
0.976619404
0.975506886
0.974313653
0.973014016
0.971579487
0.970004198
0.968289525
0.966428832
0.964412802
0.962233831
0.959820925
0.957184183
0.954309933
0.9511988
0.947843025
0.94423117
0.940321518
0.936132325
0.931677054
0.926851481
0.921690717
0.916070119
0.910018665
0.903581898
0.896540337
0.888984906
0.880890987
0.872244263
0.86311201
0.853258829
0.842780891
0.831693506
0.819911681
0.80734512
0.793914987
0.779660414
0.764481117
0.748355671
0.731085002
0.712721444
0.693244006
0.67235338
0.650011192
0.626269529
0.600520534
0.572743881
0.543146718
0.511482879
0.477841275
0.442640324
0.405818523
0.367595455
0.328776499
0.289396452
0.250380085
0.212444935
0.176194548
0.142719714
0.112613307
0.086356753
0.064249429
0.046434296
0.032625764
0.022312797
0.014857597
0.990283013
0.989557977
0.988789298
0.98798968
0.987164676
0.986312634
0.985427059
0.984498777
0.983518426
0.982477834
0.981366796
0.98056027
0.979719182
0.978820393
0.977861768
0.976832753
0.975727729
0.974534517
0.973249244
0.971846136
0.970297415
0.968599376
0.966754819
0.964756256
0.962591953
0.960251613
0.957658492
0.954824146
0.951737019
0.948402579
0.944817799
0.940974248
0.936828611
0.932398222
0.927692951
0.922597371
0.917145439
0.911204364
0.904808105
0.8980109
0.890587184
0.882640527
0.874148106
0.865093616
0.855543262
0.845240036
0.834277896
0.822667092
0.810315094
0.797127328
0.783023195
0.768045947
0.752088102
0.735120507
0.716922659
0.697533752
0.676914378
0.654739771
0.630964179
0.60564536
0.578178924
0.548583792
0.51712392
0.48361468
0.44822174
0.411441701
0.373298971
0.334107699
0.294755277
0.255546301
0.217118899
0.180471038
0.146286851
0.115599876
0.088877579
0.066372865
0.048092327
0.033865443
0.023193079
0.01545962
0.990615454
0.989909755
0.989160707
0.988380926
0.987576095
0.986744531
0.985879761
0.984973202
0.984015684
0.982999241
0.981917726
0.980762507
0.979909674
0.979020116
0.978068525
0.977050793
0.975953336
0.97476882
0.973484361
0.972097494
0.970583231
0.968914378
0.967088334
0.965107738
0.962962884
0.960639252
0.958124749
0.955338668
0.952296385
0.948990213
0.945430901
0.941618771
0.937545588
0.9331632
0.928485719
0.923518786
0.918136819
0.912375503
0.906097
0.899343294
0.892178742
0.884370171
0.876031005
0.86713592
0.857662554
0.847673754
0.836890203
0.825405806
0.813228984
0.800262593
0.786409175
0.771585396
0.755835042
0.739037972
0.721151578
0.701929713
0.68139685
0.659497432
0.63588834
0.61052722
0.583490874
0.554195425
0.52271417
0.489378913
0.4540769
0.417056936
0.378896835
0.339716006
0.299932727
0.260673168
0.221973259
0.184776395
0.150134544
0.118730611
0.091426025
0.068457604
0.049790472
0.035147477
0.024119607
0.016095315
0.990936293
0.990249439
0.98951938
0.988758749
0.987973342
0.987161718
0.986317382
0.985431738
0.984496197
0.983502936
0.98244599
0.981321061
0.980120227
0.979219488
0.978278415
0.977268579
0.976183724
0.975007941
0.973733552
0.972348412
0.970852399
0.969221189
0.967427054
0.965466956
0.963342072
0.961040143
0.958544773
0.955843987
0.952855161
0.949599219
0.946072642
0.942290094
0.938252523
0.933948812
0.929323686
0.924387466
0.919142846
0.91345656
0.907369382
0.900740845
0.893622279
0.88608731
0.877891636
0.869154836
0.85984525
0.849932134
0.839474989
0.828173502
0.816124769
0.803338313
0.789713499
0.775148892
0.759554749
0.742970215
0.725256802
0.706354156
0.685989199
0.664173712
0.640842312
0.615644331
0.588554296
0.559682332
0.528481916
0.495093586
0.459925138
0.422944594
0.384490325
0.345226274
0.305378216
0.265635437
0.226797576
0.189251212
0.154014301
0.122107994
0.094099795
0.070569396
0.051462346
0.036463125
0.025079338
0.016765107
0.991245769
0.990577404
0.989865885
0.989123772
0.988357097
0.98756465
0.986740214
0.985875133
0.984960744
0.983989791
0.982956417
0.981856517
0.980686829
0.979438898
0.978487343
0.977489498
0.976413586
0.975251914
0.973987589
0.97261404
0.971120752
0.969509908
0.967756739
0.965831402
0.963729179
0.9614495
0.958978471
0.956299701
0.953403475
0.950206622
0.94673591
0.942990565
0.938986525
0.934722434
0.930182165
0.925302726
0.920091912
0.914552129
0.908545252
0.902119854
0.895133557
0.887646215
0.879738005
0.871149156
0.862002175
0.852256905
0.841874039
0.830911699
0.819050835
0.806394626
0.792954898
0.778626217
0.763299502
0.746873532
0.729377228
0.710649643
0.690611018
0.668963667
0.645712586
0.620792326
0.593858407
0.564916815
0.534124718
0.500988432
0.465726352
0.428828571
0.390353316
0.350736634
0.310735189
0.270854617
0.231476327
0.193705673
0.158050637
0.125519543
0.096985158
0.072787266
0.053159327
0.037762138
0.026066051
0.017459899
0.991544325
0.990893854
0.990200568
0.98947656
0.98872799
0.987954022
0.987148705
0.986303656
0.985410087
0.984460601
0.983449909
0.982374013
0.981229879
0.980014077
0.978716293
0.977708818
0.976646564
0.975495068
0.974246541
0.972884525
0.971404467
0.969797401
0.968066814
0.966185921
0.964121509
0.961866939
0.959420832
0.956769492
0.953898617
0.950802193
0.947396452
0.943712644
0.939750132
0.935523336
0.931026596
0.92623833
0.921088957
0.915586304
0.909735481
0.903395625
0.896624202
0.889275587
0.88141561
0.873127529
0.864132259
0.854553607
0.844342776
0.833453559
0.821945512
0.809482707
0.7961757
0.782037352
0.766953716
0.750803018
0.733467236
0.714960904
0.695099016
0.673784302
0.650700417
0.625854964
0.599194928
0.570397009
0.539513207
0.506759775
0.471710053
0.434669481
0.396216882
0.356511785
0.31609743
0.275996205
0.236398377
0.198035164
0.162076066
0.129072925
0.099905414
0.075181806
0.054943584
0.039083164
0.027042926
0.018175401
0.99183242
0.991199245
0.990523604
0.989817444
0.989086597
0.988330476
0.98754357
0.986717752
0.985844473
0.984916142
0.983927274
0.98287447
0.981754837
0.980565222
0.979300712
0.977948149
0.976877279
0.975741297
0.974504347
0.973159973
0.97169302
0.97010091
0.96837521
0.966519237
0.964502967
0.962289562
0.959871401
0.957248108
0.954408199
0.951340813
0.948043669
0.944430761
0.940535363
0.936354251
0.931898478
0.927157724
0.922106145
0.916669887
0.910859665
0.904685604
0.898004616
0.890882209
0.883166575
0.874926309
0.866244809
0.856821309
0.846781233
0.836068706
0.824633046
0.812537606
0.799429915
0.785426784
0.770538602
0.754637804
0.737584672
0.719240454
0.699603577
0.678466727
0.655720399
0.631039141
0.604445113
0.575911579
0.545151869
0.512277248
0.477573481
0.440694642
0.402042602
0.362292565
0.32171763
0.281148676
0.24125492
0.202591766
0.165997793
0.132623893
0.102951124
0.07761033
0.056871084
0.04047378
0.02803819
0.018885534
0.992110407
0.991494059
0.990835475
0.990146583
0.989433246
0.988694614
0.987925476
0.987118162
0.986264348
0.985356639
0.984389302
0.983358715
0.982262648
0.981098133
0.979860581
0.978542614
0.977127985
0.975984556
0.974765153
0.9734339
0.971986557
0.970409204
0.96870026
0.966850363
0.964861544
0.962700297
0.96032706
0.957735006
0.954926715
0.951894181
0.948629943
0.945133933
0.941315277
0.937206743
0.932800747
0.928104694
0.923104827
0.917773365
0.912034719
0.905904645
0.899399081
0.892371346
0.884892679
0.876801563
0.868166633
0.859070002
0.849188622
0.838651427
0.827397744
0.815374374
0.802649237
0.788851422
0.774100779
0.758400255
0.741603453
0.723548886
0.704075395
0.683166754
0.660598385
0.636257262
0.609820955
0.581339784
0.550827404
0.518048634
0.483186066
0.4466046
0.408053622
0.368041914
0.327349168
0.286550202
0.246128103
0.207095604
0.170127841
0.13609217
0.106001456
0.080146839
0.05883008
0.04197692
0.029086953
0.019610249
0.992378723
0.991778639
0.991136662
0.990464452
0.989768046
0.98904673
0.988295026
0.987505564
0.986670469
0.985782534
0.984836194
0.983827551
0.982754155
0.981613778
0.980402064
0.97911199
0.977733462
0.976247785
0.975022243
0.973710726
0.972278165
0.970722485
0.969030018
0.967198782
0.965217374
0.963086392
0.960769748
0.958226852
0.955453538
0.952456538
0.949231216
0.945771987
0.942078517
0.938052455
0.93372449
0.929082408
0.924131192
0.918855924
0.91322939
0.907176084
0.900717507
0.893874423
0.886493833
0.878649876
0.870168305
0.861116525
0.851575651
0.841201104
0.830127955
0.818292441
0.80563932
0.792239563
0.777700097
0.76213913
0.745547127
0.727754983
0.708577777
0.687833299
0.665495306
0.641330296
0.61523294
0.586897868
0.556417624
0.523859978
0.489055408
0.452269584
0.413956354
0.37397654
0.332956677
0.29196906
0.251238982
0.211621551
0.174218025
0.139747653
0.108988632
0.082693021
0.060879292
0.043507757
0.030221253
0.020374562
0.992637752
0.992053436
0.991427497
0.990771532
0.990091471
0.989386893
0.988652488
0.987880566
0.987063532
0.986194608
0.985268393
0.984281163
0.983230188
0.982113035
0.980926166
0.979662822
0.978313288
0.976865398
0.975299295
0.973983061
0.972572552
0.971033403
0.969364757
0.96755181
0.965591137
0.963469139
0.961185952
0.958704567
0.955985107
0.953027169
0.949841474
0.946425231
0.942772296
0.938879674
0.934639909
0.930081464
0.925188664
0.91996626
0.914400603
0.908466844
0.902089935
0.895296182
0.8881089
0.880365596
0.872141036
0.863246579
0.853748725
0.843729202
0.832823208
0.821174015
0.808715055
0.795387333
0.781261438
0.765917224
0.749466533
0.731883439
0.712974423
0.692532309
0.670358346
0.646423976
0.62049766
0.592494796
0.562142068
0.52958826
0.494968397
0.458193044
0.419622908
0.379811626
0.338748091
0.297371929
0.256373213
0.216371155
0.178335086
0.143375473
0.112140184
0.085193356
0.06294101
0.045111469
0.031378663
0.021201577
0.992887736
0.992318858
0.991708478
0.991068187
0.990404044
0.989715606
0.988997911
0.988243427
0.987444157
0.986593573
0.985686701
0.984719984
0.983690898
0.982596739
0.981433775
0.980196139
0.978874391
0.977456755
0.975930289
0.974275335
0.972861613
0.971346936
0.969696647
0.967909778
0.965969359
0.96387043
0.961598135
0.959153837
0.956501279
0.953602252
0.950459892
0.947087379
0.943481381
0.939632914
0.935534903
0.931070549
0.926267306
0.921108063
0.915599671
0.909731462
0.903481378
0.896773632
0.889637196
0.882095297
0.873973343
0.865345765
0.856009316
0.846031182
0.835495771
0.824018795
0.811752331
0.798625272
0.784571309
0.769655995
0.753427331
0.7359871
0.717291193
0.697122579
0.675256077
0.651483794
0.625785088
0.597943269
0.567908541
0.535455186
0.500801957
0.464164319
0.425548233
0.385422309
0.344450415
0.302955973
0.261499848
0.221149775
0.182659018
0.147033743
0.11527484
0.087834102
0.06497118
0.046728603
0.032592822
0.022046887
0.993128962
0.992575131
0.991980037
0.99135496
0.990706152
0.990033427
0.989331823
0.988594169
0.987812586
0.98698006
0.986091845
0.985144833
0.984136704
0.983065003
0.981925736
0.980712837
0.979417815
0.978029178
0.97653437
0.974921048
0.973170576
0.971654247
0.970030937
0.968264351
0.966352437
0.964275977
0.962029433
0.959598319
0.956986904
0.954160552
0.951082366
0.947757472
0.94419921
0.940401505
0.936351214
0.932037162
0.927334214
0.922270828
0.916830568
0.911024006
0.904843865
0.898269798
0.891222988
0.88373263
0.875819822
0.867296494
0.858237197
0.848424971
0.837929667
0.826839839
0.814751036
0.801822836
0.787975997
0.77313233
0.757347643
0.740134513
0.721582845
0.701631072
0.680042443
0.656580829
0.631039219
0.603417037
0.573526709
0.541367866
0.506778422
0.470061149
0.431525926
0.391290325
0.349943033
0.308462514
0.266803045
0.225929103
0.18701669
0.150879502
0.118441954
0.090466815
0.067117808
0.04832524
0.033819769
0.022934701
0.993361769
0.992822538
0.99224238
0.991632302
0.990998383
0.990340769
0.989654821
0.988933349
0.988168821
0.987354297
0.986484468
0.985556459
0.98456845
0.983518239
0.982402126
0.981213773
0.979944475
0.978583734
0.977119281
0.975539146
0.973832421
0.971981412
0.970358061
0.968621071
0.966731527
0.964686253
0.962464725
0.960062451
0.957466886
0.95468607
0.951686553
0.948431129
0.944924684
0.941178605
0.937182865
0.932920191
0.928376497
0.923419993
0.918082199
0.912348766
0.906234359
0.899734092
0.892827243
0.885429426
0.877568212
0.869261742
0.860308376
0.850784287
0.840459969
0.829409331
0.817725069
0.804980112
0.791338476
0.776708243
0.760994782
0.744240451
0.72592078
0.70611436
0.684745541
0.661564451
0.636333473
0.608858711
0.579173276
0.547133902
0.512804984
0.476104981
0.43743558
0.397215376
0.355689381
0.313776474
0.272041375
0.230878205
0.191382777
0.15476244
0.121775079
0.093132107
0.06926289
0.05001541
0.035034134
0.023833556
0.993586458
0.993061414
0.992495768
0.991900385
0.991281193
0.990638252
0.989967334
0.989261594
0.98851344
0.98771626
0.986864785
0.985955519
0.984986907
0.983957319
0.982863352
0.981698993
0.980455245
0.979121365
0.977686118
0.976137809
0.974465899
0.97266085
0.970704988
0.968969638
0.967112473
0.965091902
0.962904582
0.960530253
0.957967006
0.95520499
0.952255589
0.949084888
0.945653139
0.941962977
0.938022736
0.9338185
0.929330053
0.92454225
0.919318252
0.913694017
0.907657499
0.901226517
0.894396644
0.887144513
0.879378233
0.871123044
0.862394582
0.852978417
0.842954106
0.8320801
0.820434358
0.808111873
0.794659037
0.780240207
0.764746323
0.748062743
0.730216488
0.710646668
0.689423691
0.666463792
0.64151296
0.614343904
0.584789745
0.55293205
0.518688215
0.482203762
0.443495893
0.403080179
0.36149752
0.319338547
0.277106593
0.235775718
0.195909461
0.158660387
0.125146964
0.095940507
0.071438959
0.051708149
0.036321028
0.024725197
0.993803318
0.993292056
0.992740527
0.992159431
0.991554701
0.990926321
0.990270002
0.989579347
0.988847106
0.988066558
0.98723275
0.986342222
0.98539276
0.984383049
0.983310327
0.98216891
0.980950148
0.979642971
0.978235856
0.97671818
0.975079663
0.973311134
0.971403532
0.969337957
0.967484247
0.965499084
0.963339128
0.961002424
0.958470418
0.955744495
0.952816988
0.949701019
0.946359991
0.94274968
0.93886945
0.934724703
0.930298813
0.925570388
0.920525006
0.915021624
0.909100912
0.902752095
0.895994374
0.88882173
0.881206486
0.873048381
0.864370849
0.855188266
0.845274334
0.834713072
0.823250036
0.81096551
0.797953346
0.783728751
0.768452338
0.751994413
0.734218445
0.715136305
0.694153849
0.671338812
0.646607796
0.619713798
0.590453604
0.558702952
0.524607923
0.488164326
0.449616307
0.409098568
0.3672543
0.324966841
0.282411706
0.240521485
0.20039778
0.162707124
0.128538821
0.098787291
0.073734686
0.053428717
0.037612612
0.025670916
0.994012609
0.993514755
0.992976946
0.992409759
0.9918191
0.991205052
0.990563266
0.989887271
0.989170275
0.988405884
0.987589
0.986716494
0.985786206
0.984796137
0.983743886
0.982624476
0.981429601
0.980148547
0.978769421
0.977281265
0.975674902
0.973941405
0.972072092
0.970057187
0.967875712
0.965896029
0.963774842
0.961468535
0.958977944
0.956286844
0.953399359
0.950308377
0.947026631
0.943512987
0.939717773
0.935637271
0.931275107
0.926613628
0.921631955
0.916317418
0.910524521
0.904297757
0.897625874
0.890527585
0.882993835
0.874992039
0.866413811
0.857282019
0.847611135
0.837163195
0.826026346
0.813930841
0.800956034
0.787190424
0.772113584
0.755879137
0.738334881
0.71932252
0.698841217
0.676269167
0.651679368
0.624999448
0.596002719
0.564525711
0.530504189
0.494166326
0.45560555
0.415182413
0.373166638
0.330553467
0.287786877
0.245495952
0.204756937
0.166728076
0.132065352
0.101657039
0.076066566
0.055246133
0.038927784
0.026621894
0.994214594
0.993729768
0.993205321
0.992651656
0.992074702
0.991474607
0.990847159
0.990185804
0.989483631
0.988734707
0.987934262
0.987078999
0.98616714
0.985196765
0.984164761
0.983066552
0.981894588
0.980638511
0.97928678
0.977828016
0.976252648
0.974552893
0.97272032
0.970745563
0.968617326
0.966312593
0.964199194
0.961935393
0.959478595
0.956832985
0.953984042
0.950937029
0.947683273
0.94423339
0.940540824
0.936550664
0.932257234
0.927664012
0.922753888
0.917507424
0.9119137
0.905821398
0.899277336
0.892267967
0.884810273
0.876891741
0.868475322
0.859445392
0.84982553
0.83963088
0.828610681
0.816855294
0.804075892
0.790346946
0.77574746
0.759717906
0.742403151
0.723628443
0.703216004
0.681156997
0.656809972
0.630263477
0.601468893
0.570235469
0.536457271
0.500149647
0.461641642
0.421143987
0.379149627
0.336296472
0.293130752
0.250543268
0.209330509
0.170642682
0.135577127
0.104645338
0.078422195
0.057095808
0.040318591
0.02759179
0.994409477
0.993937359
0.99342591
0.992885425
0.992321798
0.991735297
0.991121816
0.990474936
0.989787612
0.98905374
0.988269018
0.987430504
0.986536254
0.985584794
0.984573117
0.983495896
0.982346005
0.981113884
0.979788348
0.978358362
0.976813878
0.975146665
0.973349487
0.971413262
0.96932717
0.967078475
0.964643075
0.9623897
0.959979501
0.957371348
0.95457213
0.95156738
0.948361472
0.944942489
0.941318165
0.937436809
0.933239343
0.928719658
0.923882546
0.91871229
0.913190797
0.90730791
0.90090452
0.89402828
0.886662154
0.878821143
0.870489811
0.86162767
0.852112693
0.84196968
0.831213693
0.819578497
0.80715343
0.79362626
0.779062712
0.763528982
0.746424464
0.727885199
0.707715916
0.685723771
0.661898827
0.635590601
0.606915756
0.575864674
0.542300537
0.506195212
0.467664723
0.427158091
0.3850211
0.342115028
0.298630169
0.255569958
0.213978342
0.174754278
0.139004553
0.107627889
0.080878998
0.058968141
0.041736666
0.028618442
0.99459752
0.994137728
0.993638986
0.993111339
0.99256071
0.991987429
0.991387558
0.990754783
0.990082169
0.98936342
0.988594012
0.987771502
0.986894354
0.985960945
0.984968779
0.983912648
0.982784623
0.981575584
0.980275178
0.978872713
0.977358482
0.975723714
0.973960686
0.972061594
0.970015962
0.96781162
0.965435364
0.962863408
0.960466587
0.957909403
0.955151448
0.952200667
0.94904067
0.945673332
0.942082807
0.938274315
0.934192119
0.929774372
0.92501585
0.919923429
0.914482645
0.908675752
0.902491806
0.895762048
0.88853407
0.880787097
0.872534781
0.863759843
0.854419252
0.844384621
0.833681176
0.822321599
0.810020363
0.796861895
0.78250649
0.767008047
0.750417962
0.732094258
0.712165948
0.690421272
0.666659034
0.640877404
0.612430251
0.581477676
0.548066859
0.512135641
0.473755837
0.433165745
0.390950812
0.347834255
0.304209307
0.260749237
0.218615762
0.178939673
0.142608803
0.110546109
0.083336617
0.060923858
0.04317482
0.029666915
0.994779017
0.994331141
0.993844736
0.993329667
0.992791715
0.992231336
0.9916447
0.99102567
0.990367396
0.989663656
0.988909677
0.988102768
0.987241946
0.986326065
0.985352497
0.984316599
0.983210568
0.982024409
0.980748218
0.979372165
0.977886867
0.976283893
0.974554935
0.972691683
0.970685055
0.968523308
0.966193893
0.96368453
0.960972907
0.958432285
0.955729807
0.952824109
0.949722257
0.946404406
0.94286934
0.939097638
0.935093182
0.930797552
0.92614725
0.921138571
0.915780312
0.910058258
0.903953565
0.897453099
0.890377176
0.882773326
0.874617611
0.865923436
0.856672578
0.84681955
0.836228359
0.82492241
0.812908488
0.799877537
0.785905348
0.77062151
0.754066201
0.736275606
0.716567837
0.695068555
0.671555809
0.645829131
0.617906577
0.58716328
0.553820889
0.518004062
0.479748095
0.439247303
0.396881286
0.353617251
0.309702629
0.266011339
0.223400435
0.183124064
0.146284314
0.113618908
0.085747252
0.062884467
0.04467916
0.03073201
0.994954198
0.994517898
0.994043418
0.993540568
0.993015064
0.992467283
0.991893574
0.991287913
0.990643617
0.989954515
0.989215882
0.988424738
0.987579841
0.986680678
0.985725163
0.984708533
0.983623593
0.982460466
0.981208294
0.979857694
0.978400171
0.976827612
0.975132052
0.973304573
0.971335608
0.969214935
0.966930521
0.964470806
0.961825553
0.958974182
0.956291559
0.953445867
0.950392849
0.947137265
0.943655263
0.939942963
0.935978493
0.931765784
0.927244798
0.922350784
0.917081306
0.911446147
0.905429962
0.899011519
0.892174722
0.884728497
0.876721117
0.868126411
0.858958427
0.849198083
0.838796233
0.827606633
0.815647503
0.802915772
0.789074838
0.774188938
0.757854863
0.740098661
0.720942392
0.699667605
0.676402433
0.650923453
0.623042952
0.592813756
0.559652972
0.523864939
0.485674535
0.445237788
0.402891384
0.359408551
0.315264711
0.271202083
0.228269546
0.187447755
0.149966565
0.116758207
0.088288944
0.064812285
0.046190285
0.031847479
0.995123292
0.994698232
0.994235344
0.9937443
0.993230895
0.992695512
0.992134441
0.991541849
0.990911151
0.99023632
0.989512661
0.988737229
0.987908476
0.987025628
0.986087316
0.985089386
0.984024515
0.982883468
0.98165549
0.980330152
0.978899403
0.977356046
0.975692442
0.973900048
0.97196869
0.969887695
0.967646692
0.965234691
0.962642193
0.959861217
0.956872052
0.954049495
0.951060952
0.947857894
0.944442305
0.940786778
0.93688589
0.932716594
0.92828397
0.923526698
0.918378312
0.912836698
0.906911345
0.90058462
0.893832259
0.886635256
0.878791333
0.870350614
0.86128538
0.851610391
0.8413045
0.830312335
0.818473756
0.805798014
0.792268438
0.777517685
0.761596554
0.744068323
0.724945883
0.704240031
0.681201202
0.655968297
0.62832815
0.598121326
0.565453885
0.529809685
0.491599051
0.451169995
0.408819769
0.365284848
0.320842826
0.27646571
0.233082097
0.191855319
0.15377748
0.11990998
0.090890433
0.066847479
0.047679485
0.032969989
0.995281683
0.994867282
0.994415627
0.993936169
0.993434564
0.992911274
0.992362593
0.99178263
0.99116499
0.990503745
0.989794341
0.989033865
0.988220804
0.987354079
0.986432059
0.985451306
0.984405104
0.983284089
0.982078145
0.980776947
0.979371399
0.977854746
0.976220262
0.97445973
0.972563347
0.970519834
0.968318363
0.965949605
0.96340463
0.960676189
0.957757143
0.954628628
0.95166307
0.948524215
0.945160884
0.941571427
0.93772696
0.933620829
0.929231227
0.924561703
0.919549161
0.9141277
0.908294977
0.902058076
0.895396297
0.888282501
0.880685295
0.872405787
0.863492056
0.853917438
0.843694385
0.832795232
0.821149598
0.808590138
0.79511246
0.780664509
0.764871157
0.747741947
0.72883427
0.708150771
0.685652947
0.660622095
0.633197874
0.603195117
0.570516496
0.535301266
0.497177648
0.456673606
0.414266754
0.370659868
0.326088577
0.281357338
0.237605872
0.195900157
0.157393335
0.122957104
0.093343931
0.068817182
0.049176686
0.03403296
0.995430198
0.995025632
0.994584629
0.994116397
0.993626373
0.993114877
0.992578282
0.992010702
0.99140568
0.990757479
0.990061646
0.989315408
0.988517284
0.987666231
0.986760312
0.985795827
0.984766772
0.983664391
0.982478437
0.981199224
0.979817758
0.978326238
0.976718381
0.974986883
0.973122261
0.971113604
0.968949479
0.966620099
0.964118189
0.961437069
0.958570328
0.955511643
0.952240755
0.949124728
0.945825309
0.942287822
0.938509058
0.934458968
0.930132083
0.925505162
0.920579709
0.91529313
0.909579556
0.903434303
0.896861264
0.889836828
0.882321486
0.874285987
0.865531034
0.856105237
0.845979988
0.835160945
0.823605097
0.811233669
0.797867558
0.783466876
0.767966798
0.75095698
0.73243268
0.711949074
0.689460471
0.664939353
0.637690126
0.607870052
0.575356119
0.540093916
0.502330992
0.461855874
0.4193202
0.375598423
0.33088684
0.285957505
0.241809935
0.199702287
0.16071162
0.125848263
0.095715964
0.070674834
0.050625708
0.035101641
0.995569836
0.995174109
0.994742934
0.994285349
0.993806545
0.993306624
0.992781818
0.992226314
0.991633665
0.99099807
0.990315266
0.989582584
0.988798681
0.987962545
0.987072277
0.986123868
0.985111054
0.984025787
0.982858428
0.981599158
0.980239622
0.97877212
0.977189326
0.975484374
0.973648691
0.971671685
0.969542289
0.967250107
0.964787411
0.96214917
0.95932954
0.956322922
0.953121561
0.949700871
0.946424113
0.942950228
0.939223122
0.93523834
0.93096709
0.926402406
0.921519104
0.916318908
0.910739188
0.904712008
0.898229563
0.891292699
0.883865383
0.875910289
0.867396418
0.858126772
0.84814745
0.83742343
0.825944703
0.813659515
0.800476033
0.786181621
0.770723583
0.753996307
0.735581889
0.715464118
0.693158525
0.668631851
0.64185752
0.612182615
0.579815294
0.544675468
0.506828453
0.4666431
0.424078587
0.380180172
0.335295471
0.290165255
0.245763506
0.203235706
0.163830793
0.128501491
0.097966587
0.072470806
0.051992299
0.036135933
0.995701549
0.995313711
0.994891369
0.994443606
0.993975444
0.993486738
0.992973501
0.992429777
0.991849196
0.991225961
0.990555751
0.989836082
0.989065717
0.988243784
0.987368413
0.986435631
0.985438867
0.98436981
0.983219528
0.981978809
0.980639165
0.979193534
0.97763469
0.975954723
0.974145498
0.97219733
0.970099467
0.967841877
0.965416225
0.962817025
0.96004008
0.957080354
0.953930811
0.950579328
0.946998617
0.943547211
0.939883374
0.935949916
0.931743549
0.927234065
0.922412484
0.917253955
0.911759862
0.905865435
0.899499907
0.892652503
0.885311484
0.877442968
0.86900792
0.859976199
0.850150194
0.83956897
0.828182221
0.815970869
0.80286971
0.788751891
0.773394173
0.756702942
0.738558988
0.718540368
0.696580796
0.672218187
0.645421842
0.616183314
0.583928822
0.548896859
0.511127817
0.470821041
0.428474244
0.384494403
0.339385583
0.294031325
0.249379818
0.206558591
0.166729522
0.130995513
0.100031993
0.074174853
0.053313515
0.037111387
0.995826151
0.995445391
0.995030931
0.994591996
0.994133652
0.993655583
0.993153554
0.992621392
0.992052581
0.991441403
0.99078354
0.99007645
0.989319083
0.98851067
0.987649482
0.986731576
0.985750414
0.984697376
0.983563269
0.982339586
0.981018444
0.979592651
0.978055614
0.976399525
0.974615202
0.972693397
0.970624261
0.968398078
0.966006873
0.963444555
0.960706472
0.957789228
0.954686348
0.951386419
0.947874574
0.944119969
0.940478416
0.936607866
0.932452466
0.928007411
0.92324056
0.9181432
0.912690257
0.906880647
0.900646688
0.893914959
0.886662162
0.878878561
0.870528521
0.861573915
0.85198243
0.841551457
0.830304084
0.818181367
0.805150414
0.79111051
0.775922637
0.759324949
0.741210208
0.721448496
0.699575854
0.675537071
0.648883686
0.619605063
0.587744878
0.552791034
0.515089205
0.474814959
0.432310452
0.388479763
0.343236883
0.297618075
0.252702475
0.209598018
0.169455534
0.133313273
0.101973464
0.075738663
0.054567106
0.038054453
0.995944337
0.99556996
0.995162573
0.994731517
0.994281995
0.99381374
0.993322342
0.992801382
0.992244124
0.991644705
0.990998886
0.990304129
0.989559325
0.988763894
0.987916208
0.987012464
0.986046153
0.985008688
0.983890567
0.982683019
0.981378868
0.979971525
0.978454267
0.976819917
0.975059393
0.973162401
0.971119525
0.968921952
0.96656202
0.964033997
0.961332626
0.958454057
0.955393449
0.952139941
0.948679369
0.944993264
0.94104931
0.937200835
0.933107958
0.928713485
0.924010576
0.918967444
0.913575078
0.907806063
0.901656052
0.89505462
0.887916147
0.880219425
0.871952801
0.863081507
0.853565295
0.843365161
0.832264694
0.820277607
0.807331599
0.79335781
0.778242892
0.761807417
0.743778532
0.724038293
0.702407227
0.678441648
0.652087363
0.622928435
0.591008705
0.5564036
0.51874353
0.478494912
0.43597769
0.391957893
0.346794601
0.300995403
0.255785074
0.212390636
0.171949005
0.135492933
0.103777725
0.077208637
0.055717531
0.038949248
0.996056709
0.995688116
0.995287108
0.994863119
0.994421473
0.993962036
0.993480446
0.99297011
0.992424045
0.991836169
0.991202097
0.99051937
0.989786885
0.989004001
0.988169279
0.987279018
0.986326846
0.985304205
0.984201624
0.983010024
0.981721965
0.980331564
0.978832701
0.977218066
0.975479209
0.97360593
0.97158777
0.969416348
0.9670849
0.96458801
0.961920776
0.959078743
0.956056615
0.952845157
0.949430747
0.945795612
0.941919765
0.93776974
0.93369871
0.929366348
0.924713609
0.919733896
0.914395221
0.908686148
0.902576136
0.896057716
0.88904816
0.881464297
0.873283099
0.864493604
0.855058874
0.844932016
0.834058383
0.822214542
0.809400041
0.795507048
0.780453638
0.764085463
0.746210174
0.726547116
0.704928672
0.681187485
0.654891115
0.626003965
0.594178694
0.559493385
0.522133591
0.481889617
0.439356642
0.395282824
0.349899516
0.304115279
0.258687687
0.214981489
0.174239999
0.137486657
0.105474481
0.078574723
0.056798925
0.039770406
0.996163745
0.995800459
0.99540523
0.994987616
0.994553034
0.994101468
0.993628692
0.993128158
0.992592709
0.992016016
0.991393475
0.990722483
0.990002014
0.989231433
0.988409242
0.987531926
0.986593215
0.985584687
0.984496899
0.983320803
0.98204865
0.980674296
0.979192322
0.977596022
0.975876811
0.974025119
0.972030581
0.969883771
0.967578358
0.965109823
0.962473574
0.959665515
0.956679739
0.953506554
0.950133956
0.946544706
0.942719504
0.938637161
0.93426549
0.929954732
0.925363661
0.920433675
0.915157859
0.909501902
0.903451151
0.896972088
0.890044524
0.882588085
0.874518161
0.865812521
0.856457844
0.846410488
0.835607948
0.823986571
0.811311291
0.797545195
0.782567919
0.766255992
0.748441579
0.728922423
0.70737128
0.683632757
0.657541637
0.628695567
0.597112281
0.562494336
0.525033069
0.485038832
0.442473679
0.39834638
0.352867671
0.306838079
0.261369036
0.217421069
0.176365471
0.139318486
0.107026496
0.079859413
0.057803893
0.04054229
0.996265778
0.995907467
0.995517541
0.995105703
0.994677492
0.994232987
0.993768078
0.993276352
0.992750697
0.992184611
0.991573242
0.990913769
0.990205021
0.989446442
0.988636538
0.987771734
0.986845947
0.985850855
0.984777151
0.983615814
0.982359125
0.981000632
0.979534655
0.977955188
0.976254248
0.974422129
0.972449092
0.970325806
0.968044896
0.965602273
0.962994243
0.960217017
0.957265042
0.954128016
0.950793471
0.947245777
0.943466161
0.939434113
0.935129669
0.930519239
0.92594951
0.921080718
0.915854157
0.910260459
0.904262206
0.89784167
0.89095276
0.88357721
0.875633093
0.867037018
0.857764502
0.847795309
0.837070105
0.825517424
0.813059821
0.799428451
0.784572915
0.768331811
0.750567669
0.731102132
0.709683894
0.686001574
0.659902027
0.631240068
0.599679658
0.56527149
0.527849185
0.487732319
0.445365306
0.401172467
0.355602497
0.309440949
0.26370912
0.219674681
0.178366841
0.141017967
0.108452483
0.081034512
0.058748981
0.041259622
0.996363108
0.996009474
0.995624519
0.99521798
0.994795542
0.994357405
0.993899553
0.993415688
0.992898834
0.992342534
0.991741761
0.991093449
0.990396207
0.989649335
0.988851417
0.987998883
0.987085589
0.986103397
0.985043101
0.983895815
0.982653847
0.981310776
0.979860612
0.978297089
0.976612922
0.974799004
0.97284546
0.970743583
0.968486092
0.966067857
0.963485614
0.960736465
0.957815165
0.954711758
0.951413164
0.947903288
0.944164952
0.940178168
0.935923643
0.931379953
0.926511586
0.921663856
0.91649798
0.910953031
0.905016393
0.898647689
0.891816507
0.884478846
0.876614423
0.868142412
0.858977617
0.849088751
0.838439644
0.826961924
0.814570373
0.801151372
0.78642554
0.770300333
0.752600987
0.733178967
0.711806075
0.688244324
0.662188615
0.633506043
0.602106724
0.567701963
0.530455289
0.490348365
0.44783848
0.403794185
0.358125336
0.311839206
0.265946133
0.221641469
0.180215648
0.142618219
0.109775444
0.08211419
0.059613449
0.041934213
0.996456
0.996106779
0.995726496
0.995324925
0.994907784
0.994475417
0.994023929
0.993547116
0.993038117
0.99249061
0.991899614
0.991261887
0.990575793
0.989840413
0.989054188
0.988213624
0.98731258
0.986342859
0.985295436
0.984161527
0.982933575
0.981605184
0.980170396
0.978622635
0.976954353
0.975157143
0.973221725
0.971139256
0.968903077
0.966508153
0.963950178
0.961226684
0.958333314
0.955260413
0.951995245
0.948521097
0.944820324
0.940874524
0.936664918
0.932170743
0.927368593
0.92222333
0.917078217
0.911593409
0.905704975
0.899397193
0.892617117
0.885336316
0.877508955
0.869115348
0.860072736
0.850289596
0.839718811
0.828314925
0.815995718
0.8026398
0.788120436
0.772119256
0.754529206
0.735165178
0.713828095
0.690302393
0.664353514
0.635701168
0.604268119
0.569999607
0.532736065
0.492769319
0.450240548
0.406036509
0.360465735
0.314051564
0.268007292
0.223521627
0.181829152
0.144096485
0.11102116
0.083115862
0.060407719
0.042551258
0.996544662
0.996199647
0.995823774
0.995426872
0.995014696
0.994587623
0.994141901
0.993671449
0.993169496
0.992629836
0.992047624
0.991419663
0.990744143
0.990019898
0.989245151
0.988416264
0.987527171
0.986569679
0.985534701
0.984413636
0.983199027
0.981884612
0.980464461
0.978932026
0.977279452
0.975498065
0.973579284
0.97151486
0.969298
0.966924287
0.964389508
0.961690158
0.958822306
0.95577718
0.952542339
0.949101409
0.945436124
0.941527612
0.937358672
0.932909045
0.928155977
0.92307637
0.917634907
0.91217054
0.906341663
0.9000815
0.893361591
0.886131109
0.878359668
0.870002227
0.861036627
0.851373638
0.840906405
0.829578646
0.817330777
0.804044269
0.789584655
0.773783319
0.756310888
0.737048725
0.715761884
0.692263328
0.666340142
0.637779471
0.606361933
0.572045745
0.534892192
0.494888058
0.452463481
0.408214364
0.36246745
0.316103934
0.269908683
0.225253983
0.183371587
0.145386607
0.112171916
0.08405905
0.061144605
0.043118198
0.996629283
0.996288287
0.995916616
0.995524121
0.995116611
0.994694501
0.99425407
0.993789379
0.993293781
0.99276116
0.992186788
0.991567601
0.990901836
0.990188154
0.989424529
0.988607104
0.987729671
0.986784109
0.985761336
0.984652687
0.98345089
0.982149781
0.980743565
0.97922572
0.977588419
0.975822679
0.973919655
0.971871793
0.969672892
0.967318402
0.96480473
0.962128459
0.959284622
0.956264868
0.953057636
0.94964684
0.946014549
0.942141266
0.938009319
0.933600017
0.9288911
0.92386011
0.918483704
0.912724252
0.90691547
0.900714235
0.894041305
0.886870174
0.879148197
0.870845663
0.861915262
0.852327781
0.841978485
0.830751898
0.81857774
0.805359774
0.790966279
0.775220901
0.757940882
0.73878913
0.717595718
0.694138698
0.668233007
0.639686634
0.608344317
0.574027908
0.536812305
0.496891004
0.454408919
0.410229805
0.364411614
0.317859302
0.271672573
0.226852058
0.184792769
0.146619904
0.113176212
0.084930338
0.061838465
0.043644176
0.996710002
0.996372886
0.99600523
0.995616935
0.995213829
0.994796383
0.994360912
0.993901508
0.993411666
0.992885394
0.992318054
0.991706698
0.991049698
0.990345759
0.989592683
0.988786366
0.987920379
0.986986456
0.98597559
0.984879119
0.983689707
0.982401375
0.981008426
0.979504472
0.97788171
0.976131186
0.974243744
0.972211566
0.970029148
0.967692529
0.965197981
0.962542706
0.959721826
0.95672595
0.953543937
0.95016057
0.946558206
0.942717674
0.93862068
0.934248056
0.929579096
0.924591831
0.919263544
0.913568506
0.907465991
0.901284479
0.894669795
0.887544949
0.879881438
0.871627446
0.862750858
0.853197529
0.842922098
0.831811032
0.819735434
0.806588473
0.792260387
0.776577392
0.759349031
0.740381361
0.719290188
0.695917131
0.670043277
0.641503785
0.61016346
0.575904582
0.538672382
0.498674704
0.456248035
0.411993653
0.366210792
0.319564202
0.273181208
0.228334568
0.18610379
0.14775625
0.114136272
0.085690735
0.062479433
0.044139444
0.996786951
0.996453584
0.996089805
0.995705522
0.995306614
0.99489357
0.99446276
0.994008312
0.993523752
0.993003231
0.992442232
0.9918379
0.991188722
0.990493538
0.989750193
0.988954412
0.988099516
0.98717702
0.986177771
0.985093181
0.983915917
0.982639938
0.981259727
0.979768998
0.978160079
0.976424039
0.974551751
0.972535087
0.970368277
0.968048057
0.965571288
0.962935036
0.960135037
0.957161988
0.954003707
0.950645393
0.947070265
0.943259437
0.939194935
0.934856965
0.930224343
0.925276642
0.919991624
0.914344173
0.908305382
0.901831582
0.895236212
0.888168871
0.880550896
0.872354415
0.863525375
0.854024674
0.843782248
0.832743251
0.820780523
0.807729211
0.793469102
0.777847958
0.760677749
0.741756887
0.720840396
0.697560412
0.671759977
0.643241645
0.611896745
0.57762672
0.540433468
0.500402632
0.457885837
0.413661102
0.367785372
0.321141959
0.274646468
0.229602541
0.187320005
0.148804514
0.115020861
0.086417639
0.063038823
0.044596958
0.996860245
0.996530513
0.996170481
0.995790072
0.995395174
0.994986325
0.994559914
0.994110124
0.993630516
0.993115271
0.992560017
0.991962018
0.991319855
0.990632483
0.989897883
0.989111821
0.988267445
0.987356023
0.986368179
0.985295182
0.98412977
0.982865906
0.981498013
0.980019982
0.978424242
0.976701993
0.974844131
0.972842554
0.970691185
0.968386494
0.965926037
0.963307468
0.960526386
0.957574098
0.954438504
0.951103765
0.947553511
0.943769712
0.939734673
0.935428917
0.93083063
0.925918903
0.920673028
0.915068356
0.90907658
0.902665761
0.895779644
0.888731173
0.881169902
0.873018145
0.864245586
0.854791357
0.844600265
0.833593014
0.82170038
0.808758993
0.794591286
0.779034684
0.761922301
0.743054822
0.722179617
0.699063787
0.673346215
0.644889677
0.613554398
0.579267578
0.542049536
0.502038603
0.459472431
0.41514603
0.369273899
0.322522759
0.276002456
0.230834059
0.188360218
0.149776972
0.115836882
0.087087401
0.063573574
0.044996243
0.996929937
0.996603789
0.996247388
0.995870723
0.995479698
0.995074857
0.994652638
0.994207243
0.993732289
0.993221991
0.992672006
0.992079746
0.991443909
0.990763544
0.990036745
0.989259415
0.988424744
0.987523825
0.986547035
0.985485419
0.984331573
0.983079531
0.981723719
0.980257966
0.978674882
0.976965762
0.975121635
0.973134421
0.970998069
0.968708742
0.966263732
0.963661385
0.960897886
0.957964402
0.954849441
0.951537241
0.948010393
0.944251273
0.940243041
0.935966491
0.931400119
0.926522384
0.921312094
0.915746114
0.909796592
0.903432171
0.896608224
0.889270656
0.881727772
0.873631856
0.864903147
0.855504283
0.845358487
0.834401153
0.822538875
0.809665377
0.795604318
0.780136454
0.76308473
0.744270542
0.723443296
0.700362551
0.674797404
0.646412466
0.615126369
0.580836837
0.54358933
0.503539858
0.460974588
0.416584528
0.370599489
0.323828096
0.277189172
0.231973736
0.189370524
0.150608704
0.116593892
0.087705246
0.064066287
0.045377941
0.996995937
0.996673462
0.996320642
0.995947607
0.995560324
0.995159353
0.99474114
0.994299934
0.993829372
0.993323722
0.992778678
0.992191682
0.991561575
0.990887527
0.990167726
0.989398188
0.988572236
0.987681007
0.9867147
0.985664115
0.984521625
0.983281119
0.981937096
0.980483387
0.978912539
0.977216029
0.975384978
0.973411439
0.971289383
0.969015
0.966585273
0.963998288
0.961250918
0.958334912
0.955238635
0.951946929
0.948442458
0.944706563
0.940722803
0.936472821
0.931935377
0.927089237
0.921912572
0.91638176
0.910470445
0.904147712
0.897369491
0.890093216
0.882263004
0.874184954
0.865511153
0.856155193
0.846063546
0.835150219
0.823336296
0.810491591
0.796495959
0.781131058
0.764163942
0.74540604
0.724626928
0.701588054
0.676051084
0.647805607
0.616578877
0.582324983
0.545061936
0.504970258
0.462353048
0.417946471
0.371883632
0.324990548
0.278311032
0.232971143
0.190305487
0.151416523
0.117241354
0.088278412
0.064520808
0.045729633
0.997057681
0.996739446
0.996390296
0.99602084
0.995637184
0.995239953
0.994825608
0.994388405
0.993922028
0.993420765
0.992880365
0.992298302
0.991673452
0.991005127
0.990291636
0.989529085
0.988710912
0.987828387
0.986871753
0.98583163
0.984700146
0.983470967
0.982138449
0.980696494
0.979137651
0.977453332
0.975634839
0.973674319
0.971565875
0.969305718
0.96689086
0.964319076
0.961586978
0.958687002
0.95560809
0.95233494
0.948850814
0.945137123
0.941176391
0.936950659
0.932439526
0.927622018
0.922476605
0.916979025
0.911102429
0.904817381
0.89808023
0.890848951
0.883079082
0.874715607
0.86605911
0.85675705
0.846707274
0.835846764
0.82407543
0.811277333
0.797308734
0.782006479
0.765138182
0.74646025
0.725732458
0.702735929
0.677234046
0.64900914
0.617907721
0.583700037
0.546458424
0.506338243
0.46366645
0.419196264
0.373099434
0.326116654
0.27931009
0.23391404
0.191123735
0.152164099
0.117870201
0.088768634
0.064942461
0.046054064
0.997112219
0.996801173
0.996456261
0.996090473
0.995710393
0.995316788
0.994906181
0.994472843
0.994010464
0.993513383
0.992977364
0.992399939
0.991780017
0.991116942
0.990409165
0.989652914
0.988841718
0.987966959
0.987019013
0.985988542
0.984867497
0.983649298
0.982328077
0.980897593
0.979350465
0.977678108
0.975871758
0.973923742
0.971828257
0.969581646
0.967180941
0.964623945
0.961906963
0.959022166
0.955959178
0.952703271
0.949237563
0.945544055
0.941605342
0.937402428
0.932915306
0.928123833
0.923006735
0.917540039
0.911696253
0.905445441
0.898745406
0.891554526
0.883828862
0.875524704
0.86658483
0.857299464
0.847302489
0.836482718
0.824762738
0.812005641
0.798081697
0.782804468
0.76599568
0.747411919
0.726758843
0.70380806
0.678342076
0.650144784
0.619055708
0.584958021
0.547748785
0.507635518
0.464922541
0.420387071
0.37421512
0.327182829
0.280277911
0.234753726
0.191897265
0.152818352
0.118452151
0.089244762
0.065303095
0.046355034
0.997112219
0.996855697
0.996517971
0.996156417
0.995780005
0.995389974
0.99498299
0.994553387
0.99409487
0.993601783
0.993069941
0.992496892
0.9918816
0.991223447
0.990520912
0.989770368
0.988965462
0.988097667
0.987157471
0.98613567
0.985024255
0.983816471
0.9825062
0.981086982
0.979551288
0.977890605
0.97609617
0.974160246
0.972077207
0.969843492
0.967456264
0.964913347
0.96221107
0.959341297
0.956293389
0.953053293
0.949604697
0.945929456
0.942010754
0.937829659
0.93336513
0.928597412
0.923506054
0.918067332
0.912254035
0.906035578
0.899369251
0.892214868
0.884528877
0.87626807
0.867386406
0.857819867
0.847838918
0.837070745
0.825390259
0.812682882
0.798798158
0.783563369
0.766777332
0.748249551
0.727685395
0.704803438
0.67937699
0.651208493
0.620138939
0.586044792
0.548929288
0.508834206
0.466113706
0.421525916
0.375278149
0.32816121
0.281194226
0.235567157
0.192586122
0.153436849
0.118961454
0.089685382
0.065653361
0.046612449
0.997112219
0.996855697
0.996572479
0.996218109
0.995845929
0.995459563
0.995056152
0.99463017
0.994175384
0.993686155
0.993158302
0.992589423
0.991978503
0.991324973
0.990627353
0.989882042
0.989082834
0.988221317
0.987288071
0.986274005
0.98517124
0.983973062
0.982673178
0.98126488
0.979740417
0.978091129
0.976308324
0.974384265
0.972313262
0.970091934
0.967717536
0.965188024
0.962499748
0.959644593
0.956611612
0.953386487
0.949953579
0.94629531
0.942394715
0.938233445
0.933790521
0.929045153
0.923977276
0.918563979
0.91277829
0.906589897
0.899955428
0.89283418
0.885184015
0.876962096
0.868122863
0.858613336
0.848353578
0.837600696
0.825970488
0.813301212
0.799464384
0.784266797
0.767520695
0.749013093
0.728500919
0.705701999
0.680337816
0.652202011
0.621153555
0.587070261
0.549949123
0.509930841
0.467214348
0.422605896
0.376294793
0.329093414
0.282035086
0.236337299
0.193253441
0.153987644
0.119442924
0.090070999
0.065977505
0.046862464
0.997112219
0.996855697
0.996572479
0.996272601
0.995907601
0.995525466
0.995125717
0.994703305
0.994252137
0.993766635
0.993242635
0.992677741
0.992070986
0.991421821
0.990728819
0.989988415
0.989194431
0.988338601
0.98741162
0.986404488
0.985309439
0.984119889
0.982829587
0.981431647
0.979918071
0.978279975
0.976508523
0.974596046
0.972536856
0.970327507
0.967965433
0.965448684
0.962773738
0.959932501
0.956914045
0.953703743
0.95028569
0.946642977
0.942759202
0.938615867
0.934192568
0.929468576
0.92442279
0.919032679
0.913272076
0.907110897
0.900506027
0.893416097
0.885798447
0.87761163
0.868810438
0.859342343
0.84913829
0.838109142
0.826493411
0.813872943
0.800072657
0.784920903
0.768209721
0.749739235
0.72924431
0.706492886
0.681205186
0.653124404
0.62210122
0.588030772
0.55091143
0.510878222
0.468221284
0.423603802
0.377258887
0.329984942
0.28283626
0.237044023
0.193885246
0.154521218
0.11987169
0.09043554
0.066261186
0.047093834
0.997112219
0.996855697
0.996572479
0.996272601
0.995962076
0.995587119
0.995191598
0.994772846
0.994325245
0.993843357
0.99332308
0.992762034
0.992159258
0.991514252
0.990825608
0.990089815
0.989300729
0.988450114
0.987528808
0.986527927
0.985439795
0.984257941
0.982976244
0.981587859
0.980084609
0.978457364
0.976697064
0.974795894
0.972748236
0.970550644
0.96820049
0.965696
0.963033746
0.96020576
0.957201134
0.954005257
0.950601914
0.946973931
0.94310557
0.938978892
0.934573342
0.929868762
0.924844105
0.919475809
0.913738076
0.907601617
0.901023531
0.893962696
0.886375779
0.878220806
0.869453934
0.860022964
0.849859253
0.838884378
0.826995114
0.814388208
0.800635088
0.78551811
0.768850435
0.750412298
0.729951286
0.707213819
0.681968619
0.653957079
0.622981042
0.588927903
0.551812782
0.511772162
0.469091174
0.424516749
0.378149715
0.330830387
0.283602475
0.237717391
0.194465025
0.155026396
0.120287051
0.090760179
0.066529363
0.047296322
0.997112219
0.996855697
0.996572479
0.996272601
0.995962076
0.995641576
0.99525323
0.994838704
0.99439476
0.993916435
0.993399767
0.99284244
0.992243507
0.991602475
0.990917984
0.990186542
0.989402059
0.988556332
0.98764023
0.986645009
0.985563112
0.984388158
0.983114136
0.98173433
0.980240606
0.978623655
0.976874166
0.974984105
0.972947705
0.970761593
0.968423138
0.965930505
0.963280443
0.960465074
0.957473615
0.954291473
0.950902448
0.947289053
0.943435286
0.939323871
0.934934804
0.930247774
0.9252423
0.91989487
0.914178653
0.908064724
0.901510957
0.894476439
0.88691807
0.878793199
0.870057447
0.860659952
0.850532363
0.839596635
0.827760071
0.814882563
0.801141972
0.786070311
0.769435415
0.751038168
0.730606584
0.707899437
0.682664526
0.654689975
0.623775287
0.589760809
0.552654657
0.512609478
0.469911995
0.425305442
0.378964699
0.331611582
0.284329086
0.238361377
0.195017439
0.155489974
0.120680306
0.091074667
0.066768185
0.047487743
0.997112219
0.996855697
0.996572479
0.996272601
0.995962076
0.995641576
0.995307669
0.994900313
0.994460592
0.99398592
0.993472812
0.99291909
0.992323871
0.991686676
0.991006153
0.990278858
0.989498719
0.988657586
0.987746361
0.986756332
0.985680081
0.984511344
0.983244201
0.981872047
0.980386877
0.978779419
0.977040187
0.975160896
0.973135559
0.970960654
0.968633624
0.966152632
0.963514362
0.960711114
0.957732192
0.954563126
0.951187732
0.947588539
0.943749231
0.939652266
0.935278297
0.930607563
0.925619426
0.920290934
0.914595299
0.908502565
0.901970956
0.894960324
0.887427765
0.87933085
0.870624519
0.861257361
0.851162321
0.840261616
0.828462882
0.815636315
0.801628286
0.786567973
0.769976309
0.751609596
0.731215936
0.708534939
0.683326345
0.655358046
0.624474358
0.590512701
0.553436263
0.513391542
0.470680823
0.426049647
0.379668763
0.332326268
0.285000476
0.238972076
0.195545749
0.155931672
0.121041179
0.091372418
0.066999539
0.04765821
0.997112219
0.996855697
0.996572479
0.996272601
0.995962076
0.995641576
0.995307669
0.994954733
0.994522178
0.994051726
0.993542267
0.9929921
0.992400481
0.991766995
0.991090304
0.990366971
0.989590971
0.988754173
0.987847532
0.986862368
0.985791294
0.984628187
0.983367244
0.982001949
0.980524405
0.978925472
0.9771957
0.975326626
0.973312015
0.971148124
0.968832249
0.966362624
0.963735933
0.960944409
0.957977531
0.954820916
0.951458502
0.947872829
0.944047598
0.939964952
0.935605278
0.930949466
0.925977425
0.920666042
0.914989081
0.908916625
0.902405859
0.89541698
0.887907836
0.879836186
0.871157174
0.861818697
0.851753137
0.840883967
0.829119045
0.816328833
0.802369778
0.78704544
0.770463783
0.752137959
0.731772282
0.709125883
0.683939787
0.655993392
0.625111595
0.591174494
0.554141844
0.514117619
0.471398919
0.426746711
0.380333112
0.332943684
0.285614707
0.239536365
0.196046752
0.156354098
0.121385019
0.09164565
0.067218582
0.047823348
0.997112219
0.996855697
0.996572479
0.996272601
0.995962076
0.995641576
0.995307669
0.994954733
0.994576578
0.994113287
0.993608043
0.993061521
0.992473452
0.991843562
0.991170575
0.990451067
0.989679022
0.988846356
0.98794404
0.986963448
0.985897227
0.984739282
0.983483952
0.982124836
0.980654128
0.979062795
0.977341516
0.975481866
0.973477431
0.97132422
0.969019308
0.966560783
0.9639454
0.961165389
0.958210162
0.95506551
0.951715454
0.948142656
0.944330826
0.940262122
0.935916617
0.931274933
0.926317627
0.921022125
0.915362029
0.909307962
0.90281714
0.895848724
0.888360894
0.88031215
0.871657811
0.862345964
0.85230828
0.841467649
0.829733144
0.816975385
0.803051032
0.787773444
0.770931474
0.752614139
0.7322867
0.709665421
0.684510217
0.656582296
0.625717619
0.591777752
0.554762876
0.514773073
0.472065607
0.427397779
0.380955379
0.333526273
0.286145339
0.240052611
0.19650968
0.156754688
0.121713856
0.091905987
0.067419586
0.047979697
0.997112219
0.996855697
0.996572479
0.996272601
0.995962076
0.995641576
0.995307669
0.994954733
0.994576578
0.994167664
0.993669577
0.993127265
0.992542837
0.991916493
0.991247096
0.990531286
0.989763061
0.988934341
0.988036147
0.98705987
0.985998208
0.984845101
0.983594917
0.982241396
0.980776846
0.979192324
0.977478617
0.975627426
0.973632377
0.971489298
0.969195018
0.966747404
0.964143064
0.961374297
0.958430513
0.955297434
0.951959252
0.948398712
0.944599644
0.940544214
0.936212507
0.931584831
0.926641475
0.921360507
0.915716061
0.909678593
0.903205851
0.896257016
0.888789235
0.880761332
0.872129352
0.862841538
0.852829728
0.842016088
0.830309085
0.817580489
0.803687068
0.788442304
0.771644572
0.753070995
0.732750312
0.710164299
0.685031027
0.657129909
0.626279344
0.592351459
0.555328977
0.515349984
0.472667448
0.428002237
0.381536585
0.334071959
0.28664604
0.240498596
0.196933196
0.157124836
0.122025696
0.092154964
0.067611105
0.048123172
0.997112219
0.996855697
0.996572479
0.996272601
0.995962076
0.995641576
0.995307669
0.994954733
0.994576578
0.994167664
0.993723929
0.993188769
0.992608547
0.991985839
0.991319983
0.990607758
0.989843224
0.989018316
0.98812406
0.987151894
0.986094535
0.984945975
0.983700614
0.982352222
0.980893247
0.97931486
0.977607937
0.975764287
0.973777661
0.971643927
0.969359734
0.966922702
0.964329217
0.961571434
0.958638827
0.955517115
0.952190422
0.94864166
0.944854744
0.940811954
0.936493385
0.931879352
0.926949831
0.921682621
0.916052493
0.910030427
0.903573996
0.896642903
0.88919431
0.881186009
0.872574359
0.863308309
0.853319833
0.842531239
0.830850251
0.818147996
0.80428233
0.789066771
0.772299739
0.753767573
0.733195111
0.710613905
0.685512587
0.657629887
0.626801683
0.59288323
0.555867349
0.515875867
0.473197171
0.428547901
0.382076183
0.334581637
0.287115024
0.240919423
0.197299071
0.15746347
0.122313837
0.092391072
0.067794266
0.048259875
0.997112219
0.996855697
0.996572479
0.996272601
0.995962076
0.995641576
0.995307669
0.994954733
0.994576578
0.994167664
0.993723929
0.993243095
0.992670019
0.992051512
0.991389287
0.990680598
0.989919642
0.989098419
0.988207966
0.987239729
0.98618647
0.985042199
0.98380137
0.982457785
0.98100392
0.979431087
0.977730274
0.97589338
0.973914262
0.971788915
0.969514024
0.967087032
0.964504077
0.961757091
0.958835403
0.955724796
0.952409388
0.948872025
0.945096784
0.941066031
0.936759972
0.932158929
0.927242887
0.921989327
0.916372751
0.91036477
0.903923468
0.897008372
0.889577156
0.881587619
0.872995088
0.863748815
0.853781453
0.843015426
0.831358571
0.818681235
0.804840606
0.789651204
0.77291142
0.754407561
0.733873304
0.711045266
0.685946586
0.658092185
0.627278585
0.593377716
0.556366367
0.51637599
0.473680039
0.429028179
0.382563295
0.335054827
0.287553062
0.241313594
0.197644307
0.157756015
0.122577446
0.092609236
0.06796796
0.048390613
0.997112219
0.996855697
0.996572479
0.996272601
0.995962076
0.995641576
0.995307669
0.994954733
0.994576578
0.994167664
0.993723929
0.993243095
0.992724317
0.992112949
0.991454921
0.990749857
0.989992431
0.98917478
0.988288003
0.98732356
0.986274218
0.985134036
0.983897483
0.982558414
0.981109338
0.979541595
0.977846313
0.976015503
0.97404311
0.971925237
0.969658694
0.96724096
0.964667996
0.961931484
0.959020532
0.955920774
0.952616394
0.949090228
0.945326287
0.941307101
0.937012954
0.932424282
0.927521073
0.922280815
0.916677691
0.910683041
0.904255568
0.897355305
0.889939745
0.881967189
0.873392964
0.864165289
0.854217098
0.843471472
0.831836338
0.81918211
0.805365172
0.790199323
0.773483887
0.75500507
0.7344964
0.711702971
0.686362974
0.658508824
0.627719547
0.593829187
0.556830397
0.516839556
0.474139255
0.429465976
0.382992038
0.335481992
0.287959741
0.241681755
0.197967675
0.158032058
0.122805178
0.092808827
0.068128453
0.048514593
0.997112219
0.996855697
0.996572479
0.996272601
0.995962076
0.995641576
0.995307669
0.994954733
0.994576578
0.994167664
0.993723929
0.993243095
0.992724317
0.992167217
0.991516321
0.990815448
0.990061643
0.989247514
0.988364302
0.987403525
0.986357967
0.985221691
0.983989213
0.982654405
0.981209829
0.979646856
0.977956642
0.976131338
0.974165002
0.972053822
0.969794717
0.967385291
0.964821539
0.962094965
0.959194428
0.95610534
0.952811735
0.949296512
0.945543676
0.941535684
0.937252986
0.932676094
0.927785106
0.922557513
0.916967499
0.910986087
0.904571702
0.897684992
0.890283945
0.882326677
0.873769007
0.864559141
0.854628976
0.843901856
0.832286336
0.819652879
0.8058579
0.790714347
0.774020784
0.755564275
0.73507814
0.712307244
0.686997847
0.658908556
0.628116957
0.594246635
0.557254061
0.517270619
0.474564904
0.429882327
0.383382857
0.33585797
0.288326864
0.242023559
0.198269705
0.158290616
0.123020064
0.092981253
0.068275283
0.048629151
0.997112219
0.996855697
0.996572479
0.996272601
0.995962076
0.995641576
0.995307669
0.994954733
0.994576578
0.994167664
0.993723929
0.993243095
0.992724317
0.992167217
0.991570556
0.990876809
0.990127189
0.989316674
0.988436977
0.987479755
0.986437855
0.98530535
0.984076766
0.982746019
0.981305689
0.979747197
0.978061733
0.976241474
0.974280617
0.972175464
0.969923021
0.967520995
0.964965509
0.962248099
0.959357445
0.956278708
0.9529957
0.949491172
0.945749189
0.941752201
0.937480584
0.932915015
0.928035665
0.922820132
0.917242602
0.911274095
0.904872715
0.897998829
0.890611033
0.882667932
0.874125153
0.86493138
0.855018482
0.84430876
0.832711013
0.820096286
0.806321012
0.791198112
0.774525264
0.756088734
0.735622585
0.712871409
0.687581144
0.659518035
0.628498241
0.594622854
0.557645797
0.517664184
0.474960708
0.430268245
0.383754533
0.336200692
0.288649995
0.242332118
0.198550113
0.158532113
0.123221339
0.093143953
0.068402129
0.048733956
0.997112219
0.996855697
0.996572479
0.996272601
0.995962076
0.995641576
0.995307669
0.994954733
0.994576578
0.994167664
0.993723929
0.993243095
0.992724317
0.992167217
0.991570556
0.990931009
0.990188507
0.98938217
0.988506079
0.987552365
0.98651401
0.985385152
0.984160328
0.982833461
0.981397177
0.979842914
0.978161912
0.97634638
0.974390544
0.972290844
0.970044397
0.967648998
0.965100873
0.962391685
0.959510143
0.95644123
0.953168505
0.949674497
0.945943121
0.94195689
0.937696168
0.93314156
0.928273397
0.92306935
0.917503709
0.911547491
0.90515879
0.898297654
0.890922397
0.882992222
0.874463236
0.865283924
0.855386613
0.844693563
0.833112521
0.820514743
0.806757207
0.791652798
0.774999124
0.756581526
0.736133202
0.713399407
0.688125726
0.660078
0.629079591
0.594983805
0.557998844
0.518028089
0.475322082
0.430627104
0.384099041
0.336526627
0.288944544
0.242603701
0.198803246
0.158756321
0.123409332
0.093296346
0.06852182
0.048824497
0.997112219
0.996855697
0.996572479
0.996272601
0.995962076
0.995641576
0.995307669
0.994954733
0.994576578
0.994167664
0.993723929
0.993243095
0.992724317
0.992167217
0.991570556
0.990931009
0.990242669
0.989443442
0.988571522
0.987621406
0.986586549
0.985461227
0.984240037
0.982916918
0.981484499
0.979934266
0.978257474
0.976446383
0.974495252
0.972400547
0.970159523
0.967770089
0.965228556
0.962526689
0.95965332
0.956593463
0.953330497
0.949846699
0.946125761
0.942150045
0.937899976
0.933356146
0.928498815
0.92330581
0.917751491
0.911806976
0.905430351
0.898581651
0.891218868
0.883300923
0.874784512
0.865618588
0.855735266
0.845057248
0.833492221
0.820910371
0.807168857
0.792081059
0.775444501
0.757044408
0.736612988
0.713894598
0.688635396
0.660600798
0.629613712
0.595534155
0.558337564
0.518356054
0.475656222
0.430954747
0.384419393
0.336828737
0.289224666
0.242851264
0.199026047
0.158958721
0.123583867
0.093438684
0.068633929
0.048909931
0.997112219
0.996855697
0.996572479
0.996272601
0.995962076
0.995641576
0.995307669
0.994954733
0.994576578
0.994167664
0.993723929
0.993243095
0.992724317
0.992167217
0.991570556
0.990931009
0.990242669
0.989497563
0.988632744
0.98768679
0.986655523
0.985533688
0.984316023
0.982996527
0.981567841
0.980021458
0.978348678
0.976541777
0.974595065
0.97250504
0.970268985
0.967884945
0.965349344
0.96265403
0.95978794
0.956736205
0.953482236
0.950008127
0.946297319
0.942331952
0.938092299
0.93355901
0.928712333
0.923530022
0.917986589
0.91205322
0.905688096
0.898851239
0.891500627
0.883594857
0.875090343
0.865936614
0.856066237
0.845401691
0.833851084
0.821284509
0.80755805
0.79248522
0.775863993
0.757479467
0.737063653
0.714359889
0.689113397
0.661090081
0.630112382
0.596039794
0.558854016
0.518670709
0.475957361
0.431257698
0.384711879
0.337109664
0.289484311
0.243086699
0.199229141
0.159136867
0.123741425
0.093570832
0.068738641
0.048989953
0.997112219
0.996855697
0.996572479
0.996272601
0.995962076
0.995641576
0.995307669
0.994954733
0.994576578
0.994167664
0.993723929
0.993243095
0.992724317
0.992167217
0.991570556
0.990931009
0.990242669
0.989497563
0.988686821
0.987747957
0.986720843
0.985602588
0.9843884
0.983072417
0.981647341
0.980104676
0.978435729
0.976632822
0.974690279
0.97260465
0.97037325
0.967994151
0.965463913
0.962774497
0.959914919
0.956870416
0.953624514
0.950159336
0.946458144
0.942502823
0.938273423
0.933750443
0.928914188
0.923742398
0.918209509
0.912286858
0.905932687
0.89910711
0.89176809
0.883874206
0.875381544
0.866239352
0.856380754
0.845728665
0.834190959
0.821638116
0.807926103
0.792867333
0.77625988
0.75788924
0.737487229
0.714796939
0.689562537
0.661548963
0.630579083
0.596511873
0.559328512
0.519150471
0.476246279
0.431530728
0.384982322
0.337366154
0.289725751
0.243304925
0.199422286
0.159299257
0.123880103
0.093690127
0.068835856
0.049064695
0.997112219
0.996855697
0.996572479
0.996272601
0.995962076
0.995641576
0.995307669
0.994954733
0.994576578
0.994167664
0.993723929
0.993243095
0.992724317
0.992167217
0.991570556
0.990931009
0.990242669
0.989497563
0.988686821
0.987801986
0.98678195
0.985667838
0.98445722
0.983144702
0.981723127
0.980184057
0.978518812
0.97671972
0.97478115
0.972699669
0.970472641
0.968098171
0.965572846
0.96288876
0.960035043
0.956997009
0.953758287
0.950301118
0.946608789
0.942663002
0.938443557
0.933930729
0.929104669
0.923943172
0.918420661
0.912508394
0.906164757
0.899349924
0.892021945
0.884139381
0.875658297
0.866527608
0.856680151
0.846039384
0.834513597
0.821973014
0.808273958
0.793228691
0.776634169
0.758275956
0.737886188
0.71520772
0.689984416
0.661980137
0.631016786
0.596953687
0.559771515
0.519591257
0.476686799
0.431792678
0.385226055
0.337603314
0.289946189
0.24350785
0.199601313
0.159453692
0.124006515
0.093795126
0.068923616
0.049134086
0.997112219
0.996855697
0.996572479
0.996272601
0.995962076
0.995641576
0.995307669
0.994954733
0.994576578
0.994167664
0.993723929
0.993243095
0.992724317
0.992167217
0.991570556
0.990931009
0.990242669
0.989497563
0.988686821
0.987801986
0.986835925
0.98572888
0.984522395
0.983213435
0.981795313
0.98025973
0.978598064
0.976802658
0.974867884
0.972790354
0.970567452
0.968197329
0.965676606
0.962997402
0.960148981
0.957116767
0.953884469
0.950434426
0.946750041
0.942813043
0.938603047
0.934100076
0.929284057
0.924132633
0.918620279
0.912718235
0.906384806
0.899580308
0.892262846
0.884391064
0.875921007
0.866801561
0.856965226
0.846335166
0.834820195
0.822290926
0.808603409
0.793570218
0.776988129
0.758641574
0.738262696
0.715594625
0.690380937
0.662385141
0.63142806
0.59736805
0.560186117
0.520002786
0.47709153
0.432192079
0.385459897
0.337817051
0.290150014
0.243693123
0.199767788
0.159596838
0.124126735
0.093890838
0.069000859
0.049196727
0.997112219
0.996855697
0.996572479
0.996272601
0.995962076
0.995641576
0.995307669
0.994954733
0.994576578
0.994167664
0.993723929
0.993243095
0.992724317
0.992167217
0.991570556
0.990931009
0.990242669
0.989497563
0.988686821
0.987801986
0.986835925
0.985782799
0.984583366
0.983278527
0.981863952
0.980331809
0.978673615
0.976881771
0.974950664
0.972876911
0.970657939
0.968291917
0.965775516
0.963100885
0.960257314
0.95723036
0.954003838
0.950560168
0.946882851
0.942953729
0.938752442
0.934258828
0.929452562
0.924311062
0.918808649
0.912916614
0.906593239
0.899798758
0.892491414
0.884629904
0.876170351
0.867061614
0.857236156
0.846616799
0.835112055
0.822593034
0.80891615
0.793893675
0.777322664
0.758987333
0.738618664
0.71595976
0.690754412
0.662765802
0.631814372
0.597757393
0.560574958
0.520387933
0.477469399
0.432559033
0.385816441
0.338022115
0.290333709
0.243864434
0.199919781
0.159729947
0.124238167
0.093981862
0.06907127
0.049251862
0.997112219
0.996855697
0.996572479
0.996272601
0.995962076
0.995641576
0.995307669
0.994954733
0.994576578
0.994167664
0.993723929
0.993243095
0.992724317
0.992167217
0.991570556
0.990931009
0.990242669
0.989497563
0.988686821
0.987801986
0.986835925
0.985782799
0.984637221
0.983339421
0.981928954
0.980400345
0.978745577
0.976957189
0.975029627
0.972959522
0.970744305
0.968382192
0.965869867
0.963199532
0.960360503
0.957338363
0.954117061
0.950679121
0.947008123
0.943086006
0.938892522
0.934407531
0.929610524
0.924478665
0.918986049
0.913103814
0.906790286
0.900005677
0.892708143
0.884856517
0.876406971
0.867308437
0.857493339
0.846884457
0.835389953
0.822880618
0.809213344
0.794200727
0.777639498
0.759314117
0.738955298
0.716304974
0.691106872
0.663124338
0.632177464
0.598123105
0.560940321
0.520749149
0.477823043
0.43290163
0.386144019
0.33833478
0.290509949
0.244018825
0.20006032
0.159851478
0.124341786
0.094066232
0.069138232
0.049302121
0.997112219
0.996855697
0.996572479
0.996272601
0.995962076
0.995641576
0.995307669
0.994954733
0.994576578
0.994167664
0.993723929
0.993243095
0.992724317
0.992167217
0.991570556
0.990931009
0.990242669
0.989497563
0.988686821
0.987801986
0.986835925
0.985782799
0.984637221
0.983393209
0.981989765
0.980465251
0.978814002
0.977029025
0.975104902
0.973038324
0.970826736
0.968468357
0.965959917
0.963293632
0.960458868
0.957441238
0.954224713
0.950791949
0.947126631
0.943210776
0.939024229
0.934546962
0.929758487
0.924635781
0.919152687
0.913280113
0.90697623
0.900201292
0.892913431
0.885071392
0.876631477
0.867542663
0.857737438
0.847138535
0.835654062
0.823154446
0.809496251
0.794492515
0.777940264
0.759623612
0.739273458
0.716631438
0.691440103
0.663462699
0.632519453
0.598466836
0.561283508
0.521088555
0.478154714
0.433222265
0.386449855
0.338622043
0.290778666
0.24416695
0.200186979
0.159963849
0.124436392
0.094144687
0.0692003
0.049349918
0.997112219
0.996855697
0.996572479
0.996272601
0.995962076
0.995641576
0.995307669
0.994954733
0.994576578
0.994167664
0.993723929
0.993243095
0.992724317
0.992167217
0.991570556
0.990931009
0.990242669
0.989497563
0.988686821
0.987801986
0.986835925
0.985782799
0.984637221
0.983393209
0.982043478
0.98052597
0.978878803
0.97709733
0.975176602
0.973113446
0.970905365
0.968550594
0.966045865
0.96338344
0.9605527
0.957539305
0.954327253
0.950899226
0.947239037
0.943328809
0.939148461
0.93467806
0.929897225
0.924782953
0.919308898
0.913445716
0.907151346
0.900385885
0.893107505
0.885274924
0.876844355
0.867764899
0.857969079
0.847379685
0.83590477
0.823414687
0.809765625
0.794770275
0.778226077
0.759917409
0.739574783
0.716939986
0.691755234
0.663782601
0.632842198
0.598790588
0.561606068
0.521407361
0.478466358
0.433522977
0.386736084
0.33889024
0.291025552
0.244392801
0.200308497
0.160065123
0.124523867
0.094216317
0.069258015
0.04939422
0.997112219
0.996855697
0.996572479
0.996272601
0.995962076
0.995641576
0.995307669
0.994954733
0.994576578
0.994167664
0.993723929
0.993243095
0.992724317
0.992167217
0.991570556
0.990931009
0.990242669
0.989497563
0.988686821
0.987801986
0.986835925
0.985782799
0.984637221
0.983393209
0.982043478
0.980579604
0.978939425
0.977162018
0.975244778
0.973184999
0.970980322
0.968629039
0.966127897
0.96346916
0.960642254
0.957632852
0.954425001
0.951001409
0.947345914
0.943440765
0.939265986
0.934801717
0.93002767
0.924920948
0.919455222
0.913600957
0.907315838
0.900559728
0.893290643
0.885467337
0.877045995
0.867975623
0.858188863
0.84760853
0.836142723
0.823661723
0.810021633
0.795034749
0.778498151
0.760196601
0.739860827
0.717232209
0.692053072
0.664085127
0.633147336
0.599096123
0.561909879
0.521707004
0.478759087
0.433805532
0.387004529
0.339141244
0.291256051
0.244600303
0.200493779
0.160162287
0.124602704
0.094282549
0.06931071
0.049435417
0.997112219
0.996855697
0.996572479
0.996272601
0.995962076
0.995641576
0.995307669
0.994954733
0.994576578
0.994167664
0.993723929
0.993243095
0.992724317
0.992167217
0.991570556
0.990931009
0.990242669
0.989497563
0.988686821
0.987801986
0.986835925
0.985782799
0.984637221
0.983393209
0.982043478
0.980579604
0.978992972
0.977222533
0.975309343
0.973253036
0.971051718
0.96870382
0.966206146
0.963550972
0.960727729
0.957722133
0.954518244
0.951098816
0.947447715
0.943547212
0.93937746
0.934918698
0.930150712
0.925050696
0.919592422
0.913746372
0.907470037
0.900723025
0.893463116
0.885648909
0.87723662
0.868175224
0.858397262
0.847825659
0.836368533
0.823896191
0.810264651
0.7952861
0.77875721
0.760462372
0.74013265
0.717509611
0.692335151
0.664371051
0.633435899
0.599384989
0.562196596
0.521989232
0.479034221
0.434070937
0.387256765
0.339376652
0.291471774
0.244794032
0.200664009
0.160310434
0.124678341
0.094342239
0.069359434
0.04947303
0.997112219
0.996855697
0.996572479
0.996272601
0.995962076
0.995641576
0.995307669
0.994954733
0.994576578
0.994167664
0.993723929
0.993243095
0.992724317
0.992167217
0.991570556
0.990931009
0.990242669
0.989497563
0.988686821
0.987801986
0.986835925
0.985782799
0.984637221
0.983393209
0.982043478
0.980579604
0.978992972
0.977275986
0.975369743
0.973317468
0.971119606
0.968775049
0.966280739
0.963629013
0.960809309
0.957807349
0.954607234
0.951191734
0.947544758
0.943648605
0.939483449
0.935029656
0.930267111
0.925173079
0.919721422
0.91388272
0.907614477
0.900876104
0.893625126
0.885819907
0.877416503
0.868363921
0.85859466
0.848031541
0.836582782
0.824118693
0.810495305
0.795524697
0.779003414
0.760715429
0.740391406
0.717773222
0.692602923
0.664641847
0.633708627
0.599658165
0.56246767
0.522255578
0.479293364
0.434320389
0.387493691
0.339597845
0.291674093
0.244975342
0.20082294
0.160446546
0.124793666
0.094399507
0.069403346
0.049507808
0.997112219
0.996855697
0.996572479
0.996272601
0.995962076
0.995641576
0.995307669
0.994954733
0.994576578
0.994167664
0.993723929
0.993243095
0.992724317
0.992167217
0.991570556
0.990931009
0.990242669
0.989497563
0.988686821
0.987801986
0.986835925
0.985782799
0.984637221
0.983393209
0.982043478
0.980579604
0.978992972
0.977275986
0.975423095
0.973377745
0.971183897
0.968842777
0.96635179
0.963703407
0.960887127
0.95788868
0.954692173
0.951280415
0.947637329
0.943745259
0.939584405
0.935135154
0.930377517
0.925288855
0.9198431
0.914010919
0.90774991
0.901019494
0.893776999
0.88598053
0.877585912
0.868541985
0.858781274
0.848226555
0.836785935
0.824329805
0.810714189
0.795751155
0.779237127
0.760955929
0.740637784
0.718024161
0.692857384
0.664898909
0.633966925
0.59991635
0.562724021
0.522507394
0.479537925
0.434555343
0.387716376
0.339805614
0.291864196
0.245145387
0.200971682
0.160573624
0.124899622
0.094486825
0.069445475
0.049539152
0.997112219
0.996855697
0.996572479
0.996272601
0.995962076
0.995641576
0.995307669
0.994954733
0.994576578
0.994167664
0.993723929
0.993243095
0.992724317
0.992167217
0.991570556
0.990931009
0.990242669
0.989497563
0.988686821
0.987801986
0.986835925
0.985782799
0.984637221
0.983393209
0.982043478
0.980579604
0.978992972
0.977275986
0.975423095
0.973430988
0.971244042
0.968906918
0.966419349
0.963774269
0.96096131
0.957966262
0.95477324
0.951365057
0.947725678
0.943837458
0.939680643
0.935235643
0.93048249
0.92539867
0.919958209
0.914131843
0.907877249
0.901153943
0.893919258
0.886131104
0.877745043
0.86870968
0.858957374
0.848410917
0.836978363
0.824529982
0.810921867
0.795966057
0.779458948
0.761184227
0.740871937
0.718263096
0.693099612
0.665143191
0.634212123
0.600160874
0.562966303
0.522745532
0.479769144
0.434777077
0.387926119
0.340000894
0.29204276
0.245305164
0.201111182
0.160692555
0.124998546
0.094567049
0.069509711
0.049569223
0.997112219
0.996855697
0.996572479
0.996272601
0.995962076
0.995641576
0.995307669
0.994954733
0.994576578
0.994167664
0.993723929
0.993243095
0.992724317
0.992167217
0.991570556
0.990931009
0.990242669
0.989497563
0.988686821
0.987801986
0.986835925
0.985782799
0.984637221
0.983393209
0.982043478
0.980579604
0.978992972
0.977275986
0.975423095
0.973430988
0.971297168
0.968966922
0.966483329
0.963841647
0.96103197
0.95804022
0.95485057
0.951445842
0.947810004
0.943925453
0.939772445
0.935331436
0.930582479
0.925503082
0.920067391
0.914246237
0.90799736
0.901280356
0.894052648
0.886272147
0.877894217
0.868867201
0.859123218
0.848584889
0.837160279
0.824719592
0.811118788
0.796169957
0.77966945
0.76140091
0.741094209
0.718490175
0.693330253
0.66537573
0.634445131
0.600392997
0.563195767
0.522970602
0.479987804
0.434986713
0.38812406
0.340184824
0.292210592
0.245455243
0.201242259
0.160804096
0.125091128
0.094641949
0.069568728
0.049615074
0.997112219
0.996855697
0.996572479
0.996272601
0.995962076
0.995641576
0.995307669
0.994954733
0.994576578
0.994167664
0.993723929
0.993243095
0.992724317
0.992167217
0.991570556
0.990931009
0.990242669
0.989497563
0.988686821
0.987801986
0.986835925
0.985782799
0.984637221
0.983393209
0.982043478
0.980579604
0.978992972
0.977275986
0.975423095
0.973430988
0.971297168
0.969019923
0.966543183
0.963905457
0.961099157
0.958110665
0.954924287
0.951522902
0.947890487
0.944009442
0.939860061
0.935422813
0.930677795
0.925602536
0.920171202
0.914354741
0.908110987
0.901399595
0.894178065
0.886404396
0.878033948
0.869014866
0.859279001
0.848748731
0.837331945
0.824898844
0.811305313
0.796363295
0.779869175
0.761606535
0.741305173
0.718705733
0.69354945
0.665597145
0.634666938
0.60061358
0.563413593
0.523183764
0.480194464
0.435184963
0.388311202
0.340358404
0.292368669
0.245596302
0.201365381
0.160908902
0.125177957
0.094712047
0.069623829
0.0496572
0.997112219
0.996855697
0.996572479
0.996272601
0.995962076
0.995641576
0.995307669
0.994954733
0.994576578
0.994167664
0.993723929
0.993243095
0.992724317
0.992167217
0.991570556
0.990931009
0.990242669
0.989497563
0.988686821
0.987801986
0.986835925
0.985782799
0.984637221
0.983393209
0.982043478
0.980579604
0.978992972
0.977275986
0.975423095
0.973430988
0.971297168
0.969019923
0.966596052
0.963965151
0.961162785
0.958177647
0.954994503
0.951596362
0.947967259
0.944089602
0.939943688
0.935510024
0.930768718
0.925697341
0.920270083
0.914457907
0.908218763
0.901512396
0.894296365
0.88652874
0.878164968
0.869153185
0.859425037
0.848902633
0.837493614
0.825067995
0.81148165
0.796546428
0.780058555
0.761801633
0.741505371
0.718910323
0.693757525
0.665807574
0.634878135
0.600823559
0.563620589
0.523386114
0.48039019
0.435372333
0.388488179
0.340522515
0.292517851
0.245729162
0.201481102
0.161007347
0.125259544
0.094777789
0.069675396
0.04969653
0.997112219
0.996855697
0.996572479
0.996272601
0.995962076
0.995641576
0.995307669
0.994954733
0.994576578
0.994167664
0.993723929
0.993243095
0.992724317
0.992167217
0.991570556
0.990931009
0.990242669
0.989497563
0.988686821
0.987801986
0.986835925
0.985782799
0.984637221
0.983393209
0.982043478
0.980579604
0.978992972
0.977275986
0.975423095
0.973430988
0.971297168
0.969019923
0.966596052
0.964017879
0.96122231
0.958241082
0.955061267
0.951666333
0.948040444
0.944166066
0.940023503
0.935593263
0.930855494
0.925787777
0.920364342
0.914556174
0.908321236
0.901619389
0.894408277
0.886646027
0.878288156
0.869282879
0.859561829
0.849046905
0.837645475
0.825227297
0.81164805
0.796719557
0.780237938
0.761986626
0.74169532
0.719104473
0.693955013
0.666007326
0.635078851
0.601023494
0.563817635
0.523578405
0.480575989
0.43554979
0.388655443
0.340677712
0.292658894
0.245854546
0.201590097
0.161099875
0.125336178
0.094839562
0.06972376
0.049733338
0.997112219
0.996855697
0.996572479
0.996272601
0.995962076
0.995641576
0.995307669
0.994954733
0.994576578
0.994167664
0.993723929
0.993243095
0.992724317
0.992167217
0.991570556
0.990931009
0.990242669
0.989497563
0.988686821
0.987801986
0.986835925
0.985782799
0.984637221
0.983393209
0.982043478
0.980579604
0.978992972
0.977275986
0.975423095
0.973430988
0.971297168
0.969019923
0.966596052
0.964017879
0.961274887
0.958300425
0.955124496
0.951732865
0.948110154
0.944238958
0.940099637
0.935672708
0.93093832
0.92587409
0.920454257
0.914649848
0.908418844
0.901721118
0.894514426
0.886756982
0.878404353
0.869404821
0.859690092
0.849182045
0.837787834
0.825376933
0.81180476
0.79688293
0.780407522
0.762161853
0.74187543
0.719288684
0.694142424
0.666196915
0.635269384
0.601213507
0.564005256
0.523761452
0.480752552
0.435718246
0.388813858
0.340824392
0.292792277
0.24597309
0.201692959
0.161187026
0.125408207
0.094897585
0.069769204
0.049767859
0.997112219
0.996855697
0.996572479
0.996272601
0.995962076
0.995641576
0.995307669
0.994954733
0.994576578
0.994167664
0.993723929
0.993243095
0.992724317
0.992167217
0.991570556
0.990931009
0.990242669
0.989497563
0.988686821
0.987801986
0.986835925
0.985782799
0.984637221
0.983393209
0.982043478
0.980579604
0.978992972
0.977275986
0.975423095
0.973430988
0.971297168
0.969019923
0.966596052
0.964017879
0.961274887
0.958352843
0.955183646
0.951795873
0.948176438
0.944308388
0.940172215
0.935748491
0.93101737
0.925956472
0.920540072
0.914739205
0.90851189
0.901818016
0.894615354
0.886862224
0.878514277
0.869519843
0.859810689
0.84930876
0.837921182
0.825517207
0.811951963
0.797036789
0.780567551
0.762327508
0.742046033
0.719463353
0.69432024
0.666376829
0.635450223
0.60139388
0.564183566
0.523935743
0.480920626
0.435878328
0.388964239
0.340963311
0.292918339
0.246085195
0.201790209
0.161269272
0.125476049
0.094952121
0.069811889
0.049800296
0.997112219
0.996855697
0.996572479
0.996272601
0.995962076
0.995641576
0.995307669
0.994954733
0.994576578
0.994167664
0.993723929
0.993243095
0.992724317
0.992167217
0.991570556
0.990931009
0.990242669
0.989497563
0.988686821
0.987801986
0.986835925
0.985782799
0.984637221
0.983393209
0.982043478
0.980579604
0.978992972
0.977275986
0.975423095
0.973430988
0.971297168
0.969019923
0.966596052
0.964017879
0.961274887
0.958352843
0.955235894
0.951854817
0.94823921
0.944374406
0.940241347
0.935820733
0.931092775
0.926035099
0.92062198
0.914824487
0.908600647
0.901910386
0.894711489
0.886962287
0.87861854
0.869628655
0.859924441
0.8494279
0.838046216
0.825648602
0.812089955
0.797181314
0.78071826
0.762483829
0.742207316
0.719628801
0.694488846
0.666547533
0.635621834
0.601565076
0.56435283
0.524101385
0.481080661
0.436030715
0.389107143
0.341095184
0.293037732
0.246191147
0.201882177
0.161347031
0.125540073
0.095003487
0.069852009
0.049830764
0.997112219
0.996855697
0.996572479
0.996272601
0.995962076
0.995641576
0.995307669
0.994954733
0.994576578
0.994167664
0.993723929
0.993243095
0.992724317
0.992167217
0.991570556
0.990931009
0.990242669
0.989497563
0.988686821
0.987801986
0.986835925
0.985782799
0.984637221
0.983393209
0.982043478
0.980579604
0.978992972
0.977275986
0.975423095
0.973430988
0.971297168
0.969019923
0.966596052
0.964017879
0.961274887
0.958352843
0.955235894
0.951906883
0.948297934
0.944436927
0.94030708
0.935889544
0.931164658
0.9261101
0.920700154
0.914905886
0.908685357
0.901998498
0.89480313
0.8870576
0.878717674
0.869731864
0.860032052
0.849540279
0.838163777
0.825771805
0.812219213
0.797316796
0.780859826
0.762631047
0.74235951
0.719785212
0.694648551
0.666709394
0.635784659
0.601727535
0.564513481
0.524258623
0.481232755
0.436175811
0.389243178
0.341220502
0.29315107
0.246291494
0.201969098
0.161420567
0.125600605
0.095051963
0.069889796
0.049859401
0.997112219
0.996855697
0.996572479
0.996272601
0.995962076
0.995641576
0.995307669
0.994954733
0.994576578
0.994167664
0.993723929
0.993243095
0.992724317
0.992167217
0.991570556
0.990931009
0.990242669
0.989497563
0.988686821
0.987801986
0.986835925
0.985782799
0.984637221
0.983393209
0.982043478
0.980579604
0.978992972
0.977275986
0.975423095
0.973430988
0.971297168
0.969019923
0.966596052
0.964017879
0.961274887
0.958352843
0.955235894
0.951906883
0.948349805
0.944495415
0.940369332
0.935954973
0.931233127
0.926181599
0.920774724
0.914983575
0.908766209
0.902082592
0.894890548
0.887148458
0.8788121
0.869829995
0.860134122
0.84964659
0.838274665
0.825887644
0.812340412
0.797443702
0.780992534
0.762769333
0.742502843
0.719932809
0.694799532
0.666862712
0.63593905
0.601881678
0.564665934
0.524407861
0.481377132
0.436313709
0.389372706
0.341339795
0.293258773
0.246386752
0.20205142
0.161490067
0.125657849
0.095097794
0.069925458
0.049886374
0.997112219
0.996855697
0.996572479
0.996272601
0.995962076
0.995641576
0.995307669
0.994954733
0.994576578
0.994167664
0.993723929
0.993243095
0.992724317
0.992167217
0.991570556
0.990931009
0.990242669
0.989497563
0.988686821
0.987801986
0.986835925
0.985782799
0.984637221
0.983393209
0.982043478
0.980579604
0.978992972
0.977275986
0.975423095
0.973430988
0.971297168
0.969019923
0.966596052
0.964017879
0.961274887
0.958352843
0.955235894
0.951906883
0.948349805
0.944547078
0.940427568
0.936016937
0.93129823
0.926249701
0.92084581
0.915057681
0.908843377
0.902162858
0.89497398
0.887235128
0.878902113
0.869923466
0.86023117
0.849747428
0.838379567
0.825996908
0.812454366
0.797562696
0.781116842
0.762898967
0.742637479
0.720071811
0.694942006
0.667007654
0.636085292
0.602027836
0.564810583
0.524549484
0.481514163
0.436444609
0.389495806
0.341453382
0.293361298
0.246477274
0.202129567
0.16155589
0.125711951
0.095141136
0.069959174
0.049911828
0.997112219
0.996855697
0.996572479
0.996272601
0.995962076
0.995641576
0.995307669
0.994954733
0.994576578
0.994167664
0.993723929
0.993243095
0.992724317
0.992167217
0.991570556
0.990931009
0.990242669
0.989497563
0.988686821
0.987801986
0.986835925
0.985782799
0.984637221
0.983393209
0.982043478
0.980579604
0.978992972
0.977275986
0.975423095
0.973430988
0.971297168
0.969019923
0.966596052
0.964017879
0.961274887
0.958352843
0.955235894
0.951906883
0.948349805
0.944547078
0.940479008
0.936074904
0.931359886
0.926314456
0.92091352
0.915128326
0.908916986
0.902239464
0.895053612
0.887317846
0.878987978
0.870012569
0.86032361
0.849843304
0.838479067
0.826100273
0.812561854
0.797674578
0.7812334
0.763020395
0.742763691
0.72020238
0.695076183
0.667144428
0.636223544
0.602166279
0.564947739
0.524683856
0.481644201
0.43656885
0.38961266
0.341561332
0.293458919
0.246563444
0.202203829
0.161618374
0.125763191
0.0951821
0.069991058
0.049935894
0.997112219
0.996855697
0.996572479
0.996272601
0.995962076
0.995641576
0.995307669
0.994954733
0.994576578
0.994167664
0.993723929
0.993243095
0.992724317
0.992167217
0.991570556
0.990931009
0.990242669
0.989497563
0.988686821
0.987801986
0.986835925
0.985782799
0.984637221
0.983393209
0.982043478
0.980579604
0.978992972
0.977275986
0.975423095
0.973430988
0.971297168
0.969019923
0.966596052
0.964017879
0.961274887
0.958352843
0.955235894
0.951906883
0.948349805
0.944547078
0.940479008
0.936126106
0.931417564
0.926375782
0.920977902
0.915195616
0.908987157
0.902312539
0.895129615
0.887396797
0.879069927
0.870097565
0.860411729
0.849934628
0.838573672
0.826198316
0.812663537
0.79778011
0.781342991
0.763134252
0.742881915
0.72032478
0.695202219
0.667273238
0.636354006
0.60229716
0.565077655
0.524811268
0.481767583
0.43668675
0.38972357
0.341663806
0.293551696
0.246645492
0.202274521
0.161677752
0.125811832
0.095220896
0.070021193
0.049958653
0.997112219
0.996855697
0.996572479
0.996272601
0.995962076
0.995641576
0.995307669
0.994954733
0.994576578
0.994167664
0.993723929
0.993243095
0.992724317
0.992167217
0.991570556
0.990931009
0.990242669
0.989497563
0.988686821
0.987801986
0.986835925
0.985782799
0.984637221
0.983393209
0.982043478
0.980579604
0.978992972
0.977275986
0.975423095
0.973430988
0.971297168
0.969019923
0.966596052
0.964017879
0.961274887
0.958352843
0.955235894
0.951906883
0.948349805
0.944547078
0.940479008
0.936126106
0.931468512
0.926433152
0.921038874
0.915259598
0.909053995
0.9023822
0.895202114
0.88747215
0.879148144
0.870178685
0.860495787
0.850021683
0.838663785
0.826291535
0.812759985
0.797879944
0.781446362
0.763241304
0.742992767
0.720439432
0.69532037
0.667394233
0.636476871
0.602420665
0.565200474
0.524931954
0.481884573
0.436798615
0.389828819
0.341761066
0.293639766
0.246723469
0.202341832
0.161734276
0.125858055
0.095257724
0.070049734
0.049980163
0.997112219
0.996855697
0.996572479
0.996272601
0.995962076
0.995641576
0.995307669
0.994954733
0.994576578
0.994167664
0.993723929
0.993243095
0.992724317
0.992167217
0.991570556
0.990931009
0.990242669
0.989497563
0.988686821
0.987801986
0.986835925
0.985782799
0.984637221
0.983393209
0.982043478
0.980579604
0.978992972
0.977275986
0.975423095
0.973430988
0.971297168
0.969019923
0.966596052
0.964017879
0.961274887
0.958352843
0.955235894
0.951906883
0.948349805
0.944547078
0.940479008
0.936126106
0.931468512
0.926483826
0.921095914
0.915320192
0.909117548
0.902448552
0.895271226
0.887544028
0.879222797
0.870256111
0.860576012
0.850104726
0.838749685
0.826380328
0.812851688
0.797974637
0.781544152
0.76334228
0.743096994
0.720546935
0.695431042
0.667507658
0.636592282
0.602536978
0.565316373
0.525046047
0.481995388
0.436904685
0.38992868
0.341853362
0.293723355
0.24679749
0.202405802
0.161788096
0.125902056
0.095292721
0.070076827
0.050000535
0.997112219
0.996855697
0.996572479
0.996272601
0.995962076
0.995641576
0.995307669
0.994954733
0.994576578
0.994167664
0.993723929
0.993243095
0.992724317
0.992167217
0.991570556
0.990931009
0.990242669
0.989497563
0.988686821
0.987801986
0.986835925
0.985782799
0.984637221
0.983393209
0.982043478
0.980579604
0.978992972
0.977275986
0.975423095
0.973430988
0.971297168
0.969019923
0.966596052
0.964017879
0.961274887
0.958352843
0.955235894
0.951906883
0.948349805
0.944547078
0.940479008
0.936126106
0.931468512
0.926483826
0.921146296
0.915376877
0.909177735
0.902511643
0.895337056
0.887612549
0.879294007
0.870330009
0.860652584
0.850183982
0.838831627
0.826464971
0.812939037
0.798064672
0.781636907
0.763437805
0.743195305
0.720648013
0.695534814
0.667613903
0.636700472
0.602646235
0.565425522
0.525153712
0.482100149
0.437005156
0.390023369
0.341940933
0.293802678
0.246867745
0.202466527
0.161839245
0.125943952
0.095326036
0.070102573
0.050019873
0.997112219
0.996855697
0.996572479
0.996272601
0.995962076
0.995641576
0.995307669
0.994954733
0.994576578
0.994167664
0.993723929
0.993243095
0.992724317
0.992167217
0.991570556
0.990931009
0.990242669
0.989497563
0.988686821
0.987801986
0.986835925
0.985782799
0.984637221
0.983393209
0.982043478
0.980579604
0.978992972
0.977275986
0.975423095
0.973430988
0.971297168
0.969019923
0.966596052
0.964017879
0.961274887
0.958352843
0.955235894
0.951906883
0.948349805
0.944547078
0.940479008
0.936126106
0.931468512
0.926483826
0.921146296
0.915426947
0.90923404
0.902571393
0.89539965
0.887677815
0.879361891
0.870400499
0.860725666
0.850259629
0.838909832
0.826545712
0.813022303
0.798150432
0.781725098
0.763528411
0.743288308
0.720743354
0.695632383
0.667713524
0.636801814
0.602748656
0.565528049
0.525255107
0.482199007
0.437100139
0.390113059
0.342023969
0.293877941
0.246934414
0.202524162
0.1618878
0.125983769
0.095357758
0.070127081
0.05003825
0.997112219
0.996855697
0.996572479
0.996272601
0.995962076
0.995641576
0.995307669
0.994954733
0.994576578
0.994167664
0.993723929
0.993243095
0.992724317
0.992167217
0.991570556
0.990931009
0.990242669
0.989497563
0.988686821
0.987801986
0.986835925
0.985782799
0.984637221
0.983393209
0.982043478
0.980579604
0.978992972
0.977275986
0.975423095
0.973430988
0.971297168
0.969019923
0.966596052
0.964017879
0.961274887
0.958352843
0.955235894
0.951906883
0.948349805
0.944547078
0.940479008
0.936126106
0.931468512
0.926483826
0.921146296
0.915426947
0.909283774
0.902627289
0.895458928
0.887739874
0.879426551
0.870467696
0.860795378
0.850331829
0.838984476
0.826622772
0.813101731
0.798232183
0.781809102
0.763614559
0.743376523
0.720833548
0.695724415
0.66780719
0.636896837
0.602844593
0.565624162
0.52535035
0.482292109
0.437189769
0.39019785
0.342102621
0.293949305
0.24699767
0.202578856
0.161933883
0.126021566
0.095387905
0.070150417
0.050055744
0.997112219
0.996855697
0.996572479
0.996272601
0.995962076
0.995641576
0.995307669
0.994954733
0.994576578
0.994167664
0.993723929
0.993243095
0.992724317
0.992167217
0.991570556
0.990931009
0.990242669
0.989497563
0.988686821
0.987801986
0.986835925
0.985782799
0.984637221
0.983393209
0.982043478
0.980579604
0.978992972
0.977275986
0.975423095
0.973430988
0.971297168
0.969019923
0.966596052
0.964017879
0.961274887
0.958352843
0.955235894
0.951906883
0.948349805
0.944547078
0.940479008
0.936126106
0.931468512
0.926483826
0.921146296
0.915426947
0.909283774
0.902676661
0.895514384
0.887798646
0.879488032
0.870531702
0.860861834
0.850400699
0.839055718
0.826696323
0.813177538
0.798310166
0.781889179
0.763696617
0.743460397
0.720919097
0.695811477
0.667895541
0.63698618
0.602934549
0.56571419
0.525439634
0.482379561
0.43727418
0.390277862
0.342176977
0.294016902
0.24705765
0.20263075
0.161977615
0.12605744
0.095416523
0.070172595
0.050072401
0.997112219
0.996855697
0.996572479
0.996272601
0.995962076
0.995641576
0.995307669
0.994954733
0.994576578
0.994167664
0.993723929
0.993243095
0.992724317
0.992167217
0.991570556
0.990931009
0.990242669
0.989497563
0.988686821
0.987801986
0.986835925
0.985782799
0.984637221
0.983393209
0.982043478
0.980579604
0.978992972
0.977275986
0.975423095
0.973430988
0.971297168
0.969019923
0.966596052
0.964017879
0.961274887
0.958352843
0.955235894
0.951906883
0.948349805
0.944547078
0.940479008
0.936126106
0.931468512
0.926483826
0.921146296
0.915426947
0.909283774
0.902676661
0.895563367
0.887853627
0.879546258
0.870592562
0.860925133
0.850466352
0.839123675
0.826766521
0.813249892
0.798384594
0.781965566
0.763774839
0.743540289
0.721000438
0.695894057
0.667979121
0.637070453
0.603019128
0.565798606
0.525523267
0.482461543
0.43735347
0.390353216
0.342247143
0.294080806
0.247114464
0.202679956
0.162019109
0.126091484
0.095443685
0.070193648
0.050088232
0.997112219
0.996855697
0.996572479
0.996272601
0.995962076
0.995641576
0.995307669
0.994954733
0.994576578
0.994167664
0.993723929
0.993243095
0.992724317
0.992167217
0.991570556
0.990931009
0.990242669
0.989497563
0.988686821
0.987801986
0.986835925
0.985782799
0.984637221
0.983393209
0.982043478
0.980579604
0.978992972
0.977275986
0.975423095
0.973430988
0.971297168
0.969019923
0.966596052
0.964017879
0.961274887
0.958352843
0.955235894
0.951906883
0.948349805
0.944547078
0.940479008
0.936126106
0.931468512
0.926483826
0.921146296
0.915426947
0.909283774
0.902676661
0.895563367
0.887902191
0.879600728
0.870650198
0.860985322
0.850528887
0.839188458
0.826833483
0.813318949
0.798455632
0.78203847
0.763849456
0.743616447
0.721077916
0.695972575
0.668058398
0.637150176
0.603098908
0.565877975
0.525601685
0.482538334
0.437427799
0.390423998
0.342313223
0.29414111
0.247168174
0.202726564
0.162058453
0.126123784
0.09546946
0.07021363
0.050103259
0.997112219
0.996855697
0.996572479
0.996272601
0.995962076
0.995641576
0.995307669
0.994954733
0.994576578
0.994167664
0.993723929
0.993243095
0.992724317
0.992167217
0.991570556
0.990931009
0.990242669
0.989497563
0.988686821
0.987801986
0.986835925
0.985782799
0.984637221
0.983393209
0.982043478
0.980579604
0.978992972
0.977275986
0.975423095
0.973430988
0.971297168
0.969019923
0.966596052
0.964017879
0.961274887
0.958352843
0.955235894
0.951906883
0.948349805
0.944547078
0.940479008
0.936126106
0.931468512
0.926483826
0.921146296
0.915426947
0.909283774
0.902676661
0.895563367
0.887902191
0.879648841
0.870704117
0.861042322
0.850588349
0.839250164
0.826897317
0.813384821
0.798523433
0.782108054
0.76392067
0.743689094
0.721151773
0.696047363
0.668133774
0.637225794
0.603174379
0.565952841
0.525675416
0.482610338
0.437497423
0.390490351
0.342375293
0.294197901
0.247218858
0.202770627
0.16209572
0.126154411
0.095493917
0.070232592
0.050117521
0.997112219
0.996855697
0.996572479
0.996272601
0.995962076
0.995641576
0.995307669
0.994954733
0.994576578
0.994167664
0.993723929
0.993243095
0.992724317
0.992167217
0.991570556
0.990931009
0.990242669
0.989497563
0.988686821
0.987801986
0.986835925
0.985782799
0.984637221
0.983393209
0.982043478
0.980579604
0.978992972
0.977275986
0.975423095
0.973430988
0.971297168
0.969019923
0.966596052
0.964017879
0.961274887
0.958352843
0.955235894
0.951906883
0.948349805
0.944547078
0.940479008
0.936126106
0.931468512
0.926483826
0.921146296
0.915426947
0.909283774
0.902676661
0.895563367
0.887902191
0.879648841
0.870751743
0.861095646
0.850644661
0.839308837
0.826958119
0.813447617
0.798588107
0.782174466
0.763988642
0.743758429
0.721222226
0.696118657
0.668205572
0.637297691
0.603245965
0.566023664
0.525744962
0.482678039
0.437562706
0.390552504
0.342433481
0.294251248
0.24726659
0.202812206
0.162130951
0.126183422
0.095517106
0.070250583
0.050131056
0.997112219
0.996855697
0.996572479
0.996272601
0.995962076
0.995641576
0.995307669
0.994954733
0.994576578
0.994167664
0.993723929
0.993243095
0.992724317
0.992167217
0.991570556
0.990931009
0.990242669
0.989497563
0.988686821
0.987801986
0.986835925
0.985782799
0.984637221
0.983393209
0.982043478
0.980579604
0.978992972
0.977275986
0.975423095
0.973430988
0.971297168
0.969019923
0.966596052
0.964017879
0.961274887
0.958352843
0.955235894
0.951906883
0.948349805
0.944547078
0.940479008
0.936126106
0.931468512
0.926483826
0.921146296
0.915426947
0.909283774
0.902676661
0.895563367
0.887902191
0.879648841
0.870751743
0.861142747
0.850697341
0.839364402
0.827015933
0.81350743
0.79864976
0.782237816
0.764053516
0.743824607
0.721289467
0.696186664
0.668274013
0.637366175
0.603314029
0.566090841
0.525810754
0.482741897
0.437624087
0.390610782
0.342487985
0.294301256
0.247311426
0.202851365
0.162164197
0.126210848
0.095539071
0.070267642
0.050143898
0.997112219
0.996855697
0.996572479
0.996272601
0.995962076
0.995641576
0.995307669
0.994954733
0.994576578
0.994167664
0.993723929
0.993243095
0.992724317
0.992167217
0.991570556
0.990931009
0.990242669
0.989497563
0.988686821
0.987801986
0.986835925
0.985782799
0.984637221
0.983393209
0.982043478
0.980579604
0.978992972
0.977275986
0.975423095
0.973430988
0.971297168
0.969019923
0.966596052
0.964017879
0.961274887
0.958352843
0.955235894
0.951906883
0.948349805
0.944547078
0.940479008
0.936126106
0.931468512
0.926483826
0.921146296
0.915426947
0.909283774
0.902676661
0.895563367
0.887902191
0.879648841
0.870751743
0.861142747
0.850743873
0.839416383
0.827070684
0.813564303
0.798708485
0.782298207
0.764115398
0.743887769
0.721353645
0.69625157
0.6683393
0.637431458
0.60337886
0.566154712
0.525873158
0.482802307
0.437681984
0.390665577
0.34253909
0.294348099
0.247353457
0.202888147
0.162195507
0.126236728
0.095559836
0.070283801
0.050156075
0.997112219
0.996855697
0.996572479
0.996272601
0.995962076
0.995641576
0.995307669
0.994954733
0.994576578
0.994167664
0.993723929
0.993243095
0.992724317
0.992167217
0.991570556
0.990931009
0.990242669
0.989497563
0.988686821
0.987801986
0.986835925
0.985782799
0.984637221
0.983393209
0.982043478
0.980579604
0.978992972
0.977275986
0.975423095
0.973430988
0.971297168
0.969019923
0.966596052
0.964017879
0.961274887
0.958352843
0.955235894
0.951906883
0.948349805
0.944547078
0.940479008
0.936126106
0.931468512
0.926483826
0.921146296
0.915426947
0.909283774
0.902676661
0.895563367
0.887902191
0.879648841
0.870751743
0.861142747
0.850743873
0.839462298
0.827121904
0.813618164
0.798764324
0.782355729
0.76417439
0.743948018
0.721414899
0.696313521
0.66840161
0.637493732
0.603440662
0.566215551
0.525932492
0.482859607
0.437736756
0.390717261
0.342587142
0.294392021
0.247392828
0.202922628
0.162224918
0.126261102
0.095579432
0.070299077
0.050167609
0.997112219
0.996855697
0.996572479
0.996272601
0.995962076
0.995641576
0.995307669
0.994954733
0.994576578
0.994167664
0.993723929
0.993243095
0.992724317
0.992167217
0.991570556
0.990931009
0.990242669
0.989497563
0.988686821
0.987801986
0.986835925
0.985782799
0.984637221
0.983393209
0.982043478
0.980579604
0.978992972
0.977275986
0.975423095
0.973430988
0.971297168
0.969019923
0.966596052
0.964017879
0.961274887
0.958352843
0.955235894
0.951906883
0.948349805
0.944547078
0.940479008
0.936126106
0.931468512
0.926483826
0.921146296
0.915426947
0.909283774
0.902676661
0.895563367
0.887902191
0.879648841
0.870751743
0.861142747
0.850743873
0.839462298
0.827167147
0.813668551
0.798817205
0.782410425
0.76423058
0.744005453
0.721473328
0.696372648
0.668461083
0.637553166
0.603499615
0.566273546
0.525989008
0.482914087
0.437788707
0.390766156
0.342632466
0.294433319
0.247429743
0.202954927
0.162252488
0.126283996
0.095597886
0.070313493
0.050178513
0.997112219
0.996855697
0.996572479
0.996272601
0.995962076
0.995641576
0.995307669
0.994954733
0.994576578
0.994167664
0.993723929
0.993243095
0.992724317
0.992167217
0.991570556
0.990931009
0.990242669
0.989497563
0.988686821
0.987801986
0.986835925
0.985782799
0.984637221
0.983393209
0.982043478
0.980579604
0.978992972
0.977275986
0.975423095
0.973430988
0.971297168
0.969019923
0.966596052
0.964017879
0.961274887
0.958352843
0.955235894
0.951906883
0.948349805
0.944547078
0.940479008
0.936126106
0.931468512
0.926483826
0.921146296
0.915426947
0.909283774
0.902676661
0.895563367
0.887902191
0.879648841
0.870751743
0.861142747
0.850743873
0.839462298
0.827167147
0.813713058
0.798866675
0.782462223
0.764284009
0.74406016
0.721529027
0.696429049
0.668517845
0.637609894
0.60355588
0.566328868
0.526042883
0.482965981
0.437838102
0.390812532
0.342675343
0.294472272
0.247464453
0.202985212
0.162278314
0.126305458
0.09561522
0.070327069
0.050188802
0.997112219
0.996855697
0.996572479
0.996272601
0.995962076
0.995641576
0.995307669
0.994954733
0.994576578
0.994167664
0.993723929
0.993243095
0.992724317
0.992167217
0.991570556
0.990931009
0.990242669
0.989497563
0.988686821
0.987801986
0.986835925
0.985782799
0.984637221
0.983393209
0.982043478
0.980579604
0.978992972
0.977275986
0.975423095
0.973430988
0.971297168
0.969019923
0.966596052
0.964017879
0.961274887
0.958352843
0.955235894
0.951906883
0.948349805
0.944547078
0.940479008
0.936126106
0.931468512
0.926483826
0.921146296
0.915426947
0.909283774
0.902676661
0.895563367
0.887902191
0.879648841
0.870751743
0.861142747
0.850743873
0.839462298
0.827167147
0.813713058
0.798910372
0.782510681
0.764334607
0.744112178
0.721582082
0.696482815
0.66857199
0.637664036
0.603609583
0.566381667
0.526094275
0.483015449
0.437885152
0.390856627
0.342716012
0.294509122
0.247497192
0.203013686
0.162302529
0.126325562
0.09563147
0.070339821
0.050198492
0.997112219
0.996855697
0.996572479
0.996272601
0.995962076
0.995641576
0.995307669
0.994954733
0.994576578
0.994167664
0.993723929
0.993243095
0.992724317
0.992167217
0.991570556
0.990931009
0.990242669
0.989497563
0.988686821
0.987801986
0.986835925
0.985782799
0.984637221
0.983393209
0.982043478
0.980579604
0.978992972
0.977275986
0.975423095
0.973430988
0.971297168
0.969019923
0.966596052
0.964017879
0.961274887
0.958352843
0.955235894
0.951906883
0.948349805
0.944547078
0.940479008
0.936126106
0.931468512
0.926483826
0.921146296
0.915426947
0.909283774
0.902676661
0.895563367
0.887902191
0.879648841
0.870751743
0.861142747
0.850743873
0.839462298
0.827167147
0.813713058
0.798910372
0.782553483
0.764381942
0.744161441
0.721632528
0.696534028
0.668623605
0.637715682
0.603660838
0.566432063
0.526143323
0.483062637
0.437930003
0.390898629
0.34275468
0.294544075
0.247528164
0.203040545
0.162325296
0.126344412
0.095646692
0.070351775
0.050207595
0.997112219
0.996855697
0.996572479
0.996272601
0.995962076
0.995641576
0.995307669
0.994954733
0.994576578
0.994167664
0.993723929
0.993243095
0.992724317
0.992167217
0.991570556
0.990931009
0.990242669
0.989497563
0.988686821
0.987801986
0.986835925
0.985782799
0.984637221
0.983393209
0.982043478
0.980579604
0.978992972
0.977275986
0.975423095
0.973430988
0.971297168
0.969019923
0.966596052
0.964017879
0.961274887
0.958352843
0.955235894
0.951906883
0.948349805
0.944547078
0.940479008
0.936126106
0.931468512
0.926483826
0.921146296
0.915426947
0.909283774
0.902676661
0.895563367
0.887902191
0.879648841
0.870751743
0.861142747
0.850743873
0.839462298
0.827167147
0.813713058
0.798910372
0.782553483
0.764423752
0.744207526
0.721680303
0.696582723
0.66867277
0.637764916
0.60370973
0.566480161
0.526190138
0.483107674
0.437972787
0.390938667
0.342791513
0.294577308
0.247557541
0.203065953
0.162346772
0.126362136
0.095660964
0.070362973
0.050216128
0.997112219
0.996855697
0.996572479
0.996272601
0.995962076
0.995641576
0.995307669
0.994954733
0.994576578
0.994167664
0.993723929
0.993243095
0.992724317
0.992167217
0.991570556
0.990931009
0.990242669
0.989497563
0.988686821
0.987801986
0.986835925
0.985782799
0.984637221
0.983393209
0.982043478
0.980579604
0.978992972
0.977275986
0.975423095
0.973430988
0.971297168
0.969019923
0.966596052
0.964017879
0.961274887
0.958352843
0.955235894
0.951906883
0.948349805
0.944547078
0.940479008
0.936126106
0.931468512
0.926483826
0.921146296
0.915426947
0.909283774
0.902676661
0.895563367
0.887902191
0.879648841
0.870751743
0.861142747
0.850743873
0.839462298
0.827167147
0.813713058
0.798910372
0.782553483
0.764423752
0.744248233
0.721724996
0.69662884
0.668719517
0.637811811
0.603756338
0.566526042
0.526234819
0.48315066
0.438013619
0.39097686
0.342826623
0.294608963
0.247585472
0.203090053
0.162367088
0.126378853
0.095674383
0.070373472
0.05022412
0.997112219
0.996855697
0.996572479
0.996272601
0.995962076
0.995641576
0.995307669
0.994954733
0.994576578
0.994167664
0.993723929
0.993243095
0.992724317
0.992167217
0.991570556
0.990931009
0.990242669
0.989497563
0.988686821
0.987801986
0.986835925
0.985782799
0.984637221
0.983393209
0.982043478
0.980579604
0.978992972
0.977275986
0.975423095
0.973430988
0.971297168
0.969019923
0.966596052
0.964017879
0.961274887
0.958352843
0.955235894
0.951906883
0.948349805
0.944547078
0.940479008
0.936126106
0.931468512
0.926483826
0.921146296
0.915426947
0.909283774
0.902676661
0.895563367
0.887902191
0.879648841
0.870751743
0.861142747
0.850743873
0.839462298
0.827167147
0.813713058
0.798910372
0.782553483
0.764423752
0.744248233
0.721764474
0.696671981
0.668763789
0.637856401
0.603800733
0.566569779
0.52627744
0.483191686
0.438052593
0.391013311
0.342860116
0.294639139
0.247612078
0.203112968
0.162386358
0.126394668
0.095687041
0.070383344
0.050231615
0.997112219
0.996855697
0.996572479
0.996272601
0.995962076
0.995641576
0.995307669
0.994954733
0.994576578
0.994167664
0.993723929
0.993243095
0.992724317
0.992167217
0.991570556
0.990931009
0.990242669
0.989497563
0.988686821
0.987801986
0.986835925
0.985782799
0.984637221
0.983393209
0.982043478
0.980579604
0.978992972
0.977275986
0.975423095
0.973430988
0.971297168
0.969019923
0.966596052
0.964017879
0.961274887
0.958352843
0.955235894
0.951906883
0.948349805
0.944547078
0.940479008
0.936126106
0.931468512
0.926483826
0.921146296
0.915426947
0.909283774
0.902676661
0.895563367
0.887902191
0.879648841
0.870751743
0.861142747
0.850743873
0.839462298
0.827167147
0.813713058
0.798910372
0.782553483
0.764423752
0.744248233
0.721764474
0.696710089
0.668805205
0.637898629
0.603842945
0.566611439
0.52631807
0.483230821
0.43808979
0.391048102
0.342892081
0.294667924
0.24763744
0.203134794
0.16240468
0.126409669
0.095699015
0.070392656
0.050238661
0.997112219
0.996855697
0.996572479
0.996272601
0.995962076
0.995641576
0.995307669
0.994954733
0.994576578
0.994167664
0.993723929
0.993243095
0.992724317
0.992167217
0.991570556
0.990931009
0.990242669
0.989497563
0.988686821
0.987801986
0.986835925
0.985782799
0.984637221
0.983393209
0.982043478
0.980579604
0.978992972
0.977275986
0.975423095
0.973430988
0.971297168
0.969019923
0.966596052
0.964017879
0.961274887
0.958352843
0.955235894
0.951906883
0.948349805
0.944547078
0.940479008
0.936126106
0.931468512
0.926483826
0.921146296
0.915426947
0.909283774
0.902676661
0.895563367
0.887902191
0.879648841
0.870751743
0.861142747
0.850743873
0.839462298
0.827167147
0.813713058
0.798910372
0.782553483
0.764423752
0.744248233
0.721764474
0.696710089
0.668841788
0.637938134
0.603882922
0.566651051
0.526356771
0.483268128
0.438125272
0.391081308
0.342922591
0.294695396
0.247661633
0.203155601
0.162422132
0.126423932
0.095710373
0.070401465
0.050245308
0.997112219
0.996855697
0.996572479
0.996272601
0.995962076
0.995641576
0.995307669
0.994954733
0.994576578
0.994167664
0.993723929
0.993243095
0.992724317
0.992167217
0.991570556
0.990931009
0.990242669
0.989497563
0.988686821
0.987801986
0.986835925
0.985782799
0.984637221
0.983393209
0.982043478
0.980579604
0.978992972
0.977275986
0.975423095
0.973430988
0.971297168
0.969019923
0.966596052
0.964017879
0.961274887
0.958352843
0.955235894
0.951906883
0.948349805
0.944547078
0.940479008
0.936126106
0.931468512
0.926483826
0.921146296
0.915426947
0.909283774
0.902676661
0.895563367
0.887902191
0.879648841
0.870751743
0.861142747
0.850743873
0.839462298
0.827167147
0.813713058
0.798910372
0.782553483
0.764423752
0.744248233
0.721764474
0.696710089
0.668841788
0.637973028
0.60392032
0.566688566
0.526393569
0.483303663
0.438159096
0.391112982
0.34295171
0.294721617
0.247684722
0.203175448
0.162438768
0.126437517
0.095721172
0.07040982
0.050251596
0.997112219
0.996855697
0.996572479
0.996272601
0.995962076
0.995641576
0.995307669
0.994954733
0.994576578
0.994167664
0.993723929
0.993243095
0.992724317
0.992167217
0.991570556
0.990931009
0.990242669
0.989497563
0.988686821
0.987801986
0.986835925
0.985782799
0.984637221
0.983393209
0.982043478
0.980579604
0.978992972
0.977275986
0.975423095
0.973430988
0.971297168
0.969019923
0.966596052
0.964017879
0.961274887
0.958352843
0.955235894
0.951906883
0.948349805
0.944547078
0.940479008
0.936126106
0.931468512
0.926483826
0.921146296
0.915426947
0.909283774
0.902676661
0.895563367
0.887902191
0.879648841
0.870751743
0.861142747
0.850743873
0.839462298
0.827167147
0.813713058
0.798910372
0.782553483
0.764423752
0.744248233
0.721764474
0.696710089
0.668841788
0.637973028
0.603953353
0.566723661
0.526428418
0.483337451
0.438191314
0.391143177
0.342979486
0.294746643
0.247706761
0.20319439
0.162454637
0.126450468
0.095731458
0.070417764
0.050257559
0.997112219
0.996855697
0.996572479
0.996272601
0.995962076
0.995641576
0.995307669
0.994954733
0.994576578
0.994167664
0.993723929
0.993243095
0.992724317
0.992167217
0.991570556
0.990931009
0.990242669
0.989497563
0.988686821
0.987801986
0.986835925
0.985782799
0.984637221
0.983393209
0.982043478
0.980579604
0.978992972
0.977275986
0.975423095
0.973430988
0.971297168
0.969019923
0.966596052
0.964017879
0.961274887
0.958352843
0.955235894
0.951906883
0.948349805
0.944547078
0.940479008
0.936126106
0.931468512
0.926483826
0.921146296
0.915426947
0.909283774
0.902676661
0.895563367
0.887902191
0.879648841
0.870751743
0.861142747
0.850743873
0.839462298
0.827167147
0.813713058
0.798910372
0.782553483
0.764423752
0.744248233
0.721764474
0.696710089
0.668841788
0.637973028
0.603953353
0.56675466
0.52646102
0.48336945
0.438221949
0.391171938
0.343005965
0.294770515
0.247727795
0.20321247
0.162469783
0.126462821
0.095741263
0.070425332
0.05026323
0.997112219
0.996855697
0.996572479
0.996272601
0.995962076
0.995641576
0.995307669
0.994954733
0.994576578
0.994167664
0.993723929
0.993243095
0.992724317
0.992167217
0.991570556
0.990931009
0.990242669
0.989497563
0.988686821
0.987801986
0.986835925
0.985782799
0.984637221
0.983393209
0.982043478
0.980579604
0.978992972
0.977275986
0.975423095
0.973430988
0.971297168
0.969019923
0.966596052
0.964017879
0.961274887
0.958352843
0.955235894
0.951906883
0.948349805
0.944547078
0.940479008
0.936126106
0.931468512
0.926483826
0.921146296
0.915426947
0.909283774
0.902676661
0.895563367
0.887902191
0.879648841
0.870751743
0.861142747
0.850743873
0.839462298
0.827167147
0.813713058
0.798910372
0.782553483
0.764423752
0.744248233
0.721764474
0.696710089
0.668841788
0.637973028
0.603953353
0.56675466
0.526489816
0.483399384
0.43825096
0.391199286
0.343031186
0.294793272
0.247747859
0.203229726
0.162484239
0.126474612
0.095750617
0.070432545
0.050268631
0.997112219
0.996855697
0.996572479
0.996272601
0.995962076
0.995641576
0.995307669
0.994954733
0.994576578
0.994167664
0.993723929
0.993243095
0.992724317
0.992167217
0.991570556
0.990931009
0.990242669
0.989497563
0.988686821
0.987801986
0.986835925
0.985782799
0.984637221
0.983393209
0.982043478
0.980579604
0.978992972
0.977275986
0.975423095
0.973430988
0.971297168
0.969019923
0.966596052
0.964017879
0.961274887
0.958352843
0.955235894
0.951906883
0.948349805
0.944547078
0.940479008
0.936126106
0.931468512
0.926483826
0.921146296
0.915426947
0.909283774
0.902676661
0.895563367
0.887902191
0.879648841
0.870751743
0.861142747
0.850743873
0.839462298
0.827167147
0.813713058
0.798910372
0.782553483
0.764423752
0.744248233
0.721764474
0.696710089
0.668841788
0.637973028
0.603953353
0.56675466
0.526489816
0.483425826
0.438278101
0.391225184
0.343055168
0.294814949
0.247766986
0.203246186
0.162498037
0.126485865
0.095759544
0.070439426
0.05027378
0.997112219
0.996855697
0.996572479
0.996272601
0.995962076
0.995641576
0.995307669
0.994954733
0.994576578
0.994167664
0.993723929
0.993243095
0.992724317
0.992167217
0.991570556
0.990931009
0.990242669
0.989497563
0.988686821
0.987801986
0.986835925
0.985782799
0.984637221
0.983393209
0.982043478
0.980579604
0.978992972
0.977275986
0.975423095
0.973430988
0.971297168
0.969019923
0.966596052
0.964017879
0.961274887
0.958352843
0.955235894
0.951906883
0.948349805
0.944547078
0.940479008
0.936126106
0.931468512
0.926483826
0.921146296
0.915426947
0.909283774
0.902676661
0.895563367
0.887902191
0.879648841
0.870751743
0.861142747
0.850743873
0.839462298
0.827167147
0.813713058
0.798910372
0.782553483
0.764423752
0.744248233
0.721764474
0.696710089
0.668841788
0.637973028
0.603953353
0.56675466
0.526489816
0.483425826
0.438302074
0.391249413
0.34307788
0.29483556
0.247785204
0.203261877
0.162511198
0.126496606
0.095768064
0.070445993
0.050278692
0.997112219
0.996855697
0.996572479
0.996272601
0.995962076
0.995641576
0.995307669
0.994954733
0.994576578
0.994167664
0.993723929
0.993243095
0.992724317
0.992167217
0.991570556
0.990931009
0.990242669
0.989497563
0.988686821
0.987801986
0.986835925
0.985782799
0.984637221
0.983393209
0.982043478
0.980579604
0.978992972
0.977275986
0.975423095
0.973430988
0.971297168
0.969019923
0.966596052
0.964017879
0.961274887
0.958352843
0.955235894
0.951906883
0.948349805
0.944547078
0.940479008
0.936126106
0.931468512
0.926483826
0.921146296
0.915426947
0.909283774
0.902676661
0.895563367
0.887902191
0.879648841
0.870751743
0.861142747
0.850743873
0.839462298
0.827167147
0.813713058
0.798910372
0.782553483
0.764423752
0.744248233
0.721764474
0.696710089
0.668841788
0.637973028
0.603953353
0.56675466
0.526489816
0.483425826
0.438302074
0.391270814
0.343099126
0.294855079
0.247802527
0.203276823
0.162523744
0.126506851
0.095776196
0.070452261
0.050283379
0.997112219
0.996855697
0.996572479
0.996272601
0.995962076
0.995641576
0.995307669
0.994954733
0.994576578
0.994167664
0.993723929
0.993243095
0.992724317
0.992167217
0.991570556
0.990931009
0.990242669
0.989497563
0.988686821
0.987801986
0.986835925
0.985782799
0.984637221
0.983393209
0.982043478
0.980579604
0.978992972
0.977275986
0.975423095
0.973430988
0.971297168
0.969019923
0.966596052
0.964017879
0.961274887
0.958352843
0.955235894
0.951906883
0.948349805
0.944547078
0.940479008
0.936126106
0.931468512
0.926483826
0.921146296
0.915426947
0.909283774
0.902676661
0.895563367
0.887902191
0.879648841
0.870751743
0.861142747
0.850743873
0.839462298
0.827167147
0.813713058
0.798910372
0.782553483
0.764423752
0.744248233
0.721764474
0.696710089
0.668841788
0.637973028
0.603953353
0.56675466
0.526489816
0.483425826
0.438302074
0.391270814
0.343117893
0.294873339
0.247818932
0.203291034
0.162535694
0.126516617
0.095783953
0.070458243
0.050287853
0.997112219
0.996855697
0.996572479
0.996272601
0.995962076
0.995641576
0.995307669
0.994954733
0.994576578
0.994167664
0.993723929
0.993243095
0.992724317
0.992167217
0.991570556
0.990931009
0.990242669
0.989497563
0.988686821
0.987801986
0.986835925
0.985782799
0.984637221
0.983393209
0.982043478
0.980579604
0.978992972
0.977275986
0.975423095
0.973430988
0.971297168
0.969019923
0.966596052
0.964017879
0.961274887
0.958352843
0.955235894
0.951906883
0.948349805
0.944547078
0.940479008
0.936126106
0.931468512
0.926483826
0.921146296
0.915426947
0.909283774
0.902676661
0.895563367
0.887902191
0.879648841
0.870751743
0.861142747
0.850743873
0.839462298
0.827167147
0.813713058
0.798910372
0.782553483
0.764423752
0.744248233
0.721764474
0.696710089
0.668841788
0.637973028
0.603953353
0.56675466
0.526489816
0.483425826
0.438302074
0.391270814
0.343117893
0.294889468
0.24783428
0.203304493
0.162547058
0.12652592
0.095791348
0.07046395
0.050292123
0.997112219
0.996855697
0.996572479
0.996272601
0.995962076
0.995641576
0.995307669
0.994954733
0.994576578
0.994167664
0.993723929
0.993243095
0.992724317
0.992167217
0.991570556
0.990931009
0.990242669
0.989497563
0.988686821
0.987801986
0.986835925
0.985782799
0.984637221
0.983393209
0.982043478
0.980579604
0.978992972
0.977275986
0.975423095
0.973430988
0.971297168
0.969019923
0.966596052
0.964017879
0.961274887
0.958352843
0.955235894
0.951906883
0.948349805
0.944547078
0.940479008
0.936126106
0.931468512
0.926483826
0.921146296
0.915426947
0.909283774
0.902676661
0.895563367
0.887902191
0.879648841
0.870751743
0.861142747
0.850743873
0.839462298
0.827167147
0.813713058
0.798910372
0.782553483
0.764423752
0.744248233
0.721764474
0.696710089
0.668841788
0.637973028
0.603953353
0.56675466
0.526489816
0.483425826
0.438302074
0.391270814
0.343117893
0.294889468
0.247847836
0.203317083
0.162557819
0.126534766
0.095798392
0.07046939
0.050296197
0.997112219
0.996855697
0.996572479
0.996272601
0.995962076
0.995641576
0.995307669
0.994954733
0.994576578
0.994167664
0.993723929
0.993243095
0.992724317
0.992167217
0.991570556
0.990931009
0.990242669
0.989497563
0.988686821
0.987801986
0.986835925
0.985782799
0.984637221
0.983393209
0.982043478
0.980579604
0.978992972
0.977275986
0.975423095
0.973430988
0.971297168
0.969019923
0.966596052
0.964017879
0.961274887
0.958352843
0.955235894
0.951906883
0.948349805
0.944547078
0.940479008
0.936126106
0.931468512
0.926483826
0.921146296
0.915426947
0.909283774
0.902676661
0.895563367
0.887902191
0.879648841
0.870751743
0.861142747
0.850743873
0.839462298
0.827167147
0.813713058
0.798910372
0.782553483
0.764423752
0.744248233
0.721764474
0.696710089
0.668841788
0.637973028
0.603953353
0.56675466
0.526489816
0.483425826
0.438302074
0.391270814
0.343117893
0.294889468
0.247847836
0.203328204
0.162567886
0.126543143
0.095805089
0.070474572
0.05030008
0.997112219
0.996855697
0.996572479
0.996272601
0.995962076
0.995641576
0.995307669
0.994954733
0.994576578
0.994167664
0.993723929
0.993243095
0.992724317
0.992167217
0.991570556
0.990931009
0.990242669
0.989497563
0.988686821
0.987801986
0.986835925
0.985782799
0.984637221
0.983393209
0.982043478
0.980579604
0.978992972
0.977275986
0.975423095
0.973430988
0.971297168
0.969019923
0.966596052
0.964017879
0.961274887
0.958352843
0.955235894
0.951906883
0.948349805
0.944547078
0.940479008
0.936126106
0.931468512
0.926483826
0.921146296
0.915426947
0.909283774
0.902676661
0.895563367
0.887902191
0.879648841
0.870751743
0.861142747
0.850743873
0.839462298
0.827167147
0.813713058
0.798910372
0.782553483
0.764423752
0.744248233
0.721764474
0.696710089
0.668841788
0.637973028
0.603953353
0.56675466
0.526489816
0.483425826
0.438302074
0.391270814
0.343117893
0.294889468
0.247847836
0.203328204
0.162576778
0.12655098
0.095811432
0.070479499
0.050303778
0.997112219
0.996855697
0.996572479
0.996272601
0.995962076
0.995641576
0.995307669
0.994954733
0.994576578
0.994167664
0.993723929
0.993243095
0.992724317
0.992167217
0.991570556
0.990931009
0.990242669
0.989497563
0.988686821
0.987801986
0.986835925
0.985782799
0.984637221
0.983393209
0.982043478
0.980579604
0.978992972
0.977275986
0.975423095
0.973430988
0.971297168
0.969019923
0.966596052
0.964017879
0.961274887
0.958352843
0.955235894
0.951906883
0.948349805
0.944547078
0.940479008
0.936126106
0.931468512
0.926483826
0.921146296
0.915426947
0.909283774
0.902676661
0.895563367
0.887902191
0.879648841
0.870751743
0.861142747
0.850743873
0.839462298
0.827167147
0.813713058
0.798910372
0.782553483
0.764423752
0.744248233
0.721764474
0.696710089
0.668841788
0.637973028
0.603953353
0.56675466
0.526489816
0.483425826
0.438302074
0.391270814
0.343117893
0.294889468
0.247847836
0.203328204
0.162576778
0.126557902
0.095817365
0.070484165
0.050307295
0.997112219
0.996855697
0.996572479
0.996272601
0.995962076
0.995641576
0.995307669
0.994954733
0.994576578
0.994167664
0.993723929
0.993243095
0.992724317
0.992167217
0.991570556
0.990931009
0.990242669
0.989497563
0.988686821
0.987801986
0.986835925
0.985782799
0.984637221
0.983393209
0.982043478
0.980579604
0.978992972
0.977275986
0.975423095
0.973430988
0.971297168
0.969019923
0.966596052
0.964017879
0.961274887
0.958352843
0.955235894
0.951906883
0.948349805
0.944547078
0.940479008
0.936126106
0.931468512
0.926483826
0.921146296
0.915426947
0.909283774
0.902676661
0.895563367
0.887902191
0.879648841
0.870751743
0.861142747
0.850743873
0.839462298
0.827167147
0.813713058
0.798910372
0.782553483
0.764423752
0.744248233
0.721764474
0.696710089
0.668841788
0.637973028
0.603953353
0.56675466
0.526489816
0.483425826
0.438302074
0.391270814
0.343117893
0.294889468
0.247847836
0.203328204
0.162576778
0.126557902
0.095822606
0.07048853
0.050310626
0.997112219
0.996855697
0.996572479
0.996272601
0.995962076
0.995641576
0.995307669
0.994954733
0.994576578
0.994167664
0.993723929
0.993243095
0.992724317
0.992167217
0.991570556
0.990931009
0.990242669
0.989497563
0.988686821
0.987801986
0.986835925
0.985782799
0.984637221
0.983393209
0.982043478
0.980579604
0.978992972
0.977275986
0.975423095
0.973430988
0.971297168
0.969019923
0.966596052
0.964017879
0.961274887
0.958352843
0.955235894
0.951906883
0.948349805
0.944547078
0.940479008
0.936126106
0.931468512
0.926483826
0.921146296
0.915426947
0.909283774
0.902676661
0.895563367
0.887902191
0.879648841
0.870751743
0.861142747
0.850743873
0.839462298
0.827167147
0.813713058
0.798910372
0.782553483
0.764423752
0.744248233
0.721764474
0.696710089
0.668841788
0.637973028
0.603953353
0.56675466
0.526489816
0.483425826
0.438302074
0.391270814
0.343117893
0.294889468
0.247847836
0.203328204
0.162576778
0.126557902
0.095822606
0.070492385
0.050313741
0.997112219
0.996855697
0.996572479
0.996272601
0.995962076
0.995641576
0.995307669
0.994954733
0.994576578
0.994167664
0.993723929
0.993243095
0.992724317
0.992167217
0.991570556
0.990931009
0.990242669
0.989497563
0.988686821
0.987801986
0.986835925
0.985782799
0.984637221
0.983393209
0.982043478
0.980579604
0.978992972
0.977275986
0.975423095
0.973430988
0.971297168
0.969019923
0.966596052
0.964017879
0.961274887
0.958352843
0.955235894
0.951906883
0.948349805
0.944547078
0.940479008
0.936126106
0.931468512
0.926483826
0.921146296
0.915426947
0.909283774
0.902676661
0.895563367
0.887902191
0.879648841
0.870751743
0.861142747
0.850743873
0.839462298
0.827167147
0.813713058
0.798910372
0.782553483
0.764423752
0.744248233
0.721764474
0.696710089
0.668841788
0.637973028
0.603953353
0.56675466
0.526489816
0.483425826
0.438302074
0.391270814
0.343117893
0.294889468
0.247847836
0.203328204
0.162576778
0.126557902
0.095822606
0.070492385
0.050316493
0.997112219
0.996855697
0.996572479
0.996272601
0.995962076
0.995641576
0.995307669
0.994954733
0.994576578
0.994167664
0.993723929
0.993243095
0.992724317
0.992167217
0.991570556
0.990931009
0.990242669
0.989497563
0.988686821
0.987801986
0.986835925
0.985782799
0.984637221
0.983393209
0.982043478
0.980579604
0.978992972
0.977275986
0.975423095
0.973430988
0.971297168
0.969019923
0.966596052
0.964017879
0.961274887
0.958352843
0.955235894
0.951906883
0.948349805
0.944547078
0.940479008
0.936126106
0.931468512
0.926483826
0.921146296
0.915426947
0.909283774
0.902676661
0.895563367
0.887902191
0.879648841
0.870751743
0.861142747
0.850743873
0.839462298
0.827167147
0.813713058
0.798910372
0.782553483
0.764423752
0.744248233
0.721764474
0.696710089
0.668841788
0.637973028
0.603953353
0.56675466
0.526489816
0.483425826
0.438302074
0.391270814
0.343117893
0.294889468
0.247847836
0.203328204
0.162576778
0.126557902
0.095822606
0.070492385
0.050316493
0.997112219
0.996855697
0.996572479
0.996272601
0.995962076
0.995641576
0.995307669
0.994954733
0.994576578
0.994167664
0.993723929
0.993243095
0.992724317
0.992167217
0.991570556
0.990931009
0.990242669
0.989497563
0.988686821
0.987801986
0.986835925
0.985782799
0.984637221
0.983393209
0.982043478
0.980579604
0.978992972
0.977275986
0.975423095
0.973430988
0.971297168
0.969019923
0.966596052
0.964017879
0.961274887
0.958352843
0.955235894
0.951906883
0.948349805
0.944547078
0.940479008
0.936126106
0.931468512
0.926483826
0.921146296
0.915426947
0.909283774
0.902676661
0.895563367
0.887902191
0.879648841
0.870751743
0.861142747
0.850743873
0.839462298
0.827167147
0.813713058
0.798910372
0.782553483
0.764423752
0.744248233
0.721764474
0.696710089
0.668841788
0.637973028
0.603953353
0.56675466
0.526489816
0.483425826
0.438302074
0.391270814
0.343117893
0.294889468
0.247847836
0.203328204
0.162576778
0.126557902
0.095822606
0.070492385
0.050316493
0.997112219
0.996855697
0.996572479
0.996272601
0.995962076
0.995641576
0.995307669
0.994954733
0.994576578
0.994167664
0.993723929
0.993243095
0.992724317
0.992167217
0.991570556
0.990931009
0.990242669
0.989497563
0.988686821
0.987801986
0.986835925
0.985782799
0.984637221
0.983393209
0.982043478
0.980579604
0.978992972
0.977275986
0.975423095
0.973430988
0.971297168
0.969019923
0.966596052
0.964017879
0.961274887
0.958352843
0.955235894
0.951906883
0.948349805
0.944547078
0.940479008
0.936126106
0.931468512
0.926483826
0.921146296
0.915426947
0.909283774
0.902676661
0.895563367
0.887902191
0.879648841
0.870751743
0.861142747
0.850743873
0.839462298
0.827167147
0.813713058
0.798910372
0.782553483
0.764423752
0.744248233
0.721764474
0.696710089
0.668841788
0.637973028
0.603953353
0.56675466
0.526489816
0.483425826
0.438302074
0.391270814
0.343117893
0.294889468
0.247847836
0.203328204
0.162576778
0.126557902
0.095822606
0.070492385
0.050316493
0.997112219
0.996855697
0.996572479
0.996272601
0.995962076
0.995641576
0.995307669
0.994954733
0.994576578
0.994167664
0.993723929
0.993243095
0.992724317
0.992167217
0.991570556
0.990931009
0.990242669
0.989497563
0.988686821
0.987801986
0.986835925
0.985782799
0.984637221
0.983393209
0.982043478
0.980579604
0.978992972
0.977275986
0.975423095
0.973430988
0.971297168
0.969019923
0.966596052
0.964017879
0.961274887
0.958352843
0.955235894
0.951906883
0.948349805
0.944547078
0.940479008
0.936126106
0.931468512
0.926483826
0.921146296
0.915426947
0.909283774
0.902676661
0.895563367
0.887902191
0.879648841
0.870751743
0.861142747
0.850743873
0.839462298
0.827167147
0.813713058
0.798910372
0.782553483
0.764423752
0.744248233
0.721764474
0.696710089
0.668841788
0.637973028
0.603953353
0.56675466
0.526489816
0.483425826
0.438302074
0.391270814
0.343117893
0.294889468
0.247847836
0.203328204
0.162576778
0.126557902
0.095822606
0.070492385
0.050316493
0.997112219
0.996855697
0.996572479
0.996272601
0.995962076
0.995641576
0.995307669
0.994954733
0.994576578
0.994167664
0.993723929
0.993243095
0.992724317
0.992167217
0.991570556
0.990931009
0.990242669
0.989497563
0.988686821
0.987801986
0.986835925
0.985782799
0.984637221
0.983393209
0.982043478
0.980579604
0.978992972
0.977275986
0.975423095
0.973430988
0.971297168
0.969019923
0.966596052
0.964017879
0.961274887
0.958352843
0.955235894
0.951906883
0.948349805
0.944547078
0.940479008
0.936126106
0.931468512
0.926483826
0.921146296
0.915426947
0.909283774
0.902676661
0.895563367
0.887902191
0.879648841
0.870751743
0.861142747
0.850743873
0.839462298
0.827167147
0.813713058
0.798910372
0.782553483
0.764423752
0.744248233
0.721764474
0.696710089
0.668841788
0.637973028
0.603953353
0.56675466
0.526489816
0.483425826
0.438302074
0.391270814
0.343117893
0.294889468
0.247847836
0.203328204
0.162576778
0.126557902
0.095822606
0.070492385
0.050316493
0.997112219
0.996855697
0.996572479
0.996272601
0.995962076
0.995641576
0.995307669
0.994954733
0.994576578
0.994167664
0.993723929
0.993243095
0.992724317
0.992167217
0.991570556
0.990931009
0.990242669
0.989497563
0.988686821
0.987801986
0.986835925
0.985782799
0.984637221
0.983393209
0.982043478
0.980579604
0.978992972
0.977275986
0.975423095
0.973430988
0.971297168
0.969019923
0.966596052
0.964017879
0.961274887
0.958352843
0.955235894
0.951906883
0.948349805
0.944547078
0.940479008
0.936126106
0.931468512
0.926483826
0.921146296
0.915426947
0.909283774
0.902676661
0.895563367
0.887902191
0.879648841
0.870751743
0.861142747
0.850743873
0.839462298
0.827167147
0.813713058
0.798910372
0.782553483
0.764423752
0.744248233
0.721764474
0.696710089
0.668841788
0.637973028
0.603953353
0.56675466
0.526489816
0.483425826
0.438302074
0.391270814
0.343117893
0.294889468
0.247847836
0.203328204
0.162576778
0.126557902
0.095822606
0.070492385
0.050316493
0.997112219
0.996855697
0.996572479
0.996272601
0.995962076
0.995641576
0.995307669
0.994954733
0.994576578
0.994167664
0.993723929
0.993243095
0.992724317
0.992167217
0.991570556
0.990931009
0.990242669
0.989497563
0.988686821
0.987801986
0.986835925
0.985782799
0.984637221
0.983393209
0.982043478
0.980579604
0.978992972
0.977275986
0.975423095
0.973430988
0.971297168
0.969019923
0.966596052
0.964017879
0.961274887
0.958352843
0.955235894
0.951906883
0.948349805
0.944547078
0.940479008
0.936126106
0.931468512
0.926483826
0.921146296
0.915426947
0.909283774
0.902676661
0.895563367
0.887902191
0.879648841
0.870751743
0.861142747
0.850743873
0.839462298
0.827167147
0.813713058
0.798910372
0.782553483
0.764423752
0.744248233
0.721764474
0.696710089
0.668841788
0.637973028
0.603953353
0.56675466
0.526489816
0.483425826
0.438302074
0.391270814
0.343117893
0.294889468
0.247847836
0.203328204
0.162576778
0.126557902
0.095822606
0.070492385
0.050316493
0.997112219
0.996855697
0.996572479
0.996272601
0.995962076
0.995641576
0.995307669
0.994954733
0.994576578
0.994167664
0.993723929
0.993243095
0.992724317
0.992167217
0.991570556
0.990931009
0.990242669
0.989497563
0.988686821
0.987801986
0.986835925
0.985782799
0.984637221
0.983393209
0.982043478
0.980579604
0.978992972
0.977275986
0.975423095
0.973430988
0.971297168
0.969019923
0.966596052
0.964017879
0.961274887
0.958352843
0.955235894
0.951906883
0.948349805
0.944547078
0.940479008
0.936126106
0.931468512
0.926483826
0.921146296
0.915426947
0.909283774
0.902676661
0.895563367
0.887902191
0.879648841
0.870751743
0.861142747
0.850743873
0.839462298
0.827167147
0.813713058
0.798910372
0.782553483
0.764423752
0.744248233
0.721764474
0.696710089
0.668841788
0.637973028
0.603953353
0.56675466
0.526489816
0.483425826
0.438302074
0.391270814
0.343117893
0.294889468
0.247847836
0.203328204
0.162576778
0.126557902
0.095822606
0.070492385
0.050316493
0.997112219
0.996855697
0.996572479
0.996272601
0.995962076
0.995641576
0.995307669
0.994954733
0.994576578
0.994167664
0.993723929
0.993243095
0.992724317
0.992167217
0.991570556
0.990931009
0.990242669
0.989497563
0.988686821
0.987801986
0.986835925
0.985782799
0.984637221
0.983393209
0.982043478
0.980579604
0.978992972
0.977275986
0.975423095
0.973430988
0.971297168
0.969019923
0.966596052
0.964017879
0.961274887
0.958352843
0.955235894
0.951906883
0.948349805
0.944547078
0.940479008
0.936126106
0.931468512
0.926483826
0.921146296
0.915426947
0.909283774
0.902676661
0.895563367
0.887902191
0.879648841
0.870751743
0.861142747
0.850743873
0.839462298
0.827167147
0.813713058
0.798910372
0.782553483
0.764423752
0.744248233
0.721764474
0.696710089
0.668841788
0.637973028
0.603953353
0.56675466
0.526489816
0.483425826
0.438302074
0.391270814
0.343117893
0.294889468
0.247847836
0.203328204
0.162576778
0.126557902
0.095822606
0.070492385
0.050316493
0.997112219
0.996855697
0.996572479
0.996272601
0.995962076
0.995641576
0.995307669
0.994954733
0.994576578
0.994167664
0.993723929
0.993243095
0.992724317
0.992167217
0.991570556
0.990931009
0.990242669
0.989497563
0.988686821
0.987801986
0.986835925
0.985782799
0.984637221
0.983393209
0.982043478
0.980579604
0.978992972
0.977275986
0.975423095
0.973430988
0.971297168
0.969019923
0.966596052
0.964017879
0.961274887
0.958352843
0.955235894
0.951906883
0.948349805
0.944547078
0.940479008
0.936126106
0.931468512
0.926483826
0.921146296
0.915426947
0.909283774
0.902676661
0.895563367
0.887902191
0.879648841
0.870751743
0.861142747
0.850743873
0.839462298
0.827167147
0.813713058
0.798910372
0.782553483
0.764423752
0.744248233
0.721764474
0.696710089
0.668841788
0.637973028
0.603953353
0.56675466
0.526489816
0.483425826
0.438302074
0.391270814
0.343117893
0.294889468
0.247847836
0.203328204
0.162576778
0.126557902
0.095822606
0.070492385
0.050316493
0.997112219
0.996855697
0.996572479
0.996272601
0.995962076
0.995641576
0.995307669
0.994954733
0.994576578
0.994167664
0.993723929
0.993243095
0.992724317
0.992167217
0.991570556
0.990931009
0.990242669
0.989497563
0.988686821
0.987801986
0.986835925
0.985782799
0.984637221
0.983393209
0.982043478
0.980579604
0.978992972
0.977275986
0.975423095
0.973430988
0.971297168
0.969019923
0.966596052
0.964017879
0.961274887
0.958352843
0.955235894
0.951906883
0.948349805
0.944547078
0.940479008
0.936126106
0.931468512
0.926483826
0.921146296
0.915426947
0.909283774
0.902676661
0.895563367
0.887902191
0.879648841
0.870751743
0.861142747
0.850743873
0.839462298
0.827167147
0.813713058
0.798910372
0.782553483
0.764423752
0.744248233
0.721764474
0.696710089
0.668841788
0.637973028
0.603953353
0.56675466
0.526489816
0.483425826
0.438302074
0.391270814
0.343117893
0.294889468
0.247847836
0.203328204
0.162576778
0.126557902
0.095822606
0.070492385
0.050316493
0.997112219
0.996855697
0.996572479
0.996272601
0.995962076
0.995641576
0.995307669
0.994954733
0.994576578
0.994167664
0.993723929
0.993243095
0.992724317
0.992167217
0.991570556
0.990931009
0.990242669
0.989497563
0.988686821
0.987801986
0.986835925
0.985782799
0.984637221
0.983393209
0.982043478
0.980579604
0.978992972
0.977275986
0.975423095
0.973430988
0.971297168
0.969019923
0.966596052
0.964017879
0.961274887
0.958352843
0.955235894
0.951906883
0.948349805
0.944547078
0.940479008
0.936126106
0.931468512
0.926483826
0.921146296
0.915426947
0.909283774
0.902676661
0.895563367
0.887902191
0.879648841
0.870751743
0.861142747
0.850743873
0.839462298
0.827167147
0.813713058
0.798910372
0.782553483
0.764423752
0.744248233
0.721764474
0.696710089
0.668841788
0.637973028
0.603953353
0.56675466
0.526489816
0.483425826
0.438302074
0.391270814
0.343117893
0.294889468
0.247847836
0.203328204
0.162576778
0.126557902
0.095822606
0.070492385
0.050316493
0.997112219
0.996855697
0.996572479
0.996272601
0.995962076
0.995641576
0.995307669
0.994954733
0.994576578
0.994167664
0.993723929
0.993243095
0.992724317
0.992167217
0.991570556
0.990931009
0.990242669
0.989497563
0.988686821
0.987801986
0.986835925
0.985782799
0.984637221
0.983393209
0.982043478
0.980579604
0.978992972
0.977275986
0.975423095
0.973430988
0.971297168
0.969019923
0.966596052
0.964017879
0.961274887
0.958352843
0.955235894
0.951906883
0.948349805
0.944547078
0.940479008
0.936126106
0.931468512
0.926483826
0.921146296
0.915426947
0.909283774
0.902676661
0.895563367
0.887902191
0.879648841
0.870751743
0.861142747
0.850743873
0.839462298
0.827167147
0.813713058
0.798910372
0.782553483
0.764423752
0.744248233
0.721764474
0.696710089
0.668841788
0.637973028
0.603953353
0.56675466
0.526489816
0.483425826
0.438302074
0.391270814
0.343117893
0.294889468
0.247847836
0.203328204
0.162576778
0.126557902
0.095822606
0.070492385
0.050316493
0.997112219
0.996855697
0.996572479
0.996272601
0.995962076
0.995641576
0.995307669
0.994954733
0.994576578
0.994167664
0.993723929
0.993243095
0.992724317
0.992167217
0.991570556
0.990931009
0.990242669
0.989497563
0.988686821
0.987801986
0.986835925
0.985782799
0.984637221
0.983393209
0.982043478
0.980579604
0.978992972
0.977275986
0.975423095
0.973430988
0.971297168
0.969019923
0.966596052
0.964017879
0.961274887
0.958352843
0.955235894
0.951906883
0.948349805
0.944547078
0.940479008
0.936126106
0.931468512
0.926483826
0.921146296
0.915426947
0.909283774
0.902676661
0.895563367
0.887902191
0.879648841
0.870751743
0.861142747
0.850743873
0.839462298
0.827167147
0.813713058
0.798910372
0.782553483
0.764423752
0.744248233
0.721764474
0.696710089
0.668841788
0.637973028
0.603953353
0.56675466
0.526489816
0.483425826
0.438302074
0.391270814
0.343117893
0.294889468
0.247847836
0.203328204
0.162576778
0.126557902
0.095822606
0.070492385
0.050316493
0.997112219
0.996855697
0.996572479
0.996272601
0.995962076
0.995641576
0.995307669
0.994954733
0.994576578
0.994167664
0.993723929
0.993243095
0.992724317
0.992167217
0.991570556
0.990931009
0.990242669
0.989497563
0.988686821
0.987801986
0.986835925
0.985782799
0.984637221
0.983393209
0.982043478
0.980579604
0.978992972
0.977275986
0.975423095
0.973430988
0.971297168
0.969019923
0.966596052
0.964017879
0.961274887
0.958352843
0.955235894
0.951906883
0.948349805
0.944547078
0.940479008
0.936126106
0.931468512
0.926483826
0.921146296
0.915426947
0.909283774
0.902676661
0.895563367
0.887902191
0.879648841
0.870751743
0.861142747
0.850743873
0.839462298
0.827167147
0.813713058
0.798910372
0.782553483
0.764423752
0.744248233
0.721764474
0.696710089
0.668841788
0.637973028
0.603953353
0.56675466
0.526489816
0.483425826
0.438302074
0.391270814
0.343117893
0.294889468
0.247847836
0.203328204
0.162576778
0.126557902
0.095822606
0.070492385
0.050316493
0.997112219
0.996855697
0.996572479
0.996272601
0.995962076
0.995641576
0.995307669
0.994954733
0.994576578
0.994167664
0.993723929
0.993243095
0.992724317
0.992167217
0.991570556
0.990931009
0.990242669
0.989497563
0.988686821
0.987801986
0.986835925
0.985782799
0.984637221
0.983393209
0.982043478
0.980579604
0.978992972
0.977275986
0.975423095
0.973430988
0.971297168
0.969019923
0.966596052
0.964017879
0.961274887
0.958352843
0.955235894
0.951906883
0.948349805
0.944547078
0.940479008
0.936126106
0.931468512
0.926483826
0.921146296
0.915426947
0.909283774
0.902676661
0.895563367
0.887902191
0.879648841
0.870751743
0.861142747
0.850743873
0.839462298
0.827167147
0.813713058
0.798910372
0.782553483
0.764423752
0.744248233
0.721764474
0.696710089
0.668841788
0.637973028
0.603953353
0.56675466
0.526489816
0.483425826
0.438302074
0.391270814
0.343117893
0.294889468
0.247847836
0.203328204
0.162576778
0.126557902
0.095822606
0.070492385
0.050316493
0.997112219
0.996855697
0.996572479
0.996272601
0.995962076
0.995641576
0.995307669
0.994954733
0.994576578
0.994167664
0.993723929
0.993243095
0.992724317
0.992167217
0.991570556
0.990931009
0.990242669
0.989497563
0.988686821
0.987801986
0.986835925
0.985782799
0.984637221
0.983393209
0.982043478
0.980579604
0.978992972
0.977275986
0.975423095
0.973430988
0.971297168
0.969019923
0.966596052
0.964017879
0.961274887
0.958352843
0.955235894
0.951906883
0.948349805
0.944547078
0.940479008
0.936126106
0.931468512
0.926483826
0.921146296
0.915426947
0.909283774
0.902676661
0.895563367
0.887902191
0.879648841
0.870751743
0.861142747
0.850743873
0.839462298
0.827167147
0.813713058
0.798910372
0.782553483
0.764423752
0.744248233
0.721764474
0.696710089
0.668841788
0.637973028
0.603953353
0.56675466
0.526489816
0.483425826
0.438302074
0.391270814
0.343117893
0.294889468
0.247847836
0.203328204
0.162576778
0.126557902
0.095822606
0.070492385
0.050316493
0.997112219
0.996855697
0.996572479
0.996272601
0.995962076
0.995641576
0.995307669
0.994954733
0.994576578
0.994167664
0.993723929
0.993243095
0.992724317
0.992167217
0.991570556
0.990931009
0.990242669
0.989497563
0.988686821
0.987801986
0.986835925
0.985782799
0.984637221
0.983393209
0.982043478
0.980579604
0.978992972
0.977275986
0.975423095
0.973430988
0.971297168
0.969019923
0.966596052
0.964017879
0.961274887
0.958352843
0.955235894
0.951906883
0.948349805
0.944547078
0.940479008
0.936126106
0.931468512
0.926483826
0.921146296
0.915426947
0.909283774
0.902676661
0.895563367
0.887902191
0.879648841
0.870751743
0.861142747
0.850743873
0.839462298
0.827167147
0.813713058
0.798910372
0.782553483
0.764423752
0.744248233
0.721764474
0.696710089
0.668841788
0.637973028
0.603953353
0.56675466
0.526489816
0.483425826
0.438302074
0.391270814
0.343117893
0.294889468
0.247847836
0.203328204
0.162576778
0.126557902
0.095822606
0.070492385
0.050316493
0.997112219
0.996855697
0.996572479
0.996272601
0.995962076
0.995641576
0.995307669
0.994954733
0.994576578
0.994167664
0.993723929
0.993243095
0.992724317
0.992167217
0.991570556
0.990931009
0.990242669
0.989497563
0.988686821
0.987801986
0.986835925
0.985782799
0.984637221
0.983393209
0.982043478
0.980579604
0.978992972
0.977275986
0.975423095
0.973430988
0.971297168
0.969019923
0.966596052
0.964017879
0.961274887
0.958352843
0.955235894
0.951906883
0.948349805
0.944547078
0.940479008
0.936126106
0.931468512
0.926483826
0.921146296
0.915426947
0.909283774
0.902676661
0.895563367
0.887902191
0.879648841
0.870751743
0.861142747
0.850743873
0.839462298
0.827167147
0.813713058
0.798910372
0.782553483
0.764423752
0.744248233
0.721764474
0.696710089
0.668841788
0.637973028
0.603953353
0.56675466
0.526489816
0.483425826
0.438302074
0.391270814
0.343117893
0.294889468
0.247847836
0.203328204
0.162576778
0.126557902
0.095822606
0.070492385
0.050316493
0.997112219
0.996855697
0.996572479
0.996272601
0.995962076
0.995641576
0.995307669
0.994954733
0.994576578
0.994167664
0.993723929
0.993243095
0.992724317
0.992167217
0.991570556
0.990931009
0.990242669
0.989497563
0.988686821
0.987801986
0.986835925
0.985782799
0.984637221
0.983393209
0.982043478
0.980579604
0.978992972
0.977275986
0.975423095
0.973430988
0.971297168
0.969019923
0.966596052
0.964017879
0.961274887
0.958352843
0.955235894
0.951906883
0.948349805
0.944547078
0.940479008
0.936126106
0.931468512
0.926483826
0.921146296
0.915426947
0.909283774
0.902676661
0.895563367
0.887902191
0.879648841
0.870751743
0.861142747
0.850743873
0.839462298
0.827167147
0.813713058
0.798910372
0.782553483
0.764423752
0.744248233
0.721764474
0.696710089
0.668841788
0.637973028
0.603953353
0.56675466
0.526489816
0.483425826
0.438302074
0.391270814
0.343117893
0.294889468
0.247847836
0.203328204
0.162576778
0.126557902
0.095822606
0.070492385
0.050316493
0.997112219
0.996855697
0.996572479
0.996272601
0.995962076
0.995641576
0.995307669
0.994954733
0.994576578
0.994167664
0.993723929
0.993243095
0.992724317
0.992167217
0.991570556
0.990931009
0.990242669
0.989497563
0.988686821
0.987801986
0.986835925
0.985782799
0.984637221
0.983393209
0.982043478
0.980579604
0.978992972
0.977275986
0.975423095
0.973430988
0.971297168
0.969019923
0.966596052
0.964017879
0.961274887
0.958352843
0.955235894
0.951906883
0.948349805
0.944547078
0.940479008
0.936126106
0.931468512
0.926483826
0.921146296
0.915426947
0.909283774
0.902676661
0.895563367
0.887902191
0.879648841
0.870751743
0.861142747
0.850743873
0.839462298
0.827167147
0.813713058
0.798910372
0.782553483
0.764423752
0.744248233
0.721764474
0.696710089
0.668841788
0.637973028
0.603953353
0.56675466
0.526489816
0.483425826
0.438302074
0.391270814
0.343117893
0.294889468
0.247847836
0.203328204
0.162576778
0.126557902
0.095822606
0.070492385
0.050316493
0.997112219
0.996855697
0.996572479
0.996272601
0.995962076
0.995641576
0.995307669
0.994954733
0.994576578
0.994167664
0.993723929
0.993243095
0.992724317
0.992167217
0.991570556
0.990931009
0.990242669
0.989497563
0.988686821
0.987801986
0.986835925
0.985782799
0.984637221
0.983393209
0.982043478
0.980579604
0.978992972
0.977275986
0.975423095
0.973430988
0.971297168
0.969019923
0.966596052
0.964017879
0.961274887
0.958352843
0.955235894
0.951906883
0.948349805
0.944547078
0.940479008
0.936126106
0.931468512
0.926483826
0.921146296
0.915426947
0.909283774
0.902676661
0.895563367
0.887902191
0.879648841
0.870751743
0.861142747
0.850743873
0.839462298
0.827167147
0.813713058
0.798910372
0.782553483
0.764423752
0.744248233
0.721764474
0.696710089
0.668841788
0.637973028
0.603953353
0.56675466
0.526489816
0.483425826
0.438302074
0.391270814
0.343117893
0.294889468
0.247847836
0.203328204
0.162576778
0.126557902
0.095822606
0.070492385
0.050316493
0.997112219
0.996855697
0.996572479
0.996272601
0.995962076
0.995641576
0.995307669
0.994954733
0.994576578
0.994167664
0.993723929
0.993243095
0.992724317
0.992167217
0.991570556
0.990931009
0.990242669
0.989497563
0.988686821
0.987801986
0.986835925
0.985782799
0.984637221
0.983393209
0.982043478
0.980579604
0.978992972
0.977275986
0.975423095
0.973430988
0.971297168
0.969019923
0.966596052
0.964017879
0.961274887
0.958352843
0.955235894
0.951906883
0.948349805
0.944547078
0.940479008
0.936126106
0.931468512
0.926483826
0.921146296
0.915426947
0.909283774
0.902676661
0.895563367
0.887902191
0.879648841
0.870751743
0.861142747
0.850743873
0.839462298
0.827167147
0.813713058
0.798910372
0.782553483
0.764423752
0.744248233
0.721764474
0.696710089
0.668841788
0.637973028
0.603953353
0.56675466
0.526489816
0.483425826
0.438302074
0.391270814
0.343117893
0.294889468
0.247847836
0.203328204
0.162576778
0.126557902
0.095822606
0.070492385
0.050316493
0.997112219
0.996855697
0.996572479
0.996272601
0.995962076
0.995641576
0.995307669
0.994954733
0.994576578
0.994167664
0.993723929
0.993243095
0.992724317
0.992167217
0.991570556
0.990931009
0.990242669
0.989497563
0.988686821
0.987801986
0.986835925
0.985782799
0.984637221
0.983393209
0.982043478
0.980579604
0.978992972
0.977275986
0.975423095
0.973430988
0.971297168
0.969019923
0.966596052
0.964017879
0.961274887
0.958352843
0.955235894
0.951906883
0.948349805
0.944547078
0.940479008
0.936126106
0.931468512
0.926483826
0.921146296
0.915426947
0.909283774
0.902676661
0.895563367
0.887902191
0.879648841
0.870751743
0.861142747
0.850743873
0.839462298
0.827167147
0.813713058
0.798910372
0.782553483
0.764423752
0.744248233
0.721764474
0.696710089
0.668841788
0.637973028
0.603953353
0.56675466
0.526489816
0.483425826
0.438302074
0.391270814
0.343117893
0.294889468
0.247847836
0.203328204
0.162576778
0.126557902
0.095822606
0.070492385
0.050316493
0.997112219
0.996855697
0.996572479
0.996272601
0.995962076
0.995641576
0.995307669
0.994954733
0.994576578
0.994167664
0.993723929
0.993243095
0.992724317
0.992167217
0.991570556
0.990931009
0.990242669
0.989497563
0.988686821
0.987801986
0.986835925
0.985782799
0.984637221
0.983393209
0.982043478
0.980579604
0.978992972
0.977275986
0.975423095
0.973430988
0.971297168
0.969019923
0.966596052
0.964017879
0.961274887
0.958352843
0.955235894
0.951906883
0.948349805
0.944547078
0.940479008
0.936126106
0.931468512
0.926483826
0.921146296
0.915426947
0.909283774
0.902676661
0.895563367
0.887902191
0.879648841
0.870751743
0.861142747
0.850743873
0.839462298
0.827167147
0.813713058
0.798910372
0.782553483
0.764423752
0.744248233
0.721764474
0.696710089
0.668841788
0.637973028
0.603953353
0.56675466
0.526489816
0.483425826
0.438302074
0.391270814
0.343117893
0.294889468
0.247847836
0.203328204
0.162576778
0.126557902
0.095822606
0.070492385
0.050316493
0.997112219
0.996855697
0.996572479
0.996272601
0.995962076
0.995641576
0.995307669
0.994954733
0.994576578
0.994167664
0.993723929
0.993243095
0.992724317
0.992167217
0.991570556
0.990931009
0.990242669
0.989497563
0.988686821
0.987801986
0.986835925
0.985782799
0.984637221
0.983393209
0.982043478
0.980579604
0.978992972
0.977275986
0.975423095
0.973430988
0.971297168
0.969019923
0.966596052
0.964017879
0.961274887
0.958352843
0.955235894
0.951906883
0.948349805
0.944547078
0.940479008
0.936126106
0.931468512
0.926483826
0.921146296
0.915426947
0.909283774
0.902676661
0.895563367
0.887902191
0.879648841
0.870751743
0.861142747
0.850743873
0.839462298
0.827167147
0.813713058
0.798910372
0.782553483
0.764423752
0.744248233
0.721764474
0.696710089
0.668841788
0.637973028
0.603953353
0.56675466
0.526489816
0.483425826
0.438302074
0.391270814
0.343117893
0.294889468
0.247847836
0.203328204
0.162576778
0.126557902
0.095822606
0.070492385
0.050316493
0.997112219
0.996855697
0.996572479
0.996272601
0.995962076
0.995641576
0.995307669
0.994954733
0.994576578
0.994167664
0.993723929
0.993243095
0.992724317
0.992167217
0.991570556
0.990931009
0.990242669
0.989497563
0.988686821
0.987801986
0.986835925
0.985782799
0.984637221
0.983393209
0.982043478
0.980579604
0.978992972
0.977275986
0.975423095
0.973430988
0.971297168
0.969019923
0.966596052
0.964017879
0.961274887
0.958352843
0.955235894
0.951906883
0.948349805
0.944547078
0.940479008
0.936126106
0.931468512
0.926483826
0.921146296
0.915426947
0.909283774
0.902676661
0.895563367
0.887902191
0.879648841
0.870751743
0.861142747
0.850743873
0.839462298
0.827167147
0.813713058
0.798910372
0.782553483
0.764423752
0.744248233
0.721764474
0.696710089
0.668841788
0.637973028
0.603953353
0.56675466
0.526489816
0.483425826
0.438302074
0.391270814
0.343117893
0.294889468
0.247847836
0.203328204
0.162576778
0.126557902
0.095822606
0.070492385
0.050316493
0.997112219
0.996855697
0.996572479
0.996272601
0.995962076
0.995641576
0.995307669
0.994954733
0.994576578
0.994167664
0.993723929
0.993243095
0.992724317
0.992167217
0.991570556
0.990931009
0.990242669
0.989497563
0.988686821
0.987801986
0.986835925
0.985782799
0.984637221
0.983393209
0.982043478
0.980579604
0.978992972
0.977275986
0.975423095
0.973430988
0.971297168
0.969019923
0.966596052
0.964017879
0.961274887
0.958352843
0.955235894
0.951906883
0.948349805
0.944547078
0.940479008
0.936126106
0.931468512
0.926483826
0.921146296
0.915426947
0.909283774
0.902676661
0.895563367
0.887902191
0.879648841
0.870751743
0.861142747
0.850743873
0.839462298
0.827167147
0.813713058
0.798910372
0.782553483
0.764423752
0.744248233
0.721764474
0.696710089
0.668841788
0.637973028
0.603953353
0.56675466
0.526489816
0.483425826
0.438302074
0.391270814
0.343117893
0.294889468
0.247847836
0.203328204
0.162576778
0.126557902
0.095822606
0.070492385
0.050316493
0.997112219
0.996855697
0.996572479
0.996272601
0.995962076
0.995641576
0.995307669
0.994954733
0.994576578
0.994167664
0.993723929
0.993243095
0.992724317
0.992167217
0.991570556
0.990931009
0.990242669
0.989497563
0.988686821
0.987801986
0.986835925
0.985782799
0.984637221
0.983393209
0.982043478
0.980579604
0.978992972
0.977275986
0.975423095
0.973430988
0.971297168
0.969019923
0.966596052
0.964017879
0.961274887
0.958352843
0.955235894
0.951906883
0.948349805
0.944547078
0.940479008
0.936126106
0.931468512
0.926483826
0.921146296
0.915426947
0.909283774
0.902676661
0.895563367
0.887902191
0.879648841
0.870751743
0.861142747
0.850743873
0.839462298
0.827167147
0.813713058
0.798910372
0.782553483
0.764423752
0.744248233
0.721764474
0.696710089
0.668841788
0.637973028
0.603953353
0.56675466
0.526489816
0.483425826
0.438302074
0.391270814
0.343117893
0.294889468
0.247847836
0.203328204
0.162576778
0.126557902
0.095822606
0.070492385
0.050316493
0.997112219
0.996855697
0.996572479
0.996272601
0.995962076
0.995641576
0.995307669
0.994954733
0.994576578
0.994167664
0.993723929
0.993243095
0.992724317
0.992167217
0.991570556
0.990931009
0.990242669
0.989497563
0.988686821
0.987801986
0.986835925
0.985782799
0.984637221
0.983393209
0.982043478
0.980579604
0.978992972
0.977275986
0.975423095
0.973430988
0.971297168
0.969019923
0.966596052
0.964017879
0.961274887
0.958352843
0.955235894
0.951906883
0.948349805
0.944547078
0.940479008
0.936126106
0.931468512
0.926483826
0.921146296
0.915426947
0.909283774
0.902676661
0.895563367
0.887902191
0.879648841
0.870751743
0.861142747
0.850743873
0.839462298
0.827167147
0.813713058
0.798910372
0.782553483
0.764423752
0.744248233
0.721764474
0.696710089
0.668841788
0.637973028
0.603953353
0.56675466
0.526489816
0.483425826
0.438302074
0.391270814
0.343117893
0.294889468
0.247847836
0.203328204
0.162576778
0.126557902
0.095822606
0.070492385
0.050316493
0.997112219
0.996855697
0.996572479
0.996272601
0.995962076
0.995641576
0.995307669
0.994954733
0.994576578
0.994167664
0.993723929
0.993243095
0.992724317
0.992167217
0.991570556
0.990931009
0.990242669
0.989497563
0.988686821
0.987801986
0.986835925
0.985782799
0.984637221
0.983393209
0.982043478
0.980579604
0.978992972
0.977275986
0.975423095
0.973430988
0.971297168
0.969019923
0.966596052
0.964017879
0.961274887
0.958352843
0.955235894
0.951906883
0.948349805
0.944547078
0.940479008
0.936126106
0.931468512
0.926483826
0.921146296
0.915426947
0.909283774
0.902676661
0.895563367
0.887902191
0.879648841
0.870751743
0.861142747
0.850743873
0.839462298
0.827167147
0.813713058
0.798910372
0.782553483
0.764423752
0.744248233
0.721764474
0.696710089
0.668841788
0.637973028
0.603953353
0.56675466
0.526489816
0.483425826
0.438302074
0.391270814
0.343117893
0.294889468
0.247847836
0.203328204
0.162576778
0.126557902
0.095822606
0.070492385
0.050316493
0.997112219
0.996855697
0.996572479
0.996272601
0.995962076
0.995641576
0.995307669
0.994954733
0.994576578
0.994167664
0.993723929
0.993243095
0.992724317
0.992167217
0.991570556
0.990931009
0.990242669
0.989497563
0.988686821
0.987801986
0.986835925
0.985782799
0.984637221
0.983393209
0.982043478
0.980579604
0.978992972
0.977275986
0.975423095
0.973430988
0.971297168
0.969019923
0.966596052
0.964017879
0.961274887
0.958352843
0.955235894
0.951906883
0.948349805
0.944547078
0.940479008
0.936126106
0.931468512
0.926483826
0.921146296
0.915426947
0.909283774
0.902676661
0.895563367
0.887902191
0.879648841
0.870751743
0.861142747
0.850743873
0.839462298
0.827167147
0.813713058
0.798910372
0.782553483
0.764423752
0.744248233
0.721764474
0.696710089
0.668841788
0.637973028
0.603953353
0.56675466
0.526489816
0.483425826
0.438302074
0.391270814
0.343117893
0.294889468
0.247847836
0.203328204
0.162576778
0.126557902
0.095822606
0.070492385
0.050316493
0.997112219
0.996855697
0.996572479
0.996272601
0.995962076
0.995641576
0.995307669
0.994954733
0.994576578
0.994167664
0.993723929
0.993243095
0.992724317
0.992167217
0.991570556
0.990931009
0.990242669
0.989497563
0.988686821
0.987801986
0.986835925
0.985782799
0.984637221
0.983393209
0.982043478
0.980579604
0.978992972
0.977275986
0.975423095
0.973430988
0.971297168
0.969019923
0.966596052
0.964017879
0.961274887
0.958352843
0.955235894
0.951906883
0.948349805
0.944547078
0.940479008
0.936126106
0.931468512
0.926483826
0.921146296
0.915426947
0.909283774
0.902676661
0.895563367
0.887902191
0.879648841
0.870751743
0.861142747
0.850743873
0.839462298
0.827167147
0.813713058
0.798910372
0.782553483
0.764423752
0.744248233
0.721764474
0.696710089
0.668841788
0.637973028
0.603953353
0.56675466
0.526489816
0.483425826
0.438302074
0.391270814
0.343117893
0.294889468
0.247847836
0.203328204
0.162576778
0.126557902
0.095822606
0.070492385
0.050316493
0.997112219
0.996855697
0.996572479
0.996272601
0.995962076
0.995641576
0.995307669
0.994954733
0.994576578
0.994167664
0.993723929
0.993243095
0.992724317
0.992167217
0.991570556
0.990931009
0.990242669
0.989497563
0.988686821
0.987801986
0.986835925
0.985782799
0.984637221
0.983393209
0.982043478
0.980579604
0.978992972
0.977275986
0.975423095
0.973430988
0.971297168
0.969019923
0.966596052
0.964017879
0.961274887
0.958352843
0.955235894
0.951906883
0.948349805
0.944547078
0.940479008
0.936126106
0.931468512
0.926483826
0.921146296
0.915426947
0.909283774
0.902676661
0.895563367
0.887902191
0.879648841
0.870751743
0.861142747
0.850743873
0.839462298
0.827167147
0.813713058
0.798910372
0.782553483
0.764423752
0.744248233
0.721764474
0.696710089
0.668841788
0.637973028
0.603953353
0.56675466
0.526489816
0.483425826
0.438302074
0.391270814
0.343117893
0.294889468
0.247847836
0.203328204
0.162576778
0.126557902
0.095822606
0.070492385
0.050316493
0.997112219
0.996855697
0.996572479
0.996272601
0.995962076
0.995641576
0.995307669
0.994954733
0.994576578
0.994167664
0.993723929
0.993243095
0.992724317
0.992167217
0.991570556
0.990931009
0.990242669
0.989497563
0.988686821
0.987801986
0.986835925
0.985782799
0.984637221
0.983393209
0.982043478
0.980579604
0.978992972
0.977275986
0.975423095
0.973430988
0.971297168
0.969019923
0.966596052
0.964017879
0.961274887
0.958352843
0.955235894
0.951906883
0.948349805
0.944547078
0.940479008
0.936126106
0.931468512
0.926483826
0.921146296
0.915426947
0.909283774
0.902676661
0.895563367
0.887902191
0.879648841
0.870751743
0.861142747
0.850743873
0.839462298
0.827167147
0.813713058
0.798910372
0.782553483
0.764423752
0.744248233
0.721764474
0.696710089
0.668841788
0.637973028
0.603953353
0.56675466
0.526489816
0.483425826
0.438302074
0.391270814
0.343117893
0.294889468
0.247847836
0.203328204
0.162576778
0.126557902
0.095822606
0.070492385
0.050316493
0.997112219
0.996855697
0.996572479
0.996272601
0.995962076
0.995641576
0.995307669
0.994954733
0.994576578
0.994167664
0.993723929
0.993243095
0.992724317
0.992167217
0.991570556
0.990931009
0.990242669
0.989497563
0.988686821
0.987801986
0.986835925
0.985782799
0.984637221
0.983393209
0.982043478
0.980579604
0.978992972
0.977275986
0.975423095
0.973430988
0.971297168
0.969019923
0.966596052
0.964017879
0.961274887
0.958352843
0.955235894
0.951906883
0.948349805
0.944547078
0.940479008
0.936126106
0.931468512
0.926483826
0.921146296
0.915426947
0.909283774
0.902676661
0.895563367
0.887902191
0.879648841
0.870751743
0.861142747
0.850743873
0.839462298
0.827167147
0.813713058
0.798910372
0.782553483
0.764423752
0.744248233
0.721764474
0.696710089
0.668841788
0.637973028
0.603953353
0.56675466
0.526489816
0.483425826
0.438302074
0.391270814
0.343117893
0.294889468
0.247847836
0.203328204
0.162576778
0.126557902
0.095822606
0.070492385
0.050316493
0.997112219
0.996855697
0.996572479
0.996272601
0.995962076
0.995641576
0.995307669
0.994954733
0.994576578
0.994167664
0.993723929
0.993243095
0.992724317
0.992167217
0.991570556
0.990931009
0.990242669
0.989497563
0.988686821
0.987801986
0.986835925
0.985782799
0.984637221
0.983393209
0.982043478
0.980579604
0.978992972
0.977275986
0.975423095
0.973430988
0.971297168
0.969019923
0.966596052
0.964017879
0.961274887
0.958352843
0.955235894
0.951906883
0.948349805
0.944547078
0.940479008
0.936126106
0.931468512
0.926483826
0.921146296
0.915426947
0.909283774
0.902676661
0.895563367
0.887902191
0.879648841
0.870751743
0.861142747
0.850743873
0.839462298
0.827167147
0.813713058
0.798910372
0.782553483
0.764423752
0.744248233
0.721764474
0.696710089
0.668841788
0.637973028
0.603953353
0.56675466
0.526489816
0.483425826
0.438302074
0.391270814
0.343117893
0.294889468
0.247847836
0.203328204
0.162576778
0.126557902
0.095822606
0.070492385
0.050316493
0.997112219
0.996855697
0.996572479
0.996272601
0.995962076
0.995641576
0.995307669
0.994954733
0.994576578
0.994167664
0.993723929
0.993243095
0.992724317
0.992167217
0.991570556
0.990931009
0.990242669
0.989497563
0.988686821
0.987801986
0.986835925
0.985782799
0.984637221
0.983393209
0.982043478
0.980579604
0.978992972
0.977275986
0.975423095
0.973430988
0.971297168
0.969019923
0.966596052
0.964017879
0.961274887
0.958352843
0.955235894
0.951906883
0.948349805
0.944547078
0.940479008
0.936126106
0.931468512
0.926483826
0.921146296
0.915426947
0.909283774
0.902676661
0.895563367
0.887902191
0.879648841
0.870751743
0.861142747
0.850743873
0.839462298
0.827167147
0.813713058
0.798910372
0.782553483
0.764423752
0.744248233
0.721764474
0.696710089
0.668841788
0.637973028
0.603953353
0.56675466
0.526489816
0.483425826
0.438302074
0.391270814
0.343117893
0.294889468
0.247847836
0.203328204
0.162576778
0.126557902
0.095822606
0.070492385
0.050316493
0.997112219
0.996855697
0.996572479
0.996272601
0.995962076
0.995641576
0.995307669
0.994954733
0.994576578
0.994167664
0.993723929
0.993243095
0.992724317
0.992167217
0.991570556
0.990931009
0.990242669
0.989497563
0.988686821
0.987801986
0.986835925
0.985782799
0.984637221
0.983393209
0.982043478
0.980579604
0.978992972
0.977275986
0.975423095
0.973430988
0.971297168
0.969019923
0.966596052
0.964017879
0.961274887
0.958352843
0.955235894
0.951906883
0.948349805
0.944547078
0.940479008
0.936126106
0.931468512
0.926483826
0.921146296
0.915426947
0.909283774
0.902676661
0.895563367
0.887902191
0.879648841
0.870751743
0.861142747
0.850743873
0.839462298
0.827167147
0.813713058
0.798910372
0.782553483
0.764423752
0.744248233
0.721764474
0.696710089
0.668841788
0.637973028
0.603953353
0.56675466
0.526489816
0.483425826
0.438302074
0.391270814
0.343117893
0.294889468
0.247847836
0.203328204
0.162576778
0.126557902
0.095822606
0.070492385
0.050316493
0.997112219
0.996855697
0.996572479
0.996272601
0.995962076
0.995641576
0.995307669
0.994954733
0.994576578
0.994167664
0.993723929
0.993243095
0.992724317
0.992167217
0.991570556
0.990931009
0.990242669
0.989497563
0.988686821
0.987801986
0.986835925
0.985782799
0.984637221
0.983393209
0.982043478
0.980579604
0.978992972
0.977275986
0.975423095
0.973430988
0.971297168
0.969019923
0.966596052
0.964017879
0.961274887
0.958352843
0.955235894
0.951906883
0.948349805
0.944547078
0.940479008
0.936126106
0.931468512
0.926483826
0.921146296
0.915426947
0.909283774
0.902676661
0.895563367
0.887902191
0.879648841
0.870751743
0.861142747
0.850743873
0.839462298
0.827167147
0.813713058
0.798910372
0.782553483
0.764423752
0.744248233
0.721764474
0.696710089
0.668841788
0.637973028
0.603953353
0.56675466
0.526489816
0.483425826
0.438302074
0.391270814
0.343117893
0.294889468
0.247847836
0.203328204
0.162576778
0.126557902
0.095822606
0.070492385
0.050316493
0.997112219
0.996855697
0.996572479
0.996272601
0.995962076
0.995641576
0.995307669
0.994954733
0.994576578
0.994167664
0.993723929
0.993243095
0.992724317
0.992167217
0.991570556
0.990931009
0.990242669
0.989497563
0.988686821
0.987801986
0.986835925
0.985782799
0.984637221
0.983393209
0.982043478
0.980579604
0.978992972
0.977275986
0.975423095
0.973430988
0.971297168
0.969019923
0.966596052
0.964017879
0.961274887
0.958352843
0.955235894
0.951906883
0.948349805
0.944547078
0.940479008
0.936126106
0.931468512
0.926483826
0.921146296
0.915426947
0.909283774
0.902676661
0.895563367
0.887902191
0.879648841
0.870751743
0.861142747
0.850743873
0.839462298
0.827167147
0.813713058
0.798910372
0.782553483
0.764423752
0.744248233
0.721764474
0.696710089
0.668841788
0.637973028
0.603953353
0.56675466
0.526489816
0.483425826
0.438302074
0.391270814
0.343117893
0.294889468
0.247847836
0.203328204
0.162576778
0.126557902
0.095822606
0.070492385
0.050316493
0.997112219
0.996855697
0.996572479
0.996272601
0.995962076
0.995641576
0.995307669
0.994954733
0.994576578
0.994167664
0.993723929
0.993243095
0.992724317
0.992167217
0.991570556
0.990931009
0.990242669
0.989497563
0.988686821
0.987801986
0.986835925
0.985782799
0.984637221
0.983393209
0.982043478
0.980579604
0.978992972
0.977275986
0.975423095
0.973430988
0.971297168
0.969019923
0.966596052
0.964017879
0.961274887
0.958352843
0.955235894
0.951906883
0.948349805
0.944547078
0.940479008
0.936126106
0.931468512
0.926483826
0.921146296
0.915426947
0.909283774
0.902676661
0.895563367
0.887902191
0.879648841
0.870751743
0.861142747
0.850743873
0.839462298
0.827167147
0.813713058
0.798910372
0.782553483
0.764423752
0.744248233
0.721764474
0.696710089
0.668841788
0.637973028
0.603953353
0.56675466
0.526489816
0.483425826
0.438302074
0.391270814
0.343117893
0.294889468
0.247847836
0.203328204
0.162576778
0.126557902
0.095822606
0.070492385
0.050316493
0.997112219
0.996855697
0.996572479
0.996272601
0.995962076
0.995641576
0.995307669
0.994954733
0.994576578
0.994167664
0.993723929
0.993243095
0.992724317
0.992167217
0.991570556
0.990931009
0.990242669
0.989497563
0.988686821
0.987801986
0.986835925
0.985782799
0.984637221
0.983393209
0.982043478
0.980579604
0.978992972
0.977275986
0.975423095
0.973430988
0.971297168
0.969019923
0.966596052
0.964017879
0.961274887
0.958352843
0.955235894
0.951906883
0.948349805
0.944547078
0.940479008
0.936126106
0.931468512
0.926483826
0.921146296
0.915426947
0.909283774
0.902676661
0.895563367
0.887902191
0.879648841
0.870751743
0.861142747
0.850743873
0.839462298
0.827167147
0.813713058
0.798910372
0.782553483
0.764423752
0.744248233
0.721764474
0.696710089
0.668841788
0.637973028
0.603953353
0.56675466
0.526489816
0.483425826
0.438302074
0.391270814
0.343117893
0.294889468
0.247847836
0.203328204
0.162576778
0.126557902
0.095822606
0.070492385
0.050316493
0.997112219
0.996855697
0.996572479
0.996272601
0.995962076
0.995641576
0.995307669
0.994954733
0.994576578
0.994167664
0.993723929
0.993243095
0.992724317
0.992167217
0.991570556
0.990931009
0.990242669
0.989497563
0.988686821
0.987801986
0.986835925
0.985782799
0.984637221
0.983393209
0.982043478
0.980579604
0.978992972
0.977275986
0.975423095
0.973430988
0.971297168
0.969019923
0.966596052
0.964017879
0.961274887
0.958352843
0.955235894
0.951906883
0.948349805
0.944547078
0.940479008
0.936126106
0.931468512
0.926483826
0.921146296
0.915426947
0.909283774
0.902676661
0.895563367
0.887902191
0.879648841
0.870751743
0.861142747
0.850743873
0.839462298
0.827167147
0.813713058
0.798910372
0.782553483
0.764423752
0.744248233
0.721764474
0.696710089
0.668841788
0.637973028
0.603953353
0.56675466
0.526489816
0.483425826
0.438302074
0.391270814
0.343117893
0.294889468
0.247847836
0.203328204
0.162576778
0.126557902
0.095822606
0.070492385
0.050316493
0.997112219
0.996855697
0.996572479
0.996272601
0.995962076
0.995641576
0.995307669
0.994954733
0.994576578
0.994167664
0.993723929
0.993243095
0.992724317
0.992167217
0.991570556
0.990931009
0.990242669
0.989497563
0.988686821
0.987801986
0.986835925
0.985782799
0.984637221
0.983393209
0.982043478
0.980579604
0.978992972
0.977275986
0.975423095
0.973430988
0.971297168
0.969019923
0.966596052
0.964017879
0.961274887
0.958352843
0.955235894
0.951906883
0.948349805
0.944547078
0.940479008
0.936126106
0.931468512
0.926483826
0.921146296
0.915426947
0.909283774
0.902676661
0.895563367
0.887902191
0.879648841
0.870751743
0.861142747
0.850743873
0.839462298
0.827167147
0.813713058
0.798910372
0.782553483
0.764423752
0.744248233
0.721764474
0.696710089
0.668841788
0.637973028
0.603953353
0.56675466
0.526489816
0.483425826
0.438302074
0.391270814
0.343117893
0.294889468
0.247847836
0.203328204
0.162576778
0.126557902
0.095822606
0.070492385
0.050316493
0.997112219
0.996855697
0.996572479
0.996272601
0.995962076
0.995641576
0.995307669
0.994954733
0.994576578
0.994167664
0.993723929
0.993243095
0.992724317
0.992167217
0.991570556
0.990931009
0.990242669
0.989497563
0.988686821
0.987801986
0.986835925
0.985782799
0.984637221
0.983393209
0.982043478
0.980579604
0.978992972
0.977275986
0.975423095
0.973430988
0.971297168
0.969019923
0.966596052
0.964017879
0.961274887
0.958352843
0.955235894
0.951906883
0.948349805
0.944547078
0.940479008
0.936126106
0.931468512
0.926483826
0.921146296
0.915426947
0.909283774
0.902676661
0.895563367
0.887902191
0.879648841
0.870751743
0.861142747
0.850743873
0.839462298
0.827167147
0.813713058
0.798910372
0.782553483
0.764423752
0.744248233
0.721764474
0.696710089
0.668841788
0.637973028
0.603953353
0.56675466
0.526489816
0.483425826
0.438302074
0.391270814
0.343117893
0.294889468
0.247847836
0.203328204
0.162576778
0.126557902
0.095822606
0.070492385
0.050316493
0.997112219
0.996855697
0.996572479
0.996272601
0.995962076
0.995641576
0.995307669
0.994954733
0.994576578
0.994167664
0.993723929
0.993243095
0.992724317
0.992167217
0.991570556
0.990931009
0.990242669
0.989497563
0.988686821
0.987801986
0.986835925
0.985782799
0.984637221
0.983393209
0.982043478
0.980579604
0.978992972
0.977275986
0.975423095
0.973430988
0.971297168
0.969019923
0.966596052
0.964017879
0.961274887
0.958352843
0.955235894
0.951906883
0.948349805
0.944547078
0.940479008
0.936126106
0.931468512
0.926483826
0.921146296
0.915426947
0.909283774
0.902676661
0.895563367
0.887902191
0.879648841
0.870751743
0.861142747
0.850743873
0.839462298
0.827167147
0.813713058
0.798910372
0.782553483
0.764423752
0.744248233
0.721764474
0.696710089
0.668841788
0.637973028
0.603953353
0.56675466
0.526489816
0.483425826
0.438302074
0.391270814
0.343117893
0.294889468
0.247847836
0.203328204
0.162576778
0.126557902
0.095822606
0.070492385
0.050316493
0.997112219
0.996855697
0.996572479
0.996272601
0.995962076
0.995641576
0.995307669
0.994954733
0.994576578
0.994167664
0.993723929
0.993243095
0.992724317
0.992167217
0.991570556
0.990931009
0.990242669
0.989497563
0.988686821
0.987801986
0.986835925
0.985782799
0.984637221
0.983393209
0.982043478
0.980579604
0.978992972
0.977275986
0.975423095
0.973430988
0.971297168
0.969019923
0.966596052
0.964017879
0.961274887
0.958352843
0.955235894
0.951906883
0.948349805
0.944547078
0.940479008
0.936126106
0.931468512
0.926483826
0.921146296
0.915426947
0.909283774
0.902676661
0.895563367
0.887902191
0.879648841
0.870751743
0.861142747
0.850743873
0.839462298
0.827167147
0.813713058
0.798910372
0.782553483
0.764423752
0.744248233
0.721764474
0.696710089
0.668841788
0.637973028
0.603953353
0.56675466
0.526489816
0.483425826
0.438302074
0.391270814
0.343117893
0.294889468
0.247847836
0.203328204
0.162576778
0.126557902
0.095822606
0.070492385
0.050316493
0.997112219
0.996855697
0.996572479
0.996272601
0.995962076
0.995641576
0.995307669
0.994954733
0.994576578
0.994167664
0.993723929
0.993243095
0.992724317
0.992167217
0.991570556
0.990931009
0.990242669
0.989497563
0.988686821
0.987801986
0.986835925
0.985782799
0.984637221
0.983393209
0.982043478
0.980579604
0.978992972
0.977275986
0.975423095
0.973430988
0.971297168
0.969019923
0.966596052
0.964017879
0.961274887
0.958352843
0.955235894
0.951906883
0.948349805
0.944547078
0.940479008
0.936126106
0.931468512
0.926483826
0.921146296
0.915426947
0.909283774
0.902676661
0.895563367
0.887902191
0.879648841
0.870751743
0.861142747
0.850743873
0.839462298
0.827167147
0.813713058
0.798910372
0.782553483
0.764423752
0.744248233
0.721764474
0.696710089
0.668841788
0.637973028
0.603953353
0.56675466
0.526489816
0.483425826
0.438302074
0.391270814
0.343117893
0.294889468
0.247847836
0.203328204
0.162576778
0.126557902
0.095822606
0.070492385
0.050316493
0.997112219
0.996855697
0.996572479
0.996272601
0.995962076
0.995641576
0.995307669
0.994954733
0.994576578
0.994167664
0.993723929
0.993243095
0.992724317
0.992167217
0.991570556
0.990931009
0.990242669
0.989497563
0.988686821
0.987801986
0.986835925
0.985782799
0.984637221
0.983393209
0.982043478
0.980579604
0.978992972
0.977275986
0.975423095
0.973430988
0.971297168
0.969019923
0.966596052
0.964017879
0.961274887
0.958352843
0.955235894
0.951906883
0.948349805
0.944547078
0.940479008
0.936126106
0.931468512
0.926483826
0.921146296
0.915426947
0.909283774
0.902676661
0.895563367
0.887902191
0.879648841
0.870751743
0.861142747
0.850743873
0.839462298
0.827167147
0.813713058
0.798910372
0.782553483
0.764423752
0.744248233
0.721764474
0.696710089
0.668841788
0.637973028
0.603953353
0.56675466
0.526489816
0.483425826
0.438302074
0.391270814
0.343117893
0.294889468
0.247847836
0.203328204
0.162576778
0.126557902
0.095822606
0.070492385
0.050316493
0.997112219
0.996855697
0.996572479
0.996272601
0.995962076
0.995641576
0.995307669
0.994954733
0.994576578
0.994167664
0.993723929
0.993243095
0.992724317
0.992167217
0.991570556
0.990931009
0.990242669
0.989497563
0.988686821
0.987801986
0.986835925
0.985782799
0.984637221
0.983393209
0.982043478
0.980579604
0.978992972
0.977275986
0.975423095
0.973430988
0.971297168
0.969019923
0.966596052
0.964017879
0.961274887
0.958352843
0.955235894
0.951906883
0.948349805
0.944547078
0.940479008
0.936126106
0.931468512
0.926483826
0.921146296
0.915426947
0.909283774
0.902676661
0.895563367
0.887902191
0.879648841
0.870751743
0.861142747
0.850743873
0.839462298
0.827167147
0.813713058
0.798910372
0.782553483
0.764423752
0.744248233
0.721764474
0.696710089
0.668841788
0.637973028
0.603953353
0.56675466
0.526489816
0.483425826
0.438302074
0.391270814
0.343117893
0.294889468
0.247847836
0.203328204
0.162576778
0.126557902
0.095822606
0.070492385
0.050316493
0.997112219
0.996855697
0.996572479
0.996272601
0.995962076
0.995641576
0.995307669
0.994954733
0.994576578
0.994167664
0.993723929
0.993243095
0.992724317
0.992167217
0.991570556
0.990931009
0.990242669
0.989497563
0.988686821
0.987801986
0.986835925
0.985782799
0.984637221
0.983393209
0.982043478
0.980579604
0.978992972
0.977275986
0.975423095
0.973430988
0.971297168
0.969019923
0.966596052
0.964017879
0.961274887
0.958352843
0.955235894
0.951906883
0.948349805
0.944547078
0.940479008
0.936126106
0.931468512
0.926483826
0.921146296
0.915426947
0.909283774
0.902676661
0.895563367
0.887902191
0.879648841
0.870751743
0.861142747
0.850743873
0.839462298
0.827167147
0.813713058
0.798910372
0.782553483
0.764423752
0.744248233
0.721764474
0.696710089
0.668841788
0.637973028
0.603953353
0.56675466
0.526489816
0.483425826
0.438302074
0.391270814
0.343117893
0.294889468
0.247847836
0.203328204
0.162576778
0.126557902
0.095822606
0.070492385
0.050316493
0.997112219
0.996855697
0.996572479
0.996272601
0.995962076
0.995641576
0.995307669
0.994954733
0.994576578
0.994167664
0.993723929
0.993243095
0.992724317
0.992167217
0.991570556
0.990931009
0.990242669
0.989497563
0.988686821
0.987801986
0.986835925
0.985782799
0.984637221
0.983393209
0.982043478
0.980579604
0.978992972
0.977275986
0.975423095
0.973430988
0.971297168
0.969019923
0.966596052
0.964017879
0.961274887
0.958352843
0.955235894
0.951906883
0.948349805
0.944547078
0.940479008
0.936126106
0.931468512
0.926483826
0.921146296
0.915426947
0.909283774
0.902676661
0.895563367
0.887902191
0.879648841
0.870751743
0.861142747
0.850743873
0.839462298
0.827167147
0.813713058
0.798910372
0.782553483
0.764423752
0.744248233
0.721764474
0.696710089
0.668841788
0.637973028
0.603953353
0.56675466
0.526489816
0.483425826
0.438302074
0.391270814
0.343117893
0.294889468
0.247847836
0.203328204
0.162576778
0.126557902
0.095822606
0.070492385
0.050316493
0.997112219
0.996855697
0.996572479
0.996272601
0.995962076
0.995641576
0.995307669
0.994954733
0.994576578
0.994167664
0.993723929
0.993243095
0.992724317
0.992167217
0.991570556
0.990931009
0.990242669
0.989497563
0.988686821
0.987801986
0.986835925
0.985782799
0.984637221
0.983393209
0.982043478
0.980579604
0.978992972
0.977275986
0.975423095
0.973430988
0.971297168
0.969019923
0.966596052
0.964017879
0.961274887
0.958352843
0.955235894
0.951906883
0.948349805
0.944547078
0.940479008
0.936126106
0.931468512
0.926483826
0.921146296
0.915426947
0.909283774
0.902676661
0.895563367
0.887902191
0.879648841
0.870751743
0.861142747
0.850743873
0.839462298
0.827167147
0.813713058
0.798910372
0.782553483
0.764423752
0.744248233
0.721764474
0.696710089
0.668841788
0.637973028
0.603953353
0.56675466
0.526489816
0.483425826
0.438302074
0.391270814
0.343117893
0.294889468
0.247847836
0.203328204
0.162576778
0.126557902
0.095822606
0.070492385
0.050316493
0.997112219
0.996855697
0.996572479
0.996272601
0.995962076
0.995641576
0.995307669
0.994954733
0.994576578
0.994167664
0.993723929
0.993243095
0.992724317
0.992167217
0.991570556
0.990931009
0.990242669
0.989497563
0.988686821
0.987801986
0.986835925
0.985782799
0.984637221
0.983393209
0.982043478
0.980579604
0.978992972
0.977275986
0.975423095
0.973430988
0.971297168
0.969019923
0.966596052
0.964017879
0.961274887
0.958352843
0.955235894
0.951906883
0.948349805
0.944547078
0.940479008
0.936126106
0.931468512
0.926483826
0.921146296
0.915426947
0.909283774
0.902676661
0.895563367
0.887902191
0.879648841
0.870751743
0.861142747
0.850743873
0.839462298
0.827167147
0.813713058
0.798910372
0.782553483
0.764423752
0.744248233
0.721764474
0.696710089
0.668841788
0.637973028
0.603953353
0.56675466
0.526489816
0.483425826
0.438302074
0.391270814
0.343117893
0.294889468
0.247847836
0.203328204
0.162576778
0.126557902
0.095822606
0.070492385
0.050316493
0.997112219
0.996855697
0.996572479
0.996272601
0.995962076
0.995641576
0.995307669
0.994954733
0.994576578
0.994167664
0.993723929
0.993243095
0.992724317
0.992167217
0.991570556
0.990931009
0.990242669
0.989497563
0.988686821
0.987801986
0.986835925
0.985782799
0.984637221
0.983393209
0.982043478
0.980579604
0.978992972
0.977275986
0.975423095
0.973430988
0.971297168
0.969019923
0.966596052
0.964017879
0.961274887
0.958352843
0.955235894
0.951906883
0.948349805
0.944547078
0.940479008
0.936126106
0.931468512
0.926483826
0.921146296
0.915426947
0.909283774
0.902676661
0.895563367
0.887902191
0.879648841
0.870751743
0.861142747
0.850743873
0.839462298
0.827167147
0.813713058
0.798910372
0.782553483
0.764423752
0.744248233
0.721764474
0.696710089
0.668841788
0.637973028
0.603953353
0.56675466
0.526489816
0.483425826
0.438302074
0.391270814
0.343117893
0.294889468
0.247847836
0.203328204
0.162576778
0.126557902
0.095822606
0.070492385
0.050316493
0.997112219
0.996855697
0.996572479
0.996272601
0.995962076
0.995641576
0.995307669
0.994954733
0.994576578
0.994167664
0.993723929
0.993243095
0.992724317
0.992167217
0.991570556
0.990931009
0.990242669
0.989497563
0.988686821
0.987801986
0.986835925
0.985782799
0.984637221
0.983393209
0.982043478
0.980579604
0.978992972
0.977275986
0.975423095
0.973430988
0.971297168
0.969019923
0.966596052
0.964017879
0.961274887
0.958352843
0.955235894
0.951906883
0.948349805
0.944547078
0.940479008
0.936126106
0.931468512
0.926483826
0.921146296
0.915426947
0.909283774
0.902676661
0.895563367
0.887902191
0.879648841
0.870751743
0.861142747
0.850743873
0.839462298
0.827167147
0.813713058
0.798910372
0.782553483
0.764423752
0.744248233
0.721764474
0.696710089
0.668841788
0.637973028
0.603953353
0.56675466
0.526489816
0.483425826
0.438302074
0.391270814
0.343117893
0.294889468
0.247847836
0.203328204
0.162576778
0.126557902
0.095822606
0.070492385
0.050316493
0.997112219
0.996855697
0.996572479
0.996272601
0.995962076
0.995641576
0.995307669
0.994954733
0.994576578
0.994167664
0.993723929
0.993243095
0.992724317
0.992167217
0.991570556
0.990931009
0.990242669
0.989497563
0.988686821
0.987801986
0.986835925
0.985782799
0.984637221
0.983393209
0.982043478
0.980579604
0.978992972
0.977275986
0.975423095
0.973430988
0.971297168
0.969019923
0.966596052
0.964017879
0.961274887
0.958352843
0.955235894
0.951906883
0.948349805
0.944547078
0.940479008
0.936126106
0.931468512
0.926483826
0.921146296
0.915426947
0.909283774
0.902676661
0.895563367
0.887902191
0.879648841
0.870751743
0.861142747
0.850743873
0.839462298
0.827167147
0.813713058
0.798910372
0.782553483
0.764423752
0.744248233
0.721764474
0.696710089
0.668841788
0.637973028
0.603953353
0.56675466
0.526489816
0.483425826
0.438302074
0.391270814
0.343117893
0.294889468
0.247847836
0.203328204
0.162576778
0.126557902
0.095822606
0.070492385
0.050316493
0.997112219
0.996855697
0.996572479
0.996272601
0.995962076
0.995641576
0.995307669
0.994954733
0.994576578
0.994167664
0.993723929
0.993243095
0.992724317
0.992167217
0.991570556
0.990931009
0.990242669
0.989497563
0.988686821
0.987801986
0.986835925
0.985782799
0.984637221
0.983393209
0.982043478
0.980579604
0.978992972
0.977275986
0.975423095
0.973430988
0.971297168
0.969019923
0.966596052
0.964017879
0.961274887
0.958352843
0.955235894
0.951906883
0.948349805
0.944547078
0.940479008
0.936126106
0.931468512
0.926483826
0.921146296
0.915426947
0.909283774
0.902676661
0.895563367
0.887902191
0.879648841
0.870751743
0.861142747
0.850743873
0.839462298
0.827167147
0.813713058
0.798910372
0.782553483
0.764423752
0.744248233
0.721764474
0.696710089
0.668841788
0.637973028
0.603953353
0.56675466
0.526489816
0.483425826
0.438302074
0.391270814
0.343117893
0.294889468
0.247847836
0.203328204
0.162576778
0.126557902
0.095822606
0.070492385
0.050316493
0.997112219
0.996855697
0.996572479
0.996272601
0.995962076
0.995641576
0.995307669
0.994954733
0.994576578
0.994167664
0.993723929
0.993243095
0.992724317
0.992167217
0.991570556
0.990931009
0.990242669
0.989497563
0.988686821
0.987801986
0.986835925
0.985782799
0.984637221
0.983393209
0.982043478
0.980579604
0.978992972
0.977275986
0.975423095
0.973430988
0.971297168
0.969019923
0.966596052
0.964017879
0.961274887
0.958352843
0.955235894
0.951906883
0.948349805
0.944547078
0.940479008
0.936126106
0.931468512
0.926483826
0.921146296
0.915426947
0.909283774
0.902676661
0.895563367
0.887902191
0.879648841
0.870751743
0.861142747
0.850743873
0.839462298
0.827167147
0.813713058
0.798910372
0.782553483
0.764423752
0.744248233
0.721764474
0.696710089
0.668841788
0.637973028
0.603953353
0.56675466
0.526489816
0.483425826
0.438302074
0.391270814
0.343117893
0.294889468
0.247847836
0.203328204
0.162576778
0.126557902
0.095822606
0.070492385
0.050316493
0.997112219
0.996855697
0.996572479
0.996272601
0.995962076
0.995641576
0.995307669
0.994954733
0.994576578
0.994167664
0.993723929
0.993243095
0.992724317
0.992167217
0.991570556
0.990931009
0.990242669
0.989497563
0.988686821
0.987801986
0.986835925
0.985782799
0.984637221
0.983393209
0.982043478
0.980579604
0.978992972
0.977275986
0.975423095
0.973430988
0.971297168
0.969019923
0.966596052
0.964017879
0.961274887
0.958352843
0.955235894
0.951906883
0.948349805
0.944547078
0.940479008
0.936126106
0.931468512
0.926483826
0.921146296
0.915426947
0.909283774
0.902676661
0.895563367
0.887902191
0.879648841
0.870751743
0.861142747
0.850743873
0.839462298
0.827167147
0.813713058
0.798910372
0.782553483
0.764423752
0.744248233
0.721764474
0.696710089
0.668841788
0.637973028
0.603953353
0.56675466
0.526489816
0.483425826
0.438302074
0.391270814
0.343117893
0.294889468
0.247847836
0.203328204
0.162576778
0.126557902
0.095822606
0.070492385
0.050316493
0.997112219
0.996855697
0.996572479
0.996272601
0.995962076
0.995641576
0.995307669
0.994954733
0.994576578
0.994167664
0.993723929
0.993243095
0.992724317
0.992167217
0.991570556
0.990931009
0.990242669
0.989497563
0.988686821
0.987801986
0.986835925
0.985782799
0.984637221
0.983393209
0.982043478
0.980579604
0.978992972
0.977275986
0.975423095
0.973430988
0.971297168
0.969019923
0.966596052
0.964017879
0.961274887
0.958352843
0.955235894
0.951906883
0.948349805
0.944547078
0.940479008
0.936126106
0.931468512
0.926483826
0.921146296
0.915426947
0.909283774
0.902676661
0.895563367
0.887902191
0.879648841
0.870751743
0.861142747
0.850743873
0.839462298
0.827167147
0.813713058
0.798910372
0.782553483
0.764423752
0.744248233
0.721764474
0.696710089
0.668841788
0.637973028
0.603953353
0.56675466
0.526489816
0.483425826
0.438302074
0.391270814
0.343117893
0.294889468
0.247847836
0.203328204
0.162576778
0.126557902
0.095822606
0.070492385
0.050316493
0.997112219
0.996855697
0.996572479
0.996272601
0.995962076
0.995641576
0.995307669
0.994954733
0.994576578
0.994167664
0.993723929
0.993243095
0.992724317
0.992167217
0.991570556
0.990931009
0.990242669
0.989497563
0.988686821
0.987801986
0.986835925
0.985782799
0.984637221
0.983393209
0.982043478
0.980579604
0.978992972
0.977275986
0.975423095
0.973430988
0.971297168
0.969019923
0.966596052
0.964017879
0.961274887
0.958352843
0.955235894
0.951906883
0.948349805
0.944547078
0.940479008
0.936126106
0.931468512
0.926483826
0.921146296
0.915426947
0.909283774
0.902676661
0.895563367
0.887902191
0.879648841
0.870751743
0.861142747
0.850743873
0.839462298
0.827167147
0.813713058
0.798910372
0.782553483
0.764423752
0.744248233
0.721764474
0.696710089
0.668841788
0.637973028
0.603953353
0.56675466
0.526489816
0.483425826
0.438302074
0.391270814
0.343117893
0.294889468
0.247847836
0.203328204
0.162576778
0.126557902
0.095822606
0.070492385
0.050316493
0.997112219
0.996855697
0.996572479
0.996272601
0.995962076
0.995641576
0.995307669
0.994954733
0.994576578
0.994167664
0.993723929
0.993243095
0.992724317
0.992167217
0.991570556
0.990931009
0.990242669
0.989497563
0.988686821
0.987801986
0.986835925
0.985782799
0.984637221
0.983393209
0.982043478
0.980579604
0.978992972
0.977275986
0.975423095
0.973430988
0.971297168
0.969019923
0.966596052
0.964017879
0.961274887
0.958352843
0.955235894
0.951906883
0.948349805
0.944547078
0.940479008
0.936126106
0.931468512
0.926483826
0.921146296
0.915426947
0.909283774
0.902676661
0.895563367
0.887902191
0.879648841
0.870751743
0.861142747
0.850743873
0.839462298
0.827167147
0.813713058
0.798910372
0.782553483
0.764423752
0.744248233
0.721764474
0.696710089
0.668841788
0.637973028
0.603953353
0.56675466
0.526489816
0.483425826
0.438302074
0.391270814
0.343117893
0.294889468
0.247847836
0.203328204
0.162576778
0.126557902
0.095822606
0.070492385
0.050316493
0.997112219
0.996855697
0.996572479
0.996272601
0.995962076
0.995641576
0.995307669
0.994954733
0.994576578
0.994167664
0.993723929
0.993243095
0.992724317
0.992167217
0.991570556
0.990931009
0.990242669
0.989497563
0.988686821
0.987801986
0.986835925
0.985782799
0.984637221
0.983393209
0.982043478
0.980579604
0.978992972
0.977275986
0.975423095
0.973430988
0.971297168
0.969019923
0.966596052
0.964017879
0.961274887
0.958352843
0.955235894
0.951906883
0.948349805
0.944547078
0.940479008
0.936126106
0.931468512
0.926483826
0.921146296
0.915426947
0.909283774
0.902676661
0.895563367
0.887902191
0.879648841
0.870751743
0.861142747
0.850743873
0.839462298
0.827167147
0.813713058
0.798910372
0.782553483
0.764423752
0.744248233
0.721764474
0.696710089
0.668841788
0.637973028
0.603953353
0.56675466
0.526489816
0.483425826
0.438302074
0.391270814
0.343117893
0.294889468
0.247847836
0.203328204
0.162576778
0.126557902
0.095822606
0.070492385
0.050316493
0.997112219
0.996855697
0.996572479
0.996272601
0.995962076
0.995641576
0.995307669
0.994954733
0.994576578
0.994167664
0.993723929
0.993243095
0.992724317
0.992167217
0.991570556
0.990931009
0.990242669
0.989497563
0.988686821
0.987801986
0.986835925
0.985782799
0.984637221
0.983393209
0.982043478
0.980579604
0.978992972
0.977275986
0.975423095
0.973430988
0.971297168
0.969019923
0.966596052
0.964017879
0.961274887
0.958352843
0.955235894
0.951906883
0.948349805
0.944547078
0.940479008
0.936126106
0.931468512
0.926483826
0.921146296
0.915426947
0.909283774
0.902676661
0.895563367
0.887902191
0.879648841
0.870751743
0.861142747
0.850743873
0.839462298
0.827167147
0.813713058
0.798910372
0.782553483
0.764423752
0.744248233
0.721764474
0.696710089
0.668841788
0.637973028
0.603953353
0.56675466
0.526489816
0.483425826
0.438302074
0.391270814
0.343117893
0.294889468
0.247847836
0.203328204
0.162576778
0.126557902
0.095822606
0.070492385
0.050316493
0.997112219
0.996855697
0.996572479
0.996272601
0.995962076
0.995641576
0.995307669
0.994954733
0.994576578
0.994167664
0.993723929
0.993243095
0.992724317
0.992167217
0.991570556
0.990931009
0.990242669
0.989497563
0.988686821
0.987801986
0.986835925
0.985782799
0.984637221
0.983393209
0.982043478
0.980579604
0.978992972
0.977275986
0.975423095
0.973430988
0.971297168
0.969019923
0.966596052
0.964017879
0.961274887
0.958352843
0.955235894
0.951906883
0.948349805
0.944547078
0.940479008
0.936126106
0.931468512
0.926483826
0.921146296
0.915426947
0.909283774
0.902676661
0.895563367
0.887902191
0.879648841
0.870751743
0.861142747
0.850743873
0.839462298
0.827167147
0.813713058
0.798910372
0.782553483
0.764423752
0.744248233
0.721764474
0.696710089
0.668841788
0.637973028
0.603953353
0.56675466
0.526489816
0.483425826
0.438302074
0.391270814
0.343117893
0.294889468
0.247847836
0.203328204
0.162576778
0.126557902
0.095822606
0.070492385
0.050316493
0.997112219
0.996855697
0.996572479
0.996272601
0.995962076
0.995641576
0.995307669
0.994954733
0.994576578
0.994167664
0.993723929
0.993243095
0.992724317
0.992167217
0.991570556
0.990931009
0.990242669
0.989497563
0.988686821
0.987801986
0.986835925
0.985782799
0.984637221
0.983393209
0.982043478
0.980579604
0.978992972
0.977275986
0.975423095
0.973430988
0.971297168
0.969019923
0.966596052
0.964017879
0.961274887
0.958352843
0.955235894
0.951906883
0.948349805
0.944547078
0.940479008
0.936126106
0.931468512
0.926483826
0.921146296
0.915426947
0.909283774
0.902676661
0.895563367
0.887902191
0.879648841
0.870751743
0.861142747
0.850743873
0.839462298
0.827167147
0.813713058
0.798910372
0.782553483
0.764423752
0.744248233
0.721764474
0.696710089
0.668841788
0.637973028
0.603953353
0.56675466
0.526489816
0.483425826
0.438302074
0.391270814
0.343117893
0.294889468
0.247847836
0.203328204
0.162576778
0.126557902
0.095822606
0.070492385
0.050316493
0.997112219
0.996855697
0.996572479
0.996272601
0.995962076
0.995641576
0.995307669
0.994954733
0.994576578
0.994167664
0.993723929
0.993243095
0.992724317
0.992167217
0.991570556
0.990931009
0.990242669
0.989497563
0.988686821
0.987801986
0.986835925
0.985782799
0.984637221
0.983393209
0.982043478
0.980579604
0.978992972
0.977275986
0.975423095
0.973430988
0.971297168
0.969019923
0.966596052
0.964017879
0.961274887
0.958352843
0.955235894
0.951906883
0.948349805
0.944547078
0.940479008
0.936126106
0.931468512
0.926483826
0.921146296
0.915426947
0.909283774
0.902676661
0.895563367
0.887902191
0.879648841
0.870751743
0.861142747
0.850743873
0.839462298
0.827167147
0.813713058
0.798910372
0.782553483
0.764423752
0.744248233
0.721764474
0.696710089
0.668841788
0.637973028
0.603953353
0.56675466
0.526489816
0.483425826
0.438302074
0.391270814
0.343117893
0.294889468
0.247847836
0.203328204
0.162576778
0.126557902
0.095822606
0.070492385
0.050316493
0.997112219
0.996855697
0.996572479
0.996272601
0.995962076
0.995641576
0.995307669
0.994954733
0.994576578
0.994167664
0.993723929
0.993243095
0.992724317
0.992167217
0.991570556
0.990931009
0.990242669
0.989497563
0.988686821
0.987801986
0.986835925
0.985782799
0.984637221
0.983393209
0.982043478
0.980579604
0.978992972
0.977275986
0.975423095
0.973430988
0.971297168
0.969019923
0.966596052
0.964017879
0.961274887
0.958352843
0.955235894
0.951906883
0.948349805
0.944547078
0.940479008
0.936126106
0.931468512
0.926483826
0.921146296
0.915426947
0.909283774
0.902676661
0.895563367
0.887902191
0.879648841
0.870751743
0.861142747
0.850743873
0.839462298
0.827167147
0.813713058
0.798910372
0.782553483
0.764423752
0.744248233
0.721764474
0.696710089
0.668841788
0.637973028
0.603953353
0.56675466
0.526489816
0.483425826
0.438302074
0.391270814
0.343117893
0.294889468
0.247847836
0.203328204
0.162576778
0.126557902
0.095822606
0.070492385
0.050316493
0.997112219
0.996855697
0.996572479
0.996272601
0.995962076
0.995641576
0.995307669
0.994954733
0.994576578
0.994167664
0.993723929
0.993243095
0.992724317
0.992167217
0.991570556
0.990931009
0.990242669
0.989497563
0.988686821
0.987801986
0.986835925
0.985782799
0.984637221
0.983393209
0.982043478
0.980579604
0.978992972
0.977275986
0.975423095
0.973430988
0.971297168
0.969019923
0.966596052
0.964017879
0.961274887
0.958352843
0.955235894
0.951906883
0.948349805
0.944547078
0.940479008
0.936126106
0.931468512
0.926483826
0.921146296
0.915426947
0.909283774
0.902676661
0.895563367
0.887902191
0.879648841
0.870751743
0.861142747
0.850743873
0.839462298
0.827167147
0.813713058
0.798910372
0.782553483
0.764423752
0.744248233
0.721764474
0.696710089
0.668841788
0.637973028
0.603953353
0.56675466
0.526489816
0.483425826
0.438302074
0.391270814
0.343117893
0.294889468
0.247847836
0.203328204
0.162576778
0.126557902
0.095822606
0.070492385
0.050316493
0.997112219
0.996855697
0.996572479
0.996272601
0.995962076
0.995641576
0.995307669
0.994954733
0.994576578
0.994167664
0.993723929
0.993243095
0.992724317
0.992167217
0.991570556
0.990931009
0.990242669
0.989497563
0.988686821
0.987801986
0.986835925
0.985782799
0.984637221
0.983393209
0.982043478
0.980579604
0.978992972
0.977275986
0.975423095
0.973430988
0.971297168
0.969019923
0.966596052
0.964017879
0.961274887
0.958352843
0.955235894
0.951906883
0.948349805
0.944547078
0.940479008
0.936126106
0.931468512
0.926483826
0.921146296
0.915426947
0.909283774
0.902676661
0.895563367
0.887902191
0.879648841
0.870751743
0.861142747
0.850743873
0.839462298
0.827167147
0.813713058
0.798910372
0.782553483
0.764423752
0.744248233
0.721764474
0.696710089
0.668841788
0.637973028
0.603953353
0.56675466
0.526489816
0.483425826
0.438302074
0.391270814
0.343117893
0.294889468
0.247847836
0.203328204
0.162576778
0.126557902
0.095822606
0.070492385
0.050316493
0.997112219
0.996855697
0.996572479
0.996272601
0.995962076
0.995641576
0.995307669
0.994954733
0.994576578
0.994167664
0.993723929
0.993243095
0.992724317
0.992167217
0.991570556
0.990931009
0.990242669
0.989497563
0.988686821
0.987801986
0.986835925
0.985782799
0.984637221
0.983393209
0.982043478
0.980579604
0.978992972
0.977275986
0.975423095
0.973430988
0.971297168
0.969019923
0.966596052
0.964017879
0.961274887
0.958352843
0.955235894
0.951906883
0.948349805
0.944547078
0.940479008
0.936126106
0.931468512
0.926483826
0.921146296
0.915426947
0.909283774
0.902676661
0.895563367
0.887902191
0.879648841
0.870751743
0.861142747
0.850743873
0.839462298
0.827167147
0.813713058
0.798910372
0.782553483
0.764423752
0.744248233
0.721764474
0.696710089
0.668841788
0.637973028
0.603953353
0.56675466
0.526489816
0.483425826
0.438302074
0.391270814
0.343117893
0.294889468
0.247847836
0.203328204
0.162576778
0.126557902
0.095822606
0.070492385
0.050316493
0.997112219
0.996855697
0.996572479
0.996272601
0.995962076
0.995641576
0.995307669
0.994954733
0.994576578
0.994167664
0.993723929
0.993243095
0.992724317
0.992167217
0.991570556
0.990931009
0.990242669
0.989497563
0.988686821
0.987801986
0.986835925
0.985782799
0.984637221
0.983393209
0.982043478
0.980579604
0.978992972
0.977275986
0.975423095
0.973430988
0.971297168
0.969019923
0.966596052
0.964017879
0.961274887
0.958352843
0.955235894
0.951906883
0.948349805
0.944547078
0.940479008
0.936126106
0.931468512
0.926483826
0.921146296
0.915426947
0.909283774
0.902676661
0.895563367
0.887902191
0.879648841
0.870751743
0.861142747
0.850743873
0.839462298
0.827167147
0.813713058
0.798910372
0.782553483
0.764423752
0.744248233
0.721764474
0.696710089
0.668841788
0.637973028
0.603953353
0.56675466
0.526489816
0.483425826
0.438302074
0.391270814
0.343117893
0.294889468
0.247847836
0.203328204
0.162576778
0.126557902
0.095822606
0.070492385
0.050316493
0.997112219
0.996855697
0.996572479
0.996272601
0.995962076
0.995641576
0.995307669
0.994954733
0.994576578
0.994167664
0.993723929
0.993243095
0.992724317
0.992167217
0.991570556
0.990931009
0.990242669
0.989497563
0.988686821
0.987801986
0.986835925
0.985782799
0.984637221
0.983393209
0.982043478
0.980579604
0.978992972
0.977275986
0.975423095
0.973430988
0.971297168
0.969019923
0.966596052
0.964017879
0.961274887
0.958352843
0.955235894
0.951906883
0.948349805
0.944547078
0.940479008
0.936126106
0.931468512
0.926483826
0.921146296
0.915426947
0.909283774
0.902676661
0.895563367
0.887902191
0.879648841
0.870751743
0.861142747
0.850743873
0.839462298
0.827167147
0.813713058
0.798910372
0.782553483
0.764423752
0.744248233
0.721764474
0.696710089
0.668841788
0.637973028
0.603953353
0.56675466
0.526489816
0.483425826
0.438302074
0.391270814
0.343117893
0.294889468
0.247847836
0.203328204
0.162576778
0.126557902
0.095822606
0.070492385
0.050316493
0.997112219
0.996855697
0.996572479
0.996272601
0.995962076
0.995641576
0.995307669
0.994954733
0.994576578
0.994167664
0.993723929
0.993243095
0.992724317
0.992167217
0.991570556
0.990931009
0.990242669
0.989497563
0.988686821
0.987801986
0.986835925
0.985782799
0.984637221
0.983393209
0.982043478
0.980579604
0.978992972
0.977275986
0.975423095
0.973430988
0.971297168
0.969019923
0.966596052
0.964017879
0.961274887
0.958352843
0.955235894
0.951906883
0.948349805
0.944547078
0.940479008
0.936126106
0.931468512
0.926483826
0.921146296
0.915426947
0.909283774
0.902676661
0.895563367
0.887902191
0.879648841
0.870751743
0.861142747
0.850743873
0.839462298
0.827167147
0.813713058
0.798910372
0.782553483
0.764423752
0.744248233
0.721764474
0.696710089
0.668841788
0.637973028
0.603953353
0.56675466
0.526489816
0.483425826
0.438302074
0.391270814
0.343117893
0.294889468
0.247847836
0.203328204
0.162576778
0.126557902
0.095822606
0.070492385
0.050316493
0.997112219
0.996855697
0.996572479
0.996272601
0.995962076
0.995641576
0.995307669
0.994954733
0.994576578
0.994167664
0.993723929
0.993243095
0.992724317
0.992167217
0.991570556
0.990931009
0.990242669
0.989497563
0.988686821
0.987801986
0.986835925
0.985782799
0.984637221
0.983393209
0.982043478
0.980579604
0.978992972
0.977275986
0.975423095
0.973430988
0.971297168
0.969019923
0.966596052
0.964017879
0.961274887
0.958352843
0.955235894
0.951906883
0.948349805
0.944547078
0.940479008
0.936126106
0.931468512
0.926483826
0.921146296
0.915426947
0.909283774
0.902676661
0.895563367
0.887902191
0.879648841
0.870751743
0.861142747
0.850743873
0.839462298
0.827167147
0.813713058
0.798910372
0.782553483
0.764423752
0.744248233
0.721764474
0.696710089
0.668841788
0.637973028
0.603953353
0.56675466
0.526489816
0.483425826
0.438302074
0.391270814
0.343117893
0.294889468
0.247847836
0.203328204
0.162576778
0.126557902
0.095822606
0.070492385
0.050316493
0.997112219
0.996855697
0.996572479
0.996272601
0.995962076
0.995641576
0.995307669
0.994954733
0.994576578
0.994167664
0.993723929
0.993243095
0.992724317
0.992167217
0.991570556
0.990931009
0.990242669
0.989497563
0.988686821
0.987801986
0.986835925
0.985782799
0.984637221
0.983393209
0.982043478
0.980579604
0.978992972
0.977275986
0.975423095
0.973430988
0.971297168
0.969019923
0.966596052
0.964017879
0.961274887
0.958352843
0.955235894
0.951906883
0.948349805
0.944547078
0.940479008
0.936126106
0.931468512
0.926483826
0.921146296
0.915426947
0.909283774
0.902676661
0.895563367
0.887902191
0.879648841
0.870751743
0.861142747
0.850743873
0.839462298
0.827167147
0.813713058
0.798910372
0.782553483
0.764423752
0.744248233
0.721764474
0.696710089
0.668841788
0.637973028
0.603953353
0.56675466
0.526489816
0.483425826
0.438302074
0.391270814
0.343117893
0.294889468
0.247847836
0.203328204
0.162576778
0.126557902
0.095822606
0.070492385
0.050316493
0.997112219
0.996855697
0.996572479
0.996272601
0.995962076
0.995641576
0.995307669
0.994954733
0.994576578
0.994167664
0.993723929
0.993243095
0.992724317
0.992167217
0.991570556
0.990931009
0.990242669
0.989497563
0.988686821
0.987801986
0.986835925
0.985782799
0.984637221
0.983393209
0.982043478
0.980579604
0.978992972
0.977275986
0.975423095
0.973430988
0.971297168
0.969019923
0.966596052
0.964017879
0.961274887
0.958352843
0.955235894
0.951906883
0.948349805
0.944547078
0.940479008
0.936126106
0.931468512
0.926483826
0.921146296
0.915426947
0.909283774
0.902676661
0.895563367
0.887902191
0.879648841
0.870751743
0.861142747
0.850743873
0.839462298
0.827167147
0.813713058
0.798910372
0.782553483
0.764423752
0.744248233
0.721764474
0.696710089
0.668841788
0.637973028
0.603953353
0.56675466
0.526489816
0.483425826
0.438302074
0.391270814
0.343117893
0.294889468
0.247847836
0.203328204
0.162576778
0.126557902
0.095822606
0.070492385
0.050316493
0.997112219
0.996855697
0.996572479
0.996272601
0.995962076
0.995641576
0.995307669
0.994954733
0.994576578
0.994167664
0.993723929
0.993243095
0.992724317
0.992167217
0.991570556
0.990931009
0.990242669
0.989497563
0.988686821
0.987801986
0.986835925
0.985782799
0.984637221
0.983393209
0.982043478
0.980579604
0.978992972
0.977275986
0.975423095
0.973430988
0.971297168
0.969019923
0.966596052
0.964017879
0.961274887
0.958352843
0.955235894
0.951906883
0.948349805
0.944547078
0.940479008
0.936126106
0.931468512
0.926483826
0.921146296
0.915426947
0.909283774
0.902676661
0.895563367
0.887902191
0.879648841
0.870751743
0.861142747
0.850743873
0.839462298
0.827167147
0.813713058
0.798910372
0.782553483
0.764423752
0.744248233
0.721764474
0.696710089
0.668841788
0.637973028
0.603953353
0.56675466
0.526489816
0.483425826
0.438302074
0.391270814
0.343117893
0.294889468
0.247847836
0.203328204
0.162576778
0.126557902
0.095822606
0.070492385
0.050316493
0.997112219
0.996855697
0.996572479
0.996272601
0.995962076
0.995641576
0.995307669
0.994954733
0.994576578
0.994167664
0.993723929
0.993243095
0.992724317
0.992167217
0.991570556
0.990931009
0.990242669
0.989497563
0.988686821
0.987801986
0.986835925
0.985782799
0.984637221
0.983393209
0.982043478
0.980579604
0.978992972
0.977275986
0.975423095
0.973430988
0.971297168
0.969019923
0.966596052
0.964017879
0.961274887
0.958352843
0.955235894
0.951906883
0.948349805
0.944547078
0.940479008
0.936126106
0.931468512
0.926483826
0.921146296
0.915426947
0.909283774
0.902676661
0.895563367
0.887902191
0.879648841
0.870751743
0.861142747
0.850743873
0.839462298
0.827167147
0.813713058
0.798910372
0.782553483
0.764423752
0.744248233
0.721764474
0.696710089
0.668841788
0.637973028
0.603953353
0.56675466
0.526489816
0.483425826
0.438302074
0.391270814
0.343117893
0.294889468
0.247847836
0.203328204
0.162576778
0.126557902
0.095822606
0.070492385
0.050316493
0.997112219
0.996855697
0.996572479
0.996272601
0.995962076
0.995641576
0.995307669
0.994954733
0.994576578
0.994167664
0.993723929
0.993243095
0.992724317
0.992167217
0.991570556
0.990931009
0.990242669
0.989497563
0.988686821
0.987801986
0.986835925
0.985782799
0.984637221
0.983393209
0.982043478
0.980579604
0.978992972
0.977275986
0.975423095
0.973430988
0.971297168
0.969019923
0.966596052
0.964017879
0.961274887
0.958352843
0.955235894
0.951906883
0.948349805
0.944547078
0.940479008
0.936126106
0.931468512
0.926483826
0.921146296
0.915426947
0.909283774
0.902676661
0.895563367
0.887902191
0.879648841
0.870751743
0.861142747
0.850743873
0.839462298
0.827167147
0.813713058
0.798910372
0.782553483
0.764423752
0.744248233
0.721764474
0.696710089
0.668841788
0.637973028
0.603953353
0.56675466
0.526489816
0.483425826
0.438302074
0.391270814
0.343117893
0.294889468
0.247847836
0.203328204
0.162576778
0.126557902
0.095822606
0.070492385
0.050316493
0.997112219
0.996855697
0.996572479
0.996272601
0.995962076
0.995641576
0.995307669
0.994954733
0.994576578
0.994167664
0.993723929
0.993243095
0.992724317
0.992167217
0.991570556
0.990931009
0.990242669
0.989497563
0.988686821
0.987801986
0.986835925
0.985782799
0.984637221
0.983393209
0.982043478
0.980579604
0.978992972
0.977275986
0.975423095
0.973430988
0.971297168
0.969019923
0.966596052
0.964017879
0.961274887
0.958352843
0.955235894
0.951906883
0.948349805
0.944547078
0.940479008
0.936126106
0.931468512
0.926483826
0.921146296
0.915426947
0.909283774
0.902676661
0.895563367
0.887902191
0.879648841
0.870751743
0.861142747
0.850743873
0.839462298
0.827167147
0.813713058
0.798910372
0.782553483
0.764423752
0.744248233
0.721764474
0.696710089
0.668841788
0.637973028
0.603953353
0.56675466
0.526489816
0.483425826
0.438302074
0.391270814
0.343117893
0.294889468
0.247847836
0.203328204
0.162576778
0.126557902
0.095822606
0.070492385
0.050316493
0.997112219
0.996855697
0.996572479
0.996272601
0.995962076
0.995641576
0.995307669
0.994954733
0.994576578
0.994167664
0.993723929
0.993243095
0.992724317
0.992167217
0.991570556
0.990931009
0.990242669
0.989497563
0.988686821
0.987801986
0.986835925
0.985782799
0.984637221
0.983393209
0.982043478
0.980579604
0.978992972
0.977275986
0.975423095
0.973430988
0.971297168
0.969019923
0.966596052
0.964017879
0.961274887
0.958352843
0.955235894
0.951906883
0.948349805
0.944547078
0.940479008
0.936126106
0.931468512
0.926483826
0.921146296
0.915426947
0.909283774
0.902676661
0.895563367
0.887902191
0.879648841
0.870751743
0.861142747
0.850743873
0.839462298
0.827167147
0.813713058
0.798910372
0.782553483
0.764423752
0.744248233
0.721764474
0.696710089
0.668841788
0.637973028
0.603953353
0.56675466
0.526489816
0.483425826
0.438302074
0.391270814
0.343117893
0.294889468
0.247847836
0.203328204
0.162576778
0.126557902
0.095822606
0.070492385
0.050316493
0.997112219
0.996855697
0.996572479
0.996272601
0.995962076
0.995641576
0.995307669
0.994954733
0.994576578
0.994167664
0.993723929
0.993243095
0.992724317
0.992167217
0.991570556
0.990931009
0.990242669
0.989497563
0.988686821
0.987801986
0.986835925
0.985782799
0.984637221
0.983393209
0.982043478
0.980579604
0.978992972
0.977275986
0.975423095
0.973430988
0.971297168
0.969019923
0.966596052
0.964017879
0.961274887
0.958352843
0.955235894
0.951906883
0.948349805
0.944547078
0.940479008
0.936126106
0.931468512
0.926483826
0.921146296
0.915426947
0.909283774
0.902676661
0.895563367
0.887902191
0.879648841
0.870751743
0.861142747
0.850743873
0.839462298
0.827167147
0.813713058
0.798910372
0.782553483
0.764423752
0.744248233
0.721764474
0.696710089
0.668841788
0.637973028
0.603953353
0.56675466
0.526489816
0.483425826
0.438302074
0.391270814
0.343117893
0.294889468
0.247847836
0.203328204
0.162576778
0.126557902
0.095822606
0.070492385
0.050316493
0.997112219
0.996855697
0.996572479
0.996272601
0.995962076
0.995641576
0.995307669
0.994954733
0.994576578
0.994167664
0.993723929
0.993243095
0.992724317
0.992167217
0.991570556
0.990931009
0.990242669
0.989497563
0.988686821
0.987801986
0.986835925
0.985782799
0.984637221
0.983393209
0.982043478
0.980579604
0.978992972
0.977275986
0.975423095
0.973430988
0.971297168
0.969019923
0.966596052
0.964017879
0.961274887
0.958352843
0.955235894
0.951906883
0.948349805
0.944547078
0.940479008
0.936126106
0.931468512
0.926483826
0.921146296
0.915426947
0.909283774
0.902676661
0.895563367
0.887902191
0.879648841
0.870751743
0.861142747
0.850743873
0.839462298
0.827167147
0.813713058
0.798910372
0.782553483
0.764423752
0.744248233
0.721764474
0.696710089
0.668841788
0.637973028
0.603953353
0.56675466
0.526489816
0.483425826
0.438302074
0.391270814
0.343117893
0.294889468
0.247847836
0.203328204
0.162576778
0.126557902
0.095822606
0.070492385
0.050316493
0.997112219
0.996855697
0.996572479
0.996272601
0.995962076
0.995641576
0.995307669
0.994954733
0.994576578
0.994167664
0.993723929
0.993243095
0.992724317
0.992167217
0.991570556
0.990931009
0.990242669
0.989497563
0.988686821
0.987801986
0.986835925
0.985782799
0.984637221
0.983393209
0.982043478
0.980579604
0.978992972
0.977275986
0.975423095
0.973430988
0.971297168
0.969019923
0.966596052
0.964017879
0.961274887
0.958352843
0.955235894
0.951906883
0.948349805
0.944547078
0.940479008
0.936126106
0.931468512
0.926483826
0.921146296
0.915426947
0.909283774
0.902676661
0.895563367
0.887902191
0.879648841
0.870751743
0.861142747
0.850743873
0.839462298
0.827167147
0.813713058
0.798910372
0.782553483
0.764423752
0.744248233
0.721764474
0.696710089
0.668841788
0.637973028
0.603953353
0.56675466
0.526489816
0.483425826
0.438302074
0.391270814
0.343117893
0.294889468
0.247847836
0.203328204
0.162576778
0.126557902
0.095822606
0.070492385
0.050316493
0.997112219
0.996855697
0.996572479
0.996272601
0.995962076
0.995641576
0.995307669
0.994954733
0.994576578
0.994167664
0.993723929
0.993243095
0.992724317
0.992167217
0.991570556
0.990931009
0.990242669
0.989497563
0.988686821
0.987801986
0.986835925
0.985782799
0.984637221
0.983393209
0.982043478
0.980579604
0.978992972
0.977275986
0.975423095
0.973430988
0.971297168
0.969019923
0.966596052
0.964017879
0.961274887
0.958352843
0.955235894
0.951906883
0.948349805
0.944547078
0.940479008
0.936126106
0.931468512
0.926483826
0.921146296
0.915426947
0.909283774
0.902676661
0.895563367
0.887902191
0.879648841
0.870751743
0.861142747
0.850743873
0.839462298
0.827167147
0.813713058
0.798910372
0.782553483
0.764423752
0.744248233
0.721764474
0.696710089
0.668841788
0.637973028
0.603953353
0.56675466
0.526489816
0.483425826
0.438302074
0.391270814
0.343117893
0.294889468
0.247847836
0.203328204
0.162576778
0.126557902
0.095822606
0.070492385
0.050316493
0.997112219
0.996855697
0.996572479
0.996272601
0.995962076
0.995641576
0.995307669
0.994954733
0.994576578
0.994167664
0.993723929
0.993243095
0.992724317
0.992167217
0.991570556
0.990931009
0.990242669
0.989497563
0.988686821
0.987801986
0.986835925
0.985782799
0.984637221
0.983393209
0.982043478
0.980579604
0.978992972
0.977275986
0.975423095
0.973430988
0.971297168
0.969019923
0.966596052
0.964017879
0.961274887
0.958352843
0.955235894
0.951906883
0.948349805
0.944547078
0.940479008
0.936126106
0.931468512
0.926483826
0.921146296
0.915426947
0.909283774
0.902676661
0.895563367
0.887902191
0.879648841
0.870751743
0.861142747
0.850743873
0.839462298
0.827167147
0.813713058
0.798910372
0.782553483
0.764423752
0.744248233
0.721764474
0.696710089
0.668841788
0.637973028
0.603953353
0.56675466
0.526489816
0.483425826
0.438302074
0.391270814
0.343117893
0.294889468
0.247847836
0.203328204
0.162576778
0.126557902
0.095822606
0.070492385
0.050316493
0.997112219
0.996855697
0.996572479
0.996272601
0.995962076
0.995641576
0.995307669
0.994954733
0.994576578
0.994167664
0.993723929
0.993243095
0.992724317
0.992167217
0.991570556
0.990931009
0.990242669
0.989497563
0.988686821
0.987801986
0.986835925
0.985782799
0.984637221
0.983393209
0.982043478
0.980579604
0.978992972
0.977275986
0.975423095
0.973430988
0.971297168
0.969019923
0.966596052
0.964017879
0.961274887
0.958352843
0.955235894
0.951906883
0.948349805
0.944547078
0.940479008
0.936126106
0.931468512
0.926483826
0.921146296
0.915426947
0.909283774
0.902676661
0.895563367
0.887902191
0.879648841
0.870751743
0.861142747
0.850743873
0.839462298
0.827167147
0.813713058
0.798910372
0.782553483
0.764423752
0.744248233
0.721764474
0.696710089
0.668841788
0.637973028
0.603953353
0.56675466
0.526489816
0.483425826
0.438302074
0.391270814
0.343117893
0.294889468
0.247847836
0.203328204
0.162576778
0.126557902
0.095822606
0.070492385
0.050316493
0.997112219
0.996855697
0.996572479
0.996272601
0.995962076
0.995641576
0.995307669
0.994954733
0.994576578
0.994167664
0.993723929
0.993243095
0.992724317
0.992167217
0.991570556
0.990931009
0.990242669
0.989497563
0.988686821
0.987801986
0.986835925
0.985782799
0.984637221
0.983393209
0.982043478
0.980579604
0.978992972
0.977275986
0.975423095
0.973430988
0.971297168
0.969019923
0.966596052
0.964017879
0.961274887
0.958352843
0.955235894
0.951906883
0.948349805
0.944547078
0.940479008
0.936126106
0.931468512
0.926483826
0.921146296
0.915426947
0.909283774
0.902676661
0.895563367
0.887902191
0.879648841
0.870751743
0.861142747
0.850743873
0.839462298
0.827167147
0.813713058
0.798910372
0.782553483
0.764423752
0.744248233
0.721764474
0.696710089
0.668841788
0.637973028
0.603953353
0.56675466
0.526489816
0.483425826
0.438302074
0.391270814
0.343117893
0.294889468
0.247847836
0.203328204
0.162576778
0.126557902
0.095822606
0.070492385
0.050316493
0.997112219
0.996855697
0.996572479
0.996272601
0.995962076
0.995641576
0.995307669
0.994954733
0.994576578
0.994167664
0.993723929
0.993243095
0.992724317
0.992167217
0.991570556
0.990931009
0.990242669
0.989497563
0.988686821
0.987801986
0.986835925
0.985782799
0.984637221
0.983393209
0.982043478
0.980579604
0.978992972
0.977275986
0.975423095
0.973430988
0.971297168
0.969019923
0.966596052
0.964017879
0.961274887
0.958352843
0.955235894
0.951906883
0.948349805
0.944547078
0.940479008
0.936126106
0.931468512
0.926483826
0.921146296
0.915426947
0.909283774
0.902676661
0.895563367
0.887902191
0.879648841
0.870751743
0.861142747
0.850743873
0.839462298
0.827167147
0.813713058
0.798910372
0.782553483
0.764423752
0.744248233
0.721764474
0.696710089
0.668841788
0.637973028
0.603953353
0.56675466
0.526489816
0.483425826
0.438302074
0.391270814
0.343117893
0.294889468
0.247847836
0.203328204
0.162576778
0.126557902
0.095822606
0.070492385
0.050316493
0.997112219
0.996855697
0.996572479
0.996272601
0.995962076
0.995641576
0.995307669
0.994954733
0.994576578
0.994167664
0.993723929
0.993243095
0.992724317
0.992167217
0.991570556
0.990931009
0.990242669
0.989497563
0.988686821
0.987801986
0.986835925
0.985782799
0.984637221
0.983393209
0.982043478
0.980579604
0.978992972
0.977275986
0.975423095
0.973430988
0.971297168
0.969019923
0.966596052
0.964017879
0.961274887
0.958352843
0.955235894
0.951906883
0.948349805
0.944547078
0.940479008
0.936126106
0.931468512
0.926483826
0.921146296
0.915426947
0.909283774
0.902676661
0.895563367
0.887902191
0.879648841
0.870751743
0.861142747
0.850743873
0.839462298
0.827167147
0.813713058
0.798910372
0.782553483
0.764423752
0.744248233
0.721764474
0.696710089
0.668841788
0.637973028
0.603953353
0.56675466
0.526489816
0.483425826
0.438302074
0.391270814
0.343117893
0.294889468
0.247847836
0.203328204
0.162576778
0.126557902
0.095822606
0.070492385
0.050316493
0.997112219
0.996855697
0.996572479
0.996272601
0.995962076
0.995641576
0.995307669
0.994954733
0.994576578
0.994167664
0.993723929
0.993243095
0.992724317
0.992167217
0.991570556
0.990931009
0.990242669
0.989497563
0.988686821
0.987801986
0.986835925
0.985782799
0.984637221
0.983393209
0.982043478
0.980579604
0.978992972
0.977275986
0.975423095
0.973430988
0.971297168
0.969019923
0.966596052
0.964017879
0.961274887
0.958352843
0.955235894
0.951906883
0.948349805
0.944547078
0.940479008
0.936126106
0.931468512
0.926483826
0.921146296
0.915426947
0.909283774
0.902676661
0.895563367
0.887902191
0.879648841
0.870751743
0.861142747
0.850743873
0.839462298
0.827167147
0.813713058
0.798910372
0.782553483
0.764423752
0.744248233
0.721764474
0.696710089
0.668841788
0.637973028
0.603953353
0.56675466
0.526489816
0.483425826
0.438302074
0.391270814
0.343117893
0.294889468
0.247847836
0.203328204
0.162576778
0.126557902
0.095822606
0.070492385
0.050316493
0.997112219
0.996855697
0.996572479
0.996272601
0.995962076
0.995641576
0.995307669
0.994954733
0.994576578
0.994167664
0.993723929
0.993243095
0.992724317
0.992167217
0.991570556
0.990931009
0.990242669
0.989497563
0.988686821
0.987801986
0.986835925
0.985782799
0.984637221
0.983393209
0.982043478
0.980579604
0.978992972
0.977275986
0.975423095
0.973430988
0.971297168
0.969019923
0.966596052
0.964017879
0.961274887
0.958352843
0.955235894
0.951906883
0.948349805
0.944547078
0.940479008
0.936126106
0.931468512
0.926483826
0.921146296
0.915426947
0.909283774
0.902676661
0.895563367
0.887902191
0.879648841
0.870751743
0.861142747
0.850743873
0.839462298
0.827167147
0.813713058
0.798910372
0.782553483
0.764423752
0.744248233
0.721764474
0.696710089
0.668841788
0.637973028
0.603953353
0.56675466
0.526489816
0.483425826
0.438302074
0.391270814
0.343117893
0.294889468
0.247847836
0.203328204
0.162576778
0.126557902
0.095822606
0.070492385
0.050316493
0.997112219
0.996855697
0.996572479
0.996272601
0.995962076
0.995641576
0.995307669
0.994954733
0.994576578
0.994167664
0.993723929
0.993243095
0.992724317
0.992167217
0.991570556
0.990931009
0.990242669
0.989497563
0.988686821
0.987801986
0.986835925
0.985782799
0.984637221
0.983393209
0.982043478
0.980579604
0.978992972
0.977275986
0.975423095
0.973430988
0.971297168
0.969019923
0.966596052
0.964017879
0.961274887
0.958352843
0.955235894
0.951906883
0.948349805
0.944547078
0.940479008
0.936126106
0.931468512
0.926483826
0.921146296
0.915426947
0.909283774
0.902676661
0.895563367
0.887902191
0.879648841
0.870751743
0.861142747
0.850743873
0.839462298
0.827167147
0.813713058
0.798910372
0.782553483
0.764423752
0.744248233
0.721764474
0.696710089
0.668841788
0.637973028
0.603953353
0.56675466
0.526489816
0.483425826
0.438302074
0.391270814
0.343117893
0.294889468
0.247847836
0.203328204
0.162576778
0.126557902
0.095822606
0.070492385
0.050316493
0.997112219
0.996855697
0.996572479
0.996272601
0.995962076
0.995641576
0.995307669
0.994954733
0.994576578
0.994167664
0.993723929
0.993243095
0.992724317
0.992167217
0.991570556
0.990931009
0.990242669
0.989497563
0.988686821
0.987801986
0.986835925
0.985782799
0.984637221
0.983393209
0.982043478
0.980579604
0.978992972
0.977275986
0.975423095
0.973430988
0.971297168
0.969019923
0.966596052
0.964017879
0.961274887
0.958352843
0.955235894
0.951906883
0.948349805
0.944547078
0.940479008
0.936126106
0.931468512
0.926483826
0.921146296
0.915426947
0.909283774
0.902676661
0.895563367
0.887902191
0.879648841
0.870751743
0.861142747
0.850743873
0.839462298
0.827167147
0.813713058
0.798910372
0.782553483
0.764423752
0.744248233
0.721764474
0.696710089
0.668841788
0.637973028
0.603953353
0.56675466
0.526489816
0.483425826
0.438302074
0.391270814
0.343117893
0.294889468
0.247847836
0.203328204
0.162576778
0.126557902
0.095822606
0.070492385
0.050316493
0.997112219
0.996855697
0.996572479
0.996272601
0.995962076
0.995641576
0.995307669
0.994954733
0.994576578
0.994167664
0.993723929
0.993243095
0.992724317
0.992167217
0.991570556
0.990931009
0.990242669
0.989497563
0.988686821
0.987801986
0.986835925
0.985782799
0.984637221
0.983393209
0.982043478
0.980579604
0.978992972
0.977275986
0.975423095
0.973430988
0.971297168
0.969019923
0.966596052
0.964017879
0.961274887
0.958352843
0.955235894
0.951906883
0.948349805
0.944547078
0.940479008
0.936126106
0.931468512
0.926483826
0.921146296
0.915426947
0.909283774
0.902676661
0.895563367
0.887902191
0.879648841
0.870751743
0.861142747
0.850743873
0.839462298
0.827167147
0.813713058
0.798910372
0.782553483
0.764423752
0.744248233
0.721764474
0.696710089
0.668841788
0.637973028
0.603953353
0.56675466
0.526489816
0.483425826
0.438302074
0.391270814
0.343117893
0.294889468
0.247847836
0.203328204
0.162576778
0.126557902
0.095822606
0.070492385
0.050316493
0.997112219
0.996855697
0.996572479
0.996272601
0.995962076
0.995641576
0.995307669
0.994954733
0.994576578
0.994167664
0.993723929
0.993243095
0.992724317
0.992167217
0.991570556
0.990931009
0.990242669
0.989497563
0.988686821
0.987801986
0.986835925
0.985782799
0.984637221
0.983393209
0.982043478
0.980579604
0.978992972
0.977275986
0.975423095
0.973430988
0.971297168
0.969019923
0.966596052
0.964017879
0.961274887
0.958352843
0.955235894
0.951906883
0.948349805
0.944547078
0.940479008
0.936126106
0.931468512
0.926483826
0.921146296
0.915426947
0.909283774
0.902676661
0.895563367
0.887902191
0.879648841
0.870751743
0.861142747
0.850743873
0.839462298
0.827167147
0.813713058
0.798910372
0.782553483
0.764423752
0.744248233
0.721764474
0.696710089
0.668841788
0.637973028
0.603953353
0.56675466
0.526489816
0.483425826
0.438302074
0.391270814
0.343117893
0.294889468
0.247847836
0.203328204
0.162576778
0.126557902
0.095822606
0.070492385
0.050316493
0.997112219
0.996855697
0.996572479
0.996272601
0.995962076
0.995641576
0.995307669
0.994954733
0.994576578
0.994167664
0.993723929
0.993243095
0.992724317
0.992167217
0.991570556
0.990931009
0.990242669
0.989497563
0.988686821
0.987801986
0.986835925
0.985782799
0.984637221
0.983393209
0.982043478
0.980579604
0.978992972
0.977275986
0.975423095
0.973430988
0.971297168
0.969019923
0.966596052
0.964017879
0.961274887
0.958352843
0.955235894
0.951906883
0.948349805
0.944547078
0.940479008
0.936126106
0.931468512
0.926483826
0.921146296
0.915426947
0.909283774
0.902676661
0.895563367
0.887902191
0.879648841
0.870751743
0.861142747
0.850743873
0.839462298
0.827167147
0.813713058
0.798910372
0.782553483
0.764423752
0.744248233
0.721764474
0.696710089
0.668841788
0.637973028
0.603953353
0.56675466
0.526489816
0.483425826
0.438302074
0.391270814
0.343117893
0.294889468
0.247847836
0.203328204
0.162576778
0.126557902
0.095822606
0.070492385
0.050316493
0.997112219
0.996855697
0.996572479
0.996272601
0.995962076
0.995641576
0.995307669
0.994954733
0.994576578
0.994167664
0.993723929
0.993243095
0.992724317
0.992167217
0.991570556
0.990931009
0.990242669
0.989497563
0.988686821
0.987801986
0.986835925
0.985782799
0.984637221
0.983393209
0.982043478
0.980579604
0.978992972
0.977275986
0.975423095
0.973430988
0.971297168
0.969019923
0.966596052
0.964017879
0.961274887
0.958352843
0.955235894
0.951906883
0.948349805
0.944547078
0.940479008
0.936126106
0.931468512
0.926483826
0.921146296
0.915426947
0.909283774
0.902676661
0.895563367
0.887902191
0.879648841
0.870751743
0.861142747
0.850743873
0.839462298
0.827167147
0.813713058
0.798910372
0.782553483
0.764423752
0.744248233
0.721764474
0.696710089
0.668841788
0.637973028
0.603953353
0.56675466
0.526489816
0.483425826
0.438302074
0.391270814
0.343117893
0.294889468
0.247847836
0.203328204
0.162576778
0.126557902
0.095822606
0.070492385
0.050316493
0.997112219
0.996855697
0.996572479
0.996272601
0.995962076
0.995641576
0.995307669
0.994954733
0.994576578
0.994167664
0.993723929
0.993243095
0.992724317
0.992167217
0.991570556
0.990931009
0.990242669
0.989497563
0.988686821
0.987801986
0.986835925
0.985782799
0.984637221
0.983393209
0.982043478
0.980579604
0.978992972
0.977275986
0.975423095
0.973430988
0.971297168
0.969019923
0.966596052
0.964017879
0.961274887
0.958352843
0.955235894
0.951906883
0.948349805
0.944547078
0.940479008
0.936126106
0.931468512
0.926483826
0.921146296
0.915426947
0.909283774
0.902676661
0.895563367
0.887902191
0.879648841
0.870751743
0.861142747
0.850743873
0.839462298
0.827167147
0.813713058
0.798910372
0.782553483
0.764423752
0.744248233
0.721764474
0.696710089
0.668841788
0.637973028
0.603953353
0.56675466
0.526489816
0.483425826
0.438302074
0.391270814
0.343117893
0.294889468
0.247847836
0.203328204
0.162576778
0.126557902
0.095822606
0.070492385
0.050316493
0.997112219
0.996855697
0.996572479
0.996272601
0.995962076
0.995641576
0.995307669
0.994954733
0.994576578
0.994167664
0.993723929
0.993243095
0.992724317
0.992167217
0.991570556
0.990931009
0.990242669
0.989497563
0.988686821
0.987801986
0.986835925
0.985782799
0.984637221
0.983393209
0.982043478
0.980579604
0.978992972
0.977275986
0.975423095
0.973430988
0.971297168
0.969019923
0.966596052
0.964017879
0.961274887
0.958352843
0.955235894
0.951906883
0.948349805
0.944547078
0.940479008
0.936126106
0.931468512
0.926483826
0.921146296
0.915426947
0.909283774
0.902676661
0.895563367
0.887902191
0.879648841
0.870751743
0.861142747
0.850743873
0.839462298
0.827167147
0.813713058
0.798910372
0.782553483
0.764423752
0.744248233
0.721764474
0.696710089
0.668841788
0.637973028
0.603953353
0.56675466
0.526489816
0.483425826
0.438302074
0.391270814
0.343117893
0.294889468
0.247847836
0.203328204
0.162576778
0.126557902
0.095822606
0.070492385
0.050316493
0.997112219
0.996855697
0.996572479
0.996272601
0.995962076
0.995641576
0.995307669
0.994954733
0.994576578
0.994167664
0.993723929
0.993243095
0.992724317
0.992167217
0.991570556
0.990931009
0.990242669
0.989497563
0.988686821
0.987801986
0.986835925
0.985782799
0.984637221
0.983393209
0.982043478
0.980579604
0.978992972
0.977275986
0.975423095
0.973430988
0.971297168
0.969019923
0.966596052
0.964017879
0.961274887
0.958352843
0.955235894
0.951906883
0.948349805
0.944547078
0.940479008
0.936126106
0.931468512
0.926483826
0.921146296
0.915426947
0.909283774
0.902676661
0.895563367
0.887902191
0.879648841
0.870751743
0.861142747
0.850743873
0.839462298
0.827167147
0.813713058
0.798910372
0.782553483
0.764423752
0.744248233
0.721764474
0.696710089
0.668841788
0.637973028
0.603953353
0.56675466
0.526489816
0.483425826
0.438302074
0.391270814
0.343117893
0.294889468
0.247847836
0.203328204
0.162576778
0.126557902
0.095822606
0.070492385
0.050316493
0.997112219
0.996855697
0.996572479
0.996272601
0.995962076
0.995641576
0.995307669
0.994954733
0.994576578
0.994167664
0.993723929
0.993243095
0.992724317
0.992167217
0.991570556
0.990931009
0.990242669
0.989497563
0.988686821
0.987801986
0.986835925
0.985782799
0.984637221
0.983393209
0.982043478
0.980579604
0.978992972
0.977275986
0.975423095
0.973430988
0.971297168
0.969019923
0.966596052
0.964017879
0.961274887
0.958352843
0.955235894
0.951906883
0.948349805
0.944547078
0.940479008
0.936126106
0.931468512
0.926483826
0.921146296
0.915426947
0.909283774
0.902676661
0.895563367
0.887902191
0.879648841
0.870751743
0.861142747
0.850743873
0.839462298
0.827167147
0.813713058
0.798910372
0.782553483
0.764423752
0.744248233
0.721764474
0.696710089
0.668841788
0.637973028
0.603953353
0.56675466
0.526489816
0.483425826
0.438302074
0.391270814
0.343117893
0.294889468
0.247847836
0.203328204
0.162576778
0.126557902
0.095822606
0.070492385
0.050316493
0.997112219
0.996855697
0.996572479
0.996272601
0.995962076
0.995641576
0.995307669
0.994954733
0.994576578
0.994167664
0.993723929
0.993243095
0.992724317
0.992167217
0.991570556
0.990931009
0.990242669
0.989497563
0.988686821
0.987801986
0.986835925
0.985782799
0.984637221
0.983393209
0.982043478
0.980579604
0.978992972
0.977275986
0.975423095
0.973430988
0.971297168
0.969019923
0.966596052
0.964017879
0.961274887
0.958352843
0.955235894
0.951906883
0.948349805
0.944547078
0.940479008
0.936126106
0.931468512
0.926483826
0.921146296
0.915426947
0.909283774
0.902676661
0.895563367
0.887902191
0.879648841
0.870751743
0.861142747
0.850743873
0.839462298
0.827167147
0.813713058
0.798910372
0.782553483
0.764423752
0.744248233
0.721764474
0.696710089
0.668841788
0.637973028
0.603953353
0.56675466
0.526489816
0.483425826
0.438302074
0.391270814
0.343117893
0.294889468
0.247847836
0.203328204
0.162576778
0.126557902
0.095822606
0.070492385
0.050316493
0.997112219
0.996855697
0.996572479
0.996272601
0.995962076
0.995641576
0.995307669
0.994954733
0.994576578
0.994167664
0.993723929
0.993243095
0.992724317
0.992167217
0.991570556
0.990931009
0.990242669
0.989497563
0.988686821
0.987801986
0.986835925
0.985782799
0.984637221
0.983393209
0.982043478
0.980579604
0.978992972
0.977275986
0.975423095
0.973430988
0.971297168
0.969019923
0.966596052
0.964017879
0.961274887
0.958352843
0.955235894
0.951906883
0.948349805
0.944547078
0.940479008
0.936126106
0.931468512
0.926483826
0.921146296
0.915426947
0.909283774
0.902676661
0.895563367
0.887902191
0.879648841
0.870751743
0.861142747
0.850743873
0.839462298
0.827167147
0.813713058
0.798910372
0.782553483
0.764423752
0.744248233
0.721764474
0.696710089
0.668841788
0.637973028
0.603953353
0.56675466
0.526489816
0.483425826
0.438302074
0.391270814
0.343117893
0.294889468
0.247847836
0.203328204
0.162576778
0.126557902
0.095822606
0.070492385
0.050316493
0.997112219
0.996855697
0.996572479
0.996272601
0.995962076
0.995641576
0.995307669
0.994954733
0.994576578
0.994167664
0.993723929
0.993243095
0.992724317
0.992167217
0.991570556
0.990931009
0.990242669
0.989497563
0.988686821
0.987801986
0.986835925
0.985782799
0.984637221
0.983393209
0.982043478
0.980579604
0.978992972
0.977275986
0.975423095
0.973430988
0.971297168
0.969019923
0.966596052
0.964017879
0.961274887
0.958352843
0.955235894
0.951906883
0.948349805
0.944547078
0.940479008
0.936126106
0.931468512
0.926483826
0.921146296
0.915426947
0.909283774
0.902676661
0.895563367
0.887902191
0.879648841
0.870751743
0.861142747
0.850743873
0.839462298
0.827167147
0.813713058
0.798910372
0.782553483
0.764423752
0.744248233
0.721764474
0.696710089
0.668841788
0.637973028
0.603953353
0.56675466
0.526489816
0.483425826
0.438302074
0.391270814
0.343117893
0.294889468
0.247847836
0.203328204
0.162576778
0.126557902
0.095822606
0.070492385
0.050316493
0.997112219
0.996855697
0.996572479
0.996272601
0.995962076
0.995641576
0.995307669
0.994954733
0.994576578
0.994167664
0.993723929
0.993243095
0.992724317
0.992167217
0.991570556
0.990931009
0.990242669
0.989497563
0.988686821
0.987801986
0.986835925
0.985782799
0.984637221
0.983393209
0.982043478
0.980579604
0.978992972
0.977275986
0.975423095
0.973430988
0.971297168
0.969019923
0.966596052
0.964017879
0.961274887
0.958352843
0.955235894
0.951906883
0.948349805
0.944547078
0.940479008
0.936126106
0.931468512
0.926483826
0.921146296
0.915426947
0.909283774
0.902676661
0.895563367
0.887902191
0.879648841
0.870751743
0.861142747
0.850743873
0.839462298
0.827167147
0.813713058
0.798910372
0.782553483
0.764423752
0.744248233
0.721764474
0.696710089
0.668841788
0.637973028
0.603953353
0.56675466
0.526489816
0.483425826
0.438302074
0.391270814
0.343117893
0.294889468
0.247847836
0.203328204
0.162576778
0.126557902
0.095822606
0.070492385
0.050316493
0.997112219
0.996855697
0.996572479
0.996272601
0.995962076
0.995641576
0.995307669
0.994954733
0.994576578
0.994167664
0.993723929
0.993243095
0.992724317
0.992167217
0.991570556
0.990931009
0.990242669
0.989497563
0.988686821
0.987801986
0.986835925
0.985782799
0.984637221
0.983393209
0.982043478
0.980579604
0.978992972
0.977275986
0.975423095
0.973430988
0.971297168
0.969019923
0.966596052
0.964017879
0.961274887
0.958352843
0.955235894
0.951906883
0.948349805
0.944547078
0.940479008
0.936126106
0.931468512
0.926483826
0.921146296
0.915426947
0.909283774
0.902676661
0.895563367
0.887902191
0.879648841
0.870751743
0.861142747
0.850743873
0.839462298
0.827167147
0.813713058
0.798910372
0.782553483
0.764423752
0.744248233
0.721764474
0.696710089
0.668841788
0.637973028
0.603953353
0.56675466
0.526489816
0.483425826
0.438302074
0.391270814
0.343117893
0.294889468
0.247847836
0.203328204
0.162576778
0.126557902
0.095822606
0.070492385
0.050316493
0.997112219
0.996855697
0.996572479
0.996272601
0.995962076
0.995641576
0.995307669
0.994954733
0.994576578
0.994167664
0.993723929
0.993243095
0.992724317
0.992167217
0.991570556
0.990931009
0.990242669
0.989497563
0.988686821
0.987801986
0.986835925
0.985782799
0.984637221
0.983393209
0.982043478
0.980579604
0.978992972
0.977275986
0.975423095
0.973430988
0.971297168
0.969019923
0.966596052
0.964017879
0.961274887
0.958352843
0.955235894
0.951906883
0.948349805
0.944547078
0.940479008
0.936126106
0.931468512
0.926483826
0.921146296
0.915426947
0.909283774
0.902676661
0.895563367
0.887902191
0.879648841
0.870751743
0.861142747
0.850743873
0.839462298
0.827167147
0.813713058
0.798910372
0.782553483
0.764423752
0.744248233
0.721764474
0.696710089
0.668841788
0.637973028
0.603953353
0.56675466
0.526489816
0.483425826
0.438302074
0.391270814
0.343117893
0.294889468
0.247847836
0.203328204
0.162576778
0.126557902
0.095822606
0.070492385
0.050316493
0.997112219
0.996855697
0.996572479
0.996272601
0.995962076
0.995641576
0.995307669
0.994954733
0.994576578
0.994167664
0.993723929
0.993243095
0.992724317
0.992167217
0.991570556
0.990931009
0.990242669
0.989497563
0.988686821
0.987801986
0.986835925
0.985782799
0.984637221
0.983393209
0.982043478
0.980579604
0.978992972
0.977275986
0.975423095
0.973430988
0.971297168
0.969019923
0.966596052
0.964017879
0.961274887
0.958352843
0.955235894
0.951906883
0.948349805
0.944547078
0.940479008
0.936126106
0.931468512
0.926483826
0.921146296
0.915426947
0.909283774
0.902676661
0.895563367
0.887902191
0.879648841
0.870751743
0.861142747
0.850743873
0.839462298
0.827167147
0.813713058
0.798910372
0.782553483
0.764423752
0.744248233
0.721764474
0.696710089
0.668841788
0.637973028
0.603953353
0.56675466
0.526489816
0.483425826
0.438302074
0.391270814
0.343117893
0.294889468
0.247847836
0.203328204
0.162576778
0.126557902
0.095822606
0.070492385
0.050316493
0.997112219
0.996855697
0.996572479
0.996272601
0.995962076
0.995641576
0.995307669
0.994954733
0.994576578
0.994167664
0.993723929
0.993243095
0.992724317
0.992167217
0.991570556
0.990931009
0.990242669
0.989497563
0.988686821
0.987801986
0.986835925
0.985782799
0.984637221
0.983393209
0.982043478
0.980579604
0.978992972
0.977275986
0.975423095
0.973430988
0.971297168
0.969019923
0.966596052
0.964017879
0.961274887
0.958352843
0.955235894
0.951906883
0.948349805
0.944547078
0.940479008
0.936126106
0.931468512
0.926483826
0.921146296
0.915426947
0.909283774
0.902676661
0.895563367
0.887902191
0.879648841
0.870751743
0.861142747
0.850743873
0.839462298
0.827167147
0.813713058
0.798910372
0.782553483
0.764423752
0.744248233
0.721764474
0.696710089
0.668841788
0.637973028
0.603953353
0.56675466
0.526489816
0.483425826
0.438302074
0.391270814
0.343117893
0.294889468
0.247847836
0.203328204
0.162576778
0.126557902
0.095822606
0.070492385
0.050316493
0.997112219
0.996855697
0.996572479
0.996272601
0.995962076
0.995641576
0.995307669
0.994954733
0.994576578
0.994167664
0.993723929
0.993243095
0.992724317
0.992167217
0.991570556
0.990931009
0.990242669
0.989497563
0.988686821
0.987801986
0.986835925
0.985782799
0.984637221
0.983393209
0.982043478
0.980579604
0.978992972
0.977275986
0.975423095
0.973430988
0.971297168
0.969019923
0.966596052
0.964017879
0.961274887
0.958352843
0.955235894
0.951906883
0.948349805
0.944547078
0.940479008
0.936126106
0.931468512
0.926483826
0.921146296
0.915426947
0.909283774
0.902676661
0.895563367
0.887902191
0.879648841
0.870751743
0.861142747
0.850743873
0.839462298
0.827167147
0.813713058
0.798910372
0.782553483
0.764423752
0.744248233
0.721764474
0.696710089
0.668841788
0.637973028
0.603953353
0.56675466
0.526489816
0.483425826
0.438302074
0.391270814
0.343117893
0.294889468
0.247847836
0.203328204
0.162576778
0.126557902
0.095822606
0.070492385
0.050316493
0.997112219
0.996855697
0.996572479
0.996272601
0.995962076
0.995641576
0.995307669
0.994954733
0.994576578
0.994167664
0.993723929
0.993243095
0.992724317
0.992167217
0.991570556
0.990931009
0.990242669
0.989497563
0.988686821
0.987801986
0.986835925
0.985782799
0.984637221
0.983393209
0.982043478
0.980579604
0.978992972
0.977275986
0.975423095
0.973430988
0.971297168
0.969019923
0.966596052
0.964017879
0.961274887
0.958352843
0.955235894
0.951906883
0.948349805
0.944547078
0.940479008
0.936126106
0.931468512
0.926483826
0.921146296
0.915426947
0.909283774
0.902676661
0.895563367
0.887902191
0.879648841
0.870751743
0.861142747
0.850743873
0.839462298
0.827167147
0.813713058
0.798910372
0.782553483
0.764423752
0.744248233
0.721764474
0.696710089
0.668841788
0.637973028
0.603953353
0.56675466
0.526489816
0.483425826
0.438302074
0.391270814
0.343117893
0.294889468
0.247847836
0.203328204
0.162576778
0.126557902
0.095822606
0.070492385
0.050316493
0.997112219
0.996855697
0.996572479
0.996272601
0.995962076
0.995641576
0.995307669
0.994954733
0.994576578
0.994167664
0.993723929
0.993243095
0.992724317
0.992167217
0.991570556
0.990931009
0.990242669
0.989497563
0.988686821
0.987801986
0.986835925
0.985782799
0.984637221
0.983393209
0.982043478
0.980579604
0.978992972
0.977275986
0.975423095
0.973430988
0.971297168
0.969019923
0.966596052
0.964017879
0.961274887
0.958352843
0.955235894
0.951906883
0.948349805
0.944547078
0.940479008
0.936126106
0.931468512
0.926483826
0.921146296
0.915426947
0.909283774
0.902676661
0.895563367
0.887902191
0.879648841
0.870751743
0.861142747
0.850743873
0.839462298
0.827167147
0.813713058
0.798910372
0.782553483
0.764423752
0.744248233
0.721764474
0.696710089
0.668841788
0.637973028
0.603953353
0.56675466
0.526489816
0.483425826
0.438302074
0.391270814
0.343117893
0.294889468
0.247847836
0.203328204
0.162576778
0.126557902
0.095822606
0.070492385
0.050316493
0.997112219
0.996855697
0.996572479
0.996272601
0.995962076
0.995641576
0.995307669
0.994954733
0.994576578
0.994167664
0.993723929
0.993243095
0.992724317
0.992167217
0.991570556
0.990931009
0.990242669
0.989497563
0.988686821
0.987801986
0.986835925
0.985782799
0.984637221
0.983393209
0.982043478
0.980579604
0.978992972
0.977275986
0.975423095
0.973430988
0.971297168
0.969019923
0.966596052
0.964017879
0.961274887
0.958352843
0.955235894
0.951906883
0.948349805
0.944547078
0.940479008
0.936126106
0.931468512
0.926483826
0.921146296
0.915426947
0.909283774
0.902676661
0.895563367
0.887902191
0.879648841
0.870751743
0.861142747
0.850743873
0.839462298
0.827167147
0.813713058
0.798910372
0.782553483
0.764423752
0.744248233
0.721764474
0.696710089
0.668841788
0.637973028
0.603953353
0.56675466
0.526489816
0.483425826
0.438302074
0.391270814
0.343117893
0.294889468
0.247847836
0.203328204
0.162576778
0.126557902
0.095822606
0.070492385
0.050316493
0.997112219
0.996855697
0.996572479
0.996272601
0.995962076
0.995641576
0.995307669
0.994954733
0.994576578
0.994167664
0.993723929
0.993243095
0.992724317
0.992167217
0.991570556
0.990931009
0.990242669
0.989497563
0.988686821
0.987801986
0.986835925
0.985782799
0.984637221
0.983393209
0.982043478
0.980579604
0.978992972
0.977275986
0.975423095
0.973430988
0.971297168
0.969019923
0.966596052
0.964017879
0.961274887
0.958352843
0.955235894
0.951906883
0.948349805
0.944547078
0.940479008
0.936126106
0.931468512
0.926483826
0.921146296
0.915426947
0.909283774
0.902676661
0.895563367
0.887902191
0.879648841
0.870751743
0.861142747
0.850743873
0.839462298
0.827167147
0.813713058
0.798910372
0.782553483
0.764423752
0.744248233
0.721764474
0.696710089
0.668841788
0.637973028
0.603953353
0.56675466
0.526489816
0.483425826
0.438302074
0.391270814
0.343117893
0.294889468
0.247847836
0.203328204
0.162576778
0.126557902
0.095822606
0.070492385
0.050316493
0.997112219
0.996855697
0.996572479
0.996272601
0.995962076
0.995641576
0.995307669
0.994954733
0.994576578
0.994167664
0.993723929
0.993243095
0.992724317
0.992167217
0.991570556
0.990931009
0.990242669
0.989497563
0.988686821
0.987801986
0.986835925
0.985782799
0.984637221
0.983393209
0.982043478
0.980579604
0.978992972
0.977275986
0.975423095
0.973430988
0.971297168
0.969019923
0.966596052
0.964017879
0.961274887
0.958352843
0.955235894
0.951906883
0.948349805
0.944547078
0.940479008
0.936126106
0.931468512
0.926483826
0.921146296
0.915426947
0.909283774
0.902676661
0.895563367
0.887902191
0.879648841
0.870751743
0.861142747
0.850743873
0.839462298
0.827167147
0.813713058
0.798910372
0.782553483
0.764423752
0.744248233
0.721764474
0.696710089
0.668841788
0.637973028
0.603953353
0.56675466
0.526489816
0.483425826
0.438302074
0.391270814
0.343117893
0.294889468
0.247847836
0.203328204
0.162576778
0.126557902
0.095822606
0.070492385
0.050316493
0.997112219
0.996855697
0.996572479
0.996272601
0.995962076
0.995641576
0.995307669
0.994954733
0.994576578
0.994167664
0.993723929
0.993243095
0.992724317
0.992167217
0.991570556
0.990931009
0.990242669
0.989497563
0.988686821
0.987801986
0.986835925
0.985782799
0.984637221
0.983393209
0.982043478
0.980579604
0.978992972
0.977275986
0.975423095
0.973430988
0.971297168
0.969019923
0.966596052
0.964017879
0.961274887
0.958352843
0.955235894
0.951906883
0.948349805
0.944547078
0.940479008
0.936126106
0.931468512
0.926483826
0.921146296
0.915426947
0.909283774
0.902676661
0.895563367
0.887902191
0.879648841
0.870751743
0.861142747
0.850743873
0.839462298
0.827167147
0.813713058
0.798910372
0.782553483
0.764423752
0.744248233
0.721764474
0.696710089
0.668841788
0.637973028
0.603953353
0.56675466
0.526489816
0.483425826
0.438302074
0.391270814
0.343117893
0.294889468
0.247847836
0.203328204
0.162576778
0.126557902
0.095822606
0.070492385
0.050316493
0.997112219
0.996855697
0.996572479
0.996272601
0.995962076
0.995641576
0.995307669
0.994954733
0.994576578
0.994167664
0.993723929
0.993243095
0.992724317
0.992167217
0.991570556
0.990931009
0.990242669
0.989497563
0.988686821
0.987801986
0.986835925
0.985782799
0.984637221
0.983393209
0.982043478
0.980579604
0.978992972
0.977275986
0.975423095
0.973430988
0.971297168
0.969019923
0.966596052
0.964017879
0.961274887
0.958352843
0.955235894
0.951906883
0.948349805
0.944547078
0.940479008
0.936126106
0.931468512
0.926483826
0.921146296
0.915426947
0.909283774
0.902676661
0.895563367
0.887902191
0.879648841
0.870751743
0.861142747
0.850743873
0.839462298
0.827167147
0.813713058
0.798910372
0.782553483
0.764423752
0.744248233
0.721764474
0.696710089
0.668841788
0.637973028
0.603953353
0.56675466
0.526489816
0.483425826
0.438302074
0.391270814
0.343117893
0.294889468
0.247847836
0.203328204
0.162576778
0.126557902
0.095822606
0.070492385
0.050316493
0.997112219
0.996855697
0.996572479
0.996272601
0.995962076
0.995641576
0.995307669
0.994954733
0.994576578
0.994167664
0.993723929
0.993243095
0.992724317
0.992167217
0.991570556
0.990931009
0.990242669
0.989497563
0.988686821
0.987801986
0.986835925
0.985782799
0.984637221
0.983393209
0.982043478
0.980579604
0.978992972
0.977275986
0.975423095
0.973430988
0.971297168
0.969019923
0.966596052
0.964017879
0.961274887
0.958352843
0.955235894
0.951906883
0.948349805
0.944547078
0.940479008
0.936126106
0.931468512
0.926483826
0.921146296
0.915426947
0.909283774
0.902676661
0.895563367
0.887902191
0.879648841
0.870751743
0.861142747
0.850743873
0.839462298
0.827167147
0.813713058
0.798910372
0.782553483
0.764423752
0.744248233
0.721764474
0.696710089
0.668841788
0.637973028
0.603953353
0.56675466
0.526489816
0.483425826
0.438302074
0.391270814
0.343117893
0.294889468
0.247847836
0.203328204
0.162576778
0.126557902
0.095822606
0.070492385
0.050316493
0.997112219
0.996855697
0.996572479
0.996272601
0.995962076
0.995641576
0.995307669
0.994954733
0.994576578
0.994167664
0.993723929
0.993243095
0.992724317
0.992167217
0.991570556
0.990931009
0.990242669
0.989497563
0.988686821
0.987801986
0.986835925
0.985782799
0.984637221
0.983393209
0.982043478
0.980579604
0.978992972
0.977275986
0.975423095
0.973430988
0.971297168
0.969019923
0.966596052
0.964017879
0.961274887
0.958352843
0.955235894
0.951906883
0.948349805
0.944547078
0.940479008
0.936126106
0.931468512
0.926483826
0.921146296
0.915426947
0.909283774
0.902676661
0.895563367
0.887902191
0.879648841
0.870751743
0.861142747
0.850743873
0.839462298
0.827167147
0.813713058
0.798910372
0.782553483
0.764423752
0.744248233
0.721764474
0.696710089
0.668841788
0.637973028
0.603953353
0.56675466
0.526489816
0.483425826
0.438302074
0.391270814
0.343117893
0.294889468
0.247847836
0.203328204
0.162576778
0.126557902
0.095822606
0.070492385
0.050316493
0.997112219
0.996855697
0.996572479
0.996272601
0.995962076
0.995641576
0.995307669
0.994954733
0.994576578
0.994167664
0.993723929
0.993243095
0.992724317
0.992167217
0.991570556
0.990931009
0.990242669
0.989497563
0.988686821
0.987801986
0.986835925
0.985782799
0.984637221
0.983393209
0.982043478
0.980579604
0.978992972
0.977275986
0.975423095
0.973430988
0.971297168
0.969019923
0.966596052
0.964017879
0.961274887
0.958352843
0.955235894
0.951906883
0.948349805
0.944547078
0.940479008
0.936126106
0.931468512
0.926483826
0.921146296
0.915426947
0.909283774
0.902676661
0.895563367
0.887902191
0.879648841
0.870751743
0.861142747
0.850743873
0.839462298
0.827167147
0.813713058
0.798910372
0.782553483
0.764423752
0.744248233
0.721764474
0.696710089
0.668841788
0.637973028
0.603953353
0.56675466
0.526489816
0.483425826
0.438302074
0.391270814
0.343117893
0.294889468
0.247847836
0.203328204
0.162576778
0.126557902
0.095822606
0.070492385
0.050316493
0.997112219
0.996855697
0.996572479
0.996272601
0.995962076
0.995641576
0.995307669
0.994954733
0.994576578
0.994167664
0.993723929
0.993243095
0.992724317
0.992167217
0.991570556
0.990931009
0.990242669
0.989497563
0.988686821
0.987801986
0.986835925
0.985782799
0.984637221
0.983393209
0.982043478
0.980579604
0.978992972
0.977275986
0.975423095
0.973430988
0.971297168
0.969019923
0.966596052
0.964017879
0.961274887
0.958352843
0.955235894
0.951906883
0.948349805
0.944547078
0.940479008
0.936126106
0.931468512
0.926483826
0.921146296
0.915426947
0.909283774
0.902676661
0.895563367
0.887902191
0.879648841
0.870751743
0.861142747
0.850743873
0.839462298
0.827167147
0.813713058
0.798910372
0.782553483
0.764423752
0.744248233
0.721764474
0.696710089
0.668841788
0.637973028
0.603953353
0.56675466
0.526489816
0.483425826
0.438302074
0.391270814
0.343117893
0.294889468
0.247847836
0.203328204
0.162576778
0.126557902
0.095822606
0.070492385
0.050316493
0.997112219
0.996855697
0.996572479
0.996272601
0.995962076
0.995641576
0.995307669
0.994954733
0.994576578
0.994167664
0.993723929
0.993243095
0.992724317
0.992167217
0.991570556
0.990931009
0.990242669
0.989497563
0.988686821
0.987801986
0.986835925
0.985782799
0.984637221
0.983393209
0.982043478
0.980579604
0.978992972
0.977275986
0.975423095
0.973430988
0.971297168
0.969019923
0.966596052
0.964017879
0.961274887
0.958352843
0.955235894
0.951906883
0.948349805
0.944547078
0.940479008
0.936126106
0.931468512
0.926483826
0.921146296
0.915426947
0.909283774
0.902676661
0.895563367
0.887902191
0.879648841
0.870751743
0.861142747
0.850743873
0.839462298
0.827167147
0.813713058
0.798910372
0.782553483
0.764423752
0.744248233
0.721764474
0.696710089
0.668841788
0.637973028
0.603953353
0.56675466
0.526489816
0.483425826
0.438302074
0.391270814
0.343117893
0.294889468
0.247847836
0.203328204
0.162576778
0.126557902
0.095822606
0.070492385
0.050316493
0.997112219
0.996855697
0.996572479
0.996272601
0.995962076
0.995641576
0.995307669
0.994954733
0.994576578
0.994167664
0.993723929
0.993243095
0.992724317
0.992167217
0.991570556
0.990931009
0.990242669
0.989497563
0.988686821
0.987801986
0.986835925
0.985782799
0.984637221
0.983393209
0.982043478
0.980579604
0.978992972
0.977275986
0.975423095
0.973430988
0.971297168
0.969019923
0.966596052
0.964017879
0.961274887
0.958352843
0.955235894
0.951906883
0.948349805
0.944547078
0.940479008
0.936126106
0.931468512
0.926483826
0.921146296
0.915426947
0.909283774
0.902676661
0.895563367
0.887902191
0.879648841
0.870751743
0.861142747
0.850743873
0.839462298
0.827167147
0.813713058
0.798910372
0.782553483
0.764423752
0.744248233
0.721764474
0.696710089
0.668841788
0.637973028
0.603953353
0.56675466
0.526489816
0.483425826
0.438302074
0.391270814
0.343117893
0.294889468
0.247847836
0.203328204
0.162576778
0.126557902
0.095822606
0.070492385
0.050316493
0.997112219
0.996855697
0.996572479
0.996272601
0.995962076
0.995641576
0.995307669
0.994954733
0.994576578
0.994167664
0.993723929
0.993243095
0.992724317
0.992167217
0.991570556
0.990931009
0.990242669
0.989497563
0.988686821
0.987801986
0.986835925
0.985782799
0.984637221
0.983393209
0.982043478
0.980579604
0.978992972
0.977275986
0.975423095
0.973430988
0.971297168
0.969019923
0.966596052
0.964017879
0.961274887
0.958352843
0.955235894
0.951906883
0.948349805
0.944547078
0.940479008
0.936126106
0.931468512
0.926483826
0.921146296
0.915426947
0.909283774
0.902676661
0.895563367
0.887902191
0.879648841
0.870751743
0.861142747
0.850743873
0.839462298
0.827167147
0.813713058
0.798910372
0.782553483
0.764423752
0.744248233
0.721764474
0.696710089
0.668841788
0.637973028
0.603953353
0.56675466
0.526489816
0.483425826
0.438302074
0.391270814
0.343117893
0.294889468
0.247847836
0.203328204
0.162576778
0.126557902
0.095822606
0.070492385
0.050316493
0.997112219
0.996855697
0.996572479
0.996272601
0.995962076
0.995641576
0.995307669
0.994954733
0.994576578
0.994167664
0.993723929
0.993243095
0.992724317
0.992167217
0.991570556
0.990931009
0.990242669
0.989497563
0.988686821
0.987801986
0.986835925
0.985782799
0.984637221
0.983393209
0.982043478
0.980579604
0.978992972
0.977275986
0.975423095
0.973430988
0.971297168
0.969019923
0.966596052
0.964017879
0.961274887
0.958352843
0.955235894
0.951906883
0.948349805
0.944547078
0.940479008
0.936126106
0.931468512
0.926483826
0.921146296
0.915426947
0.909283774
0.902676661
0.895563367
0.887902191
0.879648841
0.870751743
0.861142747
0.850743873
0.839462298
0.827167147
0.813713058
0.798910372
0.782553483
0.764423752
0.744248233
0.721764474
0.696710089
0.668841788
0.637973028
0.603953353
0.56675466
0.526489816
0.483425826
0.438302074
0.391270814
0.343117893
0.294889468
0.247847836
0.203328204
0.162576778
0.126557902
0.095822606
0.070492385
0.050316493
0.997112219
0.996855697
0.996572479
0.996272601
0.995962076
0.995641576
0.995307669
0.994954733
0.994576578
0.994167664
0.993723929
0.993243095
0.992724317
0.992167217
0.991570556
0.990931009
0.990242669
0.989497563
0.988686821
0.987801986
0.986835925
0.985782799
0.984637221
0.983393209
0.982043478
0.980579604
0.978992972
0.977275986
0.975423095
0.973430988
0.971297168
0.969019923
0.966596052
0.964017879
0.961274887
0.958352843
0.955235894
0.951906883
0.948349805
0.944547078
0.940479008
0.936126106
0.931468512
0.926483826
0.921146296
0.915426947
0.909283774
0.902676661
0.895563367
0.887902191
0.879648841
0.870751743
0.861142747
0.850743873
0.839462298
0.827167147
0.813713058
0.798910372
0.782553483
0.764423752
0.744248233
0.721764474
0.696710089
0.668841788
0.637973028
0.603953353
0.56675466
0.526489816
0.483425826
0.438302074
0.391270814
0.343117893
0.294889468
0.247847836
0.203328204
0.162576778
0.126557902
0.095822606
0.070492385
0.050316493
0.997112219
0.996855697
0.996572479
0.996272601
0.995962076
0.995641576
0.995307669
0.994954733
0.994576578
0.994167664
0.993723929
0.993243095
0.992724317
0.992167217
0.991570556
0.990931009
0.990242669
0.989497563
0.988686821
0.987801986
0.986835925
0.985782799
0.984637221
0.983393209
0.982043478
0.980579604
0.978992972
0.977275986
0.975423095
0.973430988
0.971297168
0.969019923
0.966596052
0.964017879
0.961274887
0.958352843
0.955235894
0.951906883
0.948349805
0.944547078
0.940479008
0.936126106
0.931468512
0.926483826
0.921146296
0.915426947
0.909283774
0.902676661
0.895563367
0.887902191
0.879648841
0.870751743
0.861142747
0.850743873
0.839462298
0.827167147
0.813713058
0.798910372
0.782553483
0.764423752
0.744248233
0.721764474
0.696710089
0.668841788
0.637973028
0.603953353
0.56675466
0.526489816
0.483425826
0.438302074
0.391270814
0.343117893
0.294889468
0.247847836
0.203328204
0.162576778
0.126557902
0.095822606
0.070492385
0.050316493
0.997112219
0.996855697
0.996572479
0.996272601
0.995962076
0.995641576
0.995307669
0.994954733
0.994576578
0.994167664
0.993723929
0.993243095
0.992724317
0.992167217
0.991570556
0.990931009
0.990242669
0.989497563
0.988686821
0.987801986
0.986835925
0.985782799
0.984637221
0.983393209
0.982043478
0.980579604
0.978992972
0.977275986
0.975423095
0.973430988
0.971297168
0.969019923
0.966596052
0.964017879
0.961274887
0.958352843
0.955235894
0.951906883
0.948349805
0.944547078
0.940479008
0.936126106
0.931468512
0.926483826
0.921146296
0.915426947
0.909283774
0.902676661
0.895563367
0.887902191
0.879648841
0.870751743
0.861142747
0.850743873
0.839462298
0.827167147
0.813713058
0.798910372
0.782553483
0.764423752
0.744248233
0.721764474
0.696710089
0.668841788
0.637973028
0.603953353
0.56675466
0.526489816
0.483425826
0.438302074
0.391270814
0.343117893
0.294889468
0.247847836
0.203328204
0.162576778
0.126557902
0.095822606
0.070492385
0.050316493
0.997112219
0.996855697
0.996572479
0.996272601
0.995962076
0.995641576
0.995307669
0.994954733
0.994576578
0.994167664
0.993723929
0.993243095
0.992724317
0.992167217
0.991570556
0.990931009
0.990242669
0.989497563
0.988686821
0.987801986
0.986835925
0.985782799
0.984637221
0.983393209
0.982043478
0.980579604
0.978992972
0.977275986
0.975423095
0.973430988
0.971297168
0.969019923
0.966596052
0.964017879
0.961274887
0.958352843
0.955235894
0.951906883
0.948349805
0.944547078
0.940479008
0.936126106
0.931468512
0.926483826
0.921146296
0.915426947
0.909283774
0.902676661
0.895563367
0.887902191
0.879648841
0.870751743
0.861142747
0.850743873
0.839462298
0.827167147
0.813713058
0.798910372
0.782553483
0.764423752
0.744248233
0.721764474
0.696710089
0.668841788
0.637973028
0.603953353
0.56675466
0.526489816
0.483425826
0.438302074
0.391270814
0.343117893
0.294889468
0.247847836
0.203328204
0.162576778
0.126557902
0.095822606
0.070492385
0.050316493
0.997112219
0.996855697
0.996572479
0.996272601
0.995962076
0.995641576
0.995307669
0.994954733
0.994576578
0.994167664
0.993723929
0.993243095
0.992724317
0.992167217
0.991570556
0.990931009
0.990242669
0.989497563
0.988686821
0.987801986
0.986835925
0.985782799
0.984637221
0.983393209
0.982043478
0.980579604
0.978992972
0.977275986
0.975423095
0.973430988
0.971297168
0.969019923
0.966596052
0.964017879
0.961274887
0.958352843
0.955235894
0.951906883
0.948349805
0.944547078
0.940479008
0.936126106
0.931468512
0.926483826
0.921146296
0.915426947
0.909283774
0.902676661
0.895563367
0.887902191
0.879648841
0.870751743
0.861142747
0.850743873
0.839462298
0.827167147
0.813713058
0.798910372
0.782553483
0.764423752
0.744248233
0.721764474
0.696710089
0.668841788
0.637973028
0.603953353
0.56675466
0.526489816
0.483425826
0.438302074
0.391270814
0.343117893
0.294889468
0.247847836
0.203328204
0.162576778
0.126557902
0.095822606
0.070492385
0.050316493
0.997112219
0.996855697
0.996572479
0.996272601
0.995962076
0.995641576
0.995307669
0.994954733
0.994576578
0.994167664
0.993723929
0.993243095
0.992724317
0.992167217
0.991570556
0.990931009
0.990242669
0.989497563
0.988686821
0.987801986
0.986835925
0.985782799
0.984637221
0.983393209
0.982043478
0.980579604
0.978992972
0.977275986
0.975423095
0.973430988
0.971297168
0.969019923
0.966596052
0.964017879
0.961274887
0.958352843
0.955235894
0.951906883
0.948349805
0.944547078
0.940479008
0.936126106
0.931468512
0.926483826
0.921146296
0.915426947
0.909283774
0.902676661
0.895563367
0.887902191
0.879648841
0.870751743
0.861142747
0.850743873
0.839462298
0.827167147
0.813713058
0.798910372
0.782553483
0.764423752
0.744248233
0.721764474
0.696710089
0.668841788
0.637973028
0.603953353
0.56675466
0.526489816
0.483425826
0.438302074
0.391270814
0.343117893
0.294889468
0.247847836
0.203328204
0.162576778
0.126557902
0.095822606
0.070492385
0.050316493
0.997112219
0.996855697
0.996572479
0.996272601
0.995962076
0.995641576
0.995307669
0.994954733
0.994576578
0.994167664
0.993723929
0.993243095
0.992724317
0.992167217
0.991570556
0.990931009
0.990242669
0.989497563
0.988686821
0.987801986
0.986835925
0.985782799
0.984637221
0.983393209
0.982043478
0.980579604
0.978992972
0.977275986
0.975423095
0.973430988
0.971297168
0.969019923
0.966596052
0.964017879
0.961274887
0.958352843
0.955235894
0.951906883
0.948349805
0.944547078
0.940479008
0.936126106
0.931468512
0.926483826
0.921146296
0.915426947
0.909283774
0.902676661
0.895563367
0.887902191
0.879648841
0.870751743
0.861142747
0.850743873
0.839462298
0.827167147
0.813713058
0.798910372
0.782553483
0.764423752
0.744248233
0.721764474
0.696710089
0.668841788
0.637973028
0.603953353
0.56675466
0.526489816
0.483425826
0.438302074
0.391270814
0.343117893
0.294889468
0.247847836
0.203328204
0.162576778
0.126557902
0.095822606
0.070492385
0.050316493
0.997112219
0.996855697
0.996572479
0.996272601
0.995962076
0.995641576
0.995307669
0.994954733
0.994576578
0.994167664
0.993723929
0.993243095
0.992724317
0.992167217
0.991570556
0.990931009
0.990242669
0.989497563
0.988686821
0.987801986
0.986835925
0.985782799
0.984637221
0.983393209
0.982043478
0.980579604
0.978992972
0.977275986
0.975423095
0.973430988
0.971297168
0.969019923
0.966596052
0.964017879
0.961274887
0.958352843
0.955235894
0.951906883
0.948349805
0.944547078
0.940479008
0.936126106
0.931468512
0.926483826
0.921146296
0.915426947
0.909283774
0.902676661
0.895563367
0.887902191
0.879648841
0.870751743
0.861142747
0.850743873
0.839462298
0.827167147
0.813713058
0.798910372
0.782553483
0.764423752
0.744248233
0.721764474
0.696710089
0.668841788
0.637973028
0.603953353
0.56675466
0.526489816
0.483425826
0.438302074
0.391270814
0.343117893
0.294889468
0.247847836
0.203328204
0.162576778
0.126557902
0.095822606
0.070492385
0.050316493
0.997112219
0.996855697
0.996572479
0.996272601
0.995962076
0.995641576
0.995307669
0.994954733
0.994576578
0.994167664
0.993723929
0.993243095
0.992724317
0.992167217
0.991570556
0.990931009
0.990242669
0.989497563
0.988686821
0.987801986
0.986835925
0.985782799
0.984637221
0.983393209
0.982043478
0.980579604
0.978992972
0.977275986
0.975423095
0.973430988
0.971297168
0.969019923
0.966596052
0.964017879
0.961274887
0.958352843
0.955235894
0.951906883
0.948349805
0.944547078
0.940479008
0.936126106
0.931468512
0.926483826
0.921146296
0.915426947
0.909283774
0.902676661
0.895563367
0.887902191
0.879648841
0.870751743
0.861142747
0.850743873
0.839462298
0.827167147
0.813713058
0.798910372
0.782553483
0.764423752
0.744248233
0.721764474
0.696710089
0.668841788
0.637973028
0.603953353
0.56675466
0.526489816
0.483425826
0.438302074
0.391270814
0.343117893
0.294889468
0.247847836
0.203328204
0.162576778
0.126557902
0.095822606
0.070492385
0.050316493
0.997112219
0.996855697
0.996572479
0.996272601
0.995962076
0.995641576
0.995307669
0.994954733
0.994576578
0.994167664
0.993723929
0.993243095
0.992724317
0.992167217
0.991570556
0.990931009
0.990242669
0.989497563
0.988686821
0.987801986
0.986835925
0.985782799
0.984637221
0.983393209
0.982043478
0.980579604
0.978992972
0.977275986
0.975423095
0.973430988
0.971297168
0.969019923
0.966596052
0.964017879
0.961274887
0.958352843
0.955235894
0.951906883
0.948349805
0.944547078
0.940479008
0.936126106
0.931468512
0.926483826
0.921146296
0.915426947
0.909283774
0.902676661
0.895563367
0.887902191
0.879648841
0.870751743
0.861142747
0.850743873
0.839462298
0.827167147
0.813713058
0.798910372
0.782553483
0.764423752
0.744248233
0.721764474
0.696710089
0.668841788
0.637973028
0.603953353
0.56675466
0.526489816
0.483425826
0.438302074
0.391270814
0.343117893
0.294889468
0.247847836
0.203328204
0.162576778
0.126557902
0.095822606
0.070492385
0.050316493
0.997112219
0.996855697
0.996572479
0.996272601
0.995962076
0.995641576
0.995307669
0.994954733
0.994576578
0.994167664
0.993723929
0.993243095
0.992724317
0.992167217
0.991570556
0.990931009
0.990242669
0.989497563
0.988686821
0.987801986
0.986835925
0.985782799
0.984637221
0.983393209
0.982043478
0.980579604
0.978992972
0.977275986
0.975423095
0.973430988
0.971297168
0.969019923
0.966596052
0.964017879
0.961274887
0.958352843
0.955235894
0.951906883
0.948349805
0.944547078
0.940479008
0.936126106
0.931468512
0.926483826
0.921146296
0.915426947
0.909283774
0.902676661
0.895563367
0.887902191
0.879648841
0.870751743
0.861142747
0.850743873
0.839462298
0.827167147
0.813713058
0.798910372
0.782553483
0.764423752
0.744248233
0.721764474
0.696710089
0.668841788
0.637973028
0.603953353
0.56675466
0.526489816
0.483425826
0.438302074
0.391270814
0.343117893
0.294889468
0.247847836
0.203328204
0.162576778
0.126557902
0.095822606
0.070492385
0.050316493
0.997112219
0.996855697
0.996572479
0.996272601
0.995962076
0.995641576
0.995307669
0.994954733
0.994576578
0.994167664
0.993723929
0.993243095
0.992724317
0.992167217
0.991570556
0.990931009
0.990242669
0.989497563
0.988686821
0.987801986
0.986835925
0.985782799
0.984637221
0.983393209
0.982043478
0.980579604
0.978992972
0.977275986
0.975423095
0.973430988
0.971297168
0.969019923
0.966596052
0.964017879
0.961274887
0.958352843
0.955235894
0.951906883
0.948349805
0.944547078
0.940479008
0.936126106
0.931468512
0.926483826
0.921146296
0.915426947
0.909283774
0.902676661
0.895563367
0.887902191
0.879648841
0.870751743
0.861142747
0.850743873
0.839462298
0.827167147
0.813713058
0.798910372
0.782553483
0.764423752
0.744248233
0.721764474
0.696710089
0.668841788
0.637973028
0.603953353
0.56675466
0.526489816
0.483425826
0.438302074
0.391270814
0.343117893
0.294889468
0.247847836
0.203328204
0.162576778
0.126557902
0.095822606
0.070492385
0.050316493
0.997112219
0.996855697
0.996572479
0.996272601
0.995962076
0.995641576
0.995307669
0.994954733
0.994576578
0.994167664
0.993723929
0.993243095
0.992724317
0.992167217
0.991570556
0.990931009
0.990242669
0.989497563
0.988686821
0.987801986
0.986835925
0.985782799
0.984637221
0.983393209
0.982043478
0.980579604
0.978992972
0.977275986
0.975423095
0.973430988
0.971297168
0.969019923
0.966596052
0.964017879
0.961274887
0.958352843
0.955235894
0.951906883
0.948349805
0.944547078
0.940479008
0.936126106
0.931468512
0.926483826
0.921146296
0.915426947
0.909283774
0.902676661
0.895563367
0.887902191
0.879648841
0.870751743
0.861142747
0.850743873
0.839462298
0.827167147
0.813713058
0.798910372
0.782553483
0.764423752
0.744248233
0.721764474
0.696710089
0.668841788
0.637973028
0.603953353
0.56675466
0.526489816
0.483425826
0.438302074
0.391270814
0.343117893
0.294889468
0.247847836
0.203328204
0.162576778
0.126557902
0.095822606
0.070492385
0.050316493
0.997112219
0.996855697
0.996572479
0.996272601
0.995962076
0.995641576
0.995307669
0.994954733
0.994576578
0.994167664
0.993723929
0.993243095
0.992724317
0.992167217
0.991570556
0.990931009
0.990242669
0.989497563
0.988686821
0.987801986
0.986835925
0.985782799
0.984637221
0.983393209
0.982043478
0.980579604
0.978992972
0.977275986
0.975423095
0.973430988
0.971297168
0.969019923
0.966596052
0.964017879
0.961274887
0.958352843
0.955235894
0.951906883
0.948349805
0.944547078
0.940479008
0.936126106
0.931468512
0.926483826
0.921146296
0.915426947
0.909283774
0.902676661
0.895563367
0.887902191
0.879648841
0.870751743
0.861142747
0.850743873
0.839462298
0.827167147
0.813713058
0.798910372
0.782553483
0.764423752
0.744248233
0.721764474
0.696710089
0.668841788
0.637973028
0.603953353
0.56675466
0.526489816
0.483425826
0.438302074
0.391270814
0.343117893
0.294889468
0.247847836
0.203328204
0.162576778
0.126557902
0.095822606
0.070492385
0.050316493
0.997112219
0.996855697
0.996572479
0.996272601
0.995962076
0.995641576
0.995307669
0.994954733
0.994576578
0.994167664
0.993723929
0.993243095
0.992724317
0.992167217
0.991570556
0.990931009
0.990242669
0.989497563
0.988686821
0.987801986
0.986835925
0.985782799
0.984637221
0.983393209
0.982043478
0.980579604
0.978992972
0.977275986
0.975423095
0.973430988
0.971297168
0.969019923
0.966596052
0.964017879
0.961274887
0.958352843
0.955235894
0.951906883
0.948349805
0.944547078
0.940479008
0.936126106
0.931468512
0.926483826
0.921146296
0.915426947
0.909283774
0.902676661
0.895563367
0.887902191
0.879648841
0.870751743
0.861142747
0.850743873
0.839462298
0.827167147
0.813713058
0.798910372
0.782553483
0.764423752
0.744248233
0.721764474
0.696710089
0.668841788
0.637973028
0.603953353
0.56675466
0.526489816
0.483425826
0.438302074
0.391270814
0.343117893
0.294889468
0.247847836
0.203328204
0.162576778
0.126557902
0.095822606
0.070492385
0.050316493
0.997112219
0.996855697
0.996572479
0.996272601
0.995962076
0.995641576
0.995307669
0.994954733
0.994576578
0.994167664
0.993723929
0.993243095
0.992724317
0.992167217
0.991570556
0.990931009
0.990242669
0.989497563
0.988686821
0.987801986
0.986835925
0.985782799
0.984637221
0.983393209
0.982043478
0.980579604
0.978992972
0.977275986
0.975423095
0.973430988
0.971297168
0.969019923
0.966596052
0.964017879
0.961274887
0.958352843
0.955235894
0.951906883
0.948349805
0.944547078
0.940479008
0.936126106
0.931468512
0.926483826
0.921146296
0.915426947
0.909283774
0.902676661
0.895563367
0.887902191
0.879648841
0.870751743
0.861142747
0.850743873
0.839462298
0.827167147
0.813713058
0.798910372
0.782553483
0.764423752
0.744248233
0.721764474
0.696710089
0.668841788
0.637973028
0.603953353
0.56675466
0.526489816
0.483425826
0.438302074
0.391270814
0.343117893
0.294889468
0.247847836
0.203328204
0.162576778
0.126557902
0.095822606
0.070492385
0.050316493
0.997112219
0.996855697
0.996572479
0.996272601
0.995962076
0.995641576
0.995307669
0.994954733
0.994576578
0.994167664
0.993723929
0.993243095
0.992724317
0.992167217
0.991570556
0.990931009
0.990242669
0.989497563
0.988686821
0.987801986
0.986835925
0.985782799
0.984637221
0.983393209
0.982043478
0.980579604
0.978992972
0.977275986
0.975423095
0.973430988
0.971297168
0.969019923
0.966596052
0.964017879
0.961274887
0.958352843
0.955235894
0.951906883
0.948349805
0.944547078
0.940479008
0.936126106
0.931468512
0.926483826
0.921146296
0.915426947
0.909283774
0.902676661
0.895563367
0.887902191
0.879648841
0.870751743
0.861142747
0.850743873
0.839462298
0.827167147
0.813713058
0.798910372
0.782553483
0.764423752
0.744248233
0.721764474
0.696710089
0.668841788
0.637973028
0.603953353
0.56675466
0.526489816
0.483425826
0.438302074
0.391270814
0.343117893
0.294889468
0.247847836
0.203328204
0.162576778
0.126557902
0.095822606
0.070492385
0.050316493
0.997112219
0.996855697
0.996572479
0.996272601
0.995962076
0.995641576
0.995307669
0.994954733
0.994576578
0.994167664
0.993723929
0.993243095
0.992724317
0.992167217
0.991570556
0.990931009
0.990242669
0.989497563
0.988686821
0.987801986
0.986835925
0.985782799
0.984637221
0.983393209
0.982043478
0.980579604
0.978992972
0.977275986
0.975423095
0.973430988
0.971297168
0.969019923
0.966596052
0.964017879
0.961274887
0.958352843
0.955235894
0.951906883
0.948349805
0.944547078
0.940479008
0.936126106
0.931468512
0.926483826
0.921146296
0.915426947
0.909283774
0.902676661
0.895563367
0.887902191
0.879648841
0.870751743
0.861142747
0.850743873
0.839462298
0.827167147
0.813713058
0.798910372
0.782553483
0.764423752
0.744248233
0.721764474
0.696710089
0.668841788
0.637973028
0.603953353
0.56675466
0.526489816
0.483425826
0.438302074
0.391270814
0.343117893
0.294889468
0.247847836
0.203328204
0.162576778
0.126557902
0.095822606
0.070492385
0.050316493
0.997112219
0.996855697
0.996572479
0.996272601
0.995962076
0.995641576
0.995307669
0.994954733
0.994576578
0.994167664
0.993723929
0.993243095
0.992724317
0.992167217
0.991570556
0.990931009
0.990242669
0.989497563
0.988686821
0.987801986
0.986835925
0.985782799
0.984637221
0.983393209
0.982043478
0.980579604
0.978992972
0.977275986
0.975423095
0.973430988
0.971297168
0.969019923
0.966596052
0.964017879
0.961274887
0.958352843
0.955235894
0.951906883
0.948349805
0.944547078
0.940479008
0.936126106
0.931468512
0.926483826
0.921146296
0.915426947
0.909283774
0.902676661
0.895563367
0.887902191
0.879648841
0.870751743
0.861142747
0.850743873
0.839462298
0.827167147
0.813713058
0.798910372
0.782553483
0.764423752
0.744248233
0.721764474
0.696710089
0.668841788
0.637973028
0.603953353
0.56675466
0.526489816
0.483425826
0.438302074
0.391270814
0.343117893
0.294889468
0.247847836
0.203328204
0.162576778
0.126557902
0.095822606
0.070492385
0.050316493
0.997112219
0.996855697
0.996572479
0.996272601
0.995962076
0.995641576
0.995307669
0.994954733
0.994576578
0.994167664
0.993723929
0.993243095
0.992724317
0.992167217
0.991570556
0.990931009
0.990242669
0.989497563
0.988686821
0.987801986
0.986835925
0.985782799
0.984637221
0.983393209
0.982043478
0.980579604
0.978992972
0.977275986
0.975423095
0.973430988
0.971297168
0.969019923
0.966596052
0.964017879
0.961274887
0.958352843
0.955235894
0.951906883
0.948349805
0.944547078
0.940479008
0.936126106
0.931468512
0.926483826
0.921146296
0.915426947
0.909283774
0.902676661
0.895563367
0.887902191
0.879648841
0.870751743
0.861142747
0.850743873
0.839462298
0.827167147
0.813713058
0.798910372
0.782553483
0.764423752
0.744248233
0.721764474
0.696710089
0.668841788
0.637973028
0.603953353
0.56675466
0.526489816
0.483425826
0.438302074
0.391270814
0.343117893
0.294889468
0.247847836
0.203328204
0.162576778
0.126557902
0.095822606
0.070492385
0.050316493
0.997112219
0.996855697
0.996572479
0.996272601
0.995962076
0.995641576
0.995307669
0.994954733
0.994576578
0.994167664
0.993723929
0.993243095
0.992724317
0.992167217
0.991570556
0.990931009
0.990242669
0.989497563
0.988686821
0.987801986
0.986835925
0.985782799
0.984637221
0.983393209
0.982043478
0.980579604
0.978992972
0.977275986
0.975423095
0.973430988
0.971297168
0.969019923
0.966596052
0.964017879
0.961274887
0.958352843
0.955235894
0.951906883
0.948349805
0.944547078
0.940479008
0.936126106
0.931468512
0.926483826
0.921146296
0.915426947
0.909283774
0.902676661
0.895563367
0.887902191
0.879648841
0.870751743
0.861142747
0.850743873
0.839462298
0.827167147
0.813713058
0.798910372
0.782553483
0.764423752
0.744248233
0.721764474
0.696710089
0.668841788
0.637973028
0.603953353
0.56675466
0.526489816
0.483425826
0.438302074
0.391270814
0.343117893
0.294889468
0.247847836
0.203328204
0.162576778
0.126557902
0.095822606
0.070492385
0.050316493
0.997112219
0.996855697
0.996572479
0.996272601
0.995962076
0.995641576
0.995307669
0.994954733
0.994576578
0.994167664
0.993723929
0.993243095
0.992724317
0.992167217
0.991570556
0.990931009
0.990242669
0.989497563
0.988686821
0.987801986
0.986835925
0.985782799
0.984637221
0.983393209
0.982043478
0.980579604
0.978992972
0.977275986
0.975423095
0.973430988
0.971297168
0.969019923
0.966596052
0.964017879
0.961274887
0.958352843
0.955235894
0.951906883
0.948349805
0.944547078
0.940479008
0.936126106
0.931468512
0.926483826
0.921146296
0.915426947
0.909283774
0.902676661
0.895563367
0.887902191
0.879648841
0.870751743
0.861142747
0.850743873
0.839462298
0.827167147
0.813713058
0.798910372
0.782553483
0.764423752
0.744248233
0.721764474
0.696710089
0.668841788
0.637973028
0.603953353
0.56675466
0.526489816
0.483425826
0.438302074
0.391270814
0.343117893
0.294889468
0.247847836
0.203328204
0.162576778
0.126557902
0.095822606
0.070492385
0.050316493
0.997112219
0.996855697
0.996572479
0.996272601
0.995962076
0.995641576
0.995307669
0.994954733
0.994576578
0.994167664
0.993723929
0.993243095
0.992724317
0.992167217
0.991570556
0.990931009
0.990242669
0.989497563
0.988686821
0.987801986
0.986835925
0.985782799
0.984637221
0.983393209
0.982043478
0.980579604
0.978992972
0.977275986
0.975423095
0.973430988
0.971297168
0.969019923
0.966596052
0.964017879
0.961274887
0.958352843
0.955235894
0.951906883
0.948349805
0.944547078
0.940479008
0.936126106
0.931468512
0.926483826
0.921146296
0.915426947
0.909283774
0.902676661
0.895563367
0.887902191
0.879648841
0.870751743
0.861142747
0.850743873
0.839462298
0.827167147
0.813713058
0.798910372
0.782553483
0.764423752
0.744248233
0.721764474
0.696710089
0.668841788
0.637973028
0.603953353
0.56675466
0.526489816
0.483425826
0.438302074
0.391270814
0.343117893
0.294889468
0.247847836
0.203328204
0.162576778
0.126557902
0.095822606
0.070492385
0.050316493
0.997112219
0.996855697
0.996572479
0.996272601
0.995962076
0.995641576
0.995307669
0.994954733
0.994576578
0.994167664
0.993723929
0.993243095
0.992724317
0.992167217
0.991570556
0.990931009
0.990242669
0.989497563
0.988686821
0.987801986
0.986835925
0.985782799
0.984637221
0.983393209
0.982043478
0.980579604
0.978992972
0.977275986
0.975423095
0.973430988
0.971297168
0.969019923
0.966596052
0.964017879
0.961274887
0.958352843
0.955235894
0.951906883
0.948349805
0.944547078
0.940479008
0.936126106
0.931468512
0.926483826
0.921146296
0.915426947
0.909283774
0.902676661
0.895563367
0.887902191
0.879648841
0.870751743
0.861142747
0.850743873
0.839462298
0.827167147
0.813713058
0.798910372
0.782553483
0.764423752
0.744248233
0.721764474
0.696710089
0.668841788
0.637973028
0.603953353
0.56675466
0.526489816
0.483425826
0.438302074
0.391270814
0.343117893
0.294889468
0.247847836
0.203328204
0.162576778
0.126557902
0.095822606
0.070492385
0.050316493
0.997112219
0.996855697
0.996572479
0.996272601
0.995962076
0.995641576
0.995307669
0.994954733
0.994576578
0.994167664
0.993723929
0.993243095
0.992724317
0.992167217
0.991570556
0.990931009
0.990242669
0.989497563
0.988686821
0.987801986
0.986835925
0.985782799
0.984637221
0.983393209
0.982043478
0.980579604
0.978992972
0.977275986
0.975423095
0.973430988
0.971297168
0.969019923
0.966596052
0.964017879
0.961274887
0.958352843
0.955235894
0.951906883
0.948349805
0.944547078
0.940479008
0.936126106
0.931468512
0.926483826
0.921146296
0.915426947
0.909283774
0.902676661
0.895563367
0.887902191
0.879648841
0.870751743
0.861142747
0.850743873
0.839462298
0.827167147
0.813713058
0.798910372
0.782553483
0.764423752
0.744248233
0.721764474
0.696710089
0.668841788
0.637973028
0.603953353
0.56675466
0.526489816
0.483425826
0.438302074
0.391270814
0.343117893
0.294889468
0.247847836
0.203328204
0.162576778
0.126557902
0.095822606
0.070492385
0.050316493
0.997112219
0.996855697
0.996572479
0.996272601
0.995962076
0.995641576
0.995307669
0.994954733
0.994576578
0.994167664
0.993723929
0.993243095
0.992724317
0.992167217
0.991570556
0.990931009
0.990242669
0.989497563
0.988686821
0.987801986
0.986835925
0.985782799
0.984637221
0.983393209
0.982043478
0.980579604
0.978992972
0.977275986
0.975423095
0.973430988
0.971297168
0.969019923
0.966596052
0.964017879
0.961274887
0.958352843
0.955235894
0.951906883
0.948349805
0.944547078
0.940479008
0.936126106
0.931468512
0.926483826
0.921146296
0.915426947
0.909283774
0.902676661
0.895563367
0.887902191
0.879648841
0.870751743
0.861142747
0.850743873
0.839462298
0.827167147
0.813713058
0.798910372
0.782553483
0.764423752
0.744248233
0.721764474
0.696710089
0.668841788
0.637973028
0.603953353
0.56675466
0.526489816
0.483425826
0.438302074
0.391270814
0.343117893
0.294889468
0.247847836
0.203328204
0.162576778
0.126557902
0.095822606
0.070492385
0.050316493
0.997112219
0.996855697
0.996572479
0.996272601
0.995962076
0.995641576
0.995307669
0.994954733
0.994576578
0.994167664
0.993723929
0.993243095
0.992724317
0.992167217
0.991570556
0.990931009
0.990242669
0.989497563
0.988686821
0.987801986
0.986835925
0.985782799
0.984637221
0.983393209
0.982043478
0.980579604
0.978992972
0.977275986
0.975423095
0.973430988
0.971297168
0.969019923
0.966596052
0.964017879
0.961274887
0.958352843
0.955235894
0.951906883
0.948349805
0.944547078
0.940479008
0.936126106
0.931468512
0.926483826
0.921146296
0.915426947
0.909283774
0.902676661
0.895563367
0.887902191
0.879648841
0.870751743
0.861142747
0.850743873
0.839462298
0.827167147
0.813713058
0.798910372
0.782553483
0.764423752
0.744248233
0.721764474
0.696710089
0.668841788
0.637973028
0.603953353
0.56675466
0.526489816
0.483425826
0.438302074
0.391270814
0.343117893
0.294889468
0.247847836
0.203328204
0.162576778
0.126557902
0.095822606
0.070492385
0.050316493
0.997112219
0.996855697
0.996572479
0.996272601
0.995962076
0.995641576
0.995307669
0.994954733
0.994576578
0.994167664
0.993723929
0.993243095
0.992724317
0.992167217
0.991570556
0.990931009
0.990242669
0.989497563
0.988686821
0.987801986
0.986835925
0.985782799
0.984637221
0.983393209
0.982043478
0.980579604
0.978992972
0.977275986
0.975423095
0.973430988
0.971297168
0.969019923
0.966596052
0.964017879
0.961274887
0.958352843
0.955235894
0.951906883
0.948349805
0.944547078
0.940479008
0.936126106
0.931468512
0.926483826
0.921146296
0.915426947
0.909283774
0.902676661
0.895563367
0.887902191
0.879648841
0.870751743
0.861142747
0.850743873
0.839462298
0.827167147
0.813713058
0.798910372
0.782553483
0.764423752
0.744248233
0.721764474
0.696710089
0.668841788
0.637973028
0.603953353
0.56675466
0.526489816
0.483425826
0.438302074
0.391270814
0.343117893
0.294889468
0.247847836
0.203328204
0.162576778
0.126557902
0.095822606
0.070492385
0.050316493
0.997112219
0.996855697
0.996572479
0.996272601
0.995962076
0.995641576
0.995307669
0.994954733
0.994576578
0.994167664
0.993723929
0.993243095
0.992724317
0.992167217
0.991570556
0.990931009
0.990242669
0.989497563
0.988686821
0.987801986
0.986835925
0.985782799
0.984637221
0.983393209
0.982043478
0.980579604
0.978992972
0.977275986
0.975423095
0.973430988
0.971297168
0.969019923
0.966596052
0.964017879
0.961274887
0.958352843
0.955235894
0.951906883
0.948349805
0.944547078
0.940479008
0.936126106
0.931468512
0.926483826
0.921146296
0.915426947
0.909283774
0.902676661
0.895563367
0.887902191
0.879648841
0.870751743
0.861142747
0.850743873
0.839462298
0.827167147
0.813713058
0.798910372
0.782553483
0.764423752
0.744248233
0.721764474
0.696710089
0.668841788
0.637973028
0.603953353
0.56675466
0.526489816
0.483425826
0.438302074
0.391270814
0.343117893
0.294889468
0.247847836
0.203328204
0.162576778
0.126557902
0.095822606
0.070492385
0.050316493
0.997112219
0.996855697
0.996572479
0.996272601
0.995962076
0.995641576
0.995307669
0.994954733
0.994576578
0.994167664
0.993723929
0.993243095
0.992724317
0.992167217
0.991570556
0.990931009
0.990242669
0.989497563
0.988686821
0.987801986
0.986835925
0.985782799
0.984637221
0.983393209
0.982043478
0.980579604
0.978992972
0.977275986
0.975423095
0.973430988
0.971297168
0.969019923
0.966596052
0.964017879
0.961274887
0.958352843
0.955235894
0.951906883
0.948349805
0.944547078
0.940479008
0.936126106
0.931468512
0.926483826
0.921146296
0.915426947
0.909283774
0.902676661
0.895563367
0.887902191
0.879648841
0.870751743
0.861142747
0.850743873
0.839462298
0.827167147
0.813713058
0.798910372
0.782553483
0.764423752
0.744248233
0.721764474
0.696710089
0.668841788
0.637973028
0.603953353
0.56675466
0.526489816
0.483425826
0.438302074
0.391270814
0.343117893
0.294889468
0.247847836
0.203328204
0.162576778
0.126557902
0.095822606
0.070492385
0.050316493
0.997112219
0.996855697
0.996572479
0.996272601
0.995962076
0.995641576
0.995307669
0.994954733
0.994576578
0.994167664
0.993723929
0.993243095
0.992724317
0.992167217
0.991570556
0.990931009
0.990242669
0.989497563
0.988686821
0.987801986
0.986835925
0.985782799
0.984637221
0.983393209
0.982043478
0.980579604
0.978992972
0.977275986
0.975423095
0.973430988
0.971297168
0.969019923
0.966596052
0.964017879
0.961274887
0.958352843
0.955235894
0.951906883
0.948349805
0.944547078
0.940479008
0.936126106
0.931468512
0.926483826
0.921146296
0.915426947
0.909283774
0.902676661
0.895563367
0.887902191
0.879648841
0.870751743
0.861142747
0.850743873
0.839462298
0.827167147
0.813713058
0.798910372
0.782553483
0.764423752
0.744248233
0.721764474
0.696710089
0.668841788
0.637973028
0.603953353
0.56675466
0.526489816
0.483425826
0.438302074
0.391270814
0.343117893
0.294889468
0.247847836
0.203328204
0.162576778
0.126557902
0.095822606
0.070492385
0.050316493
0.997112219
0.996855697
0.996572479
0.996272601
0.995962076
0.995641576
0.995307669
0.994954733
0.994576578
0.994167664
0.993723929
0.993243095
0.992724317
0.992167217
0.991570556
0.990931009
0.990242669
0.989497563
0.988686821
0.987801986
0.986835925
0.985782799
0.984637221
0.983393209
0.982043478
0.980579604
0.978992972
0.977275986
0.975423095
0.973430988
0.971297168
0.969019923
0.966596052
0.964017879
0.961274887
0.958352843
0.955235894
0.951906883
0.948349805
0.944547078
0.940479008
0.936126106
0.931468512
0.926483826
0.921146296
0.915426947
0.909283774
0.902676661
0.895563367
0.887902191
0.879648841
0.870751743
0.861142747
0.850743873
0.839462298
0.827167147
0.813713058
0.798910372
0.782553483
0.764423752
0.744248233
0.721764474
0.696710089
0.668841788
0.637973028
0.603953353
0.56675466
0.526489816
0.483425826
0.438302074
0.391270814
0.343117893
0.294889468
0.247847836
0.203328204
0.162576778
0.126557902
0.095822606
0.070492385
0.050316493
0.997112219
0.996855697
0.996572479
0.996272601
0.995962076
0.995641576
0.995307669
0.994954733
0.994576578
0.994167664
0.993723929
0.993243095
0.992724317
0.992167217
0.991570556
0.990931009
0.990242669
0.989497563
0.988686821
0.987801986
0.986835925
0.985782799
0.984637221
0.983393209
0.982043478
0.980579604
0.978992972
0.977275986
0.975423095
0.973430988
0.971297168
0.969019923
0.966596052
0.964017879
0.961274887
0.958352843
0.955235894
0.951906883
0.948349805
0.944547078
0.940479008
0.936126106
0.931468512
0.926483826
0.921146296
0.915426947
0.909283774
0.902676661
0.895563367
0.887902191
0.879648841
0.870751743
0.861142747
0.850743873
0.839462298
0.827167147
0.813713058
0.798910372
0.782553483
0.764423752
0.744248233
0.721764474
0.696710089
0.668841788
0.637973028
0.603953353
0.56675466
0.526489816
0.483425826
0.438302074
0.391270814
0.343117893
0.294889468
0.247847836
0.203328204
0.162576778
0.126557902
0.095822606
0.070492385
0.050316493
0.997112219
0.996855697
0.996572479
0.996272601
0.995962076
0.995641576
0.995307669
0.994954733
0.994576578
0.994167664
0.993723929
0.993243095
0.992724317
0.992167217
0.991570556
0.990931009
0.990242669
0.989497563
0.988686821
0.987801986
0.986835925
0.985782799
0.984637221
0.983393209
0.982043478
0.980579604
0.978992972
0.977275986
0.975423095
0.973430988
0.971297168
0.969019923
0.966596052
0.964017879
0.961274887
0.958352843
0.955235894
0.951906883
0.948349805
0.944547078
0.940479008
0.936126106
0.931468512
0.926483826
0.921146296
0.915426947
0.909283774
0.902676661
0.895563367
0.887902191
0.879648841
0.870751743
0.861142747
0.850743873
0.839462298
0.827167147
0.813713058
0.798910372
0.782553483
0.764423752
0.744248233
0.721764474
0.696710089
0.668841788
0.637973028
0.603953353
0.56675466
0.526489816
0.483425826
0.438302074
0.391270814
0.343117893
0.294889468
0.247847836
0.203328204
0.162576778
0.126557902
0.095822606
0.070492385
0.050316493
0.997112219
0.996855697
0.996572479
0.996272601
0.995962076
0.995641576
0.995307669
0.994954733
0.994576578
0.994167664
0.993723929
0.993243095
0.992724317
0.992167217
0.991570556
0.990931009
0.990242669
0.989497563
0.988686821
0.987801986
0.986835925
0.985782799
0.984637221
0.983393209
0.982043478
0.980579604
0.978992972
0.977275986
0.975423095
0.973430988
0.971297168
0.969019923
0.966596052
0.964017879
0.961274887
0.958352843
0.955235894
0.951906883
0.948349805
0.944547078
0.940479008
0.936126106
0.931468512
0.926483826
0.921146296
0.915426947
0.909283774
0.902676661
0.895563367
0.887902191
0.879648841
0.870751743
0.861142747
0.850743873
0.839462298
0.827167147
0.813713058
0.798910372
0.782553483
0.764423752
0.744248233
0.721764474
0.696710089
0.668841788
0.637973028
0.603953353
0.56675466
0.526489816
0.483425826
0.438302074
0.391270814
0.343117893
0.294889468
0.247847836
0.203328204
0.162576778
0.126557902
0.095822606
0.070492385
0.050316493
0.997112219
0.996855697
0.996572479
0.996272601
0.995962076
0.995641576
0.995307669
0.994954733
0.994576578
0.994167664
0.993723929
0.993243095
0.992724317
0.992167217
0.991570556
0.990931009
0.990242669
0.989497563
0.988686821
0.987801986
0.986835925
0.985782799
0.984637221
0.983393209
0.982043478
0.980579604
0.978992972
0.977275986
0.975423095
0.973430988
0.971297168
0.969019923
0.966596052
0.964017879
0.961274887
0.958352843
0.955235894
0.951906883
0.948349805
0.944547078
0.940479008
0.936126106
0.931468512
0.926483826
0.921146296
0.915426947
0.909283774
0.902676661
0.895563367
0.887902191
0.879648841
0.870751743
0.861142747
0.850743873
0.839462298
0.827167147
0.813713058
0.798910372
0.782553483
0.764423752
0.744248233
0.721764474
0.696710089
0.668841788
0.637973028
0.603953353
0.56675466
0.526489816
0.483425826
0.438302074
0.391270814
0.343117893
0.294889468
0.247847836
0.203328204
0.162576778
0.126557902
0.095822606
0.070492385
0.050316493
0.997112219
0.996855697
0.996572479
0.996272601
0.995962076
0.995641576
0.995307669
0.994954733
0.994576578
0.994167664
0.993723929
0.993243095
0.992724317
0.992167217
0.991570556
0.990931009
0.990242669
0.989497563
0.988686821
0.987801986
0.986835925
0.985782799
0.984637221
0.983393209
0.982043478
0.980579604
0.978992972
0.977275986
0.975423095
0.973430988
0.971297168
0.969019923
0.966596052
0.964017879
0.961274887
0.958352843
0.955235894
0.951906883
0.948349805
0.944547078
0.940479008
0.936126106
0.931468512
0.926483826
0.921146296
0.915426947
0.909283774
0.902676661
0.895563367
0.887902191
0.879648841
0.870751743
0.861142747
0.850743873
0.839462298
0.827167147
0.813713058
0.798910372
0.782553483
0.764423752
0.744248233
0.721764474
0.696710089
0.668841788
0.637973028
0.603953353
0.56675466
0.526489816
0.483425826
0.438302074
0.391270814
0.343117893
0.294889468
0.247847836
0.203328204
0.162576778
0.126557902
0.095822606
0.070492385
0.050316493
0.997112219
0.996855697
0.996572479
0.996272601
0.995962076
0.995641576
0.995307669
0.994954733
0.994576578
0.994167664
0.993723929
0.993243095
0.992724317
0.992167217
0.991570556
0.990931009
0.990242669
0.989497563
0.988686821
0.987801986
0.986835925
0.985782799
0.984637221
0.983393209
0.982043478
0.980579604
0.978992972
0.977275986
0.975423095
0.973430988
0.971297168
0.969019923
0.966596052
0.964017879
0.961274887
0.958352843
0.955235894
0.951906883
0.948349805
0.944547078
0.940479008
0.936126106
0.931468512
0.926483826
0.921146296
0.915426947
0.909283774
0.902676661
0.895563367
0.887902191
0.879648841
0.870751743
0.861142747
0.850743873
0.839462298
0.827167147
0.813713058
0.798910372
0.782553483
0.764423752
0.744248233
0.721764474
0.696710089
0.668841788
0.637973028
0.603953353
0.56675466
0.526489816
0.483425826
0.438302074
0.391270814
0.343117893
0.294889468
0.247847836
0.203328204
0.162576778
0.126557902
0.095822606
0.070492385
0.050316493
0.997112219
0.996855697
0.996572479
0.996272601
0.995962076
0.995641576
0.995307669
0.994954733
0.994576578
0.994167664
0.993723929
0.993243095
0.992724317
0.992167217
0.991570556
0.990931009
0.990242669
0.989497563
0.988686821
0.987801986
0.986835925
0.985782799
0.984637221
0.983393209
0.982043478
0.980579604
0.978992972
0.977275986
0.975423095
0.973430988
0.971297168
0.969019923
0.966596052
0.964017879
0.961274887
0.958352843
0.955235894
0.951906883
0.948349805
0.944547078
0.940479008
0.936126106
0.931468512
0.926483826
0.921146296
0.915426947
0.909283774
0.902676661
0.895563367
0.887902191
0.879648841
0.870751743
0.861142747
0.850743873
0.839462298
0.827167147
0.813713058
0.798910372
0.782553483
0.764423752
0.744248233
0.721764474
0.696710089
0.668841788
0.637973028
0.603953353
0.56675466
0.526489816
0.483425826
0.438302074
0.391270814
0.343117893
0.294889468
0.247847836
0.203328204
0.162576778
0.126557902
0.095822606
0.070492385
0.050316493
0.997112219
0.996855697
0.996572479
0.996272601
0.995962076
0.995641576
0.995307669
0.994954733
0.994576578
0.994167664
0.993723929
0.993243095
0.992724317
0.992167217
0.991570556
0.990931009
0.990242669
0.989497563
0.988686821
0.987801986
0.986835925
0.985782799
0.984637221
0.983393209
0.982043478
0.980579604
0.978992972
0.977275986
0.975423095
0.973430988
0.971297168
0.969019923
0.966596052
0.964017879
0.961274887
0.958352843
0.955235894
0.951906883
0.948349805
0.944547078
0.940479008
0.936126106
0.931468512
0.926483826
0.921146296
0.915426947
0.909283774
0.902676661
0.895563367
0.887902191
0.879648841
0.870751743
0.861142747
0.850743873
0.839462298
0.827167147
0.813713058
0.798910372
0.782553483
0.764423752
0.744248233
0.721764474
0.696710089
0.668841788
0.637973028
0.603953353
0.56675466
0.526489816
0.483425826
0.438302074
0.391270814
0.343117893
0.294889468
0.247847836
0.203328204
0.162576778
0.126557902
0.095822606
0.070492385
0.050316493
0.997112219
0.996855697
0.996572479
0.996272601
0.995962076
0.995641576
0.995307669
0.994954733
0.994576578
0.994167664
0.993723929
0.993243095
0.992724317
0.992167217
0.991570556
0.990931009
0.990242669
0.989497563
0.988686821
0.987801986
0.986835925
0.985782799
0.984637221
0.983393209
0.982043478
0.980579604
0.978992972
0.977275986
0.975423095
0.973430988
0.971297168
0.969019923
0.966596052
0.964017879
0.961274887
0.958352843
0.955235894
0.951906883
0.948349805
0.944547078
0.940479008
0.936126106
0.931468512
0.926483826
0.921146296
0.915426947
0.909283774
0.902676661
0.895563367
0.887902191
0.879648841
0.870751743
0.861142747
0.850743873
0.839462298
0.827167147
0.813713058
0.798910372
0.782553483
0.764423752
0.744248233
0.721764474
0.696710089
0.668841788
0.637973028
0.603953353
0.56675466
0.526489816
0.483425826
0.438302074
0.391270814
0.343117893
0.294889468
0.247847836
0.203328204
0.162576778
0.126557902
0.095822606
0.070492385
0.050316493
0.997112219
0.996855697
0.996572479
0.996272601
0.995962076
0.995641576
0.995307669
0.994954733
0.994576578
0.994167664
0.993723929
0.993243095
0.992724317
0.992167217
0.991570556
0.990931009
0.990242669
0.989497563
0.988686821
0.987801986
0.986835925
0.985782799
0.984637221
0.983393209
0.982043478
0.980579604
0.978992972
0.977275986
0.975423095
0.973430988
0.971297168
0.969019923
0.966596052
0.964017879
0.961274887
0.958352843
0.955235894
0.951906883
0.948349805
0.944547078
0.940479008
0.936126106
0.931468512
0.926483826
0.921146296
0.915426947
0.909283774
0.902676661
0.895563367
0.887902191
0.879648841
0.870751743
0.861142747
0.850743873
0.839462298
0.827167147
0.813713058
0.798910372
0.782553483
0.764423752
0.744248233
0.721764474
0.696710089
0.668841788
0.637973028
0.603953353
0.56675466
0.526489816
0.483425826
0.438302074
0.391270814
0.343117893
0.294889468
0.247847836
0.203328204
0.162576778
0.126557902
0.095822606
0.070492385
0.050316493
0.997112219
0.996855697
0.996572479
0.996272601
0.995962076
0.995641576
0.995307669
0.994954733
0.994576578
0.994167664
0.993723929
0.993243095
0.992724317
0.992167217
0.991570556
0.990931009
0.990242669
0.989497563
0.988686821
0.987801986
0.986835925
0.985782799
0.984637221
0.983393209
0.982043478
0.980579604
0.978992972
0.977275986
0.975423095
0.973430988
0.971297168
0.969019923
0.966596052
0.964017879
0.961274887
0.958352843
0.955235894
0.951906883
0.948349805
0.944547078
0.940479008
0.936126106
0.931468512
0.926483826
0.921146296
0.915426947
0.909283774
0.902676661
0.895563367
0.887902191
0.879648841
0.870751743
0.861142747
0.850743873
0.839462298
0.827167147
0.813713058
0.798910372
0.782553483
0.764423752
0.744248233
0.721764474
0.696710089
0.668841788
0.637973028
0.603953353
0.56675466
0.526489816
0.483425826
0.438302074
0.391270814
0.343117893
0.294889468
0.247847836
0.203328204
0.162576778
0.126557902
0.095822606
0.070492385
0.050316493
0.997112219
0.996855697
0.996572479
0.996272601
0.995962076
0.995641576
0.995307669
0.994954733
0.994576578
0.994167664
0.993723929
0.993243095
0.992724317
0.992167217
0.991570556
0.990931009
0.990242669
0.989497563
0.988686821
0.987801986
0.986835925
0.985782799
0.984637221
0.983393209
0.982043478
0.980579604
0.978992972
0.977275986
0.975423095
0.973430988
0.971297168
0.969019923
0.966596052
0.964017879
0.961274887
0.958352843
0.955235894
0.951906883
0.948349805
0.944547078
0.940479008
0.936126106
0.931468512
0.926483826
0.921146296
0.915426947
0.909283774
0.902676661
0.895563367
0.887902191
0.879648841
0.870751743
0.861142747
0.850743873
0.839462298
0.827167147
0.813713058
0.798910372
0.782553483
0.764423752
0.744248233
0.721764474
0.696710089
0.668841788
0.637973028
0.603953353
0.56675466
0.526489816
0.483425826
0.438302074
0.391270814
0.343117893
0.294889468
0.247847836
0.203328204
0.162576778
0.126557902
0.095822606
0.070492385
0.050316493
0.997112219
0.996855697
0.996572479
0.996272601
0.995962076
0.995641576
0.995307669
0.994954733
0.994576578
0.994167664
0.993723929
0.993243095
0.992724317
0.992167217
0.991570556
0.990931009
0.990242669
0.989497563
0.988686821
0.987801986
0.986835925
0.985782799
0.984637221
0.983393209
0.982043478
0.980579604
0.978992972
0.977275986
0.975423095
0.973430988
0.971297168
0.969019923
0.966596052
0.964017879
0.961274887
0.958352843
0.955235894
0.951906883
0.948349805
0.944547078
0.940479008
0.936126106
0.931468512
0.926483826
0.921146296
0.915426947
0.909283774
0.902676661
0.895563367
0.887902191
0.879648841
0.870751743
0.861142747
0.850743873
0.839462298
0.827167147
0.813713058
0.798910372
0.782553483
0.764423752
0.744248233
0.721764474
0.696710089
0.668841788
0.637973028
0.603953353
0.56675466
0.526489816
0.483425826
0.438302074
0.391270814
0.343117893
0.294889468
0.247847836
0.203328204
0.162576778
0.126557902
0.095822606
0.070492385
0.050316493
0.997112219
0.996855697
0.996572479
0.996272601
0.995962076
0.995641576
0.995307669
0.994954733
0.994576578
0.994167664
0.993723929
0.993243095
0.992724317
0.992167217
0.991570556
0.990931009
0.990242669
0.989497563
0.988686821
0.987801986
0.986835925
0.985782799
0.984637221
0.983393209
0.982043478
0.980579604
0.978992972
0.977275986
0.975423095
0.973430988
0.971297168
0.969019923
0.966596052
0.964017879
0.961274887
0.958352843
0.955235894
0.951906883
0.948349805
0.944547078
0.940479008
0.936126106
0.931468512
0.926483826
0.921146296
0.915426947
0.909283774
0.902676661
0.895563367
0.887902191
0.879648841
0.870751743
0.861142747
0.850743873
0.839462298
0.827167147
0.813713058
0.798910372
0.782553483
0.764423752
0.744248233
0.721764474
0.696710089
0.668841788
0.637973028
0.603953353
0.56675466
0.526489816
0.483425826
0.438302074
0.391270814
0.343117893
0.294889468
0.247847836
0.203328204
0.162576778
0.126557902
0.095822606
0.070492385
0.050316493
0.997112219
0.996855697
0.996572479
0.996272601
0.995962076
0.995641576
0.995307669
0.994954733
0.994576578
0.994167664
0.993723929
0.993243095
0.992724317
0.992167217
0.991570556
0.990931009
0.990242669
0.989497563
0.988686821
0.987801986
0.986835925
0.985782799
0.984637221
0.983393209
0.982043478
0.980579604
0.978992972
0.977275986
0.975423095
0.973430988
0.971297168
0.969019923
0.966596052
0.964017879
0.961274887
0.958352843
0.955235894
0.951906883
0.948349805
0.944547078
0.940479008
0.936126106
0.931468512
0.926483826
0.921146296
0.915426947
0.909283774
0.902676661
0.895563367
0.887902191
0.879648841
0.870751743
0.861142747
0.850743873
0.839462298
0.827167147
0.813713058
0.798910372
0.782553483
0.764423752
0.744248233
0.721764474
0.696710089
0.668841788
0.637973028
0.603953353
0.56675466
0.526489816
0.483425826
0.438302074
0.391270814
0.343117893
0.294889468
0.247847836
0.203328204
0.162576778
0.126557902
0.095822606
0.070492385
0.050316493
0.997112219
0.996855697
0.996572479
0.996272601
0.995962076
0.995641576
0.995307669
0.994954733
0.994576578
0.994167664
0.993723929
0.993243095
0.992724317
0.992167217
0.991570556
0.990931009
0.990242669
0.989497563
0.988686821
0.987801986
0.986835925
0.985782799
0.984637221
0.983393209
0.982043478
0.980579604
0.978992972
0.977275986
0.975423095
0.973430988
0.971297168
0.969019923
0.966596052
0.964017879
0.961274887
0.958352843
0.955235894
0.951906883
0.948349805
0.944547078
0.940479008
0.936126106
0.931468512
0.926483826
0.921146296
0.915426947
0.909283774
0.902676661
0.895563367
0.887902191
0.879648841
0.870751743
0.861142747
0.850743873
0.839462298
0.827167147
0.813713058
0.798910372
0.782553483
0.764423752
0.744248233
0.721764474
0.696710089
0.668841788
0.637973028
0.603953353
0.56675466
0.526489816
0.483425826
0.438302074
0.391270814
0.343117893
0.294889468
0.247847836
0.203328204
0.162576778
0.126557902
0.095822606
0.070492385
0.050316493
0.997112219
0.996855697
0.996572479
0.996272601
0.995962076
0.995641576
0.995307669
0.994954733
0.994576578
0.994167664
0.993723929
0.993243095
0.992724317
0.992167217
0.991570556
0.990931009
0.990242669
0.989497563
0.988686821
0.987801986
0.986835925
0.985782799
0.984637221
0.983393209
0.982043478
0.980579604
0.978992972
0.977275986
0.975423095
0.973430988
0.971297168
0.969019923
0.966596052
0.964017879
0.961274887
0.958352843
0.955235894
0.951906883
0.948349805
0.944547078
0.940479008
0.936126106
0.931468512
0.926483826
0.921146296
0.915426947
0.909283774
0.902676661
0.895563367
0.887902191
0.879648841
0.870751743
0.861142747
0.850743873
0.839462298
0.827167147
0.813713058
0.798910372
0.782553483
0.764423752
0.744248233
0.721764474
0.696710089
0.668841788
0.637973028
0.603953353
0.56675466
0.526489816
0.483425826
0.438302074
0.391270814
0.343117893
0.294889468
0.247847836
0.203328204
0.162576778
0.126557902
0.095822606
0.070492385
0.050316493
0.997112219
0.996855697
0.996572479
0.996272601
0.995962076
0.995641576
0.995307669
0.994954733
0.994576578
0.994167664
0.993723929
0.993243095
0.992724317
0.992167217
0.991570556
0.990931009
0.990242669
0.989497563
0.988686821
0.987801986
0.986835925
0.985782799
0.984637221
0.983393209
0.982043478
0.980579604
0.978992972
0.977275986
0.975423095
0.973430988
0.971297168
0.969019923
0.966596052
0.964017879
0.961274887
0.958352843
0.955235894
0.951906883
0.948349805
0.944547078
0.940479008
0.936126106
0.931468512
0.926483826
0.921146296
0.915426947
0.909283774
0.902676661
0.895563367
0.887902191
0.879648841
0.870751743
0.861142747
0.850743873
0.839462298
0.827167147
0.813713058
0.798910372
0.782553483
0.764423752
0.744248233
0.721764474
0.696710089
0.668841788
0.637973028
0.603953353
0.56675466
0.526489816
0.483425826
0.438302074
0.391270814
0.343117893
0.294889468
0.247847836
0.203328204
0.162576778
0.126557902
0.095822606
0.070492385
0.050316493
0.997112219
0.996855697
0.996572479
0.996272601
0.995962076
0.995641576
0.995307669
0.994954733
0.994576578
0.994167664
0.993723929
0.993243095
0.992724317
0.992167217
0.991570556
0.990931009
0.990242669
0.989497563
0.988686821
0.987801986
0.986835925
0.985782799
0.984637221
0.983393209
0.982043478
0.980579604
0.978992972
0.977275986
0.975423095
0.973430988
0.971297168
0.969019923
0.966596052
0.964017879
0.961274887
0.958352843
0.955235894
0.951906883
0.948349805
0.944547078
0.940479008
0.936126106
0.931468512
0.926483826
0.921146296
0.915426947
0.909283774
0.902676661
0.895563367
0.887902191
0.879648841
0.870751743
0.861142747
0.850743873
0.839462298
0.827167147
0.813713058
0.798910372
0.782553483
0.764423752
0.744248233
0.721764474
0.696710089
0.668841788
0.637973028
0.603953353
0.56675466
0.526489816
0.483425826
0.438302074
0.391270814
0.343117893
0.294889468
0.247847836
0.203328204
0.162576778
0.126557902
0.095822606
0.070492385
0.050316493
0.997112219
0.996855697
0.996572479
0.996272601
0.995962076
0.995641576
0.995307669
0.994954733
0.994576578
0.994167664
0.993723929
0.993243095
0.992724317
0.992167217
0.991570556
0.990931009
0.990242669
0.989497563
0.988686821
0.987801986
0.986835925
0.985782799
0.984637221
0.983393209
0.982043478
0.980579604
0.978992972
0.977275986
0.975423095
0.973430988
0.971297168
0.969019923
0.966596052
0.964017879
0.961274887
0.958352843
0.955235894
0.951906883
0.948349805
0.944547078
0.940479008
0.936126106
0.931468512
0.926483826
0.921146296
0.915426947
0.909283774
0.902676661
0.895563367
0.887902191
0.879648841
0.870751743
0.861142747
0.850743873
0.839462298
0.827167147
0.813713058
0.798910372
0.782553483
0.764423752
0.744248233
0.721764474
0.696710089
0.668841788
0.637973028
0.603953353
0.56675466
0.526489816
0.483425826
0.438302074
0.391270814
0.343117893
0.294889468
0.247847836
0.203328204
0.162576778
0.126557902
0.095822606
0.070492385
0.050316493
0.997112219
0.996855697
0.996572479
0.996272601
0.995962076
0.995641576
0.995307669
0.994954733
0.994576578
0.994167664
0.993723929
0.993243095
0.992724317
0.992167217
0.991570556
0.990931009
0.990242669
0.989497563
0.988686821
0.987801986
0.986835925
0.985782799
0.984637221
0.983393209
0.982043478
0.980579604
0.978992972
0.977275986
0.975423095
0.973430988
0.971297168
0.969019923
0.966596052
0.964017879
0.961274887
0.958352843
0.955235894
0.951906883
0.948349805
0.944547078
0.940479008
0.936126106
0.931468512
0.926483826
0.921146296
0.915426947
0.909283774
0.902676661
0.895563367
0.887902191
0.879648841
0.870751743
0.861142747
0.850743873
0.839462298
0.827167147
0.813713058
0.798910372
0.782553483
0.764423752
0.744248233
0.721764474
0.696710089
0.668841788
0.637973028
0.603953353
0.56675466
0.526489816
0.483425826
0.438302074
0.391270814
0.343117893
0.294889468
0.247847836
0.203328204
0.162576778
0.126557902
0.095822606
0.070492385
0.050316493
0.997112219
0.996855697
0.996572479
0.996272601
0.995962076
0.995641576
0.995307669
0.994954733
0.994576578
0.994167664
0.993723929
0.993243095
0.992724317
0.992167217
0.991570556
0.990931009
0.990242669
0.989497563
0.988686821
0.987801986
0.986835925
0.985782799
0.984637221
0.983393209
0.982043478
0.980579604
0.978992972
0.977275986
0.975423095
0.973430988
0.971297168
0.969019923
0.966596052
0.964017879
0.961274887
0.958352843
0.955235894
0.951906883
0.948349805
0.944547078
0.940479008
0.936126106
0.931468512
0.926483826
0.921146296
0.915426947
0.909283774
0.902676661
0.895563367
0.887902191
0.879648841
0.870751743
0.861142747
0.850743873
0.839462298
0.827167147
0.813713058
0.798910372
0.782553483
0.764423752
0.744248233
0.721764474
0.696710089
0.668841788
0.637973028
0.603953353
0.56675466
0.526489816
0.483425826
0.438302074
0.391270814
0.343117893
0.294889468
0.247847836
0.203328204
0.162576778
0.126557902
0.095822606
0.070492385
0.050316493
0.997112219
0.996855697
0.996572479
0.996272601
0.995962076
0.995641576
0.995307669
0.994954733
0.994576578
0.994167664
0.993723929
0.993243095
0.992724317
0.992167217
0.991570556
0.990931009
0.990242669
0.989497563
0.988686821
0.987801986
0.986835925
0.985782799
0.984637221
0.983393209
0.982043478
0.980579604
0.978992972
0.977275986
0.975423095
0.973430988
0.971297168
0.969019923
0.966596052
0.964017879
0.961274887
0.958352843
0.955235894
0.951906883
0.948349805
0.944547078
0.940479008
0.936126106
0.931468512
0.926483826
0.921146296
0.915426947
0.909283774
0.902676661
0.895563367
0.887902191
0.879648841
0.870751743
0.861142747
0.850743873
0.839462298
0.827167147
0.813713058
0.798910372
0.782553483
0.764423752
0.744248233
0.721764474
0.696710089
0.668841788
0.637973028
0.603953353
0.56675466
0.526489816
0.483425826
0.438302074
0.391270814
0.343117893
0.294889468
0.247847836
0.203328204
0.162576778
0.126557902
0.095822606
0.070492385
0.050316493
0.997112219
0.996855697
0.996572479
0.996272601
0.995962076
0.995641576
0.995307669
0.994954733
0.994576578
0.994167664
0.993723929
0.993243095
0.992724317
0.992167217
0.991570556
0.990931009
0.990242669
0.989497563
0.988686821
0.987801986
0.986835925
0.985782799
0.984637221
0.983393209
0.982043478
0.980579604
0.978992972
0.977275986
0.975423095
0.973430988
0.971297168
0.969019923
0.966596052
0.964017879
0.961274887
0.958352843
0.955235894
0.951906883
0.948349805
0.944547078
0.940479008
0.936126106
0.931468512
0.926483826
0.921146296
0.915426947
0.909283774
0.902676661
0.895563367
0.887902191
0.879648841
0.870751743
0.861142747
0.850743873
0.839462298
0.827167147
0.813713058
0.798910372
0.782553483
0.764423752
0.744248233
0.721764474
0.696710089
0.668841788
0.637973028
0.603953353
0.56675466
0.526489816
0.483425826
0.438302074
0.391270814
0.343117893
0.294889468
0.247847836
0.203328204
0.162576778
0.126557902
0.095822606
0.070492385
0.050316493
0.997112219
0.996855697
0.996572479
0.996272601
0.995962076
0.995641576
0.995307669
0.994954733
0.994576578
0.994167664
0.993723929
0.993243095
0.992724317
0.992167217
0.991570556
0.990931009
0.990242669
0.989497563
0.988686821
0.987801986
0.986835925
0.985782799
0.984637221
0.983393209
0.982043478
0.980579604
0.978992972
0.977275986
0.975423095
0.973430988
0.971297168
0.969019923
0.966596052
0.964017879
0.961274887
0.958352843
0.955235894
0.951906883
0.948349805
0.944547078
0.940479008
0.936126106
0.931468512
0.926483826
0.921146296
0.915426947
0.909283774
0.902676661
0.895563367
0.887902191
0.879648841
0.870751743
0.861142747
0.850743873
0.839462298
0.827167147
0.813713058
0.798910372
0.782553483
0.764423752
0.744248233
0.721764474
0.696710089
0.668841788
0.637973028
0.603953353
0.56675466
0.526489816
0.483425826
0.438302074
0.391270814
0.343117893
0.294889468
0.247847836
0.203328204
0.162576778
0.126557902
0.095822606
0.070492385
0.050316493
0.997112219
0.996855697
0.996572479
0.996272601
0.995962076
0.995641576
0.995307669
0.994954733
0.994576578
0.994167664
0.993723929
0.993243095
0.992724317
0.992167217
0.991570556
0.990931009
0.990242669
0.989497563
0.988686821
0.987801986
0.986835925
0.985782799
0.984637221
0.983393209
0.982043478
0.980579604
0.978992972
0.977275986
0.975423095
0.973430988
0.971297168
0.969019923
0.966596052
0.964017879
0.961274887
0.958352843
0.955235894
0.951906883
0.948349805
0.944547078
0.940479008
0.936126106
0.931468512
0.926483826
0.921146296
0.915426947
0.909283774
0.902676661
0.895563367
0.887902191
0.879648841
0.870751743
0.861142747
0.850743873
0.839462298
0.827167147
0.813713058
0.798910372
0.782553483
0.764423752
0.744248233
0.721764474
0.696710089
0.668841788
0.637973028
0.603953353
0.56675466
0.526489816
0.483425826
0.438302074
0.391270814
0.343117893
0.294889468
0.247847836
0.203328204
0.162576778
0.126557902
0.095822606
0.070492385
0.050316493
0.997112219
0.996855697
0.996572479
0.996272601
0.995962076
0.995641576
0.995307669
0.994954733
0.994576578
0.994167664
0.993723929
0.993243095
0.992724317
0.992167217
0.991570556
0.990931009
0.990242669
0.989497563
0.988686821
0.987801986
0.986835925
0.985782799
0.984637221
0.983393209
0.982043478
0.980579604
0.978992972
0.977275986
0.975423095
0.973430988
0.971297168
0.969019923
0.966596052
0.964017879
0.961274887
0.958352843
0.955235894
0.951906883
0.948349805
0.944547078
0.940479008
0.936126106
0.931468512
0.926483826
0.921146296
0.915426947
0.909283774
0.902676661
0.895563367
0.887902191
0.879648841
0.870751743
0.861142747
0.850743873
0.839462298
0.827167147
0.813713058
0.798910372
0.782553483
0.764423752
0.744248233
0.721764474
0.696710089
0.668841788
0.637973028
0.603953353
0.56675466
0.526489816
0.483425826
0.438302074
0.391270814
0.343117893
0.294889468
0.247847836
0.203328204
0.162576778
0.126557902
0.095822606
0.070492385
0.050316493
0.997112219
0.996855697
0.996572479
0.996272601
0.995962076
0.995641576
0.995307669
0.994954733
0.994576578
0.994167664
0.993723929
0.993243095
0.992724317
0.992167217
0.991570556
0.990931009
0.990242669
0.989497563
0.988686821
0.987801986
0.986835925
0.985782799
0.984637221
0.983393209
0.982043478
0.980579604
0.978992972
0.977275986
0.975423095
0.973430988
0.971297168
0.969019923
0.966596052
0.964017879
0.961274887
0.958352843
0.955235894
0.951906883
0.948349805
0.944547078
0.940479008
0.936126106
0.931468512
0.926483826
0.921146296
0.915426947
0.909283774
0.902676661
0.895563367
0.887902191
0.879648841
0.870751743
0.861142747
0.850743873
0.839462298
0.827167147
0.813713058
0.798910372
0.782553483
0.764423752
0.744248233
0.721764474
0.696710089
0.668841788
0.637973028
0.603953353
0.56675466
0.526489816
0.483425826
0.438302074
0.391270814
0.343117893
0.294889468
0.247847836
0.203328204
0.162576778
0.126557902
0.095822606
0.070492385
0.050316493
0.997112219
0.996855697
0.996572479
0.996272601
0.995962076
0.995641576
0.995307669
0.994954733
0.994576578
0.994167664
0.993723929
0.993243095
0.992724317
0.992167217
0.991570556
0.990931009
0.990242669
0.989497563
0.988686821
0.987801986
0.986835925
0.985782799
0.984637221
0.983393209
0.982043478
0.980579604
0.978992972
0.977275986
0.975423095
0.973430988
0.971297168
0.969019923
0.966596052
0.964017879
0.961274887
0.958352843
0.955235894
0.951906883
0.948349805
0.944547078
0.940479008
0.936126106
0.931468512
0.926483826
0.921146296
0.915426947
0.909283774
0.902676661
0.895563367
0.887902191
0.879648841
0.870751743
0.861142747
0.850743873
0.839462298
0.827167147
0.813713058
0.798910372
0.782553483
0.764423752
0.744248233
0.721764474
0.696710089
0.668841788
0.637973028
0.603953353
0.56675466
0.526489816
0.483425826
0.438302074
0.391270814
0.343117893
0.294889468
0.247847836
0.203328204
0.162576778
0.126557902
0.095822606
0.070492385
0.050316493
0.997112219
0.996855697
0.996572479
0.996272601
0.995962076
0.995641576
0.995307669
0.994954733
0.994576578
0.994167664
0.993723929
0.993243095
0.992724317
0.992167217
0.991570556
0.990931009
0.990242669
0.989497563
0.988686821
0.987801986
0.986835925
0.985782799
0.984637221
0.983393209
0.982043478
0.980579604
0.978992972
0.977275986
0.975423095
0.973430988
0.971297168
0.969019923
0.966596052
0.964017879
0.961274887
0.958352843
0.955235894
0.951906883
0.948349805
0.944547078
0.940479008
0.936126106
0.931468512
0.926483826
0.921146296
0.915426947
0.909283774
0.902676661
0.895563367
0.887902191
0.879648841
0.870751743
0.861142747
0.850743873
0.839462298
0.827167147
0.813713058
0.798910372
0.782553483
0.764423752
0.744248233
0.721764474
0.696710089
0.668841788
0.637973028
0.603953353
0.56675466
0.526489816
0.483425826
0.438302074
0.391270814
0.343117893
0.294889468
0.247847836
0.203328204
0.162576778
0.126557902
0.095822606
0.070492385
0.050316493
0.997112219
0.996855697
0.996572479
0.996272601
0.995962076
0.995641576
0.995307669
0.994954733
0.994576578
0.994167664
0.993723929
0.993243095
0.992724317
0.992167217
0.991570556
0.990931009
0.990242669
0.989497563
0.988686821
0.987801986
0.986835925
0.985782799
0.984637221
0.983393209
0.982043478
0.980579604
0.978992972
0.977275986
0.975423095
0.973430988
0.971297168
0.969019923
0.966596052
0.964017879
0.961274887
0.958352843
0.955235894
0.951906883
0.948349805
0.944547078
0.940479008
0.936126106
0.931468512
0.926483826
0.921146296
0.915426947
0.909283774
0.902676661
0.895563367
0.887902191
0.879648841
0.870751743
0.861142747
0.850743873
0.839462298
0.827167147
0.813713058
0.798910372
0.782553483
0.764423752
0.744248233
0.721764474
0.696710089
0.668841788
0.637973028
0.603953353
0.56675466
0.526489816
0.483425826
0.438302074
0.391270814
0.343117893
0.294889468
0.247847836
0.203328204
0.162576778
0.126557902
0.095822606
0.070492385
0.050316493
0.997112219
0.996855697
0.996572479
0.996272601
0.995962076
0.995641576
0.995307669
0.994954733
0.994576578
0.994167664
0.993723929
0.993243095
0.992724317
0.992167217
0.991570556
0.990931009
0.990242669
0.989497563
0.988686821
0.987801986
0.986835925
0.985782799
0.984637221
0.983393209
0.982043478
0.980579604
0.978992972
0.977275986
0.975423095
0.973430988
0.971297168
0.969019923
0.966596052
0.964017879
0.961274887
0.958352843
0.955235894
0.951906883
0.948349805
0.944547078
0.940479008
0.936126106
0.931468512
0.926483826
0.921146296
0.915426947
0.909283774
0.902676661
0.895563367
0.887902191
0.879648841
0.870751743
0.861142747
0.850743873
0.839462298
0.827167147
0.813713058
0.798910372
0.782553483
0.764423752
0.744248233
0.721764474
0.696710089
0.668841788
0.637973028
0.603953353
0.56675466
0.526489816
0.483425826
0.438302074
0.391270814
0.343117893
0.294889468
0.247847836
0.203328204
0.162576778
0.126557902
0.095822606
0.070492385
0.050316493
0.997112219
0.996855697
0.996572479
0.996272601
0.995962076
0.995641576
0.995307669
0.994954733
0.994576578
0.994167664
0.993723929
0.993243095
0.992724317
0.992167217
0.991570556
0.990931009
0.990242669
0.989497563
0.988686821
0.987801986
0.986835925
0.985782799
0.984637221
0.983393209
0.982043478
0.980579604
0.978992972
0.977275986
0.975423095
0.973430988
0.971297168
0.969019923
0.966596052
0.964017879
0.961274887
0.958352843
0.955235894
0.951906883
0.948349805
0.944547078
0.940479008
0.936126106
0.931468512
0.926483826
0.921146296
0.915426947
0.909283774
0.902676661
0.895563367
0.887902191
0.879648841
0.870751743
0.861142747
0.850743873
0.839462298
0.827167147
0.813713058
0.798910372
0.782553483
0.764423752
0.744248233
0.721764474
0.696710089
0.668841788
0.637973028
0.603953353
0.56675466
0.526489816
0.483425826
0.438302074
0.391270814
0.343117893
0.294889468
0.247847836
0.203328204
0.162576778
0.126557902
0.095822606
0.070492385
0.050316493
0.997112219
0.996855697
0.996572479
0.996272601
0.995962076
0.995641576
0.995307669
0.994954733
0.994576578
0.994167664
0.993723929
0.993243095
0.992724317
0.992167217
0.991570556
0.990931009
0.990242669
0.989497563
0.988686821
0.987801986
0.986835925
0.985782799
0.984637221
0.983393209
0.982043478
0.980579604
0.978992972
0.977275986
0.975423095
0.973430988
0.971297168
0.969019923
0.966596052
0.964017879
0.961274887
0.958352843
0.955235894
0.951906883
0.948349805
0.944547078
0.940479008
0.936126106
0.931468512
0.926483826
0.921146296
0.915426947
0.909283774
0.902676661
0.895563367
0.887902191
0.879648841
0.870751743
0.861142747
0.850743873
0.839462298
0.827167147
0.813713058
0.798910372
0.782553483
0.764423752
0.744248233
0.721764474
0.696710089
0.668841788
0.637973028
0.603953353
0.56675466
0.526489816
0.483425826
0.438302074
0.391270814
0.343117893
0.294889468
0.247847836
0.203328204
0.162576778
0.126557902
0.095822606
0.070492385
0.050316493
0.997112219
0.996855697
0.996572479
0.996272601
0.995962076
0.995641576
0.995307669
0.994954733
0.994576578
0.994167664
0.993723929
0.993243095
0.992724317
0.992167217
0.991570556
0.990931009
0.990242669
0.989497563
0.988686821
0.987801986
0.986835925
0.985782799
0.984637221
0.983393209
0.982043478
0.980579604
0.978992972
0.977275986
0.975423095
0.973430988
0.971297168
0.969019923
0.966596052
0.964017879
0.961274887
0.958352843
0.955235894
0.951906883
0.948349805
0.944547078
0.940479008
0.936126106
0.931468512
0.926483826
0.921146296
0.915426947
0.909283774
0.902676661
0.895563367
0.887902191
0.879648841
0.870751743
0.861142747
0.850743873
0.839462298
0.827167147
0.813713058
0.798910372
0.782553483
0.764423752
0.744248233
0.721764474
0.696710089
0.668841788
0.637973028
0.603953353
0.56675466
0.526489816
0.483425826
0.438302074
0.391270814
0.343117893
0.294889468
0.247847836
0.203328204
0.162576778
0.126557902
0.095822606
0.070492385
0.050316493
0.997112219
0.996855697
0.996572479
0.996272601
0.995962076
0.995641576
0.995307669
0.994954733
0.994576578
0.994167664
0.993723929
0.993243095
0.992724317
0.992167217
0.991570556
0.990931009
0.990242669
0.989497563
0.988686821
0.987801986
0.986835925
0.985782799
0.984637221
0.983393209
0.982043478
0.980579604
0.978992972
0.977275986
0.975423095
0.973430988
0.971297168
0.969019923
0.966596052
0.964017879
0.961274887
0.958352843
0.955235894
0.951906883
0.948349805
0.944547078
0.940479008
0.936126106
0.931468512
0.926483826
0.921146296
0.915426947
0.909283774
0.902676661
0.895563367
0.887902191
0.879648841
0.870751743
0.861142747
0.850743873
0.839462298
0.827167147
0.813713058
0.798910372
0.782553483
0.764423752
0.744248233
0.721764474
0.696710089
0.668841788
0.637973028
0.603953353
0.56675466
0.526489816
0.483425826
0.438302074
0.391270814
0.343117893
0.294889468
0.247847836
0.203328204
0.162576778
0.126557902
0.095822606
0.070492385
0.050316493
0.997112219
0.996855697
0.996572479
0.996272601
0.995962076
0.995641576
0.995307669
0.994954733
0.994576578
0.994167664
0.993723929
0.993243095
0.992724317
0.992167217
0.991570556
0.990931009
0.990242669
0.989497563
0.988686821
0.987801986
0.986835925
0.985782799
0.984637221
0.983393209
0.982043478
0.980579604
0.978992972
0.977275986
0.975423095
0.973430988
0.971297168
0.969019923
0.966596052
0.964017879
0.961274887
0.958352843
0.955235894
0.951906883
0.948349805
0.944547078
0.940479008
0.936126106
0.931468512
0.926483826
0.921146296
0.915426947
0.909283774
0.902676661
0.895563367
0.887902191
0.879648841
0.870751743
0.861142747
0.850743873
0.839462298
0.827167147
0.813713058
0.798910372
0.782553483
0.764423752
0.744248233
0.721764474
0.696710089
0.668841788
0.637973028
0.603953353
0.56675466
0.526489816
0.483425826
0.438302074
0.391270814
0.343117893
0.294889468
0.247847836
0.203328204
0.162576778
0.126557902
0.095822606
0.070492385
0.050316493
0.997112219
0.996855697
0.996572479
0.996272601
0.995962076
0.995641576
0.995307669
0.994954733
0.994576578
0.994167664
0.993723929
0.993243095
0.992724317
0.992167217
0.991570556
0.990931009
0.990242669
0.989497563
0.988686821
0.987801986
0.986835925
0.985782799
0.984637221
0.983393209
0.982043478
0.980579604
0.978992972
0.977275986
0.975423095
0.973430988
0.971297168
0.969019923
0.966596052
0.964017879
0.961274887
0.958352843
0.955235894
0.951906883
0.948349805
0.944547078
0.940479008
0.936126106
0.931468512
0.926483826
0.921146296
0.915426947
0.909283774
0.902676661
0.895563367
0.887902191
0.879648841
0.870751743
0.861142747
0.850743873
0.839462298
0.827167147
0.813713058
0.798910372
0.782553483
0.764423752
0.744248233
0.721764474
0.696710089
0.668841788
0.637973028
0.603953353
0.56675466
0.526489816
0.483425826
0.438302074
0.391270814
0.343117893
0.294889468
0.247847836
0.203328204
0.162576778
0.126557902
0.095822606
0.070492385
0.050316493
0.997112219
0.996855697
0.996572479
0.996272601
0.995962076
0.995641576
0.995307669
0.994954733
0.994576578
0.994167664
0.993723929
0.993243095
0.992724317
0.992167217
0.991570556
0.990931009
0.990242669
0.989497563
0.988686821
0.987801986
0.986835925
0.985782799
0.984637221
0.983393209
0.982043478
0.980579604
0.978992972
0.977275986
0.975423095
0.973430988
0.971297168
0.969019923
0.966596052
0.964017879
0.961274887
0.958352843
0.955235894
0.951906883
0.948349805
0.944547078
0.940479008
0.936126106
0.931468512
0.926483826
0.921146296
0.915426947
0.909283774
0.902676661
0.895563367
0.887902191
0.879648841
0.870751743
0.861142747
0.850743873
0.839462298
0.827167147
0.813713058
0.798910372
0.782553483
0.764423752
0.744248233
0.721764474
0.696710089
0.668841788
0.637973028
0.603953353
0.56675466
0.526489816
0.483425826
0.438302074
0.391270814
0.343117893
0.294889468
0.247847836
0.203328204
0.162576778
0.126557902
0.095822606
0.070492385
0.050316493
0.997112219
0.996855697
0.996572479
0.996272601
0.995962076
0.995641576
0.995307669
0.994954733
0.994576578
0.994167664
0.993723929
0.993243095
0.992724317
0.992167217
0.991570556
0.990931009
0.990242669
0.989497563
0.988686821
0.987801986
0.986835925
0.985782799
0.984637221
0.983393209
0.982043478
0.980579604
0.978992972
0.977275986
0.975423095
0.973430988
0.971297168
0.969019923
0.966596052
0.964017879
0.961274887
0.958352843
0.955235894
0.951906883
0.948349805
0.944547078
0.940479008
0.936126106
0.931468512
0.926483826
0.921146296
0.915426947
0.909283774
0.902676661
0.895563367
0.887902191
0.879648841
0.870751743
0.861142747
0.850743873
0.839462298
0.827167147
0.813713058
0.798910372
0.782553483
0.764423752
0.744248233
0.721764474
0.696710089
0.668841788
0.637973028
0.603953353
0.56675466
0.526489816
0.483425826
0.438302074
0.391270814
0.343117893
0.294889468
0.247847836
0.203328204
0.162576778
0.126557902
0.095822606
0.070492385
0.050316493
0.997112219
0.996855697
0.996572479
0.996272601
0.995962076
0.995641576
0.995307669
0.994954733
0.994576578
0.994167664
0.993723929
0.993243095
0.992724317
0.992167217
0.991570556
0.990931009
0.990242669
0.989497563
0.988686821
0.987801986
0.986835925
0.985782799
0.984637221
0.983393209
0.982043478
0.980579604
0.978992972
0.977275986
0.975423095
0.973430988
0.971297168
0.969019923
0.966596052
0.964017879
0.961274887
0.958352843
0.955235894
0.951906883
0.948349805
0.944547078
0.940479008
0.936126106
0.931468512
0.926483826
0.921146296
0.915426947
0.909283774
0.902676661
0.895563367
0.887902191
0.879648841
0.870751743
0.861142747
0.850743873
0.839462298
0.827167147
0.813713058
0.798910372
0.782553483
0.764423752
0.744248233
0.721764474
0.696710089
0.668841788
0.637973028
0.603953353
0.56675466
0.526489816
0.483425826
0.438302074
0.391270814
0.343117893
0.294889468
0.247847836
0.203328204
0.162576778
0.126557902
0.095822606
0.070492385
0.050316493
0.997112219
0.996855697
0.996572479
0.996272601
0.995962076
0.995641576
0.995307669
0.994954733
0.994576578
0.994167664
0.993723929
0.993243095
0.992724317
0.992167217
0.991570556
0.990931009
0.990242669
0.989497563
0.988686821
0.987801986
0.986835925
0.985782799
0.984637221
0.983393209
0.982043478
0.980579604
0.978992972
0.977275986
0.975423095
0.973430988
0.971297168
0.969019923
0.966596052
0.964017879
0.961274887
0.958352843
0.955235894
0.951906883
0.948349805
0.944547078
0.940479008
0.936126106
0.931468512
0.926483826
0.921146296
0.915426947
0.909283774
0.902676661
0.895563367
0.887902191
0.879648841
0.870751743
0.861142747
0.850743873
0.839462298
0.827167147
0.813713058
0.798910372
0.782553483
0.764423752
0.744248233
0.721764474
0.696710089
0.668841788
0.637973028
0.603953353
0.56675466
0.526489816
0.483425826
0.438302074
0.391270814
0.343117893
0.294889468
0.247847836
0.203328204
0.162576778
0.126557902
0.095822606
0.070492385
0.050316493
0.997112219
0.996855697
0.996572479
0.996272601
0.995962076
0.995641576
0.995307669
0.994954733
0.994576578
0.994167664
0.993723929
0.993243095
0.992724317
0.992167217
0.991570556
0.990931009
0.990242669
0.989497563
0.988686821
0.987801986
0.986835925
0.985782799
0.984637221
0.983393209
0.982043478
0.980579604
0.978992972
0.977275986
0.975423095
0.973430988
0.971297168
0.969019923
0.966596052
0.964017879
0.961274887
0.958352843
0.955235894
0.951906883
0.948349805
0.944547078
0.940479008
0.936126106
0.931468512
0.926483826
0.921146296
0.915426947
0.909283774
0.902676661
0.895563367
0.887902191
0.879648841
0.870751743
0.861142747
0.850743873
0.839462298
0.827167147
0.813713058
0.798910372
0.782553483
0.764423752
0.744248233
0.721764474
0.696710089
0.668841788
0.637973028
0.603953353
0.56675466
0.526489816
0.483425826
0.438302074
0.391270814
0.343117893
0.294889468
0.247847836
0.203328204
0.162576778
0.126557902
0.095822606
0.070492385
0.050316493
0.997112219
0.996855697
0.996572479
0.996272601
0.995962076
0.995641576
0.995307669
0.994954733
0.994576578
0.994167664
0.993723929
0.993243095
0.992724317
0.992167217
0.991570556
0.990931009
0.990242669
0.989497563
0.988686821
0.987801986
0.986835925
0.985782799
0.984637221
0.983393209
0.982043478
0.980579604
0.978992972
0.977275986
0.975423095
0.973430988
0.971297168
0.969019923
0.966596052
0.964017879
0.961274887
0.958352843
0.955235894
0.951906883
0.948349805
0.944547078
0.940479008
0.936126106
0.931468512
0.926483826
0.921146296
0.915426947
0.909283774
0.902676661
0.895563367
0.887902191
0.879648841
0.870751743
0.861142747
0.850743873
0.839462298
0.827167147
0.813713058
0.798910372
0.782553483
0.764423752
0.744248233
0.721764474
0.696710089
0.668841788
0.637973028
0.603953353
0.56675466
0.526489816
0.483425826
0.438302074
0.391270814
0.343117893
0.294889468
0.247847836
0.203328204
0.162576778
0.126557902
0.095822606
0.070492385
0.050316493
0.997112219
0.996855697
0.996572479
0.996272601
0.995962076
0.995641576
0.995307669
0.994954733
0.994576578
0.994167664
0.993723929
0.993243095
0.992724317
0.992167217
0.991570556
0.990931009
0.990242669
0.989497563
0.988686821
0.987801986
0.986835925
0.985782799
0.984637221
0.983393209
0.982043478
0.980579604
0.978992972
0.977275986
0.975423095
0.973430988
0.971297168
0.969019923
0.966596052
0.964017879
0.961274887
0.958352843
0.955235894
0.951906883
0.948349805
0.944547078
0.940479008
0.936126106
0.931468512
0.926483826
0.921146296
0.915426947
0.909283774
0.902676661
0.895563367
0.887902191
0.879648841
0.870751743
0.861142747
0.850743873
0.839462298
0.827167147
0.813713058
0.798910372
0.782553483
0.764423752
0.744248233
0.721764474
0.696710089
0.668841788
0.637973028
0.603953353
0.56675466
0.526489816
0.483425826
0.438302074
0.391270814
0.343117893
0.294889468
0.247847836
0.203328204
0.162576778
0.126557902
0.095822606
0.070492385
0.050316493
0.997112219
0.996855697
0.996572479
0.996272601
0.995962076
0.995641576
0.995307669
0.994954733
0.994576578
0.994167664
0.993723929
0.993243095
0.992724317
0.992167217
0.991570556
0.990931009
0.990242669
0.989497563
0.988686821
0.987801986
0.986835925
0.985782799
0.984637221
0.983393209
0.982043478
0.980579604
0.978992972
0.977275986
0.975423095
0.973430988
0.971297168
0.969019923
0.966596052
0.964017879
0.961274887
0.958352843
0.955235894
0.951906883
0.948349805
0.944547078
0.940479008
0.936126106
0.931468512
0.926483826
0.921146296
0.915426947
0.909283774
0.902676661
0.895563367
0.887902191
0.879648841
0.870751743
0.861142747
0.850743873
0.839462298
0.827167147
0.813713058
0.798910372
0.782553483
0.764423752
0.744248233
0.721764474
0.696710089
0.668841788
0.637973028
0.603953353
0.56675466
0.526489816
0.483425826
0.438302074
0.391270814
0.343117893
0.294889468
0.247847836
0.203328204
0.162576778
0.126557902
0.095822606
0.070492385
0.050316493
0.997112219
0.996855697
0.996572479
0.996272601
0.995962076
0.995641576
0.995307669
0.994954733
0.994576578
0.994167664
0.993723929
0.993243095
0.992724317
0.992167217
0.991570556
0.990931009
0.990242669
0.989497563
0.988686821
0.987801986
0.986835925
0.985782799
0.984637221
0.983393209
0.982043478
0.980579604
0.978992972
0.977275986
0.975423095
0.973430988
0.971297168
0.969019923
0.966596052
0.964017879
0.961274887
0.958352843
0.955235894
0.951906883
0.948349805
0.944547078
0.940479008
0.936126106
0.931468512
0.926483826
0.921146296
0.915426947
0.909283774
0.902676661
0.895563367
0.887902191
0.879648841
0.870751743
0.861142747
0.850743873
0.839462298
0.827167147
0.813713058
0.798910372
0.782553483
0.764423752
0.744248233
0.721764474
0.696710089
0.668841788
0.637973028
0.603953353
0.56675466
0.526489816
0.483425826
0.438302074
0.391270814
0.343117893
0.294889468
0.247847836
0.203328204
0.162576778
0.126557902
0.095822606
0.070492385
0.050316493
0.997112219
0.996855697
0.996572479
0.996272601
0.995962076
0.995641576
0.995307669
0.994954733
0.994576578
0.994167664
0.993723929
0.993243095
0.992724317
0.992167217
0.991570556
0.990931009
0.990242669
0.989497563
0.988686821
0.987801986
0.986835925
0.985782799
0.984637221
0.983393209
0.982043478
0.980579604
0.978992972
0.977275986
0.975423095
0.973430988
0.971297168
0.969019923
0.966596052
0.964017879
0.961274887
0.958352843
0.955235894
0.951906883
0.948349805
0.944547078
0.940479008
0.936126106
0.931468512
0.926483826
0.921146296
0.915426947
0.909283774
0.902676661
0.895563367
0.887902191
0.879648841
0.870751743
0.861142747
0.850743873
0.839462298
0.827167147
0.813713058
0.798910372
0.782553483
0.764423752
0.744248233
0.721764474
0.696710089
0.668841788
0.637973028
0.603953353
0.56675466
0.526489816
0.483425826
0.438302074
0.391270814
0.343117893
0.294889468
0.247847836
0.203328204
0.162576778
0.126557902
0.095822606
0.070492385
0.050316493
0.997112219
0.996855697
0.996572479
0.996272601
0.995962076
0.995641576
0.995307669
0.994954733
0.994576578
0.994167664
0.993723929
0.993243095
0.992724317
0.992167217
0.991570556
0.990931009
0.990242669
0.989497563
0.988686821
0.987801986
0.986835925
0.985782799
0.984637221
0.983393209
0.982043478
0.980579604
0.978992972
0.977275986
0.975423095
0.973430988
0.971297168
0.969019923
0.966596052
0.964017879
0.961274887
0.958352843
0.955235894
0.951906883
0.948349805
0.944547078
0.940479008
0.936126106
0.931468512
0.926483826
0.921146296
0.915426947
0.909283774
0.902676661
0.895563367
0.887902191
0.879648841
0.870751743
0.861142747
0.850743873
0.839462298
0.827167147
0.813713058
0.798910372
0.782553483
0.764423752
0.744248233
0.721764474
0.696710089
0.668841788
0.637973028
0.603953353
0.56675466
0.526489816
0.483425826
0.438302074
0.391270814
0.343117893
0.294889468
0.247847836
0.203328204
0.162576778
0.126557902
0.095822606
0.070492385
0.050316493
0.997112219
0.996855697
0.996572479
0.996272601
0.995962076
0.995641576
0.995307669
0.994954733
0.994576578
0.994167664
0.993723929
0.993243095
0.992724317
0.992167217
0.991570556
0.990931009
0.990242669
0.989497563
0.988686821
0.987801986
0.986835925
0.985782799
0.984637221
0.983393209
0.982043478
0.980579604
0.978992972
0.977275986
0.975423095
0.973430988
0.971297168
0.969019923
0.966596052
0.964017879
0.961274887
0.958352843
0.955235894
0.951906883
0.948349805
0.944547078
0.940479008
0.936126106
0.931468512
0.926483826
0.921146296
0.915426947
0.909283774
0.902676661
0.895563367
0.887902191
0.879648841
0.870751743
0.861142747
0.850743873
0.839462298
0.827167147
0.813713058
0.798910372
0.782553483
0.764423752
0.744248233
0.721764474
0.696710089
0.668841788
0.637973028
0.603953353
0.56675466
0.526489816
0.483425826
0.438302074
0.391270814
0.343117893
0.294889468
0.247847836
0.203328204
0.162576778
0.126557902
0.095822606
0.070492385
0.050316493
0.997112219
0.996855697
0.996572479
0.996272601
0.995962076
0.995641576
0.995307669
0.994954733
0.994576578
0.994167664
0.993723929
0.993243095
0.992724317
0.992167217
0.991570556
0.990931009
0.990242669
0.989497563
0.988686821
0.987801986
0.986835925
0.985782799
0.984637221
0.983393209
0.982043478
0.980579604
0.978992972
0.977275986
0.975423095
0.973430988
0.971297168
0.969019923
0.966596052
0.964017879
0.961274887
0.958352843
0.955235894
0.951906883
0.948349805
0.944547078
0.940479008
0.936126106
0.931468512
0.926483826
0.921146296
0.915426947
0.909283774
0.902676661
0.895563367
0.887902191
0.879648841
0.870751743
0.861142747
0.850743873
0.839462298
0.827167147
0.813713058
0.798910372
0.782553483
0.764423752
0.744248233
0.721764474
0.696710089
0.668841788
0.637973028
0.603953353
0.56675466
0.526489816
0.483425826
0.438302074
0.391270814
0.343117893
0.294889468
0.247847836
0.203328204
0.162576778
0.126557902
0.095822606
0.070492385
0.050316493
0.997112219
0.996855697
0.996572479
0.996272601
0.995962076
0.995641576
0.995307669
0.994954733
0.994576578
0.994167664
0.993723929
0.993243095
0.992724317
0.992167217
0.991570556
0.990931009
0.990242669
0.989497563
0.988686821
0.987801986
0.986835925
0.985782799
0.984637221
0.983393209
0.982043478
0.980579604
0.978992972
0.977275986
0.975423095
0.973430988
0.971297168
0.969019923
0.966596052
0.964017879
0.961274887
0.958352843
0.955235894
0.951906883
0.948349805
0.944547078
0.940479008
0.936126106
0.931468512
0.926483826
0.921146296
0.915426947
0.909283774
0.902676661
0.895563367
0.887902191
0.879648841
0.870751743
0.861142747
0.850743873
0.839462298
0.827167147
0.813713058
0.798910372
0.782553483
0.764423752
0.744248233
0.721764474
0.696710089
0.668841788
0.637973028
0.603953353
0.56675466
0.526489816
0.483425826
0.438302074
0.391270814
0.343117893
0.294889468
0.247847836
0.203328204
0.162576778
0.126557902
0.095822606
0.070492385
0.050316493
0.997112219
0.996855697
0.996572479
0.996272601
0.995962076
0.995641576
0.995307669
0.994954733
0.994576578
0.994167664
0.993723929
0.993243095
0.992724317
0.992167217
0.991570556
0.990931009
0.990242669
0.989497563
0.988686821
0.987801986
0.986835925
0.985782799
0.984637221
0.983393209
0.982043478
0.980579604
0.978992972
0.977275986
0.975423095
0.973430988
0.971297168
0.969019923
0.966596052
0.964017879
0.961274887
0.958352843
0.955235894
0.951906883
0.948349805
0.944547078
0.940479008
0.936126106
0.931468512
0.926483826
0.921146296
0.915426947
0.909283774
0.902676661
0.895563367
0.887902191
0.879648841
0.870751743
0.861142747
0.850743873
0.839462298
0.827167147
0.813713058
0.798910372
0.782553483
0.764423752
0.744248233
0.721764474
0.696710089
0.668841788
0.637973028
0.603953353
0.56675466
0.526489816
0.483425826
0.438302074
0.391270814
0.343117893
0.294889468
0.247847836
0.203328204
0.162576778
0.126557902
0.095822606
0.070492385
0.050316493
0.997112219
0.996855697
0.996572479
0.996272601
0.995962076
0.995641576
0.995307669
0.994954733
0.994576578
0.994167664
0.993723929
0.993243095
0.992724317
0.992167217
0.991570556
0.990931009
0.990242669
0.989497563
0.988686821
0.987801986
0.986835925
0.985782799
0.984637221
0.983393209
0.982043478
0.980579604
0.978992972
0.977275986
0.975423095
0.973430988
0.971297168
0.969019923
0.966596052
0.964017879
0.961274887
0.958352843
0.955235894
0.951906883
0.948349805
0.944547078
0.940479008
0.936126106
0.931468512
0.926483826
0.921146296
0.915426947
0.909283774
0.902676661
0.895563367
0.887902191
0.879648841
0.870751743
0.861142747
0.850743873
0.839462298
0.827167147
0.813713058
0.798910372
0.782553483
0.764423752
0.744248233
0.721764474
0.696710089
0.668841788
0.637973028
0.603953353
0.56675466
0.526489816
0.483425826
0.438302074
0.391270814
0.343117893
0.294889468
0.247847836
0.203328204
0.162576778
0.126557902
0.095822606
0.070492385
0.050316493
0.997112219
0.996855697
0.996572479
0.996272601
0.995962076
0.995641576
0.995307669
0.994954733
0.994576578
0.994167664
0.993723929
0.993243095
0.992724317
0.992167217
0.991570556
0.990931009
0.990242669
0.989497563
0.988686821
0.987801986
0.986835925
0.985782799
0.984637221
0.983393209
0.982043478
0.980579604
0.978992972
0.977275986
0.975423095
0.973430988
0.971297168
0.969019923
0.966596052
0.964017879
0.961274887
0.958352843
0.955235894
0.951906883
0.948349805
0.944547078
0.940479008
0.936126106
0.931468512
0.926483826
0.921146296
0.915426947
0.909283774
0.902676661
0.895563367
0.887902191
0.879648841
0.870751743
0.861142747
0.850743873
0.839462298
0.827167147
0.813713058
0.798910372
0.782553483
0.764423752
0.744248233
0.721764474
0.696710089
0.668841788
0.637973028
0.603953353
0.56675466
0.526489816
0.483425826
0.438302074
0.391270814
0.343117893
0.294889468
0.247847836
0.203328204
0.162576778
0.126557902
0.095822606
0.070492385
0.050316493
0.997112219
0.996855697
0.996572479
0.996272601
0.995962076
0.995641576
0.995307669
0.994954733
0.994576578
0.994167664
0.993723929
0.993243095
0.992724317
0.992167217
0.991570556
0.990931009
0.990242669
0.989497563
0.988686821
0.987801986
0.986835925
0.985782799
0.984637221
0.983393209
0.982043478
0.980579604
0.978992972
0.977275986
0.975423095
0.973430988
0.971297168
0.969019923
0.966596052
0.964017879
0.961274887
0.958352843
0.955235894
0.951906883
0.948349805
0.944547078
0.940479008
0.936126106
0.931468512
0.926483826
0.921146296
0.915426947
0.909283774
0.902676661
0.895563367
0.887902191
0.879648841
0.870751743
0.861142747
0.850743873
0.839462298
0.827167147
0.813713058
0.798910372
0.782553483
0.764423752
0.744248233
0.721764474
0.696710089
0.668841788
0.637973028
0.603953353
0.56675466
0.526489816
0.483425826
0.438302074
0.391270814
0.343117893
0.294889468
0.247847836
0.203328204
0.162576778
0.126557902
0.095822606
0.070492385
0.050316493
0.997112219
0.996855697
0.996572479
0.996272601
0.995962076
0.995641576
0.995307669
0.994954733
0.994576578
0.994167664
0.993723929
0.993243095
0.992724317
0.992167217
0.991570556
0.990931009
0.990242669
0.989497563
0.988686821
0.987801986
0.986835925
0.985782799
0.984637221
0.983393209
0.982043478
0.980579604
0.978992972
0.977275986
0.975423095
0.973430988
0.971297168
0.969019923
0.966596052
0.964017879
0.961274887
0.958352843
0.955235894
0.951906883
0.948349805
0.944547078
0.940479008
0.936126106
0.931468512
0.926483826
0.921146296
0.915426947
0.909283774
0.902676661
0.895563367
0.887902191
0.879648841
0.870751743
0.861142747
0.850743873
0.839462298
0.827167147
0.813713058
0.798910372
0.782553483
0.764423752
0.744248233
0.721764474
0.696710089
0.668841788
0.637973028
0.603953353
0.56675466
0.526489816
0.483425826
0.438302074
0.391270814
0.343117893
0.294889468
0.247847836
0.203328204
0.162576778
0.126557902
0.095822606
0.070492385
0.050316493
0.997112219
0.996855697
0.996572479
0.996272601
0.995962076
0.995641576
0.995307669
0.994954733
0.994576578
0.994167664
0.993723929
0.993243095
0.992724317
0.992167217
0.991570556
0.990931009
0.990242669
0.989497563
0.988686821
0.987801986
0.986835925
0.985782799
0.984637221
0.983393209
0.982043478
0.980579604
0.978992972
0.977275986
0.975423095
0.973430988
0.971297168
0.969019923
0.966596052
0.964017879
0.961274887
0.958352843
0.955235894
0.951906883
0.948349805
0.944547078
0.940479008
0.936126106
0.931468512
0.926483826
0.921146296
0.915426947
0.909283774
0.902676661
0.895563367
0.887902191
0.879648841
0.870751743
0.861142747
0.850743873
0.839462298
0.827167147
0.813713058
0.798910372
0.782553483
0.764423752
0.744248233
0.721764474
0.696710089
0.668841788
0.637973028
0.603953353
0.56675466
0.526489816
0.483425826
0.438302074
0.391270814
0.343117893
0.294889468
0.247847836
0.203328204
0.162576778
0.126557902
0.095822606
0.070492385
0.050316493
0.997112219
0.996855697
0.996572479
0.996272601
0.995962076
0.995641576
0.995307669
0.994954733
0.994576578
0.994167664
0.993723929
0.993243095
0.992724317
0.992167217
0.991570556
0.990931009
0.990242669
0.989497563
0.988686821
0.987801986
0.986835925
0.985782799
0.984637221
0.983393209
0.982043478
0.980579604
0.978992972
0.977275986
0.975423095
0.973430988
0.971297168
0.969019923
0.966596052
0.964017879
0.961274887
0.958352843
0.955235894
0.951906883
0.948349805
0.944547078
0.940479008
0.936126106
0.931468512
0.926483826
0.921146296
0.915426947
0.909283774
0.902676661
0.895563367
0.887902191
0.879648841
0.870751743
0.861142747
0.850743873
0.839462298
0.827167147
0.813713058
0.798910372
0.782553483
0.764423752
0.744248233
0.721764474
0.696710089
0.668841788
0.637973028
0.603953353
0.56675466
0.526489816
0.483425826
0.438302074
0.391270814
0.343117893
0.294889468
0.247847836
0.203328204
0.162576778
0.126557902
0.095822606
0.070492385
0.050316493
0.997112219
0.996855697
0.996572479
0.996272601
0.995962076
0.995641576
0.995307669
0.994954733
0.994576578
0.994167664
0.993723929
0.993243095
0.992724317
0.992167217
0.991570556
0.990931009
0.990242669
0.989497563
0.988686821
0.987801986
0.986835925
0.985782799
0.984637221
0.983393209
0.982043478
0.980579604
0.978992972
0.977275986
0.975423095
0.973430988
0.971297168
0.969019923
0.966596052
0.964017879
0.961274887
0.958352843
0.955235894
0.951906883
0.948349805
0.944547078
0.940479008
0.936126106
0.931468512
0.926483826
0.921146296
0.915426947
0.909283774
0.902676661
0.895563367
0.887902191
0.879648841
0.870751743
0.861142747
0.850743873
0.839462298
0.827167147
0.813713058
0.798910372
0.782553483
0.764423752
0.744248233
0.721764474
0.696710089
0.668841788
0.637973028
0.603953353
0.56675466
0.526489816
0.483425826
0.438302074
0.391270814
0.343117893
0.294889468
0.247847836
0.203328204
0.162576778
0.126557902
0.095822606
0.070492385
0.050316493
0.997112219
0.996855697
0.996572479
0.996272601
0.995962076
0.995641576
0.995307669
0.994954733
0.994576578
0.994167664
0.993723929
0.993243095
0.992724317
0.992167217
0.991570556
0.990931009
0.990242669
0.989497563
0.988686821
0.987801986
0.986835925
0.985782799
0.984637221
0.983393209
0.982043478
0.980579604
0.978992972
0.977275986
0.975423095
0.973430988
0.971297168
0.969019923
0.966596052
0.964017879
0.961274887
0.958352843
0.955235894
0.951906883
0.948349805
0.944547078
0.940479008
0.936126106
0.931468512
0.926483826
0.921146296
0.915426947
0.909283774
0.902676661
0.895563367
0.887902191
0.879648841
0.870751743
0.861142747
0.850743873
0.839462298
0.827167147
0.813713058
0.798910372
0.782553483
0.764423752
0.744248233
0.721764474
0.696710089
0.668841788
0.637973028
0.603953353
0.56675466
0.526489816
0.483425826
0.438302074
0.391270814
0.343117893
0.294889468
0.247847836
0.203328204
0.162576778
0.126557902
0.095822606
0.070492385
0.050316493
0.997112219
0.996855697
0.996572479
0.996272601
0.995962076
0.995641576
0.995307669
0.994954733
0.994576578
0.994167664
0.993723929
0.993243095
0.992724317
0.992167217
0.991570556
0.990931009
0.990242669
0.989497563
0.988686821
0.987801986
0.986835925
0.985782799
0.984637221
0.983393209
0.982043478
0.980579604
0.978992972
0.977275986
0.975423095
0.973430988
0.971297168
0.969019923
0.966596052
0.964017879
0.961274887
0.958352843
0.955235894
0.951906883
0.948349805
0.944547078
0.940479008
0.936126106
0.931468512
0.926483826
0.921146296
0.915426947
0.909283774
0.902676661
0.895563367
0.887902191
0.879648841
0.870751743
0.861142747
0.850743873
0.839462298
0.827167147
0.813713058
0.798910372
0.782553483
0.764423752
0.744248233
0.721764474
0.696710089
0.668841788
0.637973028
0.603953353
0.56675466
0.526489816
0.483425826
0.438302074
0.391270814
0.343117893
0.294889468
0.247847836
0.203328204
0.162576778
0.126557902
0.095822606
0.070492385
0.050316493
0.997112219
0.996855697
0.996572479
0.996272601
0.995962076
0.995641576
0.995307669
0.994954733
0.994576578
0.994167664
0.993723929
0.993243095
0.992724317
0.992167217
0.991570556
0.990931009
0.990242669
0.989497563
0.988686821
0.987801986
0.986835925
0.985782799
0.984637221
0.983393209
0.982043478
0.980579604
0.978992972
0.977275986
0.975423095
0.973430988
0.971297168
0.969019923
0.966596052
0.964017879
0.961274887
0.958352843
0.955235894
0.951906883
0.948349805
0.944547078
0.940479008
0.936126106
0.931468512
0.926483826
0.921146296
0.915426947
0.909283774
0.902676661
0.895563367
0.887902191
0.879648841
0.870751743
0.861142747
0.850743873
0.839462298
0.827167147
0.813713058
0.798910372
0.782553483
0.764423752
0.744248233
0.721764474
0.696710089
0.668841788
0.637973028
0.603953353
0.56675466
0.526489816
0.483425826
0.438302074
0.391270814
0.343117893
0.294889468
0.247847836
0.203328204
0.162576778
0.126557902
0.095822606
0.070492385
0.050316493
0.997112219
0.996855697
0.996572479
0.996272601
0.995962076
0.995641576
0.995307669
0.994954733
0.994576578
0.994167664
0.993723929
0.993243095
0.992724317
0.992167217
0.991570556
0.990931009
0.990242669
0.989497563
0.988686821
0.987801986
0.986835925
0.985782799
0.984637221
0.983393209
0.982043478
0.980579604
0.978992972
0.977275986
0.975423095
0.973430988
0.971297168
0.969019923
0.966596052
0.964017879
0.961274887
0.958352843
0.955235894
0.951906883
0.948349805
0.944547078
0.940479008
0.936126106
0.931468512
0.926483826
0.921146296
0.915426947
0.909283774
0.902676661
0.895563367
0.887902191
0.879648841
0.870751743
0.861142747
0.850743873
0.839462298
0.827167147
0.813713058
0.798910372
0.782553483
0.764423752
0.744248233
0.721764474
0.696710089
0.668841788
0.637973028
0.603953353
0.56675466
0.526489816
0.483425826
0.438302074
0.391270814
0.343117893
0.294889468
0.247847836
0.203328204
0.162576778
0.126557902
0.095822606
0.070492385
0.050316493
0.997112219
0.996855697
0.996572479
0.996272601
0.995962076
0.995641576
0.995307669
0.994954733
0.994576578
0.994167664
0.993723929
0.993243095
0.992724317
0.992167217
0.991570556
0.990931009
0.990242669
0.989497563
0.988686821
0.987801986
0.986835925
0.985782799
0.984637221
0.983393209
0.982043478
0.980579604
0.978992972
0.977275986
0.975423095
0.973430988
0.971297168
0.969019923
0.966596052
0.964017879
0.961274887
0.958352843
0.955235894
0.951906883
0.948349805
0.944547078
0.940479008
0.936126106
0.931468512
0.926483826
0.921146296
0.915426947
0.909283774
0.902676661
0.895563367
0.887902191
0.879648841
0.870751743
0.861142747
0.850743873
0.839462298
0.827167147
0.813713058
0.798910372
0.782553483
0.764423752
0.744248233
0.721764474
0.696710089
0.668841788
0.637973028
0.603953353
0.56675466
0.526489816
0.483425826
0.438302074
0.391270814
0.343117893
0.294889468
0.247847836
0.203328204
0.162576778
0.126557902
0.095822606
0.070492385
0.050316493
0.997112219
0.996855697
0.996572479
0.996272601
0.995962076
0.995641576
0.995307669
0.994954733
0.994576578
0.994167664
0.993723929
0.993243095
0.992724317
0.992167217
0.991570556
0.990931009
0.990242669
0.989497563
0.988686821
0.987801986
0.986835925
0.985782799
0.984637221
0.983393209
0.982043478
0.980579604
0.978992972
0.977275986
0.975423095
0.973430988
0.971297168
0.969019923
0.966596052
0.964017879
0.961274887
0.958352843
0.955235894
0.951906883
0.948349805
0.944547078
0.940479008
0.936126106
0.931468512
0.926483826
0.921146296
0.915426947
0.909283774
0.902676661
0.895563367
0.887902191
0.879648841
0.870751743
0.861142747
0.850743873
0.839462298
0.827167147
0.813713058
0.798910372
0.782553483
0.764423752
0.744248233
0.721764474
0.696710089
0.668841788
0.637973028
0.603953353
0.56675466
0.526489816
0.483425826
0.438302074
0.391270814
0.343117893
0.294889468
0.247847836
0.203328204
0.162576778
0.126557902
0.095822606
0.070492385
0.050316493
0.997112219
0.996855697
0.996572479
0.996272601
0.995962076
0.995641576
0.995307669
0.994954733
0.994576578
0.994167664
0.993723929
0.993243095
0.992724317
0.992167217
0.991570556
0.990931009
0.990242669
0.989497563
0.988686821
0.987801986
0.986835925
0.985782799
0.984637221
0.983393209
0.982043478
0.980579604
0.978992972
0.977275986
0.975423095
0.973430988
0.971297168
0.969019923
0.966596052
0.964017879
0.961274887
0.958352843
0.955235894
0.951906883
0.948349805
0.944547078
0.940479008
0.936126106
0.931468512
0.926483826
0.921146296
0.915426947
0.909283774
0.902676661
0.895563367
0.887902191
0.879648841
0.870751743
0.861142747
0.850743873
0.839462298
0.827167147
0.813713058
0.798910372
0.782553483
0.764423752
0.744248233
0.721764474
0.696710089
0.668841788
0.637973028
0.603953353
0.56675466
0.526489816
0.483425826
0.438302074
0.391270814
0.343117893
0.294889468
0.247847836
0.203328204
0.162576778
0.126557902
0.095822606
0.070492385
0.050316493
0.997112219
0.996855697
0.996572479
0.996272601
0.995962076
0.995641576
0.995307669
0.994954733
0.994576578
0.994167664
0.993723929
0.993243095
0.992724317
0.992167217
0.991570556
0.990931009
0.990242669
0.989497563
0.988686821
0.987801986
0.986835925
0.985782799
0.984637221
0.983393209
0.982043478
0.980579604
0.978992972
0.977275986
0.975423095
0.973430988
0.971297168
0.969019923
0.966596052
0.964017879
0.961274887
0.958352843
0.955235894
0.951906883
0.948349805
0.944547078
0.940479008
0.936126106
0.931468512
0.926483826
0.921146296
0.915426947
0.909283774
0.902676661
0.895563367
0.887902191
0.879648841
0.870751743
0.861142747
0.850743873
0.839462298
0.827167147
0.813713058
0.798910372
0.782553483
0.764423752
0.744248233
0.721764474
0.696710089
0.668841788
0.637973028
0.603953353
0.56675466
0.526489816
0.483425826
0.438302074
0.391270814
0.343117893
0.294889468
0.247847836
0.203328204
0.162576778
0.126557902
0.095822606
0.070492385
0.050316493
0.997112219
0.996855697
0.996572479
0.996272601
0.995962076
0.995641576
0.995307669
0.994954733
0.994576578
0.994167664
0.993723929
0.993243095
0.992724317
0.992167217
0.991570556
0.990931009
0.990242669
0.989497563
0.988686821
0.987801986
0.986835925
0.985782799
0.984637221
0.983393209
0.982043478
0.980579604
0.978992972
0.977275986
0.975423095
0.973430988
0.971297168
0.969019923
0.966596052
0.964017879
0.961274887
0.958352843
0.955235894
0.951906883
0.948349805
0.944547078
0.940479008
0.936126106
0.931468512
0.926483826
0.921146296
0.915426947
0.909283774
0.902676661
0.895563367
0.887902191
0.879648841
0.870751743
0.861142747
0.850743873
0.839462298
0.827167147
0.813713058
0.798910372
0.782553483
0.764423752
0.744248233
0.721764474
0.696710089
0.668841788
0.637973028
0.603953353
0.56675466
0.526489816
0.483425826
0.438302074
0.391270814
0.343117893
0.294889468
0.247847836
0.203328204
0.162576778
0.126557902
0.095822606
0.070492385
0.050316493
0.997112219
0.996855697
0.996572479
0.996272601
0.995962076
0.995641576
0.995307669
0.994954733
0.994576578
0.994167664
0.993723929
0.993243095
0.992724317
0.992167217
0.991570556
0.990931009
0.990242669
0.989497563
0.988686821
0.987801986
0.986835925
0.985782799
0.984637221
0.983393209
0.982043478
0.980579604
0.978992972
0.977275986
0.975423095
0.973430988
0.971297168
0.969019923
0.966596052
0.964017879
0.961274887
0.958352843
0.955235894
0.951906883
0.948349805
0.944547078
0.940479008
0.936126106
0.931468512
0.926483826
0.921146296
0.915426947
0.909283774
0.902676661
0.895563367
0.887902191
0.879648841
0.870751743
0.861142747
0.850743873
0.839462298
0.827167147
0.813713058
0.798910372
0.782553483
0.764423752
0.744248233
0.721764474
0.696710089
0.668841788
0.637973028
0.603953353
0.56675466
0.526489816
0.483425826
0.438302074
0.391270814
0.343117893
0.294889468
0.247847836
0.203328204
0.162576778
0.126557902
0.095822606
0.070492385
0.050316493
0.997112219
0.996855697
0.996572479
0.996272601
0.995962076
0.995641576
0.995307669
0.994954733
0.994576578
0.994167664
0.993723929
0.993243095
0.992724317
0.992167217
0.991570556
0.990931009
0.990242669
0.989497563
0.988686821
0.987801986
0.986835925
0.985782799
0.984637221
0.983393209
0.982043478
0.980579604
0.978992972
0.977275986
0.975423095
0.973430988
0.971297168
0.969019923
0.966596052
0.964017879
0.961274887
0.958352843
0.955235894
0.951906883
0.948349805
0.944547078
0.940479008
0.936126106
0.931468512
0.926483826
0.921146296
0.915426947
0.909283774
0.902676661
0.895563367
0.887902191
0.879648841
0.870751743
0.861142747
0.850743873
0.839462298
0.827167147
0.813713058
0.798910372
0.782553483
0.764423752
0.744248233
0.721764474
0.696710089
0.668841788
0.637973028
0.603953353
0.56675466
0.526489816
0.483425826
0.438302074
0.391270814
0.343117893
0.294889468
0.247847836
0.203328204
0.162576778
0.126557902
0.095822606
0.070492385
0.050316493
0.997112219
0.996855697
0.996572479
0.996272601
0.995962076
0.995641576
0.995307669
0.994954733
0.994576578
0.994167664
0.993723929
0.993243095
0.992724317
0.992167217
0.991570556
0.990931009
0.990242669
0.989497563
0.988686821
0.987801986
0.986835925
0.985782799
0.984637221
0.983393209
0.982043478
0.980579604
0.978992972
0.977275986
0.975423095
0.973430988
0.971297168
0.969019923
0.966596052
0.964017879
0.961274887
0.958352843
0.955235894
0.951906883
0.948349805
0.944547078
0.940479008
0.936126106
0.931468512
0.926483826
0.921146296
0.915426947
0.909283774
0.902676661
0.895563367
0.887902191
0.879648841
0.870751743
0.861142747
0.850743873
0.839462298
0.827167147
0.813713058
0.798910372
0.782553483
0.764423752
0.744248233
0.721764474
0.696710089
0.668841788
0.637973028
0.603953353
0.56675466
0.526489816
0.483425826
0.438302074
0.391270814
0.343117893
0.294889468
0.247847836
0.203328204
0.162576778
0.126557902
0.095822606
0.070492385
0.050316493
0.997112219
0.996855697
0.996572479
0.996272601
0.995962076
0.995641576
0.995307669
0.994954733
0.994576578
0.994167664
0.993723929
0.993243095
0.992724317
0.992167217
0.991570556
0.990931009
0.990242669
0.989497563
0.988686821
0.987801986
0.986835925
0.985782799
0.984637221
0.983393209
0.982043478
0.980579604
0.978992972
0.977275986
0.975423095
0.973430988
0.971297168
0.969019923
0.966596052
0.964017879
0.961274887
0.958352843
0.955235894
0.951906883
0.948349805
0.944547078
0.940479008
0.936126106
0.931468512
0.926483826
0.921146296
0.915426947
0.909283774
0.902676661
0.895563367
0.887902191
0.879648841
0.870751743
0.861142747
0.850743873
0.839462298
0.827167147
0.813713058
0.798910372
0.782553483
0.764423752
0.744248233
0.721764474
0.696710089
0.668841788
0.637973028
0.603953353
0.56675466
0.526489816
0.483425826
0.438302074
0.391270814
0.343117893
0.294889468
0.247847836
0.203328204
0.162576778
0.126557902
0.095822606
0.070492385
0.050316493
0.997112219
0.996855697
0.996572479
0.996272601
0.995962076
0.995641576
0.995307669
0.994954733
0.994576578
0.994167664
0.993723929
0.993243095
0.992724317
0.992167217
0.991570556
0.990931009
0.990242669
0.989497563
0.988686821
0.987801986
0.986835925
0.985782799
0.984637221
0.983393209
0.982043478
0.980579604
0.978992972
0.977275986
0.975423095
0.973430988
0.971297168
0.969019923
0.966596052
0.964017879
0.961274887
0.958352843
0.955235894
0.951906883
0.948349805
0.944547078
0.940479008
0.936126106
0.931468512
0.926483826
0.921146296
0.915426947
0.909283774
0.902676661
0.895563367
0.887902191
0.879648841
0.870751743
0.861142747
0.850743873
0.839462298
0.827167147
0.813713058
0.798910372
0.782553483
0.764423752
0.744248233
0.721764474
0.696710089
0.668841788
0.637973028
0.603953353
0.56675466
0.526489816
0.483425826
0.438302074
0.391270814
0.343117893
0.294889468
0.247847836
0.203328204
0.162576778
0.126557902
0.095822606
0.070492385
0.050316493
0.997112219
0.996855697
0.996572479
0.996272601
0.995962076
0.995641576
0.995307669
0.994954733
0.994576578
0.994167664
0.993723929
0.993243095
0.992724317
0.992167217
0.991570556
0.990931009
0.990242669
0.989497563
0.988686821
0.987801986
0.986835925
0.985782799
0.984637221
0.983393209
0.982043478
0.980579604
0.978992972
0.977275986
0.975423095
0.973430988
0.971297168
0.969019923
0.966596052
0.964017879
0.961274887
0.958352843
0.955235894
0.951906883
0.948349805
0.944547078
0.940479008
0.936126106
0.931468512
0.926483826
0.921146296
0.915426947
0.909283774
0.902676661
0.895563367
0.887902191
0.879648841
0.870751743
0.861142747
0.850743873
0.839462298
0.827167147
0.813713058
0.798910372
0.782553483
0.764423752
0.744248233
0.721764474
0.696710089
0.668841788
0.637973028
0.603953353
0.56675466
0.526489816
0.483425826
0.438302074
0.391270814
0.343117893
0.294889468
0.247847836
0.203328204
0.162576778
0.126557902
0.095822606
0.070492385
0.050316493
0.997112219
0.996855697
0.996572479
0.996272601
0.995962076
0.995641576
0.995307669
0.994954733
0.994576578
0.994167664
0.993723929
0.993243095
0.992724317
0.992167217
0.991570556
0.990931009
0.990242669
0.989497563
0.988686821
0.987801986
0.986835925
0.985782799
0.984637221
0.983393209
0.982043478
0.980579604
0.978992972
0.977275986
0.975423095
0.973430988
0.971297168
0.969019923
0.966596052
0.964017879
0.961274887
0.958352843
0.955235894
0.951906883
0.948349805
0.944547078
0.940479008
0.936126106
0.931468512
0.926483826
0.921146296
0.915426947
0.909283774
0.902676661
0.895563367
0.887902191
0.879648841
0.870751743
0.861142747
0.850743873
0.839462298
0.827167147
0.813713058
0.798910372
0.782553483
0.764423752
0.744248233
0.721764474
0.696710089
0.668841788
0.637973028
0.603953353
0.56675466
0.526489816
0.483425826
0.438302074
0.391270814
0.343117893
0.294889468
0.247847836
0.203328204
0.162576778
0.126557902
0.095822606
0.070492385
0.050316493
0.997112219
0.996855697
0.996572479
0.996272601
0.995962076
0.995641576
0.995307669
0.994954733
0.994576578
0.994167664
0.993723929
0.993243095
0.992724317
0.992167217
0.991570556
0.990931009
0.990242669
0.989497563
0.988686821
0.987801986
0.986835925
0.985782799
0.984637221
0.983393209
0.982043478
0.980579604
0.978992972
0.977275986
0.975423095
0.973430988
0.971297168
0.969019923
0.966596052
0.964017879
0.961274887
0.958352843
0.955235894
0.951906883
0.948349805
0.944547078
0.940479008
0.936126106
0.931468512
0.926483826
0.921146296
0.915426947
0.909283774
0.902676661
0.895563367
0.887902191
0.879648841
0.870751743
0.861142747
0.850743873
0.839462298
0.827167147
0.813713058
0.798910372
0.782553483
0.764423752
0.744248233
0.721764474
0.696710089
0.668841788
0.637973028
0.603953353
0.56675466
0.526489816
0.483425826
0.438302074
0.391270814
0.343117893
0.294889468
0.247847836
0.203328204
0.162576778
0.126557902
0.095822606
0.070492385
0.050316493
0.997112219
0.996855697
0.996572479
0.996272601
0.995962076
0.995641576
0.995307669
0.994954733
0.994576578
0.994167664
0.993723929
0.993243095
0.992724317
0.992167217
0.991570556
0.990931009
0.990242669
0.989497563
0.988686821
0.987801986
0.986835925
0.985782799
0.984637221
0.983393209
0.982043478
0.980579604
0.978992972
0.977275986
0.975423095
0.973430988
0.971297168
0.969019923
0.966596052
0.964017879
0.961274887
0.958352843
0.955235894
0.951906883
0.948349805
0.944547078
0.940479008
0.936126106
0.931468512
0.926483826
0.921146296
0.915426947
0.909283774
0.902676661
0.895563367
0.887902191
0.879648841
0.870751743
0.861142747
0.850743873
0.839462298
0.827167147
0.813713058
0.798910372
0.782553483
0.764423752
0.744248233
0.721764474
0.696710089
0.668841788
0.637973028
0.603953353
0.56675466
0.526489816
0.483425826
0.438302074
0.391270814
0.343117893
0.294889468
0.247847836
0.203328204
0.162576778
0.126557902
0.095822606
0.070492385
0.050316493
0.997112219
0.996855697
0.996572479
0.996272601
0.995962076
0.995641576
0.995307669
0.994954733
0.994576578
0.994167664
0.993723929
0.993243095
0.992724317
0.992167217
0.991570556
0.990931009
0.990242669
0.989497563
0.988686821
0.987801986
0.986835925
0.985782799
0.984637221
0.983393209
0.982043478
0.980579604
0.978992972
0.977275986
0.975423095
0.973430988
0.971297168
0.969019923
0.966596052
0.964017879
0.961274887
0.958352843
0.955235894
0.951906883
0.948349805
0.944547078
0.940479008
0.936126106
0.931468512
0.926483826
0.921146296
0.915426947
0.909283774
0.902676661
0.895563367
0.887902191
0.879648841
0.870751743
0.861142747
0.850743873
0.839462298
0.827167147
0.813713058
0.798910372
0.782553483
0.764423752
0.744248233
0.721764474
0.696710089
0.668841788
0.637973028
0.603953353
0.56675466
0.526489816
0.483425826
0.438302074
0.391270814
0.343117893
0.294889468
0.247847836
0.203328204
0.162576778
0.126557902
0.095822606
0.070492385
0.050316493
0.997112219
0.996855697
0.996572479
0.996272601
0.995962076
0.995641576
0.995307669
0.994954733
0.994576578
0.994167664
0.993723929
0.993243095
0.992724317
0.992167217
0.991570556
0.990931009
0.990242669
0.989497563
0.988686821
0.987801986
0.986835925
0.985782799
0.984637221
0.983393209
0.982043478
0.980579604
0.978992972
0.977275986
0.975423095
0.973430988
0.971297168
0.969019923
0.966596052
0.964017879
0.961274887
0.958352843
0.955235894
0.951906883
0.948349805
0.944547078
0.940479008
0.936126106
0.931468512
0.926483826
0.921146296
0.915426947
0.909283774
0.902676661
0.895563367
0.887902191
0.879648841
0.870751743
0.861142747
0.850743873
0.839462298
0.827167147
0.813713058
0.798910372
0.782553483
0.764423752
0.744248233
0.721764474
0.696710089
0.668841788
0.637973028
0.603953353
0.56675466
0.526489816
0.483425826
0.438302074
0.391270814
0.343117893
0.294889468
0.247847836
0.203328204
0.162576778
0.126557902
0.095822606
0.070492385
0.050316493
0.997112219
0.996855697
0.996572479
0.996272601
0.995962076
0.995641576
0.995307669
0.994954733
0.994576578
0.994167664
0.993723929
0.993243095
0.992724317
0.992167217
0.991570556
0.990931009
0.990242669
0.989497563
0.988686821
0.987801986
0.986835925
0.985782799
0.984637221
0.983393209
0.982043478
0.980579604
0.978992972
0.977275986
0.975423095
0.973430988
0.971297168
0.969019923
0.966596052
0.964017879
0.961274887
0.958352843
0.955235894
0.951906883
0.948349805
0.944547078
0.940479008
0.936126106
0.931468512
0.926483826
0.921146296
0.915426947
0.909283774
0.902676661
0.895563367
0.887902191
0.879648841
0.870751743
0.861142747
0.850743873
0.839462298
0.827167147
0.813713058
0.798910372
0.782553483
0.764423752
0.744248233
0.721764474
0.696710089
0.668841788
0.637973028
0.603953353
0.56675466
0.526489816
0.483425826
0.438302074
0.391270814
0.343117893
0.294889468
0.247847836
0.203328204
0.162576778
0.126557902
0.095822606
0.070492385
0.050316493
0.997112219
0.996855697
0.996572479
0.996272601
0.995962076
0.995641576
0.995307669
0.994954733
0.994576578
0.994167664
0.993723929
0.993243095
0.992724317
0.992167217
0.991570556
0.990931009
0.990242669
0.989497563
0.988686821
0.987801986
0.986835925
0.985782799
0.984637221
0.983393209
0.982043478
0.980579604
0.978992972
0.977275986
0.975423095
0.973430988
0.971297168
0.969019923
0.966596052
0.964017879
0.961274887
0.958352843
0.955235894
0.951906883
0.948349805
0.944547078
0.940479008
0.936126106
0.931468512
0.926483826
0.921146296
0.915426947
0.909283774
0.902676661
0.895563367
0.887902191
0.879648841
0.870751743
0.861142747
0.850743873
0.839462298
0.827167147
0.813713058
0.798910372
0.782553483
0.764423752
0.744248233
0.721764474
0.696710089
0.668841788
0.637973028
0.603953353
0.56675466
0.526489816
0.483425826
0.438302074
0.391270814
0.343117893
0.294889468
0.247847836
0.203328204
0.162576778
0.126557902
0.095822606
0.070492385
0.050316493
0.997112219
0.996855697
0.996572479
0.996272601
0.995962076
0.995641576
0.995307669
0.994954733
0.994576578
0.994167664
0.993723929
0.993243095
0.992724317
0.992167217
0.991570556
0.990931009
0.990242669
0.989497563
0.988686821
0.987801986
0.986835925
0.985782799
0.984637221
0.983393209
0.982043478
0.980579604
0.978992972
0.977275986
0.975423095
0.973430988
0.971297168
0.969019923
0.966596052
0.964017879
0.961274887
0.958352843
0.955235894
0.951906883
0.948349805
0.944547078
0.940479008
0.936126106
0.931468512
0.926483826
0.921146296
0.915426947
0.909283774
0.902676661
0.895563367
0.887902191
0.879648841
0.870751743
0.861142747
0.850743873
0.839462298
0.827167147
0.813713058
0.798910372
0.782553483
0.764423752
0.744248233
0.721764474
0.696710089
0.668841788
0.637973028
0.603953353
0.56675466
0.526489816
0.483425826
0.438302074
0.391270814
0.343117893
0.294889468
0.247847836
0.203328204
0.162576778
0.126557902
0.095822606
0.070492385
0.050316493
0.997112219
0.996855697
0.996572479
0.996272601
0.995962076
0.995641576
0.995307669
0.994954733
0.994576578
0.994167664
0.993723929
0.993243095
0.992724317
0.992167217
0.991570556
0.990931009
0.990242669
0.989497563
0.988686821
0.987801986
0.986835925
0.985782799
0.984637221
0.983393209
0.982043478
0.980579604
0.978992972
0.977275986
0.975423095
0.973430988
0.971297168
0.969019923
0.966596052
0.964017879
0.961274887
0.958352843
0.955235894
0.951906883
0.948349805
0.944547078
0.940479008
0.936126106
0.931468512
0.926483826
0.921146296
0.915426947
0.909283774
0.902676661
0.895563367
0.887902191
0.879648841
0.870751743
0.861142747
0.850743873
0.839462298
0.827167147
0.813713058
0.798910372
0.782553483
0.764423752
0.744248233
0.721764474
0.696710089
0.668841788
0.637973028
0.603953353
0.56675466
0.526489816
0.483425826
0.438302074
0.391270814
0.343117893
0.294889468
0.247847836
0.203328204
0.162576778
0.126557902
0.095822606
0.070492385
0.050316493
0.997112219
0.996855697
0.996572479
0.996272601
0.995962076
0.995641576
0.995307669
0.994954733
0.994576578
0.994167664
0.993723929
0.993243095
0.992724317
0.992167217
0.991570556
0.990931009
0.990242669
0.989497563
0.988686821
0.987801986
0.986835925
0.985782799
0.984637221
0.983393209
0.982043478
0.980579604
0.978992972
0.977275986
0.975423095
0.973430988
0.971297168
0.969019923
0.966596052
0.964017879
0.961274887
0.958352843
0.955235894
0.951906883
0.948349805
0.944547078
0.940479008
0.936126106
0.931468512
0.926483826
0.921146296
0.915426947
0.909283774
0.902676661
0.895563367
0.887902191
0.879648841
0.870751743
0.861142747
0.850743873
0.839462298
0.827167147
0.813713058
0.798910372
0.782553483
0.764423752
0.744248233
0.721764474
0.696710089
0.668841788
0.637973028
0.603953353
0.56675466
0.526489816
0.483425826
0.438302074
0.391270814
0.343117893
0.294889468
0.247847836
0.203328204
0.162576778
0.126557902
0.095822606
0.070492385
0.050316493
0.997112219
0.996855697
0.996572479
0.996272601
0.995962076
0.995641576
0.995307669
0.994954733
0.994576578
0.994167664
0.993723929
0.993243095
0.992724317
0.992167217
0.991570556
0.990931009
0.990242669
0.989497563
0.988686821
0.987801986
0.986835925
0.985782799
0.984637221
0.983393209
0.982043478
0.980579604
0.978992972
0.977275986
0.975423095
0.973430988
0.971297168
0.969019923
0.966596052
0.964017879
0.961274887
0.958352843
0.955235894
0.951906883
0.948349805
0.944547078
0.940479008
0.936126106
0.931468512
0.926483826
0.921146296
0.915426947
0.909283774
0.902676661
0.895563367
0.887902191
0.879648841
0.870751743
0.861142747
0.850743873
0.839462298
0.827167147
0.813713058
0.798910372
0.782553483
0.764423752
0.744248233
0.721764474
0.696710089
0.668841788
0.637973028
0.603953353
0.56675466
0.526489816
0.483425826
0.438302074
0.391270814
0.343117893
0.294889468
0.247847836
0.203328204
0.162576778
0.126557902
0.095822606
0.070492385
0.050316493
0.997112219
0.996855697
0.996572479
0.996272601
0.995962076
0.995641576
0.995307669
0.994954733
0.994576578
0.994167664
0.993723929
0.993243095
0.992724317
0.992167217
0.991570556
0.990931009
0.990242669
0.989497563
0.988686821
0.987801986
0.986835925
0.985782799
0.984637221
0.983393209
0.982043478
0.980579604
0.978992972
0.977275986
0.975423095
0.973430988
0.971297168
0.969019923
0.966596052
0.964017879
0.961274887
0.958352843
0.955235894
0.951906883
0.948349805
0.944547078
0.940479008
0.936126106
0.931468512
0.926483826
0.921146296
0.915426947
0.909283774
0.902676661
0.895563367
0.887902191
0.879648841
0.870751743
0.861142747
0.850743873
0.839462298
0.827167147
0.813713058
0.798910372
0.782553483
0.764423752
0.744248233
0.721764474
0.696710089
0.668841788
0.637973028
0.603953353
0.56675466
0.526489816
0.483425826
0.438302074
0.391270814
0.343117893
0.294889468
0.247847836
0.203328204
0.162576778
0.126557902
0.095822606
0.070492385
0.050316493
0.997112219
0.996855697
0.996572479
0.996272601
0.995962076
0.995641576
0.995307669
0.994954733
0.994576578
0.994167664
0.993723929
0.993243095
0.992724317
0.992167217
0.991570556
0.990931009
0.990242669
0.989497563
0.988686821
0.987801986
0.986835925
0.985782799
0.984637221
0.983393209
0.982043478
0.980579604
0.978992972
0.977275986
0.975423095
0.973430988
0.971297168
0.969019923
0.966596052
0.964017879
0.961274887
0.958352843
0.955235894
0.951906883
0.948349805
0.944547078
0.940479008
0.936126106
0.931468512
0.926483826
0.921146296
0.915426947
0.909283774
0.902676661
0.895563367
0.887902191
0.879648841
0.870751743
0.861142747
0.850743873
0.839462298
0.827167147
0.813713058
0.798910372
0.782553483
0.764423752
0.744248233
0.721764474
0.696710089
0.668841788
0.637973028
0.603953353
0.56675466
0.526489816
0.483425826
0.438302074
0.391270814
0.343117893
0.294889468
0.247847836
0.203328204
0.162576778
0.126557902
0.095822606
0.070492385
0.050316493
0.997112219
0.996855697
0.996572479
0.996272601
0.995962076
0.995641576
0.995307669
0.994954733
0.994576578
0.994167664
0.993723929
0.993243095
0.992724317
0.992167217
0.991570556
0.990931009
0.990242669
0.989497563
0.988686821
0.987801986
0.986835925
0.985782799
0.984637221
0.983393209
0.982043478
0.980579604
0.978992972
0.977275986
0.975423095
0.973430988
0.971297168
0.969019923
0.966596052
0.964017879
0.961274887
0.958352843
0.955235894
0.951906883
0.948349805
0.944547078
0.940479008
0.936126106
0.931468512
0.926483826
0.921146296
0.915426947
0.909283774
0.902676661
0.895563367
0.887902191
0.879648841
0.870751743
0.861142747
0.850743873
0.839462298
0.827167147
0.813713058
0.798910372
0.782553483
0.764423752
0.744248233
0.721764474
0.696710089
0.668841788
0.637973028
0.603953353
0.56675466
0.526489816
0.483425826
0.438302074
0.391270814
0.343117893
0.294889468
0.247847836
0.203328204
0.162576778
0.126557902
0.095822606
0.070492385
0.050316493
0.997112219
0.996855697
0.996572479
0.996272601
0.995962076
0.995641576
0.995307669
0.994954733
0.994576578
0.994167664
0.993723929
0.993243095
0.992724317
0.992167217
0.991570556
0.990931009
0.990242669
0.989497563
0.988686821
0.987801986
0.986835925
0.985782799
0.984637221
0.983393209
0.982043478
0.980579604
0.978992972
0.977275986
0.975423095
0.973430988
0.971297168
0.969019923
0.966596052
0.964017879
0.961274887
0.958352843
0.955235894
0.951906883
0.948349805
0.944547078
0.940479008
0.936126106
0.931468512
0.926483826
0.921146296
0.915426947
0.909283774
0.902676661
0.895563367
0.887902191
0.879648841
0.870751743
0.861142747
0.850743873
0.839462298
0.827167147
0.813713058
0.798910372
0.782553483
0.764423752
0.744248233
0.721764474
0.696710089
0.668841788
0.637973028
0.603953353
0.56675466
0.526489816
0.483425826
0.438302074
0.391270814
0.343117893
0.294889468
0.247847836
0.203328204
0.162576778
0.126557902
0.095822606
0.070492385
0.050316493
0.997112219
0.996855697
0.996572479
0.996272601
0.995962076
0.995641576
0.995307669
0.994954733
0.994576578
0.994167664
0.993723929
0.993243095
0.992724317
0.992167217
0.991570556
0.990931009
0.990242669
0.989497563
0.988686821
0.987801986
0.986835925
0.985782799
0.984637221
0.983393209
0.982043478
0.980579604
0.978992972
0.977275986
0.975423095
0.973430988
0.971297168
0.969019923
0.966596052
0.964017879
0.961274887
0.958352843
0.955235894
0.951906883
0.948349805
0.944547078
0.940479008
0.936126106
0.931468512
0.926483826
0.921146296
0.915426947
0.909283774
0.902676661
0.895563367
0.887902191
0.879648841
0.870751743
0.861142747
0.850743873
0.839462298
0.827167147
0.813713058
0.798910372
0.782553483
0.764423752
0.744248233
0.721764474
0.696710089
0.668841788
0.637973028
0.603953353
0.56675466
0.526489816
0.483425826
0.438302074
0.391270814
0.343117893
0.294889468
0.247847836
0.203328204
0.162576778
0.126557902
0.095822606
0.070492385
0.050316493
0.997112219
0.996855697
0.996572479
0.996272601
0.995962076
0.995641576
0.995307669
0.994954733
0.994576578
0.994167664
0.993723929
0.993243095
0.992724317
0.992167217
0.991570556
0.990931009
0.990242669
0.989497563
0.988686821
0.987801986
0.986835925
0.985782799
0.984637221
0.983393209
0.982043478
0.980579604
0.978992972
0.977275986
0.975423095
0.973430988
0.971297168
0.969019923
0.966596052
0.964017879
0.961274887
0.958352843
0.955235894
0.951906883
0.948349805
0.944547078
0.940479008
0.936126106
0.931468512
0.926483826
0.921146296
0.915426947
0.909283774
0.902676661
0.895563367
0.887902191
0.879648841
0.870751743
0.861142747
0.850743873
0.839462298
0.827167147
0.813713058
0.798910372
0.782553483
0.764423752
0.744248233
0.721764474
0.696710089
0.668841788
0.637973028
0.603953353
0.56675466
0.526489816
0.483425826
0.438302074
0.391270814
0.343117893
0.294889468
0.247847836
0.203328204
0.162576778
0.126557902
0.095822606
0.070492385
0.050316493
0.997112219
0.996855697
0.996572479
0.996272601
0.995962076
0.995641576
0.995307669
0.994954733
0.994576578
0.994167664
0.993723929
0.993243095
0.992724317
0.992167217
0.991570556
0.990931009
0.990242669
0.989497563
0.988686821
0.987801986
0.986835925
0.985782799
0.984637221
0.983393209
0.982043478
0.980579604
0.978992972
0.977275986
0.975423095
0.973430988
0.971297168
0.969019923
0.966596052
0.964017879
0.961274887
0.958352843
0.955235894
0.951906883
0.948349805
0.944547078
0.940479008
0.936126106
0.931468512
0.926483826
0.921146296
0.915426947
0.909283774
0.902676661
0.895563367
0.887902191
0.879648841
0.870751743
0.861142747
0.850743873
0.839462298
0.827167147
0.813713058
0.798910372
0.782553483
0.764423752
0.744248233
0.721764474
0.696710089
0.668841788
0.637973028
0.603953353
0.56675466
0.526489816
0.483425826
0.438302074
0.391270814
0.343117893
0.294889468
0.247847836
0.203328204
0.162576778
0.126557902
0.095822606
0.070492385
0.050316493
0.997112219
0.996855697
0.996572479
0.996272601
0.995962076
0.995641576
0.995307669
0.994954733
0.994576578
0.994167664
0.993723929
0.993243095
0.992724317
0.992167217
0.991570556
0.990931009
0.990242669
0.989497563
0.988686821
0.987801986
0.986835925
0.985782799
0.984637221
0.983393209
0.982043478
0.980579604
0.978992972
0.977275986
0.975423095
0.973430988
0.971297168
0.969019923
0.966596052
0.964017879
0.961274887
0.958352843
0.955235894
0.951906883
0.948349805
0.944547078
0.940479008
0.936126106
0.931468512
0.926483826
0.921146296
0.915426947
0.909283774
0.902676661
0.895563367
0.887902191
0.879648841
0.870751743
0.861142747
0.850743873
0.839462298
0.827167147
0.813713058
0.798910372
0.782553483
0.764423752
0.744248233
0.721764474
0.696710089
0.668841788
0.637973028
0.603953353
0.56675466
0.526489816
0.483425826
0.438302074
0.391270814
0.343117893
0.294889468
0.247847836
0.203328204
0.162576778
0.126557902
0.095822606
0.070492385
0.050316493
0.997112219
0.996855697
0.996572479
0.996272601
0.995962076
0.995641576
0.995307669
0.994954733
0.994576578
0.994167664
0.993723929
0.993243095
0.992724317
0.992167217
0.991570556
0.990931009
0.990242669
0.989497563
0.988686821
0.987801986
0.986835925
0.985782799
0.984637221
0.983393209
0.982043478
0.980579604
0.978992972
0.977275986
0.975423095
0.973430988
0.971297168
0.969019923
0.966596052
0.964017879
0.961274887
0.958352843
0.955235894
0.951906883
0.948349805
0.944547078
0.940479008
0.936126106
0.931468512
0.926483826
0.921146296
0.915426947
0.909283774
0.902676661
0.895563367
0.887902191
0.879648841
0.870751743
0.861142747
0.850743873
0.839462298
0.827167147
0.813713058
0.798910372
0.782553483
0.764423752
0.744248233
0.721764474
0.696710089
0.668841788
0.637973028
0.603953353
0.56675466
0.526489816
0.483425826
0.438302074
0.391270814
0.343117893
0.294889468
0.247847836
0.203328204
0.162576778
0.126557902
0.095822606
0.070492385
0.050316493
0.997112219
0.996855697
0.996572479
0.996272601
0.995962076
0.995641576
0.995307669
0.994954733
0.994576578
0.994167664
0.993723929
0.993243095
0.992724317
0.992167217
0.991570556
0.990931009
0.990242669
0.989497563
0.988686821
0.987801986
0.986835925
0.985782799
0.984637221
0.983393209
0.982043478
0.980579604
0.978992972
0.977275986
0.975423095
0.973430988
0.971297168
0.969019923
0.966596052
0.964017879
0.961274887
0.958352843
0.955235894
0.951906883
0.948349805
0.944547078
0.940479008
0.936126106
0.931468512
0.926483826
0.921146296
0.915426947
0.909283774
0.902676661
0.895563367
0.887902191
0.879648841
0.870751743
0.861142747
0.850743873
0.839462298
0.827167147
0.813713058
0.798910372
0.782553483
0.764423752
0.744248233
0.721764474
0.696710089
0.668841788
0.637973028
0.603953353
0.56675466
0.526489816
0.483425826
0.438302074
0.391270814
0.343117893
0.294889468
0.247847836
0.203328204
0.162576778
0.126557902
0.095822606
0.070492385
0.050316493
0.997112219
0.996855697
0.996572479
0.996272601
0.995962076
0.995641576
0.995307669
0.994954733
0.994576578
0.994167664
0.993723929
0.993243095
0.992724317
0.992167217
0.991570556
0.990931009
0.990242669
0.989497563
0.988686821
0.987801986
0.986835925
0.985782799
0.984637221
0.983393209
0.982043478
0.980579604
0.978992972
0.977275986
0.975423095
0.973430988
0.971297168
0.969019923
0.966596052
0.964017879
0.961274887
0.958352843
0.955235894
0.951906883
0.948349805
0.944547078
0.940479008
0.936126106
0.931468512
0.926483826
0.921146296
0.915426947
0.909283774
0.902676661
0.895563367
0.887902191
0.879648841
0.870751743
0.861142747
0.850743873
0.839462298
0.827167147
0.813713058
0.798910372
0.782553483
0.764423752
0.744248233
0.721764474
0.696710089
0.668841788
0.637973028
0.603953353
0.56675466
0.526489816
0.483425826
0.438302074
0.391270814
0.343117893
0.294889468
0.247847836
0.203328204
0.162576778
0.126557902
0.095822606
0.070492385
0.050316493
0.997112219
0.996855697
0.996572479
0.996272601
0.995962076
0.995641576
0.995307669
0.994954733
0.994576578
0.994167664
0.993723929
0.993243095
0.992724317
0.992167217
0.991570556
0.990931009
0.990242669
0.989497563
0.988686821
0.987801986
0.986835925
0.985782799
0.984637221
0.983393209
0.982043478
0.980579604
0.978992972
0.977275986
0.975423095
0.973430988
0.971297168
0.969019923
0.966596052
0.964017879
0.961274887
0.958352843
0.955235894
0.951906883
0.948349805
0.944547078
0.940479008
0.936126106
0.931468512
0.926483826
0.921146296
0.915426947
0.909283774
0.902676661
0.895563367
0.887902191
0.879648841
0.870751743
0.861142747
0.850743873
0.839462298
0.827167147
0.813713058
0.798910372
0.782553483
0.764423752
0.744248233
0.721764474
0.696710089
0.668841788
0.637973028
0.603953353
0.56675466
0.526489816
0.483425826
0.438302074
0.391270814
0.343117893
0.294889468
0.247847836
0.203328204
0.162576778
0.126557902
0.095822606
0.070492385
0.050316493
0.997112219
0.996855697
0.996572479
0.996272601
0.995962076
0.995641576
0.995307669
0.994954733
0.994576578
0.994167664
0.993723929
0.993243095
0.992724317
0.992167217
0.991570556
0.990931009
0.990242669
0.989497563
0.988686821
0.987801986
0.986835925
0.985782799
0.984637221
0.983393209
0.982043478
0.980579604
0.978992972
0.977275986
0.975423095
0.973430988
0.971297168
0.969019923
0.966596052
0.964017879
0.961274887
0.958352843
0.955235894
0.951906883
0.948349805
0.944547078
0.940479008
0.936126106
0.931468512
0.926483826
0.921146296
0.915426947
0.909283774
0.902676661
0.895563367
0.887902191
0.879648841
0.870751743
0.861142747
0.850743873
0.839462298
0.827167147
0.813713058
0.798910372
0.782553483
0.764423752
0.744248233
0.721764474
0.696710089
0.668841788
0.637973028
0.603953353
0.56675466
0.526489816
0.483425826
0.438302074
0.391270814
0.343117893
0.294889468
0.247847836
0.203328204
0.162576778
0.126557902
0.095822606
0.070492385
0.050316493
0.997112219
0.996855697
0.996572479
0.996272601
0.995962076
0.995641576
0.995307669
0.994954733
0.994576578
0.994167664
0.993723929
0.993243095
0.992724317
0.992167217
0.991570556
0.990931009
0.990242669
0.989497563
0.988686821
0.987801986
0.986835925
0.985782799
0.984637221
0.983393209
0.982043478
0.980579604
0.978992972
0.977275986
0.975423095
0.973430988
0.971297168
0.969019923
0.966596052
0.964017879
0.961274887
0.958352843
0.955235894
0.951906883
0.948349805
0.944547078
0.940479008
0.936126106
0.931468512
0.926483826
0.921146296
0.915426947
0.909283774
0.902676661
0.895563367
0.887902191
0.879648841
0.870751743
0.861142747
0.850743873
0.839462298
0.827167147
0.813713058
0.798910372
0.782553483
0.764423752
0.744248233
0.721764474
0.696710089
0.668841788
0.637973028
0.603953353
0.56675466
0.526489816
0.483425826
0.438302074
0.391270814
0.343117893
0.294889468
0.247847836
0.203328204
0.162576778
0.126557902
0.095822606
0.070492385
0.050316493
0.997112219
0.996855697
0.996572479
0.996272601
0.995962076
0.995641576
0.995307669
0.994954733
0.994576578
0.994167664
0.993723929
0.993243095
0.992724317
0.992167217
0.991570556
0.990931009
0.990242669
0.989497563
0.988686821
0.987801986
0.986835925
0.985782799
0.984637221
0.983393209
0.982043478
0.980579604
0.978992972
0.977275986
0.975423095
0.973430988
0.971297168
0.969019923
0.966596052
0.964017879
0.961274887
0.958352843
0.955235894
0.951906883
0.948349805
0.944547078
0.940479008
0.936126106
0.931468512
0.926483826
0.921146296
0.915426947
0.909283774
0.902676661
0.895563367
0.887902191
0.879648841
0.870751743
0.861142747
0.850743873
0.839462298
0.827167147
0.813713058
0.798910372
0.782553483
0.764423752
0.744248233
0.721764474
0.696710089
0.668841788
0.637973028
0.603953353
0.56675466
0.526489816
0.483425826
0.438302074
0.391270814
0.343117893
0.294889468
0.247847836
0.203328204
0.162576778
0.126557902
0.095822606
0.070492385
0.050316493
0.997112219
0.996855697
0.996572479
0.996272601
0.995962076
0.995641576
0.995307669
0.994954733
0.994576578
0.994167664
0.993723929
0.993243095
0.992724317
0.992167217
0.991570556
0.990931009
0.990242669
0.989497563
0.988686821
0.987801986
0.986835925
0.985782799
0.984637221
0.983393209
0.982043478
0.980579604
0.978992972
0.977275986
0.975423095
0.973430988
0.971297168
0.969019923
0.966596052
0.964017879
0.961274887
0.958352843
0.955235894
0.951906883
0.948349805
0.944547078
0.940479008
0.936126106
0.931468512
0.926483826
0.921146296
0.915426947
0.909283774
0.902676661
0.895563367
0.887902191
0.879648841
0.870751743
0.861142747
0.850743873
0.839462298
0.827167147
0.813713058
0.798910372
0.782553483
0.764423752
0.744248233
0.721764474
0.696710089
0.668841788
0.637973028
0.603953353
0.56675466
0.526489816
0.483425826
0.438302074
0.391270814
0.343117893
0.294889468
0.247847836
0.203328204
0.162576778
0.126557902
0.095822606
0.070492385
0.050316493
0.997112219
0.996855697
0.996572479
0.996272601
0.995962076
0.995641576
0.995307669
0.994954733
0.994576578
0.994167664
0.993723929
0.993243095
0.992724317
0.992167217
0.991570556
0.990931009
0.990242669
0.989497563
0.988686821
0.987801986
0.986835925
0.985782799
0.984637221
0.983393209
0.982043478
0.980579604
0.978992972
0.977275986
0.975423095
0.973430988
0.971297168
0.969019923
0.966596052
0.964017879
0.961274887
0.958352843
0.955235894
0.951906883
0.948349805
0.944547078
0.940479008
0.936126106
0.931468512
0.926483826
0.921146296
0.915426947
0.909283774
0.902676661
0.895563367
0.887902191
0.879648841
0.870751743
0.861142747
0.850743873
0.839462298
0.827167147
0.813713058
0.798910372
0.782553483
0.764423752
0.744248233
0.721764474
0.696710089
0.668841788
0.637973028
0.603953353
0.56675466
0.526489816
0.483425826
0.438302074
0.391270814
0.343117893
0.294889468
0.247847836
0.203328204
0.162576778
0.126557902
0.095822606
0.070492385
0.050316493
0.997112219
0.996855697
0.996572479
0.996272601
0.995962076
0.995641576
0.995307669
0.994954733
0.994576578
0.994167664
0.993723929
0.993243095
0.992724317
0.992167217
0.991570556
0.990931009
0.990242669
0.989497563
0.988686821
0.987801986
0.986835925
0.985782799
0.984637221
0.983393209
0.982043478
0.980579604
0.978992972
0.977275986
0.975423095
0.973430988
0.971297168
0.969019923
0.966596052
0.964017879
0.961274887
0.958352843
0.955235894
0.951906883
0.948349805
0.944547078
0.940479008
0.936126106
0.931468512
0.926483826
0.921146296
0.915426947
0.909283774
0.902676661
0.895563367
0.887902191
0.879648841
0.870751743
0.861142747
0.850743873
0.839462298
0.827167147
0.813713058
0.798910372
0.782553483
0.764423752
0.744248233
0.721764474
0.696710089
0.668841788
0.637973028
0.603953353
0.56675466
0.526489816
0.483425826
0.438302074
0.391270814
0.343117893
0.294889468
0.247847836
0.203328204
0.162576778
0.126557902
0.095822606
0.070492385
0.050316493
0.997112219
0.996855697
0.996572479
0.996272601
0.995962076
0.995641576
0.995307669
0.994954733
0.994576578
0.994167664
0.993723929
0.993243095
0.992724317
0.992167217
0.991570556
0.990931009
0.990242669
0.989497563
0.988686821
0.987801986
0.986835925
0.985782799
0.984637221
0.983393209
0.982043478
0.980579604
0.978992972
0.977275986
0.975423095
0.973430988
0.971297168
0.969019923
0.966596052
0.964017879
0.961274887
0.958352843
0.955235894
0.951906883
0.948349805
0.944547078
0.940479008
0.936126106
0.931468512
0.926483826
0.921146296
0.915426947
0.909283774
0.902676661
0.895563367
0.887902191
0.879648841
0.870751743
0.861142747
0.850743873
0.839462298
0.827167147
0.813713058
0.798910372
0.782553483
0.764423752
0.744248233
0.721764474
0.696710089
0.668841788
0.637973028
0.603953353
0.56675466
0.526489816
0.483425826
0.438302074
0.391270814
0.343117893
0.294889468
0.247847836
0.203328204
0.162576778
0.126557902
0.095822606
0.070492385
0.050316493
0.997112219
0.996855697
0.996572479
0.996272601
0.995962076
0.995641576
0.995307669
0.994954733
0.994576578
0.994167664
0.993723929
0.993243095
0.992724317
0.992167217
0.991570556
0.990931009
0.990242669
0.989497563
0.988686821
0.987801986
0.986835925
0.985782799
0.984637221
0.983393209
0.982043478
0.980579604
0.978992972
0.977275986
0.975423095
0.973430988
0.971297168
0.969019923
0.966596052
0.964017879
0.961274887
0.958352843
0.955235894
0.951906883
0.948349805
0.944547078
0.940479008
0.936126106
0.931468512
0.926483826
0.921146296
0.915426947
0.909283774
0.902676661
0.895563367
0.887902191
0.879648841
0.870751743
0.861142747
0.850743873
0.839462298
0.827167147
0.813713058
0.798910372
0.782553483
0.764423752
0.744248233
0.721764474
0.696710089
0.668841788
0.637973028
0.603953353
0.56675466
0.526489816
0.483425826
0.438302074
0.391270814
0.343117893
0.294889468
0.247847836
0.203328204
0.162576778
0.126557902
0.095822606
0.070492385
0.050316493
0.997112219
0.996855697
0.996572479
0.996272601
0.995962076
0.995641576
0.995307669
0.994954733
0.994576578
0.994167664
0.993723929
0.993243095
0.992724317
0.992167217
0.991570556
0.990931009
0.990242669
0.989497563
0.988686821
0.987801986
0.986835925
0.985782799
0.984637221
0.983393209
0.982043478
0.980579604
0.978992972
0.977275986
0.975423095
0.973430988
0.971297168
0.969019923
0.966596052
0.964017879
0.961274887
0.958352843
0.955235894
0.951906883
0.948349805
0.944547078
0.940479008
0.936126106
0.931468512
0.926483826
0.921146296
0.915426947
0.909283774
0.902676661
0.895563367
0.887902191
0.879648841
0.870751743
0.861142747
0.850743873
0.839462298
0.827167147
0.813713058
0.798910372
0.782553483
0.764423752
0.744248233
0.721764474
0.696710089
0.668841788
0.637973028
0.603953353
0.56675466
0.526489816
0.483425826
0.438302074
0.391270814
0.343117893
0.294889468
0.247847836
0.203328204
0.162576778
0.126557902
0.095822606
0.070492385
0.050316493
0.997112219
0.996855697
0.996572479
0.996272601
0.995962076
0.995641576
0.995307669
0.994954733
0.994576578
0.994167664
0.993723929
0.993243095
0.992724317
0.992167217
0.991570556
0.990931009
0.990242669
0.989497563
0.988686821
0.987801986
0.986835925
0.985782799
0.984637221
0.983393209
0.982043478
0.980579604
0.978992972
0.977275986
0.975423095
0.973430988
0.971297168
0.969019923
0.966596052
0.964017879
0.961274887
0.958352843
0.955235894
0.951906883
0.948349805
0.944547078
0.940479008
0.936126106
0.931468512
0.926483826
0.921146296
0.915426947
0.909283774
0.902676661
0.895563367
0.887902191
0.879648841
0.870751743
0.861142747
0.850743873
0.839462298
0.827167147
0.813713058
0.798910372
0.782553483
0.764423752
0.744248233
0.721764474
0.696710089
0.668841788
0.637973028
0.603953353
0.56675466
0.526489816
0.483425826
0.438302074
0.391270814
0.343117893
0.294889468
0.247847836
0.203328204
0.162576778
0.126557902
0.095822606
0.070492385
0.050316493
0.997112219
0.996855697
0.996572479
0.996272601
0.995962076
0.995641576
0.995307669
0.994954733
0.994576578
0.994167664
0.993723929
0.993243095
0.992724317
0.992167217
0.991570556
0.990931009
0.990242669
0.989497563
0.988686821
0.987801986
0.986835925
0.985782799
0.984637221
0.983393209
0.982043478
0.980579604
0.978992972
0.977275986
0.975423095
0.973430988
0.971297168
0.969019923
0.966596052
0.964017879
0.961274887
0.958352843
0.955235894
0.951906883
0.948349805
0.944547078
0.940479008
0.936126106
0.931468512
0.926483826
0.921146296
0.915426947
0.909283774
0.902676661
0.895563367
0.887902191
0.879648841
0.870751743
0.861142747
0.850743873
0.839462298
0.827167147
0.813713058
0.798910372
0.782553483
0.764423752
0.744248233
0.721764474
0.696710089
0.668841788
0.637973028
0.603953353
0.56675466
0.526489816
0.483425826
0.438302074
0.391270814
0.343117893
0.294889468
0.247847836
0.203328204
0.162576778
0.126557902
0.095822606
0.070492385
0.050316493
0.997112219
0.996855697
0.996572479
0.996272601
0.995962076
0.995641576
0.995307669
0.994954733
0.994576578
0.994167664
0.993723929
0.993243095
0.992724317
0.992167217
0.991570556
0.990931009
0.990242669
0.989497563
0.988686821
0.987801986
0.986835925
0.985782799
0.984637221
0.983393209
0.982043478
0.980579604
0.978992972
0.977275986
0.975423095
0.973430988
0.971297168
0.969019923
0.966596052
0.964017879
0.961274887
0.958352843
0.955235894
0.951906883
0.948349805
0.944547078
0.940479008
0.936126106
0.931468512
0.926483826
0.921146296
0.915426947
0.909283774
0.902676661
0.895563367
0.887902191
0.879648841
0.870751743
0.861142747
0.850743873
0.839462298
0.827167147
0.813713058
0.798910372
0.782553483
0.764423752
0.744248233
0.721764474
0.696710089
0.668841788
0.637973028
0.603953353
0.56675466
0.526489816
0.483425826
0.438302074
0.391270814
0.343117893
0.294889468
0.247847836
0.203328204
0.162576778
0.126557902
0.095822606
0.070492385
0.050316493
0.997112219
0.996855697
0.996572479
0.996272601
0.995962076
0.995641576
0.995307669
0.994954733
0.994576578
0.994167664
0.993723929
0.993243095
0.992724317
0.992167217
0.991570556
0.990931009
0.990242669
0.989497563
0.988686821
0.987801986
0.986835925
0.985782799
0.984637221
0.983393209
0.982043478
0.980579604
0.978992972
0.977275986
0.975423095
0.973430988
0.971297168
0.969019923
0.966596052
0.964017879
0.961274887
0.958352843
0.955235894
0.951906883
0.948349805
0.944547078
0.940479008
0.936126106
0.931468512
0.926483826
0.921146296
0.915426947
0.909283774
0.902676661
0.895563367
0.887902191
0.879648841
0.870751743
0.861142747
0.850743873
0.839462298
0.827167147
0.813713058
0.798910372
0.782553483
0.764423752
0.744248233
0.721764474
0.696710089
0.668841788
0.637973028
0.603953353
0.56675466
0.526489816
0.483425826
0.438302074
0.391270814
0.343117893
0.294889468
0.247847836
0.203328204
0.162576778
0.126557902
0.095822606
0.070492385
0.050316493
0.997112219
0.996855697
0.996572479
0.996272601
0.995962076
0.995641576
0.995307669
0.994954733
0.994576578
0.994167664
0.993723929
0.993243095
0.992724317
0.992167217
0.991570556
0.990931009
0.990242669
0.989497563
0.988686821
0.987801986
0.986835925
0.985782799
0.984637221
0.983393209
0.982043478
0.980579604
0.978992972
0.977275986
0.975423095
0.973430988
0.971297168
0.969019923
0.966596052
0.964017879
0.961274887
0.958352843
0.955235894
0.951906883
0.948349805
0.944547078
0.940479008
0.936126106
0.931468512
0.926483826
0.921146296
0.915426947
0.909283774
0.902676661
0.895563367
0.887902191
0.879648841
0.870751743
0.861142747
0.850743873
0.839462298
0.827167147
0.813713058
0.798910372
0.782553483
0.764423752
0.744248233
0.721764474
0.696710089
0.668841788
0.637973028
0.603953353
0.56675466
0.526489816
0.483425826
0.438302074
0.391270814
0.343117893
0.294889468
0.247847836
0.203328204
0.162576778
0.126557902
0.095822606
0.070492385
0.050316493
0.997112219
0.996855697
0.996572479
0.996272601
0.995962076
0.995641576
0.995307669
0.994954733
0.994576578
0.994167664
0.993723929
0.993243095
0.992724317
0.992167217
0.991570556
0.990931009
0.990242669
0.989497563
0.988686821
0.987801986
0.986835925
0.985782799
0.984637221
0.983393209
0.982043478
0.980579604
0.978992972
0.977275986
0.975423095
0.973430988
0.971297168
0.969019923
0.966596052
0.964017879
0.961274887
0.958352843
0.955235894
0.951906883
0.948349805
0.944547078
0.940479008
0.936126106
0.931468512
0.926483826
0.921146296
0.915426947
0.909283774
0.902676661
0.895563367
0.887902191
0.879648841
0.870751743
0.861142747
0.850743873
0.839462298
0.827167147
0.813713058
0.798910372
0.782553483
0.764423752
0.744248233
0.721764474
0.696710089
0.668841788
0.637973028
0.603953353
0.56675466
0.526489816
0.483425826
0.438302074
0.391270814
0.343117893
0.294889468
0.247847836
0.203328204
0.162576778
0.126557902
0.095822606
0.070492385
0.050316493
0.997112219
0.996855697
0.996572479
0.996272601
0.995962076
0.995641576
0.995307669
0.994954733
0.994576578
0.994167664
0.993723929
0.993243095
0.992724317
0.992167217
0.991570556
0.990931009
0.990242669
0.989497563
0.988686821
0.987801986
0.986835925
0.985782799
0.984637221
0.983393209
0.982043478
0.980579604
0.978992972
0.977275986
0.975423095
0.973430988
0.971297168
0.969019923
0.966596052
0.964017879
0.961274887
0.958352843
0.955235894
0.951906883
0.948349805
0.944547078
0.940479008
0.936126106
0.931468512
0.926483826
0.921146296
0.915426947
0.909283774
0.902676661
0.895563367
0.887902191
0.879648841
0.870751743
0.861142747
0.850743873
0.839462298
0.827167147
0.813713058
0.798910372
0.782553483
0.764423752
0.744248233
0.721764474
0.696710089
0.668841788
0.637973028
0.603953353
0.56675466
0.526489816
0.483425826
0.438302074
0.391270814
0.343117893
0.294889468
0.247847836
0.203328204
0.162576778
0.126557902
0.095822606
0.070492385
0.050316493
0.997112219
0.996855697
0.996572479
0.996272601
0.995962076
0.995641576
0.995307669
0.994954733
0.994576578
0.994167664
0.993723929
0.993243095
0.992724317
0.992167217
0.991570556
0.990931009
0.990242669
0.989497563
0.988686821
0.987801986
0.986835925
0.985782799
0.984637221
0.983393209
0.982043478
0.980579604
0.978992972
0.977275986
0.975423095
0.973430988
0.971297168
0.969019923
0.966596052
0.964017879
0.961274887
0.958352843
0.955235894
0.951906883
0.948349805
0.944547078
0.940479008
0.936126106
0.931468512
0.926483826
0.921146296
0.915426947
0.909283774
0.902676661
0.895563367
0.887902191
0.879648841
0.870751743
0.861142747
0.850743873
0.839462298
0.827167147
0.813713058
0.798910372
0.782553483
0.764423752
0.744248233
0.721764474
0.696710089
0.668841788
0.637973028
0.603953353
0.56675466
0.526489816
0.483425826
0.438302074
0.391270814
0.343117893
0.294889468
0.247847836
0.203328204
0.162576778
0.126557902
0.095822606
0.070492385
0.050316493
0.997112219
0.996855697
0.996572479
0.996272601
0.995962076
0.995641576
0.995307669
0.994954733
0.994576578
0.994167664
0.993723929
0.993243095
0.992724317
0.992167217
0.991570556
0.990931009
0.990242669
0.989497563
0.988686821
0.987801986
0.986835925
0.985782799
0.984637221
0.983393209
0.982043478
0.980579604
0.978992972
0.977275986
0.975423095
0.973430988
0.971297168
0.969019923
0.966596052
0.964017879
0.961274887
0.958352843
0.955235894
0.951906883
0.948349805
0.944547078
0.940479008
0.936126106
0.931468512
0.926483826
0.921146296
0.915426947
0.909283774
0.902676661
0.895563367
0.887902191
0.879648841
0.870751743
0.861142747
0.850743873
0.839462298
0.827167147
0.813713058
0.798910372
0.782553483
0.764423752
0.744248233
0.721764474
0.696710089
0.668841788
0.637973028
0.603953353
0.56675466
0.526489816
0.483425826
0.438302074
0.391270814
0.343117893
0.294889468
0.247847836
0.203328204
0.162576778
0.126557902
0.095822606
0.070492385
0.050316493
0.997112219
0.996855697
0.996572479
0.996272601
0.995962076
0.995641576
0.995307669
0.994954733
0.994576578
0.994167664
0.993723929
0.993243095
0.992724317
0.992167217
0.991570556
0.990931009
0.990242669
0.989497563
0.988686821
0.987801986
0.986835925
0.985782799
0.984637221
0.983393209
0.982043478
0.980579604
0.978992972
0.977275986
0.975423095
0.973430988
0.971297168
0.969019923
0.966596052
0.964017879
0.961274887
0.958352843
0.955235894
0.951906883
0.948349805
0.944547078
0.940479008
0.936126106
0.931468512
0.926483826
0.921146296
0.915426947
0.909283774
0.902676661
0.895563367
0.887902191
0.879648841
0.870751743
0.861142747
0.850743873
0.839462298
0.827167147
0.813713058
0.798910372
0.782553483
0.764423752
0.744248233
0.721764474
0.696710089
0.668841788
0.637973028
0.603953353
0.56675466
0.526489816
0.483425826
0.438302074
0.391270814
0.343117893
0.294889468
0.247847836
0.203328204
0.162576778
0.126557902
0.095822606
0.070492385
0.050316493
0.997112219
0.996855697
0.996572479
0.996272601
0.995962076
0.995641576
0.995307669
0.994954733
0.994576578
0.994167664
0.993723929
0.993243095
0.992724317
0.992167217
0.991570556
0.990931009
0.990242669
0.989497563
0.988686821
0.987801986
0.986835925
0.985782799
0.984637221
0.983393209
0.982043478
0.980579604
0.978992972
0.977275986
0.975423095
0.973430988
0.971297168
0.969019923
0.966596052
0.964017879
0.961274887
0.958352843
0.955235894
0.951906883
0.948349805
0.944547078
0.940479008
0.936126106
0.931468512
0.926483826
0.921146296
0.915426947
0.909283774
0.902676661
0.895563367
0.887902191
0.879648841
0.870751743
0.861142747
0.850743873
0.839462298
0.827167147
0.813713058
0.798910372
0.782553483
0.764423752
0.744248233
0.721764474
0.696710089
0.668841788
0.637973028
0.603953353
0.56675466
0.526489816
0.483425826
0.438302074
0.391270814
0.343117893
0.294889468
0.247847836
0.203328204
0.162576778
0.126557902
0.095822606
0.070492385
0.050316493
0.997112219
0.996855697
0.996572479
0.996272601
0.995962076
0.995641576
0.995307669
0.994954733
0.994576578
0.994167664
0.993723929
0.993243095
0.992724317
0.992167217
0.991570556
0.990931009
0.990242669
0.989497563
0.988686821
0.987801986
0.986835925
0.985782799
0.984637221
0.983393209
0.982043478
0.980579604
0.978992972
0.977275986
0.975423095
0.973430988
0.971297168
0.969019923
0.966596052
0.964017879
0.961274887
0.958352843
0.955235894
0.951906883
0.948349805
0.944547078
0.940479008
0.936126106
0.931468512
0.926483826
0.921146296
0.915426947
0.909283774
0.902676661
0.895563367
0.887902191
0.879648841
0.870751743
0.861142747
0.850743873
0.839462298
0.827167147
0.813713058
0.798910372
0.782553483
0.764423752
0.744248233
0.721764474
0.696710089
0.668841788
0.637973028
0.603953353
0.56675466
0.526489816
0.483425826
0.438302074
0.391270814
0.343117893
0.294889468
0.247847836
0.203328204
0.162576778
0.126557902
0.095822606
0.070492385
0.050316493
0.997112219
0.996855697
0.996572479
0.996272601
0.995962076
0.995641576
0.995307669
0.994954733
0.994576578
0.994167664
0.993723929
0.993243095
0.992724317
0.992167217
0.991570556
0.990931009
0.990242669
0.989497563
0.988686821
0.987801986
0.986835925
0.985782799
0.984637221
0.983393209
0.982043478
0.980579604
0.978992972
0.977275986
0.975423095
0.973430988
0.971297168
0.969019923
0.966596052
0.964017879
0.961274887
0.958352843
0.955235894
0.951906883
0.948349805
0.944547078
0.940479008
0.936126106
0.931468512
0.926483826
0.921146296
0.915426947
0.909283774
0.902676661
0.895563367
0.887902191
0.879648841
0.870751743
0.861142747
0.850743873
0.839462298
0.827167147
0.813713058
0.798910372
0.782553483
0.764423752
0.744248233
0.721764474
0.696710089
0.668841788
0.637973028
0.603953353
0.56675466
0.526489816
0.483425826
0.438302074
0.391270814
0.343117893
0.294889468
0.247847836
0.203328204
0.162576778
0.126557902
0.095822606
0.070492385
0.050316493
0.997112219
0.996855697
0.996572479
0.996272601
0.995962076
0.995641576
0.995307669
0.994954733
0.994576578
0.994167664
0.993723929
0.993243095
0.992724317
0.992167217
0.991570556
0.990931009
0.990242669
0.989497563
0.988686821
0.987801986
0.986835925
0.985782799
0.984637221
0.983393209
0.982043478
0.980579604
0.978992972
0.977275986
0.975423095
0.973430988
0.971297168
0.969019923
0.966596052
0.964017879
0.961274887
0.958352843
0.955235894
0.951906883
0.948349805
0.944547078
0.940479008
0.936126106
0.931468512
0.926483826
0.921146296
0.915426947
0.909283774
0.902676661
0.895563367
0.887902191
0.879648841
0.870751743
0.861142747
0.850743873
0.839462298
0.827167147
0.813713058
0.798910372
0.782553483
0.764423752
0.744248233
0.721764474
0.696710089
0.668841788
0.637973028
0.603953353
0.56675466
0.526489816
0.483425826
0.438302074
0.391270814
0.343117893
0.294889468
0.247847836
0.203328204
0.162576778
0.126557902
0.095822606
0.070492385
0.050316493
0.997112219
0.996855697
0.996572479
0.996272601
0.995962076
0.995641576
0.995307669
0.994954733
0.994576578
0.994167664
0.993723929
0.993243095
0.992724317
0.992167217
0.991570556
0.990931009
0.990242669
0.989497563
0.988686821
0.987801986
0.986835925
0.985782799
0.984637221
0.983393209
0.982043478
0.980579604
0.978992972
0.977275986
0.975423095
0.973430988
0.971297168
0.969019923
0.966596052
0.964017879
0.961274887
0.958352843
0.955235894
0.951906883
0.948349805
0.944547078
0.940479008
0.936126106
0.931468512
0.926483826
0.921146296
0.915426947
0.909283774
0.902676661
0.895563367
0.887902191
0.879648841
0.870751743
0.861142747
0.850743873
0.839462298
0.827167147
0.813713058
0.798910372
0.782553483
0.764423752
0.744248233
0.721764474
0.696710089
0.668841788
0.637973028
0.603953353
0.56675466
0.526489816
0.483425826
0.438302074
0.391270814
0.343117893
0.294889468
0.247847836
0.203328204
0.162576778
0.126557902
0.095822606
0.070492385
0.050316493
0.997112219
0.996855697
0.996572479
0.996272601
0.995962076
0.995641576
0.995307669
0.994954733
0.994576578
0.994167664
0.993723929
0.993243095
0.992724317
0.992167217
0.991570556
0.990931009
0.990242669
0.989497563
0.988686821
0.987801986
0.986835925
0.985782799
0.984637221
0.983393209
0.982043478
0.980579604
0.978992972
0.977275986
0.975423095
0.973430988
0.971297168
0.969019923
0.966596052
0.964017879
0.961274887
0.958352843
0.955235894
0.951906883
0.948349805
0.944547078
0.940479008
0.936126106
0.931468512
0.926483826
0.921146296
0.915426947
0.909283774
0.902676661
0.895563367
0.887902191
0.879648841
0.870751743
0.861142747
0.850743873
0.839462298
0.827167147
0.813713058
0.798910372
0.782553483
0.764423752
0.744248233
0.721764474
0.696710089
0.668841788
0.637973028
0.603953353
0.56675466
0.526489816
0.483425826
0.438302074
0.391270814
0.343117893
0.294889468
0.247847836
0.203328204
0.162576778
0.126557902
0.095822606
0.070492385
0.050316493
0.997112219
0.996855697
0.996572479
0.996272601
0.995962076
0.995641576
0.995307669
0.994954733
0.994576578
0.994167664
0.993723929
0.993243095
0.992724317
0.992167217
0.991570556
0.990931009
0.990242669
0.989497563
0.988686821
0.987801986
0.986835925
0.985782799
0.984637221
0.983393209
0.982043478
0.980579604
0.978992972
0.977275986
0.975423095
0.973430988
0.971297168
0.969019923
0.966596052
0.964017879
0.961274887
0.958352843
0.955235894
0.951906883
0.948349805
0.944547078
0.940479008
0.936126106
0.931468512
0.926483826
0.921146296
0.915426947
0.909283774
0.902676661
0.895563367
0.887902191
0.879648841
0.870751743
0.861142747
0.850743873
0.839462298
0.827167147
0.813713058
0.798910372
0.782553483
0.764423752
0.744248233
0.721764474
0.696710089
0.668841788
0.637973028
0.603953353
0.56675466
0.526489816
0.483425826
0.438302074
0.391270814
0.343117893
0.294889468
0.247847836
0.203328204
0.162576778
0.126557902
0.095822606
0.070492385
0.050316493
0.997112219
0.996855697
0.996572479
0.996272601
0.995962076
0.995641576
0.995307669
0.994954733
0.994576578
0.994167664
0.993723929
0.993243095
0.992724317
0.992167217
0.991570556
0.990931009
0.990242669
0.989497563
0.988686821
0.987801986
0.986835925
0.985782799
0.984637221
0.983393209
0.982043478
0.980579604
0.978992972
0.977275986
0.975423095
0.973430988
0.971297168
0.969019923
0.966596052
0.964017879
0.961274887
0.958352843
0.955235894
0.951906883
0.948349805
0.944547078
0.940479008
0.936126106
0.931468512
0.926483826
0.921146296
0.915426947
0.909283774
0.902676661
0.895563367
0.887902191
0.879648841
0.870751743
0.861142747
0.850743873
0.839462298
0.827167147
0.813713058
0.798910372
0.782553483
0.764423752
0.744248233
0.721764474
0.696710089
0.668841788
0.637973028
0.603953353
0.56675466
0.526489816
0.483425826
0.438302074
0.391270814
0.343117893
0.294889468
0.247847836
0.203328204
0.162576778
0.126557902
0.095822606
0.070492385
0.050316493
0.997112219
0.996855697
0.996572479
0.996272601
0.995962076
0.995641576
0.995307669
0.994954733
0.994576578
0.994167664
0.993723929
0.993243095
0.992724317
0.992167217
0.991570556
0.990931009
0.990242669
0.989497563
0.988686821
0.987801986
0.986835925
0.985782799
0.984637221
0.983393209
0.982043478
0.980579604
0.978992972
0.977275986
0.975423095
0.973430988
0.971297168
0.969019923
0.966596052
0.964017879
0.961274887
0.958352843
0.955235894
0.951906883
0.948349805
0.944547078
0.940479008
0.936126106
0.931468512
0.926483826
0.921146296
0.915426947
0.909283774
0.902676661
0.895563367
0.887902191
0.879648841
0.870751743
0.861142747
0.850743873
0.839462298
0.827167147
0.813713058
0.798910372
0.782553483
0.764423752
0.744248233
0.721764474
0.696710089
0.668841788
0.637973028
0.603953353
0.56675466
0.526489816
0.483425826
0.438302074
0.391270814
0.343117893
0.294889468
0.247847836
0.203328204
0.162576778
0.126557902
0.095822606
0.070492385
0.050316493
0.997112219
0.996855697
0.996572479
0.996272601
0.995962076
0.995641576
0.995307669
0.994954733
0.994576578
0.994167664
0.993723929
0.993243095
0.992724317
0.992167217
0.991570556
0.990931009
0.990242669
0.989497563
0.988686821
0.987801986
0.986835925
0.985782799
0.984637221
0.983393209
0.982043478
0.980579604
0.978992972
0.977275986
0.975423095
0.973430988
0.971297168
0.969019923
0.966596052
0.964017879
0.961274887
0.958352843
0.955235894
0.951906883
0.948349805
0.944547078
0.940479008
0.936126106
0.931468512
0.926483826
0.921146296
0.915426947
0.909283774
0.902676661
0.895563367
0.887902191
0.879648841
0.870751743
0.861142747
0.850743873
0.839462298
0.827167147
0.813713058
0.798910372
0.782553483
0.764423752
0.744248233
0.721764474
0.696710089
0.668841788
0.637973028
0.603953353
0.56675466
0.526489816
0.483425826
0.438302074
0.391270814
0.343117893
0.294889468
0.247847836
0.203328204
0.162576778
0.126557902
0.095822606
0.070492385
0.050316493
0.997112219
0.996855697
0.996572479
0.996272601
0.995962076
0.995641576
0.995307669
0.994954733
0.994576578
0.994167664
0.993723929
0.993243095
0.992724317
0.992167217
0.991570556
0.990931009
0.990242669
0.989497563
0.988686821
0.987801986
0.986835925
0.985782799
0.984637221
0.983393209
0.982043478
0.980579604
0.978992972
0.977275986
0.975423095
0.973430988
0.971297168
0.969019923
0.966596052
0.964017879
0.961274887
0.958352843
0.955235894
0.951906883
0.948349805
0.944547078
0.940479008
0.936126106
0.931468512
0.926483826
0.921146296
0.915426947
0.909283774
0.902676661
0.895563367
0.887902191
0.879648841
0.870751743
0.861142747
0.850743873
0.839462298
0.827167147
0.813713058
0.798910372
0.782553483
0.764423752
0.744248233
0.721764474
0.696710089
0.668841788
0.637973028
0.603953353
0.56675466
0.526489816
0.483425826
0.438302074
0.391270814
0.343117893
0.294889468
0.247847836
0.203328204
0.162576778
0.126557902
0.095822606
0.070492385
0.050316493
0.997112219
0.996855697
0.996572479
0.996272601
0.995962076
0.995641576
0.995307669
0.994954733
0.994576578
0.994167664
0.993723929
0.993243095
0.992724317
0.992167217
0.991570556
0.990931009
0.990242669
0.989497563
0.988686821
0.987801986
0.986835925
0.985782799
0.984637221
0.983393209
0.982043478
0.980579604
0.978992972
0.977275986
0.975423095
0.973430988
0.971297168
0.969019923
0.966596052
0.964017879
0.961274887
0.958352843
0.955235894
0.951906883
0.948349805
0.944547078
0.940479008
0.936126106
0.931468512
0.926483826
0.921146296
0.915426947
0.909283774
0.902676661
0.895563367
0.887902191
0.879648841
0.870751743
0.861142747
0.850743873
0.839462298
0.827167147
0.813713058
0.798910372
0.782553483
0.764423752
0.744248233
0.721764474
0.696710089
0.668841788
0.637973028
0.603953353
0.56675466
0.526489816
0.483425826
0.438302074
0.391270814
0.343117893
0.294889468
0.247847836
0.203328204
0.162576778
0.126557902
0.095822606
0.070492385
0.050316493
0.997112219
0.996855697
0.996572479
0.996272601
0.995962076
0.995641576
0.995307669
0.994954733
0.994576578
0.994167664
0.993723929
0.993243095
0.992724317
0.992167217
0.991570556
0.990931009
0.990242669
0.989497563
0.988686821
0.987801986
0.986835925
0.985782799
0.984637221
0.983393209
0.982043478
0.980579604
0.978992972
0.977275986
0.975423095
0.973430988
0.971297168
0.969019923
0.966596052
0.964017879
0.961274887
0.958352843
0.955235894
0.951906883
0.948349805
0.944547078
0.940479008
0.936126106
0.931468512
0.926483826
0.921146296
0.915426947
0.909283774
0.902676661
0.895563367
0.887902191
0.879648841
0.870751743
0.861142747
0.850743873
0.839462298
0.827167147
0.813713058
0.798910372
0.782553483
0.764423752
0.744248233
0.721764474
0.696710089
0.668841788
0.637973028
0.603953353
0.56675466
0.526489816
0.483425826
0.438302074
0.391270814
0.343117893
0.294889468
0.247847836
0.203328204
0.162576778
0.126557902
0.095822606
0.070492385
0.050316493
0.997112219
0.996855697
0.996572479
0.996272601
0.995962076
0.995641576
0.995307669
0.994954733
0.994576578
0.994167664
0.993723929
0.993243095
0.992724317
0.992167217
0.991570556
0.990931009
0.990242669
0.989497563
0.988686821
0.987801986
0.986835925
0.985782799
0.984637221
0.983393209
0.982043478
0.980579604
0.978992972
0.977275986
0.975423095
0.973430988
0.971297168
0.969019923
0.966596052
0.964017879
0.961274887
0.958352843
0.955235894
0.951906883
0.948349805
0.944547078
0.940479008
0.936126106
0.931468512
0.926483826
0.921146296
0.915426947
0.909283774
0.902676661
0.895563367
0.887902191
0.879648841
0.870751743
0.861142747
0.850743873
0.839462298
0.827167147
0.813713058
0.798910372
0.782553483
0.764423752
0.744248233
0.721764474
0.696710089
0.668841788
0.637973028
0.603953353
0.56675466
0.526489816
0.483425826
0.438302074
0.391270814
0.343117893
0.294889468
0.247847836
0.203328204
0.162576778
0.126557902
0.095822606
0.070492385
0.050316493
0.997112219
0.996855697
0.996572479
0.996272601
0.995962076
0.995641576
0.995307669
0.994954733
0.994576578
0.994167664
0.993723929
0.993243095
0.992724317
0.992167217
0.991570556
0.990931009
0.990242669
0.989497563
0.988686821
0.987801986
0.986835925
0.985782799
0.984637221
0.983393209
0.982043478
0.980579604
0.978992972
0.977275986
0.975423095
0.973430988
0.971297168
0.969019923
0.966596052
0.964017879
0.961274887
0.958352843
0.955235894
0.951906883
0.948349805
0.944547078
0.940479008
0.936126106
0.931468512
0.926483826
0.921146296
0.915426947
0.909283774
0.902676661
0.895563367
0.887902191
0.879648841
0.870751743
0.861142747
0.850743873
0.839462298
0.827167147
0.813713058
0.798910372
0.782553483
0.764423752
0.744248233
0.721764474
0.696710089
0.668841788
0.637973028
0.603953353
0.56675466
0.526489816
0.483425826
0.438302074
0.391270814
0.343117893
0.294889468
0.247847836
0.203328204
0.162576778
0.126557902
0.095822606
0.070492385
0.050316493
0.997112219
0.996855697
0.996572479
0.996272601
0.995962076
0.995641576
0.995307669
0.994954733
0.994576578
0.994167664
0.993723929
0.993243095
0.992724317
0.992167217
0.991570556
0.990931009
0.990242669
0.989497563
0.988686821
0.987801986
0.986835925
0.985782799
0.984637221
0.983393209
0.982043478
0.980579604
0.978992972
0.977275986
0.975423095
0.973430988
0.971297168
0.969019923
0.966596052
0.964017879
0.961274887
0.958352843
0.955235894
0.951906883
0.948349805
0.944547078
0.940479008
0.936126106
0.931468512
0.926483826
0.921146296
0.915426947
0.909283774
0.902676661
0.895563367
0.887902191
0.879648841
0.870751743
0.861142747
0.850743873
0.839462298
0.827167147
0.813713058
0.798910372
0.782553483
0.764423752
0.744248233
0.721764474
0.696710089
0.668841788
0.637973028
0.603953353
0.56675466
0.526489816
0.483425826
0.438302074
0.391270814
0.343117893
0.294889468
0.247847836
0.203328204
0.162576778
0.126557902
0.095822606
0.070492385
0.050316493
0.997112219
0.996855697
0.996572479
0.996272601
0.995962076
0.995641576
0.995307669
0.994954733
0.994576578
0.994167664
0.993723929
0.993243095
0.992724317
0.992167217
0.991570556
0.990931009
0.990242669
0.989497563
0.988686821
0.987801986
0.986835925
0.985782799
0.984637221
0.983393209
0.982043478
0.980579604
0.978992972
0.977275986
0.975423095
0.973430988
0.971297168
0.969019923
0.966596052
0.964017879
0.961274887
0.958352843
0.955235894
0.951906883
0.948349805
0.944547078
0.940479008
0.936126106
0.931468512
0.926483826
0.921146296
0.915426947
0.909283774
0.902676661
0.895563367
0.887902191
0.879648841
0.870751743
0.861142747
0.850743873
0.839462298
0.827167147
0.813713058
0.798910372
0.782553483
0.764423752
0.744248233
0.721764474
0.696710089
0.668841788
0.637973028
0.603953353
0.56675466
0.526489816
0.483425826
0.438302074
0.391270814
0.343117893
0.294889468
0.247847836
0.203328204
0.162576778
0.126557902
0.095822606
0.070492385
0.050316493
0.997112219
0.996855697
0.996572479
0.996272601
0.995962076
0.995641576
0.995307669
0.994954733
0.994576578
0.994167664
0.993723929
0.993243095
0.992724317
0.992167217
0.991570556
0.990931009
0.990242669
0.989497563
0.988686821
0.987801986
0.986835925
0.985782799
0.984637221
0.983393209
0.982043478
0.980579604
0.978992972
0.977275986
0.975423095
0.973430988
0.971297168
0.969019923
0.966596052
0.964017879
0.961274887
0.958352843
0.955235894
0.951906883
0.948349805
0.944547078
0.940479008
0.936126106
0.931468512
0.926483826
0.921146296
0.915426947
0.909283774
0.902676661
0.895563367
0.887902191
0.879648841
0.870751743
0.861142747
0.850743873
0.839462298
0.827167147
0.813713058
0.798910372
0.782553483
0.764423752
0.744248233
0.721764474
0.696710089
0.668841788
0.637973028
0.603953353
0.56675466
0.526489816
0.483425826
0.438302074
0.391270814
0.343117893
0.294889468
0.247847836
0.203328204
0.162576778
0.126557902
0.095822606
0.070492385
0.050316493
0.997112219
0.996855697
0.996572479
0.996272601
0.995962076
0.995641576
0.995307669
0.994954733
0.994576578
0.994167664
0.993723929
0.993243095
0.992724317
0.992167217
0.991570556
0.990931009
0.990242669
0.989497563
0.988686821
0.987801986
0.986835925
0.985782799
0.984637221
0.983393209
0.982043478
0.980579604
0.978992972
0.977275986
0.975423095
0.973430988
0.971297168
0.969019923
0.966596052
0.964017879
0.961274887
0.958352843
0.955235894
0.951906883
0.948349805
0.944547078
0.940479008
0.936126106
0.931468512
0.926483826
0.921146296
0.915426947
0.909283774
0.902676661
0.895563367
0.887902191
0.879648841
0.870751743
0.861142747
0.850743873
0.839462298
0.827167147
0.813713058
0.798910372
0.782553483
0.764423752
0.744248233
0.721764474
0.696710089
0.668841788
0.637973028
0.603953353
0.56675466
0.526489816
0.483425826
0.438302074
0.391270814
0.343117893
0.294889468
0.247847836
0.203328204
0.162576778
0.126557902
0.095822606
0.070492385
0.050316493
0.997112219
0.996855697
0.996572479
0.996272601
0.995962076
0.995641576
0.995307669
0.994954733
0.994576578
0.994167664
0.993723929
0.993243095
0.992724317
0.992167217
0.991570556
0.990931009
0.990242669
0.989497563
0.988686821
0.987801986
0.986835925
0.985782799
0.984637221
0.983393209
0.982043478
0.980579604
0.978992972
0.977275986
0.975423095
0.973430988
0.971297168
0.969019923
0.966596052
0.964017879
0.961274887
0.958352843
0.955235894
0.951906883
0.948349805
0.944547078
0.940479008
0.936126106
0.931468512
0.926483826
0.921146296
0.915426947
0.909283774
0.902676661
0.895563367
0.887902191
0.879648841
0.870751743
0.861142747
0.850743873
0.839462298
0.827167147
0.813713058
0.798910372
0.782553483
0.764423752
0.744248233
0.721764474
0.696710089
0.668841788
0.637973028
0.603953353
0.56675466
0.526489816
0.483425826
0.438302074
0.391270814
0.343117893
0.294889468
0.247847836
0.203328204
0.162576778
0.126557902
0.095822606
0.070492385
0.050316493
0.997112219
0.996855697
0.996572479
0.996272601
0.995962076
0.995641576
0.995307669
0.994954733
0.994576578
0.994167664
0.993723929
0.993243095
0.992724317
0.992167217
0.991570556
0.990931009
0.990242669
0.989497563
0.988686821
0.987801986
0.986835925
0.985782799
0.984637221
0.983393209
0.982043478
0.980579604
0.978992972
0.977275986
0.975423095
0.973430988
0.971297168
0.969019923
0.966596052
0.964017879
0.961274887
0.958352843
0.955235894
0.951906883
0.948349805
0.944547078
0.940479008
0.936126106
0.931468512
0.926483826
0.921146296
0.915426947
0.909283774
0.902676661
0.895563367
0.887902191
0.879648841
0.870751743
0.861142747
0.850743873
0.839462298
0.827167147
0.813713058
0.798910372
0.782553483
0.764423752
0.744248233
0.721764474
0.696710089
0.668841788
0.637973028
0.603953353
0.56675466
0.526489816
0.483425826
0.438302074
0.391270814
0.343117893
0.294889468
0.247847836
0.203328204
0.162576778
0.126557902
0.095822606
0.070492385
0.050316493
0.997112219
0.996855697
0.996572479
0.996272601
0.995962076
0.995641576
0.995307669
0.994954733
0.994576578
0.994167664
0.993723929
0.993243095
0.992724317
0.992167217
0.991570556
0.990931009
0.990242669
0.989497563
0.988686821
0.987801986
0.986835925
0.985782799
0.984637221
0.983393209
0.982043478
0.980579604
0.978992972
0.977275986
0.975423095
0.973430988
0.971297168
0.969019923
0.966596052
0.964017879
0.961274887
0.958352843
0.955235894
0.951906883
0.948349805
0.944547078
0.940479008
0.936126106
0.931468512
0.926483826
0.921146296
0.915426947
0.909283774
0.902676661
0.895563367
0.887902191
0.879648841
0.870751743
0.861142747
0.850743873
0.839462298
0.827167147
0.813713058
0.798910372
0.782553483
0.764423752
0.744248233
0.721764474
0.696710089
0.668841788
0.637973028
0.603953353
0.56675466
0.526489816
0.483425826
0.438302074
0.391270814
0.343117893
0.294889468
0.247847836
0.203328204
0.162576778
0.126557902
0.095822606
0.070492385
0.050316493
0.997112219
0.996855697
0.996572479
0.996272601
0.995962076
0.995641576
0.995307669
0.994954733
0.994576578
0.994167664
0.993723929
0.993243095
0.992724317
0.992167217
0.991570556
0.990931009
0.990242669
0.989497563
0.988686821
0.987801986
0.986835925
0.985782799
0.984637221
0.983393209
0.982043478
0.980579604
0.978992972
0.977275986
0.975423095
0.973430988
0.971297168
0.969019923
0.966596052
0.964017879
0.961274887
0.958352843
0.955235894
0.951906883
0.948349805
0.944547078
0.940479008
0.936126106
0.931468512
0.926483826
0.921146296
0.915426947
0.909283774
0.902676661
0.895563367
0.887902191
0.879648841
0.870751743
0.861142747
0.850743873
0.839462298
0.827167147
0.813713058
0.798910372
0.782553483
0.764423752
0.744248233
0.721764474
0.696710089
0.668841788
0.637973028
0.603953353
0.56675466
0.526489816
0.483425826
0.438302074
0.391270814
0.343117893
0.294889468
0.247847836
0.203328204
0.162576778
0.126557902
0.095822606
0.070492385
0.050316493
0.997112219
0.996855697
0.996572479
0.996272601
0.995962076
0.995641576
0.995307669
0.994954733
0.994576578
0.994167664
0.993723929
0.993243095
0.992724317
0.992167217
0.991570556
0.990931009
0.990242669
0.989497563
0.988686821
0.987801986
0.986835925
0.985782799
0.984637221
0.983393209
0.982043478
0.980579604
0.978992972
0.977275986
0.975423095
0.973430988
0.971297168
0.969019923
0.966596052
0.964017879
0.961274887
0.958352843
0.955235894
0.951906883
0.948349805
0.944547078
0.940479008
0.936126106
0.931468512
0.926483826
0.921146296
0.915426947
0.909283774
0.902676661
0.895563367
0.887902191
0.879648841
0.870751743
0.861142747
0.850743873
0.839462298
0.827167147
0.813713058
0.798910372
0.782553483
0.764423752
0.744248233
0.721764474
0.696710089
0.668841788
0.637973028
0.603953353
0.56675466
0.526489816
0.483425826
0.438302074
0.391270814
0.343117893
0.294889468
0.247847836
0.203328204
0.162576778
0.126557902
0.095822606
0.070492385
0.050316493
0.997112219
0.996855697
0.996572479
0.996272601
0.995962076
0.995641576
0.995307669
0.994954733
0.994576578
0.994167664
0.993723929
0.993243095
0.992724317
0.992167217
0.991570556
0.990931009
0.990242669
0.989497563
0.988686821
0.987801986
0.986835925
0.985782799
0.984637221
0.983393209
0.982043478
0.980579604
0.978992972
0.977275986
0.975423095
0.973430988
0.971297168
0.969019923
0.966596052
0.964017879
0.961274887
0.958352843
0.955235894
0.951906883
0.948349805
0.944547078
0.940479008
0.936126106
0.931468512
0.926483826
0.921146296
0.915426947
0.909283774
0.902676661
0.895563367
0.887902191
0.879648841
0.870751743
0.861142747
0.850743873
0.839462298
0.827167147
0.813713058
0.798910372
0.782553483
0.764423752
0.744248233
0.721764474
0.696710089
0.668841788
0.637973028
0.603953353
0.56675466
0.526489816
0.483425826
0.438302074
0.391270814
0.343117893
0.294889468
0.247847836
0.203328204
0.162576778
0.126557902
0.095822606
0.070492385
0.050316493
0.997112219
0.996855697
0.996572479
0.996272601
0.995962076
0.995641576
0.995307669
0.994954733
0.994576578
0.994167664
0.993723929
0.993243095
0.992724317
0.992167217
0.991570556
0.990931009
0.990242669
0.989497563
0.988686821
0.987801986
0.986835925
0.985782799
0.984637221
0.983393209
0.982043478
0.980579604
0.978992972
0.977275986
0.975423095
0.973430988
0.971297168
0.969019923
0.966596052
0.964017879
0.961274887
0.958352843
0.955235894
0.951906883
0.948349805
0.944547078
0.940479008
0.936126106
0.931468512
0.926483826
0.921146296
0.915426947
0.909283774
0.902676661
0.895563367
0.887902191
0.879648841
0.870751743
0.861142747
0.850743873
0.839462298
0.827167147
0.813713058
0.798910372
0.782553483
0.764423752
0.744248233
0.721764474
0.696710089
0.668841788
0.637973028
0.603953353
0.56675466
0.526489816
0.483425826
0.438302074
0.391270814
0.343117893
0.294889468
0.247847836
0.203328204
0.162576778
0.126557902
0.095822606
0.070492385
0.050316493
0.997112219
0.996855697
0.996572479
0.996272601
0.995962076
0.995641576
0.995307669
0.994954733
0.994576578
0.994167664
0.993723929
0.993243095
0.992724317
0.992167217
0.991570556
0.990931009
0.990242669
0.989497563
0.988686821
0.987801986
0.986835925
0.985782799
0.984637221
0.983393209
0.982043478
0.980579604
0.978992972
0.977275986
0.975423095
0.973430988
0.971297168
0.969019923
0.966596052
0.964017879
0.961274887
0.958352843
0.955235894
0.951906883
0.948349805
0.944547078
0.940479008
0.936126106
0.931468512
0.926483826
0.921146296
0.915426947
0.909283774
0.902676661
0.895563367
0.887902191
0.879648841
0.870751743
0.861142747
0.850743873
0.839462298
0.827167147
0.813713058
0.798910372
0.782553483
0.764423752
0.744248233
0.721764474
0.696710089
0.668841788
0.637973028
0.603953353
0.56675466
0.526489816
0.483425826
0.438302074
0.391270814
0.343117893
0.294889468
0.247847836
0.203328204
0.162576778
0.126557902
0.095822606
0.070492385
0.050316493
0.997112219
0.996855697
0.996572479
0.996272601
0.995962076
0.995641576
0.995307669
0.994954733
0.994576578
0.994167664
0.993723929
0.993243095
0.992724317
0.992167217
0.991570556
0.990931009
0.990242669
0.989497563
0.988686821
0.987801986
0.986835925
0.985782799
0.984637221
0.983393209
0.982043478
0.980579604
0.978992972
0.977275986
0.975423095
0.973430988
0.971297168
0.969019923
0.966596052
0.964017879
0.961274887
0.958352843
0.955235894
0.951906883
0.948349805
0.944547078
0.940479008
0.936126106
0.931468512
0.926483826
0.921146296
0.915426947
0.909283774
0.902676661
0.895563367
0.887902191
0.879648841
0.870751743
0.861142747
0.850743873
0.839462298
0.827167147
0.813713058
0.798910372
0.782553483
0.764423752
0.744248233
0.721764474
0.696710089
0.668841788
0.637973028
0.603953353
0.56675466
0.526489816
0.483425826
0.438302074
0.391270814
0.343117893
0.294889468
0.247847836
0.203328204
0.162576778
0.126557902
0.095822606
0.070492385
0.050316493
0.997112219
0.996855697
0.996572479
0.996272601
0.995962076
0.995641576
0.995307669
0.994954733
0.994576578
0.994167664
0.993723929
0.993243095
0.992724317
0.992167217
0.991570556
0.990931009
0.990242669
0.989497563
0.988686821
0.987801986
0.986835925
0.985782799
0.984637221
0.983393209
0.982043478
0.980579604
0.978992972
0.977275986
0.975423095
0.973430988
0.971297168
0.969019923
0.966596052
0.964017879
0.961274887
0.958352843
0.955235894
0.951906883
0.948349805
0.944547078
0.940479008
0.936126106
0.931468512
0.926483826
0.921146296
0.915426947
0.909283774
0.902676661
0.895563367
0.887902191
0.879648841
0.870751743
0.861142747
0.850743873
0.839462298
0.827167147
0.813713058
0.798910372
0.782553483
0.764423752
0.744248233
0.721764474
0.696710089
0.668841788
0.637973028
0.603953353
0.56675466
0.526489816
0.483425826
0.438302074
0.391270814
0.343117893
0.294889468
0.247847836
0.203328204
0.162576778
0.126557902
0.095822606
0.070492385
0.050316493
0.997112219
0.996855697
0.996572479
0.996272601
0.995962076
0.995641576
0.995307669
0.994954733
0.994576578
0.994167664
0.993723929
0.993243095
0.992724317
0.992167217
0.991570556
0.990931009
0.990242669
0.989497563
0.988686821
0.987801986
0.986835925
0.985782799
0.984637221
0.983393209
0.982043478
0.980579604
0.978992972
0.977275986
0.975423095
0.973430988
0.971297168
0.969019923
0.966596052
0.964017879
0.961274887
0.958352843
0.955235894
0.951906883
0.948349805
0.944547078
0.940479008
0.936126106
0.931468512
0.926483826
0.921146296
0.915426947
0.909283774
0.902676661
0.895563367
0.887902191
0.879648841
0.870751743
0.861142747
0.850743873
0.839462298
0.827167147
0.813713058
0.798910372
0.782553483
0.764423752
0.744248233
0.721764474
0.696710089
0.668841788
0.637973028
0.603953353
0.56675466
0.526489816
0.483425826
0.438302074
0.391270814
0.343117893
0.294889468
0.247847836
0.203328204
0.162576778
0.126557902
0.095822606
0.070492385
0.050316493
0.997112219
0.996855697
0.996572479
0.996272601
0.995962076
0.995641576
0.995307669
0.994954733
0.994576578
0.994167664
0.993723929
0.993243095
0.992724317
0.992167217
0.991570556
0.990931009
0.990242669
0.989497563
0.988686821
0.987801986
0.986835925
0.985782799
0.984637221
0.983393209
0.982043478
0.980579604
0.978992972
0.977275986
0.975423095
0.973430988
0.971297168
0.969019923
0.966596052
0.964017879
0.961274887
0.958352843
0.955235894
0.951906883
0.948349805
0.944547078
0.940479008
0.936126106
0.931468512
0.926483826
0.921146296
0.915426947
0.909283774
0.902676661
0.895563367
0.887902191
0.879648841
0.870751743
0.861142747
0.850743873
0.839462298
0.827167147
0.813713058
0.798910372
0.782553483
0.764423752
0.744248233
0.721764474
0.696710089
0.668841788
0.637973028
0.603953353
0.56675466
0.526489816
0.483425826
0.438302074
0.391270814
0.343117893
0.294889468
0.247847836
0.203328204
0.162576778
0.126557902
0.095822606
0.070492385
0.050316493
0.997112219
0.996855697
0.996572479
0.996272601
0.995962076
0.995641576
0.995307669
0.994954733
0.994576578
0.994167664
0.993723929
0.993243095
0.992724317
0.992167217
0.991570556
0.990931009
0.990242669
0.989497563
0.988686821
0.987801986
0.986835925
0.985782799
0.984637221
0.983393209
0.982043478
0.980579604
0.978992972
0.977275986
0.975423095
0.973430988
0.971297168
0.969019923
0.966596052
0.964017879
0.961274887
0.958352843
0.955235894
0.951906883
0.948349805
0.944547078
0.940479008
0.936126106
0.931468512
0.926483826
0.921146296
0.915426947
0.909283774
0.902676661
0.895563367
0.887902191
0.879648841
0.870751743
0.861142747
0.850743873
0.839462298
0.827167147
0.813713058
0.798910372
0.782553483
0.764423752
0.744248233
0.721764474
0.696710089
0.668841788
0.637973028
0.603953353
0.56675466
0.526489816
0.483425826
0.438302074
0.391270814
0.343117893
0.294889468
0.247847836
0.203328204
0.162576778
0.126557902
0.095822606
0.070492385
0.050316493
0.997112219
0.996855697
0.996572479
0.996272601
0.995962076
0.995641576
0.995307669
0.994954733
0.994576578
0.994167664
0.993723929
0.993243095
0.992724317
0.992167217
0.991570556
0.990931009
0.990242669
0.989497563
0.988686821
0.987801986
0.986835925
0.985782799
0.984637221
0.983393209
0.982043478
0.980579604
0.978992972
0.977275986
0.975423095
0.973430988
0.971297168
0.969019923
0.966596052
0.964017879
0.961274887
0.958352843
0.955235894
0.951906883
0.948349805
0.944547078
0.940479008
0.936126106
0.931468512
0.926483826
0.921146296
0.915426947
0.909283774
0.902676661
0.895563367
0.887902191
0.879648841
0.870751743
0.861142747
0.850743873
0.839462298
0.827167147
0.813713058
0.798910372
0.782553483
0.764423752
0.744248233
0.721764474
0.696710089
0.668841788
0.637973028
0.603953353
0.56675466
0.526489816
0.483425826
0.438302074
0.391270814
0.343117893
0.294889468
0.247847836
0.203328204
0.162576778
0.126557902
0.095822606
0.070492385
0.050316493
0.997112219
0.996855697
0.996572479
0.996272601
0.995962076
0.995641576
0.995307669
0.994954733
0.994576578
0.994167664
0.993723929
0.993243095
0.992724317
0.992167217
0.991570556
0.990931009
0.990242669
0.989497563
0.988686821
0.987801986
0.986835925
0.985782799
0.984637221
0.983393209
0.982043478
0.980579604
0.978992972
0.977275986
0.975423095
0.973430988
0.971297168
0.969019923
0.966596052
0.964017879
0.961274887
0.958352843
0.955235894
0.951906883
0.948349805
0.944547078
0.940479008
0.936126106
0.931468512
0.926483826
0.921146296
0.915426947
0.909283774
0.902676661
0.895563367
0.887902191
0.879648841
0.870751743
0.861142747
0.850743873
0.839462298
0.827167147
0.813713058
0.798910372
0.782553483
0.764423752
0.744248233
0.721764474
0.696710089
0.668841788
0.637973028
0.603953353
0.56675466
0.526489816
0.483425826
0.438302074
0.391270814
0.343117893
0.294889468
0.247847836
0.203328204
0.162576778
0.126557902
0.095822606
0.070492385
0.050316493
0.997112219
0.996855697
0.996572479
0.996272601
0.995962076
0.995641576
0.995307669
0.994954733
0.994576578
0.994167664
0.993723929
0.993243095
0.992724317
0.992167217
0.991570556
0.990931009
0.990242669
0.989497563
0.988686821
0.987801986
0.986835925
0.985782799
0.984637221
0.983393209
0.982043478
0.980579604
0.978992972
0.977275986
0.975423095
0.973430988
0.971297168
0.969019923
0.966596052
0.964017879
0.961274887
0.958352843
0.955235894
0.951906883
0.948349805
0.944547078
0.940479008
0.936126106
0.931468512
0.926483826
0.921146296
0.915426947
0.909283774
0.902676661
0.895563367
0.887902191
0.879648841
0.870751743
0.861142747
0.850743873
0.839462298
0.827167147
0.813713058
0.798910372
0.782553483
0.764423752
0.744248233
0.721764474
0.696710089
0.668841788
0.637973028
0.603953353
0.56675466
0.526489816
0.483425826
0.438302074
0.391270814
0.343117893
0.294889468
0.247847836
0.203328204
0.162576778
0.126557902
0.095822606
0.070492385
0.050316493
0.997112219
0.996855697
0.996572479
0.996272601
0.995962076
0.995641576
0.995307669
0.994954733
0.994576578
0.994167664
0.993723929
0.993243095
0.992724317
0.992167217
0.991570556
0.990931009
0.990242669
0.989497563
0.988686821
0.987801986
0.986835925
0.985782799
0.984637221
0.983393209
0.982043478
0.980579604
0.978992972
0.977275986
0.975423095
0.973430988
0.971297168
0.969019923
0.966596052
0.964017879
0.961274887
0.958352843
0.955235894
0.951906883
0.948349805
0.944547078
0.940479008
0.936126106
0.931468512
0.926483826
0.921146296
0.915426947
0.909283774
0.902676661
0.895563367
0.887902191
0.879648841
0.870751743
0.861142747
0.850743873
0.839462298
0.827167147
0.813713058
0.798910372
0.782553483
0.764423752
0.744248233
0.721764474
0.696710089
0.668841788
0.637973028
0.603953353
0.56675466
0.526489816
0.483425826
0.438302074
0.391270814
0.343117893
0.294889468
0.247847836
0.203328204
0.162576778
0.126557902
0.095822606
0.070492385
0.050316493
0.997112219
0.996855697
0.996572479
0.996272601
0.995962076
0.995641576
0.995307669
0.994954733
0.994576578
0.994167664
0.993723929
0.993243095
0.992724317
0.992167217
0.991570556
0.990931009
0.990242669
0.989497563
0.988686821
0.987801986
0.986835925
0.985782799
0.984637221
0.983393209
0.982043478
0.980579604
0.978992972
0.977275986
0.975423095
0.973430988
0.971297168
0.969019923
0.966596052
0.964017879
0.961274887
0.958352843
0.955235894
0.951906883
0.948349805
0.944547078
0.940479008
0.936126106
0.931468512
0.926483826
0.921146296
0.915426947
0.909283774
0.902676661
0.895563367
0.887902191
0.879648841
0.870751743
0.861142747
0.850743873
0.839462298
0.827167147
0.813713058
0.798910372
0.782553483
0.764423752
0.744248233
0.721764474
0.696710089
0.668841788
0.637973028
0.603953353
0.56675466
0.526489816
0.483425826
0.438302074
0.391270814
0.343117893
0.294889468
0.247847836
0.203328204
0.162576778
0.126557902
0.095822606
0.070492385
0.050316493
0.997112219
0.996855697
0.996572479
0.996272601
0.995962076
0.995641576
0.995307669
0.994954733
0.994576578
0.994167664
0.993723929
0.993243095
0.992724317
0.992167217
0.991570556
0.990931009
0.990242669
0.989497563
0.988686821
0.987801986
0.986835925
0.985782799
0.984637221
0.983393209
0.982043478
0.980579604
0.978992972
0.977275986
0.975423095
0.973430988
0.971297168
0.969019923
0.966596052
0.964017879
0.961274887
0.958352843
0.955235894
0.951906883
0.948349805
0.944547078
0.940479008
0.936126106
0.931468512
0.926483826
0.921146296
0.915426947
0.909283774
0.902676661
0.895563367
0.887902191
0.879648841
0.870751743
0.861142747
0.850743873
0.839462298
0.827167147
0.813713058
0.798910372
0.782553483
0.764423752
0.744248233
0.721764474
0.696710089
0.668841788
0.637973028
0.603953353
0.56675466
0.526489816
0.483425826
0.438302074
0.391270814
0.343117893
0.294889468
0.247847836
0.203328204
0.162576778
0.126557902
0.095822606
0.070492385
0.050316493
0.997112219
0.996855697
0.996572479
0.996272601
0.995962076
0.995641576
0.995307669
0.994954733
0.994576578
0.994167664
0.993723929
0.993243095
0.992724317
0.992167217
0.991570556
0.990931009
0.990242669
0.989497563
0.988686821
0.987801986
0.986835925
0.985782799
0.984637221
0.983393209
0.982043478
0.980579604
0.978992972
0.977275986
0.975423095
0.973430988
0.971297168
0.969019923
0.966596052
0.964017879
0.961274887
0.958352843
0.955235894
0.951906883
0.948349805
0.944547078
0.940479008
0.936126106
0.931468512
0.926483826
0.921146296
0.915426947
0.909283774
0.902676661
0.895563367
0.887902191
0.879648841
0.870751743
0.861142747
0.850743873
0.839462298
0.827167147
0.813713058
0.798910372
0.782553483
0.764423752
0.744248233
0.721764474
0.696710089
0.668841788
0.637973028
0.603953353
0.56675466
0.526489816
0.483425826
0.438302074
0.391270814
0.343117893
0.294889468
0.247847836
0.203328204
0.162576778
0.126557902
0.095822606
0.070492385
0.050316493
0.997112219
0.996855697
0.996572479
0.996272601
0.995962076
0.995641576
0.995307669
0.994954733
0.994576578
0.994167664
0.993723929
0.993243095
0.992724317
0.992167217
0.991570556
0.990931009
0.990242669
0.989497563
0.988686821
0.987801986
0.986835925
0.985782799
0.984637221
0.983393209
0.982043478
0.980579604
0.978992972
0.977275986
0.975423095
0.973430988
0.971297168
0.969019923
0.966596052
0.964017879
0.961274887
0.958352843
0.955235894
0.951906883
0.948349805
0.944547078
0.940479008
0.936126106
0.931468512
0.926483826
0.921146296
0.915426947
0.909283774
0.902676661
0.895563367
0.887902191
0.879648841
0.870751743
0.861142747
0.850743873
0.839462298
0.827167147
0.813713058
0.798910372
0.782553483
0.764423752
0.744248233
0.721764474
0.696710089
0.668841788
0.637973028
0.603953353
0.56675466
0.526489816
0.483425826
0.438302074
0.391270814
0.343117893
0.294889468
0.247847836
0.203328204
0.162576778
0.126557902
0.095822606
0.070492385
0.050316493
0.997112219
0.996855697
0.996572479
0.996272601
0.995962076
0.995641576
0.995307669
0.994954733
0.994576578
0.994167664
0.993723929
0.993243095
0.992724317
0.992167217
0.991570556
0.990931009
0.990242669
0.989497563
0.988686821
0.987801986
0.986835925
0.985782799
0.984637221
0.983393209
0.982043478
0.980579604
0.978992972
0.977275986
0.975423095
0.973430988
0.971297168
0.969019923
0.966596052
0.964017879
0.961274887
0.958352843
0.955235894
0.951906883
0.948349805
0.944547078
0.940479008
0.936126106
0.931468512
0.926483826
0.921146296
0.915426947
0.909283774
0.902676661
0.895563367
0.887902191
0.879648841
0.870751743
0.861142747
0.850743873
0.839462298
0.827167147
0.813713058
0.798910372
0.782553483
0.764423752
0.744248233
0.721764474
0.696710089
0.668841788
0.637973028
0.603953353
0.56675466
0.526489816
0.483425826
0.438302074
0.391270814
0.343117893
0.294889468
0.247847836
0.203328204
0.162576778
0.126557902
0.095822606
0.070492385
0.050316493
0.997112219
0.996855697
0.996572479
0.996272601
0.995962076
0.995641576
0.995307669
0.994954733
0.994576578
0.994167664
0.993723929
0.993243095
0.992724317
0.992167217
0.991570556
0.990931009
0.990242669
0.989497563
0.988686821
0.987801986
0.986835925
0.985782799
0.984637221
0.983393209
0.982043478
0.980579604
0.978992972
0.977275986
0.975423095
0.973430988
0.971297168
0.969019923
0.966596052
0.964017879
0.961274887
0.958352843
0.955235894
0.951906883
0.948349805
0.944547078
0.940479008
0.936126106
0.931468512
0.926483826
0.921146296
0.915426947
0.909283774
0.902676661
0.895563367
0.887902191
0.879648841
0.870751743
0.861142747
0.850743873
0.839462298
0.827167147
0.813713058
0.798910372
0.782553483
0.764423752
0.744248233
0.721764474
0.696710089
0.668841788
0.637973028
0.603953353
0.56675466
0.526489816
0.483425826
0.438302074
0.391270814
0.343117893
0.294889468
0.247847836
0.203328204
0.162576778
0.126557902
0.095822606
0.070492385
0.050316493
0.997112219
0.996855697
0.996572479
0.996272601
0.995962076
0.995641576
0.995307669
0.994954733
0.994576578
0.994167664
0.993723929
0.993243095
0.992724317
0.992167217
0.991570556
0.990931009
0.990242669
0.989497563
0.988686821
0.987801986
0.986835925
0.985782799
0.984637221
0.983393209
0.982043478
0.980579604
0.978992972
0.977275986
0.975423095
0.973430988
0.971297168
0.969019923
0.966596052
0.964017879
0.961274887
0.958352843
0.955235894
0.951906883
0.948349805
0.944547078
0.940479008
0.936126106
0.931468512
0.926483826
0.921146296
0.915426947
0.909283774
0.902676661
0.895563367
0.887902191
0.879648841
0.870751743
0.861142747
0.850743873
0.839462298
0.827167147
0.813713058
0.798910372
0.782553483
0.764423752
0.744248233
0.721764474
0.696710089
0.668841788
0.637973028
0.603953353
0.56675466
0.526489816
0.483425826
0.438302074
0.391270814
0.343117893
0.294889468
0.247847836
0.203328204
0.162576778
0.126557902
0.095822606
0.070492385
0.050316493
0.997112219
0.996855697
0.996572479
0.996272601
0.995962076
0.995641576
0.995307669
0.994954733
0.994576578
0.994167664
0.993723929
0.993243095
0.992724317
0.992167217
0.991570556
0.990931009
0.990242669
0.989497563
0.988686821
0.987801986
0.986835925
0.985782799
0.984637221
0.983393209
0.982043478
0.980579604
0.978992972
0.977275986
0.975423095
0.973430988
0.971297168
0.969019923
0.966596052
0.964017879
0.961274887
0.958352843
0.955235894
0.951906883
0.948349805
0.944547078
0.940479008
0.936126106
0.931468512
0.926483826
0.921146296
0.915426947
0.909283774
0.902676661
0.895563367
0.887902191
0.879648841
0.870751743
0.861142747
0.850743873
0.839462298
0.827167147
0.813713058
0.798910372
0.782553483
0.764423752
0.744248233
0.721764474
0.696710089
0.668841788
0.637973028
0.603953353
0.56675466
0.526489816
0.483425826
0.438302074
0.391270814
0.343117893
0.294889468
0.247847836
0.203328204
0.162576778
0.126557902
0.095822606
0.070492385
0.050316493
0.997112219
0.996855697
0.996572479
0.996272601
0.995962076
0.995641576
0.995307669
0.994954733
0.994576578
0.994167664
0.993723929
0.993243095
0.992724317
0.992167217
0.991570556
0.990931009
0.990242669
0.989497563
0.988686821
0.987801986
0.986835925
0.985782799
0.984637221
0.983393209
0.982043478
0.980579604
0.978992972
0.977275986
0.975423095
0.973430988
0.971297168
0.969019923
0.966596052
0.964017879
0.961274887
0.958352843
0.955235894
0.951906883
0.948349805
0.944547078
0.940479008
0.936126106
0.931468512
0.926483826
0.921146296
0.915426947
0.909283774
0.902676661
0.895563367
0.887902191
0.879648841
0.870751743
0.861142747
0.850743873
0.839462298
0.827167147
0.813713058
0.798910372
0.782553483
0.764423752
0.744248233
0.721764474
0.696710089
0.668841788
0.637973028
0.603953353
0.56675466
0.526489816
0.483425826
0.438302074
0.391270814
0.343117893
0.294889468
0.247847836
0.203328204
0.162576778
0.126557902
0.095822606
0.070492385
0.050316493
0.997112219
0.996855697
0.996572479
0.996272601
0.995962076
0.995641576
0.995307669
0.994954733
0.994576578
0.994167664
0.993723929
0.993243095
0.992724317
0.992167217
0.991570556
0.990931009
0.990242669
0.989497563
0.988686821
0.987801986
0.986835925
0.985782799
0.984637221
0.983393209
0.982043478
0.980579604
0.978992972
0.977275986
0.975423095
0.973430988
0.971297168
0.969019923
0.966596052
0.964017879
0.961274887
0.958352843
0.955235894
0.951906883
0.948349805
0.944547078
0.940479008
0.936126106
0.931468512
0.926483826
0.921146296
0.915426947
0.909283774
0.902676661
0.895563367
0.887902191
0.879648841
0.870751743
0.861142747
0.850743873
0.839462298
0.827167147
0.813713058
0.798910372
0.782553483
0.764423752
0.744248233
0.721764474
0.696710089
0.668841788
0.637973028
0.603953353
0.56675466
0.526489816
0.483425826
0.438302074
0.391270814
0.343117893
0.294889468
0.247847836
0.203328204
0.162576778
0.126557902
0.095822606
0.070492385
0.050316493
0.997112219
0.996855697
0.996572479
0.996272601
0.995962076
0.995641576
0.995307669
0.994954733
0.994576578
0.994167664
0.993723929
0.993243095
0.992724317
0.992167217
0.991570556
0.990931009
0.990242669
0.989497563
0.988686821
0.987801986
0.986835925
0.985782799
0.984637221
0.983393209
0.982043478
0.980579604
0.978992972
0.977275986
0.975423095
0.973430988
0.971297168
0.969019923
0.966596052
0.964017879
0.961274887
0.958352843
0.955235894
0.951906883
0.948349805
0.944547078
0.940479008
0.936126106
0.931468512
0.926483826
0.921146296
0.915426947
0.909283774
0.902676661
0.895563367
0.887902191
0.879648841
0.870751743
0.861142747
0.850743873
0.839462298
0.827167147
0.813713058
0.798910372
0.782553483
0.764423752
0.744248233
0.721764474
0.696710089
0.668841788
0.637973028
0.603953353
0.56675466
0.526489816
0.483425826
0.438302074
0.391270814
0.343117893
0.294889468
0.247847836
0.203328204
0.162576778
0.126557902
0.095822606
0.070492385
0.050316493
0.997112219
0.996855697
0.996572479
0.996272601
0.995962076
0.995641576
0.995307669
0.994954733
0.994576578
0.994167664
0.993723929
0.993243095
0.992724317
0.992167217
0.991570556
0.990931009
0.990242669
0.989497563
0.988686821
0.987801986
0.986835925
0.985782799
0.984637221
0.983393209
0.982043478
0.980579604
0.978992972
0.977275986
0.975423095
0.973430988
0.971297168
0.969019923
0.966596052
0.964017879
0.961274887
0.958352843
0.955235894
0.951906883
0.948349805
0.944547078
0.940479008
0.936126106
0.931468512
0.926483826
0.921146296
0.915426947
0.909283774
0.902676661
0.895563367
0.887902191
0.879648841
0.870751743
0.861142747
0.850743873
0.839462298
0.827167147
0.813713058
0.798910372
0.782553483
0.764423752
0.744248233
0.721764474
0.696710089
0.668841788
0.637973028
0.603953353
0.56675466
0.526489816
0.483425826
0.438302074
0.391270814
0.343117893
0.294889468
0.247847836
0.203328204
0.162576778
0.126557902
0.095822606
0.070492385
0.050316493
0.997112219
0.996855697
0.996572479
0.996272601
0.995962076
0.995641576
0.995307669
0.994954733
0.994576578
0.994167664
0.993723929
0.993243095
0.992724317
0.992167217
0.991570556
0.990931009
0.990242669
0.989497563
0.988686821
0.987801986
0.986835925
0.985782799
0.984637221
0.983393209
0.982043478
0.980579604
0.978992972
0.977275986
0.975423095
0.973430988
0.971297168
0.969019923
0.966596052
0.964017879
0.961274887
0.958352843
0.955235894
0.951906883
0.948349805
0.944547078
0.940479008
0.936126106
0.931468512
0.926483826
0.921146296
0.915426947
0.909283774
0.902676661
0.895563367
0.887902191
0.879648841
0.870751743
0.861142747
0.850743873
0.839462298
0.827167147
0.813713058
0.798910372
0.782553483
0.764423752
0.744248233
0.721764474
0.696710089
0.668841788
0.637973028
0.603953353
0.56675466
0.526489816
0.483425826
0.438302074
0.391270814
0.343117893
0.294889468
0.247847836
0.203328204
0.162576778
0.126557902
0.095822606
0.070492385
0.050316493
0.997112219
0.996855697
0.996572479
0.996272601
0.995962076
0.995641576
0.995307669
0.994954733
0.994576578
0.994167664
0.993723929
0.993243095
0.992724317
0.992167217
0.991570556
0.990931009
0.990242669
0.989497563
0.988686821
0.987801986
0.986835925
0.985782799
0.984637221
0.983393209
0.982043478
0.980579604
0.978992972
0.977275986
0.975423095
0.973430988
0.971297168
0.969019923
0.966596052
0.964017879
0.961274887
0.958352843
0.955235894
0.951906883
0.948349805
0.944547078
0.940479008
0.936126106
0.931468512
0.926483826
0.921146296
0.915426947
0.909283774
0.902676661
0.895563367
0.887902191
0.879648841
0.870751743
0.861142747
0.850743873
0.839462298
0.827167147
0.813713058
0.798910372
0.782553483
0.764423752
0.744248233
0.721764474
0.696710089
0.668841788
0.637973028
0.603953353
0.56675466
0.526489816
0.483425826
0.438302074
0.391270814
0.343117893
0.294889468
0.247847836
0.203328204
0.162576778
0.126557902
0.095822606
0.070492385
0.050316493
0.997112219
0.996855697
0.996572479
0.996272601
0.995962076
0.995641576
0.995307669
0.994954733
0.994576578
0.994167664
0.993723929
0.993243095
0.992724317
0.992167217
0.991570556
0.990931009
0.990242669
0.989497563
0.988686821
0.987801986
0.986835925
0.985782799
0.984637221
0.983393209
0.982043478
0.980579604
0.978992972
0.977275986
0.975423095
0.973430988
0.971297168
0.969019923
0.966596052
0.964017879
0.961274887
0.958352843
0.955235894
0.951906883
0.948349805
0.944547078
0.940479008
0.936126106
0.931468512
0.926483826
0.921146296
0.915426947
0.909283774
0.902676661
0.895563367
0.887902191
0.879648841
0.870751743
0.861142747
0.850743873
0.839462298
0.827167147
0.813713058
0.798910372
0.782553483
0.764423752
0.744248233
0.721764474
0.696710089
0.668841788
0.637973028
0.603953353
0.56675466
0.526489816
0.483425826
0.438302074
0.391270814
0.343117893
0.294889468
0.247847836
0.203328204
0.162576778
0.126557902
0.095822606
0.070492385
0.050316493
0.997112219
0.996855697
0.996572479
0.996272601
0.995962076
0.995641576
0.995307669
0.994954733
0.994576578
0.994167664
0.993723929
0.993243095
0.992724317
0.992167217
0.991570556
0.990931009
0.990242669
0.989497563
0.988686821
0.987801986
0.986835925
0.985782799
0.984637221
0.983393209
0.982043478
0.980579604
0.978992972
0.977275986
0.975423095
0.973430988
0.971297168
0.969019923
0.966596052
0.964017879
0.961274887
0.958352843
0.955235894
0.951906883
0.948349805
0.944547078
0.940479008
0.936126106
0.931468512
0.926483826
0.921146296
0.915426947
0.909283774
0.902676661
0.895563367
0.887902191
0.879648841
0.870751743
0.861142747
0.850743873
0.839462298
0.827167147
0.813713058
0.798910372
0.782553483
0.764423752
0.744248233
0.721764474
0.696710089
0.668841788
0.637973028
0.603953353
0.56675466
0.526489816
0.483425826
0.438302074
0.391270814
0.343117893
0.294889468
0.247847836
0.203328204
0.162576778
0.126557902
0.095822606
0.070492385
0.050316493
0.997112219
0.996855697
0.996572479
0.996272601
0.995962076
0.995641576
0.995307669
0.994954733
0.994576578
0.994167664
0.993723929
0.993243095
0.992724317
0.992167217
0.991570556
0.990931009
0.990242669
0.989497563
0.988686821
0.987801986
0.986835925
0.985782799
0.984637221
0.983393209
0.982043478
0.980579604
0.978992972
0.977275986
0.975423095
0.973430988
0.971297168
0.969019923
0.966596052
0.964017879
0.961274887
0.958352843
0.955235894
0.951906883
0.948349805
0.944547078
0.940479008
0.936126106
0.931468512
0.926483826
0.921146296
0.915426947
0.909283774
0.902676661
0.895563367
0.887902191
0.879648841
0.870751743
0.861142747
0.850743873
0.839462298
0.827167147
0.813713058
0.798910372
0.782553483
0.764423752
0.744248233
0.721764474
0.696710089
0.668841788
0.637973028
0.603953353
0.56675466
0.526489816
0.483425826
0.438302074
0.391270814
0.343117893
0.294889468
0.247847836
0.203328204
0.162576778
0.126557902
0.095822606
0.070492385
0.050316493
0.997112219
0.996855697
0.996572479
0.996272601
0.995962076
0.995641576
0.995307669
0.994954733
0.994576578
0.994167664
0.993723929
0.993243095
0.992724317
0.992167217
0.991570556
0.990931009
0.990242669
0.989497563
0.988686821
0.987801986
0.986835925
0.985782799
0.984637221
0.983393209
0.982043478
0.980579604
0.978992972
0.977275986
0.975423095
0.973430988
0.971297168
0.969019923
0.966596052
0.964017879
0.961274887
0.958352843
0.955235894
0.951906883
0.948349805
0.944547078
0.940479008
0.936126106
0.931468512
0.926483826
0.921146296
0.915426947
0.909283774
0.902676661
0.895563367
0.887902191
0.879648841
0.870751743
0.861142747
0.850743873
0.839462298
0.827167147
0.813713058
0.798910372
0.782553483
0.764423752
0.744248233
0.721764474
0.696710089
0.668841788
0.637973028
0.603953353
0.56675466
0.526489816
0.483425826
0.438302074
0.391270814
0.343117893
0.294889468
0.247847836
0.203328204
0.162576778
0.126557902
0.095822606
0.070492385
0.050316493
0.997112219
0.996855697
0.996572479
0.996272601
0.995962076
0.995641576
0.995307669
0.994954733
0.994576578
0.994167664
0.993723929
0.993243095
0.992724317
0.992167217
0.991570556
0.990931009
0.990242669
0.989497563
0.988686821
0.987801986
0.986835925
0.985782799
0.984637221
0.983393209
0.982043478
0.980579604
0.978992972
0.977275986
0.975423095
0.973430988
0.971297168
0.969019923
0.966596052
0.964017879
0.961274887
0.958352843
0.955235894
0.951906883
0.948349805
0.944547078
0.940479008
0.936126106
0.931468512
0.926483826
0.921146296
0.915426947
0.909283774
0.902676661
0.895563367
0.887902191
0.879648841
0.870751743
0.861142747
0.850743873
0.839462298
0.827167147
0.813713058
0.798910372
0.782553483
0.764423752
0.744248233
0.721764474
0.696710089
0.668841788
0.637973028
0.603953353
0.56675466
0.526489816
0.483425826
0.438302074
0.391270814
0.343117893
0.294889468
0.247847836
0.203328204
0.162576778
0.126557902
0.095822606
0.070492385
0.050316493
0.997112219
0.996855697
0.996572479
0.996272601
0.995962076
0.995641576
0.995307669
0.994954733
0.994576578
0.994167664
0.993723929
0.993243095
0.992724317
0.992167217
0.991570556
0.990931009
0.990242669
0.989497563
0.988686821
0.987801986
0.986835925
0.985782799
0.984637221
0.983393209
0.982043478
0.980579604
0.978992972
0.977275986
0.975423095
0.973430988
0.971297168
0.969019923
0.966596052
0.964017879
0.961274887
0.958352843
0.955235894
0.951906883
0.948349805
0.944547078
0.940479008
0.936126106
0.931468512
0.926483826
0.921146296
0.915426947
0.909283774
0.902676661
0.895563367
0.887902191
0.879648841
0.870751743
0.861142747
0.850743873
0.839462298
0.827167147
0.813713058
0.798910372
0.782553483
0.764423752
0.744248233
0.721764474
0.696710089
0.668841788
0.637973028
0.603953353
0.56675466
0.526489816
0.483425826
0.438302074
0.391270814
0.343117893
0.294889468
0.247847836
0.203328204
0.162576778
0.126557902
0.095822606
0.070492385
0.050316493
0.997112219
0.996855697
0.996572479
0.996272601
0.995962076
0.995641576
0.995307669
0.994954733
0.994576578
0.994167664
0.993723929
0.993243095
0.992724317
0.992167217
0.991570556
0.990931009
0.990242669
0.989497563
0.988686821
0.987801986
0.986835925
0.985782799
0.984637221
0.983393209
0.982043478
0.980579604
0.978992972
0.977275986
0.975423095
0.973430988
0.971297168
0.969019923
0.966596052
0.964017879
0.961274887
0.958352843
0.955235894
0.951906883
0.948349805
0.944547078
0.940479008
0.936126106
0.931468512
0.926483826
0.921146296
0.915426947
0.909283774
0.902676661
0.895563367
0.887902191
0.879648841
0.870751743
0.861142747
0.850743873
0.839462298
0.827167147
0.813713058
0.798910372
0.782553483
0.764423752
0.744248233
0.721764474
0.696710089
0.668841788
0.637973028
0.603953353
0.56675466
0.526489816
0.483425826
0.438302074
0.391270814
0.343117893
0.294889468
0.247847836
0.203328204
0.162576778
0.126557902
0.095822606
0.070492385
0.050316493
0.997112219
0.996855697
0.996572479
0.996272601
0.995962076
0.995641576
0.995307669
0.994954733
0.994576578
0.994167664
0.993723929
0.993243095
0.992724317
0.992167217
0.991570556
0.990931009
0.990242669
0.989497563
0.988686821
0.987801986
0.986835925
0.985782799
0.984637221
0.983393209
0.982043478
0.980579604
0.978992972
0.977275986
0.975423095
0.973430988
0.971297168
0.969019923
0.966596052
0.964017879
0.961274887
0.958352843
0.955235894
0.951906883
0.948349805
0.944547078
0.940479008
0.936126106
0.931468512
0.926483826
0.921146296
0.915426947
0.909283774
0.902676661
0.895563367
0.887902191
0.879648841
0.870751743
0.861142747
0.850743873
0.839462298
0.827167147
0.813713058
0.798910372
0.782553483
0.764423752
0.744248233
0.721764474
0.696710089
0.668841788
0.637973028
0.603953353
0.56675466
0.526489816
0.483425826
0.438302074
0.391270814
0.343117893
0.294889468
0.247847836
0.203328204
0.162576778
0.126557902
0.095822606
0.070492385
0.050316493
0.997112219
0.996855697
0.996572479
0.996272601
0.995962076
0.995641576
0.995307669
0.994954733
0.994576578
0.994167664
0.993723929
0.993243095
0.992724317
0.992167217
0.991570556
0.990931009
0.990242669
0.989497563
0.988686821
0.987801986
0.986835925
0.985782799
0.984637221
0.983393209
0.982043478
0.980579604
0.978992972
0.977275986
0.975423095
0.973430988
0.971297168
0.969019923
0.966596052
0.964017879
0.961274887
0.958352843
0.955235894
0.951906883
0.948349805
0.944547078
0.940479008
0.936126106
0.931468512
0.926483826
0.921146296
0.915426947
0.909283774
0.902676661
0.895563367
0.887902191
0.879648841
0.870751743
0.861142747
0.850743873
0.839462298
0.827167147
0.813713058
0.798910372
0.782553483
0.764423752
0.744248233
0.721764474
0.696710089
0.668841788
0.637973028
0.603953353
0.56675466
0.526489816
0.483425826
0.438302074
0.391270814
0.343117893
0.294889468
0.247847836
0.203328204
0.162576778
0.126557902
0.095822606
0.070492385
0.050316493
0.997112219
0.996855697
0.996572479
0.996272601
0.995962076
0.995641576
0.995307669
0.994954733
0.994576578
0.994167664
0.993723929
0.993243095
0.992724317
0.992167217
0.991570556
0.990931009
0.990242669
0.989497563
0.988686821
0.987801986
0.986835925
0.985782799
0.984637221
0.983393209
0.982043478
0.980579604
0.978992972
0.977275986
0.975423095
0.973430988
0.971297168
0.969019923
0.966596052
0.964017879
0.961274887
0.958352843
0.955235894
0.951906883
0.948349805
0.944547078
0.940479008
0.936126106
0.931468512
0.926483826
0.921146296
0.915426947
0.909283774
0.902676661
0.895563367
0.887902191
0.879648841
0.870751743
0.861142747
0.850743873
0.839462298
0.827167147
0.813713058
0.798910372
0.782553483
0.764423752
0.744248233
0.721764474
0.696710089
0.668841788
0.637973028
0.603953353
0.56675466
0.526489816
0.483425826
0.438302074
0.391270814
0.343117893
0.294889468
0.247847836
0.203328204
0.162576778
0.126557902
0.095822606
0.070492385
0.050316493
0.997112219
0.996855697
0.996572479
0.996272601
0.995962076
0.995641576
0.995307669
0.994954733
0.994576578
0.994167664
0.993723929
0.993243095
0.992724317
0.992167217
0.991570556
0.990931009
0.990242669
0.989497563
0.988686821
0.987801986
0.986835925
0.985782799
0.984637221
0.983393209
0.982043478
0.980579604
0.978992972
0.977275986
0.975423095
0.973430988
0.971297168
0.969019923
0.966596052
0.964017879
0.961274887
0.958352843
0.955235894
0.951906883
0.948349805
0.944547078
0.940479008
0.936126106
0.931468512
0.926483826
0.921146296
0.915426947
0.909283774
0.902676661
0.895563367
0.887902191
0.879648841
0.870751743
0.861142747
0.850743873
0.839462298
0.827167147
0.813713058
0.798910372
0.782553483
0.764423752
0.744248233
0.721764474
0.696710089
0.668841788
0.637973028
0.603953353
0.56675466
0.526489816
0.483425826
0.438302074
0.391270814
0.343117893
0.294889468
0.247847836
0.203328204
0.162576778
0.126557902
0.095822606
0.070492385
0.050316493
0.997112219
0.996855697
0.996572479
0.996272601
0.995962076
0.995641576
0.995307669
0.994954733
0.994576578
0.994167664
0.993723929
0.993243095
0.992724317
0.992167217
0.991570556
0.990931009
0.990242669
0.989497563
0.988686821
0.987801986
0.986835925
0.985782799
0.984637221
0.983393209
0.982043478
0.980579604
0.978992972
0.977275986
0.975423095
0.973430988
0.971297168
0.969019923
0.966596052
0.964017879
0.961274887
0.958352843
0.955235894
0.951906883
0.948349805
0.944547078
0.940479008
0.936126106
0.931468512
0.926483826
0.921146296
0.915426947
0.909283774
0.902676661
0.895563367
0.887902191
0.879648841
0.870751743
0.861142747
0.850743873
0.839462298
0.827167147
0.813713058
0.798910372
0.782553483
0.764423752
0.744248233
0.721764474
0.696710089
0.668841788
0.637973028
0.603953353
0.56675466
0.526489816
0.483425826
0.438302074
0.391270814
0.343117893
0.294889468
0.247847836
0.203328204
0.162576778
0.126557902
0.095822606
0.070492385
0.050316493
0.997112219
0.996855697
0.996572479
0.996272601
0.995962076
0.995641576
0.995307669
0.994954733
0.994576578
0.994167664
0.993723929
0.993243095
0.992724317
0.992167217
0.991570556
0.990931009
0.990242669
0.989497563
0.988686821
0.987801986
0.986835925
0.985782799
0.984637221
0.983393209
0.982043478
0.980579604
0.978992972
0.977275986
0.975423095
0.973430988
0.971297168
0.969019923
0.966596052
0.964017879
0.961274887
0.958352843
0.955235894
0.951906883
0.948349805
0.944547078
0.940479008
0.936126106
0.931468512
0.926483826
0.921146296
0.915426947
0.909283774
0.902676661
0.895563367
0.887902191
0.879648841
0.870751743
0.861142747
0.850743873
0.839462298
0.827167147
0.813713058
0.798910372
0.782553483
0.764423752
0.744248233
0.721764474
0.696710089
0.668841788
0.637973028
0.603953353
0.56675466
0.526489816
0.483425826
0.438302074
0.391270814
0.343117893
0.294889468
0.247847836
0.203328204
0.162576778
0.126557902
0.095822606
0.070492385
0.050316493
0.997112219
0.996855697
0.996572479
0.996272601
0.995962076
0.995641576
0.995307669
0.994954733
0.994576578
0.994167664
0.993723929
0.993243095
0.992724317
0.992167217
0.991570556
0.990931009
0.990242669
0.989497563
0.988686821
0.987801986
0.986835925
0.985782799
0.984637221
0.983393209
0.982043478
0.980579604
0.978992972
0.977275986
0.975423095
0.973430988
0.971297168
0.969019923
0.966596052
0.964017879
0.961274887
0.958352843
0.955235894
0.951906883
0.948349805
0.944547078
0.940479008
0.936126106
0.931468512
0.926483826
0.921146296
0.915426947
0.909283774
0.902676661
0.895563367
0.887902191
0.879648841
0.870751743
0.861142747
0.850743873
0.839462298
0.827167147
0.813713058
0.798910372
0.782553483
0.764423752
0.744248233
0.721764474
0.696710089
0.668841788
0.637973028
0.603953353
0.56675466
0.526489816
0.483425826
0.438302074
0.391270814
0.343117893
0.294889468
0.247847836
0.203328204
0.162576778
0.126557902
0.095822606
0.070492385
0.050316493
0.997112219
0.996855697
0.996572479
0.996272601
0.995962076
0.995641576
0.995307669
0.994954733
0.994576578
0.994167664
0.993723929
0.993243095
0.992724317
0.992167217
0.991570556
0.990931009
0.990242669
0.989497563
0.988686821
0.987801986
0.986835925
0.985782799
0.984637221
0.983393209
0.982043478
0.980579604
0.978992972
0.977275986
0.975423095
0.973430988
0.971297168
0.969019923
0.966596052
0.964017879
0.961274887
0.958352843
0.955235894
0.951906883
0.948349805
0.944547078
0.940479008
0.936126106
0.931468512
0.926483826
0.921146296
0.915426947
0.909283774
0.902676661
0.895563367
0.887902191
0.879648841
0.870751743
0.861142747
0.850743873
0.839462298
0.827167147
0.813713058
0.798910372
0.782553483
0.764423752
0.744248233
0.721764474
0.696710089
0.668841788
0.637973028
0.603953353
0.56675466
0.526489816
0.483425826
0.438302074
0.391270814
0.343117893
0.294889468
0.247847836
0.203328204
0.162576778
0.126557902
0.095822606
0.070492385
0.050316493
0.997112219
0.996855697
0.996572479
0.996272601
0.995962076
0.995641576
0.995307669
0.994954733
0.994576578
0.994167664
0.993723929
0.993243095
0.992724317
0.992167217
0.991570556
0.990931009
0.990242669
0.989497563
0.988686821
0.987801986
0.986835925
0.985782799
0.984637221
0.983393209
0.982043478
0.980579604
0.978992972
0.977275986
0.975423095
0.973430988
0.971297168
0.969019923
0.966596052
0.964017879
0.961274887
0.958352843
0.955235894
0.951906883
0.948349805
0.944547078
0.940479008
0.936126106
0.931468512
0.926483826
0.921146296
0.915426947
0.909283774
0.902676661
0.895563367
0.887902191
0.879648841
0.870751743
0.861142747
0.850743873
0.839462298
0.827167147
0.813713058
0.798910372
0.782553483
0.764423752
0.744248233
0.721764474
0.696710089
0.668841788
0.637973028
0.603953353
0.56675466
0.526489816
0.483425826
0.438302074
0.391270814
0.343117893
0.294889468
0.247847836
0.203328204
0.162576778
0.126557902
0.095822606
0.070492385
0.050316493
0.997112219
0.996855697
0.996572479
0.996272601
0.995962076
0.995641576
0.995307669
0.994954733
0.994576578
0.994167664
0.993723929
0.993243095
0.992724317
0.992167217
0.991570556
0.990931009
0.990242669
0.989497563
0.988686821
0.987801986
0.986835925
0.985782799
0.984637221
0.983393209
0.982043478
0.980579604
0.978992972
0.977275986
0.975423095
0.973430988
0.971297168
0.969019923
0.966596052
0.964017879
0.961274887
0.958352843
0.955235894
0.951906883
0.948349805
0.944547078
0.940479008
0.936126106
0.931468512
0.926483826
0.921146296
0.915426947
0.909283774
0.902676661
0.895563367
0.887902191
0.879648841
0.870751743
0.861142747
0.850743873
0.839462298
0.827167147
0.813713058
0.798910372
0.782553483
0.764423752
0.744248233
0.721764474
0.696710089
0.668841788
0.637973028
0.603953353
0.56675466
0.526489816
0.483425826
0.438302074
0.391270814
0.343117893
0.294889468
0.247847836
0.203328204
0.162576778
0.126557902
0.095822606
0.070492385
0.050316493
0.997112219
0.996855697
0.996572479
0.996272601
0.995962076
0.995641576
0.995307669
0.994954733
0.994576578
0.994167664
0.993723929
0.993243095
0.992724317
0.992167217
0.991570556
0.990931009
0.990242669
0.989497563
0.988686821
0.987801986
0.986835925
0.985782799
0.984637221
0.983393209
0.982043478
0.980579604
0.978992972
0.977275986
0.975423095
0.973430988
0.971297168
0.969019923
0.966596052
0.964017879
0.961274887
0.958352843
0.955235894
0.951906883
0.948349805
0.944547078
0.940479008
0.936126106
0.931468512
0.926483826
0.921146296
0.915426947
0.909283774
0.902676661
0.895563367
0.887902191
0.879648841
0.870751743
0.861142747
0.850743873
0.839462298
0.827167147
0.813713058
0.798910372
0.782553483
0.764423752
0.744248233
0.721764474
0.696710089
0.668841788
0.637973028
0.603953353
0.56675466
0.526489816
0.483425826
0.438302074
0.391270814
0.343117893
0.294889468
0.247847836
0.203328204
0.162576778
0.126557902
0.095822606
0.070492385
0.050316493
0.997112219
0.996855697
0.996572479
0.996272601
0.995962076
0.995641576
0.995307669
0.994954733
0.994576578
0.994167664
0.993723929
0.993243095
0.992724317
0.992167217
0.991570556
0.990931009
0.990242669
0.989497563
0.988686821
0.987801986
0.986835925
0.985782799
0.984637221
0.983393209
0.982043478
0.980579604
0.978992972
0.977275986
0.975423095
0.973430988
0.971297168
0.969019923
0.966596052
0.964017879
0.961274887
0.958352843
0.955235894
0.951906883
0.948349805
0.944547078
0.940479008
0.936126106
0.931468512
0.926483826
0.921146296
0.915426947
0.909283774
0.902676661
0.895563367
0.887902191
0.879648841
0.870751743
0.861142747
0.850743873
0.839462298
0.827167147
0.813713058
0.798910372
0.782553483
0.764423752
0.744248233
0.721764474
0.696710089
0.668841788
0.637973028
0.603953353
0.56675466
0.526489816
0.483425826
0.438302074
0.391270814
0.343117893
0.294889468
0.247847836
0.203328204
0.162576778
0.126557902
0.095822606
0.070492385
0.050316493
0.997112219
0.996855697
0.996572479
0.996272601
0.995962076
0.995641576
0.995307669
0.994954733
0.994576578
0.994167664
0.993723929
0.993243095
0.992724317
0.992167217
0.991570556
0.990931009
0.990242669
0.989497563
0.988686821
0.987801986
0.986835925
0.985782799
0.984637221
0.983393209
0.982043478
0.980579604
0.978992972
0.977275986
0.975423095
0.973430988
0.971297168
0.969019923
0.966596052
0.964017879
0.961274887
0.958352843
0.955235894
0.951906883
0.948349805
0.944547078
0.940479008
0.936126106
0.931468512
0.926483826
0.921146296
0.915426947
0.909283774
0.902676661
0.895563367
0.887902191
0.879648841
0.870751743
0.861142747
0.850743873
0.839462298
0.827167147
0.813713058
0.798910372
0.782553483
0.764423752
0.744248233
0.721764474
0.696710089
0.668841788
0.637973028
0.603953353
0.56675466
0.526489816
0.483425826
0.438302074
0.391270814
0.343117893
0.294889468
0.247847836
0.203328204
0.162576778
0.126557902
0.095822606
0.070492385
0.050316493
0.997112219
0.996855697
0.996572479
0.996272601
0.995962076
0.995641576
0.995307669
0.994954733
0.994576578
0.994167664
0.993723929
0.993243095
0.992724317
0.992167217
0.991570556
0.990931009
0.990242669
0.989497563
0.988686821
0.987801986
0.986835925
0.985782799
0.984637221
0.983393209
0.982043478
0.980579604
0.978992972
0.977275986
0.975423095
0.973430988
0.971297168
0.969019923
0.966596052
0.964017879
0.961274887
0.958352843
0.955235894
0.951906883
0.948349805
0.944547078
0.940479008
0.936126106
0.931468512
0.926483826
0.921146296
0.915426947
0.909283774
0.902676661
0.895563367
0.887902191
0.879648841
0.870751743
0.861142747
0.850743873
0.839462298
0.827167147
0.813713058
0.798910372
0.782553483
0.764423752
0.744248233
0.721764474
0.696710089
0.668841788
0.637973028
0.603953353
0.56675466
0.526489816
0.483425826
0.438302074
0.391270814
0.343117893
0.294889468
0.247847836
0.203328204
0.162576778
0.126557902
0.095822606
0.070492385
0.050316493
0.997112219
0.996855697
0.996572479
0.996272601
0.995962076
0.995641576
0.995307669
0.994954733
0.994576578
0.994167664
0.993723929
0.993243095
0.992724317
0.992167217
0.991570556
0.990931009
0.990242669
0.989497563
0.988686821
0.987801986
0.986835925
0.985782799
0.984637221
0.983393209
0.982043478
0.980579604
0.978992972
0.977275986
0.975423095
0.973430988
0.971297168
0.969019923
0.966596052
0.964017879
0.961274887
0.958352843
0.955235894
0.951906883
0.948349805
0.944547078
0.940479008
0.936126106
0.931468512
0.926483826
0.921146296
0.915426947
0.909283774
0.902676661
0.895563367
0.887902191
0.879648841
0.870751743
0.861142747
0.850743873
0.839462298
0.827167147
0.813713058
0.798910372
0.782553483
0.764423752
0.744248233
0.721764474
0.696710089
0.668841788
0.637973028
0.603953353
0.56675466
0.526489816
0.483425826
0.438302074
0.391270814
0.343117893
0.294889468
0.247847836
0.203328204
0.162576778
0.126557902
0.095822606
0.070492385
0.050316493
0.997112219
0.996855697
0.996572479
0.996272601
0.995962076
0.995641576
0.995307669
0.994954733
0.994576578
0.994167664
0.993723929
0.993243095
0.992724317
0.992167217
0.991570556
0.990931009
0.990242669
0.989497563
0.988686821
0.987801986
0.986835925
0.985782799
0.984637221
0.983393209
0.982043478
0.980579604
0.978992972
0.977275986
0.975423095
0.973430988
0.971297168
0.969019923
0.966596052
0.964017879
0.961274887
0.958352843
0.955235894
0.951906883
0.948349805
0.944547078
0.940479008
0.936126106
0.931468512
0.926483826
0.921146296
0.915426947
0.909283774
0.902676661
0.895563367
0.887902191
0.879648841
0.870751743
0.861142747
0.850743873
0.839462298
0.827167147
0.813713058
0.798910372
0.782553483
0.764423752
0.744248233
0.721764474
0.696710089
0.668841788
0.637973028
0.603953353
0.56675466
0.526489816
0.483425826
0.438302074
0.391270814
0.343117893
0.294889468
0.247847836
0.203328204
0.162576778
0.126557902
0.095822606
0.070492385
0.050316493
0.997112219
0.996855697
0.996572479
0.996272601
0.995962076
0.995641576
0.995307669
0.994954733
0.994576578
0.994167664
0.993723929
0.993243095
0.992724317
0.992167217
0.991570556
0.990931009
0.990242669
0.989497563
0.988686821
0.987801986
0.986835925
0.985782799
0.984637221
0.983393209
0.982043478
0.980579604
0.978992972
0.977275986
0.975423095
0.973430988
0.971297168
0.969019923
0.966596052
0.964017879
0.961274887
0.958352843
0.955235894
0.951906883
0.948349805
0.944547078
0.940479008
0.936126106
0.931468512
0.926483826
0.921146296
0.915426947
0.909283774
0.902676661
0.895563367
0.887902191
0.879648841
0.870751743
0.861142747
0.850743873
0.839462298
0.827167147
0.813713058
0.798910372
0.782553483
0.764423752
0.744248233
0.721764474
0.696710089
0.668841788
0.637973028
0.603953353
0.56675466
0.526489816
0.483425826
0.438302074
0.391270814
0.343117893
0.294889468
0.247847836
0.203328204
0.162576778
0.126557902
0.095822606
0.070492385
0.050316493
0.997112219
0.996855697
0.996572479
0.996272601
0.995962076
0.995641576
0.995307669
0.994954733
0.994576578
0.994167664
0.993723929
0.993243095
0.992724317
0.992167217
0.991570556
0.990931009
0.990242669
0.989497563
0.988686821
0.987801986
0.986835925
0.985782799
0.984637221
0.983393209
0.982043478
0.980579604
0.978992972
0.977275986
0.975423095
0.973430988
0.971297168
0.969019923
0.966596052
0.964017879
0.961274887
0.958352843
0.955235894
0.951906883
0.948349805
0.944547078
0.940479008
0.936126106
0.931468512
0.926483826
0.921146296
0.915426947
0.909283774
0.902676661
0.895563367
0.887902191
0.879648841
0.870751743
0.861142747
0.850743873
0.839462298
0.827167147
0.813713058
0.798910372
0.782553483
0.764423752
0.744248233
0.721764474
0.696710089
0.668841788
0.637973028
0.603953353
0.56675466
0.526489816
0.483425826
0.438302074
0.391270814
0.343117893
0.294889468
0.247847836
0.203328204
0.162576778
0.126557902
0.095822606
0.070492385
0.050316493
0.997112219
0.996855697
0.996572479
0.996272601
0.995962076
0.995641576
0.995307669
0.994954733
0.994576578
0.994167664
0.993723929
0.993243095
0.992724317
0.992167217
0.991570556
0.990931009
0.990242669
0.989497563
0.988686821
0.987801986
0.986835925
0.985782799
0.984637221
0.983393209
0.982043478
0.980579604
0.978992972
0.977275986
0.975423095
0.973430988
0.971297168
0.969019923
0.966596052
0.964017879
0.961274887
0.958352843
0.955235894
0.951906883
0.948349805
0.944547078
0.940479008
0.936126106
0.931468512
0.926483826
0.921146296
0.915426947
0.909283774
0.902676661
0.895563367
0.887902191
0.879648841
0.870751743
0.861142747
0.850743873
0.839462298
0.827167147
0.813713058
0.798910372
0.782553483
0.764423752
0.744248233
0.721764474
0.696710089
0.668841788
0.637973028
0.603953353
0.56675466
0.526489816
0.483425826
0.438302074
0.391270814
0.343117893
0.294889468
0.247847836
0.203328204
0.162576778
0.126557902
0.095822606
0.070492385
0.050316493
0.997112219
0.996855697
0.996572479
0.996272601
0.995962076
0.995641576
0.995307669
0.994954733
0.994576578
0.994167664
0.993723929
0.993243095
0.992724317
0.992167217
0.991570556
0.990931009
0.990242669
0.989497563
0.988686821
0.987801986
0.986835925
0.985782799
0.984637221
0.983393209
0.982043478
0.980579604
0.978992972
0.977275986
0.975423095
0.973430988
0.971297168
0.969019923
0.966596052
0.964017879
0.961274887
0.958352843
0.955235894
0.951906883
0.948349805
0.944547078
0.940479008
0.936126106
0.931468512
0.926483826
0.921146296
0.915426947
0.909283774
0.902676661
0.895563367
0.887902191
0.879648841
0.870751743
0.861142747
0.850743873
0.839462298
0.827167147
0.813713058
0.798910372
0.782553483
0.764423752
0.744248233
0.721764474
0.696710089
0.668841788
0.637973028
0.603953353
0.56675466
0.526489816
0.483425826
0.438302074
0.391270814
0.343117893
0.294889468
0.247847836
0.203328204
0.162576778
0.126557902
0.095822606
0.070492385
0.050316493
0.997112219
0.996855697
0.996572479
0.996272601
0.995962076
0.995641576
0.995307669
0.994954733
0.994576578
0.994167664
0.993723929
0.993243095
0.992724317
0.992167217
0.991570556
0.990931009
0.990242669
0.989497563
0.988686821
0.987801986
0.986835925
0.985782799
0.984637221
0.983393209
0.982043478
0.980579604
0.978992972
0.977275986
0.975423095
0.973430988
0.971297168
0.969019923
0.966596052
0.964017879
0.961274887
0.958352843
0.955235894
0.951906883
0.948349805
0.944547078
0.940479008
0.936126106
0.931468512
0.926483826
0.921146296
0.915426947
0.909283774
0.902676661
0.895563367
0.887902191
0.879648841
0.870751743
0.861142747
0.850743873
0.839462298
0.827167147
0.813713058
0.798910372
0.782553483
0.764423752
0.744248233
0.721764474
0.696710089
0.668841788
0.637973028
0.603953353
0.56675466
0.526489816
0.483425826
0.438302074
0.391270814
0.343117893
0.294889468
0.247847836
0.203328204
0.162576778
0.126557902
0.095822606
0.070492385
0.050316493
0.997112219
0.996855697
0.996572479
0.996272601
0.995962076
0.995641576
0.995307669
0.994954733
0.994576578
0.994167664
0.993723929
0.993243095
0.992724317
0.992167217
0.991570556
0.990931009
0.990242669
0.989497563
0.988686821
0.987801986
0.986835925
0.985782799
0.984637221
0.983393209
0.982043478
0.980579604
0.978992972
0.977275986
0.975423095
0.973430988
0.971297168
0.969019923
0.966596052
0.964017879
0.961274887
0.958352843
0.955235894
0.951906883
0.948349805
0.944547078
0.940479008
0.936126106
0.931468512
0.926483826
0.921146296
0.915426947
0.909283774
0.902676661
0.895563367
0.887902191
0.879648841
0.870751743
0.861142747
0.850743873
0.839462298
0.827167147
0.813713058
0.798910372
0.782553483
0.764423752
0.744248233
0.721764474
0.696710089
0.668841788
0.637973028
0.603953353
0.56675466
0.526489816
0.483425826
0.438302074
0.391270814
0.343117893
0.294889468
0.247847836
0.203328204
0.162576778
0.126557902
0.095822606
0.070492385
0.050316493
0.997112219
0.996855697
0.996572479
0.996272601
0.995962076
0.995641576
0.995307669
0.994954733
0.994576578
0.994167664
0.993723929
0.993243095
0.992724317
0.992167217
0.991570556
0.990931009
0.990242669
0.989497563
0.988686821
0.987801986
0.986835925
0.985782799
0.984637221
0.983393209
0.982043478
0.980579604
0.978992972
0.977275986
0.975423095
0.973430988
0.971297168
0.969019923
0.966596052
0.964017879
0.961274887
0.958352843
0.955235894
0.951906883
0.948349805
0.944547078
0.940479008
0.936126106
0.931468512
0.926483826
0.921146296
0.915426947
0.909283774
0.902676661
0.895563367
0.887902191
0.879648841
0.870751743
0.861142747
0.850743873
0.839462298
0.827167147
0.813713058
0.798910372
0.782553483
0.764423752
0.744248233
0.721764474
0.696710089
0.668841788
0.637973028
0.603953353
0.56675466
0.526489816
0.483425826
0.438302074
0.391270814
0.343117893
0.294889468
0.247847836
0.203328204
0.162576778
0.126557902
0.095822606
0.070492385
0.050316493
0.997112219
0.996855697
0.996572479
0.996272601
0.995962076
0.995641576
0.995307669
0.994954733
0.994576578
0.994167664
0.993723929
0.993243095
0.992724317
0.992167217
0.991570556
0.990931009
0.990242669
0.989497563
0.988686821
0.987801986
0.986835925
0.985782799
0.984637221
0.983393209
0.982043478
0.980579604
0.978992972
0.977275986
0.975423095
0.973430988
0.971297168
0.969019923
0.966596052
0.964017879
0.961274887
0.958352843
0.955235894
0.951906883
0.948349805
0.944547078
0.940479008
0.936126106
0.931468512
0.926483826
0.921146296
0.915426947
0.909283774
0.902676661
0.895563367
0.887902191
0.879648841
0.870751743
0.861142747
0.850743873
0.839462298
0.827167147
0.813713058
0.798910372
0.782553483
0.764423752
0.744248233
0.721764474
0.696710089
0.668841788
0.637973028
0.603953353
0.56675466
0.526489816
0.483425826
0.438302074
0.391270814
0.343117893
0.294889468
0.247847836
0.203328204
0.162576778
0.126557902
0.095822606
0.070492385
0.050316493
0.997112219
0.996855697
0.996572479
0.996272601
0.995962076
0.995641576
0.995307669
0.994954733
0.994576578
0.994167664
0.993723929
0.993243095
0.992724317
0.992167217
0.991570556
0.990931009
0.990242669
0.989497563
0.988686821
0.987801986
0.986835925
0.985782799
0.984637221
0.983393209
0.982043478
0.980579604
0.978992972
0.977275986
0.975423095
0.973430988
0.971297168
0.969019923
0.966596052
0.964017879
0.961274887
0.958352843
0.955235894
0.951906883
0.948349805
0.944547078
0.940479008
0.936126106
0.931468512
0.926483826
0.921146296
0.915426947
0.909283774
0.902676661
0.895563367
0.887902191
0.879648841
0.870751743
0.861142747
0.850743873
0.839462298
0.827167147
0.813713058
0.798910372
0.782553483
0.764423752
0.744248233
0.721764474
0.696710089
0.668841788
0.637973028
0.603953353
0.56675466
0.526489816
0.483425826
0.438302074
0.391270814
0.343117893
0.294889468
0.247847836
0.203328204
0.162576778
0.126557902
0.095822606
0.070492385
0.050316493
0.997112219
0.996855697
0.996572479
0.996272601
0.995962076
0.995641576
0.995307669
0.994954733
0.994576578
0.994167664
0.993723929
0.993243095
0.992724317
0.992167217
0.991570556
0.990931009
0.990242669
0.989497563
0.988686821
0.987801986
0.986835925
0.985782799
0.984637221
0.983393209
0.982043478
0.980579604
0.978992972
0.977275986
0.975423095
0.973430988
0.971297168
0.969019923
0.966596052
0.964017879
0.961274887
0.958352843
0.955235894
0.951906883
0.948349805
0.944547078
0.940479008
0.936126106
0.931468512
0.926483826
0.921146296
0.915426947
0.909283774
0.902676661
0.895563367
0.887902191
0.879648841
0.870751743
0.861142747
0.850743873
0.839462298
0.827167147
0.813713058
0.798910372
0.782553483
0.764423752
0.744248233
0.721764474
0.696710089
0.668841788
0.637973028
0.603953353
0.56675466
0.526489816
0.483425826
0.438302074
0.391270814
0.343117893
0.294889468
0.247847836
0.203328204
0.162576778
0.126557902
0.095822606
0.070492385
0.050316493
0.997112219
0.996855697
0.996572479
0.996272601
0.995962076
0.995641576
0.995307669
0.994954733
0.994576578
0.994167664
0.993723929
0.993243095
0.992724317
0.992167217
0.991570556
0.990931009
0.990242669
0.989497563
0.988686821
0.987801986
0.986835925
0.985782799
0.984637221
0.983393209
0.982043478
0.980579604
0.978992972
0.977275986
0.975423095
0.973430988
0.971297168
0.969019923
0.966596052
0.964017879
0.961274887
0.958352843
0.955235894
0.951906883
0.948349805
0.944547078
0.940479008
0.936126106
0.931468512
0.926483826
0.921146296
0.915426947
0.909283774
0.902676661
0.895563367
0.887902191
0.879648841
0.870751743
0.861142747
0.850743873
0.839462298
0.827167147
0.813713058
0.798910372
0.782553483
0.764423752
0.744248233
0.721764474
0.696710089
0.668841788
0.637973028
0.603953353
0.56675466
0.526489816
0.483425826
0.438302074
0.391270814
0.343117893
0.294889468
0.247847836
0.203328204
0.162576778
0.126557902
0.095822606
0.070492385
0.050316493
0.997112219
0.996855697
0.996572479
0.996272601
0.995962076
0.995641576
0.995307669
0.994954733
0.994576578
0.994167664
0.993723929
0.993243095
0.992724317
0.992167217
0.991570556
0.990931009
0.990242669
0.989497563
0.988686821
0.987801986
0.986835925
0.985782799
0.984637221
0.983393209
0.982043478
0.980579604
0.978992972
0.977275986
0.975423095
0.973430988
0.971297168
0.969019923
0.966596052
0.964017879
0.961274887
0.958352843
0.955235894
0.951906883
0.948349805
0.944547078
0.940479008
0.936126106
0.931468512
0.926483826
0.921146296
0.915426947
0.909283774
0.902676661
0.895563367
0.887902191
0.879648841
0.870751743
0.861142747
0.850743873
0.839462298
0.827167147
0.813713058
0.798910372
0.782553483
0.764423752
0.744248233
0.721764474
0.696710089
0.668841788
0.637973028
0.603953353
0.56675466
0.526489816
0.483425826
0.438302074
0.391270814
0.343117893
0.294889468
0.247847836
0.203328204
0.162576778
0.126557902
0.095822606
0.070492385
0.050316493
0.997112219
0.996855697
0.996572479
0.996272601
0.995962076
0.995641576
0.995307669
0.994954733
0.994576578
0.994167664
0.993723929
0.993243095
0.992724317
0.992167217
0.991570556
0.990931009
0.990242669
0.989497563
0.988686821
0.987801986
0.986835925
0.985782799
0.984637221
0.983393209
0.982043478
0.980579604
0.978992972
0.977275986
0.975423095
0.973430988
0.971297168
0.969019923
0.966596052
0.964017879
0.961274887
0.958352843
0.955235894
0.951906883
0.948349805
0.944547078
0.940479008
0.936126106
0.931468512
0.926483826
0.921146296
0.915426947
0.909283774
0.902676661
0.895563367
0.887902191
0.879648841
0.870751743
0.861142747
0.850743873
0.839462298
0.827167147
0.813713058
0.798910372
0.782553483
0.764423752
0.744248233
0.721764474
0.696710089
0.668841788
0.637973028
0.603953353
0.56675466
0.526489816
0.483425826
0.438302074
0.391270814
0.343117893
0.294889468
0.247847836
0.203328204
0.162576778
0.126557902
0.095822606
0.070492385
0.050316493
0.997112219
0.996855697
0.996572479
0.996272601
0.995962076
0.995641576
0.995307669
0.994954733
0.994576578
0.994167664
0.993723929
0.993243095
0.992724317
0.992167217
0.991570556
0.990931009
0.990242669
0.989497563
0.988686821
0.987801986
0.986835925
0.985782799
0.984637221
0.983393209
0.982043478
0.980579604
0.978992972
0.977275986
0.975423095
0.973430988
0.971297168
0.969019923
0.966596052
0.964017879
0.961274887
0.958352843
0.955235894
0.951906883
0.948349805
0.944547078
0.940479008
0.936126106
0.931468512
0.926483826
0.921146296
0.915426947
0.909283774
0.902676661
0.895563367
0.887902191
0.879648841
0.870751743
0.861142747
0.850743873
0.839462298
0.827167147
0.813713058
0.798910372
0.782553483
0.764423752
0.744248233
0.721764474
0.696710089
0.668841788
0.637973028
0.603953353
0.56675466
0.526489816
0.483425826
0.438302074
0.391270814
0.343117893
0.294889468
0.247847836
0.203328204
0.162576778
0.126557902
0.095822606
0.070492385
0.050316493
0.997112219
0.996855697
0.996572479
0.996272601
0.995962076
0.995641576
0.995307669
0.994954733
0.994576578
0.994167664
0.993723929
0.993243095
0.992724317
0.992167217
0.991570556
0.990931009
0.990242669
0.989497563
0.988686821
0.987801986
0.986835925
0.985782799
0.984637221
0.983393209
0.982043478
0.980579604
0.978992972
0.977275986
0.975423095
0.973430988
0.971297168
0.969019923
0.966596052
0.964017879
0.961274887
0.958352843
0.955235894
0.951906883
0.948349805
0.944547078
0.940479008
0.936126106
0.931468512
0.926483826
0.921146296
0.915426947
0.909283774
0.902676661
0.895563367
0.887902191
0.879648841
0.870751743
0.861142747
0.850743873
0.839462298
0.827167147
0.813713058
0.798910372
0.782553483
0.764423752
0.744248233
0.721764474
0.696710089
0.668841788
0.637973028
0.603953353
0.56675466
0.526489816
0.483425826
0.438302074
0.391270814
0.343117893
0.294889468
0.247847836
0.203328204
0.162576778
0.126557902
0.095822606
0.070492385
0.050316493
0.997112219
0.996855697
0.996572479
0.996272601
0.995962076
0.995641576
0.995307669
0.994954733
0.994576578
0.994167664
0.993723929
0.993243095
0.992724317
0.992167217
0.991570556
0.990931009
0.990242669
0.989497563
0.988686821
0.987801986
0.986835925
0.985782799
0.984637221
0.983393209
0.982043478
0.980579604
0.978992972
0.977275986
0.975423095
0.973430988
0.971297168
0.969019923
0.966596052
0.964017879
0.961274887
0.958352843
0.955235894
0.951906883
0.948349805
0.944547078
0.940479008
0.936126106
0.931468512
0.926483826
0.921146296
0.915426947
0.909283774
0.902676661
0.895563367
0.887902191
0.879648841
0.870751743
0.861142747
0.850743873
0.839462298
0.827167147
0.813713058
0.798910372
0.782553483
0.764423752
0.744248233
0.721764474
0.696710089
0.668841788
0.637973028
0.603953353
0.56675466
0.526489816
0.483425826
0.438302074
0.391270814
0.343117893
0.294889468
0.247847836
0.203328204
0.162576778
0.126557902
0.095822606
0.070492385
0.050316493
0.997112219
0.996855697
0.996572479
0.996272601
0.995962076
0.995641576
0.995307669
0.994954733
0.994576578
0.994167664
0.993723929
0.993243095
0.992724317
0.992167217
0.991570556
0.990931009
0.990242669
0.989497563
0.988686821
0.987801986
0.986835925
0.985782799
0.984637221
0.983393209
0.982043478
0.980579604
0.978992972
0.977275986
0.975423095
0.973430988
0.971297168
0.969019923
0.966596052
0.964017879
0.961274887
0.958352843
0.955235894
0.951906883
0.948349805
0.944547078
0.940479008
0.936126106
0.931468512
0.926483826
0.921146296
0.915426947
0.909283774
0.902676661
0.895563367
0.887902191
0.879648841
0.870751743
0.861142747
0.850743873
0.839462298
0.827167147
0.813713058
0.798910372
0.782553483
0.764423752
0.744248233
0.721764474
0.696710089
0.668841788
0.637973028
0.603953353
0.56675466
0.526489816
0.483425826
0.438302074
0.391270814
0.343117893
0.294889468
0.247847836
0.203328204
0.162576778
0.126557902
0.095822606
0.070492385
0.050316493
0.997112219
0.996855697
0.996572479
0.996272601
0.995962076
0.995641576
0.995307669
0.994954733
0.994576578
0.994167664
0.993723929
0.993243095
0.992724317
0.992167217
0.991570556
0.990931009
0.990242669
0.989497563
0.988686821
0.987801986
0.986835925
0.985782799
0.984637221
0.983393209
0.982043478
0.980579604
0.978992972
0.977275986
0.975423095
0.973430988
0.971297168
0.969019923
0.966596052
0.964017879
0.961274887
0.958352843
0.955235894
0.951906883
0.948349805
0.944547078
0.940479008
0.936126106
0.931468512
0.926483826
0.921146296
0.915426947
0.909283774
0.902676661
0.895563367
0.887902191
0.879648841
0.870751743
0.861142747
0.850743873
0.839462298
0.827167147
0.813713058
0.798910372
0.782553483
0.764423752
0.744248233
0.721764474
0.696710089
0.668841788
0.637973028
0.603953353
0.56675466
0.526489816
0.483425826
0.438302074
0.391270814
0.343117893
0.294889468
0.247847836
0.203328204
0.162576778
0.126557902
0.095822606
0.070492385
0.050316493
0.997112219
0.996855697
0.996572479
0.996272601
0.995962076
0.995641576
0.995307669
0.994954733
0.994576578
0.994167664
0.993723929
0.993243095
0.992724317
0.992167217
0.991570556
0.990931009
0.990242669
0.989497563
0.988686821
0.987801986
0.986835925
0.985782799
0.984637221
0.983393209
0.982043478
0.980579604
0.978992972
0.977275986
0.975423095
0.973430988
0.971297168
0.969019923
0.966596052
0.964017879
0.961274887
0.958352843
0.955235894
0.951906883
0.948349805
0.944547078
0.940479008
0.936126106
0.931468512
0.926483826
0.921146296
0.915426947
0.909283774
0.902676661
0.895563367
0.887902191
0.879648841
0.870751743
0.861142747
0.850743873
0.839462298
0.827167147
0.813713058
0.798910372
0.782553483
0.764423752
0.744248233
0.721764474
0.696710089
0.668841788
0.637973028
0.603953353
0.56675466
0.526489816
0.483425826
0.438302074
0.391270814
0.343117893
0.294889468
0.247847836
0.203328204
0.162576778
0.126557902
0.095822606
0.070492385
0.050316493
0.997112219
0.996855697
0.996572479
0.996272601
0.995962076
0.995641576
0.995307669
0.994954733
0.994576578
0.994167664
0.993723929
0.993243095
0.992724317
0.992167217
0.991570556
0.990931009
0.990242669
0.989497563
0.988686821
0.987801986
0.986835925
0.985782799
0.984637221
0.983393209
0.982043478
0.980579604
0.978992972
0.977275986
0.975423095
0.973430988
0.971297168
0.969019923
0.966596052
0.964017879
0.961274887
0.958352843
0.955235894
0.951906883
0.948349805
0.944547078
0.940479008
0.936126106
0.931468512
0.926483826
0.921146296
0.915426947
0.909283774
0.902676661
0.895563367
0.887902191
0.879648841
0.870751743
0.861142747
0.850743873
0.839462298
0.827167147
0.813713058
0.798910372
0.782553483
0.764423752
0.744248233
0.721764474
0.696710089
0.668841788
0.637973028
0.603953353
0.56675466
0.526489816
0.483425826
0.438302074
0.391270814
0.343117893
0.294889468
0.247847836
0.203328204
0.162576778
0.126557902
0.095822606
0.070492385
0.050316493
0.997112219
0.996855697
0.996572479
0.996272601
0.995962076
0.995641576
0.995307669
0.994954733
0.994576578
0.994167664
0.993723929
0.993243095
0.992724317
0.992167217
0.991570556
0.990931009
0.990242669
0.989497563
0.988686821
0.987801986
0.986835925
0.985782799
0.984637221
0.983393209
0.982043478
0.980579604
0.978992972
0.977275986
0.975423095
0.973430988
0.971297168
0.969019923
0.966596052
0.964017879
0.961274887
0.958352843
0.955235894
0.951906883
0.948349805
0.944547078
0.940479008
0.936126106
0.931468512
0.926483826
0.921146296
0.915426947
0.909283774
0.902676661
0.895563367
0.887902191
0.879648841
0.870751743
0.861142747
0.850743873
0.839462298
0.827167147
0.813713058
0.798910372
0.782553483
0.764423752
0.744248233
0.721764474
0.696710089
0.668841788
0.637973028
0.603953353
0.56675466
0.526489816
0.483425826
0.438302074
0.391270814
0.343117893
0.294889468
0.247847836
0.203328204
0.162576778
0.126557902
0.095822606
0.070492385
0.050316493
0.997112219
0.996855697
0.996572479
0.996272601
0.995962076
0.995641576
0.995307669
0.994954733
0.994576578
0.994167664
0.993723929
0.993243095
0.992724317
0.992167217
0.991570556
0.990931009
0.990242669
0.989497563
0.988686821
0.987801986
0.986835925
0.985782799
0.984637221
0.983393209
0.982043478
0.980579604
0.978992972
0.977275986
0.975423095
0.973430988
0.971297168
0.969019923
0.966596052
0.964017879
0.961274887
0.958352843
0.955235894
0.951906883
0.948349805
0.944547078
0.940479008
0.936126106
0.931468512
0.926483826
0.921146296
0.915426947
0.909283774
0.902676661
0.895563367
0.887902191
0.879648841
0.870751743
0.861142747
0.850743873
0.839462298
0.827167147
0.813713058
0.798910372
0.782553483
0.764423752
0.744248233
0.721764474
0.696710089
0.668841788
0.637973028
0.603953353
0.56675466
0.526489816
0.483425826
0.438302074
0.391270814
0.343117893
0.294889468
0.247847836
0.203328204
0.162576778
0.126557902
0.095822606
0.070492385
0.050316493
0.997112219
0.996855697
0.996572479
0.996272601
0.995962076
0.995641576
0.995307669
0.994954733
0.994576578
0.994167664
0.993723929
0.993243095
0.992724317
0.992167217
0.991570556
0.990931009
0.990242669
0.989497563
0.988686821
0.987801986
0.986835925
0.985782799
0.984637221
0.983393209
0.982043478
0.980579604
0.978992972
0.977275986
0.975423095
0.973430988
0.971297168
0.969019923
0.966596052
0.964017879
0.961274887
0.958352843
0.955235894
0.951906883
0.948349805
0.944547078
0.940479008
0.936126106
0.931468512
0.926483826
0.921146296
0.915426947
0.909283774
0.902676661
0.895563367
0.887902191
0.879648841
0.870751743
0.861142747
0.850743873
0.839462298
0.827167147
0.813713058
0.798910372
0.782553483
0.764423752
0.744248233
0.721764474
0.696710089
0.668841788
0.637973028
0.603953353
0.56675466
0.526489816
0.483425826
0.438302074
0.391270814
0.343117893
0.294889468
0.247847836
0.203328204
0.162576778
0.126557902
0.095822606
0.070492385
0.050316493
0.997112219
0.996855697
0.996572479
0.996272601
0.995962076
0.995641576
0.995307669
0.994954733
0.994576578
0.994167664
0.993723929
0.993243095
0.992724317
0.992167217
0.991570556
0.990931009
0.990242669
0.989497563
0.988686821
0.987801986
0.986835925
0.985782799
0.984637221
0.983393209
0.982043478
0.980579604
0.978992972
0.977275986
0.975423095
0.973430988
0.971297168
0.969019923
0.966596052
0.964017879
0.961274887
0.958352843
0.955235894
0.951906883
0.948349805
0.944547078
0.940479008
0.936126106
0.931468512
0.926483826
0.921146296
0.915426947
0.909283774
0.902676661
0.895563367
0.887902191
0.879648841
0.870751743
0.861142747
0.850743873
0.839462298
0.827167147
0.813713058
0.798910372
0.782553483
0.764423752
0.744248233
0.721764474
0.696710089
0.668841788
0.637973028
0.603953353
0.56675466
0.526489816
0.483425826
0.438302074
0.391270814
0.343117893
0.294889468
0.247847836
0.203328204
0.162576778
0.126557902
0.095822606
0.070492385
0.050316493
0.997112219
0.996855697
0.996572479
0.996272601
0.995962076
0.995641576
0.995307669
0.994954733
0.994576578
0.994167664
0.993723929
0.993243095
0.992724317
0.992167217
0.991570556
0.990931009
0.990242669
0.989497563
0.988686821
0.987801986
0.986835925
0.985782799
0.984637221
0.983393209
0.982043478
0.980579604
0.978992972
0.977275986
0.975423095
0.973430988
0.971297168
0.969019923
0.966596052
0.964017879
0.961274887
0.958352843
0.955235894
0.951906883
0.948349805
0.944547078
0.940479008
0.936126106
0.931468512
0.926483826
0.921146296
0.915426947
0.909283774
0.902676661
0.895563367
0.887902191
0.879648841
0.870751743
0.861142747
0.850743873
0.839462298
0.827167147
0.813713058
0.798910372
0.782553483
0.764423752
0.744248233
0.721764474
0.696710089
0.668841788
0.637973028
0.603953353
0.56675466
0.526489816
0.483425826
0.438302074
0.391270814
0.343117893
0.294889468
0.247847836
0.203328204
0.162576778
0.126557902
0.095822606
0.070492385
0.050316493
0.997112219
0.996855697
0.996572479
0.996272601
0.995962076
0.995641576
0.995307669
0.994954733
0.994576578
0.994167664
0.993723929
0.993243095
0.992724317
0.992167217
0.991570556
0.990931009
0.990242669
0.989497563
0.988686821
0.987801986
0.986835925
0.985782799
0.984637221
0.983393209
0.982043478
0.980579604
0.978992972
0.977275986
0.975423095
0.973430988
0.971297168
0.969019923
0.966596052
0.964017879
0.961274887
0.958352843
0.955235894
0.951906883
0.948349805
0.944547078
0.940479008
0.936126106
0.931468512
0.926483826
0.921146296
0.915426947
0.909283774
0.902676661
0.895563367
0.887902191
0.879648841
0.870751743
0.861142747
0.850743873
0.839462298
0.827167147
0.813713058
0.798910372
0.782553483
0.764423752
0.744248233
0.721764474
0.696710089
0.668841788
0.637973028
0.603953353
0.56675466
0.526489816
0.483425826
0.438302074
0.391270814
0.343117893
0.294889468
0.247847836
0.203328204
0.162576778
0.126557902
0.095822606
0.070492385
0.050316493
0.997112219
0.996855697
0.996572479
0.996272601
0.995962076
0.995641576
0.995307669
0.994954733
0.994576578
0.994167664
0.993723929
0.993243095
0.992724317
0.992167217
0.991570556
0.990931009
0.990242669
0.989497563
0.988686821
0.987801986
0.986835925
0.985782799
0.984637221
0.983393209
0.982043478
0.980579604
0.978992972
0.977275986
0.975423095
0.973430988
0.971297168
0.969019923
0.966596052
0.964017879
0.961274887
0.958352843
0.955235894
0.951906883
0.948349805
0.944547078
0.940479008
0.936126106
0.931468512
0.926483826
0.921146296
0.915426947
0.909283774
0.902676661
0.895563367
0.887902191
0.879648841
0.870751743
0.861142747
0.850743873
0.839462298
0.827167147
0.813713058
0.798910372
0.782553483
0.764423752
0.744248233
0.721764474
0.696710089
0.668841788
0.637973028
0.603953353
0.56675466
0.526489816
0.483425826
0.438302074
0.391270814
0.343117893
0.294889468
0.247847836
0.203328204
0.162576778
0.126557902
0.095822606
0.070492385
0.050316493
0.997112219
0.996855697
0.996572479
0.996272601
0.995962076
0.995641576
0.995307669
0.994954733
0.994576578
0.994167664
0.993723929
0.993243095
0.992724317
0.992167217
0.991570556
0.990931009
0.990242669
0.989497563
0.988686821
0.987801986
0.986835925
0.985782799
0.984637221
0.983393209
0.982043478
0.980579604
0.978992972
0.977275986
0.975423095
0.973430988
0.971297168
0.969019923
0.966596052
0.964017879
0.961274887
0.958352843
0.955235894
0.951906883
0.948349805
0.944547078
0.940479008
0.936126106
0.931468512
0.926483826
0.921146296
0.915426947
0.909283774
0.902676661
0.895563367
0.887902191
0.879648841
0.870751743
0.861142747
0.850743873
0.839462298
0.827167147
0.813713058
0.798910372
0.782553483
0.764423752
0.744248233
0.721764474
0.696710089
0.668841788
0.637973028
0.603953353
0.56675466
0.526489816
0.483425826
0.438302074
0.391270814
0.343117893
0.294889468
0.247847836
0.203328204
0.162576778
0.126557902
0.095822606
0.070492385
0.050316493
0.997112219
0.996855697
0.996572479
0.996272601
0.995962076
0.995641576
0.995307669
0.994954733
0.994576578
0.994167664
0.993723929
0.993243095
0.992724317
0.992167217
0.991570556
0.990931009
0.990242669
0.989497563
0.988686821
0.987801986
0.986835925
0.985782799
0.984637221
0.983393209
0.982043478
0.980579604
0.978992972
0.977275986
0.975423095
0.973430988
0.971297168
0.969019923
0.966596052
0.964017879
0.961274887
0.958352843
0.955235894
0.951906883
0.948349805
0.944547078
0.940479008
0.936126106
0.931468512
0.926483826
0.921146296
0.915426947
0.909283774
0.902676661
0.895563367
0.887902191
0.879648841
0.870751743
0.861142747
0.850743873
0.839462298
0.827167147
0.813713058
0.798910372
0.782553483
0.764423752
0.744248233
0.721764474
0.696710089
0.668841788
0.637973028
0.603953353
0.56675466
0.526489816
0.483425826
0.438302074
0.391270814
0.343117893
0.294889468
0.247847836
0.203328204
0.162576778
0.126557902
0.095822606
0.070492385
0.050316493
0.997112219
0.996855697
0.996572479
0.996272601
0.995962076
0.995641576
0.995307669
0.994954733
0.994576578
0.994167664
0.993723929
0.993243095
0.992724317
0.992167217
0.991570556
0.990931009
0.990242669
0.989497563
0.988686821
0.987801986
0.986835925
0.985782799
0.984637221
0.983393209
0.982043478
0.980579604
0.978992972
0.977275986
0.975423095
0.973430988
0.971297168
0.969019923
0.966596052
0.964017879
0.961274887
0.958352843
0.955235894
0.951906883
0.948349805
0.944547078
0.940479008
0.936126106
0.931468512
0.926483826
0.921146296
0.915426947
0.909283774
0.902676661
0.895563367
0.887902191
0.879648841
0.870751743
0.861142747
0.850743873
0.839462298
0.827167147
0.813713058
0.798910372
0.782553483
0.764423752
0.744248233
0.721764474
0.696710089
0.668841788
0.637973028
0.603953353
0.56675466
0.526489816
0.483425826
0.438302074
0.391270814
0.343117893
0.294889468
0.247847836
0.203328204
0.162576778
0.126557902
0.095822606
0.070492385
0.050316493
0.997112219
0.996855697
0.996572479
0.996272601
0.995962076
0.995641576
0.995307669
0.994954733
0.994576578
0.994167664
0.993723929
0.993243095
0.992724317
0.992167217
0.991570556
0.990931009
0.990242669
0.989497563
0.988686821
0.987801986
0.986835925
0.985782799
0.984637221
0.983393209
0.982043478
0.980579604
0.978992972
0.977275986
0.975423095
0.973430988
0.971297168
0.969019923
0.966596052
0.964017879
0.961274887
0.958352843
0.955235894
0.951906883
0.948349805
0.944547078
0.940479008
0.936126106
0.931468512
0.926483826
0.921146296
0.915426947
0.909283774
0.902676661
0.895563367
0.887902191
0.879648841
0.870751743
0.861142747
0.850743873
0.839462298
0.827167147
0.813713058
0.798910372
0.782553483
0.764423752
0.744248233
0.721764474
0.696710089
0.668841788
0.637973028
0.603953353
0.56675466
0.526489816
0.483425826
0.438302074
0.391270814
0.343117893
0.294889468
0.247847836
0.203328204
0.162576778
0.126557902
0.095822606
0.070492385
0.050316493
0.997112219
0.996855697
0.996572479
0.996272601
0.995962076
0.995641576
0.995307669
0.994954733
0.994576578
0.994167664
0.993723929
0.993243095
0.992724317
0.992167217
0.991570556
0.990931009
0.990242669
0.989497563
0.988686821
0.987801986
0.986835925
0.985782799
0.984637221
0.983393209
0.982043478
0.980579604
0.978992972
0.977275986
0.975423095
0.973430988
0.971297168
0.969019923
0.966596052
0.964017879
0.961274887
0.958352843
0.955235894
0.951906883
0.948349805
0.944547078
0.940479008
0.936126106
0.931468512
0.926483826
0.921146296
0.915426947
0.909283774
0.902676661
0.895563367
0.887902191
0.879648841
0.870751743
0.861142747
0.850743873
0.839462298
0.827167147
0.813713058
0.798910372
0.782553483
0.764423752
0.744248233
0.721764474
0.696710089
0.668841788
0.637973028
0.603953353
0.56675466
0.526489816
0.483425826
0.438302074
0.391270814
0.343117893
0.294889468
0.247847836
0.203328204
0.162576778
0.126557902
0.095822606
0.070492385
0.050316493
0.997112219
0.996855697
0.996572479
0.996272601
0.995962076
0.995641576
0.995307669
0.994954733
0.994576578
0.994167664
0.993723929
0.993243095
0.992724317
0.992167217
0.991570556
0.990931009
0.990242669
0.989497563
0.988686821
0.987801986
0.986835925
0.985782799
0.984637221
0.983393209
0.982043478
0.980579604
0.978992972
0.977275986
0.975423095
0.973430988
0.971297168
0.969019923
0.966596052
0.964017879
0.961274887
0.958352843
0.955235894
0.951906883
0.948349805
0.944547078
0.940479008
0.936126106
0.931468512
0.926483826
0.921146296
0.915426947
0.909283774
0.902676661
0.895563367
0.887902191
0.879648841
0.870751743
0.861142747
0.850743873
0.839462298
0.827167147
0.813713058
0.798910372
0.782553483
0.764423752
0.744248233
0.721764474
0.696710089
0.668841788
0.637973028
0.603953353
0.56675466
0.526489816
0.483425826
0.438302074
0.391270814
0.343117893
0.294889468
0.247847836
0.203328204
0.162576778
0.126557902
0.095822606
0.070492385
0.050316493
0.997112219
0.996855697
0.996572479
0.996272601
0.995962076
0.995641576
0.995307669
0.994954733
0.994576578
0.994167664
0.993723929
0.993243095
0.992724317
0.992167217
0.991570556
0.990931009
0.990242669
0.989497563
0.988686821
0.987801986
0.986835925
0.985782799
0.984637221
0.983393209
0.982043478
0.980579604
0.978992972
0.977275986
0.975423095
0.973430988
0.971297168
0.969019923
0.966596052
0.964017879
0.961274887
0.958352843
0.955235894
0.951906883
0.948349805
0.944547078
0.940479008
0.936126106
0.931468512
0.926483826
0.921146296
0.915426947
0.909283774
0.902676661
0.895563367
0.887902191
0.879648841
0.870751743
0.861142747
0.850743873
0.839462298
0.827167147
0.813713058
0.798910372
0.782553483
0.764423752
0.744248233
0.721764474
0.696710089
0.668841788
0.637973028
0.603953353
0.56675466
0.526489816
0.483425826
0.438302074
0.391270814
0.343117893
0.294889468
0.247847836
0.203328204
0.162576778
0.126557902
0.095822606
0.070492385
0.050316493
0.997112219
0.996855697
0.996572479
0.996272601
0.995962076
0.995641576
0.995307669
0.994954733
0.994576578
0.994167664
0.993723929
0.993243095
0.992724317
0.992167217
0.991570556
0.990931009
0.990242669
0.989497563
0.988686821
0.987801986
0.986835925
0.985782799
0.984637221
0.983393209
0.982043478
0.980579604
0.978992972
0.977275986
0.975423095
0.973430988
0.971297168
0.969019923
0.966596052
0.964017879
0.961274887
0.958352843
0.955235894
0.951906883
0.948349805
0.944547078
0.940479008
0.936126106
0.931468512
0.926483826
0.921146296
0.915426947
0.909283774
0.902676661
0.895563367
0.887902191
0.879648841
0.870751743
0.861142747
0.850743873
0.839462298
0.827167147
0.813713058
0.798910372
0.782553483
0.764423752
0.744248233
0.721764474
0.696710089
0.668841788
0.637973028
0.603953353
0.56675466
0.526489816
0.483425826
0.438302074
0.391270814
0.343117893
0.294889468
0.247847836
0.203328204
0.162576778
0.126557902
0.095822606
0.070492385
0.050316493
0.997112219
0.996855697
0.996572479
0.996272601
0.995962076
0.995641576
0.995307669
0.994954733
0.994576578
0.994167664
0.993723929
0.993243095
0.992724317
0.992167217
0.991570556
0.990931009
0.990242669
0.989497563
0.988686821
0.987801986
0.986835925
0.985782799
0.984637221
0.983393209
0.982043478
0.980579604
0.978992972
0.977275986
0.975423095
0.973430988
0.971297168
0.969019923
0.966596052
0.964017879
0.961274887
0.958352843
0.955235894
0.951906883
0.948349805
0.944547078
0.940479008
0.936126106
0.931468512
0.926483826
0.921146296
0.915426947
0.909283774
0.902676661
0.895563367
0.887902191
0.879648841
0.870751743
0.861142747
0.850743873
0.839462298
0.827167147
0.813713058
0.798910372
0.782553483
0.764423752
0.744248233
0.721764474
0.696710089
0.668841788
0.637973028
0.603953353
0.56675466
0.526489816
0.483425826
0.438302074
0.391270814
0.343117893
0.294889468
0.247847836
0.203328204
0.162576778
0.126557902
0.095822606
0.070492385
0.050316493
0.997112219
0.996855697
0.996572479
0.996272601
0.995962076
0.995641576
0.995307669
0.994954733
0.994576578
0.994167664
0.993723929
0.993243095
0.992724317
0.992167217
0.991570556
0.990931009
0.990242669
0.989497563
0.988686821
0.987801986
0.986835925
0.985782799
0.984637221
0.983393209
0.982043478
0.980579604
0.978992972
0.977275986
0.975423095
0.973430988
0.971297168
0.969019923
0.966596052
0.964017879
0.961274887
0.958352843
0.955235894
0.951906883
0.948349805
0.944547078
0.940479008
0.936126106
0.931468512
0.926483826
0.921146296
0.915426947
0.909283774
0.902676661
0.895563367
0.887902191
0.879648841
0.870751743
0.861142747
0.850743873
0.839462298
0.827167147
0.813713058
0.798910372
0.782553483
0.764423752
0.744248233
0.721764474
0.696710089
0.668841788
0.637973028
0.603953353
0.56675466
0.526489816
0.483425826
0.438302074
0.391270814
0.343117893
0.294889468
0.247847836
0.203328204
0.162576778
0.126557902
0.095822606
0.070492385
0.050316493
0.997112219
0.996855697
0.996572479
0.996272601
0.995962076
0.995641576
0.995307669
0.994954733
0.994576578
0.994167664
0.993723929
0.993243095
0.992724317
0.992167217
0.991570556
0.990931009
0.990242669
0.989497563
0.988686821
0.987801986
0.986835925
0.985782799
0.984637221
0.983393209
0.982043478
0.980579604
0.978992972
0.977275986
0.975423095
0.973430988
0.971297168
0.969019923
0.966596052
0.964017879
0.961274887
0.958352843
0.955235894
0.951906883
0.948349805
0.944547078
0.940479008
0.936126106
0.931468512
0.926483826
0.921146296
0.915426947
0.909283774
0.902676661
0.895563367
0.887902191
0.879648841
0.870751743
0.861142747
0.850743873
0.839462298
0.827167147
0.813713058
0.798910372
0.782553483
0.764423752
0.744248233
0.721764474
0.696710089
0.668841788
0.637973028
0.603953353
0.56675466
0.526489816
0.483425826
0.438302074
0.391270814
0.343117893
0.294889468
0.247847836
0.203328204
0.162576778
0.126557902
0.095822606
0.070492385
0.050316493
0.997112219
0.996855697
0.996572479
0.996272601
0.995962076
0.995641576
0.995307669
0.994954733
0.994576578
0.994167664
0.993723929
0.993243095
0.992724317
0.992167217
0.991570556
0.990931009
0.990242669
0.989497563
0.988686821
0.987801986
0.986835925
0.985782799
0.984637221
0.983393209
0.982043478
0.980579604
0.978992972
0.977275986
0.975423095
0.973430988
0.971297168
0.969019923
0.966596052
0.964017879
0.961274887
0.958352843
0.955235894
0.951906883
0.948349805
0.944547078
0.940479008
0.936126106
0.931468512
0.926483826
0.921146296
0.915426947
0.909283774
0.902676661
0.895563367
0.887902191
0.879648841
0.870751743
0.861142747
0.850743873
0.839462298
0.827167147
0.813713058
0.798910372
0.782553483
0.764423752
0.744248233
0.721764474
0.696710089
0.668841788
0.637973028
0.603953353
0.56675466
0.526489816
0.483425826
0.438302074
0.391270814
0.343117893
0.294889468
0.247847836
0.203328204
0.162576778
0.126557902
0.095822606
0.070492385
0.050316493
0.997112219
0.996855697
0.996572479
0.996272601
0.995962076
0.995641576
0.995307669
0.994954733
0.994576578
0.994167664
0.993723929
0.993243095
0.992724317
0.992167217
0.991570556
0.990931009
0.990242669
0.989497563
0.988686821
0.987801986
0.986835925
0.985782799
0.984637221
0.983393209
0.982043478
0.980579604
0.978992972
0.977275986
0.975423095
0.973430988
0.971297168
0.969019923
0.966596052
0.964017879
0.961274887
0.958352843
0.955235894
0.951906883
0.948349805
0.944547078
0.940479008
0.936126106
0.931468512
0.926483826
0.921146296
0.915426947
0.909283774
0.902676661
0.895563367
0.887902191
0.879648841
0.870751743
0.861142747
0.850743873
0.839462298
0.827167147
0.813713058
0.798910372
0.782553483
0.764423752
0.744248233
0.721764474
0.696710089
0.668841788
0.637973028
0.603953353
0.56675466
0.526489816
0.483425826
0.438302074
0.391270814
0.343117893
0.294889468
0.247847836
0.203328204
0.162576778
0.126557902
0.095822606
0.070492385
0.050316493
0.997112219
0.996855697
0.996572479
0.996272601
0.995962076
0.995641576
0.995307669
0.994954733
0.994576578
0.994167664
0.993723929
0.993243095
0.992724317
0.992167217
0.991570556
0.990931009
0.990242669
0.989497563
0.988686821
0.987801986
0.986835925
0.985782799
0.984637221
0.983393209
0.982043478
0.980579604
0.978992972
0.977275986
0.975423095
0.973430988
0.971297168
0.969019923
0.966596052
0.964017879
0.961274887
0.958352843
0.955235894
0.951906883
0.948349805
0.944547078
0.940479008
0.936126106
0.931468512
0.926483826
0.921146296
0.915426947
0.909283774
0.902676661
0.895563367
0.887902191
0.879648841
0.870751743
0.861142747
0.850743873
0.839462298
0.827167147
0.813713058
0.798910372
0.782553483
0.764423752
0.744248233
0.721764474
0.696710089
0.668841788
0.637973028
0.603953353
0.56675466
0.526489816
0.483425826
0.438302074
0.391270814
0.343117893
0.294889468
0.247847836
0.203328204
0.162576778
0.126557902
0.095822606
0.070492385
0.050316493
0.997112219
0.996855697
0.996572479
0.996272601
0.995962076
0.995641576
0.995307669
0.994954733
0.994576578
0.994167664
0.993723929
0.993243095
0.992724317
0.992167217
0.991570556
0.990931009
0.990242669
0.989497563
0.988686821
0.987801986
0.986835925
0.985782799
0.984637221
0.983393209
0.982043478
0.980579604
0.978992972
0.977275986
0.975423095
0.973430988
0.971297168
0.969019923
0.966596052
0.964017879
0.961274887
0.958352843
0.955235894
0.951906883
0.948349805
0.944547078
0.940479008
0.936126106
0.931468512
0.926483826
0.921146296
0.915426947
0.909283774
0.902676661
0.895563367
0.887902191
0.879648841
0.870751743
0.861142747
0.850743873
0.839462298
0.827167147
0.813713058
0.798910372
0.782553483
0.764423752
0.744248233
0.721764474
0.696710089
0.668841788
0.637973028
0.603953353
0.56675466
0.526489816
0.483425826
0.438302074
0.391270814
0.343117893
0.294889468
0.247847836
0.203328204
0.162576778
0.126557902
0.095822606
0.070492385
0.050316493
0.997112219
0.996855697
0.996572479
0.996272601
0.995962076
0.995641576
0.995307669
0.994954733
0.994576578
0.994167664
0.993723929
0.993243095
0.992724317
0.992167217
0.991570556
0.990931009
0.990242669
0.989497563
0.988686821
0.987801986
0.986835925
0.985782799
0.984637221
0.983393209
0.982043478
0.980579604
0.978992972
0.977275986
0.975423095
0.973430988
0.971297168
0.969019923
0.966596052
0.964017879
0.961274887
0.958352843
0.955235894
0.951906883
0.948349805
0.944547078
0.940479008
0.936126106
0.931468512
0.926483826
0.921146296
0.915426947
0.909283774
0.902676661
0.895563367
0.887902191
0.879648841
0.870751743
0.861142747
0.850743873
0.839462298
0.827167147
0.813713058
0.798910372
0.782553483
0.764423752
0.744248233
0.721764474
0.696710089
0.668841788
0.637973028
0.603953353
0.56675466
0.526489816
0.483425826
0.438302074
0.391270814
0.343117893
0.294889468
0.247847836
0.203328204
0.162576778
0.126557902
0.095822606
0.070492385
0.050316493
0.997112219
0.996855697
0.996572479
0.996272601
0.995962076
0.995641576
0.995307669
0.994954733
0.994576578
0.994167664
0.993723929
0.993243095
0.992724317
0.992167217
0.991570556
0.990931009
0.990242669
0.989497563
0.988686821
0.987801986
0.986835925
0.985782799
0.984637221
0.983393209
0.982043478
0.980579604
0.978992972
0.977275986
0.975423095
0.973430988
0.971297168
0.969019923
0.966596052
0.964017879
0.961274887
0.958352843
0.955235894
0.951906883
0.948349805
0.944547078
0.940479008
0.936126106
0.931468512
0.926483826
0.921146296
0.915426947
0.909283774
0.902676661
0.895563367
0.887902191
0.879648841
0.870751743
0.861142747
0.850743873
0.839462298
0.827167147
0.813713058
0.798910372
0.782553483
0.764423752
0.744248233
0.721764474
0.696710089
0.668841788
0.637973028
0.603953353
0.56675466
0.526489816
0.483425826
0.438302074
0.391270814
0.343117893
0.294889468
0.247847836
0.203328204
0.162576778
0.126557902
0.095822606
0.070492385
0.050316493
0.997112219
0.996855697
0.996572479
0.996272601
0.995962076
0.995641576
0.995307669
0.994954733
0.994576578
0.994167664
0.993723929
0.993243095
0.992724317
0.992167217
0.991570556
0.990931009
0.990242669
0.989497563
0.988686821
0.987801986
0.986835925
0.985782799
0.984637221
0.983393209
0.982043478
0.980579604
0.978992972
0.977275986
0.975423095
0.973430988
0.971297168
0.969019923
0.966596052
0.964017879
0.961274887
0.958352843
0.955235894
0.951906883
0.948349805
0.944547078
0.940479008
0.936126106
0.931468512
0.926483826
0.921146296
0.915426947
0.909283774
0.902676661
0.895563367
0.887902191
0.879648841
0.870751743
0.861142747
0.850743873
0.839462298
0.827167147
0.813713058
0.798910372
0.782553483
0.764423752
0.744248233
0.721764474
0.696710089
0.668841788
0.637973028
0.603953353
0.56675466
0.526489816
0.483425826
0.438302074
0.391270814
0.343117893
0.294889468
0.247847836
0.203328204
0.162576778
0.126557902
0.095822606
0.070492385
0.050316493
0.997112219
0.996855697
0.996572479
0.996272601
0.995962076
0.995641576
0.995307669
0.994954733
0.994576578
0.994167664
0.993723929
0.993243095
0.992724317
0.992167217
0.991570556
0.990931009
0.990242669
0.989497563
0.988686821
0.987801986
0.986835925
0.985782799
0.984637221
0.983393209
0.982043478
0.980579604
0.978992972
0.977275986
0.975423095
0.973430988
0.971297168
0.969019923
0.966596052
0.964017879
0.961274887
0.958352843
0.955235894
0.951906883
0.948349805
0.944547078
0.940479008
0.936126106
0.931468512
0.926483826
0.921146296
0.915426947
0.909283774
0.902676661
0.895563367
0.887902191
0.879648841
0.870751743
0.861142747
0.850743873
0.839462298
0.827167147
0.813713058
0.798910372
0.782553483
0.764423752
0.744248233
0.721764474
0.696710089
0.668841788
0.637973028
0.603953353
0.56675466
0.526489816
0.483425826
0.438302074
0.391270814
0.343117893
0.294889468
0.247847836
0.203328204
0.162576778
0.126557902
0.095822606
0.070492385
0.050316493
0.997112219
0.996855697
0.996572479
0.996272601
0.995962076
0.995641576
0.995307669
0.994954733
0.994576578
0.994167664
0.993723929
0.993243095
0.992724317
0.992167217
0.991570556
0.990931009
0.990242669
0.989497563
0.988686821
0.987801986
0.986835925
0.985782799
0.984637221
0.983393209
0.982043478
0.980579604
0.978992972
0.977275986
0.975423095
0.973430988
0.971297168
0.969019923
0.966596052
0.964017879
0.961274887
0.958352843
0.955235894
0.951906883
0.948349805
0.944547078
0.940479008
0.936126106
0.931468512
0.926483826
0.921146296
0.915426947
0.909283774
0.902676661
0.895563367
0.887902191
0.879648841
0.870751743
0.861142747
0.850743873
0.839462298
0.827167147
0.813713058
0.798910372
0.782553483
0.764423752
0.744248233
0.721764474
0.696710089
0.668841788
0.637973028
0.603953353
0.56675466
0.526489816
0.483425826
0.438302074
0.391270814
0.343117893
0.294889468
0.247847836
0.203328204
0.162576778
0.126557902
0.095822606
0.070492385
0.050316493
0.997112219
0.996855697
0.996572479
0.996272601
0.995962076
0.995641576
0.995307669
0.994954733
0.994576578
0.994167664
0.993723929
0.993243095
0.992724317
0.992167217
0.991570556
0.990931009
0.990242669
0.989497563
0.988686821
0.987801986
0.986835925
0.985782799
0.984637221
0.983393209
0.982043478
0.980579604
0.978992972
0.977275986
0.975423095
0.973430988
0.971297168
0.969019923
0.966596052
0.964017879
0.961274887
0.958352843
0.955235894
0.951906883
0.948349805
0.944547078
0.940479008
0.936126106
0.931468512
0.926483826
0.921146296
0.915426947
0.909283774
0.902676661
0.895563367
0.887902191
0.879648841
0.870751743
0.861142747
0.850743873
0.839462298
0.827167147
0.813713058
0.798910372
0.782553483
0.764423752
0.744248233
0.721764474
0.696710089
0.668841788
0.637973028
0.603953353
0.56675466
0.526489816
0.483425826
0.438302074
0.391270814
0.343117893
0.294889468
0.247847836
0.203328204
0.162576778
0.126557902
0.095822606
0.070492385
0.050316493
0.997112219
0.996855697
0.996572479
0.996272601
0.995962076
0.995641576
0.995307669
0.994954733
0.994576578
0.994167664
0.993723929
0.993243095
0.992724317
0.992167217
0.991570556
0.990931009
0.990242669
0.989497563
0.988686821
0.987801986
0.986835925
0.985782799
0.984637221
0.983393209
0.982043478
0.980579604
0.978992972
0.977275986
0.975423095
0.973430988
0.971297168
0.969019923
0.966596052
0.964017879
0.961274887
0.958352843
0.955235894
0.951906883
0.948349805
0.944547078
0.940479008
0.936126106
0.931468512
0.926483826
0.921146296
0.915426947
0.909283774
0.902676661
0.895563367
0.887902191
0.879648841
0.870751743
0.861142747
0.850743873
0.839462298
0.827167147
0.813713058
0.798910372
0.782553483
0.764423752
0.744248233
0.721764474
0.696710089
0.668841788
0.637973028
0.603953353
0.56675466
0.526489816
0.483425826
0.438302074
0.391270814
0.343117893
0.294889468
0.247847836
0.203328204
0.162576778
0.126557902
0.095822606
0.070492385
0.050316493
0.997112219
0.996855697
0.996572479
0.996272601
0.995962076
0.995641576
0.995307669
0.994954733
0.994576578
0.994167664
0.993723929
0.993243095
0.992724317
0.992167217
0.991570556
0.990931009
0.990242669
0.989497563
0.988686821
0.987801986
0.986835925
0.985782799
0.984637221
0.983393209
0.982043478
0.980579604
0.978992972
0.977275986
0.975423095
0.973430988
0.971297168
0.969019923
0.966596052
0.964017879
0.961274887
0.958352843
0.955235894
0.951906883
0.948349805
0.944547078
0.940479008
0.936126106
0.931468512
0.926483826
0.921146296
0.915426947
0.909283774
0.902676661
0.895563367
0.887902191
0.879648841
0.870751743
0.861142747
0.850743873
0.839462298
0.827167147
0.813713058
0.798910372
0.782553483
0.764423752
0.744248233
0.721764474
0.696710089
0.668841788
0.637973028
0.603953353
0.56675466
0.526489816
0.483425826
0.438302074
0.391270814
0.343117893
0.294889468
0.247847836
0.203328204
0.162576778
0.126557902
0.095822606
0.070492385
0.050316493
0.997112219
0.996855697
0.996572479
0.996272601
0.995962076
0.995641576
0.995307669
0.994954733
0.994576578
0.994167664
0.993723929
0.993243095
0.992724317
0.992167217
0.991570556
0.990931009
0.990242669
0.989497563
0.988686821
0.987801986
0.986835925
0.985782799
0.984637221
0.983393209
0.982043478
0.980579604
0.978992972
0.977275986
0.975423095
0.973430988
0.971297168
0.969019923
0.966596052
0.964017879
0.961274887
0.958352843
0.955235894
0.951906883
0.948349805
0.944547078
0.940479008
0.936126106
0.931468512
0.926483826
0.921146296
0.915426947
0.909283774
0.902676661
0.895563367
0.887902191
0.879648841
0.870751743
0.861142747
0.850743873
0.839462298
0.827167147
0.813713058
0.798910372
0.782553483
0.764423752
0.744248233
0.721764474
0.696710089
0.668841788
0.637973028
0.603953353
0.56675466
0.526489816
0.483425826
0.438302074
0.391270814
0.343117893
0.294889468
0.247847836
0.203328204
0.162576778
0.126557902
0.095822606
0.070492385
0.050316493
0.997112219
0.996855697
0.996572479
0.996272601
0.995962076
0.995641576
0.995307669
0.994954733
0.994576578
0.994167664
0.993723929
0.993243095
0.992724317
0.992167217
0.991570556
0.990931009
0.990242669
0.989497563
0.988686821
0.987801986
0.986835925
0.985782799
0.984637221
0.983393209
0.982043478
0.980579604
0.978992972
0.977275986
0.975423095
0.973430988
0.971297168
0.969019923
0.966596052
0.964017879
0.961274887
0.958352843
0.955235894
0.951906883
0.948349805
0.944547078
0.940479008
0.936126106
0.931468512
0.926483826
0.921146296
0.915426947
0.909283774
0.902676661
0.895563367
0.887902191
0.879648841
0.870751743
0.861142747
0.850743873
0.839462298
0.827167147
0.813713058
0.798910372
0.782553483
0.764423752
0.744248233
0.721764474
0.696710089
0.668841788
0.637973028
0.603953353
0.56675466
0.526489816
0.483425826
0.438302074
0.391270814
0.343117893
0.294889468
0.247847836
0.203328204
0.162576778
0.126557902
0.095822606
0.070492385
0.050316493
0.997112219
0.996855697
0.996572479
0.996272601
0.995962076
0.995641576
0.995307669
0.994954733
0.994576578
0.994167664
0.993723929
0.993243095
0.992724317
0.992167217
0.991570556
0.990931009
0.990242669
0.989497563
0.988686821
0.987801986
0.986835925
0.985782799
0.984637221
0.983393209
0.982043478
0.980579604
0.978992972
0.977275986
0.975423095
0.973430988
0.971297168
0.969019923
0.966596052
0.964017879
0.961274887
0.958352843
0.955235894
0.951906883
0.948349805
0.944547078
0.940479008
0.936126106
0.931468512
0.926483826
0.921146296
0.915426947
0.909283774
0.902676661
0.895563367
0.887902191
0.879648841
0.870751743
0.861142747
0.850743873
0.839462298
0.827167147
0.813713058
0.798910372
0.782553483
0.764423752
0.744248233
0.721764474
0.696710089
0.668841788
0.637973028
0.603953353
0.56675466
0.526489816
0.483425826
0.438302074
0.391270814
0.343117893
0.294889468
0.247847836
0.203328204
0.162576778
0.126557902
0.095822606
0.070492385
0.050316493
0.997112219
0.996855697
0.996572479
0.996272601
0.995962076
0.995641576
0.995307669
0.994954733
0.994576578
0.994167664
0.993723929
0.993243095
0.992724317
0.992167217
0.991570556
0.990931009
0.990242669
0.989497563
0.988686821
0.987801986
0.986835925
0.985782799
0.984637221
0.983393209
0.982043478
0.980579604
0.978992972
0.977275986
0.975423095
0.973430988
0.971297168
0.969019923
0.966596052
0.964017879
0.961274887
0.958352843
0.955235894
0.951906883
0.948349805
0.944547078
0.940479008
0.936126106
0.931468512
0.926483826
0.921146296
0.915426947
0.909283774
0.902676661
0.895563367
0.887902191
0.879648841
0.870751743
0.861142747
0.850743873
0.839462298
0.827167147
0.813713058
0.798910372
0.782553483
0.764423752
0.744248233
0.721764474
0.696710089
0.668841788
0.637973028
0.603953353
0.56675466
0.526489816
0.483425826
0.438302074
0.391270814
0.343117893
0.294889468
0.247847836
0.203328204
0.162576778
0.126557902
0.095822606
0.070492385
0.050316493
0.997112219
0.996855697
0.996572479
0.996272601
0.995962076
0.995641576
0.995307669
0.994954733
0.994576578
0.994167664
0.993723929
0.993243095
0.992724317
0.992167217
0.991570556
0.990931009
0.990242669
0.989497563
0.988686821
0.987801986
0.986835925
0.985782799
0.984637221
0.983393209
0.982043478
0.980579604
0.978992972
0.977275986
0.975423095
0.973430988
0.971297168
0.969019923
0.966596052
0.964017879
0.961274887
0.958352843
0.955235894
0.951906883
0.948349805
0.944547078
0.940479008
0.936126106
0.931468512
0.926483826
0.921146296
0.915426947
0.909283774
0.902676661
0.895563367
0.887902191
0.879648841
0.870751743
0.861142747
0.850743873
0.839462298
0.827167147
0.813713058
0.798910372
0.782553483
0.764423752
0.744248233
0.721764474
0.696710089
0.668841788
0.637973028
0.603953353
0.56675466
0.526489816
0.483425826
0.438302074
0.391270814
0.343117893
0.294889468
0.247847836
0.203328204
0.162576778
0.126557902
0.095822606
0.070492385
0.050316493
0.997112219
0.996855697
0.996572479
0.996272601
0.995962076
0.995641576
0.995307669
0.994954733
0.994576578
0.994167664
0.993723929
0.993243095
0.992724317
0.992167217
0.991570556
0.990931009
0.990242669
0.989497563
0.988686821
0.987801986
0.986835925
0.985782799
0.984637221
0.983393209
0.982043478
0.980579604
0.978992972
0.977275986
0.975423095
0.973430988
0.971297168
0.969019923
0.966596052
0.964017879
0.961274887
0.958352843
0.955235894
0.951906883
0.948349805
0.944547078
0.940479008
0.936126106
0.931468512
0.926483826
0.921146296
0.915426947
0.909283774
0.902676661
0.895563367
0.887902191
0.879648841
0.870751743
0.861142747
0.850743873
0.839462298
0.827167147
0.813713058
0.798910372
0.782553483
0.764423752
0.744248233
0.721764474
0.696710089
0.668841788
0.637973028
0.603953353
0.56675466
0.526489816
0.483425826
0.438302074
0.391270814
0.343117893
0.294889468
0.247847836
0.203328204
0.162576778
0.126557902
0.095822606
0.070492385
0.050316493
0.997112219
0.996855697
0.996572479
0.996272601
0.995962076
0.995641576
0.995307669
0.994954733
0.994576578
0.994167664
0.993723929
0.993243095
0.992724317
0.992167217
0.991570556
0.990931009
0.990242669
0.989497563
0.988686821
0.987801986
0.986835925
0.985782799
0.984637221
0.983393209
0.982043478
0.980579604
0.978992972
0.977275986
0.975423095
0.973430988
0.971297168
0.969019923
0.966596052
0.964017879
0.961274887
0.958352843
0.955235894
0.951906883
0.948349805
0.944547078
0.940479008
0.936126106
0.931468512
0.926483826
0.921146296
0.915426947
0.909283774
0.902676661
0.895563367
0.887902191
0.879648841
0.870751743
0.861142747
0.850743873
0.839462298
0.827167147
0.813713058
0.798910372
0.782553483
0.764423752
0.744248233
0.721764474
0.696710089
0.668841788
0.637973028
0.603953353
0.56675466
0.526489816
0.483425826
0.438302074
0.391270814
0.343117893
0.294889468
0.247847836
0.203328204
0.162576778
0.126557902
0.095822606
0.070492385
0.050316493
0.997112219
0.996855697
0.996572479
0.996272601
0.995962076
0.995641576
0.995307669
0.994954733
0.994576578
0.994167664
0.993723929
0.993243095
0.992724317
0.992167217
0.991570556
0.990931009
0.990242669
0.989497563
0.988686821
0.987801986
0.986835925
0.985782799
0.984637221
0.983393209
0.982043478
0.980579604
0.978992972
0.977275986
0.975423095
0.973430988
0.971297168
0.969019923
0.966596052
0.964017879
0.961274887
0.958352843
0.955235894
0.951906883
0.948349805
0.944547078
0.940479008
0.936126106
0.931468512
0.926483826
0.921146296
0.915426947
0.909283774
0.902676661
0.895563367
0.887902191
0.879648841
0.870751743
0.861142747
0.850743873
0.839462298
0.827167147
0.813713058
0.798910372
0.782553483
0.764423752
0.744248233
0.721764474
0.696710089
0.668841788
0.637973028
0.603953353
0.56675466
0.526489816
0.483425826
0.438302074
0.391270814
0.343117893
0.294889468
0.247847836
0.203328204
0.162576778
0.126557902
0.095822606
0.070492385
0.050316493
0.997112219
0.996855697
0.996572479
0.996272601
0.995962076
0.995641576
0.995307669
0.994954733
0.994576578
0.994167664
0.993723929
0.993243095
0.992724317
0.992167217
0.991570556
0.990931009
0.990242669
0.989497563
0.988686821
0.987801986
0.986835925
0.985782799
0.984637221
0.983393209
0.982043478
0.980579604
0.978992972
0.977275986
0.975423095
0.973430988
0.971297168
0.969019923
0.966596052
0.964017879
0.961274887
0.958352843
0.955235894
0.951906883
0.948349805
0.944547078
0.940479008
0.936126106
0.931468512
0.926483826
0.921146296
0.915426947
0.909283774
0.902676661
0.895563367
0.887902191
0.879648841
0.870751743
0.861142747
0.850743873
0.839462298
0.827167147
0.813713058
0.798910372
0.782553483
0.764423752
0.744248233
0.721764474
0.696710089
0.668841788
0.637973028
0.603953353
0.56675466
0.526489816
0.483425826
0.438302074
0.391270814
0.343117893
0.294889468
0.247847836
0.203328204
0.162576778
0.126557902
0.095822606
0.070492385
0.050316493
0.997112219
0.996855697
0.996572479
0.996272601
0.995962076
0.995641576
0.995307669
0.994954733
0.994576578
0.994167664
0.993723929
0.993243095
0.992724317
0.992167217
0.991570556
0.990931009
0.990242669
0.989497563
0.988686821
0.987801986
0.986835925
0.985782799
0.984637221
0.983393209
0.982043478
0.980579604
0.978992972
0.977275986
0.975423095
0.973430988
0.971297168
0.969019923
0.966596052
0.964017879
0.961274887
0.958352843
0.955235894
0.951906883
0.948349805
0.944547078
0.940479008
0.936126106
0.931468512
0.926483826
0.921146296
0.915426947
0.909283774
0.902676661
0.895563367
0.887902191
0.879648841
0.870751743
0.861142747
0.850743873
0.839462298
0.827167147
0.813713058
0.798910372
0.782553483
0.764423752
0.744248233
0.721764474
0.696710089
0.668841788
0.637973028
0.603953353
0.56675466
0.526489816
0.483425826
0.438302074
0.391270814
0.343117893
0.294889468
0.247847836
0.203328204
0.162576778
0.126557902
0.095822606
0.070492385
0.050316493
0.997112219
0.996855697
0.996572479
0.996272601
0.995962076
0.995641576
0.995307669
0.994954733
0.994576578
0.994167664
0.993723929
0.993243095
0.992724317
0.992167217
0.991570556
0.990931009
0.990242669
0.989497563
0.988686821
0.987801986
0.986835925
0.985782799
0.984637221
0.983393209
0.982043478
0.980579604
0.978992972
0.977275986
0.975423095
0.973430988
0.971297168
0.969019923
0.966596052
0.964017879
0.961274887
0.958352843
0.955235894
0.951906883
0.948349805
0.944547078
0.940479008
0.936126106
0.931468512
0.926483826
0.921146296
0.915426947
0.909283774
0.902676661
0.895563367
0.887902191
0.879648841
0.870751743
0.861142747
0.850743873
0.839462298
0.827167147
0.813713058
0.798910372
0.782553483
0.764423752
0.744248233
0.721764474
0.696710089
0.668841788
0.637973028
0.603953353
0.56675466
0.526489816
0.483425826
0.438302074
0.391270814
0.343117893
0.294889468
0.247847836
0.203328204
0.162576778
0.126557902
0.095822606
0.070492385
0.050316493
0.997112219
0.996855697
0.996572479
0.996272601
0.995962076
0.995641576
0.995307669
0.994954733
0.994576578
0.994167664
0.993723929
0.993243095
0.992724317
0.992167217
0.991570556
0.990931009
0.990242669
0.989497563
0.988686821
0.987801986
0.986835925
0.985782799
0.984637221
0.983393209
0.982043478
0.980579604
0.978992972
0.977275986
0.975423095
0.973430988
0.971297168
0.969019923
0.966596052
0.964017879
0.961274887
0.958352843
0.955235894
0.951906883
0.948349805
0.944547078
0.940479008
0.936126106
0.931468512
0.926483826
0.921146296
0.915426947
0.909283774
0.902676661
0.895563367
0.887902191
0.879648841
0.870751743
0.861142747
0.850743873
0.839462298
0.827167147
0.813713058
0.798910372
0.782553483
0.764423752
0.744248233
0.721764474
0.696710089
0.668841788
0.637973028
0.603953353
0.56675466
0.526489816
0.483425826
0.438302074
0.391270814
0.343117893
0.294889468
0.247847836
0.203328204
0.162576778
0.126557902
0.095822606
0.070492385
0.050316493
0.997112219
0.996855697
0.996572479
0.996272601
0.995962076
0.995641576
0.995307669
0.994954733
0.994576578
0.994167664
0.993723929
0.993243095
0.992724317
0.992167217
0.991570556
0.990931009
0.990242669
0.989497563
0.988686821
0.987801986
0.986835925
0.985782799
0.984637221
0.983393209
0.982043478
0.980579604
0.978992972
0.977275986
0.975423095
0.973430988
0.971297168
0.969019923
0.966596052
0.964017879
0.961274887
0.958352843
0.955235894
0.951906883
0.948349805
0.944547078
0.940479008
0.936126106
0.931468512
0.926483826
0.921146296
0.915426947
0.909283774
0.902676661
0.895563367
0.887902191
0.879648841
0.870751743
0.861142747
0.850743873
0.839462298
0.827167147
0.813713058
0.798910372
0.782553483
0.764423752
0.744248233
0.721764474
0.696710089
0.668841788
0.637973028
0.603953353
0.56675466
0.526489816
0.483425826
0.438302074
0.391270814
0.343117893
0.294889468
0.247847836
0.203328204
0.162576778
0.126557902
0.095822606
0.070492385
0.050316493
0.997112219
0.996855697
0.996572479
0.996272601
0.995962076
0.995641576
0.995307669
0.994954733
0.994576578
0.994167664
0.993723929
0.993243095
0.992724317
0.992167217
0.991570556
0.990931009
0.990242669
0.989497563
0.988686821
0.987801986
0.986835925
0.985782799
0.984637221
0.983393209
0.982043478
0.980579604
0.978992972
0.977275986
0.975423095
0.973430988
0.971297168
0.969019923
0.966596052
0.964017879
0.961274887
0.958352843
0.955235894
0.951906883
0.948349805
0.944547078
0.940479008
0.936126106
0.931468512
0.926483826
0.921146296
0.915426947
0.909283774
0.902676661
0.895563367
0.887902191
0.879648841
0.870751743
0.861142747
0.850743873
0.839462298
0.827167147
0.813713058
0.798910372
0.782553483
0.764423752
0.744248233
0.721764474
0.696710089
0.668841788
0.637973028
0.603953353
0.56675466
0.526489816
0.483425826
0.438302074
0.391270814
0.343117893
0.294889468
0.247847836
0.203328204
0.162576778
0.126557902
0.095822606
0.070492385
0.050316493
0.997112219
0.996855697
0.996572479
0.996272601
0.995962076
0.995641576
0.995307669
0.994954733
0.994576578
0.994167664
0.993723929
0.993243095
0.992724317
0.992167217
0.991570556
0.990931009
0.990242669
0.989497563
0.988686821
0.987801986
0.986835925
0.985782799
0.984637221
0.983393209
0.982043478
0.980579604
0.978992972
0.977275986
0.975423095
0.973430988
0.971297168
0.969019923
0.966596052
0.964017879
0.961274887
0.958352843
0.955235894
0.951906883
0.948349805
0.944547078
0.940479008
0.936126106
0.931468512
0.926483826
0.921146296
0.915426947
0.909283774
0.902676661
0.895563367
0.887902191
0.879648841
0.870751743
0.861142747
0.850743873
0.839462298
0.827167147
0.813713058
0.798910372
0.782553483
0.764423752
0.744248233
0.721764474
0.696710089
0.668841788
0.637973028
0.603953353
0.56675466
0.526489816
0.483425826
0.438302074
0.391270814
0.343117893
0.294889468
0.247847836
0.203328204
0.162576778
0.126557902
0.095822606
0.070492385
0.050316493
0.997112219
0.996855697
0.996572479
0.996272601
0.995962076
0.995641576
0.995307669
0.994954733
0.994576578
0.994167664
0.993723929
0.993243095
0.992724317
0.992167217
0.991570556
0.990931009
0.990242669
0.989497563
0.988686821
0.987801986
0.986835925
0.985782799
0.984637221
0.983393209
0.982043478
0.980579604
0.978992972
0.977275986
0.975423095
0.973430988
0.971297168
0.969019923
0.966596052
0.964017879
0.961274887
0.958352843
0.955235894
0.951906883
0.948349805
0.944547078
0.940479008
0.936126106
0.931468512
0.926483826
0.921146296
0.915426947
0.909283774
0.902676661
0.895563367
0.887902191
0.879648841
0.870751743
0.861142747
0.850743873
0.839462298
0.827167147
0.813713058
0.798910372
0.782553483
0.764423752
0.744248233
0.721764474
0.696710089
0.668841788
0.637973028
0.603953353
0.56675466
0.526489816
0.483425826
0.438302074
0.391270814
0.343117893
0.294889468
0.247847836
0.203328204
0.162576778
0.126557902
0.095822606
0.070492385
0.050316493
0.997112219
0.996855697
0.996572479
0.996272601
0.995962076
0.995641576
0.995307669
0.994954733
0.994576578
0.994167664
0.993723929
0.993243095
0.992724317
0.992167217
0.991570556
0.990931009
0.990242669
0.989497563
0.988686821
0.987801986
0.986835925
0.985782799
0.984637221
0.983393209
0.982043478
0.980579604
0.978992972
0.977275986
0.975423095
0.973430988
0.971297168
0.969019923
0.966596052
0.964017879
0.961274887
0.958352843
0.955235894
0.951906883
0.948349805
0.944547078
0.940479008
0.936126106
0.931468512
0.926483826
0.921146296
0.915426947
0.909283774
0.902676661
0.895563367
0.887902191
0.879648841
0.870751743
0.861142747
0.850743873
0.839462298
0.827167147
0.813713058
0.798910372
0.782553483
0.764423752
0.744248233
0.721764474
0.696710089
0.668841788
0.637973028
0.603953353
0.56675466
0.526489816
0.483425826
0.438302074
0.391270814
0.343117893
0.294889468
0.247847836
0.203328204
0.162576778
0.126557902
0.095822606
0.070492385
0.050316493
0.997112219
0.996855697
0.996572479
0.996272601
0.995962076
0.995641576
0.995307669
0.994954733
0.994576578
0.994167664
0.993723929
0.993243095
0.992724317
0.992167217
0.991570556
0.990931009
0.990242669
0.989497563
0.988686821
0.987801986
0.986835925
0.985782799
0.984637221
0.983393209
0.982043478
0.980579604
0.978992972
0.977275986
0.975423095
0.973430988
0.971297168
0.969019923
0.966596052
0.964017879
0.961274887
0.958352843
0.955235894
0.951906883
0.948349805
0.944547078
0.940479008
0.936126106
0.931468512
0.926483826
0.921146296
0.915426947
0.909283774
0.902676661
0.895563367
0.887902191
0.879648841
0.870751743
0.861142747
0.850743873
0.839462298
0.827167147
0.813713058
0.798910372
0.782553483
0.764423752
0.744248233
0.721764474
0.696710089
0.668841788
0.637973028
0.603953353
0.56675466
0.526489816
0.483425826
0.438302074
0.391270814
0.343117893
0.294889468
0.247847836
0.203328204
0.162576778
0.126557902
0.095822606
0.070492385
0.050316493
0.997112219
0.996855697
0.996572479
0.996272601
0.995962076
0.995641576
0.995307669
0.994954733
0.994576578
0.994167664
0.993723929
0.993243095
0.992724317
0.992167217
0.991570556
0.990931009
0.990242669
0.989497563
0.988686821
0.987801986
0.986835925
0.985782799
0.984637221
0.983393209
0.982043478
0.980579604
0.978992972
0.977275986
0.975423095
0.973430988
0.971297168
0.969019923
0.966596052
0.964017879
0.961274887
0.958352843
0.955235894
0.951906883
0.948349805
0.944547078
0.940479008
0.936126106
0.931468512
0.926483826
0.921146296
0.915426947
0.909283774
0.902676661
0.895563367
0.887902191
0.879648841
0.870751743
0.861142747
0.850743873
0.839462298
0.827167147
0.813713058
0.798910372
0.782553483
0.764423752
0.744248233
0.721764474
0.696710089
0.668841788
0.637973028
0.603953353
0.56675466
0.526489816
0.483425826
0.438302074
0.391270814
0.343117893
0.294889468
0.247847836
0.203328204
0.162576778
0.126557902
0.095822606
0.070492385
0.050316493
0.997112219
0.996855697
0.996572479
0.996272601
0.995962076
0.995641576
0.995307669
0.994954733
0.994576578
0.994167664
0.993723929
0.993243095
0.992724317
0.992167217
0.991570556
0.990931009
0.990242669
0.989497563
0.988686821
0.987801986
0.986835925
0.985782799
0.984637221
0.983393209
0.982043478
0.980579604
0.978992972
0.977275986
0.975423095
0.973430988
0.971297168
0.969019923
0.966596052
0.964017879
0.961274887
0.958352843
0.955235894
0.951906883
0.948349805
0.944547078
0.940479008
0.936126106
0.931468512
0.926483826
0.921146296
0.915426947
0.909283774
0.902676661
0.895563367
0.887902191
0.879648841
0.870751743
0.861142747
0.850743873
0.839462298
0.827167147
0.813713058
0.798910372
0.782553483
0.764423752
0.744248233
0.721764474
0.696710089
0.668841788
0.637973028
0.603953353
0.56675466
0.526489816
0.483425826
0.438302074
0.391270814
0.343117893
0.294889468
0.247847836
0.203328204
0.162576778
0.126557902
0.095822606
0.070492385
0.050316493
0.997112219
0.996855697
0.996572479
0.996272601
0.995962076
0.995641576
0.995307669
0.994954733
0.994576578
0.994167664
0.993723929
0.993243095
0.992724317
0.992167217
0.991570556
0.990931009
0.990242669
0.989497563
0.988686821
0.987801986
0.986835925
0.985782799
0.984637221
0.983393209
0.982043478
0.980579604
0.978992972
0.977275986
0.975423095
0.973430988
0.971297168
0.969019923
0.966596052
0.964017879
0.961274887
0.958352843
0.955235894
0.951906883
0.948349805
0.944547078
0.940479008
0.936126106
0.931468512
0.926483826
0.921146296
0.915426947
0.909283774
0.902676661
0.895563367
0.887902191
0.879648841
0.870751743
0.861142747
0.850743873
0.839462298
0.827167147
0.813713058
0.798910372
0.782553483
0.764423752
0.744248233
0.721764474
0.696710089
0.668841788
0.637973028
0.603953353
0.56675466
0.526489816
0.483425826
0.438302074
0.391270814
0.343117893
0.294889468
0.247847836
0.203328204
0.162576778
0.126557902
0.095822606
0.070492385
0.050316493
0.997112219
0.996855697
0.996572479
0.996272601
0.995962076
0.995641576
0.995307669
0.994954733
0.994576578
0.994167664
0.993723929
0.993243095
0.992724317
0.992167217
0.991570556
0.990931009
0.990242669
0.989497563
0.988686821
0.987801986
0.986835925
0.985782799
0.984637221
0.983393209
0.982043478
0.980579604
0.978992972
0.977275986
0.975423095
0.973430988
0.971297168
0.969019923
0.966596052
0.964017879
0.961274887
0.958352843
0.955235894
0.951906883
0.948349805
0.944547078
0.940479008
0.936126106
0.931468512
0.926483826
0.921146296
0.915426947
0.909283774
0.902676661
0.895563367
0.887902191
0.879648841
0.870751743
0.861142747
0.850743873
0.839462298
0.827167147
0.813713058
0.798910372
0.782553483
0.764423752
0.744248233
0.721764474
0.696710089
0.668841788
0.637973028
0.603953353
0.56675466
0.526489816
0.483425826
0.438302074
0.391270814
0.343117893
0.294889468
0.247847836
0.203328204
0.162576778
0.126557902
0.095822606
0.070492385
0.050316493
0.997112219
0.996855697
0.996572479
0.996272601
0.995962076
0.995641576
0.995307669
0.994954733
0.994576578
0.994167664
0.993723929
0.993243095
0.992724317
0.992167217
0.991570556
0.990931009
0.990242669
0.989497563
0.988686821
0.987801986
0.986835925
0.985782799
0.984637221
0.983393209
0.982043478
0.980579604
0.978992972
0.977275986
0.975423095
0.973430988
0.971297168
0.969019923
0.966596052
0.964017879
0.961274887
0.958352843
0.955235894
0.951906883
0.948349805
0.944547078
0.940479008
0.936126106
0.931468512
0.926483826
0.921146296
0.915426947
0.909283774
0.902676661
0.895563367
0.887902191
0.879648841
0.870751743
0.861142747
0.850743873
0.839462298
0.827167147
0.813713058
0.798910372
0.782553483
0.764423752
0.744248233
0.721764474
0.696710089
0.668841788
0.637973028
0.603953353
0.56675466
0.526489816
0.483425826
0.438302074
0.391270814
0.343117893
0.294889468
0.247847836
0.203328204
0.162576778
0.126557902
0.095822606
0.070492385
0.050316493
0.997112219
0.996855697
0.996572479
0.996272601
0.995962076
0.995641576
0.995307669
0.994954733
0.994576578
0.994167664
0.993723929
0.993243095
0.992724317
0.992167217
0.991570556
0.990931009
0.990242669
0.989497563
0.988686821
0.987801986
0.986835925
0.985782799
0.984637221
0.983393209
0.982043478
0.980579604
0.978992972
0.977275986
0.975423095
0.973430988
0.971297168
0.969019923
0.966596052
0.964017879
0.961274887
0.958352843
0.955235894
0.951906883
0.948349805
0.944547078
0.940479008
0.936126106
0.931468512
0.926483826
0.921146296
0.915426947
0.909283774
0.902676661
0.895563367
0.887902191
0.879648841
0.870751743
0.861142747
0.850743873
0.839462298
0.827167147
0.813713058
0.798910372
0.782553483
0.764423752
0.744248233
0.721764474
0.696710089
0.668841788
0.637973028
0.603953353
0.56675466
0.526489816
0.483425826
0.438302074
0.391270814
0.343117893
0.294889468
0.247847836
0.203328204
0.162576778
0.126557902
0.095822606
0.070492385
0.050316493
0.997112219
0.996855697
0.996572479
0.996272601
0.995962076
0.995641576
0.995307669
0.994954733
0.994576578
0.994167664
0.993723929
0.993243095
0.992724317
0.992167217
0.991570556
0.990931009
0.990242669
0.989497563
0.988686821
0.987801986
0.986835925
0.985782799
0.984637221
0.983393209
0.982043478
0.980579604
0.978992972
0.977275986
0.975423095
0.973430988
0.971297168
0.969019923
0.966596052
0.964017879
0.961274887
0.958352843
0.955235894
0.951906883
0.948349805
0.944547078
0.940479008
0.936126106
0.931468512
0.926483826
0.921146296
0.915426947
0.909283774
0.902676661
0.895563367
0.887902191
0.879648841
0.870751743
0.861142747
0.850743873
0.839462298
0.827167147
0.813713058
0.798910372
0.782553483
0.764423752
0.744248233
0.721764474
0.696710089
0.668841788
0.637973028
0.603953353
0.56675466
0.526489816
0.483425826
0.438302074
0.391270814
0.343117893
0.294889468
0.247847836
0.203328204
0.162576778
0.126557902
0.095822606
0.070492385
0.050316493
0.997112219
0.996855697
0.996572479
0.996272601
0.995962076
0.995641576
0.995307669
0.994954733
0.994576578
0.994167664
0.993723929
0.993243095
0.992724317
0.992167217
0.991570556
0.990931009
0.990242669
0.989497563
0.988686821
0.987801986
0.986835925
0.985782799
0.984637221
0.983393209
0.982043478
0.980579604
0.978992972
0.977275986
0.975423095
0.973430988
0.971297168
0.969019923
0.966596052
0.964017879
0.961274887
0.958352843
0.955235894
0.951906883
0.948349805
0.944547078
0.940479008
0.936126106
0.931468512
0.926483826
0.921146296
0.915426947
0.909283774
0.902676661
0.895563367
0.887902191
0.879648841
0.870751743
0.861142747
0.850743873
0.839462298
0.827167147
0.813713058
0.798910372
0.782553483
0.764423752
0.744248233
0.721764474
0.696710089
0.668841788
0.637973028
0.603953353
0.56675466
0.526489816
0.483425826
0.438302074
0.391270814
0.343117893
0.294889468
0.247847836
0.203328204
0.162576778
0.126557902
0.095822606
0.070492385
0.050316493
0.997112219
0.996855697
0.996572479
0.996272601
0.995962076
0.995641576
0.995307669
0.994954733
0.994576578
0.994167664
0.993723929
0.993243095
0.992724317
0.992167217
0.991570556
0.990931009
0.990242669
0.989497563
0.988686821
0.987801986
0.986835925
0.985782799
0.984637221
0.983393209
0.982043478
0.980579604
0.978992972
0.977275986
0.975423095
0.973430988
0.971297168
0.969019923
0.966596052
0.964017879
0.961274887
0.958352843
0.955235894
0.951906883
0.948349805
0.944547078
0.940479008
0.936126106
0.931468512
0.926483826
0.921146296
0.915426947
0.909283774
0.902676661
0.895563367
0.887902191
0.879648841
0.870751743
0.861142747
0.850743873
0.839462298
0.827167147
0.813713058
0.798910372
0.782553483
0.764423752
0.744248233
0.721764474
0.696710089
0.668841788
0.637973028
0.603953353
0.56675466
0.526489816
0.483425826
0.438302074
0.391270814
0.343117893
0.294889468
0.247847836
0.203328204
0.162576778
0.126557902
0.095822606
0.070492385
0.050316493
0.997112219
0.996855697
0.996572479
0.996272601
0.995962076
0.995641576
0.995307669
0.994954733
0.994576578
0.994167664
0.993723929
0.993243095
0.992724317
0.992167217
0.991570556
0.990931009
0.990242669
0.989497563
0.988686821
0.987801986
0.986835925
0.985782799
0.984637221
0.983393209
0.982043478
0.980579604
0.978992972
0.977275986
0.975423095
0.973430988
0.971297168
0.969019923
0.966596052
0.964017879
0.961274887
0.958352843
0.955235894
0.951906883
0.948349805
0.944547078
0.940479008
0.936126106
0.931468512
0.926483826
0.921146296
0.915426947
0.909283774
0.902676661
0.895563367
0.887902191
0.879648841
0.870751743
0.861142747
0.850743873
0.839462298
0.827167147
0.813713058
0.798910372
0.782553483
0.764423752
0.744248233
0.721764474
0.696710089
0.668841788
0.637973028
0.603953353
0.56675466
0.526489816
0.483425826
0.438302074
0.391270814
0.343117893
0.294889468
0.247847836
0.203328204
0.162576778
0.126557902
0.095822606
0.070492385
0.050316493
0.997112219
0.996855697
0.996572479
0.996272601
0.995962076
0.995641576
0.995307669
0.994954733
0.994576578
0.994167664
0.993723929
0.993243095
0.992724317
0.992167217
0.991570556
0.990931009
0.990242669
0.989497563
0.988686821
0.987801986
0.986835925
0.985782799
0.984637221
0.983393209
0.982043478
0.980579604
0.978992972
0.977275986
0.975423095
0.973430988
0.971297168
0.969019923
0.966596052
0.964017879
0.961274887
0.958352843
0.955235894
0.951906883
0.948349805
0.944547078
0.940479008
0.936126106
0.931468512
0.926483826
0.921146296
0.915426947
0.909283774
0.902676661
0.895563367
0.887902191
0.879648841
0.870751743
0.861142747
0.850743873
0.839462298
0.827167147
0.813713058
0.798910372
0.782553483
0.764423752
0.744248233
0.721764474
0.696710089
0.668841788
0.637973028
0.603953353
0.56675466
0.526489816
0.483425826
0.438302074
0.391270814
0.343117893
0.294889468
0.247847836
0.203328204
0.162576778
0.126557902
0.095822606
0.070492385
0.050316493
0.997112219
0.996855697
0.996572479
0.996272601
0.995962076
0.995641576
0.995307669
0.994954733
0.994576578
0.994167664
0.993723929
0.993243095
0.992724317
0.992167217
0.991570556
0.990931009
0.990242669
0.989497563
0.988686821
0.987801986
0.986835925
0.985782799
0.984637221
0.983393209
0.982043478
0.980579604
0.978992972
0.977275986
0.975423095
0.973430988
0.971297168
0.969019923
0.966596052
0.964017879
0.961274887
0.958352843
0.955235894
0.951906883
0.948349805
0.944547078
0.940479008
0.936126106
0.931468512
0.926483826
0.921146296
0.915426947
0.909283774
0.902676661
0.895563367
0.887902191
0.879648841
0.870751743
0.861142747
0.850743873
0.839462298
0.827167147
0.813713058
0.798910372
0.782553483
0.764423752
0.744248233
0.721764474
0.696710089
0.668841788
0.637973028
0.603953353
0.56675466
0.526489816
0.483425826
0.438302074
0.391270814
0.343117893
0.294889468
0.247847836
0.203328204
0.162576778
0.126557902
0.095822606
0.070492385
0.050316493
0.997112219
0.996855697
0.996572479
0.996272601
0.995962076
0.995641576
0.995307669
0.994954733
0.994576578
0.994167664
0.993723929
0.993243095
0.992724317
0.992167217
0.991570556
0.990931009
0.990242669
0.989497563
0.988686821
0.987801986
0.986835925
0.985782799
0.984637221
0.983393209
0.982043478
0.980579604
0.978992972
0.977275986
0.975423095
0.973430988
0.971297168
0.969019923
0.966596052
0.964017879
0.961274887
0.958352843
0.955235894
0.951906883
0.948349805
0.944547078
0.940479008
0.936126106
0.931468512
0.926483826
0.921146296
0.915426947
0.909283774
0.902676661
0.895563367
0.887902191
0.879648841
0.870751743
0.861142747
0.850743873
0.839462298
0.827167147
0.813713058
0.798910372
0.782553483
0.764423752
0.744248233
0.721764474
0.696710089
0.668841788
0.637973028
0.603953353
0.56675466
0.526489816
0.483425826
0.438302074
0.391270814
0.343117893
0.294889468
0.247847836
0.203328204
0.162576778
0.126557902
0.095822606
0.070492385
0.050316493
0.997112219
0.996855697
0.996572479
0.996272601
0.995962076
0.995641576
0.995307669
0.994954733
0.994576578
0.994167664
0.993723929
0.993243095
0.992724317
0.992167217
0.991570556
0.990931009
0.990242669
0.989497563
0.988686821
0.987801986
0.986835925
0.985782799
0.984637221
0.983393209
0.982043478
0.980579604
0.978992972
0.977275986
0.975423095
0.973430988
0.971297168
0.969019923
0.966596052
0.964017879
0.961274887
0.958352843
0.955235894
0.951906883
0.948349805
0.944547078
0.940479008
0.936126106
0.931468512
0.926483826
0.921146296
0.915426947
0.909283774
0.902676661
0.895563367
0.887902191
0.879648841
0.870751743
0.861142747
0.850743873
0.839462298
0.827167147
0.813713058
0.798910372
0.782553483
0.764423752
0.744248233
0.721764474
0.696710089
0.668841788
0.637973028
0.603953353
0.56675466
0.526489816
0.483425826
0.438302074
0.391270814
0.343117893
0.294889468
0.247847836
0.203328204
0.162576778
0.126557902
0.095822606
0.070492385
0.050316493
0.997112219
0.996855697
0.996572479
0.996272601
0.995962076
0.995641576
0.995307669
0.994954733
0.994576578
0.994167664
0.993723929
0.993243095
0.992724317
0.992167217
0.991570556
0.990931009
0.990242669
0.989497563
0.988686821
0.987801986
0.986835925
0.985782799
0.984637221
0.983393209
0.982043478
0.980579604
0.978992972
0.977275986
0.975423095
0.973430988
0.971297168
0.969019923
0.966596052
0.964017879
0.961274887
0.958352843
0.955235894
0.951906883
0.948349805
0.944547078
0.940479008
0.936126106
0.931468512
0.926483826
0.921146296
0.915426947
0.909283774
0.902676661
0.895563367
0.887902191
0.879648841
0.870751743
0.861142747
0.850743873
0.839462298
0.827167147
0.813713058
0.798910372
0.782553483
0.764423752
0.744248233
0.721764474
0.696710089
0.668841788
0.637973028
0.603953353
0.56675466
0.526489816
0.483425826
0.438302074
0.391270814
0.343117893
0.294889468
0.247847836
0.203328204
0.162576778
0.126557902
0.095822606
0.070492385
0.050316493
0.997112219
0.996855697
0.996572479
0.996272601
0.995962076
0.995641576
0.995307669
0.994954733
0.994576578
0.994167664
0.993723929
0.993243095
0.992724317
0.992167217
0.991570556
0.990931009
0.990242669
0.989497563
0.988686821
0.987801986
0.986835925
0.985782799
0.984637221
0.983393209
0.982043478
0.980579604
0.978992972
0.977275986
0.975423095
0.973430988
0.971297168
0.969019923
0.966596052
0.964017879
0.961274887
0.958352843
0.955235894
0.951906883
0.948349805
0.944547078
0.940479008
0.936126106
0.931468512
0.926483826
0.921146296
0.915426947
0.909283774
0.902676661
0.895563367
0.887902191
0.879648841
0.870751743
0.861142747
0.850743873
0.839462298
0.827167147
0.813713058
0.798910372
0.782553483
0.764423752
0.744248233
0.721764474
0.696710089
0.668841788
0.637973028
0.603953353
0.56675466
0.526489816
0.483425826
0.438302074
0.391270814
0.343117893
0.294889468
0.247847836
0.203328204
0.162576778
0.126557902
0.095822606
0.070492385
0.050316493
0.997112219
0.996855697
0.996572479
0.996272601
0.995962076
0.995641576
0.995307669
0.994954733
0.994576578
0.994167664
0.993723929
0.993243095
0.992724317
0.992167217
0.991570556
0.990931009
0.990242669
0.989497563
0.988686821
0.987801986
0.986835925
0.985782799
0.984637221
0.983393209
0.982043478
0.980579604
0.978992972
0.977275986
0.975423095
0.973430988
0.971297168
0.969019923
0.966596052
0.964017879
0.961274887
0.958352843
0.955235894
0.951906883
0.948349805
0.944547078
0.940479008
0.936126106
0.931468512
0.926483826
0.921146296
0.915426947
0.909283774
0.902676661
0.895563367
0.887902191
0.879648841
0.870751743
0.861142747
0.850743873
0.839462298
0.827167147
0.813713058
0.798910372
0.782553483
0.764423752
0.744248233
0.721764474
0.696710089
0.668841788
0.637973028
0.603953353
0.56675466
0.526489816
0.483425826
0.438302074
0.391270814
0.343117893
0.294889468
0.247847836
0.203328204
0.162576778
0.126557902
0.095822606
0.070492385
0.050316493
0.997112219
0.996855697
0.996572479
0.996272601
0.995962076
0.995641576
0.995307669
0.994954733
0.994576578
0.994167664
0.993723929
0.993243095
0.992724317
0.992167217
0.991570556
0.990931009
0.990242669
0.989497563
0.988686821
0.987801986
0.986835925
0.985782799
0.984637221
0.983393209
0.982043478
0.980579604
0.978992972
0.977275986
0.975423095
0.973430988
0.971297168
0.969019923
0.966596052
0.964017879
0.961274887
0.958352843
0.955235894
0.951906883
0.948349805
0.944547078
0.940479008
0.936126106
0.931468512
0.926483826
0.921146296
0.915426947
0.909283774
0.902676661
0.895563367
0.887902191
0.879648841
0.870751743
0.861142747
0.850743873
0.839462298
0.827167147
0.813713058
0.798910372
0.782553483
0.764423752
0.744248233
0.721764474
0.696710089
0.668841788
0.637973028
0.603953353
0.56675466
0.526489816
0.483425826
0.438302074
0.391270814
0.343117893
0.294889468
0.247847836
0.203328204
0.162576778
0.126557902
0.095822606
0.070492385
0.050316493
0.997112219
0.996855697
0.996572479
0.996272601
0.995962076
0.995641576
0.995307669
0.994954733
0.994576578
0.994167664
0.993723929
0.993243095
0.992724317
0.992167217
0.991570556
0.990931009
0.990242669
0.989497563
0.988686821
0.987801986
0.986835925
0.985782799
0.984637221
0.983393209
0.982043478
0.980579604
0.978992972
0.977275986
0.975423095
0.973430988
0.971297168
0.969019923
0.966596052
0.964017879
0.961274887
0.958352843
0.955235894
0.951906883
0.948349805
0.944547078
0.940479008
0.936126106
0.931468512
0.926483826
0.921146296
0.915426947
0.909283774
0.902676661
0.895563367
0.887902191
0.879648841
0.870751743
0.861142747
0.850743873
0.839462298
0.827167147
0.813713058
0.798910372
0.782553483
0.764423752
0.744248233
0.721764474
0.696710089
0.668841788
0.637973028
0.603953353
0.56675466
0.526489816
0.483425826
0.438302074
0.391270814
0.343117893
0.294889468
0.247847836
0.203328204
0.162576778
0.126557902
0.095822606
0.070492385
0.050316493
0.997112219
0.996855697
0.996572479
0.996272601
0.995962076
0.995641576
0.995307669
0.994954733
0.994576578
0.994167664
0.993723929
0.993243095
0.992724317
0.992167217
0.991570556
0.990931009
0.990242669
0.989497563
0.988686821
0.987801986
0.986835925
0.985782799
0.984637221
0.983393209
0.982043478
0.980579604
0.978992972
0.977275986
0.975423095
0.973430988
0.971297168
0.969019923
0.966596052
0.964017879
0.961274887
0.958352843
0.955235894
0.951906883
0.948349805
0.944547078
0.940479008
0.936126106
0.931468512
0.926483826
0.921146296
0.915426947
0.909283774
0.902676661
0.895563367
0.887902191
0.879648841
0.870751743
0.861142747
0.850743873
0.839462298
0.827167147
0.813713058
0.798910372
0.782553483
0.764423752
0.744248233
0.721764474
0.696710089
0.668841788
0.637973028
0.603953353
0.56675466
0.526489816
0.483425826
0.438302074
0.391270814
0.343117893
0.294889468
0.247847836
0.203328204
0.162576778
0.126557902
0.095822606
0.070492385
0.050316493
0.997112219
0.996855697
0.996572479
0.996272601
0.995962076
0.995641576
0.995307669
0.994954733
0.994576578
0.994167664
0.993723929
0.993243095
0.992724317
0.992167217
0.991570556
0.990931009
0.990242669
0.989497563
0.988686821
0.987801986
0.986835925
0.985782799
0.984637221
0.983393209
0.982043478
0.980579604
0.978992972
0.977275986
0.975423095
0.973430988
0.971297168
0.969019923
0.966596052
0.964017879
0.961274887
0.958352843
0.955235894
0.951906883
0.948349805
0.944547078
0.940479008
0.936126106
0.931468512
0.926483826
0.921146296
0.915426947
0.909283774
0.902676661
0.895563367
0.887902191
0.879648841
0.870751743
0.861142747
0.850743873
0.839462298
0.827167147
0.813713058
0.798910372
0.782553483
0.764423752
0.744248233
0.721764474
0.696710089
0.668841788
0.637973028
0.603953353
0.56675466
0.526489816
0.483425826
0.438302074
0.391270814
0.343117893
0.294889468
0.247847836
0.203328204
0.162576778
0.126557902
0.095822606
0.070492385
0.050316493
0.997112219
0.996855697
0.996572479
0.996272601
0.995962076
0.995641576
0.995307669
0.994954733
0.994576578
0.994167664
0.993723929
0.993243095
0.992724317
0.992167217
0.991570556
0.990931009
0.990242669
0.989497563
0.988686821
0.987801986
0.986835925
0.985782799
0.984637221
0.983393209
0.982043478
0.980579604
0.978992972
0.977275986
0.975423095
0.973430988
0.971297168
0.969019923
0.966596052
0.964017879
0.961274887
0.958352843
0.955235894
0.951906883
0.948349805
0.944547078
0.940479008
0.936126106
0.931468512
0.926483826
0.921146296
0.915426947
0.909283774
0.902676661
0.895563367
0.887902191
0.879648841
0.870751743
0.861142747
0.850743873
0.839462298
0.827167147
0.813713058
0.798910372
0.782553483
0.764423752
0.744248233
0.721764474
0.696710089
0.668841788
0.637973028
0.603953353
0.56675466
0.526489816
0.483425826
0.438302074
0.391270814
0.343117893
0.294889468
0.247847836
0.203328204
0.162576778
0.126557902
0.095822606
0.070492385
0.050316493
0.997112219
0.996855697
0.996572479
0.996272601
0.995962076
0.995641576
0.995307669
0.994954733
0.994576578
0.994167664
0.993723929
0.993243095
0.992724317
0.992167217
0.991570556
0.990931009
0.990242669
0.989497563
0.988686821
0.987801986
0.986835925
0.985782799
0.984637221
0.983393209
0.982043478
0.980579604
0.978992972
0.977275986
0.975423095
0.973430988
0.971297168
0.969019923
0.966596052
0.964017879
0.961274887
0.958352843
0.955235894
0.951906883
0.948349805
0.944547078
0.940479008
0.936126106
0.931468512
0.926483826
0.921146296
0.915426947
0.909283774
0.902676661
0.895563367
0.887902191
0.879648841
0.870751743
0.861142747
0.850743873
0.839462298
0.827167147
0.813713058
0.798910372
0.782553483
0.764423752
0.744248233
0.721764474
0.696710089
0.668841788
0.637973028
0.603953353
0.56675466
0.526489816
0.483425826
0.438302074
0.391270814
0.343117893
0.294889468
0.247847836
0.203328204
0.162576778
0.126557902
0.095822606
0.070492385
0.050316493
0.997112219
0.996855697
0.996572479
0.996272601
0.995962076
0.995641576
0.995307669
0.994954733
0.994576578
0.994167664
0.993723929
0.993243095
0.992724317
0.992167217
0.991570556
0.990931009
0.990242669
0.989497563
0.988686821
0.987801986
0.986835925
0.985782799
0.984637221
0.983393209
0.982043478
0.980579604
0.978992972
0.977275986
0.975423095
0.973430988
0.971297168
0.969019923
0.966596052
0.964017879
0.961274887
0.958352843
0.955235894
0.951906883
0.948349805
0.944547078
0.940479008
0.936126106
0.931468512
0.926483826
0.921146296
0.915426947
0.909283774
0.902676661
0.895563367
0.887902191
0.879648841
0.870751743
0.861142747
0.850743873
0.839462298
0.827167147
0.813713058
0.798910372
0.782553483
0.764423752
0.744248233
0.721764474
0.696710089
0.668841788
0.637973028
0.603953353
0.56675466
0.526489816
0.483425826
0.438302074
0.391270814
0.343117893
0.294889468
0.247847836
0.203328204
0.162576778
0.126557902
0.095822606
0.070492385
0.050316493
0.997112219
0.996855697
0.996572479
0.996272601
0.995962076
0.995641576
0.995307669
0.994954733
0.994576578
0.994167664
0.993723929
0.993243095
0.992724317
0.992167217
0.991570556
0.990931009
0.990242669
0.989497563
0.988686821
0.987801986
0.986835925
0.985782799
0.984637221
0.983393209
0.982043478
0.980579604
0.978992972
0.977275986
0.975423095
0.973430988
0.971297168
0.969019923
0.966596052
0.964017879
0.961274887
0.958352843
0.955235894
0.951906883
0.948349805
0.944547078
0.940479008
0.936126106
0.931468512
0.926483826
0.921146296
0.915426947
0.909283774
0.902676661
0.895563367
0.887902191
0.879648841
0.870751743
0.861142747
0.850743873
0.839462298
0.827167147
0.813713058
0.798910372
0.782553483
0.764423752
0.744248233
0.721764474
0.696710089
0.668841788
0.637973028
0.603953353
0.56675466
0.526489816
0.483425826
0.438302074
0.391270814
0.343117893
0.294889468
0.247847836
0.203328204
0.162576778
0.126557902
0.095822606
0.070492385
0.050316493
0.997112219
0.996855697
0.996572479
0.996272601
0.995962076
0.995641576
0.995307669
0.994954733
0.994576578
0.994167664
0.993723929
0.993243095
0.992724317
0.992167217
0.991570556
0.990931009
0.990242669
0.989497563
0.988686821
0.987801986
0.986835925
0.985782799
0.984637221
0.983393209
0.982043478
0.980579604
0.978992972
0.977275986
0.975423095
0.973430988
0.971297168
0.969019923
0.966596052
0.964017879
0.961274887
0.958352843
0.955235894
0.951906883
0.948349805
0.944547078
0.940479008
0.936126106
0.931468512
0.926483826
0.921146296
0.915426947
0.909283774
0.902676661
0.895563367
0.887902191
0.879648841
0.870751743
0.861142747
0.850743873
0.839462298
0.827167147
0.813713058
0.798910372
0.782553483
0.764423752
0.744248233
0.721764474
0.696710089
0.668841788
0.637973028
0.603953353
0.56675466
0.526489816
0.483425826
0.438302074
0.391270814
0.343117893
0.294889468
0.247847836
0.203328204
0.162576778
0.126557902
0.095822606
0.070492385
0.050316493
0.997112219
0.996855697
0.996572479
0.996272601
0.995962076
0.995641576
0.995307669
0.994954733
0.994576578
0.994167664
0.993723929
0.993243095
0.992724317
0.992167217
0.991570556
0.990931009
0.990242669
0.989497563
0.988686821
0.987801986
0.986835925
0.985782799
0.984637221
0.983393209
0.982043478
0.980579604
0.978992972
0.977275986
0.975423095
0.973430988
0.971297168
0.969019923
0.966596052
0.964017879
0.961274887
0.958352843
0.955235894
0.951906883
0.948349805
0.944547078
0.940479008
0.936126106
0.931468512
0.926483826
0.921146296
0.915426947
0.909283774
0.902676661
0.895563367
0.887902191
0.879648841
0.870751743
0.861142747
0.850743873
0.839462298
0.827167147
0.813713058
0.798910372
0.782553483
0.764423752
0.744248233
0.721764474
0.696710089
0.668841788
0.637973028
0.603953353
0.56675466
0.526489816
0.483425826
0.438302074
0.391270814
0.343117893
0.294889468
0.247847836
0.203328204
0.162576778
0.126557902
0.095822606
0.070492385
0.050316493
0.997112219
0.996855697
0.996572479
0.996272601
0.995962076
0.995641576
0.995307669
0.994954733
0.994576578
0.994167664
0.993723929
0.993243095
0.992724317
0.992167217
0.991570556
0.990931009
0.990242669
0.989497563
0.988686821
0.987801986
0.986835925
0.985782799
0.984637221
0.983393209
0.982043478
0.980579604
0.978992972
0.977275986
0.975423095
0.973430988
0.971297168
0.969019923
0.966596052
0.964017879
0.961274887
0.958352843
0.955235894
0.951906883
0.948349805
0.944547078
0.940479008
0.936126106
0.931468512
0.926483826
0.921146296
0.915426947
0.909283774
0.902676661
0.895563367
0.887902191
0.879648841
0.870751743
0.861142747
0.850743873
0.839462298
0.827167147
0.813713058
0.798910372
0.782553483
0.764423752
0.744248233
0.721764474
0.696710089
0.668841788
0.637973028
0.603953353
0.56675466
0.526489816
0.483425826
0.438302074
0.391270814
0.343117893
0.294889468
0.247847836
0.203328204
0.162576778
0.126557902
0.095822606
0.070492385
0.050316493
0.997112219
0.996855697
0.996572479
0.996272601
0.995962076
0.995641576
0.995307669
0.994954733
0.994576578
0.994167664
0.993723929
0.993243095
0.992724317
0.992167217
0.991570556
0.990931009
0.990242669
0.989497563
0.988686821
0.987801986
0.986835925
0.985782799
0.984637221
0.983393209
0.982043478
0.980579604
0.978992972
0.977275986
0.975423095
0.973430988
0.971297168
0.969019923
0.966596052
0.964017879
0.961274887
0.958352843
0.955235894
0.951906883
0.948349805
0.944547078
0.940479008
0.936126106
0.931468512
0.926483826
0.921146296
0.915426947
0.909283774
0.902676661
0.895563367
0.887902191
0.879648841
0.870751743
0.861142747
0.850743873
0.839462298
0.827167147
0.813713058
0.798910372
0.782553483
0.764423752
0.744248233
0.721764474
0.696710089
0.668841788
0.637973028
0.603953353
0.56675466
0.526489816
0.483425826
0.438302074
0.391270814
0.343117893
0.294889468
0.247847836
0.203328204
0.162576778
0.126557902
0.095822606
0.070492385
0.050316493
0.997112219
0.996855697
0.996572479
0.996272601
0.995962076
0.995641576
0.995307669
0.994954733
0.994576578
0.994167664
0.993723929
0.993243095
0.992724317
0.992167217
0.991570556
0.990931009
0.990242669
0.989497563
0.988686821
0.987801986
0.986835925
0.985782799
0.984637221
0.983393209
0.982043478
0.980579604
0.978992972
0.977275986
0.975423095
0.973430988
0.971297168
0.969019923
0.966596052
0.964017879
0.961274887
0.958352843
0.955235894
0.951906883
0.948349805
0.944547078
0.940479008
0.936126106
0.931468512
0.926483826
0.921146296
0.915426947
0.909283774
0.902676661
0.895563367
0.887902191
0.879648841
0.870751743
0.861142747
0.850743873
0.839462298
0.827167147
0.813713058
0.798910372
0.782553483
0.764423752
0.744248233
0.721764474
0.696710089
0.668841788
0.637973028
0.603953353
0.56675466
0.526489816
0.483425826
0.438302074
0.391270814
0.343117893
0.294889468
0.247847836
0.203328204
0.162576778
0.126557902
0.095822606
0.070492385
0.050316493
0.997112219
0.996855697
0.996572479
0.996272601
0.995962076
0.995641576
0.995307669
0.994954733
0.994576578
0.994167664
0.993723929
0.993243095
0.992724317
0.992167217
0.991570556
0.990931009
0.990242669
0.989497563
0.988686821
0.987801986
0.986835925
0.985782799
0.984637221
0.983393209
0.982043478
0.980579604
0.978992972
0.977275986
0.975423095
0.973430988
0.971297168
0.969019923
0.966596052
0.964017879
0.961274887
0.958352843
0.955235894
0.951906883
0.948349805
0.944547078
0.940479008
0.936126106
0.931468512
0.926483826
0.921146296
0.915426947
0.909283774
0.902676661
0.895563367
0.887902191
0.879648841
0.870751743
0.861142747
0.850743873
0.839462298
0.827167147
0.813713058
0.798910372
0.782553483
0.764423752
0.744248233
0.721764474
0.696710089
0.668841788
0.637973028
0.603953353
0.56675466
0.526489816
0.483425826
0.438302074
0.391270814
0.343117893
0.294889468
0.247847836
0.203328204
0.162576778
0.126557902
0.095822606
0.070492385
0.050316493
0.997112219
0.996855697
0.996572479
0.996272601
0.995962076
0.995641576
0.995307669
0.994954733
0.994576578
0.994167664
0.993723929
0.993243095
0.992724317
0.992167217
0.991570556
0.990931009
0.990242669
0.989497563
0.988686821
0.987801986
0.986835925
0.985782799
0.984637221
0.983393209
0.982043478
0.980579604
0.978992972
0.977275986
0.975423095
0.973430988
0.971297168
0.969019923
0.966596052
0.964017879
0.961274887
0.958352843
0.955235894
0.951906883
0.948349805
0.944547078
0.940479008
0.936126106
0.931468512
0.926483826
0.921146296
0.915426947
0.909283774
0.902676661
0.895563367
0.887902191
0.879648841
0.870751743
0.861142747
0.850743873
0.839462298
0.827167147
0.813713058
0.798910372
0.782553483
0.764423752
0.744248233
0.721764474
0.696710089
0.668841788
0.637973028
0.603953353
0.56675466
0.526489816
0.483425826
0.438302074
0.391270814
0.343117893
0.294889468
0.247847836
0.203328204
0.162576778
0.126557902
0.095822606
0.070492385
0.050316493
0.997112219
0.996855697
0.996572479
0.996272601
0.995962076
0.995641576
0.995307669
0.994954733
0.994576578
0.994167664
0.993723929
0.993243095
0.992724317
0.992167217
0.991570556
0.990931009
0.990242669
0.989497563
0.988686821
0.987801986
0.986835925
0.985782799
0.984637221
0.983393209
0.982043478
0.980579604
0.978992972
0.977275986
0.975423095
0.973430988
0.971297168
0.969019923
0.966596052
0.964017879
0.961274887
0.958352843
0.955235894
0.951906883
0.948349805
0.944547078
0.940479008
0.936126106
0.931468512
0.926483826
0.921146296
0.915426947
0.909283774
0.902676661
0.895563367
0.887902191
0.879648841
0.870751743
0.861142747
0.850743873
0.839462298
0.827167147
0.813713058
0.798910372
0.782553483
0.764423752
0.744248233
0.721764474
0.696710089
0.668841788
0.637973028
0.603953353
0.56675466
0.526489816
0.483425826
0.438302074
0.391270814
0.343117893
0.294889468
0.247847836
0.203328204
0.162576778
0.126557902
0.095822606
0.070492385
0.050316493
0.997112219
0.996855697
0.996572479
0.996272601
0.995962076
0.995641576
0.995307669
0.994954733
0.994576578
0.994167664
0.993723929
0.993243095
0.992724317
0.992167217
0.991570556
0.990931009
0.990242669
0.989497563
0.988686821
0.987801986
0.986835925
0.985782799
0.984637221
0.983393209
0.982043478
0.980579604
0.978992972
0.977275986
0.975423095
0.973430988
0.971297168
0.969019923
0.966596052
0.964017879
0.961274887
0.958352843
0.955235894
0.951906883
0.948349805
0.944547078
0.940479008
0.936126106
0.931468512
0.926483826
0.921146296
0.915426947
0.909283774
0.902676661
0.895563367
0.887902191
0.879648841
0.870751743
0.861142747
0.850743873
0.839462298
0.827167147
0.813713058
0.798910372
0.782553483
0.764423752
0.744248233
0.721764474
0.696710089
0.668841788
0.637973028
0.603953353
0.56675466
0.526489816
0.483425826
0.438302074
0.391270814
0.343117893
0.294889468
0.247847836
0.203328204
0.162576778
0.126557902
0.095822606
0.070492385
0.050316493
0.997112219
0.996855697
0.996572479
0.996272601
0.995962076
0.995641576
0.995307669
0.994954733
0.994576578
0.994167664
0.993723929
0.993243095
0.992724317
0.992167217
0.991570556
0.990931009
0.990242669
0.989497563
0.988686821
0.987801986
0.986835925
0.985782799
0.984637221
0.983393209
0.982043478
0.980579604
0.978992972
0.977275986
0.975423095
0.973430988
0.971297168
0.969019923
0.966596052
0.964017879
0.961274887
0.958352843
0.955235894
0.951906883
0.948349805
0.944547078
0.940479008
0.936126106
0.931468512
0.926483826
0.921146296
0.915426947
0.909283774
0.902676661
0.895563367
0.887902191
0.879648841
0.870751743
0.861142747
0.850743873
0.839462298
0.827167147
0.813713058
0.798910372
0.782553483
0.764423752
0.744248233
0.721764474
0.696710089
0.668841788
0.637973028
0.603953353
0.56675466
0.526489816
0.483425826
0.438302074
0.391270814
0.343117893
0.294889468
0.247847836
0.203328204
0.162576778
0.126557902
0.095822606
0.070492385
0.050316493
0.997112219
0.996855697
0.996572479
0.996272601
0.995962076
0.995641576
0.995307669
0.994954733
0.994576578
0.994167664
0.993723929
0.993243095
0.992724317
0.992167217
0.991570556
0.990931009
0.990242669
0.989497563
0.988686821
0.987801986
0.986835925
0.985782799
0.984637221
0.983393209
0.982043478
0.980579604
0.978992972
0.977275986
0.975423095
0.973430988
0.971297168
0.969019923
0.966596052
0.964017879
0.961274887
0.958352843
0.955235894
0.951906883
0.948349805
0.944547078
0.940479008
0.936126106
0.931468512
0.926483826
0.921146296
0.915426947
0.909283774
0.902676661
0.895563367
0.887902191
0.879648841
0.870751743
0.861142747
0.850743873
0.839462298
0.827167147
0.813713058
0.798910372
0.782553483
0.764423752
0.744248233
0.721764474
0.696710089
0.668841788
0.637973028
0.603953353
0.56675466
0.526489816
0.483425826
0.438302074
0.391270814
0.343117893
0.294889468
0.247847836
0.203328204
0.162576778
0.126557902
0.095822606
0.070492385
0.050316493
0.997112219
0.996855697
0.996572479
0.996272601
0.995962076
0.995641576
0.995307669
0.994954733
0.994576578
0.994167664
0.993723929
0.993243095
0.992724317
0.992167217
0.991570556
0.990931009
0.990242669
0.989497563
0.988686821
0.987801986
0.986835925
0.985782799
0.984637221
0.983393209
0.982043478
0.980579604
0.978992972
0.977275986
0.975423095
0.973430988
0.971297168
0.969019923
0.966596052
0.964017879
0.961274887
0.958352843
0.955235894
0.951906883
0.948349805
0.944547078
0.940479008
0.936126106
0.931468512
0.926483826
0.921146296
0.915426947
0.909283774
0.902676661
0.895563367
0.887902191
0.879648841
0.870751743
0.861142747
0.850743873
0.839462298
0.827167147
0.813713058
0.798910372
0.782553483
0.764423752
0.744248233
0.721764474
0.696710089
0.668841788
0.637973028
0.603953353
0.56675466
0.526489816
0.483425826
0.438302074
0.391270814
0.343117893
0.294889468
0.247847836
0.203328204
0.162576778
0.126557902
0.095822606
0.070492385
0.050316493
0.997112219
0.996855697
0.996572479
0.996272601
0.995962076
0.995641576
0.995307669
0.994954733
0.994576578
0.994167664
0.993723929
0.993243095
0.992724317
0.992167217
0.991570556
0.990931009
0.990242669
0.989497563
0.988686821
0.987801986
0.986835925
0.985782799
0.984637221
0.983393209
0.982043478
0.980579604
0.978992972
0.977275986
0.975423095
0.973430988
0.971297168
0.969019923
0.966596052
0.964017879
0.961274887
0.958352843
0.955235894
0.951906883
0.948349805
0.944547078
0.940479008
0.936126106
0.931468512
0.926483826
0.921146296
0.915426947
0.909283774
0.902676661
0.895563367
0.887902191
0.879648841
0.870751743
0.861142747
0.850743873
0.839462298
0.827167147
0.813713058
0.798910372
0.782553483
0.764423752
0.744248233
0.721764474
0.696710089
0.668841788
0.637973028
0.603953353
0.56675466
0.526489816
0.483425826
0.438302074
0.391270814
0.343117893
0.294889468
0.247847836
0.203328204
0.162576778
0.126557902
0.095822606
0.070492385
0.050316493
0.997112219
0.996855697
0.996572479
0.996272601
0.995962076
0.995641576
0.995307669
0.994954733
0.994576578
0.994167664
0.993723929
0.993243095
0.992724317
0.992167217
0.991570556
0.990931009
0.990242669
0.989497563
0.988686821
0.987801986
0.986835925
0.985782799
0.984637221
0.983393209
0.982043478
0.980579604
0.978992972
0.977275986
0.975423095
0.973430988
0.971297168
0.969019923
0.966596052
0.964017879
0.961274887
0.958352843
0.955235894
0.951906883
0.948349805
0.944547078
0.940479008
0.936126106
0.931468512
0.926483826
0.921146296
0.915426947
0.909283774
0.902676661
0.895563367
0.887902191
0.879648841
0.870751743
0.861142747
0.850743873
0.839462298
0.827167147
0.813713058
0.798910372
0.782553483
0.764423752
0.744248233
0.721764474
0.696710089
0.668841788
0.637973028
0.603953353
0.56675466
0.526489816
0.483425826
0.438302074
0.391270814
0.343117893
0.294889468
0.247847836
0.203328204
0.162576778
0.126557902
0.095822606
0.070492385
0.050316493
0.997112219
0.996855697
0.996572479
0.996272601
0.995962076
0.995641576
0.995307669
0.994954733
0.994576578
0.994167664
0.993723929
0.993243095
0.992724317
0.992167217
0.991570556
0.990931009
0.990242669
0.989497563
0.988686821
0.987801986
0.986835925
0.985782799
0.984637221
0.983393209
0.982043478
0.980579604
0.978992972
0.977275986
0.975423095
0.973430988
0.971297168
0.969019923
0.966596052
0.964017879
0.961274887
0.958352843
0.955235894
0.951906883
0.948349805
0.944547078
0.940479008
0.936126106
0.931468512
0.926483826
0.921146296
0.915426947
0.909283774
0.902676661
0.895563367
0.887902191
0.879648841
0.870751743
0.861142747
0.850743873
0.839462298
0.827167147
0.813713058
0.798910372
0.782553483
0.764423752
0.744248233
0.721764474
0.696710089
0.668841788
0.637973028
0.603953353
0.56675466
0.526489816
0.483425826
0.438302074
0.391270814
0.343117893
0.294889468
0.247847836
0.203328204
0.162576778
0.126557902
0.095822606
0.070492385
0.050316493
0.997112219
0.996855697
0.996572479
0.996272601
0.995962076
0.995641576
0.995307669
0.994954733
0.994576578
0.994167664
0.993723929
0.993243095
0.992724317
0.992167217
0.991570556
0.990931009
0.990242669
0.989497563
0.988686821
0.987801986
0.986835925
0.985782799
0.984637221
0.983393209
0.982043478
0.980579604
0.978992972
0.977275986
0.975423095
0.973430988
0.971297168
0.969019923
0.966596052
0.964017879
0.961274887
0.958352843
0.955235894
0.951906883
0.948349805
0.944547078
0.940479008
0.936126106
0.931468512
0.926483826
0.921146296
0.915426947
0.909283774
0.902676661
0.895563367
0.887902191
0.879648841
0.870751743
0.861142747
0.850743873
0.839462298
0.827167147
0.813713058
0.798910372
0.782553483
0.764423752
0.744248233
0.721764474
0.696710089
0.668841788
0.637973028
0.603953353
0.56675466
0.526489816
0.483425826
0.438302074
0.391270814
0.343117893
0.294889468
0.247847836
0.203328204
0.162576778
0.126557902
0.095822606
0.070492385
0.050316493
0.997112219
0.996855697
0.996572479
0.996272601
0.995962076
0.995641576
0.995307669
0.994954733
0.994576578
0.994167664
0.993723929
0.993243095
0.992724317
0.992167217
0.991570556
0.990931009
0.990242669
0.989497563
0.988686821
0.987801986
0.986835925
0.985782799
0.984637221
0.983393209
0.982043478
0.980579604
0.978992972
0.977275986
0.975423095
0.973430988
0.971297168
0.969019923
0.966596052
0.964017879
0.961274887
0.958352843
0.955235894
0.951906883
0.948349805
0.944547078
0.940479008
0.936126106
0.931468512
0.926483826
0.921146296
0.915426947
0.909283774
0.902676661
0.895563367
0.887902191
0.879648841
0.870751743
0.861142747
0.850743873
0.839462298
0.827167147
0.813713058
0.798910372
0.782553483
0.764423752
0.744248233
0.721764474
0.696710089
0.668841788
0.637973028
0.603953353
0.56675466
0.526489816
0.483425826
0.438302074
0.391270814
0.343117893
0.294889468
0.247847836
0.203328204
0.162576778
0.126557902
0.095822606
0.070492385
0.050316493
0.997112219
0.996855697
0.996572479
0.996272601
0.995962076
0.995641576
0.995307669
0.994954733
0.994576578
0.994167664
0.993723929
0.993243095
0.992724317
0.992167217
0.991570556
0.990931009
0.990242669
0.989497563
0.988686821
0.987801986
0.986835925
0.985782799
0.984637221
0.983393209
0.982043478
0.980579604
0.978992972
0.977275986
0.975423095
0.973430988
0.971297168
0.969019923
0.966596052
0.964017879
0.961274887
0.958352843
0.955235894
0.951906883
0.948349805
0.944547078
0.940479008
0.936126106
0.931468512
0.926483826
0.921146296
0.915426947
0.909283774
0.902676661
0.895563367
0.887902191
0.879648841
0.870751743
0.861142747
0.850743873
0.839462298
0.827167147
0.813713058
0.798910372
0.782553483
0.764423752
0.744248233
0.721764474
0.696710089
0.668841788
0.637973028
0.603953353
0.56675466
0.526489816
0.483425826
0.438302074
0.391270814
0.343117893
0.294889468
0.247847836
0.203328204
0.162576778
0.126557902
0.095822606
0.070492385
0.050316493
0.997112219
0.996855697
0.996572479
0.996272601
0.995962076
0.995641576
0.995307669
0.994954733
0.994576578
0.994167664
0.993723929
0.993243095
0.992724317
0.992167217
0.991570556
0.990931009
0.990242669
0.989497563
0.988686821
0.987801986
0.986835925
0.985782799
0.984637221
0.983393209
0.982043478
0.980579604
0.978992972
0.977275986
0.975423095
0.973430988
0.971297168
0.969019923
0.966596052
0.964017879
0.961274887
0.958352843
0.955235894
0.951906883
0.948349805
0.944547078
0.940479008
0.936126106
0.931468512
0.926483826
0.921146296
0.915426947
0.909283774
0.902676661
0.895563367
0.887902191
0.879648841
0.870751743
0.861142747
0.850743873
0.839462298
0.827167147
0.813713058
0.798910372
0.782553483
0.764423752
0.744248233
0.721764474
0.696710089
0.668841788
0.637973028
0.603953353
0.56675466
0.526489816
0.483425826
0.438302074
0.391270814
0.343117893
0.294889468
0.247847836
0.203328204
0.162576778
0.126557902
0.095822606
0.070492385
0.050316493
0.997112219
0.996855697
0.996572479
0.996272601
0.995962076
0.995641576
0.995307669
0.994954733
0.994576578
0.994167664
0.993723929
0.993243095
0.992724317
0.992167217
0.991570556
0.990931009
0.990242669
0.989497563
0.988686821
0.987801986
0.986835925
0.985782799
0.984637221
0.983393209
0.982043478
0.980579604
0.978992972
0.977275986
0.975423095
0.973430988
0.971297168
0.969019923
0.966596052
0.964017879
0.961274887
0.958352843
0.955235894
0.951906883
0.948349805
0.944547078
0.940479008
0.936126106
0.931468512
0.926483826
0.921146296
0.915426947
0.909283774
0.902676661
0.895563367
0.887902191
0.879648841
0.870751743
0.861142747
0.850743873
0.839462298
0.827167147
0.813713058
0.798910372
0.782553483
0.764423752
0.744248233
0.721764474
0.696710089
0.668841788
0.637973028
0.603953353
0.56675466
0.526489816
0.483425826
0.438302074
0.391270814
0.343117893
0.294889468
0.247847836
0.203328204
0.162576778
0.126557902
0.095822606
0.070492385
0.050316493
0.997112219
0.996855697
0.996572479
0.996272601
0.995962076
0.995641576
0.995307669
0.994954733
0.994576578
0.994167664
0.993723929
0.993243095
0.992724317
0.992167217
0.991570556
0.990931009
0.990242669
0.989497563
0.988686821
0.987801986
0.986835925
0.985782799
0.984637221
0.983393209
0.982043478
0.980579604
0.978992972
0.977275986
0.975423095
0.973430988
0.971297168
0.969019923
0.966596052
0.964017879
0.961274887
0.958352843
0.955235894
0.951906883
0.948349805
0.944547078
0.940479008
0.936126106
0.931468512
0.926483826
0.921146296
0.915426947
0.909283774
0.902676661
0.895563367
0.887902191
0.879648841
0.870751743
0.861142747
0.850743873
0.839462298
0.827167147
0.813713058
0.798910372
0.782553483
0.764423752
0.744248233
0.721764474
0.696710089
0.668841788
0.637973028
0.603953353
0.56675466
0.526489816
0.483425826
0.438302074
0.391270814
0.343117893
0.294889468
0.247847836
0.203328204
0.162576778
0.126557902
0.095822606
0.070492385
0.050316493
0.997112219
0.996855697
0.996572479
0.996272601
0.995962076
0.995641576
0.995307669
0.994954733
0.994576578
0.994167664
0.993723929
0.993243095
0.992724317
0.992167217
0.991570556
0.990931009
0.990242669
0.989497563
0.988686821
0.987801986
0.986835925
0.985782799
0.984637221
0.983393209
0.982043478
0.980579604
0.978992972
0.977275986
0.975423095
0.973430988
0.971297168
0.969019923
0.966596052
0.964017879
0.961274887
0.958352843
0.955235894
0.951906883
0.948349805
0.944547078
0.940479008
0.936126106
0.931468512
0.926483826
0.921146296
0.915426947
0.909283774
0.902676661
0.895563367
0.887902191
0.879648841
0.870751743
0.861142747
0.850743873
0.839462298
0.827167147
0.813713058
0.798910372
0.782553483
0.764423752
0.744248233
0.721764474
0.696710089
0.668841788
0.637973028
0.603953353
0.56675466
0.526489816
0.483425826
0.438302074
0.391270814
0.343117893
0.294889468
0.247847836
0.203328204
0.162576778
0.126557902
0.095822606
0.070492385
0.050316493
0.997112219
0.996855697
0.996572479
0.996272601
0.995962076
0.995641576
0.995307669
0.994954733
0.994576578
0.994167664
0.993723929
0.993243095
0.992724317
0.992167217
0.991570556
0.990931009
0.990242669
0.989497563
0.988686821
0.987801986
0.986835925
0.985782799
0.984637221
0.983393209
0.982043478
0.980579604
0.978992972
0.977275986
0.975423095
0.973430988
0.971297168
0.969019923
0.966596052
0.964017879
0.961274887
0.958352843
0.955235894
0.951906883
0.948349805
0.944547078
0.940479008
0.936126106
0.931468512
0.926483826
0.921146296
0.915426947
0.909283774
0.902676661
0.895563367
0.887902191
0.879648841
0.870751743
0.861142747
0.850743873
0.839462298
0.827167147
0.813713058
0.798910372
0.782553483
0.764423752
0.744248233
0.721764474
0.696710089
0.668841788
0.637973028
0.603953353
0.56675466
0.526489816
0.483425826
0.438302074
0.391270814
0.343117893
0.294889468
0.247847836
0.203328204
0.162576778
0.126557902
0.095822606
0.070492385
0.050316493
0.997112219
0.996855697
0.996572479
0.996272601
0.995962076
0.995641576
0.995307669
0.994954733
0.994576578
0.994167664
0.993723929
0.993243095
0.992724317
0.992167217
0.991570556
0.990931009
0.990242669
0.989497563
0.988686821
0.987801986
0.986835925
0.985782799
0.984637221
0.983393209
0.982043478
0.980579604
0.978992972
0.977275986
0.975423095
0.973430988
0.971297168
0.969019923
0.966596052
0.964017879
0.961274887
0.958352843
0.955235894
0.951906883
0.948349805
0.944547078
0.940479008
0.936126106
0.931468512
0.926483826
0.921146296
0.915426947
0.909283774
0.902676661
0.895563367
0.887902191
0.879648841
0.870751743
0.861142747
0.850743873
0.839462298
0.827167147
0.813713058
0.798910372
0.782553483
0.764423752
0.744248233
0.721764474
0.696710089
0.668841788
0.637973028
0.603953353
0.56675466
0.526489816
0.483425826
0.438302074
0.391270814
0.343117893
0.294889468
0.247847836
0.203328204
0.162576778
0.126557902
0.095822606
0.070492385
0.050316493
0.997112219
0.996855697
0.996572479
0.996272601
0.995962076
0.995641576
0.995307669
0.994954733
0.994576578
0.994167664
0.993723929
0.993243095
0.992724317
0.992167217
0.991570556
0.990931009
0.990242669
0.989497563
0.988686821
0.987801986
0.986835925
0.985782799
0.984637221
0.983393209
0.982043478
0.980579604
0.978992972
0.977275986
0.975423095
0.973430988
0.971297168
0.969019923
0.966596052
0.964017879
0.961274887
0.958352843
0.955235894
0.951906883
0.948349805
0.944547078
0.940479008
0.936126106
0.931468512
0.926483826
0.921146296
0.915426947
0.909283774
0.902676661
0.895563367
0.887902191
0.879648841
0.870751743
0.861142747
0.850743873
0.839462298
0.827167147
0.813713058
0.798910372
0.782553483
0.764423752
0.744248233
0.721764474
0.696710089
0.668841788
0.637973028
0.603953353
0.56675466
0.526489816
0.483425826
0.438302074
0.391270814
0.343117893
0.294889468
0.247847836
0.203328204
0.162576778
0.126557902
0.095822606
0.070492385
0.050316493
0.997112219
0.996855697
0.996572479
0.996272601
0.995962076
0.995641576
0.995307669
0.994954733
0.994576578
0.994167664
0.993723929
0.993243095
0.992724317
0.992167217
0.991570556
0.990931009
0.990242669
0.989497563
0.988686821
0.987801986
0.986835925
0.985782799
0.984637221
0.983393209
0.982043478
0.980579604
0.978992972
0.977275986
0.975423095
0.973430988
0.971297168
0.969019923
0.966596052
0.964017879
0.961274887
0.958352843
0.955235894
0.951906883
0.948349805
0.944547078
0.940479008
0.936126106
0.931468512
0.926483826
0.921146296
0.915426947
0.909283774
0.902676661
0.895563367
0.887902191
0.879648841
0.870751743
0.861142747
0.850743873
0.839462298
0.827167147
0.813713058
0.798910372
0.782553483
0.764423752
0.744248233
0.721764474
0.696710089
0.668841788
0.637973028
0.603953353
0.56675466
0.526489816
0.483425826
0.438302074
0.391270814
0.343117893
0.294889468
0.247847836
0.203328204
0.162576778
0.126557902
0.095822606
0.070492385
0.050316493
0.997112219
0.996855697
0.996572479
0.996272601
0.995962076
0.995641576
0.995307669
0.994954733
0.994576578
0.994167664
0.993723929
0.993243095
0.992724317
0.992167217
0.991570556
0.990931009
0.990242669
0.989497563
0.988686821
0.987801986
0.986835925
0.985782799
0.984637221
0.983393209
0.982043478
0.980579604
0.978992972
0.977275986
0.975423095
0.973430988
0.971297168
0.969019923
0.966596052
0.964017879
0.961274887
0.958352843
0.955235894
0.951906883
0.948349805
0.944547078
0.940479008
0.936126106
0.931468512
0.926483826
0.921146296
0.915426947
0.909283774
0.902676661
0.895563367
0.887902191
0.879648841
0.870751743
0.861142747
0.850743873
0.839462298
0.827167147
0.813713058
0.798910372
0.782553483
0.764423752
0.744248233
0.721764474
0.696710089
0.668841788
0.637973028
0.603953353
0.56675466
0.526489816
0.483425826
0.438302074
0.391270814
0.343117893
0.294889468
0.247847836
0.203328204
0.162576778
0.126557902
0.095822606
0.070492385
0.050316493
0.997112219
0.996855697
0.996572479
0.996272601
0.995962076
0.995641576
0.995307669
0.994954733
0.994576578
0.994167664
0.993723929
0.993243095
0.992724317
0.992167217
0.991570556
0.990931009
0.990242669
0.989497563
0.988686821
0.987801986
0.986835925
0.985782799
0.984637221
0.983393209
0.982043478
0.980579604
0.978992972
0.977275986
0.975423095
0.973430988
0.971297168
0.969019923
0.966596052
0.964017879
0.961274887
0.958352843
0.955235894
0.951906883
0.948349805
0.944547078
0.940479008
0.936126106
0.931468512
0.926483826
0.921146296
0.915426947
0.909283774
0.902676661
0.895563367
0.887902191
0.879648841
0.870751743
0.861142747
0.850743873
0.839462298
0.827167147
0.813713058
0.798910372
0.782553483
0.764423752
0.744248233
0.721764474
0.696710089
0.668841788
0.637973028
0.603953353
0.56675466
0.526489816
0.483425826
0.438302074
0.391270814
0.343117893
0.294889468
0.247847836
0.203328204
0.162576778
0.126557902
0.095822606
0.070492385
0.050316493
0.997112219
0.996855697
0.996572479
0.996272601
0.995962076
0.995641576
0.995307669
0.994954733
0.994576578
0.994167664
0.993723929
0.993243095
0.992724317
0.992167217
0.991570556
0.990931009
0.990242669
0.989497563
0.988686821
0.987801986
0.986835925
0.985782799
0.984637221
0.983393209
0.982043478
0.980579604
0.978992972
0.977275986
0.975423095
0.973430988
0.971297168
0.969019923
0.966596052
0.964017879
0.961274887
0.958352843
0.955235894
0.951906883
0.948349805
0.944547078
0.940479008
0.936126106
0.931468512
0.926483826
0.921146296
0.915426947
0.909283774
0.902676661
0.895563367
0.887902191
0.879648841
0.870751743
0.861142747
0.850743873
0.839462298
0.827167147
0.813713058
0.798910372
0.782553483
0.764423752
0.744248233
0.721764474
0.696710089
0.668841788
0.637973028
0.603953353
0.56675466
0.526489816
0.483425826
0.438302074
0.391270814
0.343117893
0.294889468
0.247847836
0.203328204
0.162576778
0.126557902
0.095822606
0.070492385
0.050316493
0.997112219
0.996855697
0.996572479
0.996272601
0.995962076
0.995641576
0.995307669
0.994954733
0.994576578
0.994167664
0.993723929
0.993243095
0.992724317
0.992167217
0.991570556
0.990931009
0.990242669
0.989497563
0.988686821
0.987801986
0.986835925
0.985782799
0.984637221
0.983393209
0.982043478
0.980579604
0.978992972
0.977275986
0.975423095
0.973430988
0.971297168
0.969019923
0.966596052
0.964017879
0.961274887
0.958352843
0.955235894
0.951906883
0.948349805
0.944547078
0.940479008
0.936126106
0.931468512
0.926483826
0.921146296
0.915426947
0.909283774
0.902676661
0.895563367
0.887902191
0.879648841
0.870751743
0.861142747
0.850743873
0.839462298
0.827167147
0.813713058
0.798910372
0.782553483
0.764423752
0.744248233
0.721764474
0.696710089
0.668841788
0.637973028
0.603953353
0.56675466
0.526489816
0.483425826
0.438302074
0.391270814
0.343117893
0.294889468
0.247847836
0.203328204
0.162576778
0.126557902
0.095822606
0.070492385
0.050316493
0.997112219
0.996855697
0.996572479
0.996272601
0.995962076
0.995641576
0.995307669
0.994954733
0.994576578
0.994167664
0.993723929
0.993243095
0.992724317
0.992167217
0.991570556
0.990931009
0.990242669
0.989497563
0.988686821
0.987801986
0.986835925
0.985782799
0.984637221
0.983393209
0.982043478
0.980579604
0.978992972
0.977275986
0.975423095
0.973430988
0.971297168
0.969019923
0.966596052
0.964017879
0.961274887
0.958352843
0.955235894
0.951906883
0.948349805
0.944547078
0.940479008
0.936126106
0.931468512
0.926483826
0.921146296
0.915426947
0.909283774
0.902676661
0.895563367
0.887902191
0.879648841
0.870751743
0.861142747
0.850743873
0.839462298
0.827167147
0.813713058
0.798910372
0.782553483
0.764423752
0.744248233
0.721764474
0.696710089
0.668841788
0.637973028
0.603953353
0.56675466
0.526489816
0.483425826
0.438302074
0.391270814
0.343117893
0.294889468
0.247847836
0.203328204
0.162576778
0.126557902
0.095822606
0.070492385
0.050316493
0.997112219
0.996855697
0.996572479
0.996272601
0.995962076
0.995641576
0.995307669
0.994954733
0.994576578
0.994167664
0.993723929
0.993243095
0.992724317
0.992167217
0.991570556
0.990931009
0.990242669
0.989497563
0.988686821
0.987801986
0.986835925
0.985782799
0.984637221
0.983393209
0.982043478
0.980579604
0.978992972
0.977275986
0.975423095
0.973430988
0.971297168
0.969019923
0.966596052
0.964017879
0.961274887
0.958352843
0.955235894
0.951906883
0.948349805
0.944547078
0.940479008
0.936126106
0.931468512
0.926483826
0.921146296
0.915426947
0.909283774
0.902676661
0.895563367
0.887902191
0.879648841
0.870751743
0.861142747
0.850743873
0.839462298
0.827167147
0.813713058
0.798910372
0.782553483
0.764423752
0.744248233
0.721764474
0.696710089
0.668841788
0.637973028
0.603953353
0.56675466
0.526489816
0.483425826
0.438302074
0.391270814
0.343117893
0.294889468
0.247847836
0.203328204
0.162576778
0.126557902
0.095822606
0.070492385
0.050316493
0.997112219
0.996855697
0.996572479
0.996272601
0.995962076
0.995641576
0.995307669
0.994954733
0.994576578
0.994167664
0.993723929
0.993243095
0.992724317
0.992167217
0.991570556
0.990931009
0.990242669
0.989497563
0.988686821
0.987801986
0.986835925
0.985782799
0.984637221
0.983393209
0.982043478
0.980579604
0.978992972
0.977275986
0.975423095
0.973430988
0.971297168
0.969019923
0.966596052
0.964017879
0.961274887
0.958352843
0.955235894
0.951906883
0.948349805
0.944547078
0.940479008
0.936126106
0.931468512
0.926483826
0.921146296
0.915426947
0.909283774
0.902676661
0.895563367
0.887902191
0.879648841
0.870751743
0.861142747
0.850743873
0.839462298
0.827167147
0.813713058
0.798910372
0.782553483
0.764423752
0.744248233
0.721764474
0.696710089
0.668841788
0.637973028
0.603953353
0.56675466
0.526489816
0.483425826
0.438302074
0.391270814
0.343117893
0.294889468
0.247847836
0.203328204
0.162576778
0.126557902
0.095822606
0.070492385
0.050316493
0.997112219
0.996855697
0.996572479
0.996272601
0.995962076
0.995641576
0.995307669
0.994954733
0.994576578
0.994167664
0.993723929
0.993243095
0.992724317
0.992167217
0.991570556
0.990931009
0.990242669
0.989497563
0.988686821
0.987801986
0.986835925
0.985782799
0.984637221
0.983393209
0.982043478
0.980579604
0.978992972
0.977275986
0.975423095
0.973430988
0.971297168
0.969019923
0.966596052
0.964017879
0.961274887
0.958352843
0.955235894
0.951906883
0.948349805
0.944547078
0.940479008
0.936126106
0.931468512
0.926483826
0.921146296
0.915426947
0.909283774
0.902676661
0.895563367
0.887902191
0.879648841
0.870751743
0.861142747
0.850743873
0.839462298
0.827167147
0.813713058
0.798910372
0.782553483
0.764423752
0.744248233
0.721764474
0.696710089
0.668841788
0.637973028
0.603953353
0.56675466
0.526489816
0.483425826
0.438302074
0.391270814
0.343117893
0.294889468
0.247847836
0.203328204
0.162576778
0.126557902
0.095822606
0.070492385
0.050316493
0.997112219
0.996855697
0.996572479
0.996272601
0.995962076
0.995641576
0.995307669
0.994954733
0.994576578
0.994167664
0.993723929
0.993243095
0.992724317
0.992167217
0.991570556
0.990931009
0.990242669
0.989497563
0.988686821
0.987801986
0.986835925
0.985782799
0.984637221
0.983393209
0.982043478
0.980579604
0.978992972
0.977275986
0.975423095
0.973430988
0.971297168
0.969019923
0.966596052
0.964017879
0.961274887
0.958352843
0.955235894
0.951906883
0.948349805
0.944547078
0.940479008
0.936126106
0.931468512
0.926483826
0.921146296
0.915426947
0.909283774
0.902676661
0.895563367
0.887902191
0.879648841
0.870751743
0.861142747
0.850743873
0.839462298
0.827167147
0.813713058
0.798910372
0.782553483
0.764423752
0.744248233
0.721764474
0.696710089
0.668841788
0.637973028
0.603953353
0.56675466
0.526489816
0.483425826
0.438302074
0.391270814
0.343117893
0.294889468
0.247847836
0.203328204
0.162576778
0.126557902
0.095822606
0.070492385
0.050316493
0.997112219
0.996855697
0.996572479
0.996272601
0.995962076
0.995641576
0.995307669
0.994954733
0.994576578
0.994167664
0.993723929
0.993243095
0.992724317
0.992167217
0.991570556
0.990931009
0.990242669
0.989497563
0.988686821
0.987801986
0.986835925
0.985782799
0.984637221
0.983393209
0.982043478
0.980579604
0.978992972
0.977275986
0.975423095
0.973430988
0.971297168
0.969019923
0.966596052
0.964017879
0.961274887
0.958352843
0.955235894
0.951906883
0.948349805
0.944547078
0.940479008
0.936126106
0.931468512
0.926483826
0.921146296
0.915426947
0.909283774
0.902676661
0.895563367
0.887902191
0.879648841
0.870751743
0.861142747
0.850743873
0.839462298
0.827167147
0.813713058
0.798910372
0.782553483
0.764423752
0.744248233
0.721764474
0.696710089
0.668841788
0.637973028
0.603953353
0.56675466
0.526489816
0.483425826
0.438302074
0.391270814
0.343117893
0.294889468
0.247847836
0.203328204
0.162576778
0.126557902
0.095822606
0.070492385
0.050316493
0.997112219
0.996855697
0.996572479
0.996272601
0.995962076
0.995641576
0.995307669
0.994954733
0.994576578
0.994167664
0.993723929
0.993243095
0.992724317
0.992167217
0.991570556
0.990931009
0.990242669
0.989497563
0.988686821
0.987801986
0.986835925
0.985782799
0.984637221
0.983393209
0.982043478
0.980579604
0.978992972
0.977275986
0.975423095
0.973430988
0.971297168
0.969019923
0.966596052
0.964017879
0.961274887
0.958352843
0.955235894
0.951906883
0.948349805
0.944547078
0.940479008
0.936126106
0.931468512
0.926483826
0.921146296
0.915426947
0.909283774
0.902676661
0.895563367
0.887902191
0.879648841
0.870751743
0.861142747
0.850743873
0.839462298
0.827167147
0.813713058
0.798910372
0.782553483
0.764423752
0.744248233
0.721764474
0.696710089
0.668841788
0.637973028
0.603953353
0.56675466
0.526489816
0.483425826
0.438302074
0.391270814
0.343117893
0.294889468
0.247847836
0.203328204
0.162576778
0.126557902
0.095822606
0.070492385
0.050316493
0.997112219
0.996855697
0.996572479
0.996272601
0.995962076
0.995641576
0.995307669
0.994954733
0.994576578
0.994167664
0.993723929
0.993243095
0.992724317
0.992167217
0.991570556
0.990931009
0.990242669
0.989497563
0.988686821
0.987801986
0.986835925
0.985782799
0.984637221
0.983393209
0.982043478
0.980579604
0.978992972
0.977275986
0.975423095
0.973430988
0.971297168
0.969019923
0.966596052
0.964017879
0.961274887
0.958352843
0.955235894
0.951906883
0.948349805
0.944547078
0.940479008
0.936126106
0.931468512
0.926483826
0.921146296
0.915426947
0.909283774
0.902676661
0.895563367
0.887902191
0.879648841
0.870751743
0.861142747
0.850743873
0.839462298
0.827167147
0.813713058
0.798910372
0.782553483
0.764423752
0.744248233
0.721764474
0.696710089
0.668841788
0.637973028
0.603953353
0.56675466
0.526489816
0.483425826
0.438302074
0.391270814
0.343117893
0.294889468
0.247847836
0.203328204
0.162576778
0.126557902
0.095822606
0.070492385
0.050316493
0.997112219
0.996855697
0.996572479
0.996272601
0.995962076
0.995641576
0.995307669
0.994954733
0.994576578
0.994167664
0.993723929
0.993243095
0.992724317
0.992167217
0.991570556
0.990931009
0.990242669
0.989497563
0.988686821
0.987801986
0.986835925
0.985782799
0.984637221
0.983393209
0.982043478
0.980579604
0.978992972
0.977275986
0.975423095
0.973430988
0.971297168
0.969019923
0.966596052
0.964017879
0.961274887
0.958352843
0.955235894
0.951906883
0.948349805
0.944547078
0.940479008
0.936126106
0.931468512
0.926483826
0.921146296
0.915426947
0.909283774
0.902676661
0.895563367
0.887902191
0.879648841
0.870751743
0.861142747
0.850743873
0.839462298
0.827167147
0.813713058
0.798910372
0.782553483
0.764423752
0.744248233
0.721764474
0.696710089
0.668841788
0.637973028
0.603953353
0.56675466
0.526489816
0.483425826
0.438302074
0.391270814
0.343117893
0.294889468
0.247847836
0.203328204
0.162576778
0.126557902
0.095822606
0.070492385
0.050316493
0.997112219
0.996855697
0.996572479
0.996272601
0.995962076
0.995641576
0.995307669
0.994954733
0.994576578
0.994167664
0.993723929
0.993243095
0.992724317
0.992167217
0.991570556
0.990931009
0.990242669
0.989497563
0.988686821
0.987801986
0.986835925
0.985782799
0.984637221
0.983393209
0.982043478
0.980579604
0.978992972
0.977275986
0.975423095
0.973430988
0.971297168
0.969019923
0.966596052
0.964017879
0.961274887
0.958352843
0.955235894
0.951906883
0.948349805
0.944547078
0.940479008
0.936126106
0.931468512
0.926483826
0.921146296
0.915426947
0.909283774
0.902676661
0.895563367
0.887902191
0.879648841
0.870751743
0.861142747
0.850743873
0.839462298
0.827167147
0.813713058
0.798910372
0.782553483
0.764423752
0.744248233
0.721764474
0.696710089
0.668841788
0.637973028
0.603953353
0.56675466
0.526489816
0.483425826
0.438302074
0.391270814
0.343117893
0.294889468
0.247847836
0.203328204
0.162576778
0.126557902
0.095822606
0.070492385
0.050316493
0.997112219
0.996855697
0.996572479
0.996272601
0.995962076
0.995641576
0.995307669
0.994954733
0.994576578
0.994167664
0.993723929
0.993243095
0.992724317
0.992167217
0.991570556
0.990931009
0.990242669
0.989497563
0.988686821
0.987801986
0.986835925
0.985782799
0.984637221
0.983393209
0.982043478
0.980579604
0.978992972
0.977275986
0.975423095
0.973430988
0.971297168
0.969019923
0.966596052
0.964017879
0.961274887
0.958352843
0.955235894
0.951906883
0.948349805
0.944547078
0.940479008
0.936126106
0.931468512
0.926483826
0.921146296
0.915426947
0.909283774
0.902676661
0.895563367
0.887902191
0.879648841
0.870751743
0.861142747
0.850743873
0.839462298
0.827167147
0.813713058
0.798910372
0.782553483
0.764423752
0.744248233
0.721764474
0.696710089
0.668841788
0.637973028
0.603953353
0.56675466
0.526489816
0.483425826
0.438302074
0.391270814
0.343117893
0.294889468
0.247847836
0.203328204
0.162576778
0.126557902
0.095822606
0.070492385
0.050316493
0.997112219
0.996855697
0.996572479
0.996272601
0.995962076
0.995641576
0.995307669
0.994954733
0.994576578
0.994167664
0.993723929
0.993243095
0.992724317
0.992167217
0.991570556
0.990931009
0.990242669
0.989497563
0.988686821
0.987801986
0.986835925
0.985782799
0.984637221
0.983393209
0.982043478
0.980579604
0.978992972
0.977275986
0.975423095
0.973430988
0.971297168
0.969019923
0.966596052
0.964017879
0.961274887
0.958352843
0.955235894
0.951906883
0.948349805
0.944547078
0.940479008
0.936126106
0.931468512
0.926483826
0.921146296
0.915426947
0.909283774
0.902676661
0.895563367
0.887902191
0.879648841
0.870751743
0.861142747
0.850743873
0.839462298
0.827167147
0.813713058
0.798910372
0.782553483
0.764423752
0.744248233
0.721764474
0.696710089
0.668841788
0.637973028
0.603953353
0.56675466
0.526489816
0.483425826
0.438302074
0.391270814
0.343117893
0.294889468
0.247847836
0.203328204
0.162576778
0.126557902
0.095822606
0.070492385
0.050316493
0.997112219
0.996855697
0.996572479
0.996272601
0.995962076
0.995641576
0.995307669
0.994954733
0.994576578
0.994167664
0.993723929
0.993243095
0.992724317
0.992167217
0.991570556
0.990931009
0.990242669
0.989497563
0.988686821
0.987801986
0.986835925
0.985782799
0.984637221
0.983393209
0.982043478
0.980579604
0.978992972
0.977275986
0.975423095
0.973430988
0.971297168
0.969019923
0.966596052
0.964017879
0.961274887
0.958352843
0.955235894
0.951906883
0.948349805
0.944547078
0.940479008
0.936126106
0.931468512
0.926483826
0.921146296
0.915426947
0.909283774
0.902676661
0.895563367
0.887902191
0.879648841
0.870751743
0.861142747
0.850743873
0.839462298
0.827167147
0.813713058
0.798910372
0.782553483
0.764423752
0.744248233
0.721764474
0.696710089
0.668841788
0.637973028
0.603953353
0.56675466
0.526489816
0.483425826
0.438302074
0.391270814
0.343117893
0.294889468
0.247847836
0.203328204
0.162576778
0.126557902
0.095822606
0.070492385
0.050316493
0.997112219
0.996855697
0.996572479
0.996272601
0.995962076
0.995641576
0.995307669
0.994954733
0.994576578
0.994167664
0.993723929
0.993243095
0.992724317
0.992167217
0.991570556
0.990931009
0.990242669
0.989497563
0.988686821
0.987801986
0.986835925
0.985782799
0.984637221
0.983393209
0.982043478
0.980579604
0.978992972
0.977275986
0.975423095
0.973430988
0.971297168
0.969019923
0.966596052
0.964017879
0.961274887
0.958352843
0.955235894
0.951906883
0.948349805
0.944547078
0.940479008
0.936126106
0.931468512
0.926483826
0.921146296
0.915426947
0.909283774
0.902676661
0.895563367
0.887902191
0.879648841
0.870751743
0.861142747
0.850743873
0.839462298
0.827167147
0.813713058
0.798910372
0.782553483
0.764423752
0.744248233
0.721764474
0.696710089
0.668841788
0.637973028
0.603953353
0.56675466
0.526489816
0.483425826
0.438302074
0.391270814
0.343117893
0.294889468
0.247847836
0.203328204
0.162576778
0.126557902
0.095822606
0.070492385
0.050316493
0.997112219
0.996855697
0.996572479
0.996272601
0.995962076
0.995641576
0.995307669
0.994954733
0.994576578
0.994167664
0.993723929
0.993243095
0.992724317
0.992167217
0.991570556
0.990931009
0.990242669
0.989497563
0.988686821
0.987801986
0.986835925
0.985782799
0.984637221
0.983393209
0.982043478
0.980579604
0.978992972
0.977275986
0.975423095
0.973430988
0.971297168
0.969019923
0.966596052
0.964017879
0.961274887
0.958352843
0.955235894
0.951906883
0.948349805
0.944547078
0.940479008
0.936126106
0.931468512
0.926483826
0.921146296
0.915426947
0.909283774
0.902676661
0.895563367
0.887902191
0.879648841
0.870751743
0.861142747
0.850743873
0.839462298
0.827167147
0.813713058
0.798910372
0.782553483
0.764423752
0.744248233
0.721764474
0.696710089
0.668841788
0.637973028
0.603953353
0.56675466
0.526489816
0.483425826
0.438302074
0.391270814
0.343117893
0.294889468
0.247847836
0.203328204
0.162576778
0.126557902
0.095822606
0.070492385
0.050316493
0.997112219
0.996855697
0.996572479
0.996272601
0.995962076
0.995641576
0.995307669
0.994954733
0.994576578
0.994167664
0.993723929
0.993243095
0.992724317
0.992167217
0.991570556
0.990931009
0.990242669
0.989497563
0.988686821
0.987801986
0.986835925
0.985782799
0.984637221
0.983393209
0.982043478
0.980579604
0.978992972
0.977275986
0.975423095
0.973430988
0.971297168
0.969019923
0.966596052
0.964017879
0.961274887
0.958352843
0.955235894
0.951906883
0.948349805
0.944547078
0.940479008
0.936126106
0.931468512
0.926483826
0.921146296
0.915426947
0.909283774
0.902676661
0.895563367
0.887902191
0.879648841
0.870751743
0.861142747
0.850743873
0.839462298
0.827167147
0.813713058
0.798910372
0.782553483
0.764423752
0.744248233
0.721764474
0.696710089
0.668841788
0.637973028
0.603953353
0.56675466
0.526489816
0.483425826
0.438302074
0.391270814
0.343117893
0.294889468
0.247847836
0.203328204
0.162576778
0.126557902
0.095822606
0.070492385
0.050316493
0.997112219
0.996855697
0.996572479
0.996272601
0.995962076
0.995641576
0.995307669
0.994954733
0.994576578
0.994167664
0.993723929
0.993243095
0.992724317
0.992167217
0.991570556
0.990931009
0.990242669
0.989497563
0.988686821
0.987801986
0.986835925
0.985782799
0.984637221
0.983393209
0.982043478
0.980579604
0.978992972
0.977275986
0.975423095
0.973430988
0.971297168
0.969019923
0.966596052
0.964017879
0.961274887
0.958352843
0.955235894
0.951906883
0.948349805
0.944547078
0.940479008
0.936126106
0.931468512
0.926483826
0.921146296
0.915426947
0.909283774
0.902676661
0.895563367
0.887902191
0.879648841
0.870751743
0.861142747
0.850743873
0.839462298
0.827167147
0.813713058
0.798910372
0.782553483
0.764423752
0.744248233
0.721764474
0.696710089
0.668841788
0.637973028
0.603953353
0.56675466
0.526489816
0.483425826
0.438302074
0.391270814
0.343117893
0.294889468
0.247847836
0.203328204
0.162576778
0.126557902
0.095822606
0.070492385
0.050316493
0.997112219
0.996855697
0.996572479
0.996272601
0.995962076
0.995641576
0.995307669
0.994954733
0.994576578
0.994167664
0.993723929
0.993243095
0.992724317
0.992167217
0.991570556
0.990931009
0.990242669
0.989497563
0.988686821
0.987801986
0.986835925
0.985782799
0.984637221
0.983393209
0.982043478
0.980579604
0.978992972
0.977275986
0.975423095
0.973430988
0.971297168
0.969019923
0.966596052
0.964017879
0.961274887
0.958352843
0.955235894
0.951906883
0.948349805
0.944547078
0.940479008
0.936126106
0.931468512
0.926483826
0.921146296
0.915426947
0.909283774
0.902676661
0.895563367
0.887902191
0.879648841
0.870751743
0.861142747
0.850743873
0.839462298
0.827167147
0.813713058
0.798910372
0.782553483
0.764423752
0.744248233
0.721764474
0.696710089
0.668841788
0.637973028
0.603953353
0.56675466
0.526489816
0.483425826
0.438302074
0.391270814
0.343117893
0.294889468
0.247847836
0.203328204
0.162576778
0.126557902
0.095822606
0.070492385
0.050316493
0.997112219
0.996855697
0.996572479
0.996272601
0.995962076
0.995641576
0.995307669
0.994954733
0.994576578
0.994167664
0.993723929
0.993243095
0.992724317
0.992167217
0.991570556
0.990931009
0.990242669
0.989497563
0.988686821
0.987801986
0.986835925
0.985782799
0.984637221
0.983393209
0.982043478
0.980579604
0.978992972
0.977275986
0.975423095
0.973430988
0.971297168
0.969019923
0.966596052
0.964017879
0.961274887
0.958352843
0.955235894
0.951906883
0.948349805
0.944547078
0.940479008
0.936126106
0.931468512
0.926483826
0.921146296
0.915426947
0.909283774
0.902676661
0.895563367
0.887902191
0.879648841
0.870751743
0.861142747
0.850743873
0.839462298
0.827167147
0.813713058
0.798910372
0.782553483
0.764423752
0.744248233
0.721764474
0.696710089
0.668841788
0.637973028
0.603953353
0.56675466
0.526489816
0.483425826
0.438302074
0.391270814
0.343117893
0.294889468
0.247847836
0.203328204
0.162576778
0.126557902
0.095822606
0.070492385
0.050316493
0.997112219
0.996855697
0.996572479
0.996272601
0.995962076
0.995641576
0.995307669
0.994954733
0.994576578
0.994167664
0.993723929
0.993243095
0.992724317
0.992167217
0.991570556
0.990931009
0.990242669
0.989497563
0.988686821
0.987801986
0.986835925
0.985782799
0.984637221
0.983393209
0.982043478
0.980579604
0.978992972
0.977275986
0.975423095
0.973430988
0.971297168
0.969019923
0.966596052
0.964017879
0.961274887
0.958352843
0.955235894
0.951906883
0.948349805
0.944547078
0.940479008
0.936126106
0.931468512
0.926483826
0.921146296
0.915426947
0.909283774
0.902676661
0.895563367
0.887902191
0.879648841
0.870751743
0.861142747
0.850743873
0.839462298
0.827167147
0.813713058
0.798910372
0.782553483
0.764423752
0.744248233
0.721764474
0.696710089
0.668841788
0.637973028
0.603953353
0.56675466
0.526489816
0.483425826
0.438302074
0.391270814
0.343117893
0.294889468
0.247847836
0.203328204
0.162576778
0.126557902
0.095822606
0.070492385
0.050316493
0.997112219
0.996855697
0.996572479
0.996272601
0.995962076
0.995641576
0.995307669
0.994954733
0.994576578
0.994167664
0.993723929
0.993243095
0.992724317
0.992167217
0.991570556
0.990931009
0.990242669
0.989497563
0.988686821
0.987801986
0.986835925
0.985782799
0.984637221
0.983393209
0.982043478
0.980579604
0.978992972
0.977275986
0.975423095
0.973430988
0.971297168
0.969019923
0.966596052
0.964017879
0.961274887
0.958352843
0.955235894
0.951906883
0.948349805
0.944547078
0.940479008
0.936126106
0.931468512
0.926483826
0.921146296
0.915426947
0.909283774
0.902676661
0.895563367
0.887902191
0.879648841
0.870751743
0.861142747
0.850743873
0.839462298
0.827167147
0.813713058
0.798910372
0.782553483
0.764423752
0.744248233
0.721764474
0.696710089
0.668841788
0.637973028
0.603953353
0.56675466
0.526489816
0.483425826
0.438302074
0.391270814
0.343117893
0.294889468
0.247847836
0.203328204
0.162576778
0.126557902
0.095822606
0.070492385
0.050316493
0.997112219
0.996855697
0.996572479
0.996272601
0.995962076
0.995641576
0.995307669
0.994954733
0.994576578
0.994167664
0.993723929
0.993243095
0.992724317
0.992167217
0.991570556
0.990931009
0.990242669
0.989497563
0.988686821
0.987801986
0.986835925
0.985782799
0.984637221
0.983393209
0.982043478
0.980579604
0.978992972
0.977275986
0.975423095
0.973430988
0.971297168
0.969019923
0.966596052
0.964017879
0.961274887
0.958352843
0.955235894
0.951906883
0.948349805
0.944547078
0.940479008
0.936126106
0.931468512
0.926483826
0.921146296
0.915426947
0.909283774
0.902676661
0.895563367
0.887902191
0.879648841
0.870751743
0.861142747
0.850743873
0.839462298
0.827167147
0.813713058
0.798910372
0.782553483
0.764423752
0.744248233
0.721764474
0.696710089
0.668841788
0.637973028
0.603953353
0.56675466
0.526489816
0.483425826
0.438302074
0.391270814
0.343117893
0.294889468
0.247847836
0.203328204
0.162576778
0.126557902
0.095822606
0.070492385
0.050316493
0.997112219
0.996855697
0.996572479
0.996272601
0.995962076
0.995641576
0.995307669
0.994954733
0.994576578
0.994167664
0.993723929
0.993243095
0.992724317
0.992167217
0.991570556
0.990931009
0.990242669
0.989497563
0.988686821
0.987801986
0.986835925
0.985782799
0.984637221
0.983393209
0.982043478
0.980579604
0.978992972
0.977275986
0.975423095
0.973430988
0.971297168
0.969019923
0.966596052
0.964017879
0.961274887
0.958352843
0.955235894
0.951906883
0.948349805
0.944547078
0.940479008
0.936126106
0.931468512
0.926483826
0.921146296
0.915426947
0.909283774
0.902676661
0.895563367
0.887902191
0.879648841
0.870751743
0.861142747
0.850743873
0.839462298
0.827167147
0.813713058
0.798910372
0.782553483
0.764423752
0.744248233
0.721764474
0.696710089
0.668841788
0.637973028
0.603953353
0.56675466
0.526489816
0.483425826
0.438302074
0.391270814
0.343117893
0.294889468
0.247847836
0.203328204
0.162576778
0.126557902
0.095822606
0.070492385
0.050316493
0.997112219
0.996855697
0.996572479
0.996272601
0.995962076
0.995641576
0.995307669
0.994954733
0.994576578
0.994167664
0.993723929
0.993243095
0.992724317
0.992167217
0.991570556
0.990931009
0.990242669
0.989497563
0.988686821
0.987801986
0.986835925
0.985782799
0.984637221
0.983393209
0.982043478
0.980579604
0.978992972
0.977275986
0.975423095
0.973430988
0.971297168
0.969019923
0.966596052
0.964017879
0.961274887
0.958352843
0.955235894
0.951906883
0.948349805
0.944547078
0.940479008
0.936126106
0.931468512
0.926483826
0.921146296
0.915426947
0.909283774
0.902676661
0.895563367
0.887902191
0.879648841
0.870751743
0.861142747
0.850743873
0.839462298
0.827167147
0.813713058
0.798910372
0.782553483
0.764423752
0.744248233
0.721764474
0.696710089
0.668841788
0.637973028
0.603953353
0.56675466
0.526489816
0.483425826
0.438302074
0.391270814
0.343117893
0.294889468
0.247847836
0.203328204
0.162576778
0.126557902
0.095822606
0.070492385
0.050316493
0.997112219
0.996855697
0.996572479
0.996272601
0.995962076
0.995641576
0.995307669
0.994954733
0.994576578
0.994167664
0.993723929
0.993243095
0.992724317
0.992167217
0.991570556
0.990931009
0.990242669
0.989497563
0.988686821
0.987801986
0.986835925
0.985782799
0.984637221
0.983393209
0.982043478
0.980579604
0.978992972
0.977275986
0.975423095
0.973430988
0.971297168
0.969019923
0.966596052
0.964017879
0.961274887
0.958352843
0.955235894
0.951906883
0.948349805
0.944547078
0.940479008
0.936126106
0.931468512
0.926483826
0.921146296
0.915426947
0.909283774
0.902676661
0.895563367
0.887902191
0.879648841
0.870751743
0.861142747
0.850743873
0.839462298
0.827167147
0.813713058
0.798910372
0.782553483
0.764423752
0.744248233
0.721764474
0.696710089
0.668841788
0.637973028
0.603953353
0.56675466
0.526489816
0.483425826
0.438302074
0.391270814
0.343117893
0.294889468
0.247847836
0.203328204
0.162576778
0.126557902
0.095822606
0.070492385
0.050316493
0.997112219
0.996855697
0.996572479
0.996272601
0.995962076
0.995641576
0.995307669
0.994954733
0.994576578
0.994167664
0.993723929
0.993243095
0.992724317
0.992167217
0.991570556
0.990931009
0.990242669
0.989497563
0.988686821
0.987801986
0.986835925
0.985782799
0.984637221
0.983393209
0.982043478
0.980579604
0.978992972
0.977275986
0.975423095
0.973430988
0.971297168
0.969019923
0.966596052
0.964017879
0.961274887
0.958352843
0.955235894
0.951906883
0.948349805
0.944547078
0.940479008
0.936126106
0.931468512
0.926483826
0.921146296
0.915426947
0.909283774
0.902676661
0.895563367
0.887902191
0.879648841
0.870751743
0.861142747
0.850743873
0.839462298
0.827167147
0.813713058
0.798910372
0.782553483
0.764423752
0.744248233
0.721764474
0.696710089
0.668841788
0.637973028
0.603953353
0.56675466
0.526489816
0.483425826
0.438302074
0.391270814
0.343117893
0.294889468
0.247847836
0.203328204
0.162576778
0.126557902
0.095822606
0.070492385
0.050316493
0.997112219
0.996855697
0.996572479
0.996272601
0.995962076
0.995641576
0.995307669
0.994954733
0.994576578
0.994167664
0.993723929
0.993243095
0.992724317
0.992167217
0.991570556
0.990931009
0.990242669
0.989497563
0.988686821
0.987801986
0.986835925
0.985782799
0.984637221
0.983393209
0.982043478
0.980579604
0.978992972
0.977275986
0.975423095
0.973430988
0.971297168
0.969019923
0.966596052
0.964017879
0.961274887
0.958352843
0.955235894
0.951906883
0.948349805
0.944547078
0.940479008
0.936126106
0.931468512
0.926483826
0.921146296
0.915426947
0.909283774
0.902676661
0.895563367
0.887902191
0.879648841
0.870751743
0.861142747
0.850743873
0.839462298
0.827167147
0.813713058
0.798910372
0.782553483
0.764423752
0.744248233
0.721764474
0.696710089
0.668841788
0.637973028
0.603953353
0.56675466
0.526489816
0.483425826
0.438302074
0.391270814
0.343117893
0.294889468
0.247847836
0.203328204
0.162576778
0.126557902
0.095822606
0.070492385
0.050316493
0.997112219
0.996855697
0.996572479
0.996272601
0.995962076
0.995641576
0.995307669
0.994954733
0.994576578
0.994167664
0.993723929
0.993243095
0.992724317
0.992167217
0.991570556
0.990931009
0.990242669
0.989497563
0.988686821
0.987801986
0.986835925
0.985782799
0.984637221
0.983393209
0.982043478
0.980579604
0.978992972
0.977275986
0.975423095
0.973430988
0.971297168
0.969019923
0.966596052
0.964017879
0.961274887
0.958352843
0.955235894
0.951906883
0.948349805
0.944547078
0.940479008
0.936126106
0.931468512
0.926483826
0.921146296
0.915426947
0.909283774
0.902676661
0.895563367
0.887902191
0.879648841
0.870751743
0.861142747
0.850743873
0.839462298
0.827167147
0.813713058
0.798910372
0.782553483
0.764423752
0.744248233
0.721764474
0.696710089
0.668841788
0.637973028
0.603953353
0.56675466
0.526489816
0.483425826
0.438302074
0.391270814
0.343117893
0.294889468
0.247847836
0.203328204
0.162576778
0.126557902
0.095822606
0.070492385
0.050316493
0.997112219
0.996855697
0.996572479
0.996272601
0.995962076
0.995641576
0.995307669
0.994954733
0.994576578
0.994167664
0.993723929
0.993243095
0.992724317
0.992167217
0.991570556
0.990931009
0.990242669
0.989497563
0.988686821
0.987801986
0.986835925
0.985782799
0.984637221
0.983393209
0.982043478
0.980579604
0.978992972
0.977275986
0.975423095
0.973430988
0.971297168
0.969019923
0.966596052
0.964017879
0.961274887
0.958352843
0.955235894
0.951906883
0.948349805
0.944547078
0.940479008
0.936126106
0.931468512
0.926483826
0.921146296
0.915426947
0.909283774
0.902676661
0.895563367
0.887902191
0.879648841
0.870751743
0.861142747
0.850743873
0.839462298
0.827167147
0.813713058
0.798910372
0.782553483
0.764423752
0.744248233
0.721764474
0.696710089
0.668841788
0.637973028
0.603953353
0.56675466
0.526489816
0.483425826
0.438302074
0.391270814
0.343117893
0.294889468
0.247847836
0.203328204
0.162576778
0.126557902
0.095822606
0.070492385
0.050316493
0.997112219
0.996855697
0.996572479
0.996272601
0.995962076
0.995641576
0.995307669
0.994954733
0.994576578
0.994167664
0.993723929
0.993243095
0.992724317
0.992167217
0.991570556
0.990931009
0.990242669
0.989497563
0.988686821
0.987801986
0.986835925
0.985782799
0.984637221
0.983393209
0.982043478
0.980579604
0.978992972
0.977275986
0.975423095
0.973430988
0.971297168
0.969019923
0.966596052
0.964017879
0.961274887
0.958352843
0.955235894
0.951906883
0.948349805
0.944547078
0.940479008
0.936126106
0.931468512
0.926483826
0.921146296
0.915426947
0.909283774
0.902676661
0.895563367
0.887902191
0.879648841
0.870751743
0.861142747
0.850743873
0.839462298
0.827167147
0.813713058
0.798910372
0.782553483
0.764423752
0.744248233
0.721764474
0.696710089
0.668841788
0.637973028
0.603953353
0.56675466
0.526489816
0.483425826
0.438302074
0.391270814
0.343117893
0.294889468
0.247847836
0.203328204
0.162576778
0.126557902
0.095822606
0.070492385
0.050316493
0.997112219
0.996855697
0.996572479
0.996272601
0.995962076
0.995641576
0.995307669
0.994954733
0.994576578
0.994167664
0.993723929
0.993243095
0.992724317
0.992167217
0.991570556
0.990931009
0.990242669
0.989497563
0.988686821
0.987801986
0.986835925
0.985782799
0.984637221
0.983393209
0.982043478
0.980579604
0.978992972
0.977275986
0.975423095
0.973430988
0.971297168
0.969019923
0.966596052
0.964017879
0.961274887
0.958352843
0.955235894
0.951906883
0.948349805
0.944547078
0.940479008
0.936126106
0.931468512
0.926483826
0.921146296
0.915426947
0.909283774
0.902676661
0.895563367
0.887902191
0.879648841
0.870751743
0.861142747
0.850743873
0.839462298
0.827167147
0.813713058
0.798910372
0.782553483
0.764423752
0.744248233
0.721764474
0.696710089
0.668841788
0.637973028
0.603953353
0.56675466
0.526489816
0.483425826
0.438302074
0.391270814
0.343117893
0.294889468
0.247847836
0.203328204
0.162576778
0.126557902
0.095822606
0.070492385
0.050316493
0.997112219
0.996855697
0.996572479
0.996272601
0.995962076
0.995641576
0.995307669
0.994954733
0.994576578
0.994167664
0.993723929
0.993243095
0.992724317
0.992167217
0.991570556
0.990931009
0.990242669
0.989497563
0.988686821
0.987801986
0.986835925
0.985782799
0.984637221
0.983393209
0.982043478
0.980579604
0.978992972
0.977275986
0.975423095
0.973430988
0.971297168
0.969019923
0.966596052
0.964017879
0.961274887
0.958352843
0.955235894
0.951906883
0.948349805
0.944547078
0.940479008
0.936126106
0.931468512
0.926483826
0.921146296
0.915426947
0.909283774
0.902676661
0.895563367
0.887902191
0.879648841
0.870751743
0.861142747
0.850743873
0.839462298
0.827167147
0.813713058
0.798910372
0.782553483
0.764423752
0.744248233
0.721764474
0.696710089
0.668841788
0.637973028
0.603953353
0.56675466
0.526489816
0.483425826
0.438302074
0.391270814
0.343117893
0.294889468
0.247847836
0.203328204
0.162576778
0.126557902
0.095822606
0.070492385
0.050316493
0.997112219
0.996855697
0.996572479
0.996272601
0.995962076
0.995641576
0.995307669
0.994954733
0.994576578
0.994167664
0.993723929
0.993243095
0.992724317
0.992167217
0.991570556
0.990931009
0.990242669
0.989497563
0.988686821
0.987801986
0.986835925
0.985782799
0.984637221
0.983393209
0.982043478
0.980579604
0.978992972
0.977275986
0.975423095
0.973430988
0.971297168
0.969019923
0.966596052
0.964017879
0.961274887
0.958352843
0.955235894
0.951906883
0.948349805
0.944547078
0.940479008
0.936126106
0.931468512
0.926483826
0.921146296
0.915426947
0.909283774
0.902676661
0.895563367
0.887902191
0.879648841
0.870751743
0.861142747
0.850743873
0.839462298
0.827167147
0.813713058
0.798910372
0.782553483
0.764423752
0.744248233
0.721764474
0.696710089
0.668841788
0.637973028
0.603953353
0.56675466
0.526489816
0.483425826
0.438302074
0.391270814
0.343117893
0.294889468
0.247847836
0.203328204
0.162576778
0.126557902
0.095822606
0.070492385
0.050316493
0.997112219
0.996855697
0.996572479
0.996272601
0.995962076
0.995641576
0.995307669
0.994954733
0.994576578
0.994167664
0.993723929
0.993243095
0.992724317
0.992167217
0.991570556
0.990931009
0.990242669
0.989497563
0.988686821
0.987801986
0.986835925
0.985782799
0.984637221
0.983393209
0.982043478
0.980579604
0.978992972
0.977275986
0.975423095
0.973430988
0.971297168
0.969019923
0.966596052
0.964017879
0.961274887
0.958352843
0.955235894
0.951906883
0.948349805
0.944547078
0.940479008
0.936126106
0.931468512
0.926483826
0.921146296
0.915426947
0.909283774
0.902676661
0.895563367
0.887902191
0.879648841
0.870751743
0.861142747
0.850743873
0.839462298
0.827167147
0.813713058
0.798910372
0.782553483
0.764423752
0.744248233
0.721764474
0.696710089
0.668841788
0.637973028
0.603953353
0.56675466
0.526489816
0.483425826
0.438302074
0.391270814
0.343117893
0.294889468
0.247847836
0.203328204
0.162576778
0.126557902
0.095822606
0.070492385
0.050316493
0.997112219
0.996855697
0.996572479
0.996272601
0.995962076
0.995641576
0.995307669
0.994954733
0.994576578
0.994167664
0.993723929
0.993243095
0.992724317
0.992167217
0.991570556
0.990931009
0.990242669
0.989497563
0.988686821
0.987801986
0.986835925
0.985782799
0.984637221
0.983393209
0.982043478
0.980579604
0.978992972
0.977275986
0.975423095
0.973430988
0.971297168
0.969019923
0.966596052
0.964017879
0.961274887
0.958352843
0.955235894
0.951906883
0.948349805
0.944547078
0.940479008
0.936126106
0.931468512
0.926483826
0.921146296
0.915426947
0.909283774
0.902676661
0.895563367
0.887902191
0.879648841
0.870751743
0.861142747
0.850743873
0.839462298
0.827167147
0.813713058
0.798910372
0.782553483
0.764423752
0.744248233
0.721764474
0.696710089
0.668841788
0.637973028
0.603953353
0.56675466
0.526489816
0.483425826
0.438302074
0.391270814
0.343117893
0.294889468
0.247847836
0.203328204
0.162576778
0.126557902
0.095822606
0.070492385
0.050316493
0.997112219
0.996855697
0.996572479
0.996272601
0.995962076
0.995641576
0.995307669
0.994954733
0.994576578
0.994167664
0.993723929
0.993243095
0.992724317
0.992167217
0.991570556
0.990931009
0.990242669
0.989497563
0.988686821
0.987801986
0.986835925
0.985782799
0.984637221
0.983393209
0.982043478
0.980579604
0.978992972
0.977275986
0.975423095
0.973430988
0.971297168
0.969019923
0.966596052
0.964017879
0.961274887
0.958352843
0.955235894
0.951906883
0.948349805
0.944547078
0.940479008
0.936126106
0.931468512
0.926483826
0.921146296
0.915426947
0.909283774
0.902676661
0.895563367
0.887902191
0.879648841
0.870751743
0.861142747
0.850743873
0.839462298
0.827167147
0.813713058
0.798910372
0.782553483
0.764423752
0.744248233
0.721764474
0.696710089
0.668841788
0.637973028
0.603953353
0.56675466
0.526489816
0.483425826
0.438302074
0.391270814
0.343117893
0.294889468
0.247847836
0.203328204
0.162576778
0.126557902
0.095822606
0.070492385
0.050316493
0.997112219
0.996855697
0.996572479
0.996272601
0.995962076
0.995641576
0.995307669
0.994954733
0.994576578
0.994167664
0.993723929
0.993243095
0.992724317
0.992167217
0.991570556
0.990931009
0.990242669
0.989497563
0.988686821
0.987801986
0.986835925
0.985782799
0.984637221
0.983393209
0.982043478
0.980579604
0.978992972
0.977275986
0.975423095
0.973430988
0.971297168
0.969019923
0.966596052
0.964017879
0.961274887
0.958352843
0.955235894
0.951906883
0.948349805
0.944547078
0.940479008
0.936126106
0.931468512
0.926483826
0.921146296
0.915426947
0.909283774
0.902676661
0.895563367
0.887902191
0.879648841
0.870751743
0.861142747
0.850743873
0.839462298
0.827167147
0.813713058
0.798910372
0.782553483
0.764423752
0.744248233
0.721764474
0.696710089
0.668841788
0.637973028
0.603953353
0.56675466
0.526489816
0.483425826
0.438302074
0.391270814
0.343117893
0.294889468
0.247847836
0.203328204
0.162576778
0.126557902
0.095822606
0.070492385
0.050316493
0.997112219
0.996855697
0.996572479
0.996272601
0.995962076
0.995641576
0.995307669
0.994954733
0.994576578
0.994167664
0.993723929
0.993243095
0.992724317
0.992167217
0.991570556
0.990931009
0.990242669
0.989497563
0.988686821
0.987801986
0.986835925
0.985782799
0.984637221
0.983393209
0.982043478
0.980579604
0.978992972
0.977275986
0.975423095
0.973430988
0.971297168
0.969019923
0.966596052
0.964017879
0.961274887
0.958352843
0.955235894
0.951906883
0.948349805
0.944547078
0.940479008
0.936126106
0.931468512
0.926483826
0.921146296
0.915426947
0.909283774
0.902676661
0.895563367
0.887902191
0.879648841
0.870751743
0.861142747
0.850743873
0.839462298
0.827167147
0.813713058
0.798910372
0.782553483
0.764423752
0.744248233
0.721764474
0.696710089
0.668841788
0.637973028
0.603953353
0.56675466
0.526489816
0.483425826
0.438302074
0.391270814
0.343117893
0.294889468
0.247847836
0.203328204
0.162576778
0.126557902
0.095822606
0.070492385
0.050316493
0.997112219
0.996855697
0.996572479
0.996272601
0.995962076
0.995641576
0.995307669
0.994954733
0.994576578
0.994167664
0.993723929
0.993243095
0.992724317
0.992167217
0.991570556
0.990931009
0.990242669
0.989497563
0.988686821
0.987801986
0.986835925
0.985782799
0.984637221
0.983393209
0.982043478
0.980579604
0.978992972
0.977275986
0.975423095
0.973430988
0.971297168
0.969019923
0.966596052
0.964017879
0.961274887
0.958352843
0.955235894
0.951906883
0.948349805
0.944547078
0.940479008
0.936126106
0.931468512
0.926483826
0.921146296
0.915426947
0.909283774
0.902676661
0.895563367
0.887902191
0.879648841
0.870751743
0.861142747
0.850743873
0.839462298
0.827167147
0.813713058
0.798910372
0.782553483
0.764423752
0.744248233
0.721764474
0.696710089
0.668841788
0.637973028
0.603953353
0.56675466
0.526489816
0.483425826
0.438302074
0.391270814
0.343117893
0.294889468
0.247847836
0.203328204
0.162576778
0.126557902
0.095822606
0.070492385
0.050316493
0.997112219
0.996855697
0.996572479
0.996272601
0.995962076
0.995641576
0.995307669
0.994954733
0.994576578
0.994167664
0.993723929
0.993243095
0.992724317
0.992167217
0.991570556
0.990931009
0.990242669
0.989497563
0.988686821
0.987801986
0.986835925
0.985782799
0.984637221
0.983393209
0.982043478
0.980579604
0.978992972
0.977275986
0.975423095
0.973430988
0.971297168
0.969019923
0.966596052
0.964017879
0.961274887
0.958352843
0.955235894
0.951906883
0.948349805
0.944547078
0.940479008
0.936126106
0.931468512
0.926483826
0.921146296
0.915426947
0.909283774
0.902676661
0.895563367
0.887902191
0.879648841
0.870751743
0.861142747
0.850743873
0.839462298
0.827167147
0.813713058
0.798910372
0.782553483
0.764423752
0.744248233
0.721764474
0.696710089
0.668841788
0.637973028
0.603953353
0.56675466
0.526489816
0.483425826
0.438302074
0.391270814
0.343117893
0.294889468
0.247847836
0.203328204
0.162576778
0.126557902
0.095822606
0.070492385
0.050316493
0.997112219
0.996855697
0.996572479
0.996272601
0.995962076
0.995641576
0.995307669
0.994954733
0.994576578
0.994167664
0.993723929
0.993243095
0.992724317
0.992167217
0.991570556
0.990931009
0.990242669
0.989497563
0.988686821
0.987801986
0.986835925
0.985782799
0.984637221
0.983393209
0.982043478
0.980579604
0.978992972
0.977275986
0.975423095
0.973430988
0.971297168
0.969019923
0.966596052
0.964017879
0.961274887
0.958352843
0.955235894
0.951906883
0.948349805
0.944547078
0.940479008
0.936126106
0.931468512
0.926483826
0.921146296
0.915426947
0.909283774
0.902676661
0.895563367
0.887902191
0.879648841
0.870751743
0.861142747
0.850743873
0.839462298
0.827167147
0.813713058
0.798910372
0.782553483
0.764423752
0.744248233
0.721764474
0.696710089
0.668841788
0.637973028
0.603953353
0.56675466
0.526489816
0.483425826
0.438302074
0.391270814
0.343117893
0.294889468
0.247847836
0.203328204
0.162576778
0.126557902
0.095822606
0.070492385
0.050316493
0.997112219
0.996855697
0.996572479
0.996272601
0.995962076
0.995641576
0.995307669
0.994954733
0.994576578
0.994167664
0.993723929
0.993243095
0.992724317
0.992167217
0.991570556
0.990931009
0.990242669
0.989497563
0.988686821
0.987801986
0.986835925
0.985782799
0.984637221
0.983393209
0.982043478
0.980579604
0.978992972
0.977275986
0.975423095
0.973430988
0.971297168
0.969019923
0.966596052
0.964017879
0.961274887
0.958352843
0.955235894
0.951906883
0.948349805
0.944547078
0.940479008
0.936126106
0.931468512
0.926483826
0.921146296
0.915426947
0.909283774
0.902676661
0.895563367
0.887902191
0.879648841
0.870751743
0.861142747
0.850743873
0.839462298
0.827167147
0.813713058
0.798910372
0.782553483
0.764423752
0.744248233
0.721764474
0.696710089
0.668841788
0.637973028
0.603953353
0.56675466
0.526489816
0.483425826
0.438302074
0.391270814
0.343117893
0.294889468
0.247847836
0.203328204
0.162576778
0.126557902
0.095822606
0.070492385
0.050316493
0.997112219
0.996855697
0.996572479
0.996272601
0.995962076
0.995641576
0.995307669
0.994954733
0.994576578
0.994167664
0.993723929
0.993243095
0.992724317
0.992167217
0.991570556
0.990931009
0.990242669
0.989497563
0.988686821
0.987801986
0.986835925
0.985782799
0.984637221
0.983393209
0.982043478
0.980579604
0.978992972
0.977275986
0.975423095
0.973430988
0.971297168
0.969019923
0.966596052
0.964017879
0.961274887
0.958352843
0.955235894
0.951906883
0.948349805
0.944547078
0.940479008
0.936126106
0.931468512
0.926483826
0.921146296
0.915426947
0.909283774
0.902676661
0.895563367
0.887902191
0.879648841
0.870751743
0.861142747
0.850743873
0.839462298
0.827167147
0.813713058
0.798910372
0.782553483
0.764423752
0.744248233
0.721764474
0.696710089
0.668841788
0.637973028
0.603953353
0.56675466
0.526489816
0.483425826
0.438302074
0.391270814
0.343117893
0.294889468
0.247847836
0.203328204
0.162576778
0.126557902
0.095822606
0.070492385
0.050316493
0.997112219
0.996855697
0.996572479
0.996272601
0.995962076
0.995641576
0.995307669
0.994954733
0.994576578
0.994167664
0.993723929
0.993243095
0.992724317
0.992167217
0.991570556
0.990931009
0.990242669
0.989497563
0.988686821
0.987801986
0.986835925
0.985782799
0.984637221
0.983393209
0.982043478
0.980579604
0.978992972
0.977275986
0.975423095
0.973430988
0.971297168
0.969019923
0.966596052
0.964017879
0.961274887
0.958352843
0.955235894
0.951906883
0.948349805
0.944547078
0.940479008
0.936126106
0.931468512
0.926483826
0.921146296
0.915426947
0.909283774
0.902676661
0.895563367
0.887902191
0.879648841
0.870751743
0.861142747
0.850743873
0.839462298
0.827167147
0.813713058
0.798910372
0.782553483
0.764423752
0.744248233
0.721764474
0.696710089
0.668841788
0.637973028
0.603953353
0.56675466
0.526489816
0.483425826
0.438302074
0.391270814
0.343117893
0.294889468
0.247847836
0.203328204
0.162576778
0.126557902
0.095822606
0.070492385
0.050316493
0.997112219
0.996855697
0.996572479
0.996272601
0.995962076
0.995641576
0.995307669
0.994954733
0.994576578
0.994167664
0.993723929
0.993243095
0.992724317
0.992167217
0.991570556
0.990931009
0.990242669
0.989497563
0.988686821
0.987801986
0.986835925
0.985782799
0.984637221
0.983393209
0.982043478
0.980579604
0.978992972
0.977275986
0.975423095
0.973430988
0.971297168
0.969019923
0.966596052
0.964017879
0.961274887
0.958352843
0.955235894
0.951906883
0.948349805
0.944547078
0.940479008
0.936126106
0.931468512
0.926483826
0.921146296
0.915426947
0.909283774
0.902676661
0.895563367
0.887902191
0.879648841
0.870751743
0.861142747
0.850743873
0.839462298
0.827167147
0.813713058
0.798910372
0.782553483
0.764423752
0.744248233
0.721764474
0.696710089
0.668841788
0.637973028
0.603953353
0.56675466
0.526489816
0.483425826
0.438302074
0.391270814
0.343117893
0.294889468
0.247847836
0.203328204
0.162576778
0.126557902
0.095822606
0.070492385
0.050316493
0.997112219
0.996855697
0.996572479
0.996272601
0.995962076
0.995641576
0.995307669
0.994954733
0.994576578
0.994167664
0.993723929
0.993243095
0.992724317
0.992167217
0.991570556
0.990931009
0.990242669
0.989497563
0.988686821
0.987801986
0.986835925
0.985782799
0.984637221
0.983393209
0.982043478
0.980579604
0.978992972
0.977275986
0.975423095
0.973430988
0.971297168
0.969019923
0.966596052
0.964017879
0.961274887
0.958352843
0.955235894
0.951906883
0.948349805
0.944547078
0.940479008
0.936126106
0.931468512
0.926483826
0.921146296
0.915426947
0.909283774
0.902676661
0.895563367
0.887902191
0.879648841
0.870751743
0.861142747
0.850743873
0.839462298
0.827167147
0.813713058
0.798910372
0.782553483
0.764423752
0.744248233
0.721764474
0.696710089
0.668841788
0.637973028
0.603953353
0.56675466
0.526489816
0.483425826
0.438302074
0.391270814
0.343117893
0.294889468
0.247847836
0.203328204
0.162576778
0.126557902
0.095822606
0.070492385
0.050316493
0.997112219
0.996855697
0.996572479
0.996272601
0.995962076
0.995641576
0.995307669
0.994954733
0.994576578
0.994167664
0.993723929
0.993243095
0.992724317
0.992167217
0.991570556
0.990931009
0.990242669
0.989497563
0.988686821
0.987801986
0.986835925
0.985782799
0.984637221
0.983393209
0.982043478
0.980579604
0.978992972
0.977275986
0.975423095
0.973430988
0.971297168
0.969019923
0.966596052
0.964017879
0.961274887
0.958352843
0.955235894
0.951906883
0.948349805
0.944547078
0.940479008
0.936126106
0.931468512
0.926483826
0.921146296
0.915426947
0.909283774
0.902676661
0.895563367
0.887902191
0.879648841
0.870751743
0.861142747
0.850743873
0.839462298
0.827167147
0.813713058
0.798910372
0.782553483
0.764423752
0.744248233
0.721764474
0.696710089
0.668841788
0.637973028
0.603953353
0.56675466
0.526489816
0.483425826
0.438302074
0.391270814
0.343117893
0.294889468
0.247847836
0.203328204
0.162576778
0.126557902
0.095822606
0.070492385
0.050316493
0.997112219
0.996855697
0.996572479
0.996272601
0.995962076
0.995641576
0.995307669
0.994954733
0.994576578
0.994167664
0.993723929
0.993243095
0.992724317
0.992167217
0.991570556
0.990931009
0.990242669
0.989497563
0.988686821
0.987801986
0.986835925
0.985782799
0.984637221
0.983393209
0.982043478
0.980579604
0.978992972
0.977275986
0.975423095
0.973430988
0.971297168
0.969019923
0.966596052
0.964017879
0.961274887
0.958352843
0.955235894
0.951906883
0.948349805
0.944547078
0.940479008
0.936126106
0.931468512
0.926483826
0.921146296
0.915426947
0.909283774
0.902676661
0.895563367
0.887902191
0.879648841
0.870751743
0.861142747
0.850743873
0.839462298
0.827167147
0.813713058
0.798910372
0.782553483
0.764423752
0.744248233
0.721764474
0.696710089
0.668841788
0.637973028
0.603953353
0.56675466
0.526489816
0.483425826
0.438302074
0.391270814
0.343117893
0.294889468
0.247847836
0.203328204
0.162576778
0.126557902
0.095822606
0.070492385
0.050316493
0.997112219
0.996855697
0.996572479
0.996272601
0.995962076
0.995641576
0.995307669
0.994954733
0.994576578
0.994167664
0.993723929
0.993243095
0.992724317
0.992167217
0.991570556
0.990931009
0.990242669
0.989497563
0.988686821
0.987801986
0.986835925
0.985782799
0.984637221
0.983393209
0.982043478
0.980579604
0.978992972
0.977275986
0.975423095
0.973430988
0.971297168
0.969019923
0.966596052
0.964017879
0.961274887
0.958352843
0.955235894
0.951906883
0.948349805
0.944547078
0.940479008
0.936126106
0.931468512
0.926483826
0.921146296
0.915426947
0.909283774
0.902676661
0.895563367
0.887902191
0.879648841
0.870751743
0.861142747
0.850743873
0.839462298
0.827167147
0.813713058
0.798910372
0.782553483
0.764423752
0.744248233
0.721764474
0.696710089
0.668841788
0.637973028
0.603953353
0.56675466
0.526489816
0.483425826
0.438302074
0.391270814
0.343117893
0.294889468
0.247847836
0.203328204
0.162576778
0.126557902
0.095822606
0.070492385
0.050316493
0.997112219
0.996855697
0.996572479
0.996272601
0.995962076
0.995641576
0.995307669
0.994954733
0.994576578
0.994167664
0.993723929
0.993243095
0.992724317
0.992167217
0.991570556
0.990931009
0.990242669
0.989497563
0.988686821
0.987801986
0.986835925
0.985782799
0.984637221
0.983393209
0.982043478
0.980579604
0.978992972
0.977275986
0.975423095
0.973430988
0.971297168
0.969019923
0.966596052
0.964017879
0.961274887
0.958352843
0.955235894
0.951906883
0.948349805
0.944547078
0.940479008
0.936126106
0.931468512
0.926483826
0.921146296
0.915426947
0.909283774
0.902676661
0.895563367
0.887902191
0.879648841
0.870751743
0.861142747
0.850743873
0.839462298
0.827167147
0.813713058
0.798910372
0.782553483
0.764423752
0.744248233
0.721764474
0.696710089
0.668841788
0.637973028
0.603953353
0.56675466
0.526489816
0.483425826
0.438302074
0.391270814
0.343117893
0.294889468
0.247847836
0.203328204
0.162576778
0.126557902
0.095822606
0.070492385
0.050316493
0.997112219
0.996855697
0.996572479
0.996272601
0.995962076
0.995641576
0.995307669
0.994954733
0.994576578
0.994167664
0.993723929
0.993243095
0.992724317
0.992167217
0.991570556
0.990931009
0.990242669
0.989497563
0.988686821
0.987801986
0.986835925
0.985782799
0.984637221
0.983393209
0.982043478
0.980579604
0.978992972
0.977275986
0.975423095
0.973430988
0.971297168
0.969019923
0.966596052
0.964017879
0.961274887
0.958352843
0.955235894
0.951906883
0.948349805
0.944547078
0.940479008
0.936126106
0.931468512
0.926483826
0.921146296
0.915426947
0.909283774
0.902676661
0.895563367
0.887902191
0.879648841
0.870751743
0.861142747
0.850743873
0.839462298
0.827167147
0.813713058
0.798910372
0.782553483
0.764423752
0.744248233
0.721764474
0.696710089
0.668841788
0.637973028
0.603953353
0.56675466
0.526489816
0.483425826
0.438302074
0.391270814
0.343117893
0.294889468
0.247847836
0.203328204
0.162576778
0.126557902
0.095822606
0.070492385
0.050316493
0.997112219
0.996855697
0.996572479
0.996272601
0.995962076
0.995641576
0.995307669
0.994954733
0.994576578
0.994167664
0.993723929
0.993243095
0.992724317
0.992167217
0.991570556
0.990931009
0.990242669
0.989497563
0.988686821
0.987801986
0.986835925
0.985782799
0.984637221
0.983393209
0.982043478
0.980579604
0.978992972
0.977275986
0.975423095
0.973430988
0.971297168
0.969019923
0.966596052
0.964017879
0.961274887
0.958352843
0.955235894
0.951906883
0.948349805
0.944547078
0.940479008
0.936126106
0.931468512
0.926483826
0.921146296
0.915426947
0.909283774
0.902676661
0.895563367
0.887902191
0.879648841
0.870751743
0.861142747
0.850743873
0.839462298
0.827167147
0.813713058
0.798910372
0.782553483
0.764423752
0.744248233
0.721764474
0.696710089
0.668841788
0.637973028
0.603953353
0.56675466
0.526489816
0.483425826
0.438302074
0.391270814
0.343117893
0.294889468
0.247847836
0.203328204
0.162576778
0.126557902
0.095822606
0.070492385
0.050316493
0.997112219
0.996855697
0.996572479
0.996272601
0.995962076
0.995641576
0.995307669
0.994954733
0.994576578
0.994167664
0.993723929
0.993243095
0.992724317
0.992167217
0.991570556
0.990931009
0.990242669
0.989497563
0.988686821
0.987801986
0.986835925
0.985782799
0.984637221
0.983393209
0.982043478
0.980579604
0.978992972
0.977275986
0.975423095
0.973430988
0.971297168
0.969019923
0.966596052
0.964017879
0.961274887
0.958352843
0.955235894
0.951906883
0.948349805
0.944547078
0.940479008
0.936126106
0.931468512
0.926483826
0.921146296
0.915426947
0.909283774
0.902676661
0.895563367
0.887902191
0.879648841
0.870751743
0.861142747
0.850743873
0.839462298
0.827167147
0.813713058
0.798910372
0.782553483
0.764423752
0.744248233
0.721764474
0.696710089
0.668841788
0.637973028
0.603953353
0.56675466
0.526489816
0.483425826
0.438302074
0.391270814
0.343117893
0.294889468
0.247847836
0.203328204
0.162576778
0.126557902
0.095822606
0.070492385
0.050316493
0.997112219
0.996855697
0.996572479
0.996272601
0.995962076
0.995641576
0.995307669
0.994954733
0.994576578
0.994167664
0.993723929
0.993243095
0.992724317
0.992167217
0.991570556
0.990931009
0.990242669
0.989497563
0.988686821
0.987801986
0.986835925
0.985782799
0.984637221
0.983393209
0.982043478
0.980579604
0.978992972
0.977275986
0.975423095
0.973430988
0.971297168
0.969019923
0.966596052
0.964017879
0.961274887
0.958352843
0.955235894
0.951906883
0.948349805
0.944547078
0.940479008
0.936126106
0.931468512
0.926483826
0.921146296
0.915426947
0.909283774
0.902676661
0.895563367
0.887902191
0.879648841
0.870751743
0.861142747
0.850743873
0.839462298
0.827167147
0.813713058
0.798910372
0.782553483
0.764423752
0.744248233
0.721764474
0.696710089
0.668841788
0.637973028
0.603953353
0.56675466
0.526489816
0.483425826
0.438302074
0.391270814
0.343117893
0.294889468
0.247847836
0.203328204
0.162576778
0.126557902
0.095822606
0.070492385
0.050316493
0.997112219
0.996855697
0.996572479
0.996272601
0.995962076
0.995641576
0.995307669
0.994954733
0.994576578
0.994167664
0.993723929
0.993243095
0.992724317
0.992167217
0.991570556
0.990931009
0.990242669
0.989497563
0.988686821
0.987801986
0.986835925
0.985782799
0.984637221
0.983393209
0.982043478
0.980579604
0.978992972
0.977275986
0.975423095
0.973430988
0.971297168
0.969019923
0.966596052
0.964017879
0.961274887
0.958352843
0.955235894
0.951906883
0.948349805
0.944547078
0.940479008
0.936126106
0.931468512
0.926483826
0.921146296
0.915426947
0.909283774
0.902676661
0.895563367
0.887902191
0.879648841
0.870751743
0.861142747
0.850743873
0.839462298
0.827167147
0.813713058
0.798910372
0.782553483
0.764423752
0.744248233
0.721764474
0.696710089
0.668841788
0.637973028
0.603953353
0.56675466
0.526489816
0.483425826
0.438302074
0.391270814
0.343117893
0.294889468
0.247847836
0.203328204
0.162576778
0.126557902
0.095822606
0.070492385
0.050316493
0.997112219
0.996855697
0.996572479
0.996272601
0.995962076
0.995641576
0.995307669
0.994954733
0.994576578
0.994167664
0.993723929
0.993243095
0.992724317
0.992167217
0.991570556
0.990931009
0.990242669
0.989497563
0.988686821
0.987801986
0.986835925
0.985782799
0.984637221
0.983393209
0.982043478
0.980579604
0.978992972
0.977275986
0.975423095
0.973430988
0.971297168
0.969019923
0.966596052
0.964017879
0.961274887
0.958352843
0.955235894
0.951906883
0.948349805
0.944547078
0.940479008
0.936126106
0.931468512
0.926483826
0.921146296
0.915426947
0.909283774
0.902676661
0.895563367
0.887902191
0.879648841
0.870751743
0.861142747
0.850743873
0.839462298
0.827167147
0.813713058
0.798910372
0.782553483
0.764423752
0.744248233
0.721764474
0.696710089
0.668841788
0.637973028
0.603953353
0.56675466
0.526489816
0.483425826
0.438302074
0.391270814
0.343117893
0.294889468
0.247847836
0.203328204
0.162576778
0.126557902
0.095822606
0.070492385
0.050316493
0.997112219
0.996855697
0.996572479
0.996272601
0.995962076
0.995641576
0.995307669
0.994954733
0.994576578
0.994167664
0.993723929
0.993243095
0.992724317
0.992167217
0.991570556
0.990931009
0.990242669
0.989497563
0.988686821
0.987801986
0.986835925
0.985782799
0.984637221
0.983393209
0.982043478
0.980579604
0.978992972
0.977275986
0.975423095
0.973430988
0.971297168
0.969019923
0.966596052
0.964017879
0.961274887
0.958352843
0.955235894
0.951906883
0.948349805
0.944547078
0.940479008
0.936126106
0.931468512
0.926483826
0.921146296
0.915426947
0.909283774
0.902676661
0.895563367
0.887902191
0.879648841
0.870751743
0.861142747
0.850743873
0.839462298
0.827167147
0.813713058
0.798910372
0.782553483
0.764423752
0.744248233
0.721764474
0.696710089
0.668841788
0.637973028
0.603953353
0.56675466
0.526489816
0.483425826
0.438302074
0.391270814
0.343117893
0.294889468
0.247847836
0.203328204
0.162576778
0.126557902
0.095822606
0.070492385
0.050316493
0.997112219
0.996855697
0.996572479
0.996272601
0.995962076
0.995641576
0.995307669
0.994954733
0.994576578
0.994167664
0.993723929
0.993243095
0.992724317
0.992167217
0.991570556
0.990931009
0.990242669
0.989497563
0.988686821
0.987801986
0.986835925
0.985782799
0.984637221
0.983393209
0.982043478
0.980579604
0.978992972
0.977275986
0.975423095
0.973430988
0.971297168
0.969019923
0.966596052
0.964017879
0.961274887
0.958352843
0.955235894
0.951906883
0.948349805
0.944547078
0.940479008
0.936126106
0.931468512
0.926483826
0.921146296
0.915426947
0.909283774
0.902676661
0.895563367
0.887902191
0.879648841
0.870751743
0.861142747
0.850743873
0.839462298
0.827167147
0.813713058
0.798910372
0.782553483
0.764423752
0.744248233
0.721764474
0.696710089
0.668841788
0.637973028
0.603953353
0.56675466
0.526489816
0.483425826
0.438302074
0.391270814
0.343117893
0.294889468
0.247847836
0.203328204
0.162576778
0.126557902
0.095822606
0.070492385
0.050316493
0.997112219
0.996855697
0.996572479
0.996272601
0.995962076
0.995641576
0.995307669
0.994954733
0.994576578
0.994167664
0.993723929
0.993243095
0.992724317
0.992167217
0.991570556
0.990931009
0.990242669
0.989497563
0.988686821
0.987801986
0.986835925
0.985782799
0.984637221
0.983393209
0.982043478
0.980579604
0.978992972
0.977275986
0.975423095
0.973430988
0.971297168
0.969019923
0.966596052
0.964017879
0.961274887
0.958352843
0.955235894
0.951906883
0.948349805
0.944547078
0.940479008
0.936126106
0.931468512
0.926483826
0.921146296
0.915426947
0.909283774
0.902676661
0.895563367
0.887902191
0.879648841
0.870751743
0.861142747
0.850743873
0.839462298
0.827167147
0.813713058
0.798910372
0.782553483
0.764423752
0.744248233
0.721764474
0.696710089
0.668841788
0.637973028
0.603953353
0.56675466
0.526489816
0.483425826
0.438302074
0.391270814
0.343117893
0.294889468
0.247847836
0.203328204
0.162576778
0.126557902
0.095822606
0.070492385
0.050316493
0.997112219
0.996855697
0.996572479
0.996272601
0.995962076
0.995641576
0.995307669
0.994954733
0.994576578
0.994167664
0.993723929
0.993243095
0.992724317
0.992167217
0.991570556
0.990931009
0.990242669
0.989497563
0.988686821
0.987801986
0.986835925
0.985782799
0.984637221
0.983393209
0.982043478
0.980579604
0.978992972
0.977275986
0.975423095
0.973430988
0.971297168
0.969019923
0.966596052
0.964017879
0.961274887
0.958352843
0.955235894
0.951906883
0.948349805
0.944547078
0.940479008
0.936126106
0.931468512
0.926483826
0.921146296
0.915426947
0.909283774
0.902676661
0.895563367
0.887902191
0.879648841
0.870751743
0.861142747
0.850743873
0.839462298
0.827167147
0.813713058
0.798910372
0.782553483
0.764423752
0.744248233
0.721764474
0.696710089
0.668841788
0.637973028
0.603953353
0.56675466
0.526489816
0.483425826
0.438302074
0.391270814
0.343117893
0.294889468
0.247847836
0.203328204
0.162576778
0.126557902
0.095822606
0.070492385
0.050316493
0.997112219
0.996855697
0.996572479
0.996272601
0.995962076
0.995641576
0.995307669
0.994954733
0.994576578
0.994167664
0.993723929
0.993243095
0.992724317
0.992167217
0.991570556
0.990931009
0.990242669
0.989497563
0.988686821
0.987801986
0.986835925
0.985782799
0.984637221
0.983393209
0.982043478
0.980579604
0.978992972
0.977275986
0.975423095
0.973430988
0.971297168
0.969019923
0.966596052
0.964017879
0.961274887
0.958352843
0.955235894
0.951906883
0.948349805
0.944547078
0.940479008
0.936126106
0.931468512
0.926483826
0.921146296
0.915426947
0.909283774
0.902676661
0.895563367
0.887902191
0.879648841
0.870751743
0.861142747
0.850743873
0.839462298
0.827167147
0.813713058
0.798910372
0.782553483
0.764423752
0.744248233
0.721764474
0.696710089
0.668841788
0.637973028
0.603953353
0.56675466
0.526489816
0.483425826
0.438302074
0.391270814
0.343117893
0.294889468
0.247847836
0.203328204
0.162576778
0.126557902
0.095822606
0.070492385
0.050316493
0.997112219
0.996855697
0.996572479
0.996272601
0.995962076
0.995641576
0.995307669
0.994954733
0.994576578
0.994167664
0.993723929
0.993243095
0.992724317
0.992167217
0.991570556
0.990931009
0.990242669
0.989497563
0.988686821
0.987801986
0.986835925
0.985782799
0.984637221
0.983393209
0.982043478
0.980579604
0.978992972
0.977275986
0.975423095
0.973430988
0.971297168
0.969019923
0.966596052
0.964017879
0.961274887
0.958352843
0.955235894
0.951906883
0.948349805
0.944547078
0.940479008
0.936126106
0.931468512
0.926483826
0.921146296
0.915426947
0.909283774
0.902676661
0.895563367
0.887902191
0.879648841
0.870751743
0.861142747
0.850743873
0.839462298
0.827167147
0.813713058
0.798910372
0.782553483
0.764423752
0.744248233
0.721764474
0.696710089
0.668841788
0.637973028
0.603953353
0.56675466
0.526489816
0.483425826
0.438302074
0.391270814
0.343117893
0.294889468
0.247847836
0.203328204
0.162576778
0.126557902
0.095822606
0.070492385
0.050316493
0.997112219
0.996855697
0.996572479
0.996272601
0.995962076
0.995641576
0.995307669
0.994954733
0.994576578
0.994167664
0.993723929
0.993243095
0.992724317
0.992167217
0.991570556
0.990931009
0.990242669
0.989497563
0.988686821
0.987801986
0.986835925
0.985782799
0.984637221
0.983393209
0.982043478
0.980579604
0.978992972
0.977275986
0.975423095
0.973430988
0.971297168
0.969019923
0.966596052
0.964017879
0.961274887
0.958352843
0.955235894
0.951906883
0.948349805
0.944547078
0.940479008
0.936126106
0.931468512
0.926483826
0.921146296
0.915426947
0.909283774
0.902676661
0.895563367
0.887902191
0.879648841
0.870751743
0.861142747
0.850743873
0.839462298
0.827167147
0.813713058
0.798910372
0.782553483
0.764423752
0.744248233
0.721764474
0.696710089
0.668841788
0.637973028
0.603953353
0.56675466
0.526489816
0.483425826
0.438302074
0.391270814
0.343117893
0.294889468
0.247847836
0.203328204
0.162576778
0.126557902
0.095822606
0.070492385
0.050316493
0.997112219
0.996855697
0.996572479
0.996272601
0.995962076
0.995641576
0.995307669
0.994954733
0.994576578
0.994167664
0.993723929
0.993243095
0.992724317
0.992167217
0.991570556
0.990931009
0.990242669
0.989497563
0.988686821
0.987801986
0.986835925
0.985782799
0.984637221
0.983393209
0.982043478
0.980579604
0.978992972
0.977275986
0.975423095
0.973430988
0.971297168
0.969019923
0.966596052
0.964017879
0.961274887
0.958352843
0.955235894
0.951906883
0.948349805
0.944547078
0.940479008
0.936126106
0.931468512
0.926483826
0.921146296
0.915426947
0.909283774
0.902676661
0.895563367
0.887902191
0.879648841
0.870751743
0.861142747
0.850743873
0.839462298
0.827167147
0.813713058
0.798910372
0.782553483
0.764423752
0.744248233
0.721764474
0.696710089
0.668841788
0.637973028
0.603953353
0.56675466
0.526489816
0.483425826
0.438302074
0.391270814
0.343117893
0.294889468
0.247847836
0.203328204
0.162576778
0.126557902
0.095822606
0.070492385
0.050316493
0.997112219
0.996855697
0.996572479
0.996272601
0.995962076
0.995641576
0.995307669
0.994954733
0.994576578
0.994167664
0.993723929
0.993243095
0.992724317
0.992167217
0.991570556
0.990931009
0.990242669
0.989497563
0.988686821
0.987801986
0.986835925
0.985782799
0.984637221
0.983393209
0.982043478
0.980579604
0.978992972
0.977275986
0.975423095
0.973430988
0.971297168
0.969019923
0.966596052
0.964017879
0.961274887
0.958352843
0.955235894
0.951906883
0.948349805
0.944547078
0.940479008
0.936126106
0.931468512
0.926483826
0.921146296
0.915426947
0.909283774
0.902676661
0.895563367
0.887902191
0.879648841
0.870751743
0.861142747
0.850743873
0.839462298
0.827167147
0.813713058
0.798910372
0.782553483
0.764423752
0.744248233
0.721764474
0.696710089
0.668841788
0.637973028
0.603953353
0.56675466
0.526489816
0.483425826
0.438302074
0.391270814
0.343117893
0.294889468
0.247847836
0.203328204
0.162576778
0.126557902
0.095822606
0.070492385
0.050316493
0.997112219
0.996855697
0.996572479
0.996272601
0.995962076
0.995641576
0.995307669
0.994954733
0.994576578
0.994167664
0.993723929
0.993243095
0.992724317
0.992167217
0.991570556
0.990931009
0.990242669
0.989497563
0.988686821
0.987801986
0.986835925
0.985782799
0.984637221
0.983393209
0.982043478
0.980579604
0.978992972
0.977275986
0.975423095
0.973430988
0.971297168
0.969019923
0.966596052
0.964017879
0.961274887
0.958352843
0.955235894
0.951906883
0.948349805
0.944547078
0.940479008
0.936126106
0.931468512
0.926483826
0.921146296
0.915426947
0.909283774
0.902676661
0.895563367
0.887902191
0.879648841
0.870751743
0.861142747
0.850743873
0.839462298
0.827167147
0.813713058
0.798910372
0.782553483
0.764423752
0.744248233
0.721764474
0.696710089
0.668841788
0.637973028
0.603953353
0.56675466
0.526489816
0.483425826
0.438302074
0.391270814
0.343117893
0.294889468
0.247847836
0.203328204
0.162576778
0.126557902
0.095822606
0.070492385
0.050316493
0.997112219
0.996855697
0.996572479
0.996272601
0.995962076
0.995641576
0.995307669
0.994954733
0.994576578
0.994167664
0.993723929
0.993243095
0.992724317
0.992167217
0.991570556
0.990931009
0.990242669
0.989497563
0.988686821
0.987801986
0.986835925
0.985782799
0.984637221
0.983393209
0.982043478
0.980579604
0.978992972
0.977275986
0.975423095
0.973430988
0.971297168
0.969019923
0.966596052
0.964017879
0.961274887
0.958352843
0.955235894
0.951906883
0.948349805
0.944547078
0.940479008
0.936126106
0.931468512
0.926483826
0.921146296
0.915426947
0.909283774
0.902676661
0.895563367
0.887902191
0.879648841
0.870751743
0.861142747
0.850743873
0.839462298
0.827167147
0.813713058
0.798910372
0.782553483
0.764423752
0.744248233
0.721764474
0.696710089
0.668841788
0.637973028
0.603953353
0.56675466
0.526489816
0.483425826
0.438302074
0.391270814
0.343117893
0.294889468
0.247847836
0.203328204
0.162576778
0.126557902
0.095822606
0.070492385
0.050316493
0.997112219
0.996855697
0.996572479
0.996272601
0.995962076
0.995641576
0.995307669
0.994954733
0.994576578
0.994167664
0.993723929
0.993243095
0.992724317
0.992167217
0.991570556
0.990931009
0.990242669
0.989497563
0.988686821
0.987801986
0.986835925
0.985782799
0.984637221
0.983393209
0.982043478
0.980579604
0.978992972
0.977275986
0.975423095
0.973430988
0.971297168
0.969019923
0.966596052
0.964017879
0.961274887
0.958352843
0.955235894
0.951906883
0.948349805
0.944547078
0.940479008
0.936126106
0.931468512
0.926483826
0.921146296
0.915426947
0.909283774
0.902676661
0.895563367
0.887902191
0.879648841
0.870751743
0.861142747
0.850743873
0.839462298
0.827167147
0.813713058
0.798910372
0.782553483
0.764423752
0.744248233
0.721764474
0.696710089
0.668841788
0.637973028
0.603953353
0.56675466
0.526489816
0.483425826
0.438302074
0.391270814
0.343117893
0.294889468
0.247847836
0.203328204
0.162576778
0.126557902
0.095822606
0.070492385
0.050316493
0.997112219
0.996855697
0.996572479
0.996272601
0.995962076
0.995641576
0.995307669
0.994954733
0.994576578
0.994167664
0.993723929
0.993243095
0.992724317
0.992167217
0.991570556
0.990931009
0.990242669
0.989497563
0.988686821
0.987801986
0.986835925
0.985782799
0.984637221
0.983393209
0.982043478
0.980579604
0.978992972
0.977275986
0.975423095
0.973430988
0.971297168
0.969019923
0.966596052
0.964017879
0.961274887
0.958352843
0.955235894
0.951906883
0.948349805
0.944547078
0.940479008
0.936126106
0.931468512
0.926483826
0.921146296
0.915426947
0.909283774
0.902676661
0.895563367
0.887902191
0.879648841
0.870751743
0.861142747
0.850743873
0.839462298
0.827167147
0.813713058
0.798910372
0.782553483
0.764423752
0.744248233
0.721764474
0.696710089
0.668841788
0.637973028
0.603953353
0.56675466
0.526489816
0.483425826
0.438302074
0.391270814
0.343117893
0.294889468
0.247847836
0.203328204
0.162576778
0.126557902
0.095822606
0.070492385
0.050316493
0.997112219
0.996855697
0.996572479
0.996272601
0.995962076
0.995641576
0.995307669
0.994954733
0.994576578
0.994167664
0.993723929
0.993243095
0.992724317
0.992167217
0.991570556
0.990931009
0.990242669
0.989497563
0.988686821
0.987801986
0.986835925
0.985782799
0.984637221
0.983393209
0.982043478
0.980579604
0.978992972
0.977275986
0.975423095
0.973430988
0.971297168
0.969019923
0.966596052
0.964017879
0.961274887
0.958352843
0.955235894
0.951906883
0.948349805
0.944547078
0.940479008
0.936126106
0.931468512
0.926483826
0.921146296
0.915426947
0.909283774
0.902676661
0.895563367
0.887902191
0.879648841
0.870751743
0.861142747
0.850743873
0.839462298
0.827167147
0.813713058
0.798910372
0.782553483
0.764423752
0.744248233
0.721764474
0.696710089
0.668841788
0.637973028
0.603953353
0.56675466
0.526489816
0.483425826
0.438302074
0.391270814
0.343117893
0.294889468
0.247847836
0.203328204
0.162576778
0.126557902
0.095822606
0.070492385
0.050316493
0.997112219
0.996855697
0.996572479
0.996272601
0.995962076
0.995641576
0.995307669
0.994954733
0.994576578
0.994167664
0.993723929
0.993243095
0.992724317
0.992167217
0.991570556
0.990931009
0.990242669
0.989497563
0.988686821
0.987801986
0.986835925
0.985782799
0.984637221
0.983393209
0.982043478
0.980579604
0.978992972
0.977275986
0.975423095
0.973430988
0.971297168
0.969019923
0.966596052
0.964017879
0.961274887
0.958352843
0.955235894
0.951906883
0.948349805
0.944547078
0.940479008
0.936126106
0.931468512
0.926483826
0.921146296
0.915426947
0.909283774
0.902676661
0.895563367
0.887902191
0.879648841
0.870751743
0.861142747
0.850743873
0.839462298
0.827167147
0.813713058
0.798910372
0.782553483
0.764423752
0.744248233
0.721764474
0.696710089
0.668841788
0.637973028
0.603953353
0.56675466
0.526489816
0.483425826
0.438302074
0.391270814
0.343117893
0.294889468
0.247847836
0.203328204
0.162576778
0.126557902
0.095822606
0.070492385
0.050316493
0.997112219
0.996855697
0.996572479
0.996272601
0.995962076
0.995641576
0.995307669
0.994954733
0.994576578
0.994167664
0.993723929
0.993243095
0.992724317
0.992167217
0.991570556
0.990931009
0.990242669
0.989497563
0.988686821
0.987801986
0.986835925
0.985782799
0.984637221
0.983393209
0.982043478
0.980579604
0.978992972
0.977275986
0.975423095
0.973430988
0.971297168
0.969019923
0.966596052
0.964017879
0.961274887
0.958352843
0.955235894
0.951906883
0.948349805
0.944547078
0.940479008
0.936126106
0.931468512
0.926483826
0.921146296
0.915426947
0.909283774
0.902676661
0.895563367
0.887902191
0.879648841
0.870751743
0.861142747
0.850743873
0.839462298
0.827167147
0.813713058
0.798910372
0.782553483
0.764423752
0.744248233
0.721764474
0.696710089
0.668841788
0.637973028
0.603953353
0.56675466
0.526489816
0.483425826
0.438302074
0.391270814
0.343117893
0.294889468
0.247847836
0.203328204
0.162576778
0.126557902
0.095822606
0.070492385
0.050316493
0.997112219
0.996855697
0.996572479
0.996272601
0.995962076
0.995641576
0.995307669
0.994954733
0.994576578
0.994167664
0.993723929
0.993243095
0.992724317
0.992167217
0.991570556
0.990931009
0.990242669
0.989497563
0.988686821
0.987801986
0.986835925
0.985782799
0.984637221
0.983393209
0.982043478
0.980579604
0.978992972
0.977275986
0.975423095
0.973430988
0.971297168
0.969019923
0.966596052
0.964017879
0.961274887
0.958352843
0.955235894
0.951906883
0.948349805
0.944547078
0.940479008
0.936126106
0.931468512
0.926483826
0.921146296
0.915426947
0.909283774
0.902676661
0.895563367
0.887902191
0.879648841
0.870751743
0.861142747
0.850743873
0.839462298
0.827167147
0.813713058
0.798910372
0.782553483
0.764423752
0.744248233
0.721764474
0.696710089
0.668841788
0.637973028
0.603953353
0.56675466
0.526489816
0.483425826
0.438302074
0.391270814
0.343117893
0.294889468
0.247847836
0.203328204
0.162576778
0.126557902
0.095822606
0.070492385
0.050316493
0.997112219
0.996855697
0.996572479
0.996272601
0.995962076
0.995641576
0.995307669
0.994954733
0.994576578
0.994167664
0.993723929
0.993243095
0.992724317
0.992167217
0.991570556
0.990931009
0.990242669
0.989497563
0.988686821
0.987801986
0.986835925
0.985782799
0.984637221
0.983393209
0.982043478
0.980579604
0.978992972
0.977275986
0.975423095
0.973430988
0.971297168
0.969019923
0.966596052
0.964017879
0.961274887
0.958352843
0.955235894
0.951906883
0.948349805
0.944547078
0.940479008
0.936126106
0.931468512
0.926483826
0.921146296
0.915426947
0.909283774
0.902676661
0.895563367
0.887902191
0.879648841
0.870751743
0.861142747
0.850743873
0.839462298
0.827167147
0.813713058
0.798910372
0.782553483
0.764423752
0.744248233
0.721764474
0.696710089
0.668841788
0.637973028
0.603953353
0.56675466
0.526489816
0.483425826
0.438302074
0.391270814
0.343117893
0.294889468
0.247847836
0.203328204
0.162576778
0.126557902
0.095822606
0.070492385
0.050316493
0.997112219
0.996855697
0.996572479
0.996272601
0.995962076
0.995641576
0.995307669
0.994954733
0.994576578
0.994167664
0.993723929
0.993243095
0.992724317
0.992167217
0.991570556
0.990931009
0.990242669
0.989497563
0.988686821
0.987801986
0.986835925
0.985782799
0.984637221
0.983393209
0.982043478
0.980579604
0.978992972
0.977275986
0.975423095
0.973430988
0.971297168
0.969019923
0.966596052
0.964017879
0.961274887
0.958352843
0.955235894
0.951906883
0.948349805
0.944547078
0.940479008
0.936126106
0.931468512
0.926483826
0.921146296
0.915426947
0.909283774
0.902676661
0.895563367
0.887902191
0.879648841
0.870751743
0.861142747
0.850743873
0.839462298
0.827167147
0.813713058
0.798910372
0.782553483
0.764423752
0.744248233
0.721764474
0.696710089
0.668841788
0.637973028
0.603953353
0.56675466
0.526489816
0.483425826
0.438302074
0.391270814
0.343117893
0.294889468
0.247847836
0.203328204
0.162576778
0.126557902
0.095822606
0.070492385
0.050316493
0.997112219
0.996855697
0.996572479
0.996272601
0.995962076
0.995641576
0.995307669
0.994954733
0.994576578
0.994167664
0.993723929
0.993243095
0.992724317
0.992167217
0.991570556
0.990931009
0.990242669
0.989497563
0.988686821
0.987801986
0.986835925
0.985782799
0.984637221
0.983393209
0.982043478
0.980579604
0.978992972
0.977275986
0.975423095
0.973430988
0.971297168
0.969019923
0.966596052
0.964017879
0.961274887
0.958352843
0.955235894
0.951906883
0.948349805
0.944547078
0.940479008
0.936126106
0.931468512
0.926483826
0.921146296
0.915426947
0.909283774
0.902676661
0.895563367
0.887902191
0.879648841
0.870751743
0.861142747
0.850743873
0.839462298
0.827167147
0.813713058
0.798910372
0.782553483
0.764423752
0.744248233
0.721764474
0.696710089
0.668841788
0.637973028
0.603953353
0.56675466
0.526489816
0.483425826
0.438302074
0.391270814
0.343117893
0.294889468
0.247847836
0.203328204
0.162576778
0.126557902
0.095822606
0.070492385
0.050316493
0.997112219
0.996855697
0.996572479
0.996272601
0.995962076
0.995641576
0.995307669
0.994954733
0.994576578
0.994167664
0.993723929
0.993243095
0.992724317
0.992167217
0.991570556
0.990931009
0.990242669
0.989497563
0.988686821
0.987801986
0.986835925
0.985782799
0.984637221
0.983393209
0.982043478
0.980579604
0.978992972
0.977275986
0.975423095
0.973430988
0.971297168
0.969019923
0.966596052
0.964017879
0.961274887
0.958352843
0.955235894
0.951906883
0.948349805
0.944547078
0.940479008
0.936126106
0.931468512
0.926483826
0.921146296
0.915426947
0.909283774
0.902676661
0.895563367
0.887902191
0.879648841
0.870751743
0.861142747
0.850743873
0.839462298
0.827167147
0.813713058
0.798910372
0.782553483
0.764423752
0.744248233
0.721764474
0.696710089
0.668841788
0.637973028
0.603953353
0.56675466
0.526489816
0.483425826
0.438302074
0.391270814
0.343117893
0.294889468
0.247847836
0.203328204
0.162576778
0.126557902
0.095822606
0.070492385
0.050316493
0.997112219
0.996855697
0.996572479
0.996272601
0.995962076
0.995641576
0.995307669
0.994954733
0.994576578
0.994167664
0.993723929
0.993243095
0.992724317
0.992167217
0.991570556
0.990931009
0.990242669
0.989497563
0.988686821
0.987801986
0.986835925
0.985782799
0.984637221
0.983393209
0.982043478
0.980579604
0.978992972
0.977275986
0.975423095
0.973430988
0.971297168
0.969019923
0.966596052
0.964017879
0.961274887
0.958352843
0.955235894
0.951906883
0.948349805
0.944547078
0.940479008
0.936126106
0.931468512
0.926483826
0.921146296
0.915426947
0.909283774
0.902676661
0.895563367
0.887902191
0.879648841
0.870751743
0.861142747
0.850743873
0.839462298
0.827167147
0.813713058
0.798910372
0.782553483
0.764423752
0.744248233
0.721764474
0.696710089
0.668841788
0.637973028
0.603953353
0.56675466
0.526489816
0.483425826
0.438302074
0.391270814
0.343117893
0.294889468
0.247847836
0.203328204
0.162576778
0.126557902
0.095822606
0.070492385
0.050316493
0.997112219
0.996855697
0.996572479
0.996272601
0.995962076
0.995641576
0.995307669
0.994954733
0.994576578
0.994167664
0.993723929
0.993243095
0.992724317
0.992167217
0.991570556
0.990931009
0.990242669
0.989497563
0.988686821
0.987801986
0.986835925
0.985782799
0.984637221
0.983393209
0.982043478
0.980579604
0.978992972
0.977275986
0.975423095
0.973430988
0.971297168
0.969019923
0.966596052
0.964017879
0.961274887
0.958352843
0.955235894
0.951906883
0.948349805
0.944547078
0.940479008
0.936126106
0.931468512
0.926483826
0.921146296
0.915426947
0.909283774
0.902676661
0.895563367
0.887902191
0.879648841
0.870751743
0.861142747
0.850743873
0.839462298
0.827167147
0.813713058
0.798910372
0.782553483
0.764423752
0.744248233
0.721764474
0.696710089
0.668841788
0.637973028
0.603953353
0.56675466
0.526489816
0.483425826
0.438302074
0.391270814
0.343117893
0.294889468
0.247847836
0.203328204
0.162576778
0.126557902
0.095822606
0.070492385
0.050316493
0.997112219
0.996855697
0.996572479
0.996272601
0.995962076
0.995641576
0.995307669
0.994954733
0.994576578
0.994167664
0.993723929
0.993243095
0.992724317
0.992167217
0.991570556
0.990931009
0.990242669
0.989497563
0.988686821
0.987801986
0.986835925
0.985782799
0.984637221
0.983393209
0.982043478
0.980579604
0.978992972
0.977275986
0.975423095
0.973430988
0.971297168
0.969019923
0.966596052
0.964017879
0.961274887
0.958352843
0.955235894
0.951906883
0.948349805
0.944547078
0.940479008
0.936126106
0.931468512
0.926483826
0.921146296
0.915426947
0.909283774
0.902676661
0.895563367
0.887902191
0.879648841
0.870751743
0.861142747
0.850743873
0.839462298
0.827167147
0.813713058
0.798910372
0.782553483
0.764423752
0.744248233
0.721764474
0.696710089
0.668841788
0.637973028
0.603953353
0.56675466
0.526489816
0.483425826
0.438302074
0.391270814
0.343117893
0.294889468
0.247847836
0.203328204
0.162576778
0.126557902
0.095822606
0.070492385
0.050316493
0.997112219
0.996855697
0.996572479
0.996272601
0.995962076
0.995641576
0.995307669
0.994954733
0.994576578
0.994167664
0.993723929
0.993243095
0.992724317
0.992167217
0.991570556
0.990931009
0.990242669
0.989497563
0.988686821
0.987801986
0.986835925
0.985782799
0.984637221
0.983393209
0.982043478
0.980579604
0.978992972
0.977275986
0.975423095
0.973430988
0.971297168
0.969019923
0.966596052
0.964017879
0.961274887
0.958352843
0.955235894
0.951906883
0.948349805
0.944547078
0.940479008
0.936126106
0.931468512
0.926483826
0.921146296
0.915426947
0.909283774
0.902676661
0.895563367
0.887902191
0.879648841
0.870751743
0.861142747
0.850743873
0.839462298
0.827167147
0.813713058
0.798910372
0.782553483
0.764423752
0.744248233
0.721764474
0.696710089
0.668841788
0.637973028
0.603953353
0.56675466
0.526489816
0.483425826
0.438302074
0.391270814
0.343117893
0.294889468
0.247847836
0.203328204
0.162576778
0.126557902
0.095822606
0.070492385
0.050316493
0.997112219
0.996855697
0.996572479
0.996272601
0.995962076
0.995641576
0.995307669
0.994954733
0.994576578
0.994167664
0.993723929
0.993243095
0.992724317
0.992167217
0.991570556
0.990931009
0.990242669
0.989497563
0.988686821
0.987801986
0.986835925
0.985782799
0.984637221
0.983393209
0.982043478
0.980579604
0.978992972
0.977275986
0.975423095
0.973430988
0.971297168
0.969019923
0.966596052
0.964017879
0.961274887
0.958352843
0.955235894
0.951906883
0.948349805
0.944547078
0.940479008
0.936126106
0.931468512
0.926483826
0.921146296
0.915426947
0.909283774
0.902676661
0.895563367
0.887902191
0.879648841
0.870751743
0.861142747
0.850743873
0.839462298
0.827167147
0.813713058
0.798910372
0.782553483
0.764423752
0.744248233
0.721764474
0.696710089
0.668841788
0.637973028
0.603953353
0.56675466
0.526489816
0.483425826
0.438302074
0.391270814
0.343117893
0.294889468
0.247847836
0.203328204
0.162576778
0.126557902
0.095822606
0.070492385
0.050316493
0.997112219
0.996855697
0.996572479
0.996272601
0.995962076
0.995641576
0.995307669
0.994954733
0.994576578
0.994167664
0.993723929
0.993243095
0.992724317
0.992167217
0.991570556
0.990931009
0.990242669
0.989497563
0.988686821
0.987801986
0.986835925
0.985782799
0.984637221
0.983393209
0.982043478
0.980579604
0.978992972
0.977275986
0.975423095
0.973430988
0.971297168
0.969019923
0.966596052
0.964017879
0.961274887
0.958352843
0.955235894
0.951906883
0.948349805
0.944547078
0.940479008
0.936126106
0.931468512
0.926483826
0.921146296
0.915426947
0.909283774
0.902676661
0.895563367
0.887902191
0.879648841
0.870751743
0.861142747
0.850743873
0.839462298
0.827167147
0.813713058
0.798910372
0.782553483
0.764423752
0.744248233
0.721764474
0.696710089
0.668841788
0.637973028
0.603953353
0.56675466
0.526489816
0.483425826
0.438302074
0.391270814
0.343117893
0.294889468
0.247847836
0.203328204
0.162576778
0.126557902
0.095822606
0.070492385
0.050316493
0.997112219
0.996855697
0.996572479
0.996272601
0.995962076
0.995641576
0.995307669
0.994954733
0.994576578
0.994167664
0.993723929
0.993243095
0.992724317
0.992167217
0.991570556
0.990931009
0.990242669
0.989497563
0.988686821
0.987801986
0.986835925
0.985782799
0.984637221
0.983393209
0.982043478
0.980579604
0.978992972
0.977275986
0.975423095
0.973430988
0.971297168
0.969019923
0.966596052
0.964017879
0.961274887
0.958352843
0.955235894
0.951906883
0.948349805
0.944547078
0.940479008
0.936126106
0.931468512
0.926483826
0.921146296
0.915426947
0.909283774
0.902676661
0.895563367
0.887902191
0.879648841
0.870751743
0.861142747
0.850743873
0.839462298
0.827167147
0.813713058
0.798910372
0.782553483
0.764423752
0.744248233
0.721764474
0.696710089
0.668841788
0.637973028
0.603953353
0.56675466
0.526489816
0.483425826
0.438302074
0.391270814
0.343117893
0.294889468
0.247847836
0.203328204
0.162576778
0.126557902
0.095822606
0.070492385
0.050316493
0.997112219
0.996855697
0.996572479
0.996272601
0.995962076
0.995641576
0.995307669
0.994954733
0.994576578
0.994167664
0.993723929
0.993243095
0.992724317
0.992167217
0.991570556
0.990931009
0.990242669
0.989497563
0.988686821
0.987801986
0.986835925
0.985782799
0.984637221
0.983393209
0.982043478
0.980579604
0.978992972
0.977275986
0.975423095
0.973430988
0.971297168
0.969019923
0.966596052
0.964017879
0.961274887
0.958352843
0.955235894
0.951906883
0.948349805
0.944547078
0.940479008
0.936126106
0.931468512
0.926483826
0.921146296
0.915426947
0.909283774
0.902676661
0.895563367
0.887902191
0.879648841
0.870751743
0.861142747
0.850743873
0.839462298
0.827167147
0.813713058
0.798910372
0.782553483
0.764423752
0.744248233
0.721764474
0.696710089
0.668841788
0.637973028
0.603953353
0.56675466
0.526489816
0.483425826
0.438302074
0.391270814
0.343117893
0.294889468
0.247847836
0.203328204
0.162576778
0.126557902
0.095822606
0.070492385
0.050316493
0.997112219
0.996855697
0.996572479
0.996272601
0.995962076
0.995641576
0.995307669
0.994954733
0.994576578
0.994167664
0.993723929
0.993243095
0.992724317
0.992167217
0.991570556
0.990931009
0.990242669
0.989497563
0.988686821
0.987801986
0.986835925
0.985782799
0.984637221
0.983393209
0.982043478
0.980579604
0.978992972
0.977275986
0.975423095
0.973430988
0.971297168
0.969019923
0.966596052
0.964017879
0.961274887
0.958352843
0.955235894
0.951906883
0.948349805
0.944547078
0.940479008
0.936126106
0.931468512
0.926483826
0.921146296
0.915426947
0.909283774
0.902676661
0.895563367
0.887902191
0.879648841
0.870751743
0.861142747
0.850743873
0.839462298
0.827167147
0.813713058
0.798910372
0.782553483
0.764423752
0.744248233
0.721764474
0.696710089
0.668841788
0.637973028
0.603953353
0.56675466
0.526489816
0.483425826
0.438302074
0.391270814
0.343117893
0.294889468
0.247847836
0.203328204
0.162576778
0.126557902
0.095822606
0.070492385
0.050316493
0.997112219
0.996855697
0.996572479
0.996272601
0.995962076
0.995641576
0.995307669
0.994954733
0.994576578
0.994167664
0.993723929
0.993243095
0.992724317
0.992167217
0.991570556
0.990931009
0.990242669
0.989497563
0.988686821
0.987801986
0.986835925
0.985782799
0.984637221
0.983393209
0.982043478
0.980579604
0.978992972
0.977275986
0.975423095
0.973430988
0.971297168
0.969019923
0.966596052
0.964017879
0.961274887
0.958352843
0.955235894
0.951906883
0.948349805
0.944547078
0.940479008
0.936126106
0.931468512
0.926483826
0.921146296
0.915426947
0.909283774
0.902676661
0.895563367
0.887902191
0.879648841
0.870751743
0.861142747
0.850743873
0.839462298
0.827167147
0.813713058
0.798910372
0.782553483
0.764423752
0.744248233
0.721764474
0.696710089
0.668841788
0.637973028
0.603953353
0.56675466
0.526489816
0.483425826
0.438302074
0.391270814
0.343117893
0.294889468
0.247847836
0.203328204
0.162576778
0.126557902
0.095822606
0.070492385
0.050316493
0.997112219
0.996855697
0.996572479
0.996272601
0.995962076
0.995641576
0.995307669
0.994954733
0.994576578
0.994167664
0.993723929
0.993243095
0.992724317
0.992167217
0.991570556
0.990931009
0.990242669
0.989497563
0.988686821
0.987801986
0.986835925
0.985782799
0.984637221
0.983393209
0.982043478
0.980579604
0.978992972
0.977275986
0.975423095
0.973430988
0.971297168
0.969019923
0.966596052
0.964017879
0.961274887
0.958352843
0.955235894
0.951906883
0.948349805
0.944547078
0.940479008
0.936126106
0.931468512
0.926483826
0.921146296
0.915426947
0.909283774
0.902676661
0.895563367
0.887902191
0.879648841
0.870751743
0.861142747
0.850743873
0.839462298
0.827167147
0.813713058
0.798910372
0.782553483
0.764423752
0.744248233
0.721764474
0.696710089
0.668841788
0.637973028
0.603953353
0.56675466
0.526489816
0.483425826
0.438302074
0.391270814
0.343117893
0.294889468
0.247847836
0.203328204
0.162576778
0.126557902
0.095822606
0.070492385
0.050316493
0.997112219
0.996855697
0.996572479
0.996272601
0.995962076
0.995641576
0.995307669
0.994954733
0.994576578
0.994167664
0.993723929
0.993243095
0.992724317
0.992167217
0.991570556
0.990931009
0.990242669
0.989497563
0.988686821
0.987801986
0.986835925
0.985782799
0.984637221
0.983393209
0.982043478
0.980579604
0.978992972
0.977275986
0.975423095
0.973430988
0.971297168
0.969019923
0.966596052
0.964017879
0.961274887
0.958352843
0.955235894
0.951906883
0.948349805
0.944547078
0.940479008
0.936126106
0.931468512
0.926483826
0.921146296
0.915426947
0.909283774
0.902676661
0.895563367
0.887902191
0.879648841
0.870751743
0.861142747
0.850743873
0.839462298
0.827167147
0.813713058
0.798910372
0.782553483
0.764423752
0.744248233
0.721764474
0.696710089
0.668841788
0.637973028
0.603953353
0.56675466
0.526489816
0.483425826
0.438302074
0.391270814
0.343117893
0.294889468
0.247847836
0.203328204
0.162576778
0.126557902
0.095822606
0.070492385
0.050316493
0.997112219
0.996855697
0.996572479
0.996272601
0.995962076
0.995641576
0.995307669
0.994954733
0.994576578
0.994167664
0.993723929
0.993243095
0.992724317
0.992167217
0.991570556
0.990931009
0.990242669
0.989497563
0.988686821
0.987801986
0.986835925
0.985782799
0.984637221
0.983393209
0.982043478
0.980579604
0.978992972
0.977275986
0.975423095
0.973430988
0.971297168
0.969019923
0.966596052
0.964017879
0.961274887
0.958352843
0.955235894
0.951906883
0.948349805
0.944547078
0.940479008
0.936126106
0.931468512
0.926483826
0.921146296
0.915426947
0.909283774
0.902676661
0.895563367
0.887902191
0.879648841
0.870751743
0.861142747
0.850743873
0.839462298
0.827167147
0.813713058
0.798910372
0.782553483
0.764423752
0.744248233
0.721764474
0.696710089
0.668841788
0.637973028
0.603953353
0.56675466
0.526489816
0.483425826
0.438302074
0.391270814
0.343117893
0.294889468
0.247847836
0.203328204
0.162576778
0.126557902
0.095822606
0.070492385
0.050316493
0.997112219
0.996855697
0.996572479
0.996272601
0.995962076
0.995641576
0.995307669
0.994954733
0.994576578
0.994167664
0.993723929
0.993243095
0.992724317
0.992167217
0.991570556
0.990931009
0.990242669
0.989497563
0.988686821
0.987801986
0.986835925
0.985782799
0.984637221
0.983393209
0.982043478
0.980579604
0.978992972
0.977275986
0.975423095
0.973430988
0.971297168
0.969019923
0.966596052
0.964017879
0.961274887
0.958352843
0.955235894
0.951906883
0.948349805
0.944547078
0.940479008
0.936126106
0.931468512
0.926483826
0.921146296
0.915426947
0.909283774
0.902676661
0.895563367
0.887902191
0.879648841
0.870751743
0.861142747
0.850743873
0.839462298
0.827167147
0.813713058
0.798910372
0.782553483
0.764423752
0.744248233
0.721764474
0.696710089
0.668841788
0.637973028
0.603953353
0.56675466
0.526489816
0.483425826
0.438302074
0.391270814
0.343117893
0.294889468
0.247847836
0.203328204
0.162576778
0.126557902
0.095822606
0.070492385
0.050316493
0.997112219
0.996855697
0.996572479
0.996272601
0.995962076
0.995641576
0.995307669
0.994954733
0.994576578
0.994167664
0.993723929
0.993243095
0.992724317
0.992167217
0.991570556
0.990931009
0.990242669
0.989497563
0.988686821
0.987801986
0.986835925
0.985782799
0.984637221
0.983393209
0.982043478
0.980579604
0.978992972
0.977275986
0.975423095
0.973430988
0.971297168
0.969019923
0.966596052
0.964017879
0.961274887
0.958352843
0.955235894
0.951906883
0.948349805
0.944547078
0.940479008
0.936126106
0.931468512
0.926483826
0.921146296
0.915426947
0.909283774
0.902676661
0.895563367
0.887902191
0.879648841
0.870751743
0.861142747
0.850743873
0.839462298
0.827167147
0.813713058
0.798910372
0.782553483
0.764423752
0.744248233
0.721764474
0.696710089
0.668841788
0.637973028
0.603953353
0.56675466
0.526489816
0.483425826
0.438302074
0.391270814
0.343117893
0.294889468
0.247847836
0.203328204
0.162576778
0.126557902
0.095822606
0.070492385
0.050316493
0.997112219
0.996855697
0.996572479
0.996272601
0.995962076
0.995641576
0.995307669
0.994954733
0.994576578
0.994167664
0.993723929
0.993243095
0.992724317
0.992167217
0.991570556
0.990931009
0.990242669
0.989497563
0.988686821
0.987801986
0.986835925
0.985782799
0.984637221
0.983393209
0.982043478
0.980579604
0.978992972
0.977275986
0.975423095
0.973430988
0.971297168
0.969019923
0.966596052
0.964017879
0.961274887
0.958352843
0.955235894
0.951906883
0.948349805
0.944547078
0.940479008
0.936126106
0.931468512
0.926483826
0.921146296
0.915426947
0.909283774
0.902676661
0.895563367
0.887902191
0.879648841
0.870751743
0.861142747
0.850743873
0.839462298
0.827167147
0.813713058
0.798910372
0.782553483
0.764423752
0.744248233
0.721764474
0.696710089
0.668841788
0.637973028
0.603953353
0.56675466
0.526489816
0.483425826
0.438302074
0.391270814
0.343117893
0.294889468
0.247847836
0.203328204
0.162576778
0.126557902
0.095822606
0.070492385
0.050316493
0.997112219
0.996855697
0.996572479
0.996272601
0.995962076
0.995641576
0.995307669
0.994954733
0.994576578
0.994167664
0.993723929
0.993243095
0.992724317
0.992167217
0.991570556
0.990931009
0.990242669
0.989497563
0.988686821
0.987801986
0.986835925
0.985782799
0.984637221
0.983393209
0.982043478
0.980579604
0.978992972
0.977275986
0.975423095
0.973430988
0.971297168
0.969019923
0.966596052
0.964017879
0.961274887
0.958352843
0.955235894
0.951906883
0.948349805
0.944547078
0.940479008
0.936126106
0.931468512
0.926483826
0.921146296
0.915426947
0.909283774
0.902676661
0.895563367
0.887902191
0.879648841
0.870751743
0.861142747
0.850743873
0.839462298
0.827167147
0.813713058
0.798910372
0.782553483
0.764423752
0.744248233
0.721764474
0.696710089
0.668841788
0.637973028
0.603953353
0.56675466
0.526489816
0.483425826
0.438302074
0.391270814
0.343117893
0.294889468
0.247847836
0.203328204
0.162576778
0.126557902
0.095822606
0.070492385
0.050316493
0.997112219
0.996855697
0.996572479
0.996272601
0.995962076
0.995641576
0.995307669
0.994954733
0.994576578
0.994167664
0.993723929
0.993243095
0.992724317
0.992167217
0.991570556
0.990931009
0.990242669
0.989497563
0.988686821
0.987801986
0.986835925
0.985782799
0.984637221
0.983393209
0.982043478
0.980579604
0.978992972
0.977275986
0.975423095
0.973430988
0.971297168
0.969019923
0.966596052
0.964017879
0.961274887
0.958352843
0.955235894
0.951906883
0.948349805
0.944547078
0.940479008
0.936126106
0.931468512
0.926483826
0.921146296
0.915426947
0.909283774
0.902676661
0.895563367
0.887902191
0.879648841
0.870751743
0.861142747
0.850743873
0.839462298
0.827167147
0.813713058
0.798910372
0.782553483
0.764423752
0.744248233
0.721764474
0.696710089
0.668841788
0.637973028
0.603953353
0.56675466
0.526489816
0.483425826
0.438302074
0.391270814
0.343117893
0.294889468
0.247847836
0.203328204
0.162576778
0.126557902
0.095822606
0.070492385
0.050316493
0.997112219
0.996855697
0.996572479
0.996272601
0.995962076
0.995641576
0.995307669
0.994954733
0.994576578
0.994167664
0.993723929
0.993243095
0.992724317
0.992167217
0.991570556
0.990931009
0.990242669
0.989497563
0.988686821
0.987801986
0.986835925
0.985782799
0.984637221
0.983393209
0.982043478
0.980579604
0.978992972
0.977275986
0.975423095
0.973430988
0.971297168
0.969019923
0.966596052
0.964017879
0.961274887
0.958352843
0.955235894
0.951906883
0.948349805
0.944547078
0.940479008
0.936126106
0.931468512
0.926483826
0.921146296
0.915426947
0.909283774
0.902676661
0.895563367
0.887902191
0.879648841
0.870751743
0.861142747
0.850743873
0.839462298
0.827167147
0.813713058
0.798910372
0.782553483
0.764423752
0.744248233
0.721764474
0.696710089
0.668841788
0.637973028
0.603953353
0.56675466
0.526489816
0.483425826
0.438302074
0.391270814
0.343117893
0.294889468
0.247847836
0.203328204
0.162576778
0.126557902
0.095822606
0.070492385
0.050316493
0.997112219
0.996855697
0.996572479
0.996272601
0.995962076
0.995641576
0.995307669
0.994954733
0.994576578
0.994167664
0.993723929
0.993243095
0.992724317
0.992167217
0.991570556
0.990931009
0.990242669
0.989497563
0.988686821
0.987801986
0.986835925
0.985782799
0.984637221
0.983393209
0.982043478
0.980579604
0.978992972
0.977275986
0.975423095
0.973430988
0.971297168
0.969019923
0.966596052
0.964017879
0.961274887
0.958352843
0.955235894
0.951906883
0.948349805
0.944547078
0.940479008
0.936126106
0.931468512
0.926483826
0.921146296
0.915426947
0.909283774
0.902676661
0.895563367
0.887902191
0.879648841
0.870751743
0.861142747
0.850743873
0.839462298
0.827167147
0.813713058
0.798910372
0.782553483
0.764423752
0.744248233
0.721764474
0.696710089
0.668841788
0.637973028
0.603953353
0.56675466
0.526489816
0.483425826
0.438302074
0.391270814
0.343117893
0.294889468
0.247847836
0.203328204
0.162576778
0.126557902
0.095822606
0.070492385
0.050316493
0.997112219
0.996855697
0.996572479
0.996272601
0.995962076
0.995641576
0.995307669
0.994954733
0.994576578
0.994167664
0.993723929
0.993243095
0.992724317
0.992167217
0.991570556
0.990931009
0.990242669
0.989497563
0.988686821
0.987801986
0.986835925
0.985782799
0.984637221
0.983393209
0.982043478
0.980579604
0.978992972
0.977275986
0.975423095
0.973430988
0.971297168
0.969019923
0.966596052
0.964017879
0.961274887
0.958352843
0.955235894
0.951906883
0.948349805
0.944547078
0.940479008
0.936126106
0.931468512
0.926483826
0.921146296
0.915426947
0.909283774
0.902676661
0.895563367
0.887902191
0.879648841
0.870751743
0.861142747
0.850743873
0.839462298
0.827167147
0.813713058
0.798910372
0.782553483
0.764423752
0.744248233
0.721764474
0.696710089
0.668841788
0.637973028
0.603953353
0.56675466
0.526489816
0.483425826
0.438302074
0.391270814
0.343117893
0.294889468
0.247847836
0.203328204
0.162576778
0.126557902
0.095822606
0.070492385
0.050316493
0.997112219
0.996855697
0.996572479
0.996272601
0.995962076
0.995641576
0.995307669
0.994954733
0.994576578
0.994167664
0.993723929
0.993243095
0.992724317
0.992167217
0.991570556
0.990931009
0.990242669
0.989497563
0.988686821
0.987801986
0.986835925
0.985782799
0.984637221
0.983393209
0.982043478
0.980579604
0.978992972
0.977275986
0.975423095
0.973430988
0.971297168
0.969019923
0.966596052
0.964017879
0.961274887
0.958352843
0.955235894
0.951906883
0.948349805
0.944547078
0.940479008
0.936126106
0.931468512
0.926483826
0.921146296
0.915426947
0.909283774
0.902676661
0.895563367
0.887902191
0.879648841
0.870751743
0.861142747
0.850743873
0.839462298
0.827167147
0.813713058
0.798910372
0.782553483
0.764423752
0.744248233
0.721764474
0.696710089
0.668841788
0.637973028
0.603953353
0.56675466
0.526489816
0.483425826
0.438302074
0.391270814
0.343117893
0.294889468
0.247847836
0.203328204
0.162576778
0.126557902
0.095822606
0.070492385
0.050316493
0.997112219
0.996855697
0.996572479
0.996272601
0.995962076
0.995641576
0.995307669
0.994954733
0.994576578
0.994167664
0.993723929
0.993243095
0.992724317
0.992167217
0.991570556
0.990931009
0.990242669
0.989497563
0.988686821
0.987801986
0.986835925
0.985782799
0.984637221
0.983393209
0.982043478
0.980579604
0.978992972
0.977275986
0.975423095
0.973430988
0.971297168
0.969019923
0.966596052
0.964017879
0.961274887
0.958352843
0.955235894
0.951906883
0.948349805
0.944547078
0.940479008
0.936126106
0.931468512
0.926483826
0.921146296
0.915426947
0.909283774
0.902676661
0.895563367
0.887902191
0.879648841
0.870751743
0.861142747
0.850743873
0.839462298
0.827167147
0.813713058
0.798910372
0.782553483
0.764423752
0.744248233
0.721764474
0.696710089
0.668841788
0.637973028
0.603953353
0.56675466
0.526489816
0.483425826
0.438302074
0.391270814
0.343117893
0.294889468
0.247847836
0.203328204
0.162576778
0.126557902
0.095822606
0.070492385
0.050316493
0.997112219
0.996855697
0.996572479
0.996272601
0.995962076
0.995641576
0.995307669
0.994954733
0.994576578
0.994167664
0.993723929
0.993243095
0.992724317
0.992167217
0.991570556
0.990931009
0.990242669
0.989497563
0.988686821
0.987801986
0.986835925
0.985782799
0.984637221
0.983393209
0.982043478
0.980579604
0.978992972
0.977275986
0.975423095
0.973430988
0.971297168
0.969019923
0.966596052
0.964017879
0.961274887
0.958352843
0.955235894
0.951906883
0.948349805
0.944547078
0.940479008
0.936126106
0.931468512
0.926483826
0.921146296
0.915426947
0.909283774
0.902676661
0.895563367
0.887902191
0.879648841
0.870751743
0.861142747
0.850743873
0.839462298
0.827167147
0.813713058
0.798910372
0.782553483
0.764423752
0.744248233
0.721764474
0.696710089
0.668841788
0.637973028
0.603953353
0.56675466
0.526489816
0.483425826
0.438302074
0.391270814
0.343117893
0.294889468
0.247847836
0.203328204
0.162576778
0.126557902
0.095822606
0.070492385
0.050316493
0.997112219
0.996855697
0.996572479
0.996272601
0.995962076
0.995641576
0.995307669
0.994954733
0.994576578
0.994167664
0.993723929
0.993243095
0.992724317
0.992167217
0.991570556
0.990931009
0.990242669
0.989497563
0.988686821
0.987801986
0.986835925
0.985782799
0.984637221
0.983393209
0.982043478
0.980579604
0.978992972
0.977275986
0.975423095
0.973430988
0.971297168
0.969019923
0.966596052
0.964017879
0.961274887
0.958352843
0.955235894
0.951906883
0.948349805
0.944547078
0.940479008
0.936126106
0.931468512
0.926483826
0.921146296
0.915426947
0.909283774
0.902676661
0.895563367
0.887902191
0.879648841
0.870751743
0.861142747
0.850743873
0.839462298
0.827167147
0.813713058
0.798910372
0.782553483
0.764423752
0.744248233
0.721764474
0.696710089
0.668841788
0.637973028
0.603953353
0.56675466
0.526489816
0.483425826
0.438302074
0.391270814
0.343117893
0.294889468
0.247847836
0.203328204
0.162576778
0.126557902
0.095822606
0.070492385
0.050316493
0.997112219
0.996855697
0.996572479
0.996272601
0.995962076
0.995641576
0.995307669
0.994954733
0.994576578
0.994167664
0.993723929
0.993243095
0.992724317
0.992167217
0.991570556
0.990931009
0.990242669
0.989497563
0.988686821
0.987801986
0.986835925
0.985782799
0.984637221
0.983393209
0.982043478
0.980579604
0.978992972
0.977275986
0.975423095
0.973430988
0.971297168
0.969019923
0.966596052
0.964017879
0.961274887
0.958352843
0.955235894
0.951906883
0.948349805
0.944547078
0.940479008
0.936126106
0.931468512
0.926483826
0.921146296
0.915426947
0.909283774
0.902676661
0.895563367
0.887902191
0.879648841
0.870751743
0.861142747
0.850743873
0.839462298
0.827167147
0.813713058
0.798910372
0.782553483
0.764423752
0.744248233
0.721764474
0.696710089
0.668841788
0.637973028
0.603953353
0.56675466
0.526489816
0.483425826
0.438302074
0.391270814
0.343117893
0.294889468
0.247847836
0.203328204
0.162576778
0.126557902
0.095822606
0.070492385
0.050316493
0.997112219
0.996855697
0.996572479
0.996272601
0.995962076
0.995641576
0.995307669
0.994954733
0.994576578
0.994167664
0.993723929
0.993243095
0.992724317
0.992167217
0.991570556
0.990931009
0.990242669
0.989497563
0.988686821
0.987801986
0.986835925
0.985782799
0.984637221
0.983393209
0.982043478
0.980579604
0.978992972
0.977275986
0.975423095
0.973430988
0.971297168
0.969019923
0.966596052
0.964017879
0.961274887
0.958352843
0.955235894
0.951906883
0.948349805
0.944547078
0.940479008
0.936126106
0.931468512
0.926483826
0.921146296
0.915426947
0.909283774
0.902676661
0.895563367
0.887902191
0.879648841
0.870751743
0.861142747
0.850743873
0.839462298
0.827167147
0.813713058
0.798910372
0.782553483
0.764423752
0.744248233
0.721764474
0.696710089
0.668841788
0.637973028
0.603953353
0.56675466
0.526489816
0.483425826
0.438302074
0.391270814
0.343117893
0.294889468
0.247847836
0.203328204
0.162576778
0.126557902
0.095822606
0.070492385
0.050316493
0.997112219
0.996855697
0.996572479
0.996272601
0.995962076
0.995641576
0.995307669
0.994954733
0.994576578
0.994167664
0.993723929
0.993243095
0.992724317
0.992167217
0.991570556
0.990931009
0.990242669
0.989497563
0.988686821
0.987801986
0.986835925
0.985782799
0.984637221
0.983393209
0.982043478
0.980579604
0.978992972
0.977275986
0.975423095
0.973430988
0.971297168
0.969019923
0.966596052
0.964017879
0.961274887
0.958352843
0.955235894
0.951906883
0.948349805
0.944547078
0.940479008
0.936126106
0.931468512
0.926483826
0.921146296
0.915426947
0.909283774
0.902676661
0.895563367
0.887902191
0.879648841
0.870751743
0.861142747
0.850743873
0.839462298
0.827167147
0.813713058
0.798910372
0.782553483
0.764423752
0.744248233
0.721764474
0.696710089
0.668841788
0.637973028
0.603953353
0.56675466
0.526489816
0.483425826
0.438302074
0.391270814
0.343117893
0.294889468
0.247847836
0.203328204
0.162576778
0.126557902
0.095822606
0.070492385
0.050316493
0.997112219
0.996855697
0.996572479
0.996272601
0.995962076
0.995641576
0.995307669
0.994954733
0.994576578
0.994167664
0.993723929
0.993243095
0.992724317
0.992167217
0.991570556
0.990931009
0.990242669
0.989497563
0.988686821
0.987801986
0.986835925
0.985782799
0.984637221
0.983393209
0.982043478
0.980579604
0.978992972
0.977275986
0.975423095
0.973430988
0.971297168
0.969019923
0.966596052
0.964017879
0.961274887
0.958352843
0.955235894
0.951906883
0.948349805
0.944547078
0.940479008
0.936126106
0.931468512
0.926483826
0.921146296
0.915426947
0.909283774
0.902676661
0.895563367
0.887902191
0.879648841
0.870751743
0.861142747
0.850743873
0.839462298
0.827167147
0.813713058
0.798910372
0.782553483
0.764423752
0.744248233
0.721764474
0.696710089
0.668841788
0.637973028
0.603953353
0.56675466
0.526489816
0.483425826
0.438302074
0.391270814
0.343117893
0.294889468
0.247847836
0.203328204
0.162576778
0.126557902
0.095822606
0.070492385
0.050316493