year,age,edclass,race,sex,population,tmort,trate
1990,25,0,0,0,4072624,4766,117.0252914428711
1990,25,1,0,0,3228298.25,4433.142578125,137.3213500976563
1990,25,3,0,0,844325.6875,332.8574523925781,39.42287445068359
1990,26,0,0,0,4193919,4981,118.7671966552734
1990,26,1,0,0,3226245.25,4534.3505859375,140.5457458496094
1990,26,3,0,0,967673.75,446.6493530273438,46.15701675415039
1990,27,0,0,0,4289928,5386,125.5498962402344
1990,27,1,0,0,3296684.5,4927.98974609375,149.4832153320313
1990,27,3,0,0,993243.25,458.0103149414063,46.11260223388672
1990,28,0,0,0,4146823,5443,131.2571105957031
1990,28,1,0,0,3116308,4963.20458984375,159.2655334472656
1990,28,3,0,0,1030514.875,479.7954711914063,46.55881118774414
1990,29,0,0,0,4573753,5979,130.7241516113281
1990,29,1,0,0,3462151.5,5396.1767578125,155.8619537353516
1990,29,3,0,0,1111601.75,582.8232421875,52.43093872070313
1990,30,0,0,0,4515443,6260,138.6353454589844
1990,30,1,0,0,3490103.25,5615.48828125,160.8974761962891
1990,30,3,0,0,1025339.875,644.5120239257813,62.85837936401367
1990,31,0,0,0,4348363,6333,145.6410217285156
1990,31,1,0,0,3350575,5675.5732421875,169.3910217285156
1990,31,3,0,0,997788.0625,657.426513671875,65.88838958740234
1990,32,0,0,0,4379102,6726,153.5931396484375
1990,32,1,0,0,3302235.5,5923.31689453125,179.3729400634766
1990,32,3,0,0,1076866.5,802.6830444335938,74.53877258300781
1990,33,0,0,0,4356060,6979,160.2135925292969
1990,33,1,0,0,3265783.5,6144.98876953125,188.1627655029297
1990,33,3,0,0,1090276.375,834.01123046875,76.49539947509766
1990,34,0,0,0,4339805,7176,165.3530578613281
1990,34,1,0,0,3153969.75,6259.46630859375,198.4631042480469
1990,34,3,0,0,1185835,916.53369140625,77.29015350341797
1990,35,0,0,0,4278669,7600,177.6253356933594
1990,35,1,0,0,3200383,6539.1337890625,204.3234710693359
1990,35,3,0,0,1078285.75,1060.866455078125,98.38453674316406
1990,36,0,0,0,4072627,7616,187.0046081542969
1990,36,1,0,0,3061361.5,6458.84716796875,210.9795684814453
1990,36,3,0,0,1011265.5,1157.15283203125,114.4262161254883
1990,37,0,0,0,3999950,7824,195.6024475097656
1990,37,1,0,0,2873489.5,6581.86328125,229.0547180175781
1990,37,3,0,0,1126460.5,1242.13671875,110.2689971923828
1990,38,0,0,0,3703670,7960,214.9219512939453
1990,38,1,0,0,2614729.5,6606.07958984375,252.648681640625
1990,38,3,0,0,1088940.5,1353.920776367188,124.3337707519531
1990,39,0,0,0,3935379,8069,205.0374298095703
1990,39,1,0,0,2792639,6796.47119140625,243.3709259033203
1990,39,3,0,0,1142740.25,1272.52880859375,111.3576583862305
1990,40,0,0,0,3801208,8355,219.7985534667969
1990,40,1,0,0,2727172.75,6936.58837890625,254.3508911132813
1990,40,3,0,0,1074035.375,1418.411743164063,132.0637817382813
1990,41,0,0,0,3633442,8526,234.6535339355469
1990,41,1,0,0,2573967.5,6989.8271484375,271.5584716796875
1990,41,3,0,0,1059474.5,1536.17236328125,144.9938049316406
1990,42,0,0,0,3619859,9273,256.1701965332031
1990,42,1,0,0,2646023,7687.4150390625,290.5271301269531
1990,42,3,0,0,973836.1875,1585.585083007813,162.8184661865234
1990,43,0,0,0,3845484,9743,253.3621215820313
1990,43,1,0,0,2701956,7956.0126953125,294.4538269042969
1990,43,3,0,0,1143527.875,1786.987548828125,156.2696990966797
1990,44,0,0,0,2892949,8548,295.47705078125
1990,44,1,0,0,2164953,7004.728515625,323.5510559082031
1990,44,3,0,0,727996.125,1543.271728515625,211.9889984130859
1990,45,0,0,0,2907083,9064,311.7901916503906
1990,45,1,0,0,2130489,7545.62451171875,354.1733703613281
1990,45,3,0,0,776593.875,1518.375244140625,195.5172882080078
1990,46,0,0,0,2822202,9860,349.3725891113281
1990,46,1,0,0,2140545.5,8319.1240234375,388.6450500488281
1990,46,3,0,0,681656.5625,1540.8759765625,226.0487213134766
1990,47,0,0,0,3001470,10966,365.3543090820313
1990,47,1,0,0,2275920.5,9277.830078125,407.6517639160156
1990,47,3,0,0,725549.5625,1688.16943359375,232.6745910644531
1990,48,0,0,0,2499431,10822,432.9785461425781
1990,48,1,0,0,1890788.125,9289.4599609375,491.3009338378906
1990,48,3,0,0,608642.875,1532.540283203125,251.7963104248047
1990,49,0,0,0,2598830,11130,428.2696533203125
1990,49,1,0,0,2012762,9432.708984375,468.64501953125
1990,49,3,0,0,586067.9375,1697.29052734375,289.6064453125
1990,50,0,0,0,2436814,11849,486.2496643066406
1990,50,1,0,0,1967805.875,10288.361328125,522.8341674804688
1990,50,3,0,0,469008.1875,1560.638916015625,332.7530212402344
1990,51,0,0,0,2312470,12407,536.52587890625
1990,51,1,0,0,1855466.25,10797.9541015625,581.9536743164063
1990,51,3,0,0,457003.75,1609.046142578125,352.0859680175781
1990,52,0,0,0,2265069,13405,591.814208984375
1990,52,1,0,0,1805132.5,11648.431640625,645.2951049804688
1990,52,3,0,0,459936.5625,1756.567749023438,381.9152221679688
1990,53,0,0,0,2169907,13841,637.8614501953125
1990,53,1,0,0,1733843.25,12016.85546875,693.0762329101563
1990,53,3,0,0,436063.875,1824.144775390625,418.320556640625
1990,54,0,0,0,2193502,15248,695.1441040039063
1990,54,1,0,0,1758140,13375.5,760.7755737304688
1990,54,3,0,0,435362.0625,1872.49951171875,430.1016845703125
1990,55,0,0,0,2169415,16959,781.7315063476563
1990,55,1,0,0,1736347.625,14862.734375,855.9768676757813
1990,55,3,0,0,433067.40625,2096.265625,484.0506591796875
1990,56,0,0,0,2059469,17419,845.800537109375
1990,56,1,0,0,1687009.75,15268.0390625,905.03564453125
1990,56,3,0,0,372459.21875,2150.96142578125,577.5025634765625
1990,57,0,0,0,2088250,19260,922.3033447265625
1990,57,1,0,0,1682764.25,16967.40625,1008.305603027344
1990,57,3,0,0,405485.75,2292.593994140625,565.3944702148438
1990,58,0,0,0,1975273,21114,1068.91552734375
1990,58,1,0,0,1666999.75,18364.1484375,1101.628784179688
1990,58,3,0,0,308273.34375,2749.85107421875,892.0171508789063
1990,59,0,0,0,2185752,23111,1057.347778320313
1990,59,1,0,0,1828328.25,20240.1953125,1107.032958984375
1990,59,3,0,0,357423.5625,2870.80322265625,803.193603515625
1990,60,0,0,0,2155192,26214,1216.318603515625
1990,60,1,0,0,1761756.75,23141.25,1313.532592773438
1990,60,3,0,0,393435.28125,3072.750732421875,781.00537109375
1990,61,0,0,0,2092957,27616,1319.472900390625
1990,61,1,0,0,1760743,24428.70703125,1387.409057617188
1990,61,3,0,0,332214.0625,3187.292724609375,959.4093627929688
1990,62,0,0,0,2141986,31511,1471.111328125
1990,62,1,0,0,1820071.625,28101.126953125,1543.957153320313
1990,62,3,0,0,321914.375,3409.873046875,1059.248413085938
1990,63,0,0,0,2110266,33628,1593.543212890625
1990,63,1,0,0,1748020.75,29969.6640625,1714.491333007813
1990,63,3,0,0,362245.125,3658.335693359375,1009.906127929688
1990,64,0,0,0,2123081,35859,1689.007568359375
1990,64,1,0,0,1795425.375,31964.529296875,1780.331787109375
1990,64,3,0,0,327655.53125,3894.47216796875,1188.58740234375
1990,65,0,0,0,2120777,39480,1861.581909179688
1990,65,1,0,0,1823138,35151.390625,1928.07080078125
1990,65,3,0,0,297639.0625,4328.609375,1454.31494140625
1990,66,0,0,0,2056084,41064,1997.194702148438
1990,66,1,0,0,1745685,36697.4375,2102.1796875
1990,66,3,0,0,310399.125,4366.56201171875,1406.757202148438
1990,67,0,0,0,2000180,42987,2149.156494140625
1990,67,1,0,0,1764113.625,38450.546875,2179.595703125
1990,67,3,0,0,236066.3125,4536.45556640625,1921.68701171875
1990,68,0,0,0,1961320,45912,2340.87255859375
1990,68,1,0,0,1717049.5,41246.046875,2402.146728515625
1990,68,3,0,0,244270.484375,4665.951171875,1910.157592773438
1990,69,0,0,0,1940562,47889,2467.790283203125
1990,69,1,0,0,1670020.75,42945.0546875,2571.5283203125
1990,69,3,0,0,270541.25,4943.943359375,1827.426879882813
1990,70,0,0,0,1785648,49842,2791.255615234375
1990,70,1,0,0,1591371.5,45134.6015625,2836.207763671875
1990,70,3,0,0,194276.578125,4707.39599609375,2423.038330078125
1990,71,0,0,0,1684946,49596,2943.47705078125
1990,71,1,0,0,1488672.625,44745.4140625,3005.7255859375
1990,71,3,0,0,196273.28125,4850.587890625,2471.343994140625
1990,72,0,0,0,1606680,52198,3248.811279296875
1990,72,1,0,0,1404163.5,47178.765625,3359.919677734375
1990,72,3,0,0,202516.484375,5019.23583984375,2478.43310546875
1990,73,0,0,0,1498587,53444,3566.292724609375
1990,73,1,0,0,1322544.5,48506.71875,3667.681396484375
1990,73,3,0,0,176042.484375,4937.2802734375,2804.595947265625
1990,74,0,0,0,1449202,55535,3832.10888671875
1990,74,1,0,0,1290252.25,50540.671875,3917.115478515625
1990,74,3,0,0,158949.875,4994.32763671875,3142.0771484375
1990,75,0,0,0,1404203,57864,4120.771484375
1990,75,1,0,0,1270022.875,52618.30078125,4143.0986328125
1990,75,3,0,0,134180.109375,5245.697265625,3909.44482421875
1990,76,0,0,0,1299116,60004,4618.8330078125
1990,76,1,0,0,1180352.75,54562.609375,4622.56787109375
1990,76,3,0,0,118763.2265625,5441.3916015625,4581.71435546875
1990,77,0,0,0,1230706,61205,4973.16162109375
1990,77,1,0,0,1091732.75,55574.21875,5090.4599609375
1990,77,3,0,0,138973.296875,5630.7822265625,4051.700927734375
1990,78,0,0,0,1148198,60456,5265.2939453125
1990,78,1,0,0,1020071.375,54808.625,5373.0185546875
1990,78,3,0,0,128126.6640625,5647.373046875,4407.6484375
1990,79,0,0,0,1064773,61585,5783.86181640625
1990,79,1,0,0,962540.4375,55634.87109375,5780.00341796875
1990,79,3,0,0,102232.546875,5950.1279296875,5820.189453125
1990,80,0,0,0,953034,62032,6508.89697265625
1990,80,1,0,0,853367,55805.875,6539.4931640625
1990,80,3,0,0,99666.96875,6226.12646484375,6246.9306640625
1990,81,0,0,0,863811,60876,7047.375
1990,81,1,0,0,787391.75,54443.875,6914.45849609375
1990,81,3,0,0,76419.265625,6432.125,8416.8896484375
1990,82,0,0,0,788446,60870,7720.24951171875
1990,82,1,0,0,728736.625,54408.41796875,7466.12939453125
1990,82,3,0,0,59709.41796875,6461.5810546875,10821.7119140625
1990,83,0,0,0,705360,59278,8403.935546875
1990,83,1,0,0,651666.4375,52769.8046875,8097.6708984375
1990,83,3,0,0,53693.5546875,6508.1962890625,12121.0009765625
1990,84,0,0,0,626046,57269,9147.73046875
1990,84,1,0,0,547910.3125,50972.0390625,9302.9892578125
1990,84,3,0,0,78135.6640625,6296.96240234375,8059.01171875
1991,25,0,0,0,3879889,4390,113.1475677490234
1991,25,1,0,0,3020487.25,4025.35791015625,133.2684936523438
1991,25,3,0,0,859401.875,364.6420288085938,42.42974472045898
1991,26,0,0,0,4077160,4737,116.1838150024414
1991,26,1,0,0,3101621.5,4321.99169921875,139.3462066650391
1991,26,3,0,0,975538.5625,415.0082702636719,42.54145050048828
1991,27,0,0,0,4260551,5279,123.9041595458984
1991,27,1,0,0,3241952.5,4798.8388671875,148.0231018066406
1991,27,3,0,0,1018598.625,480.160888671875,47.13936233520508
1991,28,0,0,0,4127376,5352,129.6707611083984
1991,28,1,0,0,3202067.5,4880.27880859375,152.4102478027344
1991,28,3,0,0,925308.4375,471.7211303710938,50.97988128662109
1991,29,0,0,0,4578161,5695,124.3949279785156
1991,29,1,0,0,3499469.5,5131.666015625,146.6412506103516
1991,29,3,0,0,1078691.5,563.333740234375,52.22380447387695
1991,30,0,0,0,4529269,6326,139.6693420410156
1991,30,1,0,0,3487122.5,5679.7568359375,162.8780364990234
1991,30,3,0,0,1042146.375,646.2430419921875,62.01077651977539
1991,31,0,0,0,4445258,6608,148.6527862548828
1991,31,1,0,0,3402384.5,5882.29443359375,172.8874053955078
1991,31,3,0,0,1042874,725.70556640625,69.58708190917969
1991,32,0,0,0,4401676,6625,150.5108489990234
1991,32,1,0,0,3370836.5,5855.15283203125,173.7002868652344
1991,32,3,0,0,1030839.875,769.847412109375,74.68157196044922
1991,33,0,0,0,4395224,7059,160.6061553955078
1991,33,1,0,0,3297614,6159.85986328125,186.7974853515625
1991,33,3,0,0,1097610.25,899.139892578125,81.91795349121094
1991,34,0,0,0,4529438,7500,165.5834503173828
1991,34,1,0,0,3365796.5,6476.7275390625,192.4277801513672
1991,34,3,0,0,1163641.5,1023.272216796875,87.93706512451172
1991,35,0,0,0,4340043,7732,178.1549224853516
1991,35,1,0,0,3254513.25,6655.13671875,204.4894714355469
1991,35,3,0,0,1085529.75,1076.863037109375,99.20161437988281
1991,36,0,0,0,4205270,7890,187.6217193603516
1991,36,1,0,0,3115212.5,6720.681640625,215.7375030517578
1991,36,3,0,0,1090057.25,1169.318359375,107.2712783813477
1991,37,0,0,0,4126608,8113,196.6021423339844
1991,37,1,0,0,3092047,6907.5849609375,223.3984527587891
1991,37,3,0,0,1034561.125,1205.415283203125,116.5146484375
1991,38,0,0,0,3806338,8305,218.188720703125
1991,38,1,0,0,2718791.5,7032.9150390625,258.677978515625
1991,38,3,0,0,1087546.375,1272.085205078125,116.9683609008789
1991,39,0,0,0,4099089,8497,207.2899627685547
1991,39,1,0,0,3030265.5,7165.3935546875,236.4609222412109
1991,39,3,0,0,1068823.25,1331.6064453125,124.5862197875977
1991,40,0,0,0,3840820,8822,229.6905364990234
1991,40,1,0,0,2765899,7289.3125,263.542236328125
1991,40,3,0,0,1074921.25,1532.687255859375,142.5859985351563
1991,41,0,0,0,3710902,8980,241.9896850585938
1991,41,1,0,0,2630450,7378.68798828125,280.5104675292969
1991,41,3,0,0,1080452,1601.31201171875,148.2075958251953
1991,42,0,0,0,3632479,9372,258.005615234375
1991,42,1,0,0,2564142.5,7685.53125,299.7310485839844
1991,42,3,0,0,1068336.75,1686.468505859375,157.8592681884766
1991,43,0,0,0,3590007,9654,268.9131164550781
1991,43,1,0,0,2544722.25,7966.54736328125,313.0615539550781
1991,43,3,0,0,1045284.75,1687.45263671875,161.4347381591797
1991,44,0,0,0,3977910,10706,269.1362915039063
1991,44,1,0,0,2781013.25,8758.1484375,314.926513671875
1991,44,3,0,0,1196896.875,1947.852294921875,162.7418670654297
1991,45,0,0,0,2844552,9340,328.3469543457031
1991,45,1,0,0,2111251,7770.6630859375,368.0596618652344
1991,45,3,0,0,733301.25,1569.337280273438,214.0099029541016
1991,46,0,0,0,2828024,9923,350.8810424804688
1991,46,1,0,0,2033540,8264.640625,406.4164428710938
1991,46,3,0,0,794484.1875,1658.359741210938,208.7341461181641
1991,47,0,0,0,2855110,10635,372.4900207519531
1991,47,1,0,0,2177062,8933.4912109375,410.34619140625
1991,47,3,0,0,678047.875,1701.508544921875,250.9422454833984
1991,48,0,0,0,2872697,11851,412.5391540527344
1991,48,1,0,0,2200307.25,9853.53125,447.8252563476563
1991,48,3,0,0,672389.75,1997.46923828125,297.0701599121094
1991,49,0,0,0,2728709,11868,434.9309387207031
1991,49,1,0,0,2118170,10189.9052734375,481.0711669921875
1991,49,3,0,0,610539.1875,1678.0947265625,274.8545532226563
1991,50,0,0,0,2542719,12206,480.0373229980469
1991,50,1,0,0,1950434,10526.43359375,539.6969604492188
1991,50,3,0,0,592284.9375,1679.566772460938,283.5741271972656
1991,51,0,0,0,2348680,12474,531.1068115234375
1991,51,1,0,0,1866675.75,10849.419921875,581.2161254882813
1991,51,3,0,0,482004.09375,1624.580810546875,337.0470886230469
1991,52,0,0,0,2308794,13344,577.9640502929688
1991,52,1,0,0,1795862.75,11523.7421875,641.6828002929688
1991,52,3,0,0,512931.375,1820.257934570313,354.8735656738281
1991,53,0,0,0,2284351,14114,617.8560180664063
1991,53,1,0,0,1799094.875,12297.220703125,683.5226440429688
1991,53,3,0,0,485256.0625,1816.779052734375,374.3959655761719
1991,54,0,0,0,2206516,14904,675.4539794921875
1991,54,1,0,0,1767397.5,13003.103515625,735.7203979492188
1991,54,3,0,0,439118.5,1900.89599609375,432.8890686035156
1991,55,0,0,0,2143336,16431,766.6087036132813
1991,55,1,0,0,1745183.375,14316.96484375,820.3702392578125
1991,55,3,0,0,398152.59375,2114.03515625,530.9610595703125
1991,56,0,0,0,2192806,18108,825.791259765625
1991,56,1,0,0,1813001,15882.751953125,876.047607421875
1991,56,3,0,0,379805,2225.248046875,585.8922729492188
1991,57,0,0,0,2065185,18796,910.1363525390625
1991,57,1,0,0,1682495.25,16414.97265625,975.6326293945313
1991,57,3,0,0,382689.75,2381.0283203125,622.1824340820313
1991,58,0,0,0,1958277,20470,1045.306640625
1991,58,1,0,0,1588301.625,17953.390625,1130.351440429688
1991,58,3,0,0,369975.3125,2516.610107421875,680.2102661132813
1991,59,0,0,0,2083185,22746,1091.8857421875
1991,59,1,0,0,1716515.125,19812.677734375,1154.238403320313
1991,59,3,0,0,366669.84375,2933.3212890625,799.9898071289063
1991,60,0,0,0,2136541,25143,1176.808715820313
1991,60,1,0,0,1793432.375,21968.169921875,1224.923217773438
1991,60,3,0,0,343108.65625,3174.830078125,925.3132934570313
1991,61,0,0,0,2102032,27947,1329.523071289063
1991,61,1,0,0,1782531.875,24709.48046875,1386.201293945313
1991,61,3,0,0,319500.125,3237.5185546875,1013.307434082031
1991,62,0,0,0,2082434,29716,1426.984008789063
1991,62,1,0,0,1769882.75,26248.17578125,1483.046020507813
1991,62,3,0,0,312551.25,3467.82421875,1109.521728515625
1991,63,0,0,0,2147689,32834,1528.806030273438
1991,63,1,0,0,1823857,29127.375,1597.020751953125
1991,63,3,0,0,323832.125,3706.62451171875,1144.612915039063
1991,64,0,0,0,2134376,35883,1681.193969726563
1991,64,1,0,0,1778604.125,31911.79296875,1794.204345703125
1991,64,3,0,0,355771.84375,3971.206787109375,1116.222900390625
1991,65,0,0,0,2073183,37940,1830.036254882813
1991,65,1,0,0,1760581.5,33797.421875,1919.673828125
1991,65,3,0,0,312601.46875,4142.5791015625,1325.195068359375
1991,66,0,0,0,2067021,40602,1964.276123046875
1991,66,1,0,0,1778917.25,36111.05859375,2029.945922851563
1991,66,3,0,0,288103.71875,4490.9404296875,1558.79296875
1991,67,0,0,0,2027155,43195,2130.81884765625
1991,67,1,0,0,1719310.25,38499.2578125,2239.226806640625
1991,67,3,0,0,307844.75,4695.7421875,1525.360473632813
1991,68,0,0,0,1912355,44419,2322.73828125
1991,68,1,0,0,1696065.75,39792.91796875,2346.189697265625
1991,68,3,0,0,216289.28125,4626.08251953125,2138.84033203125
1991,69,0,0,0,1958652,48309,2466.441162109375
1991,69,1,0,0,1709455,43325.2265625,2534.44677734375
1991,69,3,0,0,249197,4983.77294921875,1999.932983398438
1991,70,0,0,0,1892148,50172,2651.589599609375
1991,70,1,0,0,1624966.375,45095.3203125,2775.154052734375
1991,70,3,0,0,267181.5,5076.67822265625,1900.0859375
1991,71,0,0,0,1728115,52108,3015.30859375
1991,71,1,0,0,1508246.75,47129.34375,3124.77685546875
1991,71,3,0,0,219868.21875,4978.6533203125,2264.380615234375
1991,72,0,0,0,1645263,51860,3152.07958984375
1991,72,1,0,0,1464833.25,46956.6796875,3205.598876953125
1991,72,3,0,0,180429.6875,4903.3232421875,2717.581298828125
1991,73,0,0,0,1524958,54520,3575.180419921875
1991,73,1,0,0,1323993.25,49233.1171875,3718.5322265625
1991,73,3,0,0,200964.65625,5286.8828125,2630.75244140625
1991,74,0,0,0,1465054,55507,3788.734130859375
1991,74,1,0,0,1302892.25,50200.16015625,3852.978759765625
1991,74,3,0,0,162161.8125,5306.8388671875,3272.5576171875
1991,75,0,0,0,1413658,57538,4070.14990234375
1991,75,1,0,0,1269594,52311.515625,4120.333984375
1991,75,3,0,0,144064.015625,5226.48779296875,3627.892578125
1991,76,0,0,0,1338324,59749,4464.46435546875
1991,76,1,0,0,1204212.75,54249.42578125,4504.97021484375
1991,76,3,0,0,134111.25,5499.5751953125,4100.755859375
1991,77,0,0,0,1245961,61125,4905.8515625
1991,77,1,0,0,1124616.25,55463.1796875,4931.74267578125
1991,77,3,0,0,121344.7109375,5661.818359375,4665.896484375
1991,78,0,0,0,1198775,61801,5155.34619140625
1991,78,1,0,0,1078801.5,55846.734375,5176.73876953125
1991,78,3,0,0,119973.484375,5954.2646484375,4962.98388671875
1991,79,0,0,0,1085350,61609,5676.41796875
1991,79,1,0,0,948414.125,55628.5,5865.4228515625
1991,79,3,0,0,136935.84375,5980.4970703125,4367.37158203125
1991,80,0,0,0,978720,62270,6362.3916015625
1991,80,1,0,0,871507.9375,56120.7109375,6439.4951171875
1991,80,3,0,0,107212.09375,6149.287109375,5735.62841796875
1991,81,0,0,0,884923,62328,7043.32470703125
1991,81,1,0,0,785906.375,55976.5390625,7122.54541015625
1991,81,3,0,0,99016.546875,6351.46240234375,6414.54638671875
1991,82,0,0,0,802874,61014,7599.44921875
1991,82,1,0,0,714986.25,54482.9140625,7620.134765625
1991,82,3,0,0,87887.828125,6531.0830078125,7431.15771484375
1991,83,0,0,0,736781,61450,8340.3349609375
1991,83,1,0,0,655333.6875,54727.48046875,8351.0859375
1991,83,3,0,0,81447.296875,6722.51904296875,8253.8271484375
1991,84,0,0,0,643215,58606,9111.4169921875
1991,84,1,0,0,581016.25,52134.515625,8972.9873046875
1991,84,3,0,0,62198.73828125,6471.48193359375,10404.5224609375
1992,25,0,0,0,3821500,4132,108.1250839233398
1992,25,1,0,0,2928164.5,3777.0888671875,128.9916839599609
1992,25,3,0,0,893335.625,354.9111328125,39.72875595092773
1992,26,0,0,0,3887644,4378,112.6131896972656
1992,26,1,0,0,2946946.5,4023.09375,136.5173645019531
1992,26,3,0,0,940697.5625,354.9062194824219,37.72798156738281
1992,27,0,0,0,4153624,4881,117.5118408203125
1992,27,1,0,0,3115273,4383.5732421875,140.7123260498047
1992,27,3,0,0,1038351.375,497.4270629882813,47.90546417236328
1992,28,0,0,0,4121286,5286,128.2609405517578
1992,28,1,0,0,3194770,4736.02734375,148.2431335449219
1992,28,3,0,0,926516,549.972412109375,59.35919189453125
1992,29,0,0,0,4518563,5637,124.7520523071289
1992,29,1,0,0,3481241.5,5101.1123046875,146.5314178466797
1992,29,3,0,0,1037321.75,535.8878173828125,51.66071319580078
1992,30,0,0,0,4560665,6109,133.9497680664063
1992,30,1,0,0,3493859,5487.5751953125,157.0634460449219
1992,30,3,0,0,1066806,621.4247436523438,58.25096130371094
1992,31,0,0,0,4452944,6476,145.4318695068359
1992,31,1,0,0,3397342.5,5803.595703125,170.8275146484375
1992,31,3,0,0,1055601.5,672.4041748046875,63.69867706298828
1992,32,0,0,0,4504151,6792,150.7942352294922
1992,32,1,0,0,3505382.25,6035.1337890625,172.1676330566406
1992,32,3,0,0,998768.875,756.8660278320313,75.77989959716797
1992,33,0,0,0,4415203,7220,163.5258941650391
1992,33,1,0,0,3449000.25,6386.65771484375,185.1741790771484
1992,33,3,0,0,966202.875,833.3424072265625,86.24921417236328
1992,34,0,0,0,4561390,7570,165.9581909179688
1992,34,1,0,0,3509351.25,6557.22021484375,186.8499298095703
1992,34,3,0,0,1052038.625,1012.780029296875,96.26833343505859
1992,35,0,0,0,4542339,8104,178.4102935791016
1992,35,1,0,0,3477107.5,7063.3525390625,203.1387481689453
1992,35,3,0,0,1065231.375,1040.647094726563,97.69211578369141
1992,36,0,0,0,4265487,8053,188.7943878173828
1992,36,1,0,0,3214442.5,6987.056640625,217.3644866943359
1992,36,3,0,0,1051044.875,1065.943359375,101.4174957275391
1992,37,0,0,0,4254666,8197,192.6590728759766
1992,37,1,0,0,3103234.5,6932.3671875,223.3916625976563
1992,37,3,0,0,1151431.25,1264.6328125,109.8313751220703
1992,38,0,0,0,3948302,8807,223.0579071044922
1992,38,1,0,0,2924833.5,7528.9501953125,257.4146728515625
1992,38,3,0,0,1023468.3125,1278.049926757813,124.8744049072266
1992,39,0,0,0,4173605,8928,213.9157867431641
1992,39,1,0,0,3046073,7554.3427734375,248.002685546875
1992,39,3,0,0,1127531.875,1373.657348632813,121.8286895751953
1992,40,0,0,0,4023993,9236,229.5232696533203
1992,40,1,0,0,3022280,7708.5771484375,255.0583343505859
1992,40,3,0,0,1001713,1527.422729492188,152.4810791015625
1992,41,0,0,0,3742583,9479,253.2742767333984
1992,41,1,0,0,2622710.25,7760.765625,295.9063415527344
1992,41,3,0,0,1119872.625,1718.234252929688,153.4312286376953
1992,42,0,0,0,3719159,9795,263.3659973144531
1992,42,1,0,0,2699424.5,7961.9833984375,294.9511413574219
1992,42,3,0,0,1019734.375,1833.016479492188,179.7543029785156
1992,43,0,0,0,3605587,10101,280.1485595703125
1992,43,1,0,0,2527050.25,8285.0537109375,327.854736328125
1992,43,3,0,0,1078536.625,1815.946166992188,168.3713073730469
1992,44,0,0,0,3700613,10590,286.1687927246094
1992,44,1,0,0,2616454.5,8650.3359375,330.6128845214844
1992,44,3,0,0,1084158.5,1939.6640625,178.9096374511719
1992,45,0,0,0,3927703,11479,292.25732421875
1992,45,1,0,0,2778609,9322.3388671875,335.5038146972656
1992,45,3,0,0,1149094.25,2156.6611328125,187.6835784912109
1992,46,0,0,0,2768369,10151,366.6780090332031
1992,46,1,0,0,2076418.25,8363.9072265625,402.8045654296875
1992,46,3,0,0,691950.8125,1787.0927734375,258.2687683105469
1992,47,0,0,0,2861469,10557,368.9363708496094
1992,47,1,0,0,2084929.875,8879.427734375,425.8861694335938
1992,47,3,0,0,776539,1677.572265625,216.0319366455078
1992,48,0,0,0,2743341,11426,416.4994506835938
1992,48,1,0,0,2083794.25,9555.615234375,458.5680847167969
1992,48,3,0,0,659546.8125,1870.38525390625,283.58642578125
1992,49,0,0,0,3111816,12920,415.191650390625
1992,49,1,0,0,2343218.5,10866.615234375,463.7474060058594
1992,49,3,0,0,768597.8125,2053.385009765625,267.1598815917969
1992,50,0,0,0,2684536,12655,471.4036254882813
1992,50,1,0,0,2109861,10826.830078125,513.1536865234375
1992,50,3,0,0,574675.125,1828.170532226563,318.1224365234375
1992,51,0,0,0,2451850,12770,520.8312377929688
1992,51,1,0,0,1883254.5,10876.873046875,577.5572509765625
1992,51,3,0,0,568595.5625,1893.127319335938,332.9479675292969
1992,52,0,0,0,2348659,13525,575.8605346679688
1992,52,1,0,0,1845760.5,11661.845703125,631.8179321289063
1992,52,3,0,0,502898.28125,1863.154052734375,370.4832763671875
1992,53,0,0,0,2324738,14348,617.1878051757813
1992,53,1,0,0,1816567.75,12375.3662109375,681.2499389648438
1992,53,3,0,0,508170.3125,1972.634033203125,388.1836547851563
1992,54,0,0,0,2325237,15199,653.65380859375
1992,54,1,0,0,1842718.25,13212.7021484375,717.0223999023438
1992,54,3,0,0,482518.875,1986.2978515625,411.65185546875
1992,55,0,0,0,2160401,16075,744.0748291015625
1992,55,1,0,0,1709553.375,13935.609375,815.1608276367188
1992,55,3,0,0,450847.6875,2139.39013671875,474.5261535644531
1992,56,0,0,0,2157799,17640,817.4996948242188
1992,56,1,0,0,1741115.5,15463.197265625,888.1201171875
1992,56,3,0,0,416683.625,2176.802490234375,522.4113159179688
1992,57,0,0,0,2197515,18902,860.1533813476563
1992,57,1,0,0,1799300.25,16524.25390625,918.37109375
1992,57,3,0,0,398214.90625,2377.746826171875,597.1014404296875
1992,58,0,0,0,1950851,20094,1030.012084960938
1992,58,1,0,0,1582719.25,17614.861328125,1112.94921875
1992,58,3,0,0,368131.8125,2479.1396484375,673.4380493164063
1992,59,0,0,0,2054334,21871,1064.627319335938
1992,59,1,0,0,1704170.875,19098.22265625,1120.67529296875
1992,59,3,0,0,350163.1875,2772.778564453125,791.853271484375
1992,60,0,0,0,2045600,24244,1185.177978515625
1992,60,1,0,0,1654632.875,21181.59765625,1280.138793945313
1992,60,3,0,0,390967.1875,3062.40380859375,783.2891845703125
1992,61,0,0,0,2080939,26237,1260.825073242188
1992,61,1,0,0,1741393.75,22998.94921875,1320.720825195313
1992,61,3,0,0,339545.25,3238.048828125,953.642822265625
1992,62,0,0,0,2094209,29529,1410.031127929688
1992,62,1,0,0,1780910.75,26152.607421875,1468.496215820313
1992,62,3,0,0,313298.34375,3376.392822265625,1077.692504882813
1992,63,0,0,0,2087252,31647,1516.2041015625
1992,63,1,0,0,1778525.75,28017.02734375,1575.295043945313
1992,63,3,0,0,308726.21875,3629.971435546875,1175.789794921875
1992,64,0,0,0,2169158,34752,1602.096313476563
1992,64,1,0,0,1790517.75,30933.92578125,1727.652587890625
1992,64,3,0,0,378640.1875,3818.07421875,1008.36474609375
1992,65,0,0,0,2086557,37188,1782.266235351563
1992,65,1,0,0,1773648.625,32973.05078125,1859.052001953125
1992,65,3,0,0,312908.375,4214.9501953125,1347.023803710938
1992,66,0,0,0,2023839,39284,1941.0634765625
1992,66,1,0,0,1727272.25,34815.99609375,2015.663452148438
1992,66,3,0,0,296566.8125,4468.0048828125,1506.576171875
1992,67,0,0,0,2041441,42920,2102.4365234375
1992,67,1,0,0,1768342.875,38051.859375,2151.837158203125
1992,67,3,0,0,273098.0625,4868.138671875,1782.560668945313
1992,68,0,0,0,1938562,45194,2331.315673828125
1992,68,1,0,0,1705598.5,40216.2890625,2357.89892578125
1992,68,3,0,0,232963.46875,4977.71142578125,2136.69189453125
1992,69,0,0,0,1905173,46485,2439.935791015625
1992,69,1,0,0,1696924.875,41563.54296875,2449.344970703125
1992,69,3,0,0,208248.09375,4921.45703125,2363.266357421875
1992,70,0,0,0,1913055,50248,2626.584228515625
1992,70,1,0,0,1649096.375,45057.61328125,2732.2607421875
1992,70,3,0,0,263958.65625,5190.38671875,1966.363525390625
1992,71,0,0,0,1828851,52611,2876.72412109375
1992,71,1,0,0,1599215.75,47076.296875,2943.71142578125
1992,71,3,0,0,229635.375,5534.705078125,2410.214599609375
1992,72,0,0,0,1686847,54174,3211.553955078125
1992,72,1,0,0,1511149,48916.703125,3237.0537109375
1992,72,3,0,0,175698,5257.29638671875,2992.234619140625
1992,73,0,0,0,1570306,53639,3415.8310546875
1992,73,1,0,0,1393438,48309.9453125,3466.96044921875
1992,73,3,0,0,176868.09375,5329.056640625,3013.011962890625
1992,74,0,0,0,1491388,56173,3766.491455078125
1992,74,1,0,0,1316631.625,50614.890625,3844.271240234375
1992,74,3,0,0,174756.34375,5558.11181640625,3180.4921875
1992,75,0,0,0,1428659,57358,4014.81396484375
1992,75,1,0,0,1264382.75,52021.625,4114.38916015625
1992,75,3,0,0,164276.171875,5336.37548828125,3248.417236328125
1992,76,0,0,0,1347343,58532,4344.25390625
1992,76,1,0,0,1228743,53099.546875,4321.45263671875
1992,76,3,0,0,118599.9609375,5432.45361328125,4580.4853515625
1992,77,0,0,0,1281681,60683,4734.6416015625
1992,77,1,0,0,1161193.125,54917.7109375,4729.4208984375
1992,77,3,0,0,120487.765625,5765.2890625,4784.9580078125
1992,78,0,0,0,1209807,62234,5144.12646484375
1992,78,1,0,0,1086240.375,56331.46875,5185.912109375
1992,78,3,0,0,123566.734375,5902.53125,4776.79638671875
1992,79,0,0,0,1133155,62929,5553.4326171875
1992,79,1,0,0,1029018.5,56676.671875,5507.837890625
1992,79,3,0,0,104136.46875,6252.330078125,6003.9775390625
1992,80,0,0,0,1005002,61598,6129.14208984375
1992,80,1,0,0,895072.9375,55533.3984375,6204.34326171875
1992,80,3,0,0,109929.03125,6064.6025390625,5516.83447265625
1992,81,0,0,0,905788,62694,6921.4873046875
1992,81,1,0,0,826150.125,56169.6796875,6798.9677734375
1992,81,3,0,0,79637.9375,6524.322265625,8192.48046875
1992,82,0,0,0,823425,62938,7643.4404296875
1992,82,1,0,0,731524.1875,56414.1953125,7711.8701171875
1992,82,3,0,0,91900.8125,6523.806640625,7098.74755859375
1992,83,0,0,0,748464,60665,8105.26611328125
1992,83,1,0,0,670300.625,54069.5546875,8066.46337890625
1992,83,3,0,0,78163.3671875,6595.4462890625,8438.02734375
1992,84,0,0,0,671991,60221,8961.578125
1992,84,1,0,0,578162.625,53397.953125,9235.8017578125
1992,84,3,0,0,93828.3671875,6823.04443359375,7271.83544921875
1993,25,0,0,0,3783687,4097,108.2806243896484
1993,25,1,0,0,2957908.5,3763.8720703125,127.2477493286133
1993,25,3,0,0,825778.625,333.1280822753906,40.34108734130859
1993,26,0,0,0,3820755,4247,111.1560440063477
1993,26,1,0,0,2933182,3846.025634765625,131.1212768554688
1993,26,3,0,0,887572.9375,400.9743041992188,45.17649078369141
1993,27,0,0,0,3963599,4680,118.0745086669922
1993,27,1,0,0,3008503.25,4218.51708984375,140.2197875976563
1993,27,3,0,0,955095.75,461.4830322265625,48.31798553466797
1993,28,0,0,0,4034051,5255,130.2660827636719
1993,28,1,0,0,3044755,4750.22216796875,156.0132751464844
1993,28,3,0,0,989295.75,504.7778930664063,51.02396392822266
1993,29,0,0,0,4466801,5806,129.9811706542969
1993,29,1,0,0,3374908,5219.703125,154.6620788574219
1993,29,3,0,0,1091893,586.2971801757813,53.69548034667969
1993,30,0,0,0,4522362,6314,139.6173095703125
1993,30,1,0,0,3467159,5705.12060546875,164.5474243164063
1993,30,3,0,0,1055203,608.879638671875,57.70260620117188
1993,31,0,0,0,4471366,6700,149.8423461914063
1993,31,1,0,0,3359165.25,5950.9375,177.1552429199219
1993,31,3,0,0,1112200.75,749.0628662109375,67.349609375
1993,32,0,0,0,4511979,7182,159.17626953125
1993,32,1,0,0,3374239.5,6392.41015625,189.4474334716797
1993,32,3,0,0,1137739.625,789.5899658203125,69.39987945556641
1993,33,0,0,0,4509513,7484,165.9602661132813
1993,33,1,0,0,3545630,6590.7744140625,185.8844451904297
1993,33,3,0,0,963883.0625,893.2255859375,92.66949462890625
1993,34,0,0,0,4568283,7880,172.4936981201172
1993,34,1,0,0,3431722.25,6957.99462890625,202.7551727294922
1993,34,3,0,0,1136560.75,922.0054321289063,81.12240600585938
1993,35,0,0,0,4585529,8062,175.81396484375
1993,35,1,0,0,3444787.5,7098.703125,206.0708618164063
1993,35,3,0,0,1140741.5,963.2972412109375,84.44483184814453
1993,36,0,0,0,4459874,8614,193.1444702148438
1993,36,1,0,0,3394125,7412.2158203125,218.3836975097656
1993,36,3,0,0,1065749.125,1201.78369140625,112.7642211914063
1993,37,0,0,0,4306144,8933,207.4477844238281
1993,37,1,0,0,3215489,7687.2275390625,239.0686950683594
1993,37,3,0,0,1090655.125,1245.772094726563,114.2223663330078
1993,38,0,0,0,4089280,9217,225.3941955566406
1993,38,1,0,0,3036604.5,7892.5869140625,259.9148864746094
1993,38,3,0,0,1052675.25,1324.412963867188,125.8140106201172
1993,39,0,0,0,4285768,9504,221.7572174072266
1993,39,1,0,0,3117619,8057.9580078125,258.4651184082031
1993,39,3,0,0,1168149,1446.042236328125,123.789192199707
1993,40,0,0,0,4119988,9883,239.8793334960938
1993,40,1,0,0,2962321.5,8326.826171875,281.0912475585938
1993,40,3,0,0,1157666.75,1556.173828125,134.4232940673828
1993,41,0,0,0,3911745,10030,256.4073181152344
1993,41,1,0,0,2746073.25,8384.109375,305.3126525878906
1993,41,3,0,0,1165671.5,1645.890625,141.19677734375
1993,42,0,0,0,3757705,10286,273.7308959960938
1993,42,1,0,0,2668886,8617.7578125,322.8971862792969
1993,42,3,0,0,1088818.875,1668.242065429688,153.2157592773438
1993,43,0,0,0,3693272,10608,287.2249755859375
1993,43,1,0,0,2760615.25,8808.79296875,319.0880432128906
1993,43,3,0,0,932656.75,1799.207763671875,192.912109375
1993,44,0,0,0,3702245,10901,294.4429626464844
1993,44,1,0,0,2631121.5,9014.537109375,342.6119689941406
1993,44,3,0,0,1071123.625,1886.46240234375,176.1199493408203
1993,45,0,0,0,3675085,11618,316.1287536621094
1993,45,1,0,0,2618628.75,9544.2880859375,364.4765625
1993,45,3,0,0,1056456.5,2073.71240234375,196.2894287109375
1993,46,0,0,0,3823254,12441,325.4034423828125
1993,46,1,0,0,2708793.25,10189.0283203125,376.1463928222656
1993,46,3,0,0,1114460.625,2251.97216796875,202.0683441162109
1993,47,0,0,0,2802310,11166,398.4570007324219
1993,47,1,0,0,2081680.125,9297.380859375,446.6286926269531
1993,47,3,0,0,720629.875,1868.61865234375,259.3035278320313
1993,48,0,0,0,2760221,11427,413.9885864257813
1993,48,1,0,0,2045391.625,9534.3310546875,466.1371765136719
1993,48,3,0,0,714829.375,1892.669189453125,264.7721557617188
1993,49,0,0,0,2952454,12618,427.373291015625
1993,49,1,0,0,2203280.75,10616.013671875,481.8275451660156
1993,49,3,0,0,749173.1875,2001.987060546875,267.2261962890625
1993,50,0,0,0,3077732,14167,460.3064880371094
1993,50,1,0,0,2338149.75,11943.578125,510.813232421875
1993,50,3,0,0,739582.3125,2223.421142578125,300.6320190429688
1993,51,0,0,0,2589338,13780,532.182373046875
1993,51,1,0,0,1972927.5,11704.962890625,593.2789306640625
1993,51,3,0,0,616410.375,2075.037109375,336.6324157714844
1993,52,0,0,0,2455474,14124,575.2046508789063
1993,52,1,0,0,1928979.5,12136.15234375,629.1488647460938
1993,52,3,0,0,526494.4375,1987.847412109375,377.5628662109375
1993,53,0,0,0,2360264,14909,631.6666259765625
1993,53,1,0,0,1837569.625,12838.5478515625,698.6699829101563
1993,53,3,0,0,522694.40625,2070.452392578125,396.1114501953125
1993,54,0,0,0,2367817,15565,657.3565673828125
1993,54,1,0,0,1825770.25,13467.2060546875,737.6177978515625
1993,54,3,0,0,542046.8125,2097.7939453125,387.013427734375
1993,55,0,0,0,2281502,16520,724.0844116210938
1993,55,1,0,0,1805607.5,14277.396484375,790.725341796875
1993,55,3,0,0,475894.5625,2242.60302734375,471.2394714355469
1993,56,0,0,0,2167632,17726,817.7587280273438
1993,56,1,0,0,1703504.75,15470.7880859375,908.174072265625
1993,56,3,0,0,464127.125,2255.21142578125,485.90380859375
1993,57,0,0,0,2162233,19131,884.77978515625
1993,57,1,0,0,1735465.375,16695.962890625,962.0452880859375
1993,57,3,0,0,426767.625,2435.036865234375,570.5767822265625
1993,58,0,0,0,2090630,20998,1004.38623046875
1993,58,1,0,0,1702529.5,18390.681640625,1080.197509765625
1993,58,3,0,0,388100.625,2607.31787109375,671.81494140625
1993,59,0,0,0,2034256,21958,1079.411865234375
1993,59,1,0,0,1666053.5,19298.98828125,1158.365478515625
1993,59,3,0,0,368202.625,2659.01123046875,722.1597900390625
1993,60,0,0,0,2025896,23978,1183.575073242188
1993,60,1,0,0,1670093.75,21040.52734375,1259.841064453125
1993,60,3,0,0,355802.1875,2937.4716796875,825.5912475585938
1993,61,0,0,0,1988232,26214,1318.457763671875
1993,61,1,0,0,1578297.25,22926.43359375,1452.605590820313
1993,61,3,0,0,409934.6875,3287.56689453125,801.9733276367188
1993,62,0,0,0,2076245,29158,1404.362182617188
1993,62,1,0,0,1734553.25,25478.9765625,1468.907104492188
1993,62,3,0,0,341691.875,3679.024658203125,1076.708251953125
1993,63,0,0,0,2097854,31892,1520.22021484375
1993,63,1,0,0,1722724,28087.328125,1630.402099609375
1993,63,3,0,0,375130.15625,3804.670654296875,1014.226806640625
1993,64,0,0,0,2103991,34006,1616.26171875
1993,64,1,0,0,1798360.5,30122.5859375,1675.002685546875
1993,64,3,0,0,305630.5,3883.4130859375,1270.62353515625
1993,65,0,0,0,2122727,37681,1775.122314453125
1993,65,1,0,0,1786487,33373.2734375,1868.094970703125
1993,65,3,0,0,336240.03125,4307.7255859375,1281.14599609375
1993,66,0,0,0,2039968,39324,1927.67724609375
1993,66,1,0,0,1737870.875,34641.30859375,1993.31884765625
1993,66,3,0,0,302097.125,4682.689453125,1550.060913085938
1993,67,0,0,0,2001897,42422,2119.090087890625
1993,67,1,0,0,1718435.25,37586.3515625,2187.242919921875
1993,67,3,0,0,283461.78125,4835.650390625,1705.9267578125
1993,68,0,0,0,1952473,46027,2357.369384765625
1993,68,1,0,0,1667389.5,40897.625,2452.793701171875
1993,68,3,0,0,285083.34375,5129.37353515625,1799.254028320313
1993,69,0,0,0,1926714,47912,2486.720947265625
1993,69,1,0,0,1701216.25,42632.34375,2505.991943359375
1993,69,3,0,0,225497.59375,5279.65478515625,2341.335205078125
1993,70,0,0,0,1864250,50107,2687.783203125
1993,70,1,0,0,1665088.5,44833.328125,2692.54931640625
1993,70,3,0,0,199161.484375,5273.6708984375,2647.93701171875
1993,71,0,0,0,1845436,53608,2904.896240234375
1993,71,1,0,0,1569292.875,48062.30078125,3062.67236328125
1993,71,3,0,0,276143.03125,5545.69873046875,2008.270385742188
1993,72,0,0,0,1785323,56149,3145.033203125
1993,72,1,0,0,1575475,50222.9375,3187.796630859375
1993,72,3,0,0,209848.125,5926.06591796875,2823.978515625
1993,73,0,0,0,1617574,57693,3566.637451171875
1993,73,1,0,0,1464901.25,51990.15625,3549.055419921875
1993,73,3,0,0,152672.75,5702.84765625,3735.3408203125
1993,74,0,0,0,1536257,56896,3703.547119140625
1993,74,1,0,0,1342616.875,51223.9765625,3815.234130859375
1993,74,3,0,0,193640.09375,5672.02587890625,2929.158935546875
1993,75,0,0,0,1452495,59337,4085.177490234375
1993,75,1,0,0,1289349.5,53415.2890625,4142.80908203125
1993,75,3,0,0,163145.46875,5921.7109375,3629.712158203125
1993,76,0,0,0,1361799,60727,4459.32177734375
1993,76,1,0,0,1227428.25,54841.0390625,4467.962890625
1993,76,3,0,0,134370.703125,5885.9580078125,4380.3876953125
1993,77,0,0,0,1288845,62135,4820.98291015625
1993,77,1,0,0,1172571.25,56263.9921875,4798.34326171875
1993,77,3,0,0,116273.734375,5871.0078125,5049.29833984375
1993,78,0,0,0,1240508,64917,5233.09814453125
1993,78,1,0,0,1140926.5,58663.3046875,5141.72509765625
1993,78,3,0,0,99581.5078125,6253.69677734375,6279.97802734375
1993,79,0,0,0,1143552,65658,5741.583984375
1993,79,1,0,0,1029477.125,59308.4453125,5761.02587890625
1993,79,3,0,0,114074.8984375,6349.556640625,5566.12939453125
1993,80,0,0,0,1055739,66394,6288.86474609375
1993,80,1,0,0,940844,59959.32421875,6372.92919921875
1993,80,3,0,0,114894.953125,6434.67578125,5600.48583984375
1993,81,0,0,0,927450,65380,7049.4365234375
1993,81,1,0,0,812216.25,58646.29296875,7220.52685546875
1993,81,3,0,0,115233.671875,6733.70751953125,5843.5244140625
1993,82,0,0,0,844770,65819,7791.3515625
1993,82,1,0,0,760220.1875,59035.71875,7765.60791015625
1993,82,3,0,0,84549.78125,6783.2802734375,8022.82421875
1993,83,0,0,0,765195,65122,8510.5107421875
1993,83,1,0,0,692942.625,58183.796875,8396.625
1993,83,3,0,0,72252.328125,6938.2041015625,9602.7412109375
1993,84,0,0,0,683273,62549,9154.3203125
1993,84,1,0,0,625434.4375,55639.796875,8896.18359375
1993,84,3,0,0,57838.5546875,6909.2041015625,11945.671875
1994,25,0,0,0,3877432,4078,105.1726989746094
1994,25,1,0,0,3012904,3710.71923828125,123.160888671875
1994,25,3,0,0,864527.6875,367.2806396484375,42.4833869934082
1994,26,0,0,0,3774916,4230,112.0554733276367
1994,26,1,0,0,2883253,3800.34033203125,131.8073883056641
1994,26,3,0,0,891663.125,429.6596069335938,48.18631362915039
1994,27,0,0,0,3896350,4503,115.5697021484375
1994,27,1,0,0,2973695,4084.448974609375,137.3526458740234
1994,27,3,0,0,922654.875,418.5510864257813,45.36377716064453
1994,28,0,0,0,3863864,5003,129.4817810058594
1994,28,1,0,0,2949885.25,4547.29833984375,154.1517028808594
1994,28,3,0,0,913978.8125,455.7015380859375,49.85909271240234
1994,29,0,0,0,4327003,5560,128.4954071044922
1994,29,1,0,0,3328138,5054.3701171875,151.8677978515625
1994,29,3,0,0,998865.0625,505.6302490234375,50.62047576904297
1994,30,0,0,0,4488350,6235,138.9151916503906
1994,30,1,0,0,3435739,5563.87060546875,161.9410095214844
1994,30,3,0,0,1052610.75,671.1294555664063,63.75856018066406
1994,31,0,0,0,4418650,6676,151.0868682861328
1994,31,1,0,0,3418066.75,5963.591796875,174.47265625
1994,31,3,0,0,1000582.875,712.408447265625,71.1993408203125
1994,32,0,0,0,4527443,7153,157.9920501708984
1994,32,1,0,0,3421983.5,6350.7412109375,185.5865478515625
1994,32,3,0,0,1105459.5,802.2587280273438,72.57241821289063
1994,33,0,0,0,4506429,7780,172.6422424316406
1994,33,1,0,0,3413463.5,6884.212890625,201.6782379150391
1994,33,3,0,0,1092965.5,895.7869262695313,81.95930480957031
1994,34,0,0,0,4649117,8055,173.2587127685547
1994,34,1,0,0,3569320.5,7128.22412109375,199.7081604003906
1994,34,3,0,0,1079796.625,926.7758178710938,85.8287353515625
1994,35,0,0,0,4600986,8520,185.1777038574219
1994,35,1,0,0,3504574.75,7477.3232421875,213.3589324951172
1994,35,3,0,0,1096411,1042.677001953125,95.09909820556641
1994,36,0,0,0,4495786,8663,192.6915588378906
1994,36,1,0,0,3354673.5,7529.3056640625,224.4422760009766
1994,36,3,0,0,1141112.5,1133.694702148438,99.34995269775391
1994,37,0,0,0,4488996,9333,207.9084014892578
1994,37,1,0,0,3379892,8045.13818359375,238.0294494628906
1994,37,3,0,0,1109104,1287.861938476563,116.1173324584961
1994,38,0,0,0,4156409,9373,225.5071563720703
1994,38,1,0,0,3096384,8168.126953125,263.7956848144531
1994,38,3,0,0,1060025,1204.872924804688,113.6645736694336
1994,39,0,0,0,4392430,9881,224.9552001953125
1994,39,1,0,0,3193758.5,8384.080078125,262.5145263671875
1994,39,3,0,0,1198671.75,1496.920288085938,124.8815841674805
1994,40,0,0,0,4251303,10256,241.2436828613281
1994,40,1,0,0,3122039.5,8608.1328125,275.7214660644531
1994,40,3,0,0,1129263.25,1647.866455078125,145.9240264892578
1994,41,0,0,0,3994151,10447,261.5574645996094
1994,41,1,0,0,2886363,8706.0107421875,301.6256408691406
1994,41,3,0,0,1107787.875,1740.989379882813,157.1590881347656
1994,42,0,0,0,3932781,10792,274.4114074707031
1994,42,1,0,0,2736817.5,8945.947265625,326.8740844726563
1994,42,3,0,0,1195963.5,1846.052978515625,154.3569641113281
1994,43,0,0,0,3730727,10881,291.6589660644531
1994,43,1,0,0,2581731,9053.8310546875,350.6883850097656
1994,43,3,0,0,1148996.125,1827.168823242188,159.0230560302734
1994,44,0,0,0,3775297,11357,300.8240051269531
1994,44,1,0,0,2651376.5,9367.1328125,353.2931823730469
1994,44,3,0,0,1123920.625,1989.8671875,177.0469512939453
1994,45,0,0,0,3693483,12041,326.0066528320313
1994,45,1,0,0,2575310.5,9856.62890625,382.7355651855469
1994,45,3,0,0,1118172.25,2184.371337890625,195.3519592285156
1994,46,0,0,0,3574804,12537,350.7045288085938
1994,46,1,0,0,2531265.5,10200.853515625,402.9942016601563
1994,46,3,0,0,1043538.375,2336.14599609375,223.8677673339844
1994,47,0,0,0,3862302,13705,354.8402099609375
1994,47,1,0,0,2831565.5,11231.9609375,396.6696472167969
1994,47,3,0,0,1030736.375,2473.0390625,239.9293518066406
1994,48,0,0,0,2712104,11743,432.98486328125
1994,48,1,0,0,1952677,9716.7080078125,497.6095886230469
1994,48,3,0,0,759426.9375,2026.2919921875,266.8185424804688
1994,49,0,0,0,2947877,12491,423.7286682128906
1994,49,1,0,0,2181650.25,10388.123046875,476.1589660644531
1994,49,3,0,0,766226.8125,2102.87744140625,274.4458312988281
1994,50,0,0,0,2934463,13706,467.0701293945313
1994,50,1,0,0,2161919.25,11477.93359375,530.9140625
1994,50,3,0,0,772543.625,2228.06640625,288.4065551757813
1994,51,0,0,0,2967667,15162,510.9063720703125
1994,51,1,0,0,2266740.5,12738.82421875,561.9886474609375
1994,51,3,0,0,700926.75,2423.17626953125,345.7103576660156
1994,52,0,0,0,2594706,15061,580.4511108398438
1994,52,1,0,0,2016863.375,12753.400390625,632.3383178710938
1994,52,3,0,0,577842.6875,2307.60009765625,399.3474731445313
1994,53,0,0,0,2461324,15421,626.53271484375
1994,53,1,0,0,1916561.375,13244.3984375,691.050048828125
1994,53,3,0,0,544762.6875,2176.601806640625,399.5504455566406
1994,54,0,0,0,2404031,16030,666.7967529296875
1994,54,1,0,0,1847695,13748.1640625,744.0711059570313
1994,54,3,0,0,556335.8125,2281.83642578125,410.1545104980469
1994,55,0,0,0,2325613,16715,718.7352294921875
1994,55,1,0,0,1804414.5,14412.826171875,798.7536010742188
1994,55,3,0,0,521198.5625,2302.173828125,441.7076416015625
1994,56,0,0,0,2278854,17766,779.6023559570313
1994,56,1,0,0,1799263.25,15412.9775390625,856.6271362304688
1994,56,3,0,0,479590.8125,2353.022216796875,490.6312255859375
1994,57,0,0,0,2169415,18849,868.8517456054688
1994,57,1,0,0,1727091.375,16363.8212890625,947.4785766601563
1994,57,3,0,0,442323.5625,2485.1787109375,561.8463134765625
1994,58,0,0,0,2069586,20389,985.1728515625
1994,58,1,0,0,1684231.25,17683.208984375,1049.927612304688
1994,58,3,0,0,385354.6875,2705.790771484375,702.1559448242188
1994,59,0,0,0,2165498,22178,1024.152465820313
1994,59,1,0,0,1751077.75,19334.12109375,1104.126953125
1994,59,3,0,0,414420.25,2843.879150390625,686.230712890625
1994,60,0,0,0,2014160,23439,1163.7109375
1994,60,1,0,0,1690434.25,20505.51171875,1213.0322265625
1994,60,3,0,0,323725.6875,2933.48779296875,906.1646728515625
1994,61,0,0,0,1963895,25421,1294.41748046875
1994,61,1,0,0,1609725.125,22292.1328125,1384.840942382813
1994,61,3,0,0,354169.90625,3128.8662109375,883.4365234375
1994,62,0,0,0,1985024,28028,1411.972900390625
1994,62,1,0,0,1614295.375,24318.56640625,1506.450805664063
1994,62,3,0,0,370728.625,3709.43359375,1000.579223632813
1994,63,0,0,0,2077694,30516,1468.74365234375
1994,63,1,0,0,1758815.375,26705.501953125,1518.380004882813
1994,63,3,0,0,318878.625,3810.498046875,1194.968139648438
1994,64,0,0,0,2109398,33818,1603.206176757813
1994,64,1,0,0,1736733.25,29773.7109375,1714.351440429688
1994,64,3,0,0,372664.6875,4044.291015625,1085.235961914063
1994,65,0,0,0,2060384,35666,1731.036499023438
1994,65,1,0,0,1750175.5,31487.427734375,1799.101196289063
1994,65,3,0,0,310208.5625,4178.57275390625,1347.020385742188
1994,66,0,0,0,2077855,38944,1874.240478515625
1994,66,1,0,0,1778313.25,34447.7421875,1937.10205078125
1994,66,3,0,0,299541.75,4496.26025390625,1501.046264648438
1994,67,0,0,0,2020305,41909,2074.3896484375
1994,67,1,0,0,1708125,37062.2109375,2169.759765625
1994,67,3,0,0,312180.125,4846.7880859375,1552.561401367188
1994,68,0,0,0,1913813,43982,2298.134765625
1994,68,1,0,0,1612411.75,38964.33984375,2416.525390625
1994,68,3,0,0,301401.25,5017.65966796875,1664.77734375
1994,69,0,0,0,1935369,47893,2474.61865234375
1994,69,1,0,0,1662350.5,42353.0546875,2547.78125
1994,69,3,0,0,273018.5,5539.9443359375,2029.146118164063
1994,70,0,0,0,1888134,50260,2661.887451171875
1994,70,1,0,0,1668772.5,44624.7421875,2674.105712890625
1994,70,3,0,0,219361.4375,5635.25830078125,2568.9375
1994,71,0,0,0,1793309,52271,2914.779296875
1994,71,1,0,0,1540040,46717.73828125,3033.54052734375
1994,71,3,0,0,253268.953125,5553.2626953125,2192.634521484375
1994,72,0,0,0,1800021,55870,3103.852783203125
1994,72,1,0,0,1569088,49848.5546875,3176.91259765625
1994,72,3,0,0,230933.125,6021.4443359375,2607.440673828125
1994,73,0,0,0,1718978,57947,3371.0146484375
1994,73,1,0,0,1549312.5,51791.9375,3342.89794921875
1994,73,3,0,0,169665.375,6155.06396484375,3627.7666015625
1994,74,0,0,0,1581623,58927,3725.729736328125
1994,74,1,0,0,1383642.625,52855.05078125,3819.992919921875
1994,74,3,0,0,197980.40625,6071.94921875,3066.944580078125
1994,75,0,0,0,1493147,58254,3901.42431640625
1994,75,1,0,0,1333664.75,52346.77734375,3925.03271484375
1994,75,3,0,0,159482.28125,5907.2236328125,3704
1994,76,0,0,0,1383941,61074,4413.04931640625
1994,76,1,0,0,1226477.75,54835.34375,4470.9609375
1994,76,3,0,0,157463.21875,6238.6552734375,3961.976318359375
1994,77,0,0,0,1300381,61678,4743.0712890625
1994,77,1,0,0,1156233.5,55610.05859375,4809.58740234375
1994,77,3,0,0,144147.5625,6067.94140625,4209.53466796875
1994,78,0,0,0,1242313,63538,5114.4921875
1994,78,1,0,0,1093588.125,57148.2890625,5225.759765625
1994,78,3,0,0,148724.890625,6389.7099609375,4296.32861328125
1994,79,0,0,0,1171780,65804,5615.72998046875
1994,79,1,0,0,1064292,59246.45703125,5566.74853515625
1994,79,3,0,0,107487.90625,6557.5439453125,6100.72705078125
1994,80,0,0,0,1071926,66987,6249.21875
1994,80,1,0,0,949718.375,60371.73046875,6356.80322265625
1994,80,3,0,0,122207.6171875,6615.26953125,5413.14013671875
1994,81,0,0,0,970608,66740,6876.1025390625
1994,81,1,0,0,851285.625,60098.4453125,7059.7275390625
1994,81,3,0,0,119322.4765625,6641.55224609375,5566.052734375
1994,82,0,0,0,865748,65668,7585.1171875
1994,82,1,0,0,777307.9375,58957.828125,7584.8740234375
1994,82,3,0,0,88440.03125,6710.169921875,7587.25390625
1994,83,0,0,0,781773,65850,8423.1611328125
1994,83,1,0,0,718963.875,58956.171875,8200.158203125
1994,83,3,0,0,62809.06640625,6893.83203125,10975.8544921875
1994,84,0,0,0,698363,64621,9253.2109375
1994,84,1,0,0,633089.4375,57681.1640625,9111.060546875
1994,84,3,0,0,65273.55078125,6939.837890625,10631.9296875
1995,25,0,0,0,4032728,4090,101.4201812744141
1995,25,1,0,0,3105114.5,3736.03271484375,120.3186798095703
1995,25,3,0,0,927613.8125,353.9671325683594,38.15888977050781
1995,26,0,0,0,3865570,4204,108.7549819946289
1995,26,1,0,0,2892448,3800.4150390625,131.3909606933594
1995,26,3,0,0,973121.8125,403.5850830078125,41.47323226928711
1995,27,0,0,0,3855821,4374,113.4388732910156
1995,27,1,0,0,2880789.5,3967.328125,137.7166900634766
1995,27,3,0,0,975031.75,406.6717834472656,41.70856857299805
1995,28,0,0,0,3817424,4767,124.8747863769531
1995,28,1,0,0,2879395,4278.28125,148.5826416015625
1995,28,3,0,0,938029.1875,488.7186889648438,52.1005859375
1995,29,0,0,0,4108393,5246,127.689826965332
1995,29,1,0,0,3064345.75,4746.28955078125,154.8875274658203
1995,29,3,0,0,1044047.25,499.7104797363281,47.86282348632813
1995,30,0,0,0,4372575,5983,136.8301239013672
1995,30,1,0,0,3299211.5,5380.5205078125,163.0850372314453
1995,30,3,0,0,1073363.5,602.4796142578125,56.13006210327148
1995,31,0,0,0,4375068,6694,153.0033416748047
1995,31,1,0,0,3206427.5,5988.0751953125,186.7522430419922
1995,31,3,0,0,1168640.5,705.9251708984375,60.40567398071289
1995,32,0,0,0,4476018,6959,155.4730072021484
1995,32,1,0,0,3345136,6163.88671875,184.26416015625
1995,32,3,0,0,1130882.125,795.11328125,70.30912017822266
1995,33,0,0,0,4515466,7320,162.1095123291016
1995,33,1,0,0,3424718.5,6481.97998046875,189.2704467773438
1995,33,3,0,0,1090747,838.019775390625,76.82989501953125
1995,34,0,0,0,4633060,8108,175.0031280517578
1995,34,1,0,0,3447128.75,7169.5400390625,207.9858551025391
1995,34,3,0,0,1185931.375,938.4595947265625,79.13270568847656
1995,35,0,0,0,4695433,8416,179.2379913330078
1995,35,1,0,0,3563531.5,7381.6025390625,207.1428985595703
1995,35,3,0,0,1131901.25,1034.3974609375,91.38584136962891
1995,36,0,0,0,4507362,8819,195.6576843261719
1995,36,1,0,0,3389212,7773.9228515625,229.3725738525391
1995,36,3,0,0,1118150,1045.077270507813,93.46485137939453
1995,37,0,0,0,4515390,9335,206.7373962402344
1995,37,1,0,0,3365849.5,8168.95458984375,242.7011260986328
1995,37,3,0,0,1149540.5,1166.04541015625,101.4357833862305
1995,38,0,0,0,4353242,9776,224.5682678222656
1995,38,1,0,0,3204168,8466.0439453125,264.2197265625
1995,38,3,0,0,1149074.125,1309.956298828125,114.0010299682617
1995,39,0,0,0,4420193,10141,229.4243774414063
1995,39,1,0,0,3228250.5,8776.3154296875,271.8598022460938
1995,39,3,0,0,1191942.375,1364.684326171875,114.4924774169922
1995,40,0,0,0,4382013,10393,237.1741027832031
1995,40,1,0,0,3196592,8907.6435546875,278.66064453125
1995,40,3,0,0,1185421.375,1485.35693359375,125.3020172119141
1995,41,0,0,0,4111164,10893,264.9614562988281
1995,41,1,0,0,3061256.5,9226,301.3795166015625
1995,41,3,0,0,1049907.375,1667.000244140625,158.7759399414063
1995,42,0,0,0,4022667,11309,281.1318969726563
1995,42,1,0,0,2873119.5,9449.943359375,328.9088134765625
1995,42,3,0,0,1149547.5,1859.056884765625,161.7207489013672
1995,43,0,0,0,3904447,11512,294.8432922363281
1995,43,1,0,0,2751385.5,9641.556640625,350.4255065917969
1995,43,3,0,0,1153061.75,1870.443603515625,162.2153930664063
1995,44,0,0,0,3798857,11676,307.3556213378906
1995,44,1,0,0,2707181.75,9692.171875,358.0170288085938
1995,44,3,0,0,1091675.125,1983.828125,181.7233123779297
1995,45,0,0,0,3785575,12121,320.1891479492188
1995,45,1,0,0,2615068.25,10061.3447265625,384.7450256347656
1995,45,3,0,0,1170506.625,2059.655029296875,175.9626922607422
1995,46,0,0,0,3592278,12508,348.1913146972656
1995,46,1,0,0,2528344.5,10250.12890625,405.4087219238281
1995,46,3,0,0,1063933.5,2257.87060546875,212.2191467285156
1995,47,0,0,0,3613745,13629,377.1433715820313
1995,47,1,0,0,2525471,11238.62890625,445.0111999511719
1995,47,3,0,0,1088274,2390.37109375,219.6479034423828
1995,48,0,0,0,3755019,14628,389.5586242675781
1995,48,1,0,0,2636200.5,12037.423828125,456.6202087402344
1995,48,3,0,0,1118818.25,2590.576416015625,231.5457763671875
1995,49,0,0,0,2877124,12737,442.6990356445313
1995,49,1,0,0,2002296.75,10549.328125,526.8613891601563
1995,49,3,0,0,874827.125,2187.671630859375,250.0690155029297
1995,50,0,0,0,2946476,13611,461.941650390625
1995,50,1,0,0,2120031.25,11366.228515625,536.1349487304688
1995,50,3,0,0,826444.875,2244.771728515625,271.6178283691406
1995,51,0,0,0,2828847,14692,519.363525390625
1995,51,1,0,0,2125197,12284.134765625,578.0233154296875
1995,51,3,0,0,703650,2407.86474609375,342.1963806152344
1995,52,0,0,0,2977368,16318,548.0679321289063
1995,52,1,0,0,2204722.25,13682.849609375,620.6156005859375
1995,52,3,0,0,772645.875,2635.150634765625,341.055419921875
1995,53,0,0,0,2595926,16235,625.4030151367188
1995,53,1,0,0,2043049.75,13879.337890625,679.3441162109375
1995,53,3,0,0,552876.375,2355.661865234375,426.0738830566406
1995,54,0,0,0,2507881,16521,658.7633056640625
1995,54,1,0,0,1856246,14127.9951171875,761.1057739257813
1995,54,3,0,0,651635.125,2393.0048828125,367.2308044433594
1995,55,0,0,0,2365492,16953,716.6796875
1995,55,1,0,0,1837107,14640.333984375,796.92333984375
1995,55,3,0,0,528385.125,2312.666259765625,437.6857299804688
1995,56,0,0,0,2314386,18339,792.3916015625
1995,56,1,0,0,1875762.375,15863.4921875,845.7090454101563
1995,56,3,0,0,438623.6875,2475.5078125,564.3807983398438
1995,57,0,0,0,2279465,19382,850.2872314453125
1995,57,1,0,0,1845686.875,16805.25,910.5147094726563
1995,57,3,0,0,433778.1875,2576.750244140625,594.0248413085938
1995,58,0,0,0,2091302,20072,959.7848510742188
1995,58,1,0,0,1674850.625,17384.884765625,1037.99609375
1995,58,3,0,0,416451.34375,2687.11572265625,645.2412109375
1995,59,0,0,0,2131653,21895,1027.13720703125
1995,59,1,0,0,1690484.25,19031.17578125,1125.782470703125
1995,59,3,0,0,441168.875,2863.82470703125,649.144775390625
1995,60,0,0,0,2153506,24146,1121.241333007813
1995,60,1,0,0,1730603.125,21089.86328125,1218.642333984375
1995,60,3,0,0,422902.75,3056.13671875,722.6571044921875
1995,61,0,0,0,1949649,25153,1290.129638671875
1995,61,1,0,0,1603941,22014.02734375,1372.49609375
1995,61,3,0,0,345707.96875,3138.972412109375,907.9838256835938
1995,62,0,0,0,1963475,27401,1395.536010742188
1995,62,1,0,0,1623923.5,23824.796875,1467.11328125
1995,62,3,0,0,339551.5,3576.20166015625,1053.21337890625
1995,63,0,0,0,1985415,29688,1495.304565429688
1995,63,1,0,0,1611598.5,25818.90234375,1602.06787109375
1995,63,3,0,0,373816.53125,3869.09765625,1035.02587890625
1995,64,0,0,0,2085679,32483,1557.430419921875
1995,64,1,0,0,1767047.75,28381.6640625,1606.162841796875
1995,64,3,0,0,318631.28125,4101.3349609375,1287.172729492188
1995,65,0,0,0,2068211,35450,1714.041748046875
1995,65,1,0,0,1749058.5,31051.6796875,1775.336791992188
1995,65,3,0,0,319152.59375,4398.3203125,1378.12451171875
1995,66,0,0,0,2019558,37479,1855.802124023438
1995,66,1,0,0,1698029.5,32974.84765625,1941.947875976563
1995,66,3,0,0,321528.46875,4504.1533203125,1400.856811523438
1995,67,0,0,0,2062202,41312,2003.295532226563
1995,67,1,0,0,1770209.375,36388.3984375,2055.5986328125
1995,67,3,0,0,291992.625,4923.60009765625,1686.20703125
1995,68,0,0,0,1933316,43483,2249.140869140625
1995,68,1,0,0,1648901,38256.59375,2320.126708984375
1995,68,3,0,0,284415.0625,5226.40380859375,1837.597412109375
1995,69,0,0,0,1893198,46623,2462.658447265625
1995,69,1,0,0,1592530.5,41158.17578125,2584.451416015625
1995,69,3,0,0,300667.4375,5464.82275390625,1817.563842773438
1995,70,0,0,0,1900614,50237,2643.198486328125
1995,70,1,0,0,1620461.5,44455.3125,2743.37353515625
1995,70,3,0,0,280152.59375,5781.6884765625,2063.763916015625
1995,71,0,0,0,1813891,52466,2892.4560546875
1995,71,1,0,0,1600135,46446.2578125,2902.646240234375
1995,71,3,0,0,213755.96875,6019.74462890625,2816.17626953125
1995,72,0,0,0,1750073,54986,3141.926025390625
1995,72,1,0,0,1523523.5,48977.265625,3214.736572265625
1995,72,3,0,0,226549.59375,6008.734375,2652.2822265625
1995,73,0,0,0,1742927,58446,3353.32470703125
1995,73,1,0,0,1521461,51985.9296875,3416.8427734375
1995,73,3,0,0,221466.09375,6460.0712890625,2916.957275390625
1995,74,0,0,0,1682098,60408,3591.2294921875
1995,74,1,0,0,1464109.25,53909.3203125,3682.055908203125
1995,74,3,0,0,217988.875,6498.6796875,2981.19775390625
1995,75,0,0,0,1536474,62083,4040.614990234375
1995,75,1,0,0,1348011,55911.9296875,4147.7353515625
1995,75,3,0,0,188462.984375,6171.0712890625,3274.4208984375
1995,76,0,0,0,1424090,60772,4267.4267578125
1995,76,1,0,0,1271996,54485.46875,4283.46240234375
1995,76,3,0,0,152093.96875,6286.529296875,4133.3193359375
1995,77,0,0,0,1321466,63018,4768.79443359375
1995,77,1,0,0,1143453.25,56452.4296875,4937.0126953125
1995,77,3,0,0,178012.6875,6565.568359375,3688.258544921875
1995,78,0,0,0,1250729,64141,5128.2890625
1995,78,1,0,0,1117652.25,57660.8203125,5159.10205078125
1995,78,3,0,0,133076.71875,6480.1767578125,4869.50439453125
1995,79,0,0,0,1175123,65502,5574.0546875
1995,79,1,0,0,1017692,59030.65234375,5800.44384765625
1995,79,3,0,0,157431,6471.34716796875,4110.5927734375
1995,80,0,0,0,1106843,67766,6122.4580078125
1995,80,1,0,0,998486.375,61063.90234375,6115.64697265625
1995,80,3,0,0,108356.71875,6702.09814453125,6185.216796875
1995,81,0,0,0,983988,67968,6907.4013671875
1995,81,1,0,0,875985.375,61254.8515625,6992.6796875
1995,81,3,0,0,108002.6953125,6713.1513671875,6215.7255859375
1995,82,0,0,0,909050,68438,7528.5185546875
1995,82,1,0,0,829043.1875,61313.5859375,7395.70458984375
1995,82,3,0,0,80006.84375,7124.41796875,8904.7607421875
1995,83,0,0,0,799655,66589,8327.2158203125
1995,83,1,0,0,741009,59463.40625,8024.65380859375
1995,83,3,0,0,58645.9609375,7125.59375,12150.1865234375
1995,84,0,0,0,715076,65900,9215.8037109375
1995,84,1,0,0,655253.5,58781.8046875,8970.849609375
1995,84,3,0,0,59822.47265625,7118.19580078125,11898.8662109375
1996,25,0,0,0,4084192,4003,98.01203918457031
1996,25,1,0,0,3004701.5,3626.91552734375,120.7080154418945
1996,25,3,0,0,1079490.5,376.0843505859375,34.83906173706055
1996,26,0,0,0,4013408,3951,98.44501495361328
1996,26,1,0,0,2930895.5,3542.984619140625,120.884033203125
1996,26,3,0,0,1082512.75,408.0153198242188,37.69150161743164
1996,27,0,0,0,3952019,4025,101.8466796875
1996,27,1,0,0,2820646.5,3593.2412109375,127.3906936645508
1996,27,3,0,0,1131372.25,431.7588500976563,38.16240310668945
1996,28,0,0,0,3794569,4161,109.6567230224609
1996,28,1,0,0,2829497.5,3754.430908203125,132.68896484375
1996,28,3,0,0,965071.25,406.5692749023438,42.12842178344727
1996,29,0,0,0,4019952,4590,114.1804656982422
1996,29,1,0,0,2886827,4083.960205078125,141.4688262939453
1996,29,3,0,0,1133124.625,506.039794921875,44.65879440307617
1996,30,0,0,0,4175253,4823,115.5139617919922
1996,30,1,0,0,3095700.5,4293.71923828125,138.6994323730469
1996,30,3,0,0,1079552.25,529.2805786132813,49.02778625488281
1996,31,0,0,0,4251181,5610,131.9633331298828
1996,31,1,0,0,3093374.5,5018.5498046875,162.2354431152344
1996,31,3,0,0,1157806.625,591.4502563476563,51.08368301391602
1996,32,0,0,0,4432891,6297,142.0517730712891
1996,32,1,0,0,3271678,5550.0087890625,169.6379852294922
1996,32,3,0,0,1161213.25,746.9910888671875,64.32849884033203
1996,33,0,0,0,4456502,6577,147.5821228027344
1996,33,1,0,0,3310392,5835.99267578125,176.2931060791016
1996,33,3,0,0,1146110,741.00732421875,64.65412139892578
1996,34,0,0,0,4629338,7110,153.5856781005859
1996,34,1,0,0,3491916.75,6312.3720703125,180.7709808349609
1996,34,3,0,0,1137421.25,797.6282958984375,70.12602233886719
1996,35,0,0,0,4692168,7594,161.8441619873047
1996,35,1,0,0,3485957,6732.6982421875,193.1377258300781
1996,35,3,0,0,1206211,861.301513671875,71.40554046630859
1996,36,0,0,0,4594966,8116,176.6280822753906
1996,36,1,0,0,3396837.5,7135.833984375,210.0728759765625
1996,36,3,0,0,1198128.5,980.166015625,81.80809020996094
1996,37,0,0,0,4517121,8476,187.6416473388672
1996,37,1,0,0,3368655.75,7446.775390625,221.0607452392578
1996,37,3,0,0,1148465,1029.224853515625,89.617431640625
1996,38,0,0,0,4399051,8947,203.3847808837891
1996,38,1,0,0,3282198,7823.294921875,238.3553619384766
1996,38,3,0,0,1116853,1123.704833984375,100.6134948730469
1996,39,0,0,0,4582445,9366,204.3887023925781
1996,39,1,0,0,3383060.5,8173.765625,241.6086120605469
1996,39,3,0,0,1199384.25,1192.234497070313,99.40388488769531
1996,40,0,0,0,4435200,9988,225.1984100341797
1996,40,1,0,0,3302547.5,8615.04296875,260.8605346679688
1996,40,3,0,0,1132652.5,1372.956298828125,121.2160186767578
1996,41,0,0,0,4227070,10459,247.4290771484375
1996,41,1,0,0,3085892.25,8973.51953125,290.7917175292969
1996,41,3,0,0,1141178,1485.480712890625,130.1708221435547
1996,42,0,0,0,4147844,10571,254.8553009033203
1996,42,1,0,0,3027929.5,8995.0146484375,297.0681762695313
1996,42,3,0,0,1119914.625,1575.985595703125,140.7237243652344
1996,43,0,0,0,3994718,11104,277.967041015625
1996,43,1,0,0,2870887.25,9368.208984375,326.3175659179688
1996,43,3,0,0,1123830.875,1735.79150390625,154.4530944824219
1996,44,0,0,0,3960680,11412,288.1323547363281
1996,44,1,0,0,2897345,9542.646484375,329.3583068847656
1996,44,3,0,0,1063335.25,1869.35302734375,175.8009033203125
1996,45,0,0,0,3828162,12185,318.2989501953125
1996,45,1,0,0,2636298,10224.2119140625,387.8245849609375
1996,45,3,0,0,1191864,1960.788330078125,164.5144348144531
1996,46,0,0,0,3679583,12416,337.4295349121094
1996,46,1,0,0,2580589.5,10390.455078125,402.6388244628906
1996,46,3,0,0,1098993.625,2025.544189453125,184.3090057373047
1996,47,0,0,0,3629306,13265,365.4968872070313
1996,47,1,0,0,2532593.5,10926.390625,431.4308776855469
1996,47,3,0,0,1096712.25,2338.6083984375,213.2380981445313
1996,48,0,0,0,3524385,14027,397.9985046386719
1996,48,1,0,0,2540331.5,11584.19921875,456.0113220214844
1996,48,3,0,0,984053.75,2442.80029296875,248.2385101318359
1996,49,0,0,0,3949090,15139,383.3541259765625
1996,49,1,0,0,2761191,12390.7685546875,448.7472534179688
1996,49,3,0,0,1187899,2748.231689453125,231.3523101806641
1996,50,0,0,0,2891423,13206,456.7301330566406
1996,50,1,0,0,2075736.5,10997.076171875,529.79150390625
1996,50,3,0,0,815686.625,2208.923828125,270.8054504394531
1996,51,0,0,0,2839580,14129,497.5735778808594
1996,51,1,0,0,2083315.75,11817.298828125,567.235107421875
1996,51,3,0,0,756264.125,2311.700439453125,305.6736755371094
1996,52,0,0,0,2841194,15546,547.164306640625
1996,52,1,0,0,2092525.75,13062.931640625,624.2662353515625
1996,52,3,0,0,748668.375,2483.068115234375,331.6646118164063
1996,53,0,0,0,2971623,17237,580.0534057617188
1996,53,1,0,0,2257676.75,14531.712890625,643.6578369140625
1996,53,3,0,0,713946.125,2705.287353515625,378.9203796386719
1996,54,0,0,0,2645619,17179,649.337646484375
1996,54,1,0,0,2074002.625,14623.12109375,705.067626953125
1996,54,3,0,0,571616.4375,2555.87890625,447.1318054199219
1996,55,0,0,0,2470937,17250,698.11572265625
1996,55,1,0,0,1926540,14866.943359375,771.69140625
1996,55,3,0,0,544397,2383.056396484375,437.7423706054688
1996,56,0,0,0,2344024,18157,774.6080932617188
1996,56,1,0,0,1834783,15732.603515625,857.4639892578125
1996,56,3,0,0,509241.0625,2424.396484375,476.080322265625
1996,57,0,0,0,2312467,19235,831.795654296875
1996,57,1,0,0,1834536,16646.890625,907.4169311523438
1996,57,3,0,0,477930.9375,2588.108642578125,541.5235595703125
1996,58,0,0,0,2211958,20611,931.7988891601563
1996,58,1,0,0,1801438.25,17866.787109375,991.8068237304688
1996,58,3,0,0,410519.75,2744.212158203125,668.47265625
1996,59,0,0,0,2141314,21473,1002.795471191406
1996,59,1,0,0,1713073.25,18748.41796875,1094.431762695313
1996,59,3,0,0,428240.90625,2724.58203125,636.2265014648438
1996,60,0,0,0,2129046,23543,1105.800415039063
1996,60,1,0,0,1724450.25,20480.58984375,1187.659057617188
1996,60,3,0,0,404595.625,3062.409912109375,756.9063110351563
1996,61,0,0,0,2079914,25524,1227.166137695313
1996,61,1,0,0,1691868.375,22278.48046875,1316.797485351563
1996,61,3,0,0,388045.65625,3245.51953125,836.3756713867188
1996,62,0,0,0,1950944,27306,1399.630126953125
1996,62,1,0,0,1574388.625,23877.470703125,1516.61865234375
1996,62,3,0,0,376555.5,3428.529052734375,910.4976806640625
1996,63,0,0,0,1961462,29113,1484.25
1996,63,1,0,0,1554496.25,25380.75390625,1632.731811523438
1996,63,3,0,0,406965.8125,3732.246337890625,917.0908813476563
1996,64,0,0,0,1987920,31513,1585.224731445313
1996,64,1,0,0,1574230.5,27396.37109375,1740.302368164063
1996,64,3,0,0,413689.4375,4116.63037109375,995.1016235351563
1996,65,0,0,0,2046639,34269,1674.403686523438
1996,65,1,0,0,1676886.25,29890.84765625,1782.520874023438
1996,65,3,0,0,369752.6875,4378.15283203125,1184.076049804688
1996,66,0,0,0,2029288,36990,1822.806762695313
1996,66,1,0,0,1746228,32459.806640625,1858.852661132813
1996,66,3,0,0,283060.1875,4530.193359375,1600.434692382813
1996,67,0,0,0,2007383,39687,1977.0517578125
1996,67,1,0,0,1685941.875,35002.640625,2076.1474609375
1996,67,3,0,0,321441.1875,4684.357421875,1457.298461914063
1996,68,0,0,0,1972804,43100,2184.707763671875
1996,68,1,0,0,1677310.75,37917.90625,2260.636962890625
1996,68,3,0,0,295493.375,5182.09423828125,1753.709106445313
1996,69,0,0,0,1907973,45999,2410.883056640625
1996,69,1,0,0,1639726.5,40449.2421875,2466.82861328125
1996,69,3,0,0,268246.5,5549.75927734375,2068.90283203125
1996,70,0,0,0,1863248,48982,2628.850341796875
1996,70,1,0,0,1586254.75,43044.9765625,2713.623291015625
1996,70,3,0,0,276993.28125,5937.0234375,2143.3818359375
1996,71,0,0,0,1821328,52541,2884.76318359375
1996,71,1,0,0,1541326.25,46389.8671875,3009.737060546875
1996,71,3,0,0,280001.75,6151.1328125,2196.8193359375
1996,72,0,0,0,1768892,54802,3098.09765625
1996,72,1,0,0,1552865.25,48553.15625,3126.681884765625
1996,72,3,0,0,216026.828125,6248.84619140625,2892.625
1996,73,0,0,0,1701908,56924,3344.716552734375
1996,73,1,0,0,1458378,50528.59765625,3464.7119140625
1996,73,3,0,0,243529.96875,6395.40185546875,2626.125244140625
1996,74,0,0,0,1705025,60600,3554.2001953125
1996,74,1,0,0,1472035.125,53804.046875,3655.0791015625
1996,74,3,0,0,232989.96875,6795.9541015625,2916.843994140625
1996,75,0,0,0,1631590,62526,3832.212646484375
1996,75,1,0,0,1405356.5,55525.0546875,3950.958740234375
1996,75,3,0,0,226233.453125,7000.94384765625,3094.566162109375
1996,76,0,0,0,1465188,64509,4402.77978515625
1996,76,1,0,0,1269315.25,57609.18359375,4538.603515625
1996,76,3,0,0,195872.84375,6899.81787109375,3522.6005859375
1996,77,0,0,0,1357602,62613,4612.029296875
1996,77,1,0,0,1222101.375,55914.07421875,4575.240234375
1996,77,3,0,0,135500.625,6698.9267578125,4943.83447265625
1996,78,0,0,0,1266412,65473,5169.96044921875
1996,78,1,0,0,1123208.875,58625.578125,5219.47265625
1996,78,3,0,0,143203.1875,6847.4208984375,4781.6123046875
1996,79,0,0,0,1182896,66102,5588.14990234375
1996,79,1,0,0,1024242.125,59265.2109375,5786.25
1996,79,3,0,0,158653.875,6836.7919921875,4309.25
1996,80,0,0,0,1116522,67239,6022.18310546875
1996,80,1,0,0,986689.6875,60380.0078125,6119.45263671875
1996,80,3,0,0,129832.234375,6858.994140625,5282.966796875
1996,81,0,0,0,1012763,68830,6796.25927734375
1996,81,1,0,0,909205.25,61690.2109375,6785.06982421875
1996,81,3,0,0,103557.765625,7139.7861328125,6894.49609375
1996,82,0,0,0,922926,69166,7494.20849609375
1996,82,1,0,0,805751.75,62106.78125,7707.93017578125
1996,82,3,0,0,117174.296875,7059.220703125,6024.546875
1996,83,0,0,0,836507,69243,8277.6357421875
1996,83,1,0,0,720634.5,62035.34375,8608.43359375
1996,83,3,0,0,115872.4921875,7207.6552734375,6220.33349609375
1996,84,0,0,0,731263,67589,9242.775390625
1996,84,1,0,0,665552.875,60297.46875,9059.755859375
1996,84,3,0,0,65710.171875,7291.5283203125,11096.4990234375
1997,25,0,0,0,3856231,3648,94.60014343261719
1997,25,1,0,0,2887482,3267.34130859375,113.1553802490234
1997,25,3,0,0,968749.125,380.6587524414063,39.29384231567383
1997,26,0,0,0,4063241,3846,94.65350341796875
1997,26,1,0,0,3001569.5,3453.98974609375,115.0727920532227
1997,26,3,0,0,1061671,392.01025390625,36.92389297485352
1997,27,0,0,0,4110763,4007,97.47582244873047
1997,27,1,0,0,2844024.25,3597.741943359375,126.5018005371094
1997,27,3,0,0,1266738.75,409.258056640625,32.30800628662109
1997,28,0,0,0,3908365,3826,97.89259338378906
1997,28,1,0,0,2846976.5,3411.1728515625,119.8173904418945
1997,28,3,0,0,1061388.5,414.8271179199219,39.08343887329102
1997,29,0,0,0,3960440,3945,99.61014556884766
1997,29,1,0,0,2775694,3527.187255859375,127.0740661621094
1997,29,3,0,0,1184745.75,417.8128356933594,35.26603317260742
1997,30,0,0,0,4112255,4351,105.8056945800781
1997,30,1,0,0,3096018.5,3858.99267578125,124.6437225341797
1997,30,3,0,0,1016236.4375,492.0074462890625,48.4146614074707
1997,31,0,0,0,4052327,4678,115.4398422241211
1997,31,1,0,0,2924231.5,4190.1474609375,143.2905578613281
1997,31,3,0,0,1128095.375,487.8524169921875,43.24567031860352
1997,32,0,0,0,4312174,5208,120.7743453979492
1997,32,1,0,0,3135119.25,4637.44921875,147.9193878173828
1997,32,3,0,0,1177054.5,570.5509033203125,48.4727668762207
1997,33,0,0,0,4409312,5737,130.1110076904297
1997,33,1,0,0,3225349,5106.10205078125,158.3116149902344
1997,33,3,0,0,1183962.75,630.89794921875,53.2869758605957
1997,34,0,0,0,4559855,6292,137.9868469238281
1997,34,1,0,0,3409573,5633.0400390625,165.2124786376953
1997,34,3,0,0,1150282.25,658.9598388671875,57.28679656982422
1997,35,0,0,0,4706175,6837,145.2772216796875
1997,35,1,0,0,3534628,6031.923828125,170.6522979736328
1997,35,3,0,0,1171546.875,805.0762939453125,68.71908569335938
1997,36,0,0,0,4590654,7153,155.8165740966797
1997,36,1,0,0,3485416.5,6320.955078125,181.3543701171875
1997,36,3,0,0,1105237.5,832.0447387695313,75.281982421875
1997,37,0,0,0,4597066,7652,166.4539947509766
1997,37,1,0,0,3389521,6754.8349609375,199.2858276367188
1997,37,3,0,0,1207544.5,897.16455078125,74.29660034179688
1997,38,0,0,0,4423787,8000,180.8405303955078
1997,38,1,0,0,3365791.5,7055.6005859375,209.6267852783203
1997,38,3,0,0,1057995.5,944.3990478515625,89.26304626464844
1997,39,0,0,0,4585939,8530,186.0033416748047
1997,39,1,0,0,3410928.75,7487.6767578125,219.5201721191406
1997,39,3,0,0,1175010.125,1042.323486328125,88.70761871337891
1997,40,0,0,0,4625254,9482,205.0049591064453
1997,40,1,0,0,3423168,8274.5263671875,241.7212982177734
1997,40,3,0,0,1202086,1207.473754882813,100.4482040405273
1997,41,0,0,0,4268545,9823,230.1252593994141
1997,41,1,0,0,3219643.75,8548.3359375,265.5056457519531
1997,41,3,0,0,1048901.25,1274.66357421875,121.5236968994141
1997,42,0,0,0,4273472,10068,235.5929718017578
1997,42,1,0,0,3140258.5,8686.05859375,276.6033020019531
1997,42,3,0,0,1133213.5,1381.941772460938,121.9489364624023
1997,43,0,0,0,4120130,10809,262.3460998535156
1997,43,1,0,0,2951869,9311.509765625,315.4445495605469
1997,43,3,0,0,1168261,1497.490966796875,128.1811981201172
1997,44,0,0,0,4037393,11054,273.79052734375
1997,44,1,0,0,2964702.5,9385.59375,316.5779418945313
1997,44,3,0,0,1072690.375,1668.40576171875,155.5346984863281
1997,45,0,0,0,4010938,11693,291.52783203125
1997,45,1,0,0,2846592.75,9777.466796875,343.4796447753906
1997,45,3,0,0,1164345.25,1915.532470703125,164.5158538818359
1997,46,0,0,0,3721222,12127,325.8875732421875
1997,46,1,0,0,2615345.5,10104.173828125,386.3418273925781
1997,46,3,0,0,1105876.25,2022.826538085938,182.9161682128906
1997,47,0,0,0,3717968,12713,341.93408203125
1997,47,1,0,0,2636932.5,10553.7890625,400.2297668457031
1997,47,3,0,0,1081035.25,2159.21142578125,199.7355194091797
1997,48,0,0,0,3554107,13655,384.2033996582031
1997,48,1,0,0,2499475.75,11250.18359375,450.1017150878906
1997,48,3,0,0,1054631.125,2404.816650390625,228.0244293212891
1997,49,0,0,0,3682405,14902,404.6811828613281
1997,49,1,0,0,2607343.5,12243.0341796875,469.5596923828125
1997,49,3,0,0,1075061.5,2658.96630859375,247.3315582275391
1997,50,0,0,0,3984451,15979,401.0339050292969
1997,50,1,0,0,2822802,13277.658203125,470.37158203125
1997,50,3,0,0,1161649,2701.341796875,232.5437164306641
1997,51,0,0,0,2787148,13989,501.9109191894531
1997,51,1,0,0,2035709.75,11627.482421875,571.1758422851563
1997,51,3,0,0,751438.25,2361.5185546875,314.2664794921875
1997,52,0,0,0,2856779,15054,526.9570922851563
1997,52,1,0,0,2095645.75,12589.91796875,600.7655639648438
1997,52,3,0,0,761133.25,2464.082275390625,323.7386169433594
1997,53,0,0,0,2831328,16479,582.023681640625
1997,53,1,0,0,2071747.25,13868.5107421875,669.4113159179688
1997,53,3,0,0,759580.875,2610.4892578125,343.6749572753906
1997,54,0,0,0,3031162,18291,603.4319458007813
1997,54,1,0,0,2241981,15462.3935546875,689.6754760742188
1997,54,3,0,0,789181.25,2828.6064453125,358.4229125976563
1997,55,0,0,0,2611132,17925,686.48388671875
1997,55,1,0,0,2010776.75,15301.240234375,760.961669921875
1997,55,3,0,0,600355.375,2623.76025390625,437.0345153808594
1997,56,0,0,0,2439813,18525,759.2794799804688
1997,56,1,0,0,1876918.25,15924.001953125,848.412109375
1997,56,3,0,0,562894.75,2600.998046875,462.0753784179688
1997,57,0,0,0,2341617,19419,829.2987060546875
1997,57,1,0,0,1793000,16705.201171875,931.68994140625
1997,57,3,0,0,548617,2713.79931640625,494.6618957519531
1997,58,0,0,0,2260232,20567,909.9508666992188
1997,58,1,0,0,1778052.75,17770.1484375,999.416259765625
1997,58,3,0,0,482179.3125,2796.850830078125,580.043701171875
1997,59,0,0,0,2252293,21694,963.1961669921875
1997,59,1,0,0,1821750.5,18902.2890625,1037.58935546875
1997,59,3,0,0,430542.40625,2791.710693359375,648.4171142578125
1997,60,0,0,0,2148366,22928,1067.229736328125
1997,60,1,0,0,1720728,19892.10546875,1156.028442382813
1997,60,3,0,0,427638,3035.89453125,709.9215698242188
1997,61,0,0,0,2052754,24814,1208.815063476563
1997,61,1,0,0,1647859.75,21607.9375,1311.272827148438
1997,61,3,0,0,404894.25,3206.0634765625,791.827392578125
1997,62,0,0,0,2084404,27215,1305.649047851563
1997,62,1,0,0,1690203.75,23727.453125,1403.822021484375
1997,62,3,0,0,394200.34375,3487.547119140625,884.71435546875
1997,63,0,0,0,1948575,28225,1448.494384765625
1997,63,1,0,0,1570049.75,24589.71484375,1566.174194335938
1997,63,3,0,0,378525.25,3635.284912109375,960.381103515625
1997,64,0,0,0,1960125,30681,1565.25732421875
1997,64,1,0,0,1605927,26702.27734375,1662.73291015625
1997,64,3,0,0,354198,3978.72216796875,1123.304565429688
1997,65,0,0,0,1953489,32899,1684.114990234375
1997,65,1,0,0,1549173,28580.279296875,1844.873291015625
1997,65,3,0,0,404316.125,4318.7197265625,1068.154174804688
1997,66,0,0,0,2010695,35827,1781.821655273438
1997,66,1,0,0,1656999.75,31172.9140625,1881.28662109375
1997,66,3,0,0,353695.15625,4654.0859375,1315.8466796875
1997,67,0,0,0,2020809,39398,1949.615234375
1997,67,1,0,0,1712245.5,34599.91015625,2020.733032226563
1997,67,3,0,0,308563.3125,4798.09033203125,1554.9775390625
1997,68,0,0,0,1920702,41590,2165.35400390625
1997,68,1,0,0,1607573.625,36459.4296875,2267.978759765625
1997,68,3,0,0,313128.4375,5130.572265625,1638.488159179688
1997,69,0,0,0,1944135,45062,2317.84326171875
1997,69,1,0,0,1611872.75,39671.34375,2461.19580078125
1997,69,3,0,0,332262.34375,5390.6533203125,1622.40869140625
1997,70,0,0,0,1882541,48380,2569.9306640625
1997,70,1,0,0,1590581.75,42475.48046875,2670.436767578125
1997,70,3,0,0,291959.21875,5904.5205078125,2022.378540039063
1997,71,0,0,0,1781498,50799,2851.4765625
1997,71,1,0,0,1486012.5,44659.41015625,3005.318603515625
1997,71,3,0,0,295485.625,6139.5888671875,2077.796142578125
1997,72,0,0,0,1776002,54607,3074.715087890625
1997,72,1,0,0,1510312.25,48164.37890625,3189.034423828125
1997,72,3,0,0,265689.6875,6442.619140625,2424.8662109375
1997,73,0,0,0,1728573,56953,3294.798583984375
1997,73,1,0,0,1475371,50289.71484375,3408.61474609375
1997,73,3,0,0,253201.96875,6663.28466796875,2631.608642578125
1997,74,0,0,0,1665430,58759,3528.157958984375
1997,74,1,0,0,1429879.125,52070.24609375,3641.583740234375
1997,74,3,0,0,235550.921875,6688.755859375,2839.6220703125
1997,75,0,0,0,1652153,62957,3810.603515625
1997,75,1,0,0,1422797.5,55829.80859375,3923.9462890625
1997,75,3,0,0,229355.5,7127.19189453125,3107.48681640625
1997,76,0,0,0,1556028,64809,4165.02783203125
1997,76,1,0,0,1374804.75,57571.30078125,4187.59814453125
1997,76,3,0,0,181223.34375,7237.69873046875,3993.800537109375
1997,77,0,0,0,1395483,66254,4747.7470703125
1997,77,1,0,0,1200683.375,59031.75,4916.5126953125
1997,77,3,0,0,194799.6875,7222.2509765625,3707.527099609375
1997,78,0,0,0,1296983,64809,4996.904296875
1997,78,1,0,0,1115389.75,57873.2421875,5188.61181640625
1997,78,3,0,0,181593.3125,6935.75927734375,3819.391357421875
1997,79,0,0,0,1198183,66970,5589.29638671875
1997,79,1,0,0,1068795.75,59766.2578125,5591.92529296875
1997,79,3,0,0,129387.265625,7203.7451171875,5567.58447265625
1997,80,0,0,0,1130909,67217,5943.6259765625
1997,80,1,0,0,969940.875,60157.6015625,6202.19287109375
1997,80,3,0,0,160968.03125,7059.39892578125,4385.5908203125
1997,81,0,0,0,1018868,68504,6723.5400390625
1997,81,1,0,0,897861,61381.4609375,6836.41015625
1997,81,3,0,0,121006.9765625,7122.5419921875,5886.05908203125
1997,82,0,0,0,951864,69976,7351.47021484375
1997,82,1,0,0,829375.75,62646.3125,7553.4296875
1997,82,3,0,0,122488.171875,7329.689453125,5983.99755859375
1997,83,0,0,0,846282,70215,8296.8798828125
1997,83,1,0,0,735607.5625,62737.65625,8528.685546875
1997,83,3,0,0,110674.5,7477.3427734375,6756.15673828125
1997,84,0,0,0,765458,68819,8990.5654296875
1997,84,1,0,0,680122.25,61510.0859375,9043.974609375
1997,84,3,0,0,85335.7578125,7308.91796875,8564.89453125
1998,25,0,0,0,3694667,3336,90.29230499267578
1998,25,1,0,0,2800310,3031.69970703125,108.2630004882813
1998,25,3,0,0,894357,304.3004150390625,34.02449035644531
1998,26,0,0,0,3831484,3432,89.57364654541016
1998,26,1,0,0,2790661.5,3085.657470703125,110.5708236694336
1998,26,3,0,0,1040822.625,346.3423767089844,33.27582931518555
1998,27,0,0,0,4161862,3860,92.7469482421875
1998,27,1,0,0,3035578.25,3432.088134765625,113.0620880126953
1998,27,3,0,0,1126283.75,427.9117431640625,37.99324417114258
1998,28,0,0,0,4078744,3680,90.22385406494141
1998,28,1,0,0,2854941,3287.24853515625,115.1424331665039
1998,28,3,0,0,1223803,392.7513732910156,32.09269714355469
1998,29,0,0,0,4036887,3843,95.19711303710938
1998,29,1,0,0,2909903.75,3406.90283203125,117.0795745849609
1998,29,3,0,0,1126983.25,436.09716796875,38.69597625732422
1998,30,0,0,0,4075293,4044,99.23213195800781
1998,30,1,0,0,2865156,3606.787353515625,125.8844985961914
1998,30,3,0,0,1210137,437.212646484375,36.12918472290039
1998,31,0,0,0,3981250,4369,109.7394027709961
1998,31,1,0,0,2911332.25,3890.09423828125,133.6190338134766
1998,31,3,0,0,1069917.5,478.9057006835938,44.76099395751953
1998,32,0,0,0,4113203,4684,113.8771896362305
1998,32,1,0,0,3007240,4150.3017578125,138.0103302001953
1998,32,3,0,0,1105962.75,533.6982421875,48.25643920898438
1998,33,0,0,0,4282855,5348,124.8699722290039
1998,33,1,0,0,3152095,4764.05126953125,151.1392059326172
1998,33,3,0,0,1130759.75,583.948486328125,51.64213562011719
1998,34,0,0,0,4500267,5920,131.5477447509766
1998,34,1,0,0,3236118.5,5248.99609375,162.2003631591797
1998,34,3,0,0,1264148.5,671.0039672851563,53.07952117919922
1998,35,0,0,0,4651206,6481,139.3402099609375
1998,35,1,0,0,3458872,5747.255859375,166.1598358154297
1998,35,3,0,0,1192334.5,733.7440185546875,61.53843688964844
1998,36,0,0,0,4601405,6865,149.1935577392578
1998,36,1,0,0,3398270,6078.453125,178.8690490722656
1998,36,3,0,0,1203134.875,786.5467529296875,65.37477874755859
1998,37,0,0,0,4583036,7481,163.2324066162109
1998,37,1,0,0,3405958.5,6603.55078125,193.8823089599609
1998,37,3,0,0,1177077.875,877.4493408203125,74.54471588134766
1998,38,0,0,0,4523855,7889,174.3866729736328
1998,38,1,0,0,3381324.5,7050.8291015625,208.522705078125
1998,38,3,0,0,1142530.75,838.1709594726563,73.36090850830078
1998,39,0,0,0,4566695,8520,186.5681915283203
1998,39,1,0,0,3396752,7449.173828125,219.3028411865234
1998,39,3,0,0,1169943,1070.826416015625,91.52808380126953
1998,40,0,0,0,4658695,9115,195.6556549072266
1998,40,1,0,0,3371808.5,7982.12841796875,236.7313690185547
1998,40,3,0,0,1286886.5,1132.871704101563,88.031982421875
1998,41,0,0,0,4442020,9688,218.0989685058594
1998,41,1,0,0,3278932.5,8485.666015625,258.7935485839844
1998,41,3,0,0,1163087.875,1202.334228515625,103.3743209838867
1998,42,0,0,0,4324541,10216,236.2331695556641
1998,42,1,0,0,3188684,8860.9951171875,277.8887939453125
1998,42,3,0,0,1135856.625,1355.004760742188,119.2936477661133
1998,43,0,0,0,4247284,10980,258.5181579589844
1998,43,1,0,0,3106976.5,9508.3251953125,306.0314636230469
1998,43,3,0,0,1140307.5,1471.67431640625,129.0594329833984
1998,44,0,0,0,4149617,11631,280.2909240722656
1998,44,1,0,0,2980767,9916.076171875,332.6686096191406
1998,44,3,0,0,1168850.25,1714.92431640625,146.7189025878906
1998,45,0,0,0,4110957,11966,291.0757751464844
1998,45,1,0,0,2982293,10132.732421875,339.7631530761719
1998,45,3,0,0,1128664,1833.267578125,162.4281005859375
1998,46,0,0,0,3899417,12325,316.0728759765625
1998,46,1,0,0,2708566.5,10370.552734375,382.8797607421875
1998,46,3,0,0,1190850.375,1954.447387695313,164.1219940185547
1998,47,0,0,0,3759656,12928,343.8612365722656
1998,47,1,0,0,2659942.5,10770.1162109375,404.9003295898438
1998,47,3,0,0,1099713.75,2157.8837890625,196.2223205566406
1998,48,0,0,0,3655963,13714,375.1132202148438
1998,48,1,0,0,2597751.5,11398.3671875,438.7781982421875
1998,48,3,0,0,1058211.5,2315.633056640625,218.8251647949219
1998,49,0,0,0,3688170,14477,392.5252990722656
1998,49,1,0,0,2614650,11997.8046875,458.8684692382813
1998,49,3,0,0,1073520,2479.19580078125,230.9408111572266
1998,50,0,0,0,3737106,15827,423.509521484375
1998,50,1,0,0,2531452.5,13006.28125,513.7872924804688
1998,50,3,0,0,1205653.5,2820.71826171875,233.9576263427734
1998,51,0,0,0,3842618,17217,448.0538940429688
1998,51,1,0,0,2736314,14135.6669921875,516.59521484375
1998,51,3,0,0,1106304,3081.3330078125,278.5249938964844
1998,52,0,0,0,2807931,14959,532.7410278320313
1998,52,1,0,0,2048356.5,12373.734375,604.0811157226563
1998,52,3,0,0,759574.375,2585.265625,340.3571472167969
1998,53,0,0,0,2840251,15993,563.0840454101563
1998,53,1,0,0,2083513.5,13400.986328125,643.1917114257813
1998,53,3,0,0,756737.375,2592.01318359375,342.5248107910156
1998,54,0,0,0,2889788,17073,590.8045654296875
1998,54,1,0,0,2124697.5,14422.546875,678.8047485351563
1998,54,3,0,0,765090.5,2650.453369140625,346.4235229492188
1998,55,0,0,0,2994532,19563,653.2907104492188
1998,55,1,0,0,2210349,16539.58203125,748.2792358398438
1998,55,3,0,0,784183.0625,3023.41845703125,385.5500793457031
1998,56,0,0,0,2568427,19338,752.9121704101563
1998,56,1,0,0,1913682.125,16395.4765625,856.750244140625
1998,56,3,0,0,654745,2942.52294921875,449.4151000976563
1998,57,0,0,0,2435236,19564,803.371826171875
1998,57,1,0,0,1869942.125,16776.552734375,897.1696166992188
1998,57,3,0,0,565293.875,2787.447509765625,493.0970764160156
1998,58,0,0,0,2303734,20557,892.3339233398438
1998,58,1,0,0,1755656,17664.69140625,1006.159057617188
1998,58,3,0,0,548078,2892.3095703125,527.7186279296875
1998,59,0,0,0,2287518,21623,945.2603149414063
1998,59,1,0,0,1832976,18700.00390625,1020.199035644531
1998,59,3,0,0,454542.125,2922.99755859375,643.0641479492188
1998,60,0,0,0,2269139,23303,1026.953369140625
1998,60,1,0,0,1803853.625,20306.4453125,1125.725830078125
1998,60,3,0,0,465285.5,2996.55322265625,644.024658203125
1998,61,0,0,0,2067451,24558,1187.839477539063
1998,61,1,0,0,1668043.5,21252.07421875,1274.071899414063
1998,61,3,0,0,399407.4375,3305.926025390625,827.7077026367188
1998,62,0,0,0,2059981,26603,1291.419677734375
1998,62,1,0,0,1658227,23178.36328125,1397.779907226563
1998,62,3,0,0,401753.875,3424.635986328125,852.42138671875
1998,63,0,0,0,2081452,28800,1383.649536132813
1998,63,1,0,0,1674141.5,25084.099609375,1498.326171875
1998,63,3,0,0,407310.3125,3715.89990234375,912.3019409179688
1998,64,0,0,0,1943485,29815,1534.099853515625
1998,64,1,0,0,1567767.625,26028.087890625,1660.20068359375
1998,64,3,0,0,375717.3125,3786.91162109375,1007.915100097656
1998,65,0,0,0,1928414,32550,1687.91552734375
1998,65,1,0,0,1587406.5,28276.337890625,1781.29150390625
1998,65,3,0,0,341007.4375,4273.662109375,1253.245971679688
1998,66,0,0,0,1920477,35281,1837.095703125
1998,66,1,0,0,1518021.75,30641.08203125,2018.487670898438
1998,66,3,0,0,402455.1875,4639.91943359375,1152.9033203125
1998,67,0,0,0,2005507,37750,1882.317016601563
1998,67,1,0,0,1637101.25,32825.6796875,2005.109985351563
1998,67,3,0,0,368405.75,4924.32080078125,1336.656860351563
1998,68,0,0,0,1933963,40827,2111.0537109375
1998,68,1,0,0,1597890.25,35596.44921875,2227.715576171875
1998,68,3,0,0,336072.6875,5230.54931640625,1556.374389648438
1998,69,0,0,0,1888904,43372,2296.146240234375
1998,69,1,0,0,1585185.25,37964.375,2394.94873046875
1998,69,3,0,0,303718.6875,5407.62646484375,1780.472045898438
1998,70,0,0,0,1922501,47575,2474.64111328125
1998,70,1,0,0,1588344.5,41786.28125,2630.80712890625
1998,70,3,0,0,334156.46875,5788.720703125,1732.33837890625
1998,71,0,0,0,1796189,50699,2822.587158203125
1998,71,1,0,0,1535695,44481.203125,2896.48681640625
1998,71,3,0,0,260493.96875,6217.7958984375,2386.925048828125
1998,72,0,0,0,1737462,53913,3102.974365234375
1998,72,1,0,0,1451003.75,47294.1015625,3259.40576171875
1998,72,3,0,0,286458.1875,6618.90087890625,2310.599365234375
1998,73,0,0,0,1744447,57031,3269.2880859375
1998,73,1,0,0,1511699,50092.91796875,3313.683349609375
1998,73,3,0,0,232748.09375,6938.08203125,2980.9404296875
1998,74,0,0,0,1692383,59984,3544.351318359375
1998,74,1,0,0,1454031,52834.9375,3633.687255859375
1998,74,3,0,0,238352.125,7149.06103515625,2999.36962890625
1998,75,0,0,0,1613048,61657,3822.390869140625
1998,75,1,0,0,1427166,54544.609375,3821.882568359375
1998,75,3,0,0,185882.03125,7112.390625,3826.292724609375
1998,76,0,0,0,1576452,65590,4160.60888671875
1998,76,1,0,0,1362930.75,58065.2890625,4260.32568359375
1998,76,3,0,0,213521.203125,7524.7099609375,3524.104248046875
1998,77,0,0,0,1481207,67193,4536.3681640625
1998,77,1,0,0,1283923.875,59428.91796875,4628.69482421875
1998,77,3,0,0,197283.078125,7764.0810546875,3935.502685546875
1998,78,0,0,0,1329491,68314,5138.357421875
1998,78,1,0,0,1139181.125,60704.5078125,5328.78466796875
1998,78,3,0,0,190309.890625,7609.4921875,3998.474365234375
1998,79,0,0,0,1227920,66709,5432.68310546875
1998,79,1,0,0,1060256.625,59142.9296875,5578.17138671875
1998,79,3,0,0,167663.375,7566.0712890625,4512.65576171875
1998,80,0,0,0,1153170,69679,6042.3876953125
1998,80,1,0,0,1005160.75,62121.078125,6180.21337890625
1998,80,3,0,0,148009.21875,7557.9208984375,5106.38525390625
1998,81,0,0,0,1029590,69336,6734.3310546875
1998,81,1,0,0,917369.3125,61849.55078125,6742.0556640625
1998,81,3,0,0,112220.71875,7486.44775390625,6671.181640625
1998,82,0,0,0,959840,70283,7322.3662109375
1998,82,1,0,0,837995.375,62797.8984375,7493.82421875
1998,82,3,0,0,121844.6640625,7485.099609375,6143.1494140625
1998,83,0,0,0,870519,71826,8250.9404296875
1998,83,1,0,0,755058.0625,64222.546875,8505.6435546875
1998,83,3,0,0,115460.90625,7603.4501953125,6585.302734375
1998,84,0,0,0,775140,71076,9169.4404296875
1998,84,1,0,0,700086.6875,63337.6640625,9047.1171875
1998,84,3,0,0,75053.28125,7738.337890625,10310.458984375
1999,25,0,0,0,3657435,3137,85.77049255371094
1999,25,1,0,0,2697258,2843.56298828125,105.4242095947266
1999,25,3,0,0,960177.3125,293.4370727539063,30.56071662902832
1999,26,0,0,0,3666150,3277,89.38532257080078
1999,26,1,0,0,2731769.5,2935.66015625,107.4636840820313
1999,26,3,0,0,934380.5,341.3399047851563,36.53114700317383
1999,27,0,0,0,3934930,3549,90.19219970703125
1999,27,1,0,0,2875322,3173.57958984375,110.3730163574219
1999,27,3,0,0,1059607.875,375.4204711914063,35.43013381958008
1999,28,0,0,0,4146425,3762,90.728759765625
1999,28,1,0,0,2831203.5,3321.93359375,117.3329162597656
1999,28,3,0,0,1315221.375,440.0663757324219,33.45949172973633
1999,29,0,0,0,4170117,3978,95.39300537109375
1999,29,1,0,0,2932025.5,3535.32275390625,120.5761260986328
1999,29,3,0,0,1238091.625,442.6773071289063,35.75481033325195
1999,30,0,0,0,4181174,4005,95.78649139404297
1999,30,1,0,0,2974557.5,3529.78466796875,118.6658706665039
1999,30,3,0,0,1206616.375,475.2153625488281,39.38412857055664
1999,31,0,0,0,3936202,4184,106.2953567504883
1999,31,1,0,0,2758062,3700.4130859375,134.1671447753906
1999,31,3,0,0,1178139.75,483.5868835449219,41.04664993286133
1999,32,0,0,0,4043934,4599,113.7258911132813
1999,32,1,0,0,2809004.25,4112.5341796875,146.4054107666016
1999,32,3,0,0,1234929.75,486.4662475585938,39.39221954345703
1999,33,0,0,0,4079732,4965,121.6991729736328
1999,33,1,0,0,2894072,4385.52001953125,151.5345916748047
1999,33,3,0,0,1185660.25,579.4799194335938,48.87402725219727
1999,34,0,0,0,4362307,5610,128.6016845703125
1999,34,1,0,0,3162002.25,4970.54736328125,157.1961975097656
1999,34,3,0,0,1200304.625,639.4526977539063,53.27420043945313
1999,35,0,0,0,4605551,6275,136.2486267089844
1999,35,1,0,0,3314011.5,5561.4541015625,167.8163757324219
1999,35,3,0,0,1291539.75,713.5460815429688,55.24770736694336
1999,36,0,0,0,4543587,6667,146.7342834472656
1999,36,1,0,0,3272607,5910.697265625,180.6112823486328
1999,36,3,0,0,1270980.125,756.3023681640625,59.50544357299805
1999,37,0,0,0,4582763,7306,159.4234771728516
1999,37,1,0,0,3347945.75,6494.89501953125,193.9964294433594
1999,37,3,0,0,1234817.75,811.1051025390625,65.68621826171875
1999,38,0,0,0,4529993,8041,177.5057983398438
1999,38,1,0,0,3309779.75,7066.568359375,213.5056915283203
1999,38,3,0,0,1220213.5,974.431884765625,79.85749053955078
1999,39,0,0,0,4620655,8515,184.2812347412109
1999,39,1,0,0,3475624,7511.2568359375,216.1124725341797
1999,39,3,0,0,1145030.75,1003.743286132813,87.66081237792969
1999,40,0,0,0,4667567,9036,193.5912170410156
1999,40,1,0,0,3435209.5,8016.65380859375,233.3672485351563
1999,40,3,0,0,1232357.625,1019.346313476563,82.71514129638672
1999,41,0,0,0,4461887,9807,219.7948913574219
1999,41,1,0,0,3226922,8574.583984375,265.72021484375
1999,41,3,0,0,1234965.25,1232.416259765625,99.79360198974609
1999,42,0,0,0,4506921,10473,232.3759460449219
1999,42,1,0,0,3281199.75,9156.03125,279.0452270507813
1999,42,3,0,0,1225721,1316.968139648438,107.4443664550781
1999,43,0,0,0,4297858,11212,260.8741455078125
1999,43,1,0,0,3132957,9721.603515625,310.3012084960938
1999,43,3,0,0,1164900.75,1490.396484375,127.9419250488281
1999,44,0,0,0,4259895,11924,279.9129943847656
1999,44,1,0,0,3081501.5,10222.9052734375,331.7507934570313
1999,44,3,0,0,1178393.25,1701.094604492188,144.3571166992188
1999,45,0,0,0,4245913,12407,292.2104187011719
1999,45,1,0,0,3005947.5,10666.7861328125,354.8560485839844
1999,45,3,0,0,1239965.5,1740.214233398438,140.3437652587891
1999,46,0,0,0,3994960,13106,328.0633544921875
1999,46,1,0,0,2774275.5,11100.30859375,400.1155700683594
1999,46,3,0,0,1220684.5,2005.691040039063,164.3087158203125
1999,47,0,0,0,3937147,13550,344.1578369140625
1999,47,1,0,0,2752521,11325.6474609375,411.4645385742188
1999,47,3,0,0,1184625.875,2224.352294921875,187.7683410644531
1999,48,0,0,0,3710665,14039,378.3418884277344
1999,48,1,0,0,2586790.25,11644.7001953125,450.1601867675781
1999,48,3,0,0,1123874.625,2394.2998046875,213.0397644042969
1999,49,0,0,0,3765522,15018,398.8291625976563
1999,49,1,0,0,2657166.5,12403.59375,466.7977600097656
1999,49,3,0,0,1108355.5,2614.40673828125,235.8816070556641
1999,50,0,0,0,3762673,15633,415.4759216308594
1999,50,1,0,0,2597949.75,12799.828125,492.6896057128906
1999,50,3,0,0,1164722.875,2833.172119140625,243.2485961914063
1999,51,0,0,0,3601885,16870,468.3658752441406
1999,51,1,0,0,2453450.25,13759.2646484375,560.8128662109375
1999,51,3,0,0,1148434.75,3110.7353515625,270.8674011230469
1999,52,0,0,0,3872981,18686,482.4707336425781
1999,52,1,0,0,2730668.5,15372.9375,562.973388671875
1999,52,3,0,0,1142312.125,3313.062744140625,290.0313110351563
1999,53,0,0,0,2785469,16198,581.5178833007813
1999,53,1,0,0,2009166,13477.2431640625,670.7879638671875
1999,53,3,0,0,776302.9375,2720.7568359375,350.4761657714844
1999,54,0,0,0,2900604,17467,602.1849365234375
1999,54,1,0,0,2139479.5,14600.759765625,682.4444580078125
1999,54,3,0,0,761124.6875,2866.23974609375,376.5795288085938
1999,55,0,0,0,2859174,19151,669.808837890625
1999,55,1,0,0,2097824,16179.0869140625,771.2318725585938
1999,55,3,0,0,761350.125,2971.9130859375,390.3477478027344
1999,56,0,0,0,2934438,21335,727.0557250976563
1999,56,1,0,0,2184080,18211.05859375,833.8091430664063
1999,56,3,0,0,750358.125,3123.941650390625,416.3267517089844
1999,57,0,0,0,2561244,20641,805.8974609375
1999,57,1,0,0,1928739.75,17592.82421875,912.1409301757813
1999,57,3,0,0,632504.1875,3048.175537109375,481.9217834472656
1999,58,0,0,0,2412512,21328,884.0578002929688
1999,58,1,0,0,1848027.125,18278.759765625,989.0958862304688
1999,58,3,0,0,564484.875,3049.2392578125,540.1808471679688
1999,59,0,0,0,2317453,22429,967.8297729492188
1999,59,1,0,0,1800342.375,19342.583984375,1074.383666992188
1999,59,3,0,0,517110.5625,3086.41650390625,596.858154296875
1999,60,0,0,0,2313429,23520,1016.672668457031
1999,60,1,0,0,1800916,20372.765625,1131.24462890625
1999,60,3,0,0,512512.9375,3147.23291015625,614.0787353515625
1999,61,0,0,0,2178540,25087,1151.551025390625
1999,61,1,0,0,1724992.75,21725.490234375,1259.453979492188
1999,61,3,0,0,453547.28125,3361.509765625,741.1597290039063
1999,62,0,0,0,2076327,26240,1263.770141601563
1999,62,1,0,0,1685743.75,22727.1640625,1348.197998046875
1999,62,3,0,0,390583.125,3512.8359375,899.3823852539063
1999,63,0,0,0,2054975,28216,1373.05810546875
1999,63,1,0,0,1646045.5,24668.375,1498.644775390625
1999,63,3,0,0,408929.5,3547.6259765625,867.5397338867188
1999,64,0,0,0,2069934,31032,1499.17822265625
1999,64,1,0,0,1665745.375,26948.98046875,1617.833129882813
1999,64,3,0,0,404188.5625,4083.0185546875,1010.176696777344
1999,65,0,0,0,1913453,31942,1669.338134765625
1999,65,1,0,0,1585827.125,27824.646484375,1754.58251953125
1999,65,3,0,0,327625.8125,4117.353515625,1256.724365234375
1999,66,0,0,0,1896362,34234,1805.24609375
1999,66,1,0,0,1545017.75,29744.16796875,1925.166748046875
1999,66,3,0,0,351344.0625,4489.8310546875,1277.901489257813
1999,67,0,0,0,1916680,36624,1910.804077148438
1999,67,1,0,0,1493367.75,31738.03515625,2125.265869140625
1999,67,3,0,0,423312.0625,4885.9658203125,1154.22314453125
1999,68,0,0,0,1917808,40061,2088.895263671875
1999,68,1,0,0,1576717.5,34742.78515625,2203.48828125
1999,68,3,0,0,341090.375,5318.2158203125,1559.180908203125
1999,69,0,0,0,1897195,43834,2310.463623046875
1999,69,1,0,0,1567881.875,38310.4375,2443.45166015625
1999,69,3,0,0,329313.125,5523.5625,1677.297973632813
1999,70,0,0,0,1872531,45803,2446.047607421875
1999,70,1,0,0,1582331,40029.140625,2529.7578125
1999,70,3,0,0,290200.0625,5773.8583984375,1989.613037109375
1999,71,0,0,0,1830815,49997,2730.8603515625
1999,71,1,0,0,1500029.25,43800.69140625,2919.9892578125
1999,71,3,0,0,330785.59375,6196.30859375,1873.2099609375
1999,72,0,0,0,1751382,53562,3058.2705078125
1999,72,1,0,0,1469607.375,46895.94921875,3191.052978515625
1999,72,3,0,0,281774.6875,6666.05078125,2365.738037109375
1999,73,0,0,0,1714392,56456,3293.0625
1999,73,1,0,0,1436204.25,49458.640625,3443.705322265625
1999,73,3,0,0,278187.75,6997.35986328125,2515.337158203125
1999,74,0,0,0,1708291,60087,3517.375
1999,74,1,0,0,1512223.375,52868.16796875,3496.055419921875
1999,74,3,0,0,196067.65625,7218.83251953125,3681.806884765625
1999,75,0,0,0,1637745,62824,3836.006103515625
1999,75,1,0,0,1420438.5,55357.3984375,3897.204833984375
1999,75,3,0,0,217306.46875,7466.6005859375,3435.97705078125
1999,76,0,0,0,1539299,64443,4186.51611328125
1999,76,1,0,0,1302445,56715.68359375,4354.55517578125
1999,76,3,0,0,236853.96875,7727.31640625,3262.481201171875
1999,77,0,0,0,1499355,68654,4578.90234375
1999,77,1,0,0,1314537.625,60578.88671875,4608.3798828125
1999,77,3,0,0,184817.28125,8075.11328125,4369.24169921875
1999,78,0,0,0,1407228,70776,5029.46240234375
1999,78,1,0,0,1220333,62372.7890625,5111.12841796875
1999,78,3,0,0,186895.09375,8403.2099609375,4496.21728515625
1999,79,0,0,0,1258979,71652,5691.2783203125
1999,79,1,0,0,1088185.125,63657.65625,5849.89208984375
1999,79,3,0,0,170793.90625,7994.3408203125,4680.6943359375
1999,80,0,0,0,1189386,70344,5914.31201171875
1999,80,1,0,0,1032763.75,62380.2890625,6040.13134765625
1999,80,3,0,0,156622.265625,7963.7119140625,5084.66162109375
1999,81,0,0,0,1047257,72038,6878.73193359375
1999,81,1,0,0,934710.5,63804.7109375,6826.14697265625
1999,81,3,0,0,112546.4921875,8233.291015625,7315.45751953125
1999,82,0,0,0,972177,72361,7443.19189453125
1999,82,1,0,0,851662.375,64436.19921875,7565.93212890625
1999,82,3,0,0,120514.59375,7924.802734375,6575.80322265625
1999,83,0,0,0,875095,72459,8280.1298828125
1999,83,1,0,0,780691.25,64623.3828125,8277.712890625
1999,83,3,0,0,94403.6953125,7835.61767578125,8300.1171875
1999,84,0,0,0,798393,73039,9148.251953125
1999,84,1,0,0,699959.75,64955.8828125,9279.9453125
1999,84,3,0,0,98433.234375,8083.1181640625,8211.77734375
2000,25,0,0,0,3747738,3299,88.02642822265625
2000,25,1,0,0,2761349.5,2993.81201171875,108.4184417724609
2000,25,3,0,0,986388.5625,305.1880493164063,30.93994140625
2000,26,0,0,0,3644037,3249,89.15935516357422
2000,26,1,0,0,2603583.5,2898.021240234375,111.3089447021484
2000,26,3,0,0,1040453.4375,350.9786376953125,33.73323822021484
2000,27,0,0,0,3747633,3482,92.91197967529297
2000,27,1,0,0,2666706,3102.762451171875,116.3518753051758
2000,27,3,0,0,1080927,379.2374877929688,35.08446884155273
2000,28,0,0,0,3947343,3629,91.93525695800781
2000,28,1,0,0,2835607.25,3238.891845703125,114.2221603393555
2000,28,3,0,0,1111735.75,390.108154296875,35.09000778198242
2000,29,0,0,0,4193512,4022,95.91006469726563
2000,29,1,0,0,2821632,3571.260009765625,126.5671768188477
2000,29,3,0,0,1371879.875,450.7399291992188,32.85564041137695
2000,30,0,0,0,4297742,4025,93.65383148193359
2000,30,1,0,0,3047287,3557.877685546875,116.7555847167969
2000,30,3,0,0,1250454.75,467.1223754882813,37.356201171875
2000,31,0,0,0,4062757,4255,104.7318344116211
2000,31,1,0,0,2774337,3740.53466796875,134.8262481689453
2000,31,3,0,0,1288420.25,514.4654541015625,39.9299430847168
2000,32,0,0,0,3999268,4382,109.5700531005859
2000,32,1,0,0,2861996.5,3871.978271484375,135.2894134521484
2000,32,3,0,0,1137271.125,510.021728515625,44.84609985351563
2000,33,0,0,0,4019117,4786,119.0808792114258
2000,33,1,0,0,2884027,4254.8349609375,147.5310363769531
2000,33,3,0,0,1135090.25,531.1648559570313,46.79494476318359
2000,34,0,0,0,4145350,5322,128.3848114013672
2000,34,1,0,0,2909296.5,4733.765625,162.7117004394531
2000,34,3,0,0,1236053.625,588.2341918945313,47.58969879150391
2000,35,0,0,0,4446557,5891,132.4845275878906
2000,35,1,0,0,3218248.75,5289.4404296875,164.3577270507813
2000,35,3,0,0,1228308,601.5594482421875,48.97464370727539
2000,36,0,0,0,4528984,6566,144.9773254394531
2000,36,1,0,0,3353925,5825.4052734375,173.6891937255859
2000,36,3,0,0,1175059,740.5946044921875,63.02616500854492
2000,37,0,0,0,4523611,7235,159.9385986328125
2000,37,1,0,0,3252967.25,6405.70166015625,196.9187316894531
2000,37,3,0,0,1270643.75,829.29833984375,65.26599884033203
2000,38,0,0,0,4547235,7901,173.7539367675781
2000,38,1,0,0,3291426,6963.72607421875,211.5717010498047
2000,38,3,0,0,1255809.25,937.2742309570313,74.63507843017578
2000,39,0,0,0,4604465,8547,185.6241760253906
2000,39,1,0,0,3333562.5,7525.771484375,225.7576293945313
2000,39,3,0,0,1270902.5,1021.22802734375,80.35455322265625
2000,40,0,0,0,4696305,9405,200.2638244628906
2000,40,1,0,0,3533074.25,8321.78125,235.5393829345703
2000,40,3,0,0,1163230.75,1083.218017578125,93.12150573730469
2000,41,0,0,0,4513298,9973,220.96923828125
2000,41,1,0,0,3319100,8776.33984375,264.4192504882813
2000,41,3,0,0,1194198.125,1196.66015625,100.206169128418
2000,42,0,0,0,4522455,10600,234.3859710693359
2000,42,1,0,0,3305210.5,9228.9794921875,279.2251586914063
2000,42,3,0,0,1217244.5,1371.020751953125,112.6331405639648
2000,43,0,0,0,4476856,11629,259.7581787109375
2000,43,1,0,0,3232626,10117.2578125,312.9733581542969
2000,43,3,0,0,1244229.875,1511.742553710938,121.5002593994141
2000,44,0,0,0,4309077,12051,279.6654663085938
2000,44,1,0,0,3118991.25,10478.8837890625,335.9702758789063
2000,44,3,0,0,1190086,1572.115966796875,132.1010437011719
2000,45,0,0,0,4335271,12905,297.6745910644531
2000,45,1,0,0,3072034.5,11113.91796875,361.7771301269531
2000,45,3,0,0,1263236.5,1791.08251953125,141.7852020263672
2000,46,0,0,0,4155176,13390,322.2486877441406
2000,46,1,0,0,2922679,11486.076171875,392.9981994628906
2000,46,3,0,0,1232497,1903.923583984375,154.4769287109375
2000,47,0,0,0,4025331,14164,351.8716735839844
2000,47,1,0,0,2773320,11969.376953125,431.5901794433594
2000,47,3,0,0,1252011,2194.623291015625,175.2878570556641
2000,48,0,0,0,3898395,14887,381.8750915527344
2000,48,1,0,0,2776920.5,12519.5126953125,450.8415832519531
2000,48,3,0,0,1121474.375,2367.487548828125,211.1049194335938
2000,49,0,0,0,3805354,15486,406.9529418945313
2000,49,1,0,0,2552257.5,12824.8134765625,502.489013671875
2000,49,3,0,0,1253096.5,2661.186279296875,212.3688201904297
2000,50,0,0,0,3800059,16356,430.4143676757813
2000,50,1,0,0,2628789.5,13487.9609375,513.0863647460938
2000,50,3,0,0,1171269.5,2868.0380859375,244.8657684326172
2000,51,0,0,0,3663455,16992,463.824462890625
2000,51,1,0,0,2503649.75,13908.783203125,555.540283203125
2000,51,3,0,0,1159805.125,3083.217041015625,265.8392333984375
2000,52,0,0,0,3637919,18527,509.274658203125
2000,52,1,0,0,2555129,15154.181640625,593.0886840820313
2000,52,3,0,0,1082790.25,3372.818359375,311.4932250976563
2000,53,0,0,0,3816136,20212,529.6456909179688
2000,53,1,0,0,2639932.25,16526.560546875,626.0221557617188
2000,53,3,0,0,1176203.625,3685.440185546875,313.3335266113281
2000,54,0,0,0,2861878,17422,608.7611083984375
2000,54,1,0,0,2087389.75,14365.677734375,688.2125244140625
2000,54,3,0,0,774488.125,3056.32275390625,394.6248779296875
2000,55,0,0,0,2854393,18781,657.96826171875
2000,55,1,0,0,2059881.5,15669.53125,760.7006225585938
2000,55,3,0,0,794511.5,3111.46875,391.620361328125
2000,56,0,0,0,2817330,20403,724.1962890625
2000,56,1,0,0,2081458,17131.544921875,823.0550537109375
2000,56,3,0,0,735872.125,3271.45458984375,444.568359375
2000,57,0,0,0,2913690,22527,773.143310546875
2000,57,1,0,0,2169232.25,18891.12109375,870.86669921875
2000,57,3,0,0,744457.8125,3635.87841796875,488.392822265625
2000,58,0,0,0,2580483,22248,862.1641845703125
2000,58,1,0,0,2040988.5,18955.375,928.7350463867188
2000,58,3,0,0,539494.4375,3292.62646484375,610.3170166015625
2000,59,0,0,0,2400041,22792,949.6504516601563
2000,59,1,0,0,1810672.75,19477.08984375,1075.682495117188
2000,59,3,0,0,589368.25,3314.911376953125,562.45166015625
2000,60,0,0,0,2337902,23748,1015.782531738281
2000,60,1,0,0,1783768.75,20391.7578125,1143.183959960938
2000,60,3,0,0,554133.25,3356.2431640625,605.6743774414063
2000,61,0,0,0,2230218,25092,1125.091796875
2000,61,1,0,0,1693837.375,21693.673828125,1280.7412109375
2000,61,3,0,0,536380.5625,3398.325927734375,633.5662231445313
2000,62,0,0,0,2190359,26924,1229.204833984375
2000,62,1,0,0,1771189.5,23258.591796875,1313.162231445313
2000,62,3,0,0,419169.28125,3665.408203125,874.44580078125
2000,63,0,0,0,2069449,28018,1353.886962890625
2000,63,1,0,0,1684083,24249.1484375,1439.902221679688
2000,63,3,0,0,385365.90625,3768.85107421875,977.9928588867188
2000,64,0,0,0,2035201,30313,1489.435180664063
2000,64,1,0,0,1583113,26355.72265625,1664.803588867188
2000,64,3,0,0,452088.125,3957.27685546875,875.3330688476563
2000,65,0,0,0,2039337,32150,1576.492797851563
2000,65,1,0,0,1668184.75,28118.59375,1685.580322265625
2000,65,3,0,0,371152.25,4031.4052734375,1086.186401367188
2000,66,0,0,0,1876784,33135,1765.520141601563
2000,66,1,0,0,1543513,28785.19140625,1864.9140625
2000,66,3,0,0,333270.875,4349.80908203125,1305.187255859375
2000,67,0,0,0,1882892,36042,1914.18310546875
2000,67,1,0,0,1546108,31272.03515625,2022.62939453125
2000,67,3,0,0,336784,4769.96630859375,1416.328125
2000,68,0,0,0,1867764,38801,2077.40380859375
2000,68,1,0,0,1496646.625,33687.23828125,2250.847900390625
2000,68,3,0,0,371117.375,5113.7626953125,1377.936767578125
2000,69,0,0,0,1857132,41611,2240.60546875
2000,69,1,0,0,1512757,36119.828125,2387.68212890625
2000,69,3,0,0,344375.03125,5491.17431640625,1594.533203125
2000,70,0,0,0,1884298,45594,2419.680908203125
2000,70,1,0,0,1548869.25,39937.8125,2578.51416015625
2000,70,3,0,0,335428.8125,5656.185546875,1686.255126953125
2000,71,0,0,0,1788317,48157,2692.8671875
2000,71,1,0,0,1489475.75,42112.953125,2827.367431640625
2000,71,3,0,0,298841.1875,6044.046875,2022.49462890625
2000,72,0,0,0,1781935,52391,2940.118408203125
2000,72,1,0,0,1473513.375,45828.90625,3110.17919921875
2000,72,3,0,0,308421.59375,6562.09375,2127.6376953125
2000,73,0,0,0,1735378,55183,3179.883544921875
2000,73,1,0,0,1474628.5,48228.296875,3270.538818359375
2000,73,3,0,0,260749.484375,6954.7041015625,2667.19775390625
2000,74,0,0,0,1670100,58145,3481.528076171875
2000,74,1,0,0,1412795.75,50899.109375,3602.722412109375
2000,74,3,0,0,257304.34375,7245.8896484375,2816.077392578125
2000,75,0,0,0,1649707,62634,3796.67431640625
2000,75,1,0,0,1451919.625,54689.96875,3766.7353515625
2000,75,3,0,0,197787.5,7944.02978515625,4016.44677734375
2000,76,0,0,0,1568457,64746,4128.005859375
2000,76,1,0,0,1370206.125,56865.203125,4150.1201171875
2000,76,3,0,0,198250.875,7880.7978515625,3975.164306640625
2000,77,0,0,0,1472736,66877,4541.00390625
2000,77,1,0,0,1237462.75,58876.984375,4757.87939453125
2000,77,3,0,0,235273.1875,8000.013671875,3400.308349609375
2000,78,0,0,0,1417670,70755,4990.93603515625
2000,78,1,0,0,1206429.625,62250.953125,5159.9326171875
2000,78,3,0,0,211240.34375,8504.0478515625,4025.768798828125
2000,79,0,0,0,1330049,72688,5465.06201171875
2000,79,1,0,0,1129750.75,63943.2421875,5659.9423828125
2000,79,3,0,0,200298.203125,8744.75390625,4365.8671875
2000,80,0,0,0,1229253,73680,5993.88427734375
2000,80,1,0,0,1089910.75,65283.40625,5989.7939453125
2000,80,3,0,0,139342.203125,8396.595703125,6025.88134765625
2000,81,0,0,0,1066141,70977,6657.37451171875
2000,81,1,0,0,930115.75,62801.0234375,6751.9580078125
2000,81,3,0,0,136025.28125,8175.9765625,6010.63037109375
2000,82,0,0,0,1002304,73375,7320.63330078125
2000,82,1,0,0,877393.1875,64755.90234375,7380.48828125
2000,82,3,0,0,124910.7890625,8619.0947265625,6900.2001953125
2000,83,0,0,0,884002,72303,8179.0537109375
2000,83,1,0,0,776350.75,64254.29296875,8276.451171875
2000,83,3,0,0,107651.2421875,8048.70703125,7476.650390625
2000,84,0,0,0,802840,72410,9019.2314453125
2000,84,1,0,0,689782.375,64307.8203125,9322.9140625
2000,84,3,0,0,113057.6015625,8102.181640625,7166.4189453125
2001,25,0,0,0,3659719,3406,93.06725311279297
2001,25,1,0,0,2690401.5,3007.68994140625,111.7933502197266
2001,25,3,0,0,969317.5,398.3101196289063,41.09181213378906
2001,26,0,0,0,3768152,3573,94.82101440429688
2001,26,1,0,0,2727103,3144.54443359375,115.3071365356445
2001,26,3,0,0,1041049.125,428.4553833007813,41.1561164855957
2001,27,0,0,0,3668700,3511,95.70147705078125
2001,27,1,0,0,2621062,3108.05224609375,118.5798797607422
2001,27,3,0,0,1047637.875,402.9476928710938,38.46249771118164
2001,28,0,0,0,3766129,3763,99.91691589355469
2001,28,1,0,0,2705852.25,3332.938232421875,123.1751708984375
2001,28,3,0,0,1060276.75,430.0616455078125,40.56126403808594
2001,29,0,0,0,3956647,3958,100.0341949462891
2001,29,1,0,0,2797147.5,3459.130126953125,123.6663436889648
2001,29,3,0,0,1159499.75,498.8699340820313,43.02458190917969
2001,30,0,0,0,4218260,4382,103.8816986083984
2001,30,1,0,0,2956715.25,3775.79443359375,127.7023391723633
2001,30,3,0,0,1261544.75,606.20556640625,48.05263900756836
2001,31,0,0,0,4302689,4438,103.1447982788086
2001,31,1,0,0,2998087.5,3837.0634765625,127.9837036132813
2001,31,3,0,0,1304601.5,600.9365234375,46.06284332275391
2001,32,0,0,0,4082902,4571,111.9546813964844
2001,32,1,0,0,2831258.5,3920.355224609375,138.4668731689453
2001,32,3,0,0,1251643.375,650.6448364257813,51.98324584960938
2001,33,0,0,0,4014912,4879,121.5219650268555
2001,33,1,0,0,2828469,4235.94091796875,149.7609100341797
2001,33,3,0,0,1186443.125,643.05908203125,54.20058059692383
2001,34,0,0,0,4033412,5202,128.9726867675781
2001,34,1,0,0,2864390.25,4504.93017578125,157.2736206054688
2001,34,3,0,0,1169021.75,697.0697021484375,59.62846374511719
2001,35,0,0,0,4161140,5901,141.8121032714844
2001,35,1,0,0,3028353,5166.56640625,170.6064758300781
2001,35,3,0,0,1132787,734.4332885742188,64.83419036865234
2001,36,0,0,0,4457678,6597,147.9918518066406
2001,36,1,0,0,3234929,5735.8232421875,177.3090972900391
2001,36,3,0,0,1222749,861.1767578125,70.42955780029297
2001,37,0,0,0,4534648,7472,164.7757415771484
2001,37,1,0,0,3271420,6549.5087890625,200.203857421875
2001,37,3,0,0,1263228,922.4908447265625,73.02647399902344
2001,38,0,0,0,4529329,8173,180.4461517333984
2001,38,1,0,0,3308914,7136.8779296875,215.6864166259766
2001,38,3,0,0,1220415.125,1036.121948242188,84.89913940429688
2001,39,0,0,0,4553123,8752,192.2197113037109
2001,39,1,0,0,3336280.5,7671.7265625,229.948486328125
2001,39,3,0,0,1216842.5,1080.273071289063,88.77674102783203
2001,40,0,0,0,4606601,9507,206.3777618408203
2001,40,1,0,0,3390810,8364.3876953125,246.6781616210938
2001,40,3,0,0,1215791,1142.611938476563,93.98094940185547
2001,41,0,0,0,4700471,10204,217.0846252441406
2001,41,1,0,0,3464380.75,8991.392578125,259.5382385253906
2001,41,3,0,0,1236090.25,1212.60791015625,98.10027313232422
2001,42,0,0,0,4514435,10659,236.1092834472656
2001,42,1,0,0,3310260.25,9251.712890625,279.4859619140625
2001,42,3,0,0,1204174.75,1407.287353515625,116.8673706054688
2001,43,0,0,0,4523433,11861,262.2123413085938
2001,43,1,0,0,3360300.5,10353.810546875,308.1215515136719
2001,43,3,0,0,1163132.625,1507.189697265625,129.5802154541016
2001,44,0,0,0,4470894,12548,280.6597595214844
2001,44,1,0,0,3252956,10859.646484375,333.8393249511719
2001,44,3,0,0,1217937.75,1688.353759765625,138.6239776611328
2001,45,0,0,0,4301955,13231,307.5578308105469
2001,45,1,0,0,3110722,11369.205078125,365.4844360351563
2001,45,3,0,0,1191233.125,1861.795532226563,156.2914581298828
2001,46,0,0,0,4331582,14021,323.6923522949219
2001,46,1,0,0,3096100.5,12026.79296875,388.44970703125
2001,46,3,0,0,1235481.375,1994.20703125,161.4113464355469
2001,47,0,0,0,4152347,14833,357.2196655273438
2001,47,1,0,0,2963864.5,12602.341796875,425.1996459960938
2001,47,3,0,0,1188482.5,2230.65771484375,187.6895751953125
2001,48,0,0,0,4018921,15328,381.3959045410156
2001,48,1,0,0,2826710.5,12847.263671875,454.4952087402344
2001,48,3,0,0,1192210.5,2480.73681640625,208.0787658691406
2001,49,0,0,0,3894178,16271,417.828857421875
2001,49,1,0,0,2728913,13565.2724609375,497.0943603515625
2001,49,3,0,0,1165264.75,2705.727783203125,232.1985473632813
2001,50,0,0,0,3796146,16640,438.3392944335938
2001,50,1,0,0,2685627,13823.67578125,514.7280883789063
2001,50,3,0,0,1110519,2816.3232421875,253.6042327880859
2001,51,0,0,0,3796980,17558,462.4201354980469
2001,51,1,0,0,2650958,14439.3408203125,544.6838989257813
2001,51,3,0,0,1146021.875,3118.65869140625,272.1290588378906
2001,52,0,0,0,3654405,18537,507.2508239746094
2001,52,1,0,0,2527566.5,15283.87890625,604.6875
2001,52,3,0,0,1126838.625,3253.12158203125,288.6945495605469
2001,53,0,0,0,3631014,19897,547.9736328125
2001,53,1,0,0,2543047.5,16253.1953125,639.1227416992188
2001,53,3,0,0,1087966.625,3643.80419921875,334.9187622070313
2001,54,0,0,0,3808740,21749,571.0287475585938
2001,54,1,0,0,2649516.5,17700.26953125,668.0565795898438
2001,54,3,0,0,1159223.75,4048.72900390625,349.2620849609375
2001,55,0,0,0,2851092,18963,665.1135864257813
2001,55,1,0,0,2047005.75,15736.34375,768.7493896484375
2001,55,3,0,0,804086.25,3226.65576171875,401.2822875976563
2001,56,0,0,0,2846838,20109,706.3626098632813
2001,56,1,0,0,2079368,16764.9140625,806.25048828125
2001,56,3,0,0,767470,3344.08642578125,435.7286071777344
2001,57,0,0,0,2805407,22022,784.984130859375
2001,57,1,0,0,2081685.125,18503.0078125,888.8475952148438
2001,57,3,0,0,723721.875,3518.9931640625,486.2355651855469
2001,58,0,0,0,2900132,24525,845.6511840820313
2001,58,1,0,0,2162738.5,20657.85546875,955.1712036132813
2001,58,3,0,0,737393.375,3867.14453125,524.4343872070313
2001,59,0,0,0,2565506,23904,931.7460327148438
2001,59,1,0,0,1950494.75,20356.732421875,1043.670166015625
2001,59,3,0,0,615011.375,3547.267333984375,576.78076171875
2001,60,0,0,0,2380300,24353,1023.106323242188
2001,60,1,0,0,1853243.125,20820.248046875,1123.449340820313
2001,60,3,0,0,527056.875,3532.751953125,670.279052734375
2001,61,0,0,0,2323707,25239,1086.152465820313
2001,61,1,0,0,1830909.375,21774.72265625,1189.284545898438
2001,61,3,0,0,492797.65625,3464.27685546875,702.9816284179688
2001,62,0,0,0,2213270,26883,1214.628173828125
2001,62,1,0,0,1747105,23140.82421875,1324.52392578125
2001,62,3,0,0,466164.9375,3742.17578125,802.7578735351563
2001,63,0,0,0,2172024,28576,1315.639282226563
2001,63,1,0,0,1729100,24690.029296875,1427.912109375
2001,63,3,0,0,442924.03125,3885.97119140625,877.3448486328125
2001,64,0,0,0,2047019,29565,1444.295288085938
2001,64,1,0,0,1627017.25,25591.2421875,1572.89306640625
2001,64,3,0,0,420001.71875,3973.7587890625,946.129150390625
2001,65,0,0,0,2012270,31559,1568.328247070313
2001,65,1,0,0,1610754.375,27310.63671875,1695.518432617188
2001,65,3,0,0,401515.625,4248.36181640625,1058.081298828125
2001,66,0,0,0,2013441,33635,1670.523193359375
2001,66,1,0,0,1630556.875,29267.513671875,1794.939819335938
2001,66,3,0,0,382884.09375,4367.48681640625,1140.68115234375
2001,67,0,0,0,1850485,34965,1889.504638671875
2001,67,1,0,0,1502777.875,30389.087890625,2022.194213867188
2001,67,3,0,0,347707.1875,4575.9130859375,1316.02490234375
2001,68,0,0,0,1852792,37350,2015.876586914063
2001,68,1,0,0,1509287.75,32325.8203125,2141.79296875
2001,68,3,0,0,343504.1875,5024.1806640625,1462.625732421875
2001,69,0,0,0,1833245,40723,2221.361572265625
2001,69,1,0,0,1482678.5,35217.1875,2375.240966796875
2001,69,3,0,0,350566.5,5505.810546875,1570.546630859375
2001,70,0,0,0,1817859,43556,2396.00537109375
2001,70,1,0,0,1479417.125,37719.609375,2549.62646484375
2001,70,3,0,0,338441.8125,5836.39111328125,1724.48876953125
2001,71,0,0,0,1844676,47443,2571.887939453125
2001,71,1,0,0,1504405.875,41442.62890625,2754.75048828125
2001,71,3,0,0,340270.15625,6000.3720703125,1763.414184570313
2001,72,0,0,0,1743767,50027,2868.90380859375
2001,72,1,0,0,1446780,43589.91015625,3012.891357421875
2001,72,3,0,0,296986.96875,6437.0888671875,2167.465087890625
2001,73,0,0,0,1733630,54608,3149.92236328125
2001,73,1,0,0,1447540.5,47735.328125,3297.68505859375
2001,73,3,0,0,286089.5625,6872.67236328125,2402.280029296875
2001,74,0,0,0,1682014,57094,3394.383056640625
2001,74,1,0,0,1415715,49810.90234375,3518.42724609375
2001,74,3,0,0,266299.03125,7283.09765625,2734.93212890625
2001,75,0,0,0,1610892,60252,3740.2880859375
2001,75,1,0,0,1351997.5,52290.75390625,3867.66650390625
2001,75,3,0,0,258894.59375,7961.24658203125,3075.091796875
2001,76,0,0,0,1589103,64767,4075.695556640625
2001,76,1,0,0,1352828.625,56663.8515625,4188.54638671875
2001,76,3,0,0,236274.359375,8103.150390625,3429.55126953125
2001,77,0,0,0,1503097,66922,4452.2744140625
2001,77,1,0,0,1274261.5,58494.10546875,4590.431640625
2001,77,3,0,0,228835.59375,8427.89453125,3682.947509765625
2001,78,0,0,0,1405933,68726,4888.2841796875
2001,78,1,0,0,1197398.75,60275.609375,5033.87939453125
2001,78,3,0,0,208534.328125,8450.390625,4052.278076171875
2001,79,0,0,0,1346388,73010,5422.65673828125
2001,79,1,0,0,1160147.875,64059.9765625,5521.7080078125
2001,79,3,0,0,186240.171875,8950.0234375,4805.63525390625
2001,80,0,0,0,1254832,74602,5945.17822265625
2001,80,1,0,0,1081676,65557.5078125,6060.734375
2001,80,3,0,0,173156.03125,9044.494140625,5223.3203125
2001,81,0,0,0,1154138,74618,6465.2578125
2001,81,1,0,0,1009418,65921.28125,6530.62255859375
2001,81,3,0,0,144720.03125,8696.72265625,6009.3427734375
2001,82,0,0,0,993071,72642,7314.884765625
2001,82,1,0,0,865820,64191.640625,7413.970703125
2001,82,3,0,0,127251.03125,8450.359375,6640.7001953125
2001,83,0,0,0,927192,73768,7956.0654296875
2001,83,1,0,0,806304,64944.859375,8054.63671875
2001,83,3,0,0,120888.0234375,8823.1416015625,7298.60693359375
2001,84,0,0,0,808972,72622,8977.072265625
2001,84,1,0,0,701006.125,64181.1640625,9155.578125
2001,84,3,0,0,107965.828125,8440.8359375,7818.0625
2002,25,0,0,0,3779169,3507,92.79817962646484
2002,25,1,0,0,2782747.75,3180.65771484375,114.2991714477539
2002,25,3,0,0,996421.25,326.3421630859375,32.75142669677734
2002,26,0,0,0,3669915,3587,97.74068450927734
2002,26,1,0,0,2670245,3241.81494140625,121.4051513671875
2002,26,3,0,0,999670,345.1851806640625,34.52991104125977
2002,27,0,0,0,3791713,3486,91.93733978271484
2002,27,1,0,0,2722892.5,3121.3876953125,114.6349945068359
2002,27,3,0,0,1068820.625,364.6121215820313,34.11349868774414
2002,28,0,0,0,3682001,3551,96.44212341308594
2002,28,1,0,0,2639092,3148.27587890625,119.2939071655273
2002,28,3,0,0,1042909.0625,402.7242431640625,38.61547088623047
2002,29,0,0,0,3768542,3828,101.5777435302734
2002,29,1,0,0,2641884,3428.0771484375,129.7588043212891
2002,29,3,0,0,1126658.375,399.9228515625,35.49637222290039
2002,30,0,0,0,3994164,4165,104.2771377563477
2002,30,1,0,0,2807150,3690.36328125,131.4629821777344
2002,30,3,0,0,1187014,474.6365966796875,39.98576354980469
2002,31,0,0,0,4210913,4525,107.4588775634766
2002,31,1,0,0,2894497,3980.28173828125,137.5120391845703
2002,31,3,0,0,1316416.125,544.7181396484375,41.37887191772461
2002,32,0,0,0,4330977,4656,107.5046081542969
2002,32,1,0,0,2979668.5,4093.70166015625,137.3878173828125
2002,32,3,0,0,1351308.375,562.29833984375,41.61140060424805
2002,33,0,0,0,4095531,4938,120.5704498291016
2002,33,1,0,0,2844307.25,4366.060546875,153.5017242431641
2002,33,3,0,0,1251223.75,571.9396362304688,45.71041870117188
2002,34,0,0,0,4026721,5112,126.9519271850586
2002,34,1,0,0,2822001.5,4542.9365234375,160.9827880859375
2002,34,3,0,0,1204719.5,569.0634765625,47.23617935180664
2002,35,0,0,0,4050190,5592,138.0675964355469
2002,35,1,0,0,2874115.5,4917.7587890625,171.1051177978516
2002,35,3,0,0,1176074.625,674.2413330078125,57.32980728149414
2002,36,0,0,0,4168398,6137,147.2268218994141
2002,36,1,0,0,2999176,5453.4287109375,181.8309020996094
2002,36,3,0,0,1169221.75,683.571533203125,58.46380615234375
2002,37,0,0,0,4459389,7051,158.1158294677734
2002,37,1,0,0,3216044.5,6266.798828125,194.8604583740234
2002,37,3,0,0,1243344.375,784.2008666992188,63.07189559936523
2002,38,0,0,0,4538848,7856,173.0835723876953
2002,38,1,0,0,3270648.75,6967.08740234375,213.0185089111328
2002,38,3,0,0,1268199.25,888.9127197265625,70.09251403808594
2002,39,0,0,0,4534393,8711,192.1095123291016
2002,39,1,0,0,3274665.75,7708.798828125,235.4071960449219
2002,39,3,0,0,1259727.25,1002.200927734375,79.55697631835938
2002,40,0,0,0,4551912,9522,209.1868133544922
2002,40,1,0,0,3306397.5,8396.8603515625,253.9579772949219
2002,40,3,0,0,1245514.5,1125.1396484375,90.33533477783203
2002,41,0,0,0,4610846,10318,223.7767181396484
2002,41,1,0,0,3352089.5,9095.1982421875,271.3292236328125
2002,41,3,0,0,1258756.25,1222.80126953125,97.14360809326172
2002,42,0,0,0,4699196,11136,236.9767150878906
2002,42,1,0,0,3460333,9815.4736328125,283.6569213867188
2002,42,3,0,0,1238863.125,1320.52587890625,106.5917510986328
2002,43,0,0,0,4515522,11953,264.7091369628906
2002,43,1,0,0,3305729,10439.05078125,315.7866516113281
2002,43,3,0,0,1209793.125,1513.94921875,125.1411666870117
2002,44,0,0,0,4511955,12864,285.1092224121094
2002,44,1,0,0,3310427.5,11257.228515625,340.0536193847656
2002,44,3,0,0,1201527.75,1606.772216796875,133.7274322509766
2002,45,0,0,0,4461379,13633,305.5781555175781
2002,45,1,0,0,3246731.5,11934.46484375,367.583984375
2002,45,3,0,0,1214647.5,1698.535278320313,139.8377075195313
2002,46,0,0,0,4301101,14378,334.2864990234375
2002,46,1,0,0,3106008,12391.826171875,398.9631042480469
2002,46,3,0,0,1195092.875,1986.173461914063,166.1940612792969
2002,47,0,0,0,4330110,15201,351.0534362792969
2002,47,1,0,0,3107023,12993.5537109375,418.199462890625
2002,47,3,0,0,1223086.75,2207.446533203125,180.4815979003906
2002,48,0,0,0,4143330,16194,390.8450317382813
2002,48,1,0,0,2973362,13800.775390625,464.1471557617188
2002,48,3,0,0,1169967.75,2393.2255859375,204.5548400878906
2002,49,0,0,0,4016368,16659,414.7777404785156
2002,49,1,0,0,2874423,14080.234375,489.8455810546875
2002,49,3,0,0,1141945,2578.764892578125,225.8221588134766
2002,50,0,0,0,3881009,17411,448.6204528808594
2002,50,1,0,0,2721315,14500.0087890625,532.8309326171875
2002,50,3,0,0,1159693.875,2910.9912109375,251.0137634277344
2002,51,0,0,0,3797199,18161,478.2735900878906
2002,51,1,0,0,2603546.75,15107.408203125,580.2626342773438
2002,51,3,0,0,1193652.375,3053.591552734375,255.8191680908203
2002,52,0,0,0,3785188,18955,500.7677307128906
2002,52,1,0,0,2618452.75,15637.6796875,597.210693359375
2002,52,3,0,0,1166735.5,3317.32080078125,284.3250122070313
2002,53,0,0,0,3650409,20211,553.6640014648438
2002,53,1,0,0,2536085.5,16541.7265625,652.2542724609375
2002,53,3,0,0,1114323.5,3669.27392578125,329.2826538085938
2002,54,0,0,0,3626101,21582,595.1847534179688
2002,54,1,0,0,2543734,17734.97265625,697.2023315429688
2002,54,3,0,0,1082367.125,3847.028076171875,355.4272766113281
2002,55,0,0,0,3788111,23706,625.800048828125
2002,55,1,0,0,2654127.5,19410.130859375,731.3187255859375
2002,55,3,0,0,1133983.5,4295.8701171875,378.8300476074219
2002,56,0,0,0,2846712,20472,719.1454467773438
2002,56,1,0,0,2049855.125,16832.328125,821.147216796875
2002,56,3,0,0,796856.9375,3639.6708984375,456.7533569335938
2002,57,0,0,0,2833628,21475,757.8623657226563
2002,57,1,0,0,2070733.25,17941.1796875,866.416748046875
2002,57,3,0,0,762894.6875,3533.8212890625,463.2121887207031
2002,58,0,0,0,2792832,23564,843.7313842773438
2002,58,1,0,0,2067131.875,19835.12890625,959.5482788085938
2002,58,3,0,0,725700.125,3728.87109375,513.8308715820313
2002,59,0,0,0,2881784,26224,909.9918823242188
2002,59,1,0,0,2158750.5,22109.37109375,1024.174438476563
2002,59,3,0,0,723033.5,4114.6279296875,569.0784912109375
2002,60,0,0,0,2540735,25813,1015.965881347656
2002,60,1,0,0,1935085.5,21736.53515625,1123.285522460938
2002,60,3,0,0,605649.5625,4076.46533203125,673.0733032226563
2002,61,0,0,0,2370358,25863,1091.100952148438
2002,61,1,0,0,1820695.875,22029.26171875,1209.936401367188
2002,61,3,0,0,549662.125,3833.736572265625,697.4714965820313
2002,62,0,0,0,2306156,27401,1188.167724609375
2002,62,1,0,0,1794229,23525.28125,1311.163818359375
2002,62,3,0,0,511927.03125,3875.7177734375,757.0840454101563
2002,63,0,0,0,2195850,28551,1300.225463867188
2002,63,1,0,0,1719577.375,24652.78125,1433.653442382813
2002,63,3,0,0,476272.65625,3898.21875,818.4846801757813
2002,64,0,0,0,2147166,30273,1409.904907226563
2002,64,1,0,0,1701641.25,26134.95703125,1535.86767578125
2002,64,3,0,0,445524.75,4138.04296875,928.8020629882813
2002,65,0,0,0,2025379,31152,1538.08251953125
2002,65,1,0,0,1608327.75,26780.7578125,1665.130615234375
2002,65,3,0,0,417051.21875,4371.2412109375,1048.130493164063
2002,66,0,0,0,1986541,32892,1655.742309570313
2002,66,1,0,0,1590689.375,28435.990234375,1787.651977539063
2002,66,3,0,0,395851.625,4456.009765625,1125.6767578125
2002,67,0,0,0,1986526,35781,1801.1845703125
2002,67,1,0,0,1619366,31009.83203125,1914.936645507813
2002,67,3,0,0,367159.90625,4771.1669921875,1299.479248046875
2002,68,0,0,0,1821142,36341,1995.506103515625
2002,68,1,0,0,1480206.625,31456.4609375,2125.139892578125
2002,68,3,0,0,340935.3125,4884.53955078125,1432.688110351563
2002,69,0,0,0,1818893,39425,2167.527099609375
2002,69,1,0,0,1478301,34082.01171875,2305.4853515625
2002,69,3,0,0,340592,5342.98779296875,1568.735595703125
2002,70,0,0,0,1792760,42908,2393.404541015625
2002,70,1,0,0,1455828.125,37045.8125,2544.65576171875
2002,70,3,0,0,336931.8125,5862.1865234375,1739.873291015625
2002,71,0,0,0,1782107,46022,2582.44873046875
2002,71,1,0,0,1459754.125,39712.88671875,2720.518798828125
2002,71,3,0,0,322352.90625,6309.11328125,1957.206909179688
2002,72,0,0,0,1797946,49512,2753.80908203125
2002,72,1,0,0,1477947.75,42914.37890625,2903.646484375
2002,72,3,0,0,319998.3125,6597.62109375,2061.767578125
2002,73,0,0,0,1697450,52427,3088.573974609375
2002,73,1,0,0,1406870.125,45437.015625,3229.65234375
2002,73,3,0,0,290579.9375,6989.982421875,2405.5283203125
2002,74,0,0,0,1679791,56530,3365.299560546875
2002,74,1,0,0,1387946.75,49170.6328125,3542.688720703125
2002,74,3,0,0,291844.3125,7359.36865234375,2521.67626953125
2002,75,0,0,0,1620812,60029,3703.637451171875
2002,75,1,0,0,1354913,52134.26953125,3847.794677734375
2002,75,3,0,0,265898.96875,7894.73046875,2969.071533203125
2002,76,0,0,0,1554475,62645,4029.97802734375
2002,76,1,0,0,1305656.75,54368.7890625,4164.09521484375
2002,76,3,0,0,248818.28125,8276.208984375,3326.2060546875
2002,77,0,0,0,1522890,66983,4398.41357421875
2002,77,1,0,0,1294358.375,58222.72265625,4498.19189453125
2002,77,3,0,0,228531.6875,8760.2783203125,3833.288330078125
2002,78,0,0,0,1436185,69209,4818.947265625
2002,78,1,0,0,1232861,60432.921875,4901.84375
2002,78,3,0,0,203324.078125,8776.076171875,4316.29931640625
2002,79,0,0,0,1336099,71274,5334.48486328125
2002,79,1,0,0,1143378.5,62363.34375,5454.30419921875
2002,79,3,0,0,192720.515625,8910.6572265625,4623.6162109375
2002,80,0,0,0,1269310,75456,5944.64697265625
2002,80,1,0,0,1086618.875,66270.765625,6098.80517578125
2002,80,3,0,0,182691.125,9185.23046875,5027.73779296875
2002,81,0,0,0,1180698,76729,6498.61376953125
2002,81,1,0,0,1005793.75,67127.046875,6674.037109375
2002,81,3,0,0,174904.28125,9601.9541015625,5489.83349609375
2002,82,0,0,0,1075053,76857,7149.1357421875
2002,82,1,0,0,919609.5625,67619.3203125,7353.046875
2002,82,3,0,0,155443.46875,9237.6796875,5942.79052734375
2002,83,0,0,0,919945,73680,8009.17431640625
2002,83,1,0,0,802351.25,64878.30859375,8086.0234375
2002,83,3,0,0,117593.6875,8801.6904296875,7484.83251953125
2002,84,0,0,0,849397,74792,8805.3056640625
2002,84,1,0,0,736759.625,65880.203125,8941.8857421875
2002,84,3,0,0,112637.390625,8911.802734375,7911.93994140625
2003,25,0,0,0,3842468,3615,94.08016204833984
2003,25,1,0,0,2828044,3279.0556640625,115.9478302001953
2003,25,3,0,0,1014423.9375,335.9442138671875,33.11674880981445
2003,26,0,0,0,3771710,3676,97.46242523193359
2003,26,1,0,0,2769069.5,3334.4716796875,120.4184875488281
2003,26,3,0,0,1002640.375,341.5281372070313,34.06287384033203
2003,27,0,0,0,3688646,3604,97.70523071289063
2003,27,1,0,0,2643808,3223.426025390625,121.9236068725586
2003,27,3,0,0,1044837.75,380.573974609375,36.42421722412109
2003,28,0,0,0,3794838,3576,94.23326873779297
2003,28,1,0,0,2676838,3174.4873046875,118.590934753418
2003,28,3,0,0,1118000.125,401.5126647949219,35.91347122192383
2003,29,0,0,0,3673923,3779,102.8600769042969
2003,29,1,0,0,2593194.25,3389.478759765625,130.7067108154297
2003,29,3,0,0,1080728.5,389.5212707519531,36.04247283935547
2003,30,0,0,0,3813536,3906,102.4246292114258
2003,30,1,0,0,2646324.5,3493.5693359375,132.0159149169922
2003,30,3,0,0,1167211.5,412.4306030273438,35.33469390869141
2003,31,0,0,0,3973726,4256,107.1035079956055
2003,31,1,0,0,2701233.5,3767.650146484375,139.4788818359375
2003,31,3,0,0,1272492.5,488.349853515625,38.37742614746094
2003,32,0,0,0,4245067,4719,111.1643218994141
2003,32,1,0,0,2912465,4105.52197265625,140.9638214111328
2003,32,3,0,0,1332602,613.4778442382813,46.03609085083008
2003,33,0,0,0,4337299,5063,116.7316360473633
2003,33,1,0,0,2979411.5,4447.16357421875,149.2631530761719
2003,33,3,0,0,1357887.125,615.8365478515625,45.35255813598633
2003,34,0,0,0,4102582,5106,124.4582061767578
2003,34,1,0,0,2830074,4501.12353515625,159.046142578125
2003,34,3,0,0,1272507.875,604.8763427734375,47.5341911315918
2003,35,0,0,0,4042650,5537,136.9646148681641
2003,35,1,0,0,2806215.5,4887.00244140625,174.1492156982422
2003,35,3,0,0,1236434.5,649.9974365234375,52.57030868530273
2003,36,0,0,0,4051962,5952,146.8917999267578
2003,36,1,0,0,2829651.5,5193.8056640625,183.5493011474609
2003,36,3,0,0,1222310.5,758.1946411132813,62.02962493896484
2003,37,0,0,0,4165007,6639,159.3994903564453
2003,37,1,0,0,2932209,5876.298828125,200.4051818847656
2003,37,3,0,0,1232797.875,762.7012939453125,61.86750411987305
2003,38,0,0,0,4462051,7503,168.1513671875
2003,38,1,0,0,3221899.5,6649.72265625,206.3913726806641
2003,38,3,0,0,1240151.5,853.277099609375,68.80426025390625
2003,39,0,0,0,4542489,8424,185.4489898681641
2003,39,1,0,0,3239108.5,7485.4326171875,231.095458984375
2003,39,3,0,0,1303380.75,938.5674438476563,72.01023101806641
2003,40,0,0,0,4529389,9212,203.3828430175781
2003,40,1,0,0,3261709,8145.77783203125,249.7395629882813
2003,40,3,0,0,1267680,1066.22216796875,84.10814666748047
2003,41,0,0,0,4556844,10161,222.9832763671875
2003,41,1,0,0,3300712.5,8986.3427734375,272.254638671875
2003,41,3,0,0,1256131.625,1174.657470703125,93.51388549804688
2003,42,0,0,0,4606465,11110,241.1827697753906
2003,42,1,0,0,3345115,9822.7275390625,293.6439514160156
2003,42,3,0,0,1261350.25,1287.2724609375,102.0551147460938
2003,43,0,0,0,4699388,12029,255.9694976806641
2003,43,1,0,0,3427605,10544.7900390625,307.6430969238281
2003,43,3,0,0,1271783,1484.2099609375,116.7030792236328
2003,44,0,0,0,4497961,12894,286.6632385253906
2003,44,1,0,0,3242580.5,11370.953125,350.6760559082031
2003,44,3,0,0,1255380.5,1523.04736328125,121.3215713500977
2003,45,0,0,0,4499971,13673,303.8464050292969
2003,45,1,0,0,3286762,12060.833984375,366.9518432617188
2003,45,3,0,0,1213209.25,1612.166259765625,132.8844299316406
2003,46,0,0,0,4462427,14973,335.534912109375
2003,46,1,0,0,3233615.25,13025.0390625,402.8011474609375
2003,46,3,0,0,1228811.75,1947.9609375,158.5239562988281
2003,47,0,0,0,4300483,15596,362.6569519042969
2003,47,1,0,0,3116753.25,13537.861328125,434.3578186035156
2003,47,3,0,0,1183729.75,2058.1376953125,173.8688812255859
2003,48,0,0,0,4317939,16579,383.9563293457031
2003,48,1,0,0,3102229,14313.7607421875,461.4024658203125
2003,48,3,0,0,1215710.25,2265.2392578125,186.3305206298828
2003,49,0,0,0,4141856,17352,418.942626953125
2003,49,1,0,0,2919077.75,14779.703125,506.3141174316406
2003,49,3,0,0,1222778.125,2572.297119140625,210.364990234375
2003,50,0,0,0,3998812,18055,451.5090942382813
2003,50,1,0,0,2795577.5,15254.255859375,545.6566772460938
2003,50,3,0,0,1203234.625,2800.74462890625,232.7679595947266
2003,51,0,0,0,3886144,18846,484.9537353515625
2003,51,1,0,0,2706342,15812.396484375,584.2719116210938
2003,51,3,0,0,1179802.125,3033.603515625,257.128173828125
2003,52,0,0,0,3782009,19506,515.7576293945313
2003,52,1,0,0,2632780.75,16252.26171875,617.3040161132813
2003,52,3,0,0,1149228.25,3253.738037109375,283.1237487792969
2003,53,0,0,0,3783390,20241,534.9963989257813
2003,53,1,0,0,2619850.5,16864.08203125,643.7039794921875
2003,53,3,0,0,1163539.25,3376.9189453125,290.2281799316406
2003,54,0,0,0,3646923,21960,602.1514282226563
2003,54,1,0,0,2540290.75,18041.984375,710.2330322265625
2003,54,3,0,0,1106632.25,3918.015625,354.0485534667969
2003,55,0,0,0,3601691,23261,645.8355102539063
2003,55,1,0,0,2509687,19199.4921875,765.015380859375
2003,55,3,0,0,1092004,4061.5087890625,371.9316711425781
2003,56,0,0,0,3785668,25373,670.2384033203125
2003,56,1,0,0,2622243.5,20642.208984375,787.1964721679688
2003,56,3,0,0,1163424.5,4730.791015625,406.6263732910156
2003,57,0,0,0,2831596,21829,770.9080200195313
2003,57,1,0,0,2027604.5,18125.3984375,893.931640625
2003,57,3,0,0,803991.5,3703.600830078125,460.6517333984375
2003,58,0,0,0,2821608,23316,826.3373413085938
2003,58,1,0,0,2040786.25,19581.521484375,959.5086669921875
2003,58,3,0,0,780821.6875,3734.4775390625,478.2753295898438
2003,59,0,0,0,2773994,25560,921.4151000976563
2003,59,1,0,0,2050412.5,21574.08203125,1052.182495117188
2003,59,3,0,0,723581.375,3985.91943359375,550.85986328125
2003,60,0,0,0,2849408,28145,987.7490234375
2003,60,1,0,0,2135852.25,23801.67578125,1114.3876953125
2003,60,3,0,0,713555.8125,4343.32275390625,608.6871948242188
2003,61,0,0,0,2534959,27509,1085.185180664063
2003,61,1,0,0,1914950.75,23382.7578125,1221.063110351563
2003,61,3,0,0,620008.25,4126.2412109375,665.513916015625
2003,62,0,0,0,2352131,28126,1195.766723632813
2003,62,1,0,0,1797950.125,24172.1015625,1344.425537109375
2003,62,3,0,0,554180.9375,3953.8984375,713.467041015625
2003,63,0,0,0,2289143,28881,1261.651245117188
2003,63,1,0,0,1793787.25,24930.34765625,1389.816284179688
2003,63,3,0,0,495355.84375,3950.65185546875,797.5381469726563
2003,64,0,0,0,2168747,30519,1407.218139648438
2003,64,1,0,0,1697433,26294.7421875,1549.088623046875
2003,64,3,0,0,471314.125,4224.2587890625,896.2724609375
2003,65,0,0,0,2125962,31760,1493.911987304688
2003,65,1,0,0,1684536,27503,1632.675170898438
2003,65,3,0,0,441426.0625,4257,964.3743896484375
2003,66,0,0,0,1999916,32535,1626.818359375
2003,66,1,0,0,1580232.125,28266.419921875,1788.751098632813
2003,66,3,0,0,419683.875,4268.580078125,1017.094116210938
2003,67,0,0,0,1961151,35034,1786.39990234375
2003,67,1,0,0,1570875.5,30276.31640625,1927.35302734375
2003,67,3,0,0,390275.3125,4757.68310546875,1219.058227539063
2003,68,0,0,0,1955990,37184,1901.0322265625
2003,68,1,0,0,1567449.75,32386.900390625,2066.216064453125
2003,68,3,0,0,388540.3125,4797.0986328125,1234.646362304688
2003,69,0,0,0,1787777,38304,2142.549072265625
2003,69,1,0,0,1427924.5,33254.5390625,2328.872314453125
2003,69,3,0,0,359852.5,5049.45849609375,1403.202270507813
2003,70,0,0,0,1777336,41374,2327.865966796875
2003,70,1,0,0,1438147.5,35864.390625,2493.790771484375
2003,70,3,0,0,339188.53125,5509.60693359375,1624.349365234375
2003,71,0,0,0,1760292,43803,2488.39404296875
2003,71,1,0,0,1430551,37745.0859375,2638.499755859375
2003,71,3,0,0,329741,6057.9130859375,1837.173095703125
2003,72,0,0,0,1736351,47962,2762.2294921875
2003,72,1,0,0,1421725.25,41510.2734375,2919.71142578125
2003,72,3,0,0,314625.65625,6451.7255859375,2050.603759765625
2003,73,0,0,0,1751589,51700,2951.605712890625
2003,73,1,0,0,1436525.125,45012.546875,3133.4326171875
2003,73,3,0,0,315063.9375,6687.455078125,2122.57080078125
2003,74,0,0,0,1644551,53841,3273.90283203125
2003,74,1,0,0,1342843.25,46807,3485.663818359375
2003,74,3,0,0,301707.71875,7033.9990234375,2331.39501953125
2003,75,0,0,0,1617308,58764,3633.4453125
2003,75,1,0,0,1345490,51146.8828125,3801.357421875
2003,75,3,0,0,271817.96875,7617.1171875,2802.2861328125
2003,76,0,0,0,1567629,61925,3950.233154296875
2003,76,1,0,0,1294537.75,53817.8984375,4157.30615234375
2003,76,3,0,0,273091.25,8107.09912109375,2968.64111328125
2003,77,0,0,0,1489790,64656,4339.9404296875
2003,77,1,0,0,1248023.125,56220.4296875,4504.7587890625
2003,77,3,0,0,241767,8435.572265625,3489.133056640625
2003,78,0,0,0,1456995,68459,4698.6435546875
2003,78,1,0,0,1223331.25,59666.296875,4877.3623046875
2003,78,3,0,0,233663.796875,8792.701171875,3762.97119140625
2003,79,0,0,0,1366120,71381,5225.08984375
2003,79,1,0,0,1152971.25,62401.4375,5412.228515625
2003,79,3,0,0,213148.71875,8979.5615234375,4212.81494140625
2003,80,0,0,0,1259724,73082,5801.4296875
2003,80,1,0,0,1068802.75,64095.375,5996.93212890625
2003,80,3,0,0,190921.28125,8986.623046875,4706.97802734375
2003,81,0,0,0,1196760,76366,6381.06201171875
2003,81,1,0,0,1026584.1875,66918.125,6518.52294921875
2003,81,3,0,0,170175.75,9447.87890625,5551.83642578125
2003,82,0,0,0,1100969,77613,7049.51708984375
2003,82,1,0,0,950422.375,67983.859375,7153.015625
2003,82,3,0,0,150546.5625,9629.142578125,6396.12255859375
2003,83,0,0,0,997727,77263,7743.90185546875
2003,83,1,0,0,864118.125,68053.265625,7875.45849609375
2003,83,3,0,0,133608.859375,9209.736328125,6893.05810546875
2003,84,0,0,0,843416,73515,8716.3388671875
2003,84,1,0,0,724116.25,64774.22265625,8945.279296875
2003,84,3,0,0,119299.78125,8740.775390625,7326.73193359375
2004,25,0,0,0,3981519,3856,96.84745788574219
2004,25,1,0,0,2907727.5,3510.975830078125,120.7463836669922
2004,25,3,0,0,1073791.5,345.0241088867188,32.13138580322266
2004,26,0,0,0,3838225,3783,98.56118011474609
2004,26,1,0,0,2744557.25,3435.8232421875,125.1867980957031
2004,26,3,0,0,1093667.875,347.1768188476563,31.74426460266113
2004,27,0,0,0,3801676,3783,99.50874328613281
2004,27,1,0,0,2714099,3405.544921875,125.47607421875
2004,27,3,0,0,1087577.125,377.4550170898438,34.70604705810547
2004,28,0,0,0,3697495,3551,96.03799438476563
2004,28,1,0,0,2634419.5,3187.55908203125,120.9966430664063
2004,28,3,0,0,1063075.5,363.4409790039063,34.18769073486328
2004,29,0,0,0,3788140,3798,100.2602844238281
2004,29,1,0,0,2607024.75,3379.42919921875,129.6278076171875
2004,29,3,0,0,1181115.25,418.5708618164063,35.43861389160156
2004,30,0,0,0,3737940,3592,96.09571075439453
2004,30,1,0,0,2543923,3196.01513671875,125.6333312988281
2004,30,3,0,0,1194016.875,395.9847717285156,33.16408538818359
2004,31,0,0,0,3790984,3980,104.9859313964844
2004,31,1,0,0,2590078,3535.287109375,136.4934539794922
2004,31,3,0,0,1200905.75,444.7129516601563,37.03145980834961
2004,32,0,0,0,4023788,4515,112.2077026367188
2004,32,1,0,0,2761443,3999.068359375,144.8180694580078
2004,32,3,0,0,1262345.25,515.9315795898438,40.87087631225586
2004,33,0,0,0,4257394,4800,112.7450256347656
2004,33,1,0,0,2890388,4224.705078125,146.1639404296875
2004,33,3,0,0,1367006.25,575.294677734375,42.08427429199219
2004,34,0,0,0,4349395,5210,119.7867736816406
2004,34,1,0,0,2983143,4595.447265625,154.0471649169922
2004,34,3,0,0,1366252.25,614.552734375,44.98091125488281
2004,35,0,0,0,4127056,5495,133.145751953125
2004,35,1,0,0,2847276,4831.9482421875,169.7042388916016
2004,35,3,0,0,1279780.125,663.0520629882813,51.80984115600586
2004,36,0,0,0,4048580,5606,138.4683074951172
2004,36,1,0,0,2821996,4982.69482421875,176.5663299560547
2004,36,3,0,0,1226583.875,623.3049926757813,50.81633758544922
2004,37,0,0,0,4051890,6220,153.5086059570313
2004,37,1,0,0,2817752.75,5523.3212890625,196.0186614990234
2004,37,3,0,0,1234137.25,696.678955078125,56.45068740844727
2004,38,0,0,0,4174027,6831,163.6549072265625
2004,38,1,0,0,2969860.5,6047.9306640625,203.6436004638672
2004,38,3,0,0,1204166.25,783.0696411132813,65.030029296875
2004,39,0,0,0,4473096,7792,174.197021484375
2004,39,1,0,0,3200844,6911.3037109375,215.9212951660156
2004,39,3,0,0,1272252.25,880.69677734375,69.22344207763672
2004,40,0,0,0,4540929,8867,195.2684173583984
2004,40,1,0,0,3228252,7853.38134765625,243.2704010009766
2004,40,3,0,0,1312676.75,1013.618408203125,77.21767425537109
2004,41,0,0,0,4540376,9654,212.6255645751953
2004,41,1,0,0,3261804.25,8569.50390625,262.7228088378906
2004,41,3,0,0,1278571.625,1084.496337890625,84.82093048095703
2004,42,0,0,0,4555019,10741,235.8058166503906
2004,42,1,0,0,3304877.5,9523.724609375,288.1717834472656
2004,42,3,0,0,1250141.75,1217.27587890625,97.37102508544922
2004,43,0,0,0,4610120,11709,253.9847106933594
2004,43,1,0,0,3310873,10329.111328125,311.9754638671875
2004,43,3,0,0,1299246.875,1379.889038085938,106.2068405151367
2004,44,0,0,0,4679182,12447,266.0080261230469
2004,44,1,0,0,3371110.5,10971.611328125,325.4598693847656
2004,44,3,0,0,1308071.5,1475.389038085938,112.7911605834961
2004,45,0,0,0,4486566,13605,303.2385864257813
2004,45,1,0,0,3245153.25,11960.2373046875,368.5569458007813
2004,45,3,0,0,1241412.625,1644.762451171875,132.4911956787109
2004,46,0,0,0,4506067,14805,328.5570373535156
2004,46,1,0,0,3258470,12933.005859375,396.9042358398438
2004,46,3,0,0,1247597.125,1871.9931640625,150.0478973388672
2004,47,0,0,0,4465196,15809,354.0494079589844
2004,47,1,0,0,3225518,13797.369140625,427.7566833496094
2004,47,3,0,0,1239677.75,2011.630615234375,162.2704467773438
2004,48,0,0,0,4287486,16368,381.7621765136719
2004,48,1,0,0,3076849,14230.365234375,462.4980163574219
2004,48,3,0,0,1210637.25,2137.63427734375,176.5709991455078
2004,49,0,0,0,4319947,17340,401.393798828125
2004,49,1,0,0,3061298.5,15011.291015625,490.3569946289063
2004,49,3,0,0,1258648.25,2328.709228515625,185.0166778564453
2004,50,0,0,0,4121104,18365,445.6330261230469
2004,50,1,0,0,2919371.75,15769.83984375,540.1792602539063
2004,50,3,0,0,1201732.25,2595.1611328125,215.9516906738281
2004,51,0,0,0,4010062,19112,476.6011047363281
2004,51,1,0,0,2780838,16218.75,583.2324829101563
2004,51,3,0,0,1229224,2893.24951171875,235.3720397949219
2004,52,0,0,0,3868188,19968,516.210693359375
2004,52,1,0,0,2701210.25,16782.791015625,621.3063354492188
2004,52,3,0,0,1166977.75,3185.208984375,272.9451293945313
2004,53,0,0,0,3782872,20651,545.907958984375
2004,53,1,0,0,2611808.25,17271.90234375,661.300537109375
2004,53,3,0,0,1171063.75,3379.09814453125,288.5494689941406
2004,54,0,0,0,3782442,21674,573.0160522460938
2004,54,1,0,0,2593492.5,17946.646484375,691.9876098632813
2004,54,3,0,0,1188949.25,3727.353515625,313.4997863769531
2004,55,0,0,0,3618001,22772,629.4083251953125
2004,55,1,0,0,2499686.5,18851.822265625,754.16748046875
2004,55,3,0,0,1118314.625,3920.17822265625,350.5433959960938
2004,56,0,0,0,3603856,24262,673.2233276367188
2004,56,1,0,0,2484971,20065.51171875,807.4746704101563
2004,56,3,0,0,1118885,4196.4873046875,375.0597534179688
2004,57,0,0,0,3763702,26838,713.0745239257813
2004,57,1,0,0,2621869.5,22082.62890625,842.2474365234375
2004,57,3,0,0,1141832.5,4755.37158203125,416.4684143066406
2004,58,0,0,0,2819754,23093,818.97216796875
2004,58,1,0,0,2002899,19308.9453125,964.0498657226563
2004,58,3,0,0,816855.125,3784.0546875,463.2467346191406
2004,59,0,0,0,2801863,24198,863.6396484375
2004,59,1,0,0,2039847.5,20432.6875,1001.677185058594
2004,59,3,0,0,762015.4375,3765.310546875,494.125244140625
2004,60,0,0,0,2739059,26363,962.4838256835938
2004,60,1,0,0,2016538.75,22376.318359375,1109.639892578125
2004,60,3,0,0,722520.3125,3986.681640625,551.7743530273438
2004,61,0,0,0,2848602,29422,1032.857543945313
2004,61,1,0,0,2119233,24958.00390625,1177.6904296875
2004,61,3,0,0,729369,4463.99609375,612.0353393554688
2004,62,0,0,0,2515357,28754,1143.137939453125
2004,62,1,0,0,1896388.875,24506.384765625,1292.265747070313
2004,62,3,0,0,618968,4247.615234375,686.2415161132813
2004,63,0,0,0,2335553,28976,1240.648315429688
2004,63,1,0,0,1767549.25,24827.958984375,1404.654418945313
2004,63,3,0,0,568003.8125,4148.04150390625,730.2841186523438
2004,64,0,0,0,2259557,30019,1328.534790039063
2004,64,1,0,0,1752288.25,25898.0078125,1477.95361328125
2004,64,3,0,0,507268.8125,4120.9931640625,812.388427734375
2004,65,0,0,0,2148431,31294,1456.597900390625
2004,65,1,0,0,1680721.25,27128.62109375,1614.10595703125
2004,65,3,0,0,467709.625,4165.37890625,890.5908203125
2004,66,0,0,0,2098650,32894,1567.388549804688
2004,66,1,0,0,1653802.5,28451.44921875,1720.365600585938
2004,66,3,0,0,444847.53125,4442.5517578125,998.6683959960938
2004,67,0,0,0,1975087,34033,1723.114013671875
2004,67,1,0,0,1563318.25,29451.365234375,1883.900756835938
2004,67,3,0,0,411768.75,4581.6357421875,1112.671997070313
2004,68,0,0,0,1930847,35789,1853.538940429688
2004,68,1,0,0,1528846.75,31024.3984375,2029.26806640625
2004,68,3,0,0,402000.1875,4764.6025390625,1185.223999023438
2004,69,0,0,0,1920414,37974,1977.386108398438
2004,69,1,0,0,1547347,32961.78515625,2130.212890625
2004,69,3,0,0,373067,5012.21484375,1343.515991210938
2004,70,0,0,0,1744903,39344,2254.7958984375
2004,70,1,0,0,1414326,33976.94921875,2402.342041015625
2004,70,3,0,0,330577.125,5367.05029296875,1623.53955078125
2004,71,0,0,0,1747347,41942,2400.32470703125
2004,71,1,0,0,1406284.75,36218.859375,2575.499755859375
2004,71,3,0,0,341062.40625,5723.14208984375,1678.03369140625
2004,72,0,0,0,1713793,45322,2644.54345703125
2004,72,1,0,0,1381459.625,39012.3671875,2823.99609375
2004,72,3,0,0,332333.3125,6309.634765625,1898.586303710938
2004,73,0,0,0,1691931,48520,2867.729248046875
2004,73,1,0,0,1378400,41856.6328125,3036.610107421875
2004,73,3,0,0,313531,6663.3671875,2125.265869140625
2004,74,0,0,0,1696130,52554,3098.46533203125
2004,74,1,0,0,1372295,45523.2109375,3317.304931640625
2004,74,3,0,0,323834.90625,7030.78857421875,2171.102783203125
2004,75,0,0,0,1581121,55089,3484.173583984375
2004,75,1,0,0,1310552,47713.15234375,3640.691162109375
2004,75,3,0,0,270569.0625,7375.84765625,2726.0498046875
2004,76,0,0,0,1566753,59134,3774.302734375
2004,76,1,0,0,1292609.875,51274.984375,3966.779541015625
2004,76,3,0,0,274143.1875,7859.0166015625,2866.756103515625
2004,77,0,0,0,1501866,62377,4153.2998046875
2004,77,1,0,0,1242361.75,54121.203125,4356.31591796875
2004,77,3,0,0,259504.3125,8255.796875,3181.371826171875
2004,78,0,0,0,1425682,65378,4585.7353515625
2004,78,1,0,0,1192882,56662.015625,4750.01025390625
2004,78,3,0,0,232799.984375,8715.984375,3743.979736328125
2004,79,0,0,0,1385977,68768,4961.69873046875
2004,79,1,0,0,1176705.875,59810.515625,5082.87744140625
2004,79,3,0,0,209271.171875,8957.486328125,4280.3251953125
2004,80,0,0,0,1286733,71315,5542.3310546875
2004,80,1,0,0,1081078.25,62134.03515625,5747.4130859375
2004,80,3,0,0,205654.71875,9180.962890625,4464.2607421875
2004,81,0,0,0,1189534,72786,6118.86669921875
2004,81,1,0,0,1008476.125,63543.640625,6300.95654296875
2004,81,3,0,0,181057.90625,9242.361328125,5104.64404296875
2004,82,0,0,0,1115106,76388,6850.29052734375
2004,82,1,0,0,944424.875,66740.609375,7066.79931640625
2004,82,3,0,0,170681.140625,9647.388671875,5652.28759765625
2004,83,0,0,0,1023151,77067,7532.3193359375
2004,83,1,0,0,869478.625,67459,7758.5576171875
2004,83,3,0,0,153672.375,9608.0009765625,6252.26318359375
2004,84,0,0,0,913980,75928,8307.40234375
2004,84,1,0,0,782709.3125,66524.1796875,8499.21875
2004,84,3,0,0,131270.71875,9403.8193359375,7163.68408203125
2005,25,0,0,0,4206096,4119,97.92929077148438
2005,25,1,0,0,3112566.25,3765.09619140625,120.9643707275391
2005,25,3,0,0,1093529.625,353.9036865234375,32.36343002319336
2005,26,0,0,0,3966722,4006,100.9901885986328
2005,26,1,0,0,2876862,3666.004150390625,127.4306564331055
2005,26,3,0,0,1089860,339.9958190917969,31.1962833404541
2005,27,0,0,0,3870040,3896,100.6707916259766
2005,27,1,0,0,2792823.75,3534.60595703125,126.5602951049805
2005,27,3,0,0,1077216.125,361.3942260742188,33.54890441894531
2005,28,0,0,0,3805526,3860,101.4314422607422
2005,28,1,0,0,2713448.75,3464.86767578125,127.6923904418945
2005,28,3,0,0,1092077.25,395.1324462890625,36.18173217773438
2005,29,0,0,0,3686326,3687,100.0182800292969
2005,29,1,0,0,2577873.5,3309.793701171875,128.3923950195313
2005,29,3,0,0,1108452.25,377.2063598632813,34.03000640869141
2005,30,0,0,0,3866581,3940,101.898811340332
2005,30,1,0,0,2636584.5,3534.2880859375,134.0479736328125
2005,30,3,0,0,1229996.75,405.7119140625,32.98479461669922
2005,31,0,0,0,3705594,4064,109.6720275878906
2005,31,1,0,0,2504464,3600.3896484375,143.7588958740234
2005,31,3,0,0,1201129.875,463.6105651855469,38.59786987304688
2005,32,0,0,0,3848038,4444,115.4874267578125
2005,32,1,0,0,2642091,3933.82568359375,148.890625
2005,32,3,0,0,1205946.875,510.1745300292969,42.30489349365234
2005,33,0,0,0,4035045,4679,115.9590530395508
2005,33,1,0,0,2771192.25,4148.70849609375,149.7084350585938
2005,33,3,0,0,1263852.75,530.29150390625,41.95832824707031
2005,34,0,0,0,4268679,5230,122.5203399658203
2005,34,1,0,0,2925863.5,4561.2939453125,155.8956451416016
2005,34,3,0,0,1342815.5,668.7062377929688,49.7988166809082
2005,35,0,0,0,4377057,5501,125.6780548095703
2005,35,1,0,0,2989860,4810.1064453125,160.8806610107422
2005,35,3,0,0,1387196.875,690.8934326171875,49.80500030517578
2005,36,0,0,0,4130501,5646,136.6904449462891
2005,36,1,0,0,2807208.25,4959.306640625,176.6632995605469
2005,36,3,0,0,1323293,686.693359375,51.89276885986328
2005,37,0,0,0,4044933,6092,150.6081848144531
2005,37,1,0,0,2781974.75,5380.51513671875,193.4063262939453
2005,37,3,0,0,1262958.125,711.4849853515625,56.33480453491211
2005,38,0,0,0,4060608,6630,163.2760467529297
2005,38,1,0,0,2855890.5,5817.60498046875,203.7054595947266
2005,38,3,0,0,1204717.375,812.3948974609375,67.43447875976563
2005,39,0,0,0,4185554,7551,180.4062194824219
2005,39,1,0,0,2936989,6669.376953125,227.0821228027344
2005,39,3,0,0,1248565,881.6233520507813,70.61093139648438
2005,40,0,0,0,4470383,8594,192.2430419921875
2005,40,1,0,0,3194988.25,7565.69580078125,236.7988586425781
2005,40,3,0,0,1275394.75,1028.303955078125,80.62632751464844
2005,41,0,0,0,4553968,9554,209.7950592041016
2005,41,1,0,0,3234456.5,8460.8291015625,261.5842590332031
2005,41,3,0,0,1319511.5,1093.170776367188,82.84662628173828
2005,42,0,0,0,4537278,10773,237.43310546875
2005,42,1,0,0,3254624.5,9550.5986328125,293.447021484375
2005,42,3,0,0,1282653.25,1222.401489257813,95.30256652832031
2005,43,0,0,0,4559728,11676,256.0679016113281
2005,43,1,0,0,3288631.5,10376.14453125,315.5155639648438
2005,43,3,0,0,1271096.75,1299.855224609375,102.2624893188477
2005,44,0,0,0,4585528,12768,278.4412231445313
2005,44,1,0,0,3298278.5,11319.2978515625,343.1880493164063
2005,44,3,0,0,1287249.5,1448.702392578125,112.5424728393555
2005,45,0,0,0,4666734,13782,295.3243103027344
2005,45,1,0,0,3398984.25,12145.48046875,357.3267517089844
2005,45,3,0,0,1267749.75,1636.52001953125,129.0885772705078
2005,46,0,0,0,4496805,14714,327.2100830078125
2005,46,1,0,0,3278490,12942.3515625,394.765625
2005,46,3,0,0,1218315,1771.6484375,145.4179229736328
2005,47,0,0,0,4511695,15779,349.7355346679688
2005,47,1,0,0,3259869.5,13812.623046875,423.717041015625
2005,47,3,0,0,1251825.625,1966.377807617188,157.080810546875
2005,48,0,0,0,4449860,16969,381.3378295898438
2005,48,1,0,0,3212680,14807.115234375,460.8960571289063
2005,48,3,0,0,1237179.75,2161.884521484375,174.7429656982422
2005,49,0,0,0,4292077,18139,422.6159057617188
2005,49,1,0,0,3097893.5,15751.525390625,508.459228515625
2005,49,3,0,0,1194183.5,2387.474609375,199.9252777099609
2005,50,0,0,0,4295348,19183,446.5994262695313
2005,50,1,0,0,3065320.5,16507.173828125,538.5137939453125
2005,50,3,0,0,1230027.75,2675.826171875,217.5419311523438
2005,51,0,0,0,4138594,19926,481.4678649902344
2005,51,1,0,0,2954108.25,17038.705078125,576.7799682617188
2005,51,3,0,0,1184485.5,2887.295166015625,243.7594299316406
2005,52,0,0,0,3989065,21181,530.9765625
2005,52,1,0,0,2798814.5,17982.728515625,642.5123291015625
2005,52,3,0,0,1190250.5,3198.27197265625,268.7057800292969
2005,53,0,0,0,3871906,21619,558.35546875
2005,53,1,0,0,2688084,18263.052734375,679.4078369140625
2005,53,3,0,0,1183822.125,3355.9462890625,283.4840087890625
2005,54,0,0,0,3783820,22238,587.7129516601563
2005,54,1,0,0,2612889,18539.82421875,709.5526733398438
2005,54,3,0,0,1170931,3698.175537109375,315.8320617675781
2005,55,0,0,0,3748247,23400,624.2918090820313
2005,55,1,0,0,2580025.75,19461.61328125,754.3185424804688
2005,55,3,0,0,1168221,3938.387451171875,337.1269226074219
2005,56,0,0,0,3625240,24329,671.1004028320313
2005,56,1,0,0,2502707,20051.58203125,801.1957397460938
2005,56,3,0,0,1122532.75,4277.4189453125,381.0506896972656
2005,57,0,0,0,3582008,26278,733.61083984375
2005,57,1,0,0,2468493,21687.099609375,878.5562744140625
2005,57,3,0,0,1113514.75,4590.90087890625,412.2891845703125
2005,58,0,0,0,3748661,28623,763.5526123046875
2005,58,1,0,0,2602451.75,23591.791015625,906.521728515625
2005,58,3,0,0,1146209.25,5031.20947265625,438.943359375
2005,59,0,0,0,2799064,24848,887.725341796875
2005,59,1,0,0,1986111.875,20765.0546875,1045.512817382813
2005,59,3,0,0,812952.25,4082.9453125,502.2367858886719
2005,60,0,0,0,2763609,26050,942.6080322265625
2005,60,1,0,0,1988572.75,21893.890625,1100.985107421875
2005,60,3,0,0,775036.375,4156.1103515625,536.2471313476563
2005,61,0,0,0,2745139,28086,1023.117614746094
2005,61,1,0,0,2020839.625,23681.671875,1171.872924804688
2005,61,3,0,0,724299.25,4404.32861328125,608.0813598632813
2005,62,0,0,0,2827064,31895,1128.202270507813
2005,62,1,0,0,2099235,27002.91015625,1286.321411132813
2005,62,3,0,0,727829.0625,4892.08837890625,672.1480102539063
2005,63,0,0,0,2498812,30880,1235.787231445313
2005,63,1,0,0,1863792.5,26387.23828125,1415.781982421875
2005,63,3,0,0,635019.5,4492.76025390625,707.4995727539063
2005,64,0,0,0,2303653,30912,1341.868774414063
2005,64,1,0,0,1753446.5,26550.603515625,1514.195190429688
2005,64,3,0,0,550206.5,4361.39697265625,792.6836547851563
2005,65,0,0,0,2240858,31533,1407.184204101563
2005,65,1,0,0,1745355.875,27311.046875,1564.783813476563
2005,65,3,0,0,495502.15625,4221.9541015625,852.0556640625
2005,66,0,0,0,2121740,32790,1545.4296875
2005,66,1,0,0,1653848.375,28297.43359375,1711.00537109375
2005,66,3,0,0,467891.53125,4492.568359375,960.1730346679688
2005,67,0,0,0,2074635,34775,1676.198486328125
2005,67,1,0,0,1614010.25,29979.962890625,1857.482788085938
2005,67,3,0,0,460624.8125,4795.037109375,1040.985473632813
2005,68,0,0,0,1945279,35565,1828.2724609375
2005,68,1,0,0,1527470.25,30812.1015625,2017.198120117188
2005,68,3,0,0,417808.78125,4752.89697265625,1137.5771484375
2005,69,0,0,0,1896115,37573,1981.578125
2005,69,1,0,0,1512112.75,32590.103515625,2155.269287109375
2005,69,3,0,0,384002.25,4982.8974609375,1297.621948242188
2005,70,0,0,0,1873726,40502,2161.575439453125
2005,70,1,0,0,1501241.75,35045.734375,2334.44970703125
2005,70,3,0,0,372484.3125,5456.26513671875,1464.830810546875
2005,71,0,0,0,1718367,41615,2421.776123046875
2005,71,1,0,0,1371182.5,36053.1171875,2629.344970703125
2005,71,3,0,0,347184.4375,5561.8798828125,1601.995727539063
2005,72,0,0,0,1700960,44448,2613.112548828125
2005,72,1,0,0,1372288.25,38493.30078125,2805.044921875
2005,72,3,0,0,328671.6875,5954.69873046875,1811.746826171875
2005,73,0,0,0,1671512,48368,2893.66748046875
2005,73,1,0,0,1359522.75,41548.0859375,3056.078857421875
2005,73,3,0,0,311989.3125,6819.9130859375,2185.9443359375
2005,74,0,0,0,1638505,51186,3123.9453125
2005,74,1,0,0,1332959.25,44271.0703125,3321.26220703125
2005,74,3,0,0,305545.875,6914.927734375,2263.138916015625
2005,75,0,0,0,1629763,54667,3354.29150390625
2005,75,1,0,0,1331861.25,47321.65625,3553.047119140625
2005,75,3,0,0,297901.8125,7345.3447265625,2465.693115234375
2005,76,0,0,0,1535359,57153,3722.451904296875
2005,76,1,0,0,1270713.625,49512.2421875,3896.412353515625
2005,76,3,0,0,264645.375,7640.7578125,2887.16845703125
2005,77,0,0,0,1501643,62123,4137.001953125
2005,77,1,0,0,1237234,53970.515625,4362.19140625
2005,77,3,0,0,264408.9375,8152.48583984375,3083.286865234375
2005,78,0,0,0,1439475,65646,4560.41259765625
2005,78,1,0,0,1200180.75,56677.09375,4722.3798828125
2005,78,3,0,0,239294.203125,8968.904296875,3748.06591796875
2005,79,0,0,0,1357369,68299,5031.71923828125
2005,79,1,0,0,1139263.25,59016.6015625,5180.24267578125
2005,79,3,0,0,218105.71875,9282.3984375,4255.9169921875
2005,80,0,0,0,1305661,72197,5529.53662109375
2005,80,1,0,0,1090374.875,62446.734375,5727.08837890625
2005,80,3,0,0,215286.15625,9750.263671875,4528.978515625
2005,81,0,0,0,1218283,74274,6096.61279296875
2005,81,1,0,0,1018303.875,64505.47265625,6334.599609375
2005,81,3,0,0,199979.125,9768.52734375,4884.7734375
2005,82,0,0,0,1109756,75397,6794.01611328125
2005,82,1,0,0,946553.875,65690.8203125,6939.998046875
2005,82,3,0,0,163202.09375,9706.17578125,5947.33544921875
2005,83,0,0,0,1038431,78135,7524.33251953125
2005,83,1,0,0,875067.8125,68116.671875,7784.1591796875
2005,83,3,0,0,163363.171875,10018.330078125,6132.55126953125
2005,84,0,0,0,939062,78774,8388.583984375
2005,84,1,0,0,803877.375,68592.125,8532.66015625
2005,84,3,0,0,135184.5625,10181.869140625,7531.828125
2006,25,0,0,0,4254643,4345,102.1237258911133
2006,25,1,0,0,3164001.5,3999.421630859375,126.4039077758789
2006,25,3,0,0,1090641.625,345.5784301757813,31.685791015625
2006,26,0,0,0,4186325,4216,100.708854675293
2006,26,1,0,0,3071221,3860.96533203125,125.7143402099609
2006,26,3,0,0,1115104.125,355.0348205566406,31.83871459960938
2006,27,0,0,0,4004498,4276,106.7799224853516
2006,27,1,0,0,2935974.5,3844.401123046875,130.9412231445313
2006,27,3,0,0,1068523.625,431.5988159179688,40.39207077026367
2006,28,0,0,0,3874154,3976,102.6288604736328
2006,28,1,0,0,2799649.25,3631.251220703125,129.7037963867188
2006,28,3,0,0,1074504.625,344.7488098144531,32.08444213867188
2006,29,0,0,0,3790391,4084,107.7461395263672
2006,29,1,0,0,2728643,3689.12109375,135.1998443603516
2006,29,3,0,0,1061748.125,394.8787536621094,37.19137573242188
2006,30,0,0,0,3779051,3982,105.3703689575195
2006,30,1,0,0,2612259.5,3579.249267578125,137.0173645019531
2006,30,3,0,0,1166791.375,402.7507934570313,34.51780700683594
2006,31,0,0,0,3824265,4278,111.864631652832
2006,31,1,0,0,2606187.5,3853.8720703125,147.8739318847656
2006,31,3,0,0,1218077.5,424.1278686523438,34.81945037841797
2006,32,0,0,0,3772538,4241,112.4176864624023
2006,32,1,0,0,2610139,3771.5595703125,144.4965057373047
2006,32,3,0,0,1162399,469.4404296875,40.38548278808594
2006,33,0,0,0,3860165,4524,117.1970596313477
2006,33,1,0,0,2674862.75,4043.1982421875,151.1553497314453
2006,33,3,0,0,1185302.375,480.8016967773438,40.56363296508789
2006,34,0,0,0,4049149,5030,124.2236328125
2006,34,1,0,0,2794645.25,4499.87109375,161.0176086425781
2006,34,3,0,0,1254503.75,530.1288452148438,42.25805282592773
2006,35,0,0,0,4302604,5753,133.7097320556641
2006,35,1,0,0,2969227,5077.72998046875,171.0118560791016
2006,35,3,0,0,1333377,675.269775390625,50.64357376098633
2006,36,0,0,0,4380502,5895,134.5736236572266
2006,36,1,0,0,2978820.75,5167.9853515625,173.4909820556641
2006,36,3,0,0,1401681.25,727.0144653320313,51.86731719970703
2006,37,0,0,0,4126573,6047,146.5380554199219
2006,37,1,0,0,2830681,5293.53466796875,187.0056915283203
2006,37,3,0,0,1295892.125,753.465576171875,58.14261627197266
2006,38,0,0,0,4056686,6545,161.3385925292969
2006,38,1,0,0,2813944.5,5786.6259765625,205.6410827636719
2006,38,3,0,0,1242741.5,758.374267578125,61.02429580688477
2006,39,0,0,0,4074868,7259,178.1407470703125
2006,39,1,0,0,2876809.5,6421.447265625,223.2142028808594
2006,39,3,0,0,1198058.5,837.552978515625,69.90918731689453
2006,40,0,0,0,4184594,8075,192.9697418212891
2006,40,1,0,0,2984016,7140.115234375,239.2787170410156
2006,40,3,0,0,1200578.25,934.8848876953125,77.86955261230469
2006,41,0,0,0,4488189,9137,203.5787658691406
2006,41,1,0,0,3192614.25,8121.130859375,254.3724365234375
2006,41,3,0,0,1295574.75,1015.869384765625,78.41071319580078
2006,42,0,0,0,4552280,10485,230.3241424560547
2006,42,1,0,0,3267811.5,9312.373046875,284.9727783203125
2006,42,3,0,0,1284468.5,1172.627197265625,91.29279327392578
2006,43,0,0,0,4544742,11507,253.1936950683594
2006,43,1,0,0,3267216.5,10240.140625,313.4209289550781
2006,43,3,0,0,1277525.5,1266.858764648438,99.16504669189453
2006,44,0,0,0,4532763,12340,272.2401428222656
2006,44,1,0,0,3282030.5,10879.587890625,331.4895324707031
2006,44,3,0,0,1250732.5,1460.411865234375,116.7645263671875
2006,45,0,0,0,4573546,13556,296.4002075195313
2006,45,1,0,0,3332624.75,12017.447265625,360.6000671386719
2006,45,3,0,0,1240921.25,1538.55322265625,123.9847564697266
2006,46,0,0,0,4682144,14516,310.0289001464844
2006,46,1,0,0,3405418,12862.357421875,377.7027587890625
2006,46,3,0,0,1276725.75,1653.64208984375,129.5221099853516
2006,47,0,0,0,4506142,15790,350.4106140136719
2006,47,1,0,0,3276047.5,13908.5107421875,424.5515441894531
2006,47,3,0,0,1230094.5,1881.488647460938,152.9548034667969
2006,48,0,0,0,4495342,17184,382.2623596191406
2006,48,1,0,0,3285604,15082.3642578125,459.0438842773438
2006,48,3,0,0,1209738,2101.6357421875,173.7265167236328
2006,49,0,0,0,4458112,18222,408.738037109375
2006,49,1,0,0,3214475.5,15924.650390625,495.4043273925781
2006,49,3,0,0,1243636.5,2297.350341796875,184.7284393310547
2006,50,0,0,0,4264904,19181,449.740478515625
2006,50,1,0,0,3071037,16634.62890625,541.66162109375
2006,50,3,0,0,1193867.125,2546.3701171875,213.2875671386719
2006,51,0,0,0,4320192,20212,467.8495788574219
2006,51,1,0,0,3080189,17457.12109375,566.7548828125
2006,51,3,0,0,1240003.25,2754.87841796875,222.1670379638672
2006,52,0,0,0,4114856,21327,518.292724609375
2006,52,1,0,0,2925876.5,18175.23046875,621.1892700195313
2006,52,3,0,0,1188979.5,3151.77001953125,265.0819396972656
2006,53,0,0,0,3996095,22088,552.7396240234375
2006,53,1,0,0,2792698,18854.140625,675.122802734375
2006,53,3,0,0,1203396.75,3233.85986328125,268.7276611328125
2006,54,0,0,0,3874826,22955,592.4136962890625
2006,54,1,0,0,2691029.5,19376.787109375,720.0510864257813
2006,54,3,0,0,1183796.5,3578.212890625,302.265869140625
2006,55,0,0,0,3745012,23641,631.266357421875
2006,55,1,0,0,2576121,19712.068359375,765.18408203125
2006,55,3,0,0,1168890.75,3928.9306640625,336.1247253417969
2006,56,0,0,0,3760899,24552,652.8226318359375
2006,56,1,0,0,2598014,20402.40625,785.3078002929688
2006,56,3,0,0,1162885.125,4149.59326171875,356.8360290527344
2006,57,0,0,0,3601973,26014,722.2152709960938
2006,57,1,0,0,2484981.5,21634.30859375,870.6024169921875
2006,57,3,0,0,1116991.25,4379.6923828125,392.0972900390625
2006,58,0,0,0,3568659,28325,793.7155151367188
2006,58,1,0,0,2475315.25,23399.41015625,945.310302734375
2006,58,3,0,0,1093343.75,4925.5908203125,450.5070495605469
2006,59,0,0,0,3720317,30521,820.3870849609375
2006,59,1,0,0,2593187.25,25093.703125,967.6780395507813
2006,59,3,0,0,1127129.875,5427.296875,481.5147705078125
2006,60,0,0,0,2757092,26299,953.8673095703125
2006,60,1,0,0,1965652.375,21939.2109375,1116.128784179688
2006,60,3,0,0,791439.625,4359.7900390625,550.8682861328125
2006,61,0,0,0,2776869,27110,976.2794189453125
2006,61,1,0,0,1987367,22669.453125,1140.677734375
2006,61,3,0,0,789501.9375,4440.54736328125,562.44921875
2006,62,0,0,0,2725651,29990,1100.28759765625
2006,62,1,0,0,2004739.75,25383.19921875,1266.159301757813
2006,62,3,0,0,720911.1875,4606.7998046875,639.0245971679688
2006,63,0,0,0,2810202,33146,1179.488159179688
2006,63,1,0,0,2084636.75,28152.853515625,1350.492065429688
2006,63,3,0,0,725565.25,4993.14599609375,688.1732788085938
2006,64,0,0,0,2463439,31803,1291.000122070313
2006,64,1,0,0,1847640,26970.271484375,1459.714599609375
2006,64,3,0,0,615799,4832.728515625,784.7899169921875
2006,65,0,0,0,2286008,31888,1394.920776367188
2006,65,1,0,0,1752572.5,27303.87109375,1557.931030273438
2006,65,3,0,0,533435.375,4584.13037109375,859.3600463867188
2006,66,0,0,0,2213751,32682,1476.317749023438
2006,66,1,0,0,1707040.875,28173.05078125,1650.40283203125
2006,66,3,0,0,506710,4508.9482421875,889.847900390625
2006,67,0,0,0,2098690,34477,1642.786743164063
2006,67,1,0,0,1608406.25,29856.09375,1856.253295898438
2006,67,3,0,0,490283.78125,4620.90576171875,942.4961547851563
2006,68,0,0,0,2044245,35715,1747.099731445313
2006,68,1,0,0,1601428.25,30911.62890625,1930.253784179688
2006,68,3,0,0,442816.8125,4803.3701171875,1084.730712890625
2006,69,0,0,0,1910507,37121,1942.992065429688
2006,69,1,0,0,1513464.75,31995.474609375,2114.054931640625
2006,69,3,0,0,397042.3125,5125.5263671875,1290.927001953125
2006,70,0,0,0,1848556,39233,2122.359375
2006,70,1,0,0,1479752.25,33957.5546875,2294.8134765625
2006,70,3,0,0,368803.78125,5275.44482421875,1430.420532226563
2006,71,0,0,0,1848947,41674,2253.931640625
2006,71,1,0,0,1469639.5,36085.97265625,2455.43017578125
2006,71,3,0,0,379307.40625,5588.02685546875,1473.218505859375
2006,72,0,0,0,1672443,42333,2531.207275390625
2006,72,1,0,0,1338142.875,36560.453125,2732.1787109375
2006,72,3,0,0,334300.125,5772.54638671875,1726.755737304688
2006,73,0,0,0,1660842,45897,2763.477783203125
2006,73,1,0,0,1344942.25,39593.2109375,2943.859619140625
2006,73,3,0,0,315899.6875,6303.7919921875,1995.50439453125
2006,74,0,0,0,1619038,49073,3030.997314453125
2006,74,1,0,0,1304639.25,41989.3203125,3218.462158203125
2006,74,3,0,0,314398.78125,7083.6806640625,2253.087890625
2006,75,0,0,0,1573506,52331,3325.7578125
2006,75,1,0,0,1280364,44911.53125,3507.7158203125
2006,75,3,0,0,293141.9375,7419.46826171875,2531.015625
2006,76,0,0,0,1587027,56867,3583.240966796875
2006,76,1,0,0,1298917.75,49027.47265625,3774.486328125
2006,76,3,0,0,288109.25,7839.5263671875,2721.025634765625
2006,77,0,0,0,1472328,59092,4013.5078125
2006,77,1,0,0,1208016.25,51077.0546875,4228.17626953125
2006,77,3,0,0,264311.625,8014.9453125,3032.384765625
2006,78,0,0,0,1441641,63064,4374.45947265625
2006,78,1,0,0,1195817.375,54493.7421875,4557.02880859375
2006,78,3,0,0,245823.5625,8570.259765625,3486.345947265625
2006,79,0,0,0,1372532,66356,4834.568359375
2006,79,1,0,0,1138440.875,57204.4296875,5024.8046875
2006,79,3,0,0,234091.15625,9151.5703125,3909.404541015625
2006,80,0,0,0,1278890,69171,5408.6748046875
2006,80,1,0,0,1065384.875,59522.203125,5586.92041015625
2006,80,3,0,0,213505.125,9648.796875,4519.234375
2006,81,0,0,0,1239927,72756,5867.7646484375
2006,81,1,0,0,1041056.375,62601.25,6013.2431640625
2006,81,3,0,0,198870.609375,10154.74609375,5106.20751953125
2006,82,0,0,0,1138135,75132,6601.32568359375
2006,82,1,0,0,955747.4375,64926.26953125,6793.24560546875
2006,82,3,0,0,182387.53125,10205.73046875,5595.62939453125
2006,83,0,0,0,1036784,75017,7235.5478515625
2006,83,1,0,0,876867.5625,65102.2890625,7424.4150390625
2006,83,3,0,0,159916.46875,9914.708984375,6199.9296875
2006,84,0,0,0,954381,77552,8125.89501953125
2006,84,1,0,0,814255.125,67356.8046875,8272.19921875
2006,84,3,0,0,140125.875,10195.1953125,7275.74072265625
2007,25,0,0,0,4245572,4129,97.2542724609375
2007,25,1,0,0,3162121.5,3786.02783203125,119.7306213378906
2007,25,3,0,0,1083450.375,342.9720458984375,31.65553855895996
2007,26,0,0,0,4222850,4233,100.2403564453125
2007,26,1,0,0,3072036.25,3870.14697265625,125.9798583984375
2007,26,3,0,0,1150813.75,362.85302734375,31.53012657165527
2007,27,0,0,0,4224395,4226,100.0379943847656
2007,27,1,0,0,3054754.5,3869.092041015625,126.6580352783203
2007,27,3,0,0,1169640.5,356.9080810546875,30.51433944702148
2007,28,0,0,0,3999799,4160,104.0052261352539
2007,28,1,0,0,2862923.5,3740.635498046875,130.6578979492188
2007,28,3,0,0,1136875.5,419.3645629882813,36.88746643066406
2007,29,0,0,0,3850082,4183,108.6470336914063
2007,29,1,0,0,2747782,3777.451171875,137.4727325439453
2007,29,3,0,0,1102299.875,405.5488586425781,36.79115676879883
2007,30,0,0,0,3894527,4117,105.7124557495117
2007,30,1,0,0,2696990.75,3682.46435546875,136.5397491455078
2007,30,3,0,0,1197536.25,434.5357666015625,36.28581237792969
2007,31,0,0,0,3724612,4102,110.1322784423828
2007,31,1,0,0,2535078.75,3682.167236328125,145.2486267089844
2007,31,3,0,0,1189533.25,419.8327026367188,35.29390335083008
2007,32,0,0,0,3899463,4263,109.3227462768555
2007,32,1,0,0,2666015.25,3766.68359375,141.2851409912109
2007,32,3,0,0,1233447.625,496.3163757324219,40.23814010620117
2007,33,0,0,0,3780927,4339,114.7602157592773
2007,33,1,0,0,2573354,3851.517822265625,149.6691741943359
2007,33,3,0,0,1207573,487.4820861816406,40.36874771118164
2007,34,0,0,0,3871236,4820,124.5080413818359
2007,34,1,0,0,2674489.5,4281.9501953125,160.1034545898438
2007,34,3,0,0,1196746.5,538.0496215820313,44.95936584472656
2007,35,0,0,0,4083733,5309,130.0036010742188
2007,35,1,0,0,2791455.25,4683.96923828125,167.7966766357422
2007,35,3,0,0,1292277.75,625.03076171875,48.36659622192383
2007,36,0,0,0,4302578,5837,135.6628570556641
2007,36,1,0,0,2914174.5,5077.47314453125,174.2336730957031
2007,36,3,0,0,1388403.5,759.5270385742188,54.7050666809082
2007,37,0,0,0,4370533,6255,143.1175537109375
2007,37,1,0,0,2967200,5504.5693359375,185.5139312744141
2007,37,3,0,0,1403333,750.430908203125,53.47489929199219
2007,38,0,0,0,4136991,6598,159.4878997802734
2007,38,1,0,0,2819894.75,5761.81591796875,204.3273468017578
2007,38,3,0,0,1317096.375,836.18408203125,63.48693084716797
2007,39,0,0,0,4070056,6882,169.0885772705078
2007,39,1,0,0,2817846,6058.69091796875,215.0114288330078
2007,39,3,0,0,1252210.25,823.3092041015625,65.74848175048828
2007,40,0,0,0,4071341,7607,186.8426208496094
2007,40,1,0,0,2867369.75,6651.36279296875,231.9673919677734
2007,40,3,0,0,1203971.25,955.637451171875,79.373779296875
2007,41,0,0,0,4202260,8475,201.6772003173828
2007,41,1,0,0,2950643,7477.4189453125,253.4165954589844
2007,41,3,0,0,1251617.125,997.5810546875,79.703369140625
2007,42,0,0,0,4485432,9546,212.8223114013672
2007,42,1,0,0,3210244,8418.947265625,262.2525634765625
2007,42,3,0,0,1275188.25,1127.052734375,88.38323974609375
2007,43,0,0,0,4560505,10932,239.7102966308594
2007,43,1,0,0,3249579.75,9700.154296875,298.5048828125
2007,43,3,0,0,1310925.25,1231.845703125,93.9676513671875
2007,44,0,0,0,4512801,12165,269.5664978027344
2007,44,1,0,0,3228398,10732.5732421875,332.4426879882813
2007,44,3,0,0,1284402.75,1432.427001953125,111.5247573852539
2007,45,0,0,0,4519792,13071,289.1947326660156
2007,45,1,0,0,3257985,11503.87109375,353.0977172851563
2007,45,3,0,0,1261807,1567.12890625,124.1971969604492
2007,46,0,0,0,4591932,14477,315.2703552246094
2007,46,1,0,0,3318901.25,12746.6396484375,384.0620422363281
2007,46,3,0,0,1273030.625,1730.36083984375,135.9245300292969
2007,47,0,0,0,4694196,15643,333.2413024902344
2007,47,1,0,0,3409745.25,13815.7392578125,405.1838989257813
2007,47,3,0,0,1284450.75,1827.260375976563,142.2600555419922
2007,48,0,0,0,4487653,16708,372.3104248046875
2007,48,1,0,0,3237354.5,14665.603515625,453.011962890625
2007,48,3,0,0,1250298.5,2042.396606445313,163.3527221679688
2007,49,0,0,0,4506188,17839,395.8778381347656
2007,49,1,0,0,3260402,15594.7890625,478.3087768554688
2007,49,3,0,0,1245786,2244.21044921875,180.1441345214844
2007,50,0,0,0,4426479,19360,437.3679504394531
2007,50,1,0,0,3183254.25,16799.81640625,527.7560424804688
2007,50,3,0,0,1243224.5,2560.18408203125,205.9309539794922
2007,51,0,0,0,4294933,20623,480.1704711914063
2007,51,1,0,0,3070808.5,17895.4609375,582.7605590820313
2007,51,3,0,0,1224124.25,2727.53857421875,222.8155059814453
2007,52,0,0,0,4292620,21352,497.4118347167969
2007,52,1,0,0,3061343.5,18373.37109375,600.1734619140625
2007,52,3,0,0,1231276.5,2978.629638671875,241.9139556884766
2007,53,0,0,0,4124978,22451,544.2695922851563
2007,53,1,0,0,2927182.5,19212.9765625,656.3641357421875
2007,53,3,0,0,1197795.375,3238.0244140625,270.33203125
2007,54,0,0,0,4001168,23162,578.8809814453125
2007,54,1,0,0,2784944.5,19754.19140625,709.32080078125
2007,54,3,0,0,1216223.5,3407.8095703125,280.1959838867188
2007,55,0,0,0,3829701,24254,633.3131713867188
2007,55,1,0,0,2654576.5,20344.001953125,766.3746948242188
2007,55,3,0,0,1175124.5,3909.998779296875,332.7305908203125
2007,56,0,0,0,3761384,24955,663.4525756835938
2007,56,1,0,0,2597912,20811.927734375,801.1021118164063
2007,56,3,0,0,1163472,4143.072265625,356.0955810546875
2007,57,0,0,0,3734883,26279,703.6097412109375
2007,57,1,0,0,2574283.5,21915.029296875,851.3059692382813
2007,57,3,0,0,1160599.5,4363.9716796875,376.0101318359375
2007,58,0,0,0,3588953,27504,766.3516235351563
2007,58,1,0,0,2473681,22664.78515625,916.2371826171875
2007,58,3,0,0,1115272,4839.21533203125,433.9044799804688
2007,59,0,0,0,3539851,29466,832.4078979492188
2007,59,1,0,0,2453257,24262.09765625,988.9749755859375
2007,59,3,0,0,1086594,5203.90185546875,478.918701171875
2007,60,0,0,0,3659454,32041,875.5677490234375
2007,60,1,0,0,2552540.5,26347.251953125,1032.197265625
2007,60,3,0,0,1106913.5,5693.74853515625,514.380615234375
2007,61,0,0,0,2775802,27403,987.210205078125
2007,61,1,0,0,1948999,22703.90234375,1164.900634765625
2007,61,3,0,0,826802.875,4699.09814453125,568.3456420898438
2007,62,0,0,0,2757918,28804,1044.411010742188
2007,62,1,0,0,1990909,24232.625,1217.163818359375
2007,62,3,0,0,767008.9375,4571.3740234375,596.0001220703125
2007,63,0,0,0,2711325,31648,1167.252197265625
2007,63,1,0,0,1985570.5,26745.875,1347.012084960938
2007,63,3,0,0,725754.5,4902.126953125,675.4525146484375
2007,64,0,0,0,2769163,34756,1255.108520507813
2007,64,1,0,0,2031182.625,29250.10546875,1440.052978515625
2007,64,3,0,0,737980.3125,5505.89501953125,746.0761108398438
2007,65,0,0,0,2445756,33801,1382.026611328125
2007,65,1,0,0,1840372.25,28898.25390625,1570.239624023438
2007,65,3,0,0,605383.75,4902.748046875,809.85791015625
2007,66,0,0,0,2257671,33496,1483.65283203125
2007,66,1,0,0,1715307.5,28763.453125,1676.86865234375
2007,66,3,0,0,542363.625,4732.5458984375,872.5780639648438
2007,67,0,0,0,2191327,34281,1564.39453125
2007,67,1,0,0,1685023.75,29504.12109375,1750.961791992188
2007,67,3,0,0,506303.1875,4776.87939453125,943.4819946289063
2007,68,0,0,0,2068095,35602,1721.487670898438
2007,68,1,0,0,1615029.375,30657.68359375,1898.274047851563
2007,68,3,0,0,453065.6875,4944.31689453125,1091.302490234375
2007,69,0,0,0,2007386,37811,1883.593872070313
2007,69,1,0,0,1573538,32653.46484375,2075.162109375
2007,69,3,0,0,433848.0625,5157.5341796875,1188.7880859375
2007,70,0,0,0,1860716,38341,2060.55078125
2007,70,1,0,0,1480237.625,32990.4609375,2228.727294921875
2007,70,3,0,0,380478.4375,5350.541015625,1406.2666015625
2007,71,0,0,0,1826784,40687,2227.24755859375
2007,71,1,0,0,1448902.25,35087.5,2421.660888671875
2007,71,3,0,0,377881.8125,5599.4990234375,1481.812255859375
2007,72,0,0,0,1798955,43613,2424.351806640625
2007,72,1,0,0,1437307.125,37605.7578125,2616.40380859375
2007,72,3,0,0,361647.9375,6007.2431640625,1661.074951171875
2007,73,0,0,0,1633722,44334,2713.6806640625
2007,73,1,0,0,1305644.75,38137.578125,2920.9765625
2007,73,3,0,0,328077.125,6196.421875,1888.708862304688
2007,74,0,0,0,1608315,47272,2939.22509765625
2007,74,1,0,0,1287945.25,40648.234375,3156.052978515625
2007,74,3,0,0,320369.6875,6623.76708984375,2067.53857421875
2007,75,0,0,0,1553097,51055,3287.302734375
2007,75,1,0,0,1255610.75,43697.484375,3480.177734375
2007,75,3,0,0,297486.25,7357.51416015625,2473.228271484375
2007,76,0,0,0,1535224,54369,3541.4375
2007,76,1,0,0,1243803.5,46344.4375,3726.025634765625
2007,76,3,0,0,291420.59375,8024.5625,2753.601806640625
2007,77,0,0,0,1521903,58251,3827.5107421875
2007,77,1,0,0,1240773,50030,4032.163818359375
2007,77,3,0,0,281130.03125,8220.9990234375,2924.269287109375
2007,78,0,0,0,1414814,60579,4281.76416015625
2007,78,1,0,0,1161128.125,51974.0390625,4476.16748046875
2007,78,3,0,0,253685.8125,8604.958984375,3391.974853515625
2007,79,0,0,0,1375325,64775,4709.7958984375
2007,79,1,0,0,1136915.5,55723.203125,4901.26171875
2007,79,3,0,0,238409.4375,9051.80078125,3796.74609375
2007,80,0,0,0,1292775,67786,5243.44921875
2007,80,1,0,0,1068340.875,58094.0859375,5437.78564453125
2007,80,3,0,0,224434.0625,9691.9140625,4318.37939453125
2007,81,0,0,0,1216593,70562,5799.9677734375
2007,81,1,0,0,1009769.0625,60334.9296875,5975.12158203125
2007,81,3,0,0,206823.9375,10227.0693359375,4944.81884765625
2007,82,0,0,0,1158822,73985,6384.5009765625
2007,82,1,0,0,961024.375,63549.3671875,6612.66943359375
2007,82,3,0,0,197797.625,10435.6318359375,5275.91357421875
2007,83,0,0,0,1065220,75459,7083.888671875
2007,83,1,0,0,895325.875,65099.796875,7271.07275390625
2007,83,3,0,0,169894.15625,10359.2041015625,6097.44580078125
2007,84,0,0,0,953666,75861,7954.671875
2007,84,1,0,0,807724.5,65391.546875,8095.7734375
2007,84,3,0,0,145941.46875,10469.4560546875,7173.736328125
2008,25,0,0,0,4246210,4141,97.52226257324219
2008,25,1,0,0,3127263.5,3776.314697265625,120.7546081542969
2008,25,3,0,0,1118946.5,364.6854248046875,32.59185409545898
2008,26,0,0,0,4206583,4023,95.63581848144531
2008,26,1,0,0,3048206.75,3676.70947265625,120.618766784668
2008,26,3,0,0,1158376.375,346.2904357910156,29.89446640014648
2008,27,0,0,0,4265165,4152,97.34676361083984
2008,27,1,0,0,3049592.5,3752.7236328125,123.0565567016602
2008,27,3,0,0,1215572.625,399.2763061523438,32.84676742553711
2008,28,0,0,0,4215620,4266,101.1950759887695
2008,28,1,0,0,3005030,3825.3251953125,127.2974014282227
2008,28,3,0,0,1210590,440.6748657226563,36.40166091918945
2008,29,0,0,0,3969090,4204,105.9184875488281
2008,29,1,0,0,2820900,3817.22216796875,135.3193054199219
2008,29,3,0,0,1148189.875,386.77783203125,33.68587875366211
2008,30,0,0,0,3970191,4235,106.6699295043945
2008,30,1,0,0,2760662.5,3830.494384765625,138.7527160644531
2008,30,3,0,0,1209528.75,404.5054931640625,33.44322967529297
2008,31,0,0,0,3828094,4190,109.4539489746094
2008,31,1,0,0,2630850.5,3713.66015625,141.1581573486328
2008,31,3,0,0,1197243.5,476.3398742675781,39.78638076782227
2008,32,0,0,0,3807761,4180,109.7757949829102
2008,32,1,0,0,2609380,3714.87109375,142.3660430908203
2008,32,3,0,0,1198381,465.1290283203125,38.81311798095703
2008,33,0,0,0,3907253,4367,111.7665023803711
2008,33,1,0,0,2672282,3869.120849609375,144.7871398925781
2008,33,3,0,0,1234971,497.8792724609375,40.31505966186523
2008,34,0,0,0,3791506,4517,119.1347198486328
2008,34,1,0,0,2615595.75,3983.6826171875,152.3049774169922
2008,34,3,0,0,1175910.25,533.3173828125,45.35358047485352
2008,35,0,0,0,3908041,4951,126.6875152587891
2008,35,1,0,0,2670015.5,4323.18359375,161.9160461425781
2008,35,3,0,0,1238025.75,627.8162841796875,50.71108627319336
2008,36,0,0,0,4083819,5362,131.2986755371094
2008,36,1,0,0,2793354.5,4714.4453125,168.7736053466797
2008,36,3,0,0,1290464.375,647.5546875,50.17997360229492
2008,37,0,0,0,4291673,6243,145.4677429199219
2008,37,1,0,0,2895146.5,5480.5673828125,189.3018951416016
2008,37,3,0,0,1396526.75,762.4327392578125,54.59492492675781
2008,38,0,0,0,4382157,6577,150.0859069824219
2008,38,1,0,0,2951312.5,5707.2431640625,193.3798370361328
2008,38,3,0,0,1430844.25,869.7567138671875,60.78625869750977
2008,39,0,0,0,4151773,6731,162.1235046386719
2008,39,1,0,0,2842443.75,5879.2578125,206.838134765625
2008,39,3,0,0,1309329.25,851.741943359375,65.05178070068359
2008,40,0,0,0,4065710,7216,177.484375
2008,40,1,0,0,2814194,6325.5625,224.7734985351563
2008,40,3,0,0,1251516,890.4376831054688,71.14872741699219
2008,41,0,0,0,4090091,8126,198.67529296875
2008,41,1,0,0,2843719.75,7141.7861328125,251.1424102783203
2008,41,3,0,0,1246371.375,984.2139282226563,78.96634674072266
2008,42,0,0,0,4199463,9021,214.8131866455078
2008,42,1,0,0,2980221.75,7933.48828125,266.2046203613281
2008,42,3,0,0,1219241.25,1087.51123046875,89.19573974609375
2008,43,0,0,0,4495218,10322,229.6217956542969
2008,43,1,0,0,3190873,9057.1943359375,283.8468933105469
2008,43,3,0,0,1304345.125,1264.805419921875,96.96861267089844
2008,44,0,0,0,4524541,11821,261.2640686035156
2008,44,1,0,0,3224007,10397.1484375,322.4914855957031
2008,44,3,0,0,1300533.875,1423.85205078125,109.4821166992188
2008,45,0,0,0,4499251,12769,283.8027954101563
2008,45,1,0,0,3217359.5,11225.2490234375,348.8963317871094
2008,45,3,0,0,1281891.5,1543.750854492188,120.4275741577148
2008,46,0,0,0,4541484,14114,310.7794799804688
2008,46,1,0,0,3254398.5,12349.376953125,379.4672546386719
2008,46,3,0,0,1287085.5,1764.62353515625,137.1022796630859
2008,47,0,0,0,4606123,15627,339.2658081054688
2008,47,1,0,0,3302961,13748.5390625,416.2489013671875
2008,47,3,0,0,1303162,1878.4609375,144.1463928222656
2008,48,0,0,0,4672955,16695,357.2685852050781
2008,48,1,0,0,3390968.5,14696.720703125,433.4077758789063
2008,48,3,0,0,1281986.5,1998.279663085938,155.8736877441406
2008,49,0,0,0,4501160,18212,404.6068115234375
2008,49,1,0,0,3251622.5,15928.8564453125,489.8740844726563
2008,49,3,0,0,1249537.5,2283.1435546875,182.7190856933594
2008,50,0,0,0,4471128,19581,437.9431762695313
2008,50,1,0,0,3234235.75,17168.3125,530.83056640625
2008,50,3,0,0,1236892.25,2412.687744140625,195.0604553222656
2008,51,0,0,0,4464006,20741,464.6275024414063
2008,51,1,0,0,3231442.25,18105.43359375,560.28955078125
2008,51,3,0,0,1232563.625,2635.566650390625,213.8280334472656
2008,52,0,0,0,4264599,21817,511.5838623046875
2008,52,1,0,0,3045664.5,18874.95703125,619.7319946289063
2008,52,3,0,0,1218934.375,2942.04345703125,241.3619232177734
2008,53,0,0,0,4306809,22877,531.18212890625
2008,53,1,0,0,3083172.5,19752.3671875,640.6507568359375
2008,53,3,0,0,1223636.5,3124.6337890625,255.3563690185547
2008,54,0,0,0,4132932,24109,583.3389282226563
2008,54,1,0,0,2922681.25,20639.3671875,706.17919921875
2008,54,3,0,0,1210250.75,3469.6328125,286.6871032714844
2008,55,0,0,0,3949524,25085,635.1398315429688
2008,55,1,0,0,2776012,21161.3359375,762.2926635742188
2008,55,3,0,0,1173512.25,3923.663818359375,334.3521728515625
2008,56,0,0,0,3850704,25952,673.9547119140625
2008,56,1,0,0,2678827.5,21821.224609375,814.5811767578125
2008,56,3,0,0,1171876.75,4130.77490234375,352.4922790527344
2008,57,0,0,0,3733201,26521,710.4091186523438
2008,57,1,0,0,2569919,22111.630859375,860.40185546875
2008,57,3,0,0,1163282.25,4409.36962890625,379.0455627441406
2008,58,0,0,0,3722427,27898,749.457275390625
2008,58,1,0,0,2584812.25,23060.42578125,892.15087890625
2008,58,3,0,0,1137614.75,4837.57421875,425.2383422851563
2008,59,0,0,0,3558712,29252,821.9827880859375
2008,59,1,0,0,2470807,24272.599609375,982.3753662109375
2008,59,3,0,0,1087905.125,4979.4013671875,457.7054748535156
2008,60,0,0,0,3476545,32013,920.8280029296875
2008,60,1,0,0,2410081,26384.0859375,1094.738525390625
2008,60,3,0,0,1066464,5628.9130859375,527.8109130859375
2008,61,0,0,0,3694987,34646,937.6487426757813
2008,61,1,0,0,2570954.5,28504.203125,1108.701171875
2008,61,3,0,0,1124032.75,6141.7958984375,546.4072265625
2008,62,0,0,0,2757325,29582,1072.851440429688
2008,62,1,0,0,1945525,24640.197265625,1266.50634765625
2008,62,3,0,0,811800.0625,4941.80322265625,608.746337890625
2008,63,0,0,0,2744863,31105,1133.207763671875
2008,63,1,0,0,1990566.375,26146.638671875,1313.527587890625
2008,63,3,0,0,754296.625,4958.361328125,657.3489990234375
2008,64,0,0,0,2668775,34128,1278.788940429688
2008,64,1,0,0,1957400.75,28833.328125,1473.041625976563
2008,64,3,0,0,711374.25,5294.6708984375,744.2876586914063
2008,65,0,0,0,2751913,37040,1345.972778320313
2008,65,1,0,0,2035436,31139.90625,1529.888793945313
2008,65,3,0,0,716477,5900.091796875,823.486572265625
2008,66,0,0,0,2416007,35615,1474.12646484375
2008,66,1,0,0,1811537.25,30360.109375,1675.930786132813
2008,66,3,0,0,604469.6875,5254.89111328125,869.3390502929688
2008,67,0,0,0,2235669,35708,1597.1953125
2008,67,1,0,0,1700410.625,30493.60546875,1793.308349609375
2008,67,3,0,0,535258.375,5214.3955078125,974.182861328125
2008,68,0,0,0,2160024,36530,1691.184936523438
2008,68,1,0,0,1684243.375,31495.5390625,1870.011108398438
2008,68,3,0,0,475780.53125,5034.4599609375,1058.147583007813
2008,69,0,0,0,2030734,38557,1898.673095703125
2008,69,1,0,0,1570716,33116.59765625,2108.3759765625
2008,69,3,0,0,460018,5440.4013671875,1182.649658203125
2008,70,0,0,0,1953328,39931,2044.254760742188
2008,70,1,0,0,1530359.5,34260.3671875,2238.713623046875
2008,70,3,0,0,422968.375,5670.6337890625,1340.675537109375
2008,71,0,0,0,1841560,40787,2214.80712890625
2008,71,1,0,0,1454574.75,35120.1171875,2414.45947265625
2008,71,3,0,0,386985.1875,5666.8828125,1464.366821289063
2008,72,0,0,0,1776463,43896,2470.9775390625
2008,72,1,0,0,1405237,37754.74609375,2686.71728515625
2008,72,3,0,0,371226.0625,6141.25390625,1654.316528320313
2008,73,0,0,0,1758650,46481,2642.9931640625
2008,73,1,0,0,1398732.625,39895.953125,2852.29296875
2008,73,3,0,0,359917.28125,6585.048828125,1829.6005859375
2008,74,0,0,0,1581331,47034,2974.329833984375
2008,74,1,0,0,1260478.25,40229.5390625,3191.609130859375
2008,74,3,0,0,320852.75,6804.4609375,2120.74267578125
2008,75,0,0,0,1541027,50235,3259.839111328125
2008,75,1,0,0,1248734.75,43122.41015625,3453.288330078125
2008,75,3,0,0,292292.21875,7112.58984375,2433.38330078125
2008,76,0,0,0,1518327,53618,3531.386962890625
2008,76,1,0,0,1219816.75,45646.484375,3742.0771484375
2008,76,3,0,0,298510.3125,7971.517578125,2670.432861328125
2008,77,0,0,0,1472006,57532,3908.407958984375
2008,77,1,0,0,1190334.875,48963.46875,4113.41943359375
2008,77,3,0,0,281671.125,8568.5302734375,3042.03369140625
2008,78,0,0,0,1464084,61804,4221.34228515625
2008,78,1,0,0,1200249.75,52790.15625,4398.26416015625
2008,78,3,0,0,263834.375,9013.841796875,3416.477294921875
2008,79,0,0,0,1350299,64181,4753.09521484375
2008,79,1,0,0,1108085,55012,4964.60107421875
2008,79,3,0,0,242214,9168.9990234375,3785.4951171875
2008,80,0,0,0,1294601,67733,5231.95947265625
2008,80,1,0,0,1067036.625,57969.953125,5432.798828125
2008,80,3,0,0,227564.40625,9763.046875,4290.234375
2008,81,0,0,0,1232307,70756,5741.7509765625
2008,81,1,0,0,1017085.375,60445.375,5942.9990234375
2008,81,3,0,0,215221.59375,10310.6259765625,4790.7021484375
2008,82,0,0,0,1136851,73025,6423.4453125
2008,82,1,0,0,938220.3125,62292.984375,6639.48388671875
2008,82,3,0,0,198630.703125,10732.0126953125,5402.998046875
2008,83,0,0,0,1086404,76795,7068.7333984375
2008,83,1,0,0,901991.75,65838.96875,7299.287109375
2008,83,3,0,0,184412.265625,10956.0322265625,5941.05419921875
2008,84,0,0,0,980196,77881,7945.45166015625
2008,84,1,0,0,823633.0625,66915.953125,8124.48583984375
2008,84,3,0,0,156562.921875,10965.046875,7003.60400390625
2009,25,0,0,0,4204602,3877,92.20848846435547
2009,25,1,0,0,3015947.5,3510.771484375,116.4069137573242
2009,25,3,0,0,1188654.625,366.2283325195313,30.81032371520996
2009,26,0,0,0,4197922,4107,97.83412170410156
2009,26,1,0,0,2946783.5,3687.832275390625,125.1477203369141
2009,26,3,0,0,1251138.75,419.1677856445313,33.50290298461914
2009,27,0,0,0,4250014,4018,94.54086303710938
2009,27,1,0,0,2959129,3635.59130859375,122.8601837158203
2009,27,3,0,0,1290885,382.4086608886719,29.62375831604004
2009,28,0,0,0,4250613,4225,99.39743041992188
2009,28,1,0,0,2971626,3801.0322265625,127.9108581542969
2009,28,3,0,0,1278987.25,423.9677124023438,33.14870452880859
2009,29,0,0,0,4175077,4385,105.0279998779297
2009,29,1,0,0,2864423,3948.880126953125,137.8595275878906
2009,29,3,0,0,1310653.75,436.119873046875,33.27498626708984
2009,30,0,0,0,4104133,4303,104.8455276489258
2009,30,1,0,0,2834562,3856.75,136.0615844726563
2009,30,3,0,0,1269571,446.2500610351563,35.14967346191406
2009,31,0,0,0,3890200,4192,107.7579574584961
2009,31,1,0,0,2626124,3736.27783203125,142.2734680175781
2009,31,3,0,0,1264076,455.7222900390625,36.05181121826172
2009,32,0,0,0,3921281,4319,110.142578125
2009,32,1,0,0,2638881.75,3801.988525390625,144.0757446289063
2009,32,3,0,0,1282399.125,517.0113525390625,40.31594848632813
2009,33,0,0,0,3813001,4401,115.4208984375
2009,33,1,0,0,2594081.25,3833.15771484375,147.7655181884766
2009,33,3,0,0,1218919.75,567.8421630859375,46.58568954467773
2009,34,0,0,0,3916499,4675,119.366813659668
2009,34,1,0,0,2657437.5,4112.0849609375,154.7387237548828
2009,34,3,0,0,1259061.5,562.914794921875,44.70907974243164
2009,35,0,0,0,3829432,4878,127.3818130493164
2009,35,1,0,0,2617283,4263.3720703125,162.8930511474609
2009,35,3,0,0,1212148.875,614.6278076171875,50.70563507080078
2009,36,0,0,0,3905615,5243,134.2426300048828
2009,36,1,0,0,2667325.25,4584.541015625,171.8778381347656
2009,36,3,0,0,1238289.625,658.4588623046875,53.17486572265625
2009,37,0,0,0,4071181,5832,143.2508087158203
2009,37,1,0,0,2771464.25,5045.4677734375,182.0506134033203
2009,37,3,0,0,1299716.75,786.5318603515625,60.5156364440918
2009,38,0,0,0,4304006,6557,152.346435546875
2009,38,1,0,0,2931530.75,5657.76123046875,192.996826171875
2009,38,3,0,0,1372475.25,899.2388305664063,65.51949310302734
2009,39,0,0,0,4397562,7000,159.1791076660156
2009,39,1,0,0,2976625.75,6095.962890625,204.7944030761719
2009,39,3,0,0,1420936.25,904.037109375,63.62263488769531
2009,40,0,0,0,4145183,7447,179.6543121337891
2009,40,1,0,0,2859674,6506.81640625,227.5370025634766
2009,40,3,0,0,1285508.75,940.1836547851563,73.1370849609375
2009,41,0,0,0,4085265,8020,196.3152923583984
2009,41,1,0,0,2844552,6978.87646484375,245.3418426513672
2009,41,3,0,0,1240713,1041.12353515625,83.91332244873047
2009,42,0,0,0,4085849,8728,213.6153411865234
2009,42,1,0,0,2857721,7604.0341796875,266.0873413085938
2009,42,3,0,0,1228128.125,1123.96533203125,91.51856994628906
2009,43,0,0,0,4209233,9670,229.7330627441406
2009,43,1,0,0,2981205.5,8513.169921875,285.5613098144531
2009,43,3,0,0,1228027.5,1156.830200195313,94.20230102539063
2009,44,0,0,0,4454485,11290,253.4524230957031
2009,44,1,0,0,3185079,9893.6396484375,310.6246337890625
2009,44,3,0,0,1269406.125,1396.360107421875,110.0010528564453
2009,45,0,0,0,4509265,12568,278.7150573730469
2009,45,1,0,0,3233218,11015.0693359375,340.6843872070313
2009,45,3,0,0,1276046.875,1552.930908203125,121.6985778808594
2009,46,0,0,0,4523596,13917,307.6534729003906
2009,46,1,0,0,3242551.5,12277.95703125,378.6510925292969
2009,46,3,0,0,1281044.5,1639.04248046875,127.9457855224609
2009,47,0,0,0,4557336,15340,336.6001586914063
2009,47,1,0,0,3276810.5,13494.482421875,411.8175964355469
2009,47,3,0,0,1280525.875,1845.516723632813,144.1217803955078
2009,48,0,0,0,4582655,16649,363.3046875
2009,48,1,0,0,3304952,14627.2568359375,442.5860595703125
2009,48,3,0,0,1277702.75,2021.742797851563,158.2326354980469
2009,49,0,0,0,4689393,17933,382.4162292480469
2009,49,1,0,0,3422077,15782.306640625,461.1908569335938
2009,49,3,0,0,1267316,2150.69287109375,169.7045440673828
2009,50,0,0,0,4462192,19359,433.8450622558594
2009,50,1,0,0,3246455.5,16901.72265625,520.6207885742188
2009,50,3,0,0,1215736.5,2457.27734375,202.1225280761719
2009,51,0,0,0,4514833,20905,463.029296875
2009,51,1,0,0,3285575,18245.49609375,555.3212280273438
2009,51,3,0,0,1229258.25,2659.5048828125,216.3503723144531
2009,52,0,0,0,4429228,22684,512.1434326171875
2009,52,1,0,0,3209980.5,19621.123046875,611.253662109375
2009,52,3,0,0,1219247.5,3062.877685546875,251.2104949951172
2009,53,0,0,0,4281465,23593,551.0496826171875
2009,53,1,0,0,3091492.5,20451.666015625,661.5466918945313
2009,53,3,0,0,1189972.5,3141.334716796875,263.9837951660156
2009,54,0,0,0,4317125,24620,570.2869262695313
2009,54,1,0,0,3100253.5,21120.845703125,681.2619018554688
2009,54,3,0,0,1216871.5,3499.1552734375,287.5534057617188
2009,55,0,0,0,4074019,25556,627.2921142578125
2009,55,1,0,0,2907289.25,21774.22265625,748.9527587890625
2009,55,3,0,0,1166729.75,3781.77587890625,324.1347045898438
2009,56,0,0,0,3975863,26572,668.3328857421875
2009,56,1,0,0,2795822.5,22369.90625,800.1189575195313
2009,56,3,0,0,1180040.75,4202.0927734375,356.0972595214844
2009,57,0,0,0,3819855,27649,723.8233032226563
2009,57,1,0,0,2655788,23011.12890625,866.4520263671875
2009,57,3,0,0,1164066.875,4637.87109375,398.4196472167969
2009,58,0,0,0,3721219,28269,759.67041015625
2009,58,1,0,0,2572511.5,23412.96875,910.1210327148438
2009,58,3,0,0,1148707.25,4856.0302734375,422.7387084960938
2009,59,0,0,0,3689647,29660,803.8709106445313
2009,59,1,0,0,2569032.25,24614.57421875,958.1263427734375
2009,59,3,0,0,1120614.875,5045.42529296875,450.2372131347656
2009,60,0,0,0,3489302,31518,903.2752075195313
2009,60,1,0,0,2434319,25973.474609375,1066.970825195313
2009,60,3,0,0,1054982.75,5544.52490234375,525.5559692382813
2009,61,0,0,0,3517588,33317,947.1547241210938
2009,61,1,0,0,2451579,27367.57421875,1116.324340820313
2009,61,3,0,0,1066009,5949.42578125,558.102783203125
2009,62,0,0,0,3673134,36617,996.8871459960938
2009,62,1,0,0,2576103.5,30107.98828125,1168.741455078125
2009,62,3,0,0,1097030.625,6509.009765625,593.329833984375
2009,63,0,0,0,2745716,31634,1152.1220703125
2009,63,1,0,0,1950329.75,26144.12109375,1340.497436523438
2009,63,3,0,0,795386.375,5489.8779296875,690.2152099609375
2009,64,0,0,0,2699257,32515,1204.590698242188
2009,64,1,0,0,1945333.125,27148.0546875,1395.5478515625
2009,64,3,0,0,753923.8125,5366.94677734375,711.8685913085938
2009,65,0,0,0,2653345,35435,1335.484130859375
2009,65,1,0,0,1966926.5,29778.94140625,1513.9833984375
2009,65,3,0,0,686418.5,5656.05908203125,823.9957275390625
2009,66,0,0,0,2719454,38535,1417.012329101563
2009,66,1,0,0,2032675.5,32356.89453125,1591.837646484375
2009,66,3,0,0,686778.5,6178.10546875,899.5775756835938
2009,67,0,0,0,2394376,37050,1547.3759765625
2009,67,1,0,0,1808682.5,31244.3828125,1727.466430664063
2009,67,3,0,0,585693.4375,5805.61865234375,991.2384643554688
2009,68,0,0,0,2204229,37086,1682.493041992188
2009,68,1,0,0,1685817,31620.615234375,1875.684936523438
2009,68,3,0,0,518412.125,5465.38427734375,1054.254760742188
2009,69,0,0,0,2120973,37665,1775.8359375
2009,69,1,0,0,1629866.75,32218.3203125,1976.74560546875
2009,69,3,0,0,491106.375,5446.68017578125,1109.063232421875
2009,70,0,0,0,1974076,39434,1997.5927734375
2009,70,1,0,0,1543700.75,33780.94140625,2188.308837890625
2009,70,3,0,0,430375.1875,5653.0576171875,1313.518432617188
2009,71,0,0,0,1936308,41317,2133.802978515625
2009,71,1,0,0,1515355.75,35370.39453125,2334.13134765625
2009,71,3,0,0,420952.25,5946.60546875,1412.655639648438
2009,72,0,0,0,1790136,42164,2355.351806640625
2009,72,1,0,0,1414096.25,36175.5234375,2558.2080078125
2009,72,3,0,0,376039.8125,5988.4755859375,1592.511108398438
2009,73,0,0,0,1737897,44731,2573.85791015625
2009,73,1,0,0,1389247.75,38379.015625,2762.575439453125
2009,73,3,0,0,348649.15625,6351.98583984375,1821.884765625
2009,74,0,0,0,1702305,47615,2797.08984375
2009,74,1,0,0,1356346.875,40772.46875,3006.05029296875
2009,74,3,0,0,345958.0625,6842.53076171875,1977.849731445313
2009,75,0,0,0,1513301,47955,3168.900390625
2009,75,1,0,0,1222236.625,40918.1953125,3347.81298828125
2009,75,3,0,0,291064.375,7036.8046875,2417.611083984375
2009,76,0,0,0,1510000,51082,3382.913818359375
2009,76,1,0,0,1217265.125,43285.453125,3555.95947265625
2009,76,3,0,0,292734.84375,7796.546875,2663.34765625
2009,77,0,0,0,1455744,54733,3759.795654296875
2009,77,1,0,0,1174693.125,46465.0625,3955.50634765625
2009,77,3,0,0,281050.8125,8267.9384765625,2941.794921875
2009,78,0,0,0,1417539,59223,4177.87451171875
2009,78,1,0,0,1145143,50043.8203125,4370.09375
2009,78,3,0,0,272395.96875,9179.177734375,3369.7919921875
2009,79,0,0,0,1398480,61994,4432.95556640625
2009,79,1,0,0,1146464.125,52766.5234375,4602.54443359375
2009,79,3,0,0,252015.96875,9227.4775390625,3661.46533203125
2009,80,0,0,0,1270444,64312,5062.16748046875
2009,80,1,0,0,1048557.625,54724.0703125,5218.9853515625
2009,80,3,0,0,221886.40625,9587.931640625,4321.09912109375
2009,81,0,0,0,1236769,68109,5507.0107421875
2009,81,1,0,0,1023692.5,57825.04296875,5648.67333984375
2009,81,3,0,0,213076.46875,10283.9580078125,4826.41650390625
2009,82,0,0,0,1152248,71549,6209.51416015625
2009,82,1,0,0,960339.75,60735.7578125,6324.4033203125
2009,82,3,0,0,191908.328125,10813.2421875,5634.58740234375
2009,83,0,0,0,1067638,72946,6832.4658203125
2009,83,1,0,0,889369.25,61838.6171875,6953.0869140625
2009,83,3,0,0,178268.703125,11107.37890625,6230.69482421875
2009,84,0,0,0,1000612,75824,7577.76220703125
2009,84,1,0,0,834271.875,64481.73046875,7729.1025390625
2009,84,3,0,0,166340.1875,11342.26953125,6818.71875
2010,25,0,0,0,4288920,3915,91.28172302246094
2010,25,1,0,0,3056329.5,3537.0703125,115.7293548583984
2010,25,3,0,0,1232590.5,377.9295654296875,30.66140556335449
2010,26,0,0,0,4160369,3959,95.15982818603516
2010,26,1,0,0,2921524.5,3574.330322265625,122.3446960449219
2010,26,3,0,0,1238844.375,384.6697998046875,31.05069541931152
2010,27,0,0,0,4236698,3937,92.92613983154297
2010,27,1,0,0,2920005.25,3535.12646484375,121.0657577514648
2010,27,3,0,0,1316692.625,401.8736572265625,30.52144813537598
2010,28,0,0,0,4247187,4188,98.6064453125
2010,28,1,0,0,2935948,3762.4609375,128.1514892578125
2010,28,3,0,0,1311238.75,425.5390930175781,32.45321273803711
2010,29,0,0,0,4209988,4264,101.2829513549805
2010,29,1,0,0,2872192.5,3822.959716796875,133.1024932861328
2010,29,3,0,0,1337795.125,441.0404052734375,32.96770858764648
2010,30,0,0,0,4303926,4427,102.8595733642578
2010,30,1,0,0,2959948,3942.1982421875,133.1847076416016
2010,30,3,0,0,1343978.25,484.8019104003906,36.0721549987793
2010,31,0,0,0,4042249,4341,107.3907089233398
2010,31,1,0,0,2740445.75,3845.521240234375,140.3246612548828
2010,31,3,0,0,1301803.25,495.4787292480469,38.06095504760742
2010,32,0,0,0,3967254,4390,110.6558837890625
2010,32,1,0,0,2691745.5,3854.90185546875,143.2119750976563
2010,32,3,0,0,1275508.5,535.0982666015625,41.95175933837891
2010,33,0,0,0,3933189,4411,112.1481857299805
2010,33,1,0,0,2637525.5,3898.57470703125,147.8118286132813
2010,33,3,0,0,1295663.625,512.4251098632813,39.54924011230469
2010,34,0,0,0,3821850,4427,115.8339538574219
2010,34,1,0,0,2605022,3908.373046875,150.0322418212891
2010,34,3,0,0,1216828.25,518.6270751953125,42.62122344970703
2010,35,0,0,0,3947964,4759,120.5431442260742
2010,35,1,0,0,2715337,4108.2333984375,151.29736328125
2010,35,3,0,0,1232627.25,650.7667236328125,52.79509353637695
2010,36,0,0,0,3829828,4997,130.475830078125
2010,36,1,0,0,2603542,4332.103515625,166.3926849365234
2010,36,3,0,0,1226285.75,664.896484375,54.22035598754883
2010,37,0,0,0,3896345,5402,138.6427612304688
2010,37,1,0,0,2643906,4705.88671875,177.9899444580078
2010,37,3,0,0,1252439,696.113525390625,55.58063125610352
2010,38,0,0,0,4079778,6030,147.8021545410156
2010,38,1,0,0,2795458,5208.8525390625,186.3327026367188
2010,38,3,0,0,1284320,821.1476440429688,63.93637466430664
2010,39,0,0,0,4323965,6824,157.818115234375
2010,39,1,0,0,2920543,5879.4921875,201.3150329589844
2010,39,3,0,0,1403421.75,944.5076904296875,67.30034637451172
2010,40,0,0,0,4386945,7107,162.0034027099609
2010,40,1,0,0,3011141,6079.63427734375,201.9046630859375
2010,40,3,0,0,1375804,1027.365600585938,74.67383575439453
2010,41,0,0,0,4163043,7594,182.4146423339844
2010,41,1,0,0,2843865.5,6530.224609375,229.6249389648438
2010,41,3,0,0,1319177.75,1063.775756835938,80.63930511474609
2010,42,0,0,0,4082337,8187,200.5468902587891
2010,42,1,0,0,2819623,7101.015625,251.8427276611328
2010,42,3,0,0,1262714,1085.984741210938,86.00401306152344
2010,43,0,0,0,4093405,8882,216.9831695556641
2010,43,1,0,0,2857251,7723.080078125,270.2975769042969
2010,43,3,0,0,1236154,1158.919921875,93.75206756591797
2010,44,0,0,0,4178062,10251,245.3529815673828
2010,44,1,0,0,2962812.75,9002.107421875,303.8365173339844
2010,44,3,0,0,1215249.25,1248.89208984375,102.7683868408203
2010,45,0,0,0,4438112,11627,261.9807739257813
2010,45,1,0,0,3178769.5,10188.0546875,320.5030822753906
2010,45,3,0,0,1259342.25,1438.946044921875,114.2617111206055
2010,46,0,0,0,4529302,13489,297.8163146972656
2010,46,1,0,0,3238197.25,11772.32421875,363.5456237792969
2010,46,3,0,0,1291104.75,1716.67578125,132.9617767333984
2010,47,0,0,0,4535096,14718,324.5355834960938
2010,47,1,0,0,3289767,12949.19921875,393.6205444335938
2010,47,3,0,0,1245328.875,1768.80029296875,142.0347900390625
2010,48,0,0,0,4534267,15924,351.1923828125
2010,48,1,0,0,3294141.5,13989.630859375,424.6821594238281
2010,48,3,0,0,1240125.75,1934.36865234375,155.9816589355469
2010,49,0,0,0,4598676,17811,387.30712890625
2010,49,1,0,0,3328602,15537.888671875,466.7992248535156
2010,49,3,0,0,1270073.75,2273.111328125,178.9747467041016
2010,50,0,0,0,4645792,19263,414.6332702636719
2010,50,1,0,0,3391291.25,16858.7890625,497.1200561523438
2010,50,3,0,0,1254500.875,2404.2099609375,191.646728515625
2010,51,0,0,0,4498619,20259,450.3381958007813
2010,51,1,0,0,3255553.25,17725.234375,544.4614868164063
2010,51,3,0,0,1243065.75,2533.765380859375,203.8319702148438
2010,52,0,0,0,4480236,22233,496.2461853027344
2010,52,1,0,0,3254171.25,19334.671875,594.150390625
2010,52,3,0,0,1226064.75,2898.327880859375,236.3927307128906
2010,53,0,0,0,4439092,23362,526.27880859375
2010,53,1,0,0,3222577,20290.50390625,629.635986328125
2010,53,3,0,0,1216515,3071.49658203125,252.4832458496094
2010,54,0,0,0,4288142,24521,571.832763671875
2010,54,1,0,0,3101256.5,21173.76953125,682.7481079101563
2010,54,3,0,0,1186885.625,3347.231201171875,282.0180053710938
2010,55,0,0,0,4258615,25630,601.8388671875
2010,55,1,0,0,3055368.5,21901.712890625,716.8272094726563
2010,55,3,0,0,1203246.25,3728.287109375,309.8523864746094
2010,56,0,0,0,4092857,27040,660.6632080078125
2010,56,1,0,0,2914232.75,22910.12109375,786.1458740234375
2010,56,3,0,0,1178624.25,4129.88037109375,350.3983764648438
2010,57,0,0,0,3946260,27950,708.2655639648438
2010,57,1,0,0,2770228,23587.7890625,851.4746704101563
2010,57,3,0,0,1176031.875,4362.2119140625,370.9263305664063
2010,58,0,0,0,3802193,29193,767.7937622070313
2010,58,1,0,0,2663519.5,24274.4765625,911.3684692382813
2010,58,3,0,0,1138673.5,4918.52294921875,431.9519958496094
2010,59,0,0,0,3694048,30148,816.1236572265625
2010,59,1,0,0,2560374.75,25019.49609375,977.1810302734375
2010,59,3,0,0,1133673.375,5128.50341796875,452.3792724609375
2010,60,0,0,0,3616506,31140,861.0520629882813
2010,60,1,0,0,2512780.5,25620.98828125,1019.627014160156
2010,60,3,0,0,1103725.75,5519.01171875,500.0346984863281
2010,61,0,0,0,3519939,32563,925.1012573242188
2010,61,1,0,0,2432353.5,26741.115234375,1099.392578125
2010,61,3,0,0,1087585.625,5821.88525390625,535.3036499023438
2010,62,0,0,0,3494915,35571,1017.79296875
2010,62,1,0,0,2440402.75,29298.484375,1200.559448242188
2010,62,3,0,0,1054512.125,6272.5146484375,594.8262329101563
2010,63,0,0,0,3652013,38345,1049.968872070313
2010,63,1,0,0,2549411,31441.671875,1233.291625976563
2010,63,3,0,0,1102601.875,6903.326171875,626.0941772460938
2010,64,0,0,0,2705937,33222,1227.744750976563
2010,64,1,0,0,1933752.25,27446.2578125,1419.326538085938
2010,64,3,0,0,772184.75,5775.7412109375,747.9739990234375
2010,65,0,0,0,2678384,34379,1283.572509765625
2010,65,1,0,0,1957742,28640.13671875,1462.916748046875
2010,65,3,0,0,720641.9375,5738.865234375,796.3546142578125
2010,66,0,0,0,2621243,37049,1413.413452148438
2010,66,1,0,0,1922044.125,31111.18359375,1618.65087890625
2010,66,3,0,0,699198.875,5937.81640625,849.2313842773438
2010,67,0,0,0,2693617,40139,1490.152465820313
2010,67,1,0,0,2002497.5,33735.171875,1684.654907226563
2010,67,3,0,0,691119.5,6403.82861328125,926.5877685546875
2010,68,0,0,0,2359748,39193,1660.897705078125
2010,68,1,0,0,1772767,33101.421875,1867.217895507813
2010,68,3,0,0,586981,6091.5771484375,1037.781005859375
2010,69,0,0,0,2167780,39202,1808.393798828125
2010,69,1,0,0,1650470.5,33329.67578125,2019.404541015625
2010,69,3,0,0,517309.53125,5872.32421875,1135.16650390625
2010,70,0,0,0,2062528,40181,1948.143188476563
2010,70,1,0,0,1584829.125,34202.1484375,2158.096923828125
2010,70,3,0,0,477698.84375,5978.8525390625,1251.594482421875
2010,71,0,0,0,1953545,41586,2128.745361328125
2010,71,1,0,0,1523396,35503.2421875,2330.53271484375
2010,71,3,0,0,430149.0625,6082.7578125,1414.104614257813
2010,72,0,0,0,1883778,43748,2322.354248046875
2010,72,1,0,0,1469129.75,37352.921875,2542.520263671875
2010,72,3,0,0,414648.3125,6395.08056640625,1542.290283203125
2010,73,0,0,0,1750273,44508,2542.91748046875
2010,73,1,0,0,1376715.125,37846.4453125,2749.039794921875
2010,73,3,0,0,373557.90625,6661.5576171875,1783.273071289063
2010,74,0,0,0,1685969,47166,2797.560302734375
2010,74,1,0,0,1333271.75,40120.53125,3009.1787109375
2010,74,3,0,0,352697.375,7045.4658203125,1997.59521484375
2010,75,0,0,0,1631858,49951,3060.9892578125
2010,75,1,0,0,1303752.75,42578.765625,3265.862060546875
2010,75,3,0,0,328105.25,7372.232421875,2246.910888671875
2010,76,0,0,0,1481686,50625,3416.7158203125
2010,76,1,0,0,1181150.5,43027.8984375,3642.88037109375
2010,76,3,0,0,300535.4375,7597.10400390625,2527.856201171875
2010,77,0,0,0,1449144,54012,3727.165771484375
2010,77,1,0,0,1165798.75,45666.8203125,3917.212890625
2010,77,3,0,0,283345.25,8345.177734375,2945.23291015625
2010,78,0,0,0,1402187,57767,4119.77880859375
2010,78,1,0,0,1128343.5,48697.2890625,4315.8212890625
2010,78,3,0,0,273843.5,9069.7099609375,3312.0048828125
2010,79,0,0,0,1354927,60993,4501.57080078125
2010,79,1,0,0,1082935,51374.640625,4744.01904296875
2010,79,3,0,0,271991.90625,9618.359375,3536.266845703125
2010,80,0,0,0,1319737,64957,4921.96533203125
2010,80,1,0,0,1074845,54962.51171875,5113.529296875
2010,80,3,0,0,244892,9994.48828125,4081.18212890625
2010,81,0,0,0,1212614,67177,5539.85009765625
2010,81,1,0,0,999365.25,57017.5703125,5705.37841796875
2010,81,3,0,0,213248.75,10159.427734375,4764.12060546875
2010,82,0,0,0,1158364,71411,6164.8154296875
2010,82,1,0,0,949457.4375,60368.0546875,6358.16357421875
2010,82,3,0,0,208906.609375,11042.94140625,5286.06591796875
2010,83,0,0,0,1081451,73119,6761.19384765625
2010,83,1,0,0,882746.5,61905.28515625,7012.80419921875
2010,83,3,0,0,198704.4375,11213.7138671875,5643.4140625
2010,84,0,0,0,987041,75639,7663.20751953125
2010,84,1,0,0,808181.5,63667.3125,7877.84814453125
2010,84,3,0,0,178859.40625,11971.689453125,6693.35205078125
2011,25,0,0,0,4267974,4012,94.00244903564453
2011,25,1,0,0,3025058.75,3667.533447265625,121.2384185791016
2011,25,3,0,0,1242915.25,344.4666137695313,27.71440887451172
2011,26,0,0,0,4311761,4100,95.08876037597656
2011,26,1,0,0,3005393,3699.34375,123.0901794433594
2011,26,3,0,0,1306367.75,400.6563720703125,30.66949272155762
2011,27,0,0,0,4181532,3988,95.37174224853516
2011,27,1,0,0,2870590.5,3584.875732421875,124.8828659057617
2011,27,3,0,0,1310941.5,403.1243896484375,30.75075340270996
2011,28,0,0,0,4256204,4114,96.65889739990234
2011,28,1,0,0,2905845.5,3700.662353515625,127.3523406982422
2011,28,3,0,0,1350358.5,413.3377380371094,30.60948181152344
2011,29,0,0,0,4264567,4358,102.1909103393555
2011,29,1,0,0,2882757,3897.10595703125,135.186767578125
2011,29,3,0,0,1381810,460.8939819335938,33.35436630249023
2011,30,0,0,0,4225300,4454,105.4126358032227
2011,30,1,0,0,2884652,3972.462646484375,137.7102966308594
2011,30,3,0,0,1340648,481.5372924804688,35.91825103759766
2011,31,0,0,0,4317294,4651,107.7295150756836
2011,31,1,0,0,2909361,4141.19775390625,142.3404541015625
2011,31,3,0,0,1407932.875,509.8020629882813,36.20925903320313
2011,32,0,0,0,4053592,4663,115.0337753295898
2011,32,1,0,0,2751859.5,4167.765625,151.4526977539063
2011,32,3,0,0,1301732.5,495.2345581054688,38.04426574707031
2011,33,0,0,0,3977570,4627,116.3273086547852
2011,33,1,0,0,2665764.25,4073.9404296875,152.8244781494141
2011,33,3,0,0,1311805.75,553.0595092773438,42.1601676940918
2011,34,0,0,0,3942114,4781,121.2801055908203
2011,34,1,0,0,2656786.5,4174.4482421875,157.1239624023438
2011,34,3,0,0,1285327.75,606.5516967773438,47.1904296875
2011,35,0,0,0,3829864,4757,124.2080688476563
2011,35,1,0,0,2592858.5,4132.34912109375,159.374267578125
2011,35,3,0,0,1237005.5,624.6510620117188,50.49703216552734
2011,36,0,0,0,3954144,5083,128.5486755371094
2011,36,1,0,0,2692092,4396.4130859375,163.3084259033203
2011,36,3,0,0,1262052,686.5872802734375,54.4024543762207
2011,37,0,0,0,3834765,5281,137.7137908935547
2011,37,1,0,0,2586868,4597.34423828125,177.7185516357422
2011,37,3,0,0,1247896.75,683.65576171875,54.78464126586914
2011,38,0,0,0,3899899,5847,149.9269561767578
2011,38,1,0,0,2641779,5086.76123046875,192.5505981445313
2011,38,3,0,0,1258119.75,760.23876953125,60.42658233642578
2011,39,0,0,0,4082351,6510,159.4669342041016
2011,39,1,0,0,2768647.75,5595.615234375,202.1064300537109
2011,39,3,0,0,1313703.25,914.3848876953125,69.60360717773438
2011,40,0,0,0,4324162,7453,172.3571014404297
2011,40,1,0,0,2904451.5,6417.9521484375,220.9695129394531
2011,40,3,0,0,1419710.5,1035.048095703125,72.90557098388672
2011,41,0,0,0,4385306,7816,178.2315826416016
2011,41,1,0,0,2952344,6717.1611328125,227.5195922851563
2011,41,3,0,0,1432962,1098.8388671875,76.68304443359375
2011,42,0,0,0,4160611,8441,202.8788604736328
2011,42,1,0,0,2882330.75,7230.412109375,250.8529663085938
2011,42,3,0,0,1278280.25,1210.587768554688,94.70440673828125
2011,43,0,0,0,4079076,8991,220.4175720214844
2011,43,1,0,0,2804855,7813.30712890625,278.5636596679688
2011,43,3,0,0,1274221.25,1177.69287109375,92.42452239990234
2011,44,0,0,0,4089258,9714,237.5492095947266
2011,44,1,0,0,2842225.25,8403.935546875,295.6815490722656
2011,44,3,0,0,1247032.75,1310.064208984375,105.0545120239258
2011,45,0,0,0,4171964,11059,265.0789794921875
2011,45,1,0,0,2964202.5,9677.4267578125,326.4765625
2011,45,3,0,0,1207761.5,1381.5732421875,114.391227722168
2011,46,0,0,0,4430147,12734,287.4396667480469
2011,46,1,0,0,3169539.5,11103.658203125,350.3240051269531
2011,46,3,0,0,1260607.75,1630.342407226563,129.3298797607422
2011,47,0,0,0,4519326,14488,320.5787658691406
2011,47,1,0,0,3224042,12644.294921875,392.1876525878906
2011,47,3,0,0,1295284,1843.7060546875,142.3399047851563
2011,48,0,0,0,4523052,15866,350.7808532714844
2011,48,1,0,0,3253414,13911.091796875,427.5844421386719
2011,48,3,0,0,1269638,1954.90869140625,153.9737091064453
2011,49,0,0,0,4520386,17527,387.7323608398438
2011,49,1,0,0,3246385.5,15227.611328125,469.0635681152344
2011,49,3,0,0,1274000.5,2299.38818359375,180.4856567382813
2011,50,0,0,0,4582646,19331,421.8305358886719
2011,50,1,0,0,3310570.5,16882.8203125,509.9671020507813
2011,50,3,0,0,1272075.5,2448.178955078125,192.4554748535156
2011,51,0,0,0,4628125,20743,448.1944580078125
2011,51,1,0,0,3377351,18137.23828125,537.0255737304688
2011,51,3,0,0,1250773.875,2605.760498046875,208.3318634033203
2011,52,0,0,0,4479451,22408,500.2398681640625
2011,52,1,0,0,3253586.5,19620.31640625,603.0365600585938
2011,52,3,0,0,1225864.75,2787.68408203125,227.405517578125
2011,53,0,0,0,4459275,23696,531.3868408203125
2011,53,1,0,0,3258647,20665.0625,634.1608276367188
2011,53,3,0,0,1200628,3030.93896484375,252.4461364746094
2011,54,0,0,0,4416457,25395,575.0084228515625
2011,54,1,0,0,3217956,22042.06640625,684.9710083007813
2011,54,3,0,0,1198501,3352.93505859375,279.7607116699219
2011,55,0,0,0,4264196,26577,623.2593383789063
2011,55,1,0,0,3080721,22866.08203125,742.2315063476563
2011,55,3,0,0,1183475,3710.9169921875,313.5610656738281
2011,56,0,0,0,4233621,27949,660.167724609375
2011,56,1,0,0,3048500.25,23976.3125,786.495361328125
2011,56,3,0,0,1185120.75,3972.68798828125,335.2137756347656
2011,57,0,0,0,4066825,29099,715.5213012695313
2011,57,1,0,0,2889253.5,24888.08984375,861.402099609375
2011,57,3,0,0,1177571.25,4210.90869140625,357.5926818847656
2011,58,0,0,0,3919214,29725,758.44287109375
2011,58,1,0,0,2751178.5,25080.9765625,911.6448364257813
2011,58,3,0,0,1168035.625,4644.0224609375,397.592529296875
2011,59,0,0,0,3774178,30922,819.3042602539063
2011,59,1,0,0,2640265,25788.07421875,976.7229614257813
2011,59,3,0,0,1133913,5133.92578125,452.7618713378906
2011,60,0,0,0,3665273,31999,873.0318603515625
2011,60,1,0,0,2546824.25,26397.48828125,1036.486450195313
2011,60,3,0,0,1118448.75,5601.51171875,500.8286437988281
2011,61,0,0,0,3586699,32922,917.891357421875
2011,61,1,0,0,2499743.5,27179.8671875,1087.306274414063
2011,61,3,0,0,1086955.5,5742.1337890625,528.2767944335938
2011,62,0,0,0,3488021,34963,1002.37353515625
2011,62,1,0,0,2433885,28694.55859375,1178.961181640625
2011,62,3,0,0,1054136,6268.44091796875,594.6520385742188
2011,63,0,0,0,3459942,37844,1093.775512695313
2011,63,1,0,0,2398897.5,31200.35546875,1300.6123046875
2011,63,3,0,0,1061044.25,6643.642578125,626.1419067382813
2011,64,0,0,0,3613032,41315,1143.499389648438
2011,64,1,0,0,2544315,33615.98046875,1321.21923828125
2011,64,3,0,0,1068716.75,7699.0185546875,720.3984375
2011,65,0,0,0,2674636,34544,1291.540283203125
2011,65,1,0,0,1919693,28515.42578125,1485.415893554688
2011,65,3,0,0,754943,6028.5751953125,798.5470581054688
2011,66,0,0,0,2645187,35741,1351.171020507813
2011,66,1,0,0,1909998.75,29825.78515625,1561.560424804688
2011,66,3,0,0,735188.375,5915.21435546875,804.5848388671875
2011,67,0,0,0,2585272,38966,1507.230224609375
2011,67,1,0,0,1901364.75,32590.56640625,1714.061767578125
2011,67,3,0,0,683907.1875,6375.43359375,932.2073974609375
2011,68,0,0,0,2653141,42848,1614.991455078125
2011,68,1,0,0,1964623.875,35972.71484375,1831.02294921875
2011,68,3,0,0,688517.25,6875.2841796875,998.5638427734375
2011,69,0,0,0,2321074,41376,1782.623046875
2011,69,1,0,0,1728801,34926.96484375,2020.299926757813
2011,69,3,0,0,592273.125,6449.03369140625,1088.861450195313
2011,70,0,0,0,2128951,41773,1962.140014648438
2011,70,1,0,0,1633160.5,35437.69921875,2169.884765625
2011,70,3,0,0,495790.375,6335.30126953125,1277.818481445313
2011,71,0,0,0,2022303,42217,2087.570556640625
2011,71,1,0,0,1538651,35898.6796875,2333.126953125
2011,71,3,0,0,483652,6318.3193359375,1306.377197265625
2011,72,0,0,0,1911721,44239,2314.093017578125
2011,72,1,0,0,1482161.5,37498.625,2529.995849609375
2011,72,3,0,0,429559.59375,6740.3759765625,1569.136352539063
2011,73,0,0,0,1839514,46254,2514.468505859375
2011,73,1,0,0,1433272,39352.01171875,2745.606689453125
2011,73,3,0,0,406241.96875,6901.9892578125,1698.984741210938
2011,74,0,0,0,1705013,47094,2762.09033203125
2011,74,1,0,0,1343079.25,39885.6171875,2969.71435546875
2011,74,3,0,0,361933.625,7208.380859375,1991.630615234375
2011,75,0,0,0,1638171,49648,3030.697021484375
2011,75,1,0,0,1293931,42251.57421875,3265.365234375
2011,75,3,0,0,344239.9375,7396.42578125,2148.625244140625
2011,76,0,0,0,1580932,52770,3337.904541015625
2011,76,1,0,0,1260580.5,44760.7734375,3550.806396484375
2011,76,3,0,0,320351.4375,8009.224609375,2500.136962890625
2011,77,0,0,0,1430449,53114,3713.099853515625
2011,77,1,0,0,1149762.375,44863.859375,3902.011474609375
2011,77,3,0,0,280686.59375,8250.1396484375,2939.27099609375
2011,78,0,0,0,1394194,56561,4056.89599609375
2011,78,1,0,0,1110527.125,47627.6640625,4288.74365234375
2011,78,3,0,0,283666.84375,8933.337890625,3149.23583984375
2011,79,0,0,0,1343437,60183,4479.7783203125
2011,79,1,0,0,1076182,50379.11328125,4681.28173828125
2011,79,3,0,0,267254.9375,9803.88671875,3668.364990234375
2011,80,0,0,0,1292169,64593,4998.80419921875
2011,80,1,0,0,1047856.375,54261.4765625,5178.33154296875
2011,80,3,0,0,244312.5625,10331.5234375,4228.81396484375
2011,81,0,0,0,1252185,68673,5484.25341796875
2011,81,1,0,0,1017737.375,57765.1796875,5675.84326171875
2011,81,3,0,0,234447.65625,10907.8232421875,4652.5625
2011,82,0,0,0,1143712,70496,6163.78955078125
2011,82,1,0,0,929942.375,59429.484375,6390.6630859375
2011,82,3,0,0,213769.609375,11066.5126953125,5176.8408203125
2011,83,0,0,0,1085157,74190,6836.798828125
2011,83,1,0,0,892626.125,62404.2578125,6991.0859375
2011,83,3,0,0,192530.9375,11785.7421875,6121.4794921875
2011,84,0,0,0,1005202,75997,7560.37109375
2011,84,1,0,0,823166.75,63956.109375,7769.5205078125
2011,84,3,0,0,182035.28125,12040.89453125,6614.59375
2012,25,0,0,0,4271553,3957,92.63610076904297
2012,25,1,0,0,2982549.5,3562.4501953125,119.4431228637695
2012,25,3,0,0,1289003.75,394.5495910644531,30.60887908935547
2012,26,0,0,0,4295651,4127,96.07391357421875
2012,26,1,0,0,2960012,3712.024658203125,125.4057312011719
2012,26,3,0,0,1335639,414.9752807617188,31.06941986083984
2012,27,0,0,0,4337435,4115,94.87174224853516
2012,27,1,0,0,2950450.5,3692.379638671875,125.1463012695313
2012,27,3,0,0,1386984.25,422.6202392578125,30.4704418182373
2012,28,0,0,0,4204927,4284,101.880485534668
2012,28,1,0,0,2830995,3804.69384765625,134.3942260742188
2012,28,3,0,0,1373932,479.3059387207031,34.88571166992188
2012,29,0,0,0,4277615,4509,105.4092025756836
2012,29,1,0,0,2854804.75,4045.2529296875,141.6998138427734
2012,29,3,0,0,1422810.25,463.7469482421875,32.59373092651367
2012,30,0,0,0,4283270,4586,107.0677337646484
2012,30,1,0,0,2860015.5,4058.78662109375,141.9148406982422
2012,30,3,0,0,1423254.625,527.2135009765625,37.04280853271484
2012,31,0,0,0,4241565,4694,110.6667022705078
2012,31,1,0,0,2823833,4173.57421875,147.7982025146484
2012,31,3,0,0,1417732.25,520.4259033203125,36.70833587646484
2012,32,0,0,0,4331495,4666,107.7226257324219
2012,32,1,0,0,2917615,4120.9609375,141.2441711425781
2012,32,3,0,0,1413879.75,545.0390625,38.54917907714844
2012,33,0,0,0,4065734,4828,118.7485427856445
2012,33,1,0,0,2733963,4273.96630859375,156.32861328125
2012,33,3,0,0,1331771,554.0338745117188,41.60128784179688
2012,34,0,0,0,3988622,4825,120.9690933227539
2012,34,1,0,0,2690001.75,4245.3369140625,157.8191070556641
2012,34,3,0,0,1298620.25,579.6629028320313,44.6368293762207
2012,35,0,0,0,3951867,5011,126.8008270263672
2012,35,1,0,0,2665402.5,4393.7900390625,164.8452758789063
2012,35,3,0,0,1286464.5,617.2103271484375,47.97725296020508
2012,36,0,0,0,3837924,5172,134.7603607177734
2012,36,1,0,0,2545409.5,4517.30859375,177.4688415527344
2012,36,3,0,0,1292514.25,654.6912231445313,50.65253448486328
2012,37,0,0,0,3960899,5404,136.4336700439453
2012,37,1,0,0,2631679.75,4730.767578125,179.7622833251953
2012,37,3,0,0,1329219.125,673.2325439453125,50.64872360229492
2012,38,0,0,0,3840318,5622,146.3941192626953
2012,38,1,0,0,2567984.5,4855.6650390625,189.0846710205078
2012,38,3,0,0,1272333.5,766.3351440429688,60.23068237304688
2012,39,0,0,0,3903922,6163,157.8668823242188
2012,39,1,0,0,2635660.25,5310.439453125,201.4842224121094
2012,39,3,0,0,1268261.75,852.5604248046875,67.22274780273438
2012,40,0,0,0,4084648,7009,171.5937347412109
2012,40,1,0,0,2786690.25,6031.5517578125,216.44140625
2012,40,3,0,0,1297957.75,977.4481201171875,75.30661773681641
2012,41,0,0,0,4324443,7924,183.2374725341797
2012,41,1,0,0,2888888,6772.3154296875,234.4263763427734
2012,41,3,0,0,1435555,1151.6845703125,80.22573852539063
2012,42,0,0,0,4384058,8437,192.447265625
2012,42,1,0,0,2965858,7255.462890625,244.6328430175781
2012,42,3,0,0,1418199.75,1181.53759765625,83.31249237060547
2012,43,0,0,0,4158255,8906,214.1763763427734
2012,43,1,0,0,2801339.5,7647.751953125,273.0033874511719
2012,43,3,0,0,1356915.625,1258.248413085938,92.72856903076172
2012,44,0,0,0,4075927,9514,233.4192962646484
2012,44,1,0,0,2807444,8228.7998046875,293.1064758300781
2012,44,3,0,0,1268483.25,1285.2001953125,101.31787109375
2012,45,0,0,0,4084573,10436,255.4979400634766
2012,45,1,0,0,2847997.5,9045.6923828125,317.6158752441406
2012,45,3,0,0,1236575.5,1390.3076171875,112.4320831298828
2012,46,0,0,0,4165313,11833,284.0842895507813
2012,46,1,0,0,2933403,10235.728515625,348.93701171875
2012,46,3,0,0,1231909.75,1597.272216796875,129.6582183837891
2012,47,0,0,0,4421446,13724,310.3961791992188
2012,47,1,0,0,3133658,12005.4638671875,383.1134033203125
2012,47,3,0,0,1287788,1718.535888671875,133.4486694335938
2012,48,0,0,0,4508452,15563,345.1960754394531
2012,48,1,0,0,3220659,13643.173828125,423.6143493652344
2012,48,3,0,0,1287792.75,1919.82666015625,149.078857421875
2012,49,0,0,0,4510206,16923,375.2156677246094
2012,49,1,0,0,3220056.75,14870.623046875,461.8124389648438
2012,49,3,0,0,1290149.125,2052.37646484375,159.08056640625
2012,50,0,0,0,4505720,18901,419.489013671875
2012,50,1,0,0,3247683,16595.95703125,511.0091552734375
2012,50,3,0,0,1258037,2305.04296875,183.2253723144531
2012,51,0,0,0,4565482,20891,457.5858459472656
2012,51,1,0,0,3293203.5,18140.814453125,550.8561401367188
2012,51,3,0,0,1272278.75,2750.185546875,216.1621856689453
2012,52,0,0,0,4608768,22318,484.2508850097656
2012,52,1,0,0,3334807.5,19579.271484375,587.1184692382813
2012,52,3,0,0,1273960.5,2738.729248046875,214.9775695800781
2012,53,0,0,0,4458809,23538,527.8988037109375
2012,53,1,0,0,3234719.5,20537.19921875,634.89892578125
2012,53,3,0,0,1224089.25,3000.800048828125,245.1455230712891
2012,54,0,0,0,4437155,25336,570.9965209960938
2012,54,1,0,0,3214404,21909.5,681.6038208007813
2012,54,3,0,0,1222751,3426.50146484375,280.2288818359375
2012,55,0,0,0,4392433,27447,624.8701171875
2012,55,1,0,0,3177126.5,23841.828125,750.421142578125
2012,55,3,0,0,1215306.5,3605.17236328125,296.6471862792969
2012,56,0,0,0,4239081,28607,674.8396606445313
2012,56,1,0,0,3046991.5,24637,808.5680541992188
2012,56,3,0,0,1192089.5,3969.9990234375,333.0285949707031
2012,57,0,0,0,4207066,29739,706.8822021484375
2012,57,1,0,0,3026579.5,25437.37890625,840.4662475585938
2012,57,3,0,0,1180486.875,4301.6220703125,364.3938903808594
2012,58,0,0,0,4039562,31089,769.6131591796875
2012,58,1,0,0,2877652,26302.56640625,914.0287475585938
2012,58,3,0,0,1161909.875,4786.43505859375,411.9454650878906
2012,59,0,0,0,3891097,32096,824.8573608398438
2012,59,1,0,0,2716448,26840.798828125,988.0844116210938
2012,59,3,0,0,1174649,5255.201171875,447.3847961425781
2012,60,0,0,0,3744816,33235,887.4935302734375
2012,60,1,0,0,2601427.5,27651.53515625,1062.93701171875
2012,60,3,0,0,1143388.25,5583.4658203125,488.3263244628906
2012,61,0,0,0,3634742,34291,943.4232177734375
2012,61,1,0,0,2508815.75,28295.52734375,1127.843994140625
2012,61,3,0,0,1125926.25,5995.47265625,532.4924926757813
2012,62,0,0,0,3554736,35562,1000.411865234375
2012,62,1,0,0,2450724.5,29349.212890625,1197.572875976563
2012,62,3,0,0,1104011.5,6212.787109375,562.74658203125
2012,63,0,0,0,3453979,37540,1086.862426757813
2012,63,1,0,0,2399720.75,30829.97265625,1284.731689453125
2012,63,3,0,0,1054258.25,6710.02880859375,636.4691772460938
2012,64,0,0,0,3423248,40000,1168.48095703125
2012,64,1,0,0,2390197,32605.791015625,1364.146606445313
2012,64,3,0,0,1033050.9375,7394.2099609375,715.7643432617188
2012,65,0,0,0,3572333,43332,1212.98876953125
2012,65,1,0,0,2479026.5,35244.4375,1421.704711914063
2012,65,3,0,0,1093306.625,8087.5595703125,739.73388671875
2012,66,0,0,0,2641789,36941,1398.332763671875
2012,66,1,0,0,1859185.5,30361.59765625,1633.05908203125
2012,66,3,0,0,782603.375,6579.4013671875,840.70703125
2012,67,0,0,0,2609972,38210,1464.000366210938
2012,67,1,0,0,1884232.75,31709.283203125,1682.875122070313
2012,67,3,0,0,725739.375,6500.716796875,895.7371215820313
2012,68,0,0,0,2546904,41710,1637.674560546875
2012,68,1,0,0,1860114.5,34679.71484375,1864.385986328125
2012,68,3,0,0,686789.5,7030.2841796875,1023.644653320313
2012,69,0,0,0,2610392,45297,1735.256591796875
2012,69,1,0,0,1914387.375,37672.125,1967.84228515625
2012,69,3,0,0,696004.5,7624.8759765625,1095.521118164063
2012,70,0,0,0,2280611,43873,1923.738891601563
2012,70,1,0,0,1701495.625,36696.3828125,2156.71337890625
2012,70,3,0,0,579115.3125,7176.6142578125,1239.237548828125
2012,71,0,0,0,2088775,43899,2101.662353515625
2012,71,1,0,0,1572913.5,36968.5,2350.320068359375
2012,71,3,0,0,515861.4375,6930.5009765625,1343.481079101563
2012,72,0,0,0,1980516,44604,2252.140380859375
2012,72,1,0,0,1521434.625,37621.140625,2472.7412109375
2012,72,3,0,0,459081.3125,6982.859375,1521.050659179688
2012,73,0,0,0,1868201,46022,2463.439453125
2012,73,1,0,0,1451368.75,38946.78125,2683.451904296875
2012,73,3,0,0,416832.3125,7075.2158203125,1697.376953125
2012,74,0,0,0,1793547,48458,2701.797119140625
2012,74,1,0,0,1398613.25,40955.6015625,2928.30078125
2012,74,3,0,0,394933.75,7502.3974609375,1899.659790039063
2012,75,0,0,0,1658243,49471,2983.33837890625
2012,75,1,0,0,1288960.625,41828.890625,3245.164306640625
2012,75,3,0,0,369282.375,7642.1083984375,2069.448486328125
2012,76,0,0,0,1588625,52228,3287.623046875
2012,76,1,0,0,1270789.125,44116.19921875,3471.559326171875
2012,76,3,0,0,317835.8125,8111.802734375,2552.198974609375
2012,77,0,0,0,1528226,55335,3620.864990234375
2012,77,1,0,0,1213944.625,46754.89453125,3851.48486328125
2012,77,3,0,0,314281.40625,8580.1044921875,2730.070556640625
2012,78,0,0,0,1377628,55289,4013.34765625
2012,78,1,0,0,1101048.25,46765.5390625,4247.365234375
2012,78,3,0,0,276579.75,8523.4609375,3081.737060546875
2012,79,0,0,0,1337551,59613,4456.876953125
2012,79,1,0,0,1058823.25,50033.1953125,4725.3583984375
2012,79,3,0,0,278727.8125,9579.806640625,3436.9755859375
2012,80,0,0,0,1282872,63071,4916.390625
2012,80,1,0,0,1025642.5625,52609.984375,5129.4658203125
2012,80,3,0,0,257229.40625,10461.017578125,4066.8046875
2012,81,0,0,0,1227637,66712,5434.1796875
2012,81,1,0,0,974321.75,55587.6328125,5705.2646484375
2012,81,3,0,0,253315.34375,11124.3671875,4391.50927734375
2012,82,0,0,0,1183074,70743,5979.59228515625
2012,82,1,0,0,938898.875,59417.578125,6328.43212890625
2012,82,3,0,0,244175.09375,11325.419921875,4638.2373046875
2012,83,0,0,0,1073311,72321,6738.12158203125
2012,83,1,0,0,868834,60665.6328125,6982.41943359375
2012,83,3,0,0,204477.03125,11655.369140625,5700.08740234375
2012,84,0,0,0,1010674,75645,7484.609375
2012,84,1,0,0,818669.25,63591.7421875,7767.6962890625
2012,84,3,0,0,192004.765625,12053.2578125,6277.58251953125
2013,25,0,0,0,4369332,3963,90.70036315917969
2013,25,1,0,0,3054467,3598.538330078125,117.8123168945313
2013,25,3,0,0,1314864.75,364.4618225097656,27.71857833862305
2013,26,0,0,0,4297710,4156,96.70265960693359
2013,26,1,0,0,2954545.25,3736.526123046875,126.4670486450195
2013,26,3,0,0,1343164.75,419.4739685058594,31.23026847839355
2013,27,0,0,0,4320571,4290,99.29243469238281
2013,27,1,0,0,2940005,3841.1923828125,130.6525726318359
2013,27,3,0,0,1380565.5,448.8075561523438,32.50896453857422
2013,28,0,0,0,4359532,4293,98.47386932373047
2013,28,1,0,0,2925371.75,3823.59912109375,130.7047271728516
2013,28,3,0,0,1434160.25,469.4009094238281,32.73001861572266
2013,29,0,0,0,4225749,4354,103.0349884033203
2013,29,1,0,0,2800144.25,3884.74365234375,138.7337036132813
2013,29,3,0,0,1425604.75,469.2562866210938,32.91629791259766
2013,30,0,0,0,4296809,4607,107.2191009521484
2013,30,1,0,0,2888303,4101.67529296875,142.0098724365234
2013,30,3,0,0,1408506,505.3246459960938,35.87664031982422
2013,31,0,0,0,4299447,4723,109.8513336181641
2013,31,1,0,0,2819643.75,4186.42724609375,148.4736175537109
2013,31,3,0,0,1479803.375,536.5728149414063,36.25973892211914
2013,32,0,0,0,4255692,4822,113.3070755004883
2013,32,1,0,0,2820270.25,4298.45263671875,152.4127960205078
2013,32,3,0,0,1435421.625,523.547119140625,36.47340393066406
2013,33,0,0,0,4343476,5064,116.5886459350586
2013,33,1,0,0,2854676.5,4432.69775390625,155.2784576416016
2013,33,3,0,0,1488799.375,631.302490234375,42.40346145629883
2013,34,0,0,0,4075870,5191,127.3593139648438
2013,34,1,0,0,2714013.5,4551.298828125,167.6962432861328
2013,34,3,0,0,1361856.25,639.7013549804688,46.97275161743164
2013,35,0,0,0,3997698,5261,131.6007385253906
2013,35,1,0,0,2669454.75,4608.9091796875,172.6535797119141
2013,35,3,0,0,1328243.25,652.0904541015625,49.09420394897461
2013,36,0,0,0,3959048,5279,133.3401336669922
2013,36,1,0,0,2624570.5,4568.91650390625,174.0824432373047
2013,36,3,0,0,1334477.25,710.0836181640625,53.21062088012695
2013,37,0,0,0,3844203,5442,141.5637969970703
2013,37,1,0,0,2561127.75,4707.7919921875,183.8171539306641
2013,37,3,0,0,1283075.375,734.2076416015625,57.22248840332031
2013,38,0,0,0,3965886,5739,144.7091522216797
2013,38,1,0,0,2643351,4926.408203125,186.3698120117188
2013,38,3,0,0,1322535,812.5917358398438,61.44198226928711
2013,39,0,0,0,3844285,6100,158.6771087646484
2013,39,1,0,0,2586583,5276.806640625,204.0068511962891
2013,39,3,0,0,1257702.125,823.193359375,65.45217132568359
2013,40,0,0,0,3906127,6742,172.6006317138672
2013,40,1,0,0,2657456,5755.4853515625,216.5787658691406
2013,40,3,0,0,1248671,986.5148315429688,79.00518798828125
2013,41,0,0,0,4085581,7454,182.4465179443359
2013,41,1,0,0,2722494.75,6437.74609375,236.4649658203125
2013,41,3,0,0,1363086.25,1016.254028320313,74.55537414550781
2013,42,0,0,0,4323279,8666,200.44970703125
2013,42,1,0,0,2911791.75,7407.240234375,254.3877105712891
2013,42,3,0,0,1411487,1258.760131835938,89.17971801757813
2013,43,0,0,0,4380908,9219,210.4358215332031
2013,43,1,0,0,2929662.5,7954.1640625,271.5044555664063
2013,43,3,0,0,1451245.5,1264.835815429688,87.15518951416016
2013,44,0,0,0,4154366,9671,232.7912445068359
2013,44,1,0,0,2804675.5,8269.2890625,294.8394165039063
2013,44,3,0,0,1349690.75,1401.711181640625,103.854248046875
2013,45,0,0,0,4070522,10346,254.1688690185547
2013,45,1,0,0,2795207.5,8908.56640625,318.7085876464844
2013,45,3,0,0,1275314.375,1437.434204101563,112.7121429443359
2013,46,0,0,0,4077717,11586,284.1295776367188
2013,46,1,0,0,2794746,10008.087890625,358.1036682128906
2013,46,3,0,0,1282971.125,1577.912109375,122.988899230957
2013,47,0,0,0,4157081,13111,315.3895874023438
2013,47,1,0,0,2884443,11396.7353515625,395.1104431152344
2013,47,3,0,0,1272638,1714.2646484375,134.7016754150391
2013,48,0,0,0,4410792,14808,335.7220153808594
2013,48,1,0,0,3110740.75,12973.4013671875,417.0518493652344
2013,48,3,0,0,1300051.25,1834.598388671875,141.1173858642578
2013,49,0,0,0,4495612,16982,377.7461242675781
2013,49,1,0,0,3181913.5,14841.546875,466.4346313476563
2013,49,3,0,0,1313698.25,2140.45361328125,162.9334259033203
2013,50,0,0,0,4495099,18589,413.5392761230469
2013,50,1,0,0,3214379.75,16262.984375,505.9447021484375
2013,50,3,0,0,1280719.25,2326.01611328125,181.6179504394531
2013,51,0,0,0,4488150,20534,457.5158996582031
2013,51,1,0,0,3220225.5,17867.19140625,554.8428344726563
2013,51,3,0,0,1267924.75,2666.8095703125,210.3286895751953
2013,52,0,0,0,4545746,22221,488.8306579589844
2013,52,1,0,0,3276657.5,19417.890625,592.61279296875
2013,52,3,0,0,1269088.25,2803.11083984375,220.8759613037109
2013,53,0,0,0,4587606,23975,522.6036987304688
2013,53,1,0,0,3325346.5,21006.0078125,631.6937866210938
2013,53,3,0,0,1262259.625,2968.9912109375,235.21240234375
2013,54,0,0,0,4436394,25572,576.4140625
2013,54,1,0,0,3209489.75,22250.154296875,693.2614135742188
2013,54,3,0,0,1226904.25,3321.845703125,270.7502136230469
2013,55,0,0,0,4412604,27573,624.869140625
2013,55,1,0,0,3197431,24072.4375,752.8681030273438
2013,55,3,0,0,1215172.75,3500.560791015625,288.071044921875
2013,56,0,0,0,4365668,29471,675.0628051757813
2013,56,1,0,0,3157668,25479.20703125,806.8994750976563
2013,56,3,0,0,1208000.25,3991.79296875,330.4463806152344
2013,57,0,0,0,4211538,30563,725.6968994140625
2013,57,1,0,0,3019352.5,26341.640625,872.4268188476563
2013,57,3,0,0,1192185.5,4221.3603515625,354.0858764648438
2013,58,0,0,0,4177929,32235,771.5545043945313
2013,58,1,0,0,2967662.5,27504.33984375,926.8014526367188
2013,58,3,0,0,1210266.375,4730.66015625,390.8775939941406
2013,59,0,0,0,4009527,33139,826.5064697265625
2013,59,1,0,0,2861030.5,28023.21484375,979.479736328125
2013,59,3,0,0,1148496.25,5115.78515625,445.433349609375
2013,60,0,0,0,3860100,34448,892.412109375
2013,60,1,0,0,2708968.5,28848.79296875,1064.936401367188
2013,60,3,0,0,1151131.375,5599.20556640625,486.4089050292969
2013,61,0,0,0,3712717,35541,957.2774047851563
2013,61,1,0,0,2560108,29632.62890625,1157.475708007813
2013,61,3,0,0,1152609.25,5908.37060546875,512.6082763671875
2013,62,0,0,0,3601304,36704,1019.186401367188
2013,62,1,0,0,2487183,30288.634765625,1217.788696289063
2013,62,3,0,0,1114120.875,6415.365234375,575.8230590820313
2013,63,0,0,0,3519573,38167,1084.421264648438
2013,63,1,0,0,2417771.5,31365.11328125,1297.273681640625
2013,63,3,0,0,1101801.5,6801.888671875,617.3424682617188
2013,64,0,0,0,3416465,40286,1179.171997070313
2013,64,1,0,0,2372533.5,32907.203125,1387.0068359375
2013,64,3,0,0,1043931.375,7378.7978515625,706.827880859375
2013,65,0,0,0,3383252,42834,1266.059936523438
2013,65,1,0,0,2348934,34785.84765625,1480.920654296875
2013,65,3,0,0,1034318.25,8048.15185546875,778.1117553710938
2013,66,0,0,0,3527836,46718,1324.267944335938
2013,66,1,0,0,2449795,37983.1484375,1550.462280273438
2013,66,3,0,0,1078040.75,8734.853515625,810.2526245117188
2013,67,0,0,0,2606024,39259,1506.47119140625
2013,67,1,0,0,1846586.75,32101.140625,1738.404174804688
2013,67,3,0,0,759437.1875,7157.8603515625,942.521728515625
2013,68,0,0,0,2571601,40999,1594.298706054688
2013,68,1,0,0,1848827.5,33955.7734375,1836.611206054688
2013,68,3,0,0,722773.625,7043.2275390625,974.4721069335938
2013,69,0,0,0,2505262,44699,1784.20458984375
2013,69,1,0,0,1826928.75,37193.375,2035.841552734375
2013,69,3,0,0,678333.1875,7505.625,1106.480590820313
2013,70,0,0,0,2563981,48719,1900.131103515625
2013,70,1,0,0,1900998,40437.3203125,2127.16259765625
2013,70,3,0,0,662983.125,8281.6796875,1249.153930664063
2013,71,0,0,0,2236637,47166,2108.791015625
2013,71,1,0,0,1668715,39600.6484375,2373.122314453125
2013,71,3,0,0,567921.9375,7565.353515625,1332.111572265625
2013,72,0,0,0,2044816,46689,2283.2861328125
2013,72,1,0,0,1555021.5,39398.359375,2533.62158203125
2013,72,3,0,0,489794.5625,7290.6376953125,1488.50927734375
2013,73,0,0,0,1934694,47625,2461.629638671875
2013,73,1,0,0,1492354.625,40112.875,2687.8916015625
2013,73,3,0,0,442339.375,7512.126953125,1698.272216796875
2013,74,0,0,0,1820505,49721,2731.165283203125
2013,74,1,0,0,1393940.375,41876.59765625,3004.1884765625
2013,74,3,0,0,426564.625,7844.4013671875,1838.971435546875
2013,75,0,0,0,1743292,51510,2954.754638671875
2013,75,1,0,0,1350407,43326.78125,3208.423828125
2013,75,3,0,0,392884.96875,8183.2216796875,2082.854248046875
2013,76,0,0,0,1607051,52797,3285.33447265625
2013,76,1,0,0,1253255.25,44343.15234375,3538.23779296875
2013,76,3,0,0,353795.71875,8453.84765625,2389.471435546875
2013,77,0,0,0,1534528,55857,3640.01171875
2013,77,1,0,0,1203108.5,46989.109375,3905.641845703125
2013,77,3,0,0,331419.4375,8867.888671875,2675.729736328125
2013,78,0,0,0,1470808,58553,3981.009033203125
2013,78,1,0,0,1164283.25,49133.546875,4220.068359375
2013,78,3,0,0,306524.84375,9419.45703125,3072.983154296875
2013,79,0,0,0,1320178,58597,4438.568359375
2013,79,1,0,0,1042150.375,49035.87109375,4705.2587890625
2013,79,3,0,0,278027.59375,9561.1279296875,3438.913330078125
2013,80,0,0,0,1276090,62727,4915.5625
2013,80,1,0,0,1020417.875,52389.80859375,5134.15234375
2013,80,3,0,0,255672.21875,10337.19140625,4043.142333984375
2013,81,0,0,0,1217537,66288,5444.43408203125
2013,81,1,0,0,967225.25,54840.1875,5669.8466796875
2013,81,3,0,0,250311.75,11447.8125,4573.421875
2013,82,0,0,0,1158273,70458,6083.02197265625
2013,82,1,0,0,912233.5,58325.6015625,6393.7138671875
2013,82,3,0,0,246039.484375,12132.4013671875,4931.0791015625
2013,83,0,0,0,1108791,73284,6609.36083984375
2013,83,1,0,0,894421.3125,61044.140625,6824.9873046875
2013,83,3,0,0,214369.71875,12239.8564453125,5709.69482421875
2013,84,0,0,0,997909,74942,7509.9033203125
2013,84,1,0,0,806109.5,62391.21484375,7739.7939453125
2013,84,3,0,0,191799.53125,12550.7841796875,6543.69921875
2014,25,0,0,0,4502023,4251,94.42421722412109
2014,25,1,0,0,3139655.5,3875.678466796875,123.4427947998047
2014,25,3,0,0,1362367.75,375.3215942382813,27.54921340942383
2014,26,0,0,0,4398014,4341,98.70364379882813
2014,26,1,0,0,2981134,3925.77001953125,131.6871337890625
2014,26,3,0,0,1416880,415.2299499511719,29.30593681335449
2014,27,0,0,0,4325770,4235,97.90164184570313
2014,27,1,0,0,2913154.75,3774.7724609375,129.5767974853516
2014,27,3,0,0,1412615.375,460.2276306152344,32.57982635498047
2014,28,0,0,0,4346330,4477,103.0064468383789
2014,28,1,0,0,2911961,4004.77685546875,137.5285186767578
2014,28,3,0,0,1434369.125,472.2228393554688,32.92198944091797
2014,29,0,0,0,4383356,4621,105.4215087890625
2014,29,1,0,0,2893793,4108.7861328125,141.9861755371094
2014,29,3,0,0,1489563,512.2136840820313,34.3868408203125
2014,30,0,0,0,4248227,4520,106.397331237793
2014,30,1,0,0,2775700,4014.89697265625,144.6444854736328
2014,30,3,0,0,1472527,505.1029663085938,34.30178070068359
2014,31,0,0,0,4315821,4941,114.4857482910156
2014,31,1,0,0,2812814.75,4404.1201171875,156.5734100341797
2014,31,3,0,0,1503006,536.8800048828125,35.72041702270508
2014,32,0,0,0,4315699,5019,116.2963409423828
2014,32,1,0,0,2818001,4400.20947265625,156.146484375
2014,32,3,0,0,1497698,618.7903442382813,41.31609725952148
2014,33,0,0,0,4269846,5220,122.2526550292969
2014,33,1,0,0,2801406.75,4549.38916015625,162.3965911865234
2014,33,3,0,0,1468439.25,670.6110229492188,45.66828536987305
2014,34,0,0,0,4355717,5552,127.4646606445313
2014,34,1,0,0,2893007.75,4878.244140625,168.6218872070313
2014,34,3,0,0,1462709.25,673.7555541992188,46.06216430664063
2014,35,0,0,0,4085952,5619,137.5199737548828
2014,35,1,0,0,2716510,4908.5673828125,180.6938781738281
2014,35,3,0,0,1369442,710.4324951171875,51.87751770019531
2014,36,0,0,0,4006330,5636,140.6773834228516
2014,36,1,0,0,2632173.5,4904.87353515625,186.3430938720703
2014,36,3,0,0,1374156.75,731.1265258789063,53.20546722412109
2014,37,0,0,0,3966497,5844,147.3340301513672
2014,37,1,0,0,2609488.75,5074.03515625,194.4455718994141
2014,37,3,0,0,1357008.25,769.9647216796875,56.73987197875977
2014,38,0,0,0,3850942,5883,152.767822265625
2014,38,1,0,0,2535016.5,5130.0888671875,202.3690490722656
2014,38,3,0,0,1315925.5,752.9114990234375,57.21535873413086
2014,39,0,0,0,3971497,6343,159.7130737304688
2014,39,1,0,0,2630561,5511.56787109375,209.5206298828125
2014,39,3,0,0,1340936,831.43212890625,62.00386428833008
2014,40,0,0,0,3848087,6623,172.1114959716797
2014,40,1,0,0,2581506.5,5685.3125,220.2323455810547
2014,40,3,0,0,1266580.5,937.687255859375,74.03297424316406
2014,41,0,0,0,3908070,7553,193.2667541503906
2014,41,1,0,0,2577390.75,6559.8837890625,254.5164642333984
2014,41,3,0,0,1330679.375,993.115966796875,74.63224792480469
2014,42,0,0,0,4086109,8244,201.7567291259766
2014,42,1,0,0,2738480,7038.7626953125,257.03173828125
2014,42,3,0,0,1347629,1205.237426757813,89.43392181396484
2014,43,0,0,0,4321631,9234,213.6693267822266
2014,43,1,0,0,2869264.25,7908.3251953125,275.6220703125
2014,43,3,0,0,1452366.75,1325.674560546875,91.27684783935547
2014,44,0,0,0,4377751,10017,228.8161163330078
2014,44,1,0,0,2907114,8497.0908203125,292.2861328125
2014,44,3,0,0,1470637,1519.909423828125,103.3504104614258
2014,45,0,0,0,4149789,10556,254.3743743896484
2014,45,1,0,0,2792749.5,9041.3447265625,323.7434997558594
2014,45,3,0,0,1357039.375,1514.6552734375,111.6146850585938
2014,46,0,0,0,4064470,11364,279.5936584472656
2014,46,1,0,0,2757553,9806.751953125,355.6324157714844
2014,46,3,0,0,1306916.75,1557.247924804688,119.1543350219727
2014,47,0,0,0,4070739,12554,308.3960876464844
2014,47,1,0,0,2780419.5,10900.80078125,392.0559692382813
2014,47,3,0,0,1290319.5,1653.199951171875,128.1233062744141
2014,48,0,0,0,4147945,14231,343.0855407714844
2014,48,1,0,0,2914615.25,12364.87890625,424.2370910644531
2014,48,3,0,0,1233329.75,1866.12158203125,151.3076019287109
2014,49,0,0,0,4399110,16311,370.779541015625
2014,49,1,0,0,3117204,14116.369140625,452.8535461425781
2014,49,3,0,0,1281906,2194.631103515625,171.2006225585938
2014,50,0,0,0,4481212,18270,407.7022094726563
2014,50,1,0,0,3199163.5,15836.123046875,495.0082397460938
2014,50,3,0,0,1282048.5,2433.8779296875,189.8428955078125
2014,51,0,0,0,4478223,20421,456.0067749023438
2014,51,1,0,0,3150734,17753.4609375,563.4706420898438
2014,51,3,0,0,1327488.875,2667.53955078125,200.9462890625
2014,52,0,0,0,4469592,21956,491.2305297851563
2014,52,1,0,0,3208498.5,19140.783203125,596.5651245117188
2014,52,3,0,0,1261093.75,2815.216796875,223.2361297607422
2014,53,0,0,0,4525069,24346,538.0249633789063
2014,53,1,0,0,3249883,21321.880859375,656.0814819335938
2014,53,3,0,0,1275186,3024.1181640625,237.1511383056641
2014,54,0,0,0,4564933,25908,567.5439453125
2014,54,1,0,0,3316758.5,22611.671875,681.7400512695313
2014,54,3,0,0,1248174.375,3296.328125,264.0919494628906
2014,55,0,0,0,4412051,28051,635.7814331054688
2014,55,1,0,0,3210290,24447.40234375,761.5325317382813
2014,55,3,0,0,1201761.25,3603.59716796875,299.8596496582031
2014,56,0,0,0,4385972,29933,682.4713134765625
2014,56,1,0,0,3163264,25962.90625,820.76318359375
2014,56,3,0,0,1222708,3970.0947265625,324.6968688964844
2014,57,0,0,0,4337386,31901,735.4890747070313
2014,57,1,0,0,3114324.5,27705.37890625,889.6112060546875
2014,57,3,0,0,1223061.5,4195.62255859375,343.0426330566406
2014,58,0,0,0,4182257,32920,787.134765625
2014,58,1,0,0,2989136,28339.80078125,948.0933837890625
2014,58,3,0,0,1193121.25,4580.2001953125,383.8838806152344
2014,59,0,0,0,4147266,34365,828.6181640625
2014,59,1,0,0,2979015.25,29258.04296875,982.1380615234375
2014,59,3,0,0,1168250.75,5106.955078125,437.1454467773438
2014,60,0,0,0,3977732,35873,901.8455810546875
2014,60,1,0,0,2801978,30301.30078125,1081.425415039063
2014,60,3,0,0,1175754.125,5571.7001953125,473.8831176757813
2014,61,0,0,0,3826919,37408,977.4965209960938
2014,61,1,0,0,2675029.5,31385.0390625,1173.259521484375
2014,61,3,0,0,1151889.5,6022.9609375,522.8766479492188
2014,62,0,0,0,3678575,38416,1044.3173828125
2014,62,1,0,0,2540995,31909.96484375,1255.805908203125
2014,62,3,0,0,1137580,6506.0361328125,571.9190063476563
2014,63,0,0,0,3565726,39584,1110.12451171875
2014,63,1,0,0,2459890,32754.2890625,1331.53466796875
2014,63,3,0,0,1105836,6829.7099609375,617.6060180664063
2014,64,0,0,0,3482828,40357,1158.742309570313
2014,64,1,0,0,2395333,33149.5859375,1383.923950195313
2014,64,3,0,0,1087494.75,7207.4150390625,662.7540283203125
2014,65,0,0,0,3377646,42483,1257.769409179688
2014,65,1,0,0,2359387.5,34692.9765625,1470.422973632813
2014,65,3,0,0,1018258.375,7790.0234375,765.0340576171875
2014,66,0,0,0,3341609,45515,1362.068359375
2014,66,1,0,0,2304740.75,36832.0546875,1598.099731445313
2014,66,3,0,0,1036868.125,8682.9453125,837.42041015625
2014,67,0,0,0,3480983,49563,1423.821899414063
2014,67,1,0,0,2416905.25,40146.33984375,1661.063842773438
2014,67,3,0,0,1064078,9416.6591796875,884.95947265625
2014,68,0,0,0,2568311,41939,1632.94091796875
2014,68,1,0,0,1812535,34480.05859375,1902.311279296875
2014,68,3,0,0,755776,7458.94140625,986.9248657226563
2014,69,0,0,0,2531221,43334,1711.980102539063
2014,69,1,0,0,1819520.875,35684.4609375,1961.200927734375
2014,69,3,0,0,711700.125,7649.5390625,1074.826171875
2014,70,0,0,0,2462460,47141,1914.386474609375
2014,70,1,0,0,1796454.75,39059.765625,2174.269287109375
2014,70,3,0,0,666005.25,8081.234375,1213.389038085938
2014,71,0,0,0,2517174,51823,2058.777099609375
2014,71,1,0,0,1836716.375,43125.234375,2347.952880859375
2014,71,3,0,0,680457.6875,8697.763671875,1278.222534179688
2014,72,0,0,0,2192013,49968,2279.548583984375
2014,72,1,0,0,1637629.875,41656.0546875,2543.679443359375
2014,72,3,0,0,554383.125,8311.943359375,1499.31396484375
2014,73,0,0,0,1999978,49514,2475.727294921875
2014,73,1,0,0,1504049.375,41406.0078125,2752.96875
2014,73,3,0,0,495928.65625,8107.994140625,1634.911376953125
2014,74,0,0,0,1887914,50261,2662.25048828125
2014,74,1,0,0,1450864.25,42256.6328125,2912.5146484375
2014,74,3,0,0,437049.75,8004.365234375,1831.453979492188
2014,75,0,0,0,1772007,52656,2971.5458984375
2014,75,1,0,0,1353246.75,44228.44140625,3268.320556640625
2014,75,3,0,0,418760.25,8427.5595703125,2012.502319335938
2014,76,0,0,0,1692284,54585,3225.5224609375
2014,76,1,0,0,1309946.25,45790.37890625,3495.59228515625
2014,76,3,0,0,382337.75,8794.6220703125,2300.223388671875
2014,77,0,0,0,1555048,55707,3582.333251953125
2014,77,1,0,0,1222739,46537.9453125,3806.040771484375
2014,77,3,0,0,332309,9169.0546875,2759.1953125
2014,78,0,0,0,1479551,58174,3931.868408203125
2014,78,1,0,0,1157613.5,48647.51171875,4202.396484375
2014,78,3,0,0,321937.4375,9526.4892578125,2959.112060546875
2014,79,0,0,0,1412549,60950,4314.89453125
2014,79,1,0,0,1107093.625,50991.515625,4605.89013671875
2014,79,3,0,0,305455.375,9958.484375,3260.209228515625
2014,80,0,0,0,1262012,61601,4881.173828125
2014,80,1,0,0,990822.5625,51278.2109375,5175.3173828125
2014,80,3,0,0,271189.5,10322.7890625,3806.485595703125
2014,81,0,0,0,1214231,65248,5373.60693359375
2014,81,1,0,0,955408.5,54084.3671875,5660.86328125
2014,81,3,0,0,258822.5625,11163.6318359375,4313.2373046875
2014,82,0,0,0,1151948,68593,5954.5224609375
2014,82,1,0,0,905581.75,56689.015625,6259.95556640625
2014,82,3,0,0,246366.25,11903.9833984375,4831.82373046875
2014,83,0,0,0,1088632,71613,6578.255859375
2014,83,1,0,0,868927.125,59033.39453125,6793.82568359375
2014,83,3,0,0,219704.84375,12579.6064453125,5725.6845703125
2014,84,0,0,0,1034570,75377,7285.8291015625
2014,84,1,0,0,826627.9375,62180.1875,7522.1494140625
2014,84,3,0,0,207942.125,13196.8125,6346.38720703125
2015,25,0,0,0,4720482,4756,100.7524261474609
2015,25,1,0,0,3252907,4370.69873046875,134.3628540039063
2015,25,3,0,0,1467575,385.3011779785156,26.25427436828613
2015,26,0,0,0,4534640,4556,100.4710388183594
2015,26,1,0,0,3056276.25,4152.369140625,135.8636779785156
2015,26,3,0,0,1478363.75,403.6310729980469,27.30255508422852
2015,27,0,0,0,4429797,4739,106.9800720214844
2015,27,1,0,0,2939466.5,4254.3935546875,144.7335205078125
2015,27,3,0,0,1490330.5,484.6063232421875,32.51670074462891
2015,28,0,0,0,4355768,4750,109.0508041381836
2015,28,1,0,0,2837655.5,4278.47412109375,150.7749633789063
2015,28,3,0,0,1518112.5,471.52587890625,31.06000900268555
2015,29,0,0,0,4374175,5097,116.5248336791992
2015,29,1,0,0,2853204.75,4583.4453125,160.6419982910156
2015,29,3,0,0,1520970.25,513.5548706054688,33.76495361328125
2015,30,0,0,0,4409166,5107,115.8268966674805
2015,30,1,0,0,2878812.25,4529.65283203125,157.3444976806641
2015,30,3,0,0,1530353.75,577.3470458984375,37.72637939453125
2015,31,0,0,0,4271733,5216,122.1050109863281
2015,31,1,0,0,2776771.5,4592.82421875,165.4015960693359
2015,31,3,0,0,1494961.5,623.1759643554688,41.68508529663086
2015,32,0,0,0,4336582,5586,128.8111267089844
2015,32,1,0,0,2786911.5,4968.98193359375,178.2970886230469
2015,32,3,0,0,1549670.5,617.0181884765625,39.81608963012695
2015,33,0,0,0,4334080,5758,132.8540344238281
2015,33,1,0,0,2800012,5011.408203125,178.9781036376953
2015,33,3,0,0,1534068,746.591796875,48.66744995117188
2015,34,0,0,0,4286357,5952,138.8591766357422
2015,34,1,0,0,2793361,5281.2216796875,189.0633392333984
2015,34,3,0,0,1492995.875,670.7781982421875,44.92833709716797
2015,35,0,0,0,4369587,6090,139.3724365234375
2015,35,1,0,0,2888571,5347.60791015625,185.1298828125
2015,35,3,0,0,1481016.25,742.3920288085938,50.12720489501953
2015,36,0,0,0,4097338,6192,151.1225128173828
2015,36,1,0,0,2663114.5,5443.798828125,204.4147491455078
2015,36,3,0,0,1434223.5,748.201416015625,52.16770172119141
2015,37,0,0,0,4016464,6221,154.8874816894531
2015,37,1,0,0,2603489,5435.33154296875,208.7710571289063
2015,37,3,0,0,1412974.75,785.6682739257813,55.60384368896484
2015,38,0,0,0,3975186,6445,162.1307830810547
2015,38,1,0,0,2583727.5,5588.9189453125,216.3122406005859
2015,38,3,0,0,1391458.375,856.0811157226563,61.52401733398438
2015,39,0,0,0,3858343,6469,167.6626434326172
2015,39,1,0,0,2531775,5601.673828125,221.2548065185547
2015,39,3,0,0,1326568,867.325927734375,65.38118743896484
2015,40,0,0,0,3976967,6884,173.0967407226563
2015,40,1,0,0,2647760,5930.20849609375,223.9707641601563
2015,40,3,0,0,1329206.875,953.7915649414063,71.75643920898438
2015,41,0,0,0,3852433,7380,191.5672454833984
2015,41,1,0,0,2511784.5,6340.11279296875,252.4146728515625
2015,41,3,0,0,1340648.25,1039.887329101563,77.56600952148438
2015,42,0,0,0,3910645,8115,207.5105285644531
2015,42,1,0,0,2594416.25,7006.15380859375,270.0473937988281
2015,42,3,0,0,1316228.875,1108.846069335938,84.24417114257813
2015,43,0,0,0,4086686,8889,217.5111999511719
2015,43,1,0,0,2716094.5,7652.46826171875,281.7453002929688
2015,43,3,0,0,1370591.5,1236.53173828125,90.21884155273438
2015,44,0,0,0,4320358,10403,240.7902374267578
2015,44,1,0,0,2850059.75,8918.2138671875,312.9132385253906
2015,44,3,0,0,1470298,1484.786376953125,100.9854049682617
2015,45,0,0,0,4373961,11021,251.9684143066406
2015,45,1,0,0,2903193,9358.0703125,322.3371887207031
2015,45,3,0,0,1470767.75,1662.9296875,113.0654144287109
2015,46,0,0,0,4144580,11790,284.4678955078125
2015,46,1,0,0,2758241.5,10061.1220703125,364.7658081054688
2015,46,3,0,0,1386338.5,1728.878173828125,124.7082290649414
2015,47,0,0,0,4058161,12298,303.0436706542969
2015,47,1,0,0,2748570.75,10621.845703125,386.4497680664063
2015,47,3,0,0,1309590,1676.153686523438,127.99072265625
2015,48,0,0,0,4062643,13736,338.1050109863281
2015,48,1,0,0,2788918.5,11937.60546875,428.0370788574219
2015,48,3,0,0,1273724.375,1798.394165039063,141.1917877197266
2015,49,0,0,0,4137833,15532,375.3655700683594
2015,49,1,0,0,2891937.5,13444.5048828125,464.8961181640625
2015,49,3,0,0,1245895.75,2087.4951171875,167.5497436523438
2015,50,0,0,0,4385725,17818,406.2726135253906
2015,50,1,0,0,3074105.25,15508.748046875,504.496337890625
2015,50,3,0,0,1311619.75,2309.25146484375,176.0610504150391
2015,51,0,0,0,4465234,20016,448.26318359375
2015,51,1,0,0,3161390,17476.0703125,552.7970581054688
2015,51,3,0,0,1303844.125,2539.9306640625,194.8032379150391
2015,52,0,0,0,4460502,21940,491.8728942871094
2015,52,1,0,0,3160922,19148.26171875,605.7808837890625
2015,52,3,0,0,1299580,2791.738525390625,214.8185272216797
2015,53,0,0,0,4449929,24006,539.4692993164063
2015,53,1,0,0,3186669.5,20952.3828125,657.5009765625
2015,53,3,0,0,1263259.5,3053.616455078125,241.7251892089844
2015,54,0,0,0,4502864,26337,584.8944091796875
2015,54,1,0,0,3227616,23034.78125,713.6778564453125
2015,54,3,0,0,1275248.25,3302.22021484375,258.9472351074219
2015,55,0,0,0,4540553,28045,617.6560668945313
2015,55,1,0,0,3298463,24524.439453125,743.5111083984375
2015,55,3,0,0,1242089.875,3520.560546875,283.4384765625
2015,56,0,0,0,4385823,30058,685.3446044921875
2015,56,1,0,0,3155830.5,26179.013671875,829.5443725585938
2015,56,3,0,0,1229992.25,3878.986083984375,315.36669921875
2015,57,0,0,0,4357770,32277,740.677001953125
2015,57,1,0,0,3142171.5,28105.041015625,894.4464111328125
2015,57,3,0,0,1215598.25,4171.9599609375,343.2022094726563
2015,58,0,0,0,4307288,33972,788.709716796875
2015,58,1,0,0,3099515.75,29365.5625,947.4241943359375
2015,58,3,0,0,1207772.5,4606.435546875,381.3992614746094
2015,59,0,0,0,4151179,35237,848.8432006835938
2015,59,1,0,0,2951647,30151.265625,1021.506469726563
2015,59,3,0,0,1199531.875,5085.734375,423.9765930175781
2015,60,0,0,0,4114449,36716,892.3673706054688
2015,60,1,0,0,2935288,31260.865234375,1065.001586914063
2015,60,3,0,0,1179160.75,5455.13427734375,462.6285400390625
2015,61,0,0,0,3943386,38234,969.5728759765625
2015,61,1,0,0,2772566.25,32257.03515625,1163.43603515625
2015,61,3,0,0,1170819.75,5976.96435546875,510.4939880371094
2015,62,0,0,0,3791492,39710,1047.344970703125
2015,62,1,0,0,2633785.75,33189.32421875,1260.137573242188
2015,62,3,0,0,1157706.125,6520.6748046875,563.2409057617188
2015,63,0,0,0,3641819,41518,1140.03466796875
2015,63,1,0,0,2529124.5,34349.29296875,1358.149536132813
2015,63,3,0,0,1112694.375,7168.7080078125,644.2656860351563
2015,64,0,0,0,3527662,42018,1191.100463867188
2015,64,1,0,0,2424038,34747.375,1433.450073242188
2015,64,3,0,0,1103623.875,7270.626953125,658.7957153320313
2015,65,0,0,0,3443249,43483,1262.848022460938
2015,65,1,0,0,2377130,35659.0625,1500.0888671875
2015,65,3,0,0,1066119,7823.93798828125,733.8709716796875
2015,66,0,0,0,3336059,45670,1368.980590820313
2015,66,1,0,0,2309902.25,37139.26953125,1607.82861328125
2015,66,3,0,0,1026157,8530.7314453125,831.328125
2015,67,0,0,0,3296821,48530,1472.024169921875
2015,67,1,0,0,2283030,39316.734375,1722.129516601563
2015,67,3,0,0,1013790.9375,9213.267578125,908.7936401367188
2015,68,0,0,0,3431071,52702,1536.021850585938
2015,68,1,0,0,2371351.75,42587.54296875,1795.91845703125
2015,68,3,0,0,1059719.25,10114.45703125,954.4468383789063
2015,69,0,0,0,2527820,45097,1784.02734375
2015,69,1,0,0,1777780.75,36667.1171875,2062.52197265625
2015,69,3,0,0,750039.125,8429.8818359375,1123.925659179688
2015,70,0,0,0,2487798,46843,1882.91015625
2015,70,1,0,0,1789652.75,38482.9375,2150.302001953125
2015,70,3,0,0,698145.375,8360.0595703125,1197.466918945313
2015,71,0,0,0,2416513,50803,2102.326904296875
2015,71,1,0,0,1754508.5,41790.421875,2381.8876953125
2015,71,3,0,0,662004.5625,9012.580078125,1361.407592773438
2015,72,0,0,0,2465904,55719,2259.576904296875
2015,72,1,0,0,1789491.375,46074.265625,2574.712890625
2015,72,3,0,0,676412.625,9644.7333984375,1425.865356445313
2015,73,0,0,0,2142810,53435,2493.688232421875
2015,73,1,0,0,1577073.125,44404.23828125,2815.610595703125
2015,73,3,0,0,565736.8125,9030.7607421875,1596.283081054688
2015,74,0,0,0,1950617,52734,2703.452392578125
2015,74,1,0,0,1466434,43985.3671875,2999.47802734375
2015,74,3,0,0,484182.96875,8748.634765625,1806.886108398438
2015,75,0,0,0,1836635,54414,2962.700927734375
2015,75,1,0,0,1394895.75,45579.4375,3267.58740234375
2015,75,3,0,0,441739.3125,8834.564453125,1999.949829101563
2015,76,0,0,0,1718862,56057,3261.28564453125
2015,76,1,0,0,1304744.625,46817.7265625,3588.267333984375
2015,76,3,0,0,414117.375,9239.271484375,2231.075439453125
2015,77,0,0,0,1636338,58627,3582.817138671875
2015,77,1,0,0,1269758.25,48856.890625,3847.731689453125
2015,77,3,0,0,366579.8125,9770.107421875,2665.2060546875
2015,78,0,0,0,1498120,59218,3952.82080078125
2015,78,1,0,0,1155382.875,49375.77734375,4273.54248046875
2015,78,3,0,0,342737.0625,9842.224609375,2871.654541015625
2015,79,0,0,0,1419595,62089,4373.71240234375
2015,79,1,0,0,1109717.25,51799.6171875,4667.8212890625
2015,79,3,0,0,309877.75,10289.3828125,3320.465087890625
2015,80,0,0,0,1349127,65302,4840.3154296875
2015,80,1,0,0,1063169.25,54210.59375,5098.9619140625
2015,80,3,0,0,285957.78125,11091.4072265625,3878.68701171875
2015,81,0,0,0,1199043,65249,5441.75634765625
2015,81,1,0,0,931216.6875,54016.8359375,5800.67333984375
2015,81,3,0,0,267826.3125,11232.166015625,4193.82470703125
2015,82,0,0,0,1147239,69053,6019.0595703125
2015,82,1,0,0,917814.625,56836.25,6192.56298828125
2015,82,3,0,0,229424.40625,12216.748046875,5324.95556640625
2015,83,0,0,0,1080801,72140,6674.67919921875
2015,83,1,0,0,839932.875,59148.9296875,7042.10205078125
2015,83,3,0,0,240868.09375,12991.072265625,5393.4384765625
2015,84,0,0,0,1013576,75417,7440.68505859375
2015,84,1,0,0,799341.9375,61794.1484375,7730.62744140625
2015,84,3,0,0,214234.0625,13622.8515625,6358.86328125
2016,25,0,0,0,4760640,5303,111.3925857543945
2016,25,1,0,0,3260942,4890.12646484375,149.9605407714844
2016,25,3,0,0,1499697.875,412.8734436035156,27.53044128417969
2016,26,0,0,0,4752063,5274,110.9833755493164
2016,26,1,0,0,3167113.5,4810.31005859375,151.8831024169922
2016,26,3,0,0,1584949.5,463.6897583007813,29.25580596923828
2016,27,0,0,0,4565290,5463,119.6638107299805
2016,27,1,0,0,3020567.25,4953.0634765625,163.9779205322266
2016,27,3,0,0,1544722.75,509.9366149902344,33.01153182983398
2016,28,0,0,0,4458321,5594,125.4732437133789
2016,28,1,0,0,2905576,5006.46142578125,172.3052978515625
2016,28,3,0,0,1552744.75,587.53857421875,37.83871078491211
2016,29,0,0,0,4382285,5419,123.6569519042969
2016,29,1,0,0,2832925.5,4834.58984375,170.6571502685547
2016,29,3,0,0,1549359.5,584.4104614257813,37.71948623657227
2016,30,0,0,0,4399278,5685,129.2257537841797
2016,30,1,0,0,2846554,5035.8818359375,176.9115142822266
2016,30,3,0,0,1552723.875,649.1177978515625,41.80510330200195
2016,31,0,0,0,4431220,5918,133.5523834228516
2016,31,1,0,0,2818970.5,5238.65283203125,185.8356781005859
2016,31,3,0,0,1612249.5,679.3470458984375,42.1365966796875
2016,32,0,0,0,4291082,6124,142.7145843505859
2016,32,1,0,0,2735383,5413.990234375,197.9243927001953
2016,32,3,0,0,1555698.875,710.0098876953125,45.63928604125977
2016,33,0,0,0,4353926,6241,143.3418884277344
2016,33,1,0,0,2763924.5,5508.8046875,199.3109741210938
2016,33,3,0,0,1590001.375,732.1951904296875,46.04997253417969
2016,34,0,0,0,4349411,6595,151.6297302246094
2016,34,1,0,0,2741435.25,5822.63818359375,212.3937835693359
2016,34,3,0,0,1607975.5,772.3616943359375,48.03317642211914
2016,35,0,0,0,4299148,6786,157.8452301025391
2016,35,1,0,0,2760466,5933.6630859375,214.9515075683594
2016,35,3,0,0,1538681.875,852.3369750976563,55.39397048950195
2016,36,0,0,0,4379832,7025,160.394287109375
2016,36,1,0,0,2817313,6129.5068359375,217.5657043457031
2016,36,3,0,0,1562518.875,895.492919921875,57.31085586547852
2016,37,0,0,0,4106086,7001,170.5030059814453
2016,37,1,0,0,2659635,6097.1826171875,229.2488555908203
2016,37,3,0,0,1446451,903.8172607421875,62.48516082763672
2016,38,0,0,0,4024381,7173,178.2385864257813
2016,38,1,0,0,2618825.5,6287.5556640625,240.0906677246094
2016,38,3,0,0,1405555.625,885.4444580078125,62.99604415893555
2016,39,0,0,0,3981529,7292,183.1457214355469
2016,39,1,0,0,2579279,6287.18359375,243.7574005126953
2016,39,3,0,0,1402250,1004.816040039063,71.65740966796875
2016,40,0,0,0,3863180,7336,189.8953704833984
2016,40,1,0,0,2534033,6387.5908203125,252.0721282958984
2016,40,3,0,0,1329147,948.4090576171875,71.35471343994141
2016,41,0,0,0,3980464,7790,195.7058258056641
2016,41,1,0,0,2571109,6700.6875,260.6146850585938
2016,41,3,0,0,1409355.25,1089.3125,77.29154968261719
2016,42,0,0,0,3854650,8088,209.8244934082031
2016,42,1,0,0,2517191,7003.017578125,278.2076416015625
2016,42,3,0,0,1337459.25,1084.982177734375,81.12263488769531
2016,43,0,0,0,3910593,9203,235.3351593017578
2016,43,1,0,0,2568743.5,7876.99560546875,306.6477966308594
2016,43,3,0,0,1341849.25,1326.004272460938,98.81916809082031
2016,44,0,0,0,4085258,10098,247.1814575195313
2016,44,1,0,0,2642418.5,8734.7138671875,330.5575561523438
2016,44,3,0,0,1442839.375,1363.2861328125,94.48634338378906
2016,45,0,0,0,4316196,11486,266.1139526367188
2016,45,1,0,0,2854794.5,9811.16796875,343.67333984375
2016,45,3,0,0,1461401.375,1674.83251953125,114.6045532226563
2016,46,0,0,0,4368043,12359,282.9413452148438
2016,46,1,0,0,2860778.75,10572.123046875,369.5540161132813
2016,46,3,0,0,1507264.375,1786.876953125,118.5509948730469
2016,47,0,0,0,4137815,12731,307.6744689941406
2016,47,1,0,0,2753551,10916.732421875,396.4601440429688
2016,47,3,0,0,1384264,1814.267333984375,131.0636749267578
2016,48,0,0,0,4049911,13766,339.90869140625
2016,48,1,0,0,2744352.5,11828.6416015625,431.017578125
2016,48,3,0,0,1305558.5,1937.358642578125,148.3930969238281
2016,49,0,0,0,4052713,15243,376.118408203125
2016,49,1,0,0,2755986,13191.91015625,478.6639099121094
2016,49,3,0,0,1296727,2051.08935546875,158.1743316650391
2016,50,0,0,0,4125155,17000,412.105712890625
2016,50,1,0,0,2888889,14792.6728515625,512.0540161132813
2016,50,3,0,0,1236266.125,2207.327392578125,178.5479125976563
2016,51,0,0,0,4370171,19217,439.7310791015625
2016,51,1,0,0,3053647,16719.166015625,547.5147094726563
2016,51,3,0,0,1316524,2497.83447265625,189.7295074462891
2016,52,0,0,0,4447792,21811,490.3781433105469
2016,52,1,0,0,3114990,18961.146484375,608.7064819335938
2016,52,3,0,0,1332802,2849.85302734375,213.8241882324219
2016,53,0,0,0,4440759,23890,537.9710693359375
2016,53,1,0,0,3112860,20803.3203125,668.302490234375
2016,53,3,0,0,1327898.875,3086.680419921875,232.4484558105469
2016,54,0,0,0,4428032,26013,587.4618530273438
2016,54,1,0,0,3129746,22656.95703125,723.9232177734375
2016,54,3,0,0,1298286,3356.04296875,258.4979858398438
2016,55,0,0,0,4478253,28547,637.4583740234375
2016,55,1,0,0,3201294.5,24959.330078125,779.6636962890625
2016,55,3,0,0,1276958.5,3587.67041015625,280.954345703125
2016,56,0,0,0,4513951,30214,669.3471069335938
2016,56,1,0,0,3242478.5,26349.935546875,812.64794921875
2016,56,3,0,0,1271472.25,3864.06494140625,303.90478515625
2016,57,0,0,0,4357590,32470,745.1366577148438
2016,57,1,0,0,3110217,28321.208984375,910.5862426757813
2016,57,3,0,0,1247373,4148.791015625,332.6022644042969
2016,58,0,0,0,4327523,34271,791.9310913085938
2016,58,1,0,0,3106516,29774.765625,958.461669921875
2016,58,3,0,0,1221007,4496.234375,368.2398376464844
2016,59,0,0,0,4275027,36644,857.1641845703125
2016,59,1,0,0,3073480.5,31555.9609375,1026.717407226563
2016,59,3,0,0,1201546.25,5088.0380859375,423.45751953125
2016,60,0,0,0,4117822,37767,917.1596069335938
2016,60,1,0,0,2945378.5,32339.99609375,1097.9912109375
2016,60,3,0,0,1172443.5,5427.00390625,462.8797912597656
2016,61,0,0,0,4079088,39615,971.1729736328125
2016,61,1,0,0,2893778.5,33696.171875,1164.43505859375
2016,61,3,0,0,1185309.5,5918.830078125,499.3489074707031
2016,62,0,0,0,3907097,41181,1054.005004882813
2016,62,1,0,0,2731335.75,34558.734375,1265.268676757813
2016,62,3,0,0,1175761.125,6622.26806640625,563.232421875
2016,63,0,0,0,3753816,42032,1119.7138671875
2016,63,1,0,0,2616062.5,34983.3984375,1337.25390625
2016,63,3,0,0,1137753.25,7048.599609375,619.5191650390625
2016,64,0,0,0,3602450,43704,1213.17431640625
2016,64,1,0,0,2481864.5,36146.20703125,1456.413452148438
2016,64,3,0,0,1120585.5,7557.7919921875,674.4502563476563
2016,65,0,0,0,3487278,44690,1281.515258789063
2016,65,1,0,0,2404983.5,36760.79296875,1528.525756835938
2016,65,3,0,0,1082294.5,7929.20703125,732.6293334960938
2016,66,0,0,0,3401348,45693,1343.379150390625
2016,66,1,0,0,2324432.75,37296.72265625,1604.551635742188
2016,66,3,0,0,1076915.375,8396.27734375,779.659912109375
2016,67,0,0,0,3291714,48292,1467.07763671875
2016,67,1,0,0,2239078,39060.93359375,1744.509765625
2016,67,3,0,0,1052636,9231.064453125,876.9474487304688
2016,68,0,0,0,3249412,51462,1583.732666015625
2016,68,1,0,0,2221334.5,41620.03125,1873.64990234375
2016,68,3,0,0,1028077.625,9841.966796875,957.3175048828125
2016,69,0,0,0,3377704,56518,1673.266845703125
2016,69,1,0,0,2305639.75,45374.9375,1967.997680664063
2016,69,3,0,0,1072064.25,11143.0615234375,1039.40234375
2016,70,0,0,0,2485189,47247,1901.143188476563
2016,70,1,0,0,1737847.25,38551.9375,2218.373291015625
2016,70,3,0,0,747341.75,8695.0595703125,1163.464965820313
2016,71,0,0,0,2443419,49651,2032.029663085938
2016,71,1,0,0,1748626.375,40650.2890625,2324.698486328125
2016,71,3,0,0,694792.5,9000.7119140625,1295.453247070313
2016,72,0,0,0,2369270,53448,2255.884765625
2016,72,1,0,0,1718086.125,43769.984375,2547.601318359375
2016,72,3,0,0,651183.875,9678.0146484375,1486.218383789063
2016,73,0,0,0,2412822,58670,2431.592529296875
2016,73,1,0,0,1764194.5,47966.8046875,2718.90673828125
2016,73,3,0,0,648627.5,10703.1943359375,1650.129638671875
2016,74,0,0,0,2091825,56409,2696.640380859375
2016,74,1,0,0,1545412.5,46425.859375,3004.10791015625
2016,74,3,0,0,546412.5625,9983.140625,1827.033569335938
2016,75,0,0,0,1899583,56464,2972.44189453125
2016,75,1,0,0,1420734.875,46660.2265625,3284.231689453125
2016,75,3,0,0,478848.15625,9803.775390625,2047.3662109375
2016,76,0,0,0,1783719,56578,3171.912109375
2016,76,1,0,0,1358350.625,46898.60546875,3452.614013671875
2016,76,3,0,0,425368.375,9679.39453125,2275.5322265625
2016,77,0,0,0,1664040,59044,3548.23193359375
2016,77,1,0,0,1263652.75,48963.3515625,3874.747314453125
2016,77,3,0,0,400387.25,10080.6455078125,2517.723876953125
2016,78,0,0,0,1578721,60728,3846.658203125
2016,78,1,0,0,1198967.875,50303.5390625,4195.5703125
2016,78,3,0,0,379753.21875,10424.462890625,2745.0625
2016,79,0,0,0,1439602,62081,4312.37255859375
2016,79,1,0,0,1107967.75,51374.19921875,4636.79541015625
2016,79,3,0,0,331634.25,10706.80078125,3228.49658203125
2016,80,0,0,0,1358070,64987,4785.24658203125
2016,80,1,0,0,1053324.5,53697.78125,5097.93359375
2016,80,3,0,0,304745.625,11289.216796875,3704.47216796875
2016,81,0,0,0,1284470,67240,5234.84375
2016,81,1,0,0,999564.25,55353.62109375,5537.775390625
2016,81,3,0,0,284905.75,11886.37890625,4172.0390625
2016,82,0,0,0,1134886,67120,5914.25048828125
2016,82,1,0,0,889297.375,55221.21484375,6209.533203125
2016,82,3,0,0,245588.671875,11898.78515625,4845.005859375
2016,83,0,0,0,1079060,69758,6464.70068359375
2016,83,1,0,0,838396.6875,56881.8828125,6784.6025390625
2016,83,3,0,0,240663.3125,12876.119140625,5350.2626953125
2016,84,0,0,0,1008889,72916,7227.35595703125
2016,84,1,0,0,797736.25,59458.3046875,7453.37890625
2016,84,3,0,0,211152.78125,13457.693359375,6373.43896484375
2017,25,0,0,0,4701396,5264,111.9667434692383
2017,25,1,0,0,3187356,4842.3671875,151.9242706298828
2017,25,3,0,0,1514040,421.6326904296875,27.84818649291992
2017,26,0,0,0,4787673,5515,115.1916580200195
2017,26,1,0,0,3204590.25,5076.7255859375,158.4204254150391
2017,26,3,0,0,1583082.75,438.2747192382813,27.68489074707031
2017,27,0,0,0,4777879,5812,121.6439361572266
2017,27,1,0,0,3122867.5,5312.0302734375,170.1010437011719
2017,27,3,0,0,1655011.625,499.9695434570313,30.20942878723145
2017,28,0,0,0,4588903,5915,128.8979034423828
2017,28,1,0,0,2968365,5346.0498046875,180.100830078125
2017,28,3,0,0,1620537.875,568.9501953125,35.10872650146484
2017,29,0,0,0,4480324,5770,128.7853240966797
2017,29,1,0,0,2857645,5166.6796875,180.8020172119141
2017,29,3,0,0,1622679.125,603.3200073242188,37.18048858642578
2017,30,0,0,0,4402859,5819,132.1641235351563
2017,30,1,0,0,2810290.75,5135.9287109375,182.7543487548828
2017,30,3,0,0,1592568.25,683.0715942382813,42.89119720458984
2017,31,0,0,0,4417496,6160,139.4455108642578
2017,31,1,0,0,2764874.75,5458.7802734375,197.4331817626953
2017,31,3,0,0,1652621.25,701.219970703125,42.4307746887207
2017,32,0,0,0,4446712,6460,145.27587890625
2017,32,1,0,0,2769596,5711.7373046875,206.22998046875
2017,32,3,0,0,1677115.875,748.2625732421875,44.61603164672852
2017,33,0,0,0,4305136,6619,153.7465972900391
2017,33,1,0,0,2706679.25,5867.01953125,216.7608032226563
2017,33,3,0,0,1598456.875,751.9802856445313,47.04413986206055
2017,34,0,0,0,4366240,6881,157.5955505371094
2017,34,1,0,0,2732578,5998.97021484375,219.5351867675781
2017,34,3,0,0,1633661.75,882.029541015625,53.99095153808594
2017,35,0,0,0,4358839,7046,161.6485443115234
2017,35,1,0,0,2771169,6245.34814453125,225.3687286376953
2017,35,3,0,0,1587670,800.6519165039063,50.42936706542969
2017,36,0,0,0,4306255,7269,168.8009643554688
2017,36,1,0,0,2733519.25,6390.3525390625,233.7774810791016
2017,36,3,0,0,1572735.75,878.6476440429688,55.86746978759766
2017,37,0,0,0,4385828,7582,172.875
2017,37,1,0,0,2796506,6650.42138671875,237.8117980957031
2017,37,3,0,0,1589322,931.57861328125,58.61484527587891
2017,38,0,0,0,4111226,7350,178.7787933349609
2017,38,1,0,0,2627402.5,6450.2080078125,245.4975280761719
2017,38,3,0,0,1483823.5,899.7919311523438,60.64009094238281
2017,39,0,0,0,4028306,7654,190.0054321289063
2017,39,1,0,0,2545161.5,6696.2763671875,263.0982971191406
2017,39,3,0,0,1483144.25,957.7232666015625,64.57384490966797
2017,40,0,0,0,3983824,7972,200.1092376708984
2017,40,1,0,0,2607347.5,6910.24755859375,265.02978515625
2017,40,3,0,0,1376476.25,1061.752197265625,77.13552856445313
2017,41,0,0,0,3864969,8001,207.0133056640625
2017,41,1,0,0,2457899.75,6877.6455078125,279.8179931640625
2017,41,3,0,0,1407069.25,1123.3544921875,79.83647155761719
2017,42,0,0,0,3980816,8513,213.8506317138672
2017,42,1,0,0,2573867.5,7348.953125,285.5218200683594
2017,42,3,0,0,1406948.875,1164.047241210938,82.73557281494141
2017,43,0,0,0,3853250,8900,230.9738464355469
2017,43,1,0,0,2479611,7616.9111328125,307.1817016601563
2017,43,3,0,0,1373639,1283.0888671875,93.40801239013672
2017,44,0,0,0,3907893,9509,243.3280487060547
2017,44,1,0,0,2533478.5,8116.9130859375,320.3861083984375
2017,44,3,0,0,1374414.5,1392.086791992188,101.2858047485352
2017,45,0,0,0,4080348,11010,269.8299255371094
2017,45,1,0,0,2671853,9384.1982421875,351.2243347167969
2017,45,3,0,0,1408495.25,1625.801635742188,115.4282684326172
2017,46,0,0,0,4309081,12543,291.0829467773438
2017,46,1,0,0,2795463,10651.1640625,381.01611328125
2017,46,3,0,0,1513617.75,1891.836059570313,124.9877014160156
2017,47,0,0,0,4359465,13533,310.4280090332031
2017,47,1,0,0,2842880.5,11574.728515625,407.1479187011719
2017,47,3,0,0,1516584.625,1958.271362304688,129.123779296875
2017,48,0,0,0,4128210,13891,336.4896545410156
2017,48,1,0,0,2698696,11828.345703125,438.2985534667969
2017,48,3,0,0,1429513.75,2062.655029296875,144.2906799316406
2017,49,0,0,0,4039082,14721,364.4639892578125
2017,49,1,0,0,2711136.5,12622.814453125,465.5912475585938
2017,49,3,0,0,1327945.375,2098.18505859375,158.0023651123047
2017,50,0,0,0,4039446,16425,406.6151733398438
2017,50,1,0,0,2776071.25,14096.0703125,507.7704772949219
2017,50,3,0,0,1263374.75,2328.92919921875,184.3419189453125
2017,51,0,0,0,4109944,18497,450.0547790527344
2017,51,1,0,0,2820742,16041.42578125,568.6952514648438
2017,51,3,0,0,1289201.75,2455.573974609375,190.4724426269531
2017,52,0,0,0,4352576,20726,476.1777954101563
2017,52,1,0,0,3026391.5,17986.318359375,594.315673828125
2017,52,3,0,0,1326184.75,2739.682861328125,206.5838012695313
2017,53,0,0,0,4427431,23291,526.061279296875
2017,53,1,0,0,3102414.5,20099.59765625,647.8695068359375
2017,53,3,0,0,1325016.125,3191.40234375,240.8576202392578
2017,54,0,0,0,4418178,25505,577.274169921875
2017,54,1,0,0,3110806.25,22087.8671875,710.0367431640625
2017,54,3,0,0,1307371.75,3417.13232421875,261.3741760253906
2017,55,0,0,0,4403109,27960,635.005859375
2017,55,1,0,0,3122553,24363.23828125,780.2345581054688
2017,55,3,0,0,1280556.125,3596.7607421875,280.8749084472656
2017,56,0,0,0,4451318,30256,679.7088012695313
2017,56,1,0,0,3173212.5,26350.736328125,830.4119873046875
2017,56,3,0,0,1278105.75,3905.263427734375,305.5508728027344
2017,57,0,0,0,4484471,32705,729.2944946289063
2017,57,1,0,0,3191778.25,28322.55859375,887.35986328125
2017,57,3,0,0,1292692.5,4382.443359375,339.0166931152344
2017,58,0,0,0,4326625,34408,795.2619018554688
2017,58,1,0,0,3102125,29835.55859375,961.778076171875
2017,58,3,0,0,1224499.75,4572.44140625,373.4130249023438
2017,59,0,0,0,4294387,36769,856.210693359375
2017,59,1,0,0,3076457.5,31798.45703125,1033.606201171875
2017,59,3,0,0,1217929.25,4970.54248046875,408.1142272949219
2017,60,0,0,0,4239714,39052,921.099853515625
2017,60,1,0,0,3026776.5,33599.8203125,1110.0859375
2017,60,3,0,0,1212937.5,5452.181640625,449.5022888183594
2017,61,0,0,0,4081356,40211,985.2362670898438
2017,61,1,0,0,2890063.5,34313.01953125,1187.275634765625
2017,61,3,0,0,1191292.625,5897.982421875,495.0909729003906
2017,62,0,0,0,4040739,41855,1035.825317382813
2017,62,1,0,0,2851930.5,35369.26953125,1240.186889648438
2017,62,3,0,0,1188808.5,6485.73095703125,545.565673828125
2017,63,0,0,0,3867581,43813,1132.826904296875
2017,63,1,0,0,2702738.25,36775.51171875,1360.676025390625
2017,63,3,0,0,1164842.875,7037.4892578125,604.1578369140625
2017,64,0,0,0,3712619,44977,1211.462890625
2017,64,1,0,0,2546889.5,37385.30078125,1467.880737304688
2017,64,3,0,0,1165729.25,7591.701171875,651.2405395507813
2017,65,0,0,0,3560160,46147,1296.205810546875
2017,65,1,0,0,2444902,37923.7265625,1551.134887695313
2017,65,3,0,0,1115258,8223.271484375,737.342529296875
2017,66,0,0,0,3444063,46866,1360.776489257813
2017,66,1,0,0,2333643,38345.03125,1643.140380859375
2017,66,3,0,0,1110420,8520.966796875,767.3643188476563
2017,67,0,0,0,3356013,48644,1449.4580078125
2017,67,1,0,0,2274326.5,39451,1734.623413085938
2017,67,3,0,0,1081686.5,9192.998046875,849.8764038085938
2017,68,0,0,0,3244182,51393,1584.158935546875
2017,68,1,0,0,2211136.5,41598.9296875,1881.337036132813
2017,68,3,0,0,1033045.5625,9794.07421875,948.07763671875
2017,69,0,0,0,3198582,55037,1720.668701171875
2017,69,1,0,0,2174730.75,44239.875,2034.26904296875
2017,69,3,0,0,1023851.25,10797.125,1054.559936523438
2017,70,0,0,0,3320393,60062,1808.882202148438
2017,70,1,0,0,2263971.5,47944.1328125,2117.700439453125
2017,70,3,0,0,1056421.375,12117.8671875,1147.067626953125
2017,71,0,0,0,2440099,50657,2076.022216796875
2017,71,1,0,0,1699167.5,40979.9140625,2411.76416015625
2017,71,3,0,0,740931.5,9677.083984375,1306.069946289063
2017,72,0,0,0,2395620,52985,2211.744873046875
2017,72,1,0,0,1688438.625,43171.8046875,2556.906982421875
2017,72,3,0,0,707181.375,9813.1943359375,1387.64892578125
2017,73,0,0,0,2318273,57047,2460.754150390625
2017,73,1,0,0,1655128,46528.484375,2811.17138671875
2017,73,3,0,0,663145,10518.517578125,1586.156494140625
2017,74,0,0,0,2355298,62772,2665.140380859375
2017,74,1,0,0,1695301,51162.0390625,3017.87353515625
2017,74,3,0,0,659996.875,11609.9580078125,1759.092895507813
2017,75,0,0,0,2036694,59741,2933.23388671875
2017,75,1,0,0,1491092.5,49003.4453125,3286.412109375
2017,75,3,0,0,545601.5,10737.5546875,1968.021484375
2017,76,0,0,0,1844686,59324,3215.940185546875
2017,76,1,0,0,1381972.25,48816.671875,3532.3916015625
2017,76,3,0,0,462713.8125,10507.330078125,2270.805419921875
2017,77,0,0,0,1726841,60470,3501.77001953125
2017,77,1,0,0,1287621,49612.71484375,3853.052734375
2017,77,3,0,0,439220.0625,10857.2841796875,2471.9462890625
2017,78,0,0,0,1605304,62698,3905.677734375
2017,78,1,0,0,1229893.25,51581.390625,4193.97314453125
2017,78,3,0,0,375410.8125,11116.607421875,2961.1845703125
2017,79,0,0,0,1517003,65265,4302.23291015625
2017,79,1,0,0,1151852.625,53723.18359375,4664.0673828125
2017,79,3,0,0,365150.375,11541.8154296875,3160.839111328125
2017,80,0,0,0,1377095,66019,4794.0771484375
2017,80,1,0,0,1056191.875,54291.6796875,5140.32373046875
2017,80,3,0,0,320903.125,11727.3203125,3654.4736328125
2017,81,0,0,0,1292937,68230,5277.1328125
2017,81,1,0,0,1001411.375,55912.203125,5583.34033203125
2017,81,3,0,0,291525.6875,12317.798828125,4225.28759765625
2017,82,0,0,0,1215766,71274,5862.47705078125
2017,82,1,0,0,949550.125,58438.44921875,6154.330078125
2017,82,3,0,0,266215.875,12835.55078125,4821.48193359375
2017,83,0,0,0,1067044,70855,6640.30712890625
2017,83,1,0,0,834540.125,57763.53125,6921.60009765625
2017,83,3,0,0,232503.875,13091.46875,5630.6455078125
2017,84,0,0,0,1007456,73883,7333.62060546875
2017,84,1,0,0,786581.8125,59858.46875,7609.9482421875
2017,84,3,0,0,220874.21875,14024.533203125,6349.556640625
2018,25,0,0,0,4606281,4844,105.160758972168
2018,25,1,0,0,3076730.75,4481.05029296875,145.6432342529297
2018,25,3,0,0,1529550.25,362.9495849609375,23.72916984558105
2018,26,0,0,0,4728714,5230,110.6008911132813
2018,26,1,0,0,3095795.25,4774.75048828125,154.2334136962891
2018,26,3,0,0,1632918.75,455.2496032714844,27.87950134277344
2018,27,0,0,0,4813980,5699,118.3843688964844
2018,27,1,0,0,3171932,5198.60009765625,163.8938140869141
2018,27,3,0,0,1642048,500.3997802734375,30.4741268157959
2018,28,0,0,0,4801711,5829,121.3942260742188
2018,28,1,0,0,3081730.75,5282.521484375,171.4141082763672
2018,28,3,0,0,1719980.375,546.478271484375,31.77235412597656
2018,29,0,0,0,4611070,5859,127.0637817382813
2018,29,1,0,0,2927788.5,5284.57080078125,180.4970092773438
2018,29,3,0,0,1683281.625,574.429443359375,34.12556838989258
2018,30,0,0,0,4501282,6100,135.5169525146484
2018,30,1,0,0,2847914.5,5430.6923828125,190.6901550292969
2018,30,3,0,0,1653367.5,669.3076171875,40.48147964477539
2018,31,0,0,0,4421549,5959,134.7717742919922
2018,31,1,0,0,2720599,5312.55712890625,195.2715911865234
2018,31,3,0,0,1700950,646.443115234375,38.00482940673828
2018,32,0,0,0,4433749,6299,142.0693817138672
2018,32,1,0,0,2755963.5,5573.73486328125,202.2426910400391
2018,32,3,0,0,1677785.5,725.2650756835938,43.22751998901367
2018,33,0,0,0,4461246,6478,145.2060699462891
2018,33,1,0,0,2752292,5689.7392578125,206.7273101806641
2018,33,3,0,0,1708953.75,788.2609252929688,46.12535095214844
2018,34,0,0,0,4318192,6547,151.6143798828125
2018,34,1,0,0,2668047.75,5772.333984375,216.3504791259766
2018,34,3,0,0,1650144.375,774.6659545898438,46.94534301757813
2018,35,0,0,0,4376401,7090,162.0052642822266
2018,35,1,0,0,2736979.5,6235.7470703125,227.8331604003906
2018,35,3,0,0,1639421.5,854.2528076171875,52.10696792602539
2018,36,0,0,0,4366923,7205,164.9903106689453
2018,36,1,0,0,2707345.25,6256.7919921875,231.1043243408203
2018,36,3,0,0,1659577.625,948.2083740234375,57.13552474975586
2018,37,0,0,0,4313086,7463,173.0315551757813
2018,37,1,0,0,2707412.5,6498.0625,240.0100708007813
2018,37,3,0,0,1605673.5,964.9373779296875,60.09548950195313
2018,38,0,0,0,4391406,7835,178.4166564941406
2018,38,1,0,0,2765278.5,6801.32080078125,245.9542846679688
2018,38,3,0,0,1626127.25,1033.679077148438,63.56692504882813
2018,39,0,0,0,4115771,8024,194.9573974609375
2018,39,1,0,0,2582858.75,6980.02587890625,270.2442016601563
2018,39,3,0,0,1532912.5,1043.974243164063,68.10396575927734
2018,40,0,0,0,4031314,7907,196.1395263671875
2018,40,1,0,0,2607785.5,6846.97900390625,262.5591430664063
2018,40,3,0,0,1423528.5,1060.02099609375,74.46433258056641
2018,41,0,0,0,3986156,8185,205.3356628417969
2018,41,1,0,0,2509252.5,7047.537109375,280.8619995117188
2018,41,3,0,0,1476903.25,1137.462890625,77.01675415039063
2018,42,0,0,0,3866067,8293,214.5074005126953
2018,42,1,0,0,2461581.75,7108.5615234375,288.7802429199219
2018,42,3,0,0,1404485.25,1184.438232421875,84.33255004882813
2018,43,0,0,0,3979609,8902,223.6903228759766
2018,43,1,0,0,2521197,7631.66015625,302.6998596191406
2018,43,3,0,0,1458412,1270.33984375,87.10431671142578
2018,44,0,0,0,3851155,9476,246.0560607910156
2018,44,1,0,0,2480751.5,7975.912109375,321.5119323730469
2018,44,3,0,0,1370403.5,1500.087890625,109.4632263183594
2018,45,0,0,0,3904041,10509,269.1826171875
2018,45,1,0,0,2544264.75,8957.3984375,352.0623474121094
2018,45,3,0,0,1359776.25,1551.601928710938,114.1071472167969
2018,46,0,0,0,4074459,11925,292.6768798828125
2018,46,1,0,0,2640938,10134.888671875,383.7609558105469
2018,46,3,0,0,1433521.125,1790.111572265625,124.8751449584961
2018,47,0,0,0,4301318,13249,308.0218811035156
2018,47,1,0,0,2764073.75,11259.69921875,407.3588562011719
2018,47,3,0,0,1537244.25,1989.2998046875,129.4068756103516
2018,48,0,0,0,4349714,14182,326.04443359375
2018,48,1,0,0,2808767.25,11977.8154296875,426.44384765625
2018,48,3,0,0,1540947,2204.184326171875,143.0408935546875
2018,49,0,0,0,4117603,15008,364.48388671875
2018,49,1,0,0,2689656.75,12787.4921875,475.43212890625
2018,49,3,0,0,1427946.25,2220.50830078125,155.5036315917969
2018,50,0,0,0,4026474,15823,392.9740905761719
2018,50,1,0,0,2709374,13515.0810546875,498.8266906738281
2018,50,3,0,0,1317099.75,2307.9189453125,175.2273406982422
2018,51,0,0,0,4025069,17543,435.8434448242188
2018,51,1,0,0,2719718.25,15086.1796875,554.6964111328125
2018,51,3,0,0,1305350.75,2456.82080078125,188.2115478515625
2018,52,0,0,0,4094079,19504,476.3952941894531
2018,52,1,0,0,2813388.75,16857.45703125,599.1868896484375
2018,52,3,0,0,1280690.25,2646.5419921875,206.649658203125
2018,53,0,0,0,4333375,22113,510.2951049804688
2018,53,1,0,0,2969204.75,19210.90234375,647.0049438476563
2018,53,3,0,0,1364170,2902.09912109375,212.7373504638672
2018,54,0,0,0,4405567,24981,567.0325927734375
2018,54,1,0,0,3075697.5,21596.28515625,702.158935546875
2018,54,3,0,0,1329869.75,3384.714111328125,254.5147094726563
2018,55,0,0,0,4393983,27310,621.53173828125
2018,55,1,0,0,3085490.25,23707.66796875,768.35986328125
2018,55,3,0,0,1308492.5,3602.3310546875,275.3039245605469
2018,56,0,0,0,4377130,29857,682.1136474609375
2018,56,1,0,0,3082887,25956.87109375,841.9663696289063
2018,56,3,0,0,1294243.125,3900.1279296875,301.3442993164063
2018,57,0,0,0,4422810,32543,735.7991943359375
2018,57,1,0,0,3135673.25,28244.76171875,900.7559204101563
2018,57,3,0,0,1287136.75,4298.23828125,333.9379577636719
2018,58,0,0,0,4453038,34611,777.24462890625
2018,58,1,0,0,3183179.5,30147.82421875,947.0978393554688
2018,58,3,0,0,1269858.125,4463.17431640625,351.4703063964844
2018,59,0,0,0,4294024,36642,853.325439453125
2018,59,1,0,0,3037473.25,31757.732421875,1045.53125
2018,59,3,0,0,1256550.75,4884.267578125,388.7043762207031
2018,60,0,0,0,4259361,38701,908.6104736328125
2018,60,1,0,0,3042933.5,33330.10546875,1095.328125
2018,60,3,0,0,1216427.625,5370.89453125,441.5301208496094
2018,61,0,0,0,4202894,41292,982.4658813476563
2018,61,1,0,0,2990080.5,35308.9453125,1180.869384765625
2018,61,3,0,0,1212813.375,5983.0546875,493.3203125
2018,62,0,0,0,4043396,42834,1059.357055664063
2018,62,1,0,0,2856673,36410.2578125,1274.568603515625
2018,62,3,0,0,1186723,6423.744140625,541.3010864257813
2018,63,0,0,0,4000236,45095,1127.308471679688
2018,63,1,0,0,2810897,37943.796875,1349.882202148438
2018,63,3,0,0,1189339,7151.2041015625,601.2755126953125
2018,64,0,0,0,3825765,45951,1201.093139648438
2018,64,1,0,0,2677859,38592.703125,1441.177612304688
2018,64,3,0,0,1147906,7358.2958984375,641.01904296875
2018,65,0,0,0,3669600,47257,1287.796997070313
2018,65,1,0,0,2524386.25,39128.296875,1550.012329101563
2018,65,3,0,0,1145213.75,8128.7041015625,709.7979736328125
2018,66,0,0,0,3516436,48642,1383.275512695313
2018,66,1,0,0,2389845.25,39933.26953125,1670.956298828125
2018,66,3,0,0,1126590.75,8708.73046875,773.016357421875
2018,67,0,0,0,3398755,49857,1466.919555664063
2018,67,1,0,0,2317033.5,40505.4375,1748.159301757813
2018,67,3,0,0,1081721.375,9351.564453125,864.5076904296875
2018,68,0,0,0,3307833,51107,1545.029663085938
2018,68,1,0,0,2253442.75,41133.2421875,1825.35107421875
2018,68,3,0,0,1054390.25,9973.7568359375,945.926513671875
2018,69,0,0,0,3194269,54383,1702.517822265625
2018,69,1,0,0,2157013.25,43409.015625,2012.459350585938
2018,69,3,0,0,1037255.875,10973.982421875,1057.982177734375
2018,70,0,0,0,3144466,58141,1848.994384765625
2018,70,1,0,0,2146389.5,46544.6328125,2168.50830078125
2018,70,3,0,0,998076.5,11596.3662109375,1161.871459960938
2018,71,0,0,0,3260552,63825,1957.490600585938
2018,71,1,0,0,2206335,50651.05078125,2295.7099609375
2018,71,3,0,0,1054217,13173.947265625,1249.642822265625
2018,72,0,0,0,2392283,53943,2254.875244140625
2018,72,1,0,0,1661158.5,43304.8828125,2606.908447265625
2018,72,3,0,0,731124.5,10638.115234375,1455.03466796875
2018,73,0,0,0,2344633,56033,2389.841064453125
2018,73,1,0,0,1653745.5,45176.26953125,2731.754638671875
2018,73,3,0,0,690887.5625,10856.73046875,1571.417846679688
2018,74,0,0,0,2263489,60590,2676.8408203125
2018,74,1,0,0,1610244.125,49233.1640625,3057.496826171875
2018,74,3,0,0,653244.875,11356.8359375,1738.526611328125
2018,75,0,0,0,2293604,66524,2900.41357421875
2018,75,1,0,0,1647130.375,53868.73828125,3270.4599609375
2018,75,3,0,0,646473.625,12655.26171875,1957.583618164063
2018,76,0,0,0,1978012,63365,3203.468994140625
2018,76,1,0,0,1438716,51637.2890625,3589.123046875
2018,76,3,0,0,539295.875,11727.7119140625,2174.634033203125
2018,77,0,0,0,1786181,63017,3528.030029296875
2018,77,1,0,0,1335947.375,51415.2578125,3848.59912109375
2018,77,3,0,0,450233.625,11601.744140625,2576.82763671875
2018,78,0,0,0,1666402,63188,3791.882080078125
2018,78,1,0,0,1243646.875,51847.1484375,4168.96044921875
2018,78,3,0,0,422755.21875,11340.849609375,2682.604248046875
2018,79,0,0,0,1542867,65651,4255.13037109375
2018,79,1,0,0,1164144.25,53695.6640625,4612.4580078125
2018,79,3,0,0,378722.75,11955.3359375,3156.75146484375
2018,80,0,0,0,1451583,67987,4683.6455078125
2018,80,1,0,0,1098049.125,55656.05859375,5068.630859375
2018,80,3,0,0,353533.84375,12330.94140625,3487.90966796875
2018,81,0,0,0,1311488,68584,5229.47998046875
2018,81,1,0,0,1010166.5625,56024.8359375,5546.0986328125
2018,81,3,0,0,301321.46875,12559.166015625,4168.02880859375
2018,82,0,0,0,1224165,71290,5823.5615234375
2018,82,1,0,0,938657.6875,58104.6796875,6190.1884765625
2018,82,3,0,0,285507.3125,13185.322265625,4618.2080078125
2018,83,0,0,0,1143669,73173,6398.09228515625
2018,83,1,0,0,890791.75,59532.25,6683.07177734375
2018,83,3,0,0,252877.25,13640.75,5394.2177734375
2018,84,0,0,0,996403,72426,7268.74560546875
2018,84,1,0,0,768958.125,58595.3203125,7620.09228515625
2018,84,3,0,0,227444.90625,13830.6796875,6080.89208984375
1990,25,0,0,1,2055249,3600,175.1612548828125
1990,25,0,0,2,2017375,1166,57.79788208007813
1990,25,1,0,1,1634877.25,3370.8154296875,206.1815643310547
1990,25,1,0,2,1593421,1062.3271484375,66.66958618164063
1990,25,3,0,1,420371.71875,229.1845550537109,54.51950073242188
1990,25,3,0,2,423953.96875,103.6728897094727,24.45380783081055
1990,26,0,0,1,2105673,3692,175.3358612060547
1990,26,0,0,2,2088246,1289,61.72644424438477
1990,26,1,0,1,1629262,3416.78759765625,209.7138214111328
1990,26,1,0,2,1596983.25,1117.56298828125,69.97962951660156
1990,26,3,0,1,476411,275.2123718261719,57.76784515380859
1990,26,3,0,2,491262.71875,171.4369964599609,34.89721298217773
1990,27,0,0,1,2154245,3987,185.0764465332031
1990,27,0,0,2,2135683,1399,65.50597381591797
1990,27,1,0,1,1655815,3689.21044921875,222.8032989501953
1990,27,1,0,2,1640869.375,1238.779296875,75.49530029296875
1990,27,3,0,1,498429.8125,297.7896423339844,59.74555206298828
1990,27,3,0,2,494813.4375,160.2206726074219,32.3800163269043
1990,28,0,0,1,2077091,4060,195.4656829833984
1990,28,0,0,2,2069732,1383,66.82024383544922
1990,28,1,0,1,1503805.75,3731.052978515625,248.1073760986328
1990,28,1,0,2,1612502.375,1232.151489257813,76.41238403320313
1990,28,3,0,1,573285.1875,328.947021484375,57.37929916381836
1990,28,3,0,2,457229.65625,150.8484497070313,32.9918327331543
1990,29,0,0,1,2289999,4434,193.6245422363281
1990,29,0,0,2,2283754,1545,67.65177154541016
1990,29,1,0,1,1732387.125,4016.71240234375,231.8599853515625
1990,29,1,0,2,1729764.25,1379.464233398438,79.74868774414063
1990,29,3,0,1,557611.9375,417.2875366210938,74.83475494384766
1990,29,3,0,2,553989.75,165.5357208251953,29.88064765930176
1990,30,0,0,1,2254547,4555,202.0361480712891
1990,30,0,0,2,2260896,1705,75.41258239746094
1990,30,1,0,1,1738235.75,4094.63330078125,235.5625915527344
1990,30,1,0,2,1751867.5,1520.854736328125,86.81333923339844
1990,30,3,0,1,516311.375,460.3667297363281,89.16455078125
1990,30,3,0,2,509028.46875,184.1452941894531,36.17583465576172
1990,31,0,0,1,2164868,4607,212.8074340820313
1990,31,0,0,2,2183495,1726,79.04758453369141
1990,31,1,0,1,1663089.125,4133.0771484375,248.5180816650391
1990,31,1,0,2,1687485.875,1542.49609375,91.40794372558594
1990,31,3,0,1,501778.875,473.9226989746094,94.44851684570313
1990,31,3,0,2,496009.1875,183.5038452148438,36.99605941772461
1990,32,0,0,1,2179289,4925,225.9911346435547
1990,32,0,0,2,2199813,1801,81.87059783935547
1990,32,1,0,1,1627266.875,4338.59716796875,266.61865234375
1990,32,1,0,2,1674968.75,1584.719848632813,94.61190795898438
1990,32,3,0,1,552022.1875,586.40283203125,106.2281265258789
1990,32,3,0,2,524844.3125,216.2802124023438,41.20845031738281
1990,33,0,0,1,2161509,5035,232.9391174316406
1990,33,0,0,2,2194551,1944,88.58303833007813
1990,33,1,0,1,1630739.875,4434.375,271.9241027832031
1990,33,1,0,2,1635043.75,1710.613891601563,104.6219024658203
1990,33,3,0,1,530769.125,600.6251831054688,113.1612854003906
1990,33,3,0,2,559507.25,233.3860778808594,41.71278762817383
1990,34,0,0,1,2161824,5106,236.1894378662109
1990,34,0,0,2,2177981,2070,95.04215240478516
1990,34,1,0,1,1540113.5,4476.20263671875,290.6410827636719
1990,34,1,0,2,1613856.25,1783.263793945313,110.4970626831055
1990,34,3,0,1,621710.4375,629.7974853515625,101.3007736206055
1990,34,3,0,2,564124.625,286.7362365722656,50.82852554321289
1990,35,0,0,1,2128513,5474,257.1748352050781
1990,35,0,0,2,2150156,2126,98.87654876708984
1990,35,1,0,1,1573162,4710.06103515625,299.40087890625
1990,35,1,0,2,1627221.125,1829.072631835938,112.4046783447266
1990,35,3,0,1,555350.875,763.9390869140625,137.5597229003906
1990,35,3,0,2,522934.8125,296.9273681640625,56.78095245361328
1990,36,0,0,1,2017030,5360,265.7372436523438
1990,36,0,0,2,2055597,2256,109.749137878418
1990,36,1,0,1,1483406.875,4535.2822265625,305.7341918945313
1990,36,1,0,2,1577954.75,1923.565063476563,121.9024200439453
1990,36,3,0,1,533623.25,824.7178955078125,154.5505981445313
1990,36,3,0,2,477642.25,332.4349365234375,69.59915161132813
1990,37,0,0,1,1979319,5568,281.3088684082031
1990,37,0,0,2,2020631,2256,111.6482925415039
1990,37,1,0,1,1350330.125,4684.1689453125,346.8906555175781
1990,37,1,0,2,1523159.375,1897.694091796875,124.5893325805664
1990,37,3,0,1,628988.9375,883.8308715820313,140.5161285400391
1990,37,3,0,2,497471.625,358.3058776855469,72.025390625
1990,38,0,0,1,1830828,5537,302.4314575195313
1990,38,0,0,2,1872842,2423,129.3755645751953
1990,38,1,0,1,1241059.875,4582.5751953125,369.2469177246094
1990,38,1,0,2,1373669.625,2023.504272460938,147.3064727783203
1990,38,3,0,1,589768.25,954.425048828125,161.8305206298828
1990,38,3,0,2,499172.3125,399.4956970214844,80.03162384033203
1990,39,0,0,1,1953178,5640,288.7601623535156
1990,39,0,0,2,1982201,2429,122.5405502319336
1990,39,1,0,1,1304350.375,4728.82080078125,362.5422058105469
1990,39,1,0,2,1488288.625,2067.650390625,138.9280548095703
1990,39,3,0,1,648827.6875,911.1792602539063,140.4347076416016
1990,39,3,0,2,493912.59375,361.349609375,73.16063690185547
1990,40,0,0,1,1879907,5749,305.81298828125
1990,40,0,0,2,1921301,2606,135.6372528076172
1990,40,1,0,1,1270036.25,4708.58740234375,370.7443237304688
1990,40,1,0,2,1457136.5,2228.0009765625,152.9026947021484
1990,40,3,0,1,609870.875,1040.412719726563,170.5955810546875
1990,40,3,0,2,464164.53125,377.9990234375,81.43643188476563
1990,41,0,0,1,1789683,5766,322.1799621582031
1990,41,0,0,2,1843759,2760,149.6941833496094
1990,41,1,0,1,1184868.125,4700.41455078125,396.70361328125
1990,41,1,0,2,1389099.375,2289.412841796875,164.812744140625
1990,41,3,0,1,604815,1065.585205078125,176.1836547851563
1990,41,3,0,2,454659.46875,470.5871276855469,103.5032043457031
1990,42,0,0,1,1784823,6192,346.9251708984375
1990,42,0,0,2,1835036,3081,167.8986206054688
1990,42,1,0,1,1267078,5056.9755859375,399.1053161621094
1990,42,1,0,2,1378944.875,2630.439453125,190.7574005126953
1990,42,3,0,1,517745,1135.024658203125,219.2246551513672
1990,42,3,0,2,456091.1875,450.5604248046875,98.787353515625
1990,43,0,0,1,1894248,6507,343.5136413574219
1990,43,0,0,2,1951236,3236,165.8435974121094
1990,43,1,0,1,1187902.875,5216.95556640625,439.173583984375
1990,43,1,0,2,1514053.125,2739.056884765625,180.9089050292969
1990,43,3,0,1,706345.125,1290.04443359375,182.6365661621094
1990,43,3,0,2,437182.78125,496.9431762695313,113.66943359375
1990,44,0,0,1,1430580,5627,393.3369750976563
1990,44,0,0,2,1462369,2921,199.744384765625
1990,44,1,0,1,1016348.6875,4544.16845703125,447.1072387695313
1990,44,1,0,2,1148604.25,2460.559814453125,214.2217254638672
1990,44,3,0,1,414231.375,1082.831665039063,261.4074401855469
1990,44,3,0,2,313764.78125,460.4400939941406,146.7469024658203
1990,45,0,0,1,1431258,5885,411.1767272949219
1990,45,0,0,2,1475825,3179,215.4049377441406
1990,45,1,0,1,986415.9375,4793.75048828125,485.9765930175781
1990,45,1,0,2,1144073.125,2751.8740234375,240.5330505371094
1990,45,3,0,1,444842.09375,1091.249389648438,245.3116302490234
1990,45,3,0,2,331751.8125,427.1258544921875,128.7486114501953
1990,46,0,0,1,1384778,6313,455.8853454589844
1990,46,0,0,2,1437424,3547,246.7608795166016
1990,46,1,0,1,976281.5625,5246.70458984375,537.4171752929688
1990,46,1,0,2,1164263.875,3072.419677734375,263.8937683105469
1990,46,3,0,1,408496.40625,1066.295654296875,261.0293884277344
1990,46,3,0,2,273160.15625,474.5802917480469,173.7370147705078
1990,47,0,0,1,1470954,6993,475.40576171875
1990,47,0,0,2,1530516,3973,259.5856628417969
1990,47,1,0,1,1056405.625,5831.45068359375,552.0086669921875
1990,47,1,0,2,1219514.75,3446.379638671875,282.6025390625
1990,47,3,0,1,414548.4375,1161.549194335938,280.1962585449219
1990,47,3,0,2,311001.125,526.6203002929688,169.3306732177734
1990,48,0,0,1,1220033,6854,561.7880859375
1990,48,0,0,2,1279398,3968,310.1458740234375
1990,48,1,0,1,852176.1875,5819.90625,682.9463500976563
1990,48,1,0,2,1038611.9375,3469.553466796875,334.0567626953125
1990,48,3,0,1,367856.8125,1034.09375,281.1131286621094
1990,48,3,0,2,240786.03125,498.4465637207031,207.0080871582031
1990,49,0,0,1,1274719,7040,552.278564453125
1990,49,0,0,2,1324111,4090,308.8865051269531
1990,49,1,0,1,940132.125,5887.7861328125,626.272216796875
1990,49,1,0,2,1072629.875,3544.923095703125,330.4889526367188
1990,49,3,0,1,334586.84375,1152.213745117188,344.3691101074219
1990,49,3,0,2,251481.09375,545.0768432617188,216.7466430664063
1990,50,0,0,1,1189969,7371,619.4279174804688
1990,50,0,0,2,1246845,4478,359.146484375
1990,50,1,0,1,940621.3125,6320.25146484375,671.9230346679688
1990,50,1,0,2,1027184.5625,3968.109619140625,386.309326171875
1990,50,3,0,1,249347.703125,1050.748413085938,421.3988647460938
1990,50,3,0,2,219660.46875,509.8904724121094,232.1266479492188
1990,51,0,0,1,1126020,7769,689.9522094726563
1990,51,0,0,2,1186450,4638,390.9140625
1990,51,1,0,1,853988.3125,6659.33154296875,779.7918701171875
1990,51,1,0,2,1001477.9375,4138.62255859375,413.2514953613281
1990,51,3,0,1,272031.65625,1109.668701171875,407.9189453125
1990,51,3,0,2,184972.078125,499.3774108886719,269.9744873046875
1990,52,0,0,1,1100329,8406,763.9533081054688
1990,52,0,0,2,1164740,4999,429.1944885253906
1990,52,1,0,1,848352.375,7188.61572265625,847.3619995117188
1990,52,1,0,2,956780.0625,4459.81640625,466.1276550292969
1990,52,3,0,1,251976.625,1217.384399414063,483.1338500976563
1990,52,3,0,2,207959.953125,539.183349609375,259.2726745605469
1990,53,0,0,1,1050433,8530,812.0460815429688
1990,53,0,0,2,1119474,5311,474.4192504882813
1990,53,1,0,1,815701.625,7292.38525390625,894.0015869140625
1990,53,1,0,2,918141.625,4724.4697265625,514.5687255859375
1990,53,3,0,1,234731.421875,1237.614501953125,527.2470703125
1990,53,3,0,2,201332.453125,586.5303344726563,291.3242797851563
1990,54,0,0,1,1059386,9480,894.8579711914063
1990,54,0,0,2,1134116,5768,508.5899353027344
1990,54,1,0,1,810967.75,8146.44580078125,1004.533874511719
1990,54,1,0,2,947172.25,5229.0546875,552.070068359375
1990,54,3,0,1,248418.234375,1333.553955078125,536.8180541992188
1990,54,3,0,2,186943.828125,538.9454956054688,288.2927551269531
1990,55,0,0,1,1043904,10452,1001.241516113281
1990,55,0,0,2,1125511,6507,578.1373901367188
1990,55,1,0,1,788588.0625,8974.28515625,1138.019409179688
1990,55,1,0,2,947759.5625,5888.44921875,621.302001953125
1990,55,3,0,1,255315.9375,1477.714721679688,578.7788696289063
1990,55,3,0,2,177751.46875,618.55078125,347.9862976074219
1990,56,0,0,1,988279,10748,1087.547119140625
1990,56,0,0,2,1071190,6671,622.7653198242188
1990,56,1,0,1,766562.75,9240.9677734375,1205.507080078125
1990,56,1,0,2,920446.9375,6027.0712890625,654.79833984375
1990,56,3,0,1,221716.21875,1507.032470703125,679.7123413085938
1990,56,3,0,2,150743,643.9288330078125,427.1699829101563
1990,57,0,0,1,997273,11879,1191.148315429688
1990,57,0,0,2,1090977,7381,676.549560546875
1990,57,1,0,1,724558.5,10243.2119140625,1413.7177734375
1990,57,1,0,2,958205.75,6724.1943359375,701.7484741210938
1990,57,3,0,1,272714.5625,1635.788208007813,599.8169555664063
1990,57,3,0,2,132771.171875,656.8057861328125,494.6900634765625
1990,58,0,0,1,938636,13185,1404.697875976563
1990,58,0,0,2,1036637,7929,764.877197265625
1990,58,1,0,1,741995.9375,11164.5810546875,1504.668701171875
1990,58,1,0,2,925003.8125,7199.568359375,778.3284912109375
1990,58,3,0,1,196640.15625,2020.419311523438,1027.470336914063
1990,58,3,0,2,111633.1796875,729.431640625,653.4183349609375
1990,59,0,0,1,1038771,14262,1372.968627929688
1990,59,0,0,2,1146981,8849,771.5036010742188
1990,59,1,0,1,833484.375,12212.5185546875,1465.236694335938
1990,59,1,0,2,994843.875,8027.677734375,806.9284057617188
1990,59,3,0,1,205286.53125,2049.48095703125,998.3513793945313
1990,59,3,0,2,152137.03125,821.3221435546875,539.8568115234375
1990,60,0,0,1,1014795,15929,1569.676635742188
1990,60,0,0,2,1140397,10285,901.87890625
1990,60,1,0,1,777899.375,13768.607421875,1769.972778320313
1990,60,1,0,2,983857.4375,9372.6416015625,952.6422729492188
1990,60,3,0,1,236895.65625,2160.392578125,911.9595336914063
1990,60,3,0,2,156539.625,912.3582153320313,582.8289184570313
1990,61,0,0,1,984187,16884,1715.527587890625
1990,61,0,0,2,1108770,10732,967.91943359375
1990,61,1,0,1,769802.5,14590.6142578125,1895.37109375
1990,61,1,0,2,990940.5,9838.09375,992.8036499023438
1990,61,3,0,1,214384.515625,2293.38623046875,1069.753662109375
1990,61,3,0,2,117829.5390625,893.9064331054688,758.6437377929688
1990,62,0,0,1,999611,19274,1928.150024414063
1990,62,0,0,2,1142375,12237,1071.189453125
1990,62,1,0,1,817322.5,16843.138671875,2060.770263671875
1990,62,1,0,2,1002749.125,11257.98828125,1122.71240234375
1990,62,3,0,1,182288.453125,2430.861328125,1333.524536132813
1990,62,3,0,2,139625.921875,979.0115966796875,701.16748046875
1990,63,0,0,1,980639,20441,2084.457275390625
1990,63,0,0,2,1129627,13187,1167.37646484375
1990,63,1,0,1,744231.375,17878.1328125,2402.227783203125
1990,63,1,0,2,1003789.4375,12091.5322265625,1204.588500976563
1990,63,3,0,1,236407.609375,2562.867919921875,1084.088623046875
1990,63,3,0,2,125837.5078125,1095.4677734375,870.5415649414063
1990,64,0,0,1,971139,21588,2222.956787109375
1990,64,0,0,2,1151942,14271,1238.864501953125
1990,64,1,0,1,754112,18751.169921875,2486.523193359375
1990,64,1,0,2,1041313.375,13213.359375,1268.912841796875
1990,64,3,0,1,217027.03125,2836.8310546875,1307.132568359375
1990,64,3,0,2,110628.4921875,1057.64111328125,956.0296020507813
1990,65,0,0,1,962064,23625,2455.65771484375
1990,65,0,0,2,1158713,15855,1368.328491210938
1990,65,1,0,1,790661.0625,20458.40234375,2587.506103515625
1990,65,1,0,2,1032477,14692.98828125,1423.081420898438
1990,65,3,0,1,171402.984375,3166.59814453125,1847.4580078125
1990,65,3,0,2,126236.09375,1162.011352539063,920.5064086914063
1990,66,0,0,1,927938,24367,2625.9296875
1990,66,0,0,2,1128146,16697,1480.038940429688
1990,66,1,0,1,740889.0625,21177.6484375,2858.41015625
1990,66,1,0,2,1004795.875,15519.7880859375,1544.5712890625
1990,66,3,0,1,187048.9375,3189.3505859375,1705.0888671875
1990,66,3,0,2,123350.1953125,1177.211547851563,954.3653564453125
1990,67,0,0,1,897030,25331,2823.874267578125
1990,67,0,0,2,1103150,17656,1600.507690429688
1990,67,1,0,1,770369.9375,22152.69921875,2875.59228515625
1990,67,1,0,2,993743.6875,16297.845703125,1640.045166015625
1990,67,3,0,1,126660.0390625,3178.3017578125,2509.31689453125
1990,67,3,0,2,109406.28125,1358.15380859375,1241.385620117188
1990,68,0,0,1,872044,26971,3092.8486328125
1990,68,0,0,2,1089276,18941,1738.861450195313
1990,68,1,0,1,728792.25,23680.912109375,3249.33642578125
1990,68,1,0,2,988257.25,17565.13671875,1777.385009765625
1990,68,3,0,1,143251.734375,3290.088623046875,2296.71826171875
1990,68,3,0,2,101018.75,1375.862670898438,1361.987426757813
1990,69,0,0,1,854953,28061,3282.168701171875
1990,69,0,0,2,1085609,19828,1826.440307617188
1990,69,1,0,1,708030.5625,24690.544921875,3487.214599609375
1990,69,1,0,2,961990.125,18254.51171875,1897.577880859375
1990,69,3,0,1,146922.40625,3370.455322265625,2294.03759765625
1990,69,3,0,2,123618.8515625,1573.488159179688,1272.8544921875
1990,70,0,0,1,779805,28751,3686.947265625
1990,70,0,0,2,1005843,21091,2096.84814453125
1990,70,1,0,1,684437.1875,25579.337890625,3737.280517578125
1990,70,1,0,2,906934.25,19555.265625,2156.1943359375
1990,70,3,0,1,95367.8359375,3171.66259765625,3325.715087890625
1990,70,3,0,2,98908.7421875,1535.733520507813,1552.67724609375
1990,71,0,0,1,726782,28329,3897.86767578125
1990,71,0,0,2,958164,21267,2219.557373046875
1990,71,1,0,1,629133.0625,25070.34375,3984.9033203125
1990,71,1,0,2,859539.5625,19675.068359375,2289.024169921875
1990,71,3,0,1,97648.8671875,3258.65673828125,3337.11669921875
1990,71,3,0,2,98624.421875,1591.931030273438,1614.134765625
1990,72,0,0,1,687326,29692,4319.9296875
1990,72,0,0,2,919354,22506,2448.023193359375
1990,72,1,0,1,573289.4375,26308.9296875,4589.1181640625
1990,72,1,0,2,830874.0625,20869.833984375,2511.792724609375
1990,72,3,0,1,114036.5703125,3383.06982421875,2966.6533203125
1990,72,3,0,2,88479.9140625,1636.166015625,1849.19482421875
1990,73,0,0,1,629838,30065,4773.44970703125
1990,73,0,0,2,868749,23379,2691.111083984375
1990,73,1,0,1,530950.6875,26846.306640625,5056.27099609375
1990,73,1,0,2,791593.875,21660.412109375,2736.3037109375
1990,73,3,0,1,98887.3671875,3218.693359375,3254.908447265625
1990,73,3,0,2,77155.1171875,1718.587036132813,2227.444091796875
1990,74,0,0,1,600138,30874,5144.4833984375
1990,74,0,0,2,849064,24661,2904.492431640625
1990,74,1,0,1,520111,27604.171875,5307.36181640625
1990,74,1,0,2,770141.1875,22936.5,2978.22021484375
1990,74,3,0,1,80027.015625,3269.827392578125,4085.904541015625
1990,74,3,0,2,78922.859375,1724.500244140625,2185.04541015625
1990,75,0,0,1,572113,31512,5508.0029296875
1990,75,0,0,2,832090,26352,3166.965087890625
1990,75,1,0,1,507250.8125,28212.94140625,5561.93115234375
1990,75,1,0,2,762772.0625,24405.359375,3199.561279296875
1990,75,3,0,1,64862.22265625,3299.0576171875,5086.25439453125
1990,75,3,0,2,69317.8828125,1946.639770507813,2808.279296875
1990,76,0,0,1,520800,32223,6187.2119140625
1990,76,0,0,2,778316,27781,3569.372802734375
1990,76,1,0,1,443510.0625,28883.86328125,6512.56103515625
1990,76,1,0,2,736842.75,25678.74609375,3484.9697265625
1990,76,3,0,1,77289.9609375,3339.137451171875,4320.27294921875
1990,76,3,0,2,41473.265625,2102.25439453125,5068.9384765625
1990,77,0,0,1,481059,32270,6708.11669921875
1990,77,0,0,2,749647,28935,3859.816650390625
1990,77,1,0,1,412589.125,28946.626953125,7015.84814453125
1990,77,1,0,2,679143.625,26627.58984375,3920.759765625
1990,77,3,0,1,68469.890625,3323.37255859375,4853.7724609375
1990,77,3,0,2,70503.40625,2307.409912109375,3272.763671875
1990,78,0,0,1,440475,30981,7033.54345703125
1990,78,0,0,2,707723,29475,4164.76513671875
1990,78,1,0,1,375661.90625,27688.638671875,7370.62744140625
1990,78,1,0,2,644409.4375,27119.98828125,4208.50244140625
1990,78,3,0,1,64813.1015625,3292.36083984375,5079.77685546875
1990,78,3,0,2,63313.5625,2355.011962890625,3719.60107421875
1990,79,0,0,1,396200,30887,7795.81005859375
1990,79,0,0,2,668573,30698,4591.5703125
1990,79,1,0,1,360531.6875,27523.826171875,7634.232421875
1990,79,1,0,2,602008.75,28111.044921875,4669.541015625
1990,79,3,0,1,35668.33203125,3363.17333984375,9429.017578125
1990,79,3,0,2,66564.2109375,2586.95458984375,3886.404541015625
1990,80,0,0,1,346427,30227,8725.359375
1990,80,0,0,2,606607,31805,5243.09814453125
1990,80,1,0,1,306422.15625,26778.00390625,8738.92578125
1990,80,1,0,2,546944.875,29027.87109375,5307.275390625
1990,80,3,0,1,40004.8671875,3448.99658203125,8621.4423828125
1990,80,3,0,2,59662.1015625,2777.1298828125,4654.763671875
1990,81,0,0,1,307182,29036,9452.376953125
1990,81,0,0,2,556629,31840,5720.1474609375
1990,81,1,0,1,278109.625,25522.11328125,9176.9970703125
1990,81,1,0,2,509282.125,28921.76171875,5678.92724609375
1990,81,3,0,1,29072.384765625,3513.885986328125,12086.6796875
1990,81,3,0,2,47346.8828125,2918.23876953125,6163.52880859375
1990,82,0,0,1,272961,27852,10203.6552734375
1990,82,0,0,2,515485,33018,6405.22998046875
1990,82,1,0,1,253006.640625,24564.04296875,9708.853515625
1990,82,1,0,2,475729.96875,29844.375,6273.3857421875
1990,82,3,0,1,19954.34765625,3287.956787109375,16477.396484375
1990,82,3,0,2,39755.0703125,3173.624267578125,7982.9423828125
1990,83,0,0,1,236490,26210,11082.9208984375
1990,83,0,0,2,468870,33068,7052.701171875
1990,83,1,0,1,227044.703125,22988.73828125,10125.203125
1990,83,1,0,2,424621.75,29781.064453125,7013.55126953125
1990,83,3,0,1,9445.3134765625,3221.2607421875,34104.328125
1990,83,3,0,2,44248.2421875,3286.935302734375,7428.3974609375
1990,84,0,0,1,202684,24208,11943.7158203125
1990,84,0,0,2,423362,33061,7809.15625
1990,84,1,0,1,171870.859375,21217.80078125,12345.19921875
1990,84,1,0,2,376039.4375,29754.236328125,7912.53076171875
1990,84,3,0,1,30813.123046875,2990.198974609375,9704.3037109375
1990,84,3,0,2,47322.54296875,3306.763427734375,6987.712890625
1991,25,0,0,1,1957952,3301,168.5945281982422
1991,25,0,0,2,1921937,1089,56.66158676147461
1991,25,1,0,1,1564501,3058.296875,195.4806671142578
1991,25,1,0,2,1455986.25,967.0609741210938,66.41964721679688
1991,25,3,0,1,393451.0625,242.7030029296875,61.68569183349609
1991,25,3,0,2,465950.84375,121.9390258789063,26.1699333190918
1991,26,0,0,1,2046295,3536,172.8001098632813
1991,26,0,0,2,2030865,1201,59.13736343383789
1991,26,1,0,1,1538946.75,3243.807861328125,210.7810363769531
1991,26,1,0,2,1562674.75,1078.183837890625,68.99604797363281
1991,26,3,0,1,507348.28125,292.192138671875,57.59202194213867
1991,26,3,0,2,468190.28125,122.8161239624023,26.23209571838379
1991,27,0,0,1,2141015,3929,183.5110931396484
1991,27,0,0,2,2119536,1350,63.69318389892578
1991,27,1,0,1,1623737.5,3598.9736328125,221.6475067138672
1991,27,1,0,2,1618214.875,1199.865478515625,74.14747619628906
1991,27,3,0,1,517277.625,330.0263671875,63.80062866210938
1991,27,3,0,2,501321.03125,150.1345367431641,29.94778251647949
1991,28,0,0,1,2069376,3977,192.1835327148438
1991,28,0,0,2,2058000,1375,66.81243896484375
1991,28,1,0,1,1631678.75,3643.974609375,223.3267211914063
1991,28,1,0,2,1570388.625,1236.304321289063,78.72601318359375
1991,28,3,0,1,437697.09375,333.0254821777344,76.08583068847656
1991,28,3,0,2,487611.34375,138.6956481933594,28.44389343261719
1991,29,0,0,1,2297294,4224,183.8684997558594
1991,29,0,0,2,2280867,1471,64.49301910400391
1991,29,1,0,1,1734721.75,3826.531982421875,220.5847625732422
1991,29,1,0,2,1764747.875,1305.134155273438,73.95584106445313
1991,29,3,0,1,562572.375,397.4679260253906,70.65187072753906
1991,29,3,0,2,516119.09375,165.8658447265625,32.13712692260742
1991,30,0,0,1,2264445,4585,202.4778747558594
1991,30,0,0,2,2264824,1741,76.87131500244141
1991,30,1,0,1,1742648.875,4111.27734375,235.9211578369141
1991,30,1,0,2,1744473.75,1568.479370117188,89.91131591796875
1991,30,3,0,1,521796.03125,473.7224426269531,90.78690338134766
1991,30,3,0,2,520350.375,172.5205841064453,33.15469741821289
1991,31,0,0,1,2220381,4759,214.3325805664063
1991,31,0,0,2,2224877,1849,83.10572052001953
1991,31,1,0,1,1722189.625,4276.99853515625,248.3465576171875
1991,31,1,0,2,1680194.75,1605.295776367188,95.54224395751953
1991,31,3,0,1,498191.6875,482.0012817382813,96.75016784667969
1991,31,3,0,2,544682.3125,243.7042694091797,44.74246215820313
1991,32,0,0,1,2192940,4868,221.9850921630859
1991,32,0,0,2,2208736,1757,79.54776000976563
1991,32,1,0,1,1696435.25,4314.73583984375,254.3413238525391
1991,32,1,0,2,1674401.25,1540.416870117188,91.99806976318359
1991,32,3,0,1,496504.90625,553.2643432617188,111.4318008422852
1991,32,3,0,2,534335,216.5830993652344,40.533203125
1991,33,0,0,1,2184506,5112,234.01171875
1991,33,0,0,2,2210718,1947,88.07093811035156
1991,33,1,0,1,1623379.125,4459.7666015625,274.72119140625
1991,33,1,0,2,1674234.75,1700.093383789063,101.5445022583008
1991,33,3,0,1,561126.9375,652.2332763671875,116.2363128662109
1991,33,3,0,2,536483.3125,246.9066314697266,46.02317047119141
1991,34,0,0,1,2264688,5368,237.0304412841797
1991,34,0,0,2,2264750,2132,94.138427734375
1991,34,1,0,1,1668596.25,4616.3818359375,276.66259765625
1991,34,1,0,2,1697200.125,1860.345825195313,109.6126403808594
1991,34,3,0,1,596091.6875,751.6181030273438,126.0910186767578
1991,34,3,0,2,567549.875,271.6541442871094,47.86436462402344
1991,35,0,0,1,2158850,5450,252.44921875
1991,35,0,0,2,2181193,2282,104.6216430664063
1991,35,1,0,1,1632672.875,4666.84765625,285.8409423828125
1991,35,1,0,2,1621840.375,1988.289184570313,122.5946273803711
1991,35,3,0,1,526177.125,783.1522827148438,148.8381500244141
1991,35,3,0,2,559352.5625,293.7108154296875,52.50906753540039
1991,36,0,0,1,2088072,5655,270.8240051269531
1991,36,0,0,2,2117198,2235,105.5640487670898
1991,36,1,0,1,1498325.375,4782.79248046875,319.2091979980469
1991,36,1,0,2,1616887.25,1937.889282226563,119.8530883789063
1991,36,3,0,1,589746.6875,872.2076416015625,147.8952941894531
1991,36,3,0,2,500310.625,297.1106872558594,59.3852424621582
1991,37,0,0,1,2044560,5769,282.1633911132813
1991,37,0,0,2,2082048,2344,112.5814590454102
1991,37,1,0,1,1524027.375,4901.6025390625,321.6216735839844
1991,37,1,0,2,1568019.5,2005.982177734375,127.9309463500977
1991,37,3,0,1,520532.78125,867.3975219726563,166.6364898681641
1991,37,3,0,2,514028.375,338.017822265625,65.75859069824219
1991,38,0,0,1,1881281,5752,305.7491149902344
1991,38,0,0,2,1925057,2553,132.6194458007813
1991,38,1,0,1,1291104.75,4862.9873046875,376.6531982421875
1991,38,1,0,2,1427686.875,2169.927734375,151.9890441894531
1991,38,3,0,1,590176.25,889.0128784179688,150.6351470947266
1991,38,3,0,2,497370.125,383.0723876953125,77.01958465576172
1991,39,0,0,1,2036470,5887,289.0786437988281
1991,39,0,0,2,2062619,2610,126.5381546020508
1991,39,1,0,1,1451069.25,4940.2783203125,340.4577941894531
1991,39,1,0,2,1579196.25,2225.115234375,140.9017486572266
1991,39,3,0,1,585400.625,946.7216796875,161.7220153808594
1991,39,3,0,2,483422.6875,384.8847961425781,79.61661529541016
1991,40,0,0,1,1898491,6089,320.7284240722656
1991,40,0,0,2,1942329,2733,140.7073669433594
1991,40,1,0,1,1340082,4986.9296875,372.1361694335938
1991,40,1,0,2,1425816.875,2302.3828125,161.4781494140625
1991,40,3,0,1,558409.0625,1102.070068359375,197.3589172363281
1991,40,3,0,2,516512.25,430.6171569824219,83.37017059326172
1991,41,0,0,1,1830802,6124,334.4981994628906
1991,41,0,0,2,1880100,2856,151.9068145751953
1991,41,1,0,1,1205257.875,4968.29638671875,412.2185363769531
1991,41,1,0,2,1425192.125,2410.3916015625,169.1274871826172
1991,41,3,0,1,625544.0625,1155.70361328125,184.7517547607422
1991,41,3,0,2,454908,445.6084594726563,97.95573425292969
1991,42,0,0,1,1790552,6342,354.1924438476563
1991,42,0,0,2,1841927,3030,164.5016326904297
1991,42,1,0,1,1202982.875,5172.52685546875,429.97509765625
1991,42,1,0,2,1361159.5,2513.004638671875,184.6223449707031
1991,42,3,0,1,587569.1875,1169.473266601563,199.0358428955078
1991,42,3,0,2,480767.5,516.9952392578125,107.535400390625
1991,43,0,0,1,1763743,6378,361.6173095703125
1991,43,0,0,2,1826264,3276,179.3826141357422
1991,43,1,0,1,1208952.625,5212.89453125,431.1909790039063
1991,43,1,0,2,1335769.625,2753.65283203125,206.1472930908203
1991,43,3,0,1,554790.375,1165.105346679688,210.0082092285156
1991,43,3,0,2,490494.375,522.3472900390625,106.4940414428711
1991,44,0,0,1,1975433,7061,357.4406127929688
1991,44,0,0,2,2002477,3645,182.0245666503906
1991,44,1,0,1,1297126.875,5687.8583984375,438.4967041015625
1991,44,1,0,2,1483886.375,3070.28955078125,206.9086761474609
1991,44,3,0,1,678306.0625,1373.141723632813,202.4368896484375
1991,44,3,0,2,518590.8125,574.7105102539063,110.8215789794922
1991,45,0,0,1,1399462,6085,434.8099365234375
1991,45,0,0,2,1445090,3255,225.2454833984375
1991,45,1,0,1,972798.5,4967.74609375,510.6654663085938
1991,45,1,0,2,1138452.375,2802.916748046875,246.2041320800781
1991,45,3,0,1,426663.59375,1117.25390625,261.8582763671875
1991,45,3,0,2,306637.6875,452.0833435058594,147.4324188232422
1991,46,0,0,1,1387959,6376,459.3795776367188
1991,46,0,0,2,1440065,3547,246.3083190917969
1991,46,1,0,1,921438.9375,5267.9755859375,571.7118530273438
1991,46,1,0,2,1112101,2996.66455078125,269.4597473144531
1991,46,3,0,1,466520.0625,1108.0244140625,237.5084228515625
1991,46,3,0,2,327964.125,550.3353271484375,167.8035125732422
1991,47,0,0,1,1396804,6843,489.9040832519531
1991,47,0,0,2,1458306,3792,260.0277404785156
1991,47,1,0,1,1002142.4375,5665.814453125,565.3701782226563
1991,47,1,0,2,1174919.625,3267.677001953125,278.1192016601563
1991,47,3,0,1,394661.53125,1177.185668945313,298.2772827148438
1991,47,3,0,2,283386.34375,524.3229370117188,185.0205383300781
1991,48,0,0,1,1405758,7588,539.7799682617188
1991,48,0,0,2,1466939,4263,290.6051330566406
1991,48,1,0,1,1022548.4375,6195.64013671875,605.90185546875
1991,48,1,0,2,1177758.875,3657.890869140625,310.5806274414063
1991,48,3,0,1,383209.59375,1392.359985351563,363.3416442871094
1991,48,3,0,2,289180.125,605.1091918945313,209.2499237060547
1991,49,0,0,1,1338089,7461,557.5862426757813
1991,49,0,0,2,1390620,4407,316.9089965820313
1991,49,1,0,1,972028.75,6302.07958984375,648.3428955078125
1991,49,1,0,2,1146141.125,3887.82568359375,339.2100219726563
1991,49,3,0,1,366060.3125,1158.92041015625,316.5927429199219
1991,49,3,0,2,244478.859375,519.1742553710938,212.3595733642578
1991,50,0,0,1,1242109,7654,616.2100219726563
1991,50,0,0,2,1300610,4552,349.9896240234375
1991,50,1,0,1,903220.75,6497.78857421875,719.4020385742188
1991,50,1,0,2,1047213.25,4028.644775390625,384.7014770507813
1991,50,3,0,1,338888.1875,1156.211669921875,341.1779174804688
1991,50,3,0,2,253396.734375,523.3551025390625,206.5358581542969
1991,51,0,0,1,1144435,7679,670.9861450195313
1991,51,0,0,2,1204245,4795,398.1748046875
1991,51,1,0,1,840500.9375,6587.72265625,783.7852783203125
1991,51,1,0,2,1026174.8125,4261.69677734375,415.2992858886719
1991,51,3,0,1,303933.96875,1091.277465820313,359.0508422851563
1991,51,3,0,2,178070.125,533.3033447265625,299.4906311035156
1991,52,0,0,1,1122055,8335,742.8334350585938
1991,52,0,0,2,1186739,5009,422.0810241699219
1991,52,1,0,1,809947.3125,7092.97802734375,875.7332763671875
1991,52,1,0,2,985915.375,4430.763671875,449.4060974121094
1991,52,3,0,1,312107.71875,1242.021850585938,397.946533203125
1991,52,3,0,2,200823.640625,578.236083984375,287.9322814941406
1991,53,0,0,1,1107328,8745,789.7388916015625
1991,53,0,0,2,1177023,5369,456.1508178710938
1991,53,1,0,1,821695.625,7504.81298828125,913.3324584960938
1991,53,1,0,2,977399.25,4792.40771484375,490.3224182128906
1991,53,3,0,1,285632.3125,1240.186889648438,434.1899719238281
1991,53,3,0,2,199623.765625,576.5921020507813,288.8394165039063
1991,54,0,0,1,1067399,9246,866.2177734375
1991,54,0,0,2,1139117,5658,496.7005004882813
1991,54,1,0,1,809246.9375,7909.72021484375,977.4173583984375
1991,54,1,0,2,958150.625,5093.3837890625,531.5848999023438
1991,54,3,0,1,258152.078125,1336.279663085938,517.6327514648438
1991,54,3,0,2,180966.40625,564.6163330078125,312.0006408691406
1991,55,0,0,1,1031271,10087,978.1134033203125
1991,55,0,0,2,1112065,6344,570.4702758789063
1991,55,1,0,1,803176.625,8598.263671875,1070.532104492188
1991,55,1,0,2,942006.75,5718.70166015625,607.0764770507813
1991,55,3,0,1,228094.421875,1488.73681640625,652.6844482421875
1991,55,3,0,2,170058.171875,625.2982788085938,367.6966857910156
1991,56,0,0,1,1053313,11270,1069.957397460938
1991,56,0,0,2,1139493,6838,600.0914306640625
1991,56,1,0,1,824339.4375,9690.2060546875,1175.511596679688
1991,56,1,0,2,988661.625,6192.54638671875,626.3565063476563
1991,56,3,0,1,228973.578125,1579.794311523438,689.9461059570313
1991,56,3,0,2,150831.40625,645.453857421875,427.9306640625
1991,57,0,0,1,989851,11543,1166.135131835938
1991,57,0,0,2,1075334,7253,674.4880981445313
1991,57,1,0,1,755845.8125,9840.9111328125,1301.973388671875
1991,57,1,0,2,926649.375,6574.06103515625,709.4442749023438
1991,57,3,0,1,234005.140625,1702.089233398438,727.37255859375
1991,57,3,0,2,148684.609375,678.9391479492188,456.6304016113281
1991,58,0,0,1,933680,12511,1339.966552734375
1991,58,0,0,2,1024597,7959,776.793212890625
1991,58,1,0,1,718091.4375,10729.3935546875,1494.154174804688
1991,58,1,0,2,870210.1875,7223.9970703125,830.1439208984375
1991,58,3,0,1,215588.578125,1781.60693359375,826.39208984375
1991,58,3,0,2,154386.75,735.0031127929688,476.0791320800781
1991,59,0,0,1,990563,13929,1406.170043945313
1991,59,0,0,2,1092622,8817,806.9579467773438
1991,59,1,0,1,768158.5625,11861.7392578125,1544.178466796875
1991,59,1,0,2,948356.5625,7950.93896484375,838.3912963867188
1991,59,3,0,1,222404.46875,2067.26025390625,929.5048217773438
1991,59,3,0,2,144265.375,866.0611572265625,600.3250122070313
1991,60,0,0,1,1002472,15402,1536.401977539063
1991,60,0,0,2,1134069,9741,858.9424438476563
1991,60,1,0,1,769016.9375,13160.4111328125,1711.329223632813
1991,60,1,0,2,1024415.4375,8807.7587890625,859.7838745117188
1991,60,3,0,1,233455.09375,2241.5888671875,960.1798706054688
1991,60,3,0,2,109653.5703125,933.2410888671875,851.0813598632813
1991,61,0,0,1,995307,16950,1702.9921875
1991,61,0,0,2,1106725,10997,993.6524658203125
1991,61,1,0,1,812572.875,14639.8251953125,1801.6630859375
1991,61,1,0,2,969959,10069.65625,1038.15283203125
1991,61,3,0,1,182734.109375,2310.174560546875,1264.227294921875
1991,61,3,0,2,136766.03125,927.343994140625,678.0513916015625
1991,62,0,0,1,974638,18131,1860.280395507813
1991,62,0,0,2,1107796,11585,1045.770141601563
1991,62,1,0,1,785857.875,15665.0517578125,1993.36962890625
1991,62,1,0,2,984024.8125,10583.125,1075.493774414063
1991,62,3,0,1,188780.140625,2465.94873046875,1306.254272460938
1991,62,3,0,2,123771.09375,1001.875427246094,809.4583129882813
1991,63,0,0,1,1004794,19971,1987.571533203125
1991,63,0,0,2,1142895,12863,1125.475219726563
1991,63,1,0,1,806020.6875,17386.93359375,2157.13232421875
1991,63,1,0,2,1017836.25,11740.4404296875,1153.470458984375
1991,63,3,0,1,198773.3125,2584.0654296875,1300.006225585938
1991,63,3,0,2,125058.8203125,1122.559204101563,897.625
1991,64,0,0,1,980703,21639,2206.478515625
1991,64,0,0,2,1153673,14244,1234.665283203125
1991,64,1,0,1,747423.125,18799.013671875,2515.177001953125
1991,64,1,0,2,1031181,13112.779296875,1271.627319335938
1991,64,3,0,1,233279.828125,2839.986328125,1217.416137695313
1991,64,3,0,2,122492.0234375,1131.220458984375,923.5054321289063
1991,65,0,0,1,941529,22657,2406.40478515625
1991,65,0,0,2,1131654,15283,1350.501098632813
1991,65,1,0,1,747230.0625,19696.681640625,2635.95947265625
1991,65,1,0,2,1013351.375,14100.7392578125,1391.49560546875
1991,65,3,0,1,194298.9375,2960.318359375,1523.589599609375
1991,65,3,0,2,118302.53125,1182.260864257813,999.3538208007813
1991,66,0,0,1,932931,24049,2577.789794921875
1991,66,0,0,2,1134090,16553,1459.584350585938
1991,66,1,0,1,747529,20769.912109375,2778.475830078125
1991,66,1,0,2,1031388.1875,15341.146484375,1487.427001953125
1991,66,3,0,1,185401.984375,3279.08740234375,1768.636596679688
1991,66,3,0,2,102701.734375,1211.853271484375,1179.973510742188
1991,67,0,0,1,911295,25500,2798.2158203125
1991,67,0,0,2,1115860,17695,1585.7724609375
1991,67,1,0,1,733517.1875,22129.9453125,3016.96337890625
1991,67,1,0,2,985793.0625,16369.3125,1660.522216796875
1991,67,3,0,1,177777.796875,3370.054443359375,1895.655395507813
1991,67,3,0,2,130066.9375,1325.687866210938,1019.235107421875
1991,68,0,0,1,849893,25991,3058.149658203125
1991,68,0,0,2,1062462,18428,1734.462036132813
1991,68,1,0,1,710023.375,22602.513671875,3183.347900390625
1991,68,1,0,2,986042.3125,17190.404296875,1743.373901367188
1991,68,3,0,1,139869.59375,3388.486083984375,2422.603759765625
1991,68,3,0,2,76419.6796875,1237.596557617188,1619.4736328125
1991,69,0,0,1,862934,28182,3265.8349609375
1991,69,0,0,2,1095718,20127,1836.877685546875
1991,69,1,0,1,707238.3125,24638.47265625,3483.75830078125
1991,69,1,0,2,1002216.6875,18686.75390625,1864.542236328125
1991,69,3,0,1,155695.734375,3543.526611328125,2275.930419921875
1991,69,3,0,2,93501.2578125,1440.246215820313,1540.349609375
1991,70,0,0,1,831969,29132,3501.57275390625
1991,70,0,0,2,1060179,21040,1984.570556640625
1991,70,1,0,1,703950.1875,25609.875,3638.023681640625
1991,70,1,0,2,921016.1875,19485.447265625,2115.646484375
1991,70,3,0,1,128018.7421875,3522.1259765625,2751.258056640625
1991,70,3,0,2,139162.75,1554.55224609375,1117.074951171875
1991,71,0,0,1,750228,29877,3982.389404296875
1991,71,0,0,2,977887,22231,2273.37109375
1991,71,1,0,1,636730.0625,26473.529296875,4157.73193359375
1991,71,1,0,2,871516.625,20655.81640625,2370.10009765625
1991,71,3,0,1,113497.8984375,3403.47021484375,2998.707763671875
1991,71,3,0,2,106370.328125,1575.183227539063,1480.848388671875
1991,72,0,0,1,708769,29273,4130.11865234375
1991,72,0,0,2,936494,22587,2411.8681640625
1991,72,1,0,1,624936.125,26028.970703125,4165.06103515625
1991,72,1,0,2,839897.125,20927.70703125,2491.698974609375
1991,72,3,0,1,83832.859375,3244.02978515625,3869.639892578125
1991,72,3,0,2,96596.8203125,1659.293579101563,1717.751708984375
1991,73,0,0,1,641391,30557,4764.1767578125
1991,73,0,0,2,883567,23963,2712.074951171875
1991,73,1,0,1,511827.71875,27038.76953125,5282.787109375
1991,73,1,0,2,812165.5625,22194.34765625,2732.73681640625
1991,73,3,0,1,129563.265625,3518.22998046875,2715.453369140625
1991,73,3,0,2,71401.3828125,1768.652587890625,2477.056396484375
1991,74,0,0,1,609738,30635,5024.2890625
1991,74,0,0,2,855316,24872,2907.93115234375
1991,74,1,0,1,516793.9375,27270.693359375,5276.89892578125
1991,74,1,0,2,786098.3125,22929.466796875,2916.8701171875
1991,74,3,0,1,92944.078125,3364.3056640625,3619.70947265625
1991,74,3,0,2,69217.734375,1942.533447265625,2806.41015625
1991,75,0,0,1,580473,31522,5430.39892578125
1991,75,0,0,2,833185,26016,3122.475830078125
1991,75,1,0,1,495631.8125,28217.4453125,5693.22705078125
1991,75,1,0,2,773962.25,24094.068359375,3113.08056640625
1991,75,3,0,1,84841.203125,3304.55517578125,3894.988525390625
1991,75,3,0,2,59222.81640625,1921.9326171875,3245.257080078125
1991,76,0,0,1,540470,31916,5905.23046875
1991,76,0,0,2,797854,27833,3488.48291015625
1991,76,1,0,1,473345.875,28444.18359375,6009.17529296875
1991,76,1,0,2,730866.875,25805.2421875,3530.77197265625
1991,76,3,0,1,67124.1328125,3471.81689453125,5172.2333984375
1991,76,3,0,2,66987.109375,2027.758178710938,3027.087158203125
1991,77,0,0,1,490879,32418,6604.0712890625
1991,77,0,0,2,755082,28707,3801.838623046875
1991,77,1,0,1,429272.75,29035.609375,6763.90673828125
1991,77,1,0,2,695343.5625,26427.572265625,3800.649658203125
1991,77,3,0,1,61606.27734375,3382.3896484375,5490.3330078125
1991,77,3,0,2,59738.43359375,2279.4287109375,3815.68212890625
1991,78,0,0,1,458668,31732,6918.2939453125
1991,78,0,0,2,740107,30069,4062.791015625
1991,78,1,0,1,393832.03125,28179.689453125,7155.255859375
1991,78,1,0,2,684969.5,27667.044921875,4039.16455078125
1991,78,3,0,1,64835.9765625,3552.31005859375,5478.91796875
1991,78,3,0,2,55137.51171875,2401.95458984375,4356.29833984375
1991,79,0,0,1,409958,30680,7483.693359375
1991,79,0,0,2,675392,30929,4579.41455078125
1991,79,1,0,1,338680.28125,27320.8671875,8066.86083984375
1991,79,1,0,2,609733.875,28307.634765625,4642.62109375
1991,79,3,0,1,71277.6875,3359.1328125,4712.7412109375
1991,79,3,0,2,65658.15625,2621.364501953125,3992.443115234375
1991,80,0,0,1,355627,30490,8573.58984375
1991,80,0,0,2,623093,31780,5100.3623046875
1991,80,1,0,1,305118.9375,27066.2109375,8870.7080078125
1991,80,1,0,2,566389,29054.501953125,5129.77880859375
1991,80,3,0,1,50508.07421875,3423.78857421875,6778.6953125
1991,80,3,0,2,56704.01953125,2725.498291015625,4806.53466796875
1991,81,0,0,1,314722,29408,9344.119140625
1991,81,0,0,2,570201,32920,5773.40283203125
1991,81,1,0,1,269044.8125,26007.8125,9666.7216796875
1991,81,1,0,2,516861.59375,29968.7265625,5798.2109375
1991,81,3,0,1,45677.1640625,3400.1884765625,7443.95703125
1991,81,3,0,2,53339.38671875,2951.27392578125,5533.0107421875
1991,82,0,0,1,279533,28059,10037.8134765625
1991,82,0,0,2,523341,32955,6297.04150390625
1991,82,1,0,1,249387.46875,24635.232421875,9878.2958984375
1991,82,1,0,2,465598.75,29847.68359375,6410.60205078125
1991,82,3,0,1,30145.537109375,3423.767333984375,11357.4599609375
1991,82,3,0,2,57742.29296875,3107.3154296875,5381.35107421875
1991,83,0,0,1,247250,27470,11110.2119140625
1991,83,0,0,2,489531,33980,6941.337890625
1991,83,1,0,1,227658.03125,24038.76171875,10559.154296875
1991,83,1,0,2,427675.65625,30688.71875,7175.69921875
1991,83,3,0,1,19591.982421875,3431.237548828125,17513.478515625
1991,83,3,0,2,61855.31640625,3291.281494140625,5320.935546875
1991,84,0,0,1,209294,25255,12066.7578125
1991,84,0,0,2,433921,33351,7685.96142578125
1991,84,1,0,1,195913.578125,22007.978515625,11233.513671875
1991,84,1,0,2,385102.65625,30126.5390625,7822.9892578125
1991,84,3,0,1,13380.4130859375,3247.0205078125,24266.966796875
1991,84,3,0,2,48818.32421875,3224.46142578125,6605.02294921875
1992,25,0,0,1,1930547,3053,158.1417083740234
1992,25,0,0,2,1890953,1079,57.06117630004883
1992,25,1,0,1,1494165.5,2835.01171875,189.7388000488281
1992,25,1,0,2,1433998.875,942.0770263671875,65.69580078125
1992,25,3,0,1,436381.53125,217.9881591796875,49.95357131958008
1992,25,3,0,2,456954.09375,136.9229888916016,29.96427726745605
1992,26,0,0,1,1953435,3259,166.8343200683594
1992,26,0,0,2,1934209,1119,57.85310745239258
1992,26,1,0,1,1504379.875,3032.114990234375,201.552490234375
1992,26,1,0,2,1442566.5,990.9788208007813,68.69554138183594
1992,26,3,0,1,449055.15625,226.8850402832031,50.52498245239258
1992,26,3,0,2,491642.40625,128.0211791992188,26.03949165344238
1992,27,0,0,1,2088277,3661,175.3119964599609
1992,27,0,0,2,2065347,1220,59.06997680664063
1992,27,1,0,1,1551956.625,3309.298583984375,213.2339630126953
1992,27,1,0,2,1563316.25,1074.2744140625,68.71766662597656
1992,27,3,0,1,536320.5625,351.7014770507813,65.57672882080078
1992,27,3,0,2,502030.78125,145.7255706787109,29.02721786499023
1992,28,0,0,1,2069736,3901,188.4781494140625
1992,28,0,0,2,2051550,1385,67.50993347167969
1992,28,1,0,1,1636727.625,3519.9013671875,215.0572509765625
1992,28,1,0,2,1558042.375,1216.126220703125,78.05475616455078
1992,28,3,0,1,433008.375,381.0986022949219,88.01183319091797
1992,28,3,0,2,493507.65625,168.8738403320313,34.21909332275391
1992,29,0,0,1,2269957,4158,183.1752777099609
1992,29,0,0,2,2248606,1479,65.77408599853516
1992,29,1,0,1,1733683,3775.682373046875,217.7838897705078
1992,29,1,0,2,1747558.375,1325.4296875,75.84465789794922
1992,29,3,0,1,536274.0625,382.3175354003906,71.29144287109375
1992,29,3,0,2,501047.71875,153.5702819824219,30.64983177185059
1992,30,0,0,1,2287493,4558,199.2574462890625
1992,30,0,0,2,2273172,1551,68.23065185546875
1992,30,1,0,1,1740026.875,4139.9658203125,237.9253997802734
1992,30,1,0,2,1753832,1347.609619140625,76.8380126953125
1992,30,3,0,1,547466.0625,418.0343933105469,76.35804748535156
1992,30,3,0,2,519339.875,203.3903350830078,39.16324234008789
1992,31,0,0,1,2226554,4738,212.7951965332031
1992,31,0,0,2,2226390,1738,78.06359100341797
1992,31,1,0,1,1670809.875,4255.0634765625,254.6707153320313
1992,31,1,0,2,1726532.5,1548.532470703125,89.69031524658203
1992,31,3,0,1,555744.0625,482.9366455078125,86.89910888671875
1992,31,3,0,2,499857.46875,189.4674987792969,37.90430450439453
1992,32,0,0,1,2251712,4901,217.6566162109375
1992,32,0,0,2,2252439,1891,83.95343780517578
1992,32,1,0,1,1724692.875,4366.6044921875,253.1815643310547
1992,32,1,0,2,1780689.375,1668.529418945313,93.70131683349609
1992,32,3,0,1,527019.125,534.3954467773438,101.3996276855469
1992,32,3,0,2,471749.71875,222.4705810546875,47.15860366821289
1992,33,0,0,1,2197476,5227,237.8638000488281
1992,33,0,0,2,2217727,1993,89.86679077148438
1992,33,1,0,1,1710091.125,4621.70654296875,270.2608337402344
1992,33,1,0,2,1738909.125,1764.951293945313,101.4976119995117
1992,33,3,0,1,487384.9375,605.293701171875,124.1921234130859
1992,33,3,0,2,478817.9375,228.0486907958984,47.62743377685547
1992,34,0,0,1,2283105,5439,238.2281951904297
1992,34,0,0,2,2278285,2131,93.53527069091797
1992,34,1,0,1,1765293.875,4713.640625,267.017333984375
1992,34,1,0,2,1744057.375,1843.57958984375,105.7063598632813
1992,34,3,0,1,517811.21875,725.359619140625,140.0818634033203
1992,34,3,0,2,534227.4375,287.4204406738281,53.80113983154297
1992,35,0,0,1,2268382,5839,257.4081420898438
1992,35,0,0,2,2273957,2265,99.60610198974609
1992,35,1,0,1,1743036.25,5091.541015625,292.1075744628906
1992,35,1,0,2,1734071.375,1971.811645507813,113.7099456787109
1992,35,3,0,1,525345.6875,747.458740234375,142.2794036865234
1992,35,3,0,2,539885.6875,293.1883239746094,54.30562973022461
1992,36,0,0,1,2116795,5664,267.5743408203125
1992,36,0,0,2,2148692,2389,111.1839218139648
1992,36,1,0,1,1597056.75,4924.7978515625,308.3671264648438
1992,36,1,0,2,1617385.625,2062.2587890625,127.5056991577148
1992,36,3,0,1,519738.375,739.2020263671875,142.2257995605469
1992,36,3,0,2,531306.5,326.7413330078125,61.49771118164063
1992,37,0,0,1,2113743,5752,272.1239013671875
1992,37,0,0,2,2140923,2445,114.2030792236328
1992,37,1,0,1,1516020.125,4856.03857421875,320.3149108886719
1992,37,1,0,2,1587214.5,2076.32861328125,130.8158874511719
1992,37,3,0,1,597722.8125,895.96142578125,149.8958129882813
1992,37,3,0,2,553708.4375,368.6714172363281,66.58222961425781
1992,38,0,0,1,1954386,6183,316.3653564453125
1992,38,0,0,2,1993916,2624,131.6003265380859
1992,38,1,0,1,1421557.625,5282.84375,371.6235961914063
1992,38,1,0,2,1503276,2246.106201171875,149.4140930175781
1992,38,3,0,1,532828.375,900.1561279296875,168.9392242431641
1992,38,3,0,2,490639.9375,377.893798828125,77.02059173583984
1992,39,0,0,1,2072118,6203,299.3555297851563
1992,39,0,0,2,2101487,2725,129.6700897216797
1992,39,1,0,1,1455398.25,5194.5,356.9126281738281
1992,39,1,0,2,1590674.75,2359.8427734375,148.3548278808594
1992,39,3,0,1,616719.625,1008.500183105469,163.5265197753906
1992,39,3,0,2,510812.21875,365.1571350097656,71.48558807373047
1992,40,0,0,1,1992918,6417,321.9901733398438
1992,40,0,0,2,2031075,2819,138.7935028076172
1992,40,1,0,1,1455110.5,5341.47802734375,367.0840148925781
1992,40,1,0,2,1567169.375,2367.09912109375,151.04296875
1992,40,3,0,1,537807.375,1075.52197265625,199.9827423095703
1992,40,3,0,2,463905.65625,451.9007568359375,97.41220855712891
1992,41,0,0,1,1845007,6498,352.1937866210938
1992,41,0,0,2,1897576,2981,157.0951538085938
1992,41,1,0,1,1245437.875,5287.9443359375,424.5851440429688
1992,41,1,0,2,1377272.375,2472.821533203125,179.5448455810547
1992,41,3,0,1,599569.125,1210.055908203125,201.8209228515625
1992,41,3,0,2,520303.5,508.1783447265625,97.66960144042969
1992,42,0,0,1,1836525,6605,359.6466064453125
1992,42,0,0,2,1882634,3190,169.4434509277344
1992,42,1,0,1,1266015.625,5334.71533203125,421.3783264160156
1992,42,1,0,2,1433408.875,2627.268310546875,183.2881317138672
1992,42,3,0,1,570509.3125,1270.284790039063,222.6580352783203
1992,42,3,0,2,449225.09375,562.731689453125,125.2671966552734
1992,43,0,0,1,1770834,6767,382.1363220214844
1992,43,0,0,2,1834753,3334,181.7138366699219
1992,43,1,0,1,1190699.25,5463.44189453125,458.8431396484375
1992,43,1,0,2,1336351,2821.612060546875,211.1430358886719
1992,43,3,0,1,580134.5625,1303.55810546875,224.6992645263672
1992,43,3,0,2,498402.0625,512.3880615234375,102.8061676025391
1992,44,0,0,1,1831952,7067,385.7633972167969
1992,44,0,0,2,1868661,3523,188.5307159423828
1992,44,1,0,1,1248234.25,5675.79248046875,454.7057189941406
1992,44,1,0,2,1368220.25,2974.54345703125,217.4023895263672
1992,44,3,0,1,583717.6875,1391.20751953125,238.3356781005859
1992,44,3,0,2,500440.78125,548.4566040039063,109.5947036743164
1992,45,0,0,1,1941839,7568,389.733642578125
1992,45,0,0,2,1985864,3911,196.9419860839844
1992,45,1,0,1,1273353.125,6057.51416015625,475.713623046875
1992,45,1,0,2,1505255.875,3264.82470703125,216.8950042724609
1992,45,3,0,1,668486.0625,1510.485595703125,225.9561767578125
1992,45,3,0,2,480608.15625,646.1754150390625,134.4495391845703
1992,46,0,0,1,1357200,6661,490.7898559570313
1992,46,0,0,2,1411169,3490,247.3126831054688
1992,46,1,0,1,948240.4375,5419.2197265625,571.502685546875
1992,46,1,0,2,1128177.75,2944.6875,261.0127258300781
1992,46,3,0,1,408959.53125,1241.7802734375,303.643798828125
1992,46,3,0,2,282991.28125,545.3125,192.6958618164063
1992,47,0,0,1,1400701,6865,490.1117248535156
1992,47,0,0,2,1460768,3692,252.7437591552734
1992,47,1,0,1,928555.75,5694.05859375,613.2166748046875
1992,47,1,0,2,1156374.125,3185.369140625,275.4618225097656
1992,47,3,0,1,472145.21875,1170.941284179688,248.0044708251953
1992,47,3,0,2,304393.8125,506.6309204101563,166.4393005371094
1992,48,0,0,1,1340364,7309,545.2996215820313
1992,48,0,0,2,1402977,4117,293.4474487304688
1992,48,1,0,1,984342.9375,6059.25634765625,615.5635375976563
1992,48,1,0,2,1099451.25,3496.3583984375,318.0093994140625
1992,48,3,0,1,356021.125,1249.74365234375,351.03076171875
1992,48,3,0,2,303525.6875,620.6415405273438,204.4774322509766
1992,49,0,0,1,1528758,8219,537.6259765625
1992,49,0,0,2,1583058,4701,296.9569091796875
1992,49,1,0,1,1124208,6800.91650390625,604.9517822265625
1992,49,1,0,2,1219010.5,4065.698486328125,333.5244750976563
1992,49,3,0,1,404550.125,1418.08349609375,350.533447265625
1992,49,3,0,2,364047.6875,635.3015747070313,174.5105438232422
1992,50,0,0,1,1312062,7990,608.9651489257813
1992,50,0,0,2,1372474,4665,339.8971557617188
1992,50,1,0,1,957029.5,6759.40283203125,706.2899169921875
1992,50,1,0,2,1152831.375,4067.427001953125,352.8206481933594
1992,50,3,0,1,355032.5,1230.597412109375,346.6154174804688
1992,50,3,0,2,219642.65625,597.5731201171875,272.0660705566406
1992,51,0,0,1,1194841,8004,669.8799438476563
1992,51,0,0,2,1257009,4766,379.1540222167969
1992,51,1,0,1,855213.375,6704.7490234375,783.9855346679688
1992,51,1,0,2,1028041.0625,4172.1240234375,405.8324279785156
1992,51,3,0,1,339627.625,1299.251220703125,382.5516967773438
1992,51,3,0,2,228967.953125,593.8760986328125,259.370849609375
1992,52,0,0,1,1142473,8401,735.3346557617188
1992,52,0,0,2,1206186,5124,424.8100891113281
1992,52,1,0,1,837241.5625,7132.25341796875,851.875244140625
1992,52,1,0,2,1008519,4529.5927734375,449.1331176757813
1992,52,3,0,1,305231.375,1268.746704101563,415.6672058105469
1992,52,3,0,2,197666.90625,594.4072875976563,300.7115783691406
1992,53,0,0,1,1127393,8847,784.7307739257813
1992,53,0,0,2,1197345,5501,459.4331665039063
1992,53,1,0,1,824936.6875,7467.724609375,905.2482299804688
1992,53,1,0,2,991631,4907.6416015625,494.9060363769531
1992,53,3,0,1,302456.28125,1379.275512695313,456.0247497558594
1992,53,3,0,2,205714.03125,593.3585205078125,288.4385375976563
1992,54,0,0,1,1126378,9407,835.15478515625
1992,54,0,0,2,1198859,5792,483.1260375976563
1992,54,1,0,1,821028.125,8057.6591796875,981.410888671875
1992,54,1,0,2,1021690.0625,5155.04296875,504.5603637695313
1992,54,3,0,1,305349.90625,1349.340942382813,441.89990234375
1992,54,3,0,2,177168.96875,636.9569702148438,359.5195007324219
1992,55,0,0,1,1041341,9968,957.227294921875
1992,55,0,0,2,1119060,6107,545.7258911132813
1992,55,1,0,1,776553.3125,8516.4287109375,1096.695922851563
1992,55,1,0,2,933000.0625,5419.1806640625,580.8339233398438
1992,55,3,0,1,264787.71875,1451.571044921875,548.2017822265625
1992,55,3,0,2,186059.953125,687.819091796875,369.6760559082031
1992,56,0,0,1,1036077,10797,1042.10400390625
1992,56,0,0,2,1121722,6843,610.044189453125
1992,56,1,0,1,771702,9285.5849609375,1203.260498046875
1992,56,1,0,2,969413.5,6177.6123046875,637.2525634765625
1992,56,3,0,1,264375.0625,1511.414794921875,571.6934204101563
1992,56,3,0,2,152308.546875,665.3877563476563,436.8682861328125
1992,57,0,0,1,1053903,11697,1109.874389648438
1992,57,0,0,2,1143612,7205,630.0213623046875
1992,57,1,0,1,822115,10011.5732421875,1217.782592773438
1992,57,1,0,2,977185.1875,6512.6796875,666.4734497070313
1992,57,3,0,1,231788.0625,1685.426635742188,727.1412353515625
1992,57,3,0,2,166426.84375,692.3201293945313,415.9906616210938
1992,58,0,0,1,933464,12333,1321.207885742188
1992,58,0,0,2,1017387,7761,762.8365478515625
1992,58,1,0,1,700494.1875,10553.3046875,1506.551391601563
1992,58,1,0,2,882225,7061.55615234375,800.42578125
1992,58,3,0,1,232969.828125,1779.69580078125,763.9168701171875
1992,58,3,0,2,135162,699.4437866210938,517.4855346679688
1992,59,0,0,1,979685,13288,1356.354370117188
1992,59,0,0,2,1074649,8583,798.6793823242188
1992,59,1,0,1,765308.75,11310.3544921875,1477.881225585938
1992,59,1,0,2,938862.125,7787.8671875,829.5006103515625
1992,59,3,0,1,214376.265625,1977.6455078125,922.5114135742188
1992,59,3,0,2,135786.9375,795.133056640625,585.5740356445313
1992,60,0,0,1,961579,14878,1547.246826171875
1992,60,0,0,2,1084021,9366,864.0054321289063
1992,60,1,0,1,754240.8125,12687.013671875,1682.090576171875
1992,60,1,0,2,900392.0625,8494.5830078125,943.4315795898438
1992,60,3,0,1,207338.21875,2190.98681640625,1056.72119140625
1992,60,3,0,2,183628.953125,871.4170532226563,474.5531921386719
1992,61,0,0,1,980905,15977,1628.802001953125
1992,61,0,0,2,1100034,10260,932.6984252929688
1992,61,1,0,1,758871.3125,13651.130859375,1798.872924804688
1992,61,1,0,2,982522.5,9347.8193359375,951.4102172851563
1992,61,3,0,1,222033.6875,2325.86865234375,1047.529663085938
1992,61,3,0,2,117511.578125,912.1802978515625,776.2471923828125
1992,62,0,0,1,987232,17868,1809.908935546875
1992,62,0,0,2,1106977,11661,1053.409423828125
1992,62,1,0,1,796575.0625,15459.9990234375,1940.808837890625
1992,62,1,0,2,984335.6875,10692.6083984375,1086.276611328125
1992,62,3,0,1,190656.953125,2408.001220703125,1263.002075195313
1992,62,3,0,2,122641.3828125,968.3915405273438,789.6123657226563
1992,63,0,0,1,978522,19180,1960.098999023438
1992,63,0,0,2,1108730,12467,1124.439697265625
1992,63,1,0,1,789466.4375,16598.2109375,2102.45947265625
1992,63,1,0,2,989059.375,11418.8173828125,1154.512817382813
1992,63,3,0,1,189055.609375,2581.7890625,1365.624145507813
1992,63,3,0,2,119670.6171875,1048.182373046875,875.8895263671875
1992,64,0,0,1,1004464,20894,2080.1142578125
1992,64,0,0,2,1164694,13858,1189.840454101563
1992,64,1,0,1,773606.375,18200.697265625,2352.707763671875
1992,64,1,0,2,1016911.4375,12733.2294921875,1252.147338867188
1992,64,3,0,1,230857.65625,2693.3037109375,1166.651245117188
1992,64,3,0,2,147782.53125,1124.7705078125,761.098388671875
1992,65,0,0,1,951946,22407,2353.81005859375
1992,65,0,0,2,1134611,14781,1302.737182617188
1992,65,1,0,1,750386.8125,19373.46484375,2581.797119140625
1992,65,1,0,2,1023261.8125,13599.5849609375,1329.042602539063
1992,65,3,0,1,201559.15625,3033.53466796875,1505.034423828125
1992,65,3,0,2,111349.21875,1181.415405273438,1061.000122070313
1992,66,0,0,1,914585,23170,2533.389404296875
1992,66,0,0,2,1109254,16114,1452.68798828125
1992,66,1,0,1,732630.6875,20047.513671875,2736.373779296875
1992,66,1,0,2,994641.5,14768.4814453125,1484.804443359375
1992,66,3,0,1,181954.296875,3122.485595703125,1716.082397460938
1992,66,3,0,2,114612.5,1345.51904296875,1173.972290039063
1992,67,0,0,1,917873,25109,2735.563720703125
1992,67,0,0,2,1123568,17811,1585.2177734375
1992,67,1,0,1,732594.625,21621.091796875,2951.3037109375
1992,67,1,0,2,1035748.25,16430.76953125,1586.367065429688
1992,67,3,0,1,185278.34375,3487.907958984375,1882.523315429688
1992,67,3,0,2,87819.703125,1380.23095703125,1571.664306640625
1992,68,0,0,1,864218,26531,3069.943115234375
1992,68,0,0,2,1074344,18663,1737.153076171875
1992,68,1,0,1,714453.8125,22962.751953125,3214.02880859375
1992,68,1,0,2,991144.75,17253.537109375,1740.768676757813
1992,68,3,0,1,149764.1875,3568.248046875,2382.57763671875
1992,68,3,0,2,83199.28125,1409.46337890625,1694.081176757813
1992,69,0,0,1,839207,27011,3218.6337890625
1992,69,0,0,2,1065966,19474,1826.887573242188
1992,69,1,0,1,713597.375,23452.388671875,3286.50146484375
1992,69,1,0,2,983327.5,18111.154296875,1841.8232421875
1992,69,3,0,1,125609.671875,3558.6123046875,2833.07177734375
1992,69,3,0,2,82638.421875,1362.8447265625,1649.166015625
1992,70,0,0,1,839728,28810,3430.872802734375
1992,70,0,0,2,1073327,21438,1997.340942382813
1992,70,1,0,1,688127.6875,25222.400390625,3665.3662109375
1992,70,1,0,2,960968.6875,19835.212890625,2064.085205078125
1992,70,3,0,1,151600.3125,3587.599609375,2366.485595703125
1992,70,3,0,2,112358.3515625,1602.787353515625,1426.495971679688
1992,71,0,0,1,800207,30110,3762.7763671875
1992,71,0,0,2,1028644,22501,2187.44287109375
1992,71,1,0,1,665206.9375,26303.935546875,3954.24853515625
1992,71,1,0,2,934008.75,20772.359375,2224.00048828125
1992,71,3,0,1,135000.109375,3806.06494140625,2819.30517578125
1992,71,3,0,2,94635.2578125,1728.640258789063,1826.634521484375
1992,72,0,0,1,730403,30276,4145.10888671875
1992,72,0,0,2,956444,23898,2498.63037109375
1992,72,1,0,1,629077.9375,26716.951171875,4247.001953125
1992,72,1,0,2,882071.0625,22199.75390625,2516.776123046875
1992,72,3,0,1,101325.078125,3559.049560546875,3512.506103515625
1992,72,3,0,2,74372.9140625,1698.246948242188,2283.42138671875
1992,73,0,0,1,666319,29746,4464.22802734375
1992,73,0,0,2,903987,23893,2643.069091796875
1992,73,1,0,1,557293.875,26244.23828125,4709.22802734375
1992,73,1,0,2,836144.0625,22065.705078125,2638.983642578125
1992,73,3,0,1,109025.1484375,3501.76171875,3211.88427734375
1992,73,3,0,2,67842.9375,1827.294677734375,2693.419189453125
1992,74,0,0,1,620310,30995,4996.6953125
1992,74,0,0,2,871078,25178,2890.44140625
1992,74,1,0,1,522190.53125,27328.345703125,5233.4052734375
1992,74,1,0,2,794441.0625,23286.54296875,2931.185791015625
1992,74,3,0,1,98119.4609375,3666.6552734375,3736.9296875
1992,74,3,0,2,76636.8828125,1891.456420898438,2468.075927734375
1992,75,0,0,1,589576,30967,5252.41845703125
1992,75,0,0,2,839083,26391,3145.21923828125
1992,75,1,0,1,508471.875,27559.3125,5420.02685546875
1992,75,1,0,2,755910.9375,24462.3125,3236.136962890625
1992,75,3,0,1,81104.109375,3407.687255859375,4201.62109375
1992,75,3,0,2,83172.0625,1928.688232421875,2318.91357421875
1992,76,0,0,1,547897,31367,5724.98095703125
1992,76,0,0,2,799446,27165,3397.97802734375
1992,76,1,0,1,471197.25,27891.455078125,5919.27392578125
1992,76,1,0,2,757545.6875,25208.091796875,3327.60009765625
1992,76,3,0,1,76699.7109375,3475.545654296875,4531.3671875
1992,76,3,0,2,41900.25,1956.907836914063,4670.396484375
1992,77,0,0,1,509183,32063,6296.9501953125
1992,77,0,0,2,772498,28620,3704.864013671875
1992,77,1,0,1,442306.15625,28534.064453125,6451.2021484375
1992,77,1,0,2,718887,26383.646484375,3670.068603515625
1992,77,3,0,1,66876.8203125,3528.935791015625,5276.76953125
1992,77,3,0,2,53610.9453125,2236.353515625,4171.44970703125
1992,78,0,0,1,467050,32197,6893.6943359375
1992,78,0,0,2,742757,30037,4043.987548828125
1992,78,1,0,1,414611.90625,28656.630859375,6911.67578125
1992,78,1,0,2,671628.4375,27674.837890625,4120.5576171875
1992,78,3,0,1,52438.11328125,3540.369873046875,6751.5205078125
1992,78,3,0,2,71128.625,2362.1611328125,3320.97119140625
1992,79,0,0,1,426730,31663,7419.9140625
1992,79,0,0,2,706425,31266,4425.94775390625
1992,79,1,0,1,379439.59375,28026.470703125,7386.27978515625
1992,79,1,0,2,649578.9375,28650.19921875,4410.580078125
1992,79,3,0,1,47290.4375,3636.52880859375,7689.7763671875
1992,79,3,0,2,56846.03125,2615.801513671875,4601.55517578125
1992,80,0,0,1,371730,30251,8137.89599609375
1992,80,0,0,2,633272,31347,4950.005859375
1992,80,1,0,1,313835.25,26873.484375,8562.927734375
1992,80,1,0,2,581237.6875,28659.9140625,4930.84228515625
1992,80,3,0,1,57894.72265625,3377.516357421875,5833.8935546875
1992,80,3,0,2,52034.3125,2687.0859375,5164.0654296875
1992,81,0,0,1,321931,29708,9228.064453125
1992,81,0,0,2,583857,32986,5649.6708984375
1992,81,1,0,1,280656.15625,26092.076171875,9296.8125
1992,81,1,0,2,545493.9375,30077.6015625,5513.82861328125
1992,81,3,0,1,41274.82421875,3615.92431640625,8760.60546875
1992,81,3,0,2,38363.109375,2908.397705078125,7581.23583984375
1992,82,0,0,1,287036,28999,10102.9140625
1992,82,0,0,2,536389,33939,6327.31103515625
1992,82,1,0,1,242959.984375,25565.65625,10522.5791015625
1992,82,1,0,2,488564.21875,30848.537109375,6314.12109375
1992,82,3,0,1,44076.03125,3433.34423828125,7789.5947265625
1992,82,3,0,2,47824.78125,3090.462158203125,6462.0517578125
1992,83,0,0,1,252525,26891,10648.8466796875
1992,83,0,0,2,495939,33774,6810.11181640625
1992,83,1,0,1,221631.5,23531.947265625,10617.6005859375
1992,83,1,0,2,448669.15625,30537.607421875,6806.26416015625
1992,83,3,0,1,30893.4921875,3359.0537109375,10873.013671875
1992,83,3,0,2,47269.875,3236.392333984375,6846.62744140625
1992,84,0,0,1,219007,25791,11776.3359375
1992,84,0,0,2,452984,34430,7600.7099609375
1992,84,1,0,1,190914.40625,22562.21875,11817.9755859375
1992,84,1,0,2,387248.1875,30835.736328125,7962.78369140625
1992,84,3,0,1,28092.564453125,3228.781005859375,11493.365234375
1992,84,3,0,2,65735.8046875,3594.263427734375,5467.74072265625
1993,25,0,0,1,1913170,3028,158.2713470458984
1993,25,0,0,2,1870517,1069,57.14997482299805
1993,25,1,0,1,1461182.375,2819.942626953125,192.9904632568359
1993,25,1,0,2,1496726,943.9293823242188,63.06627655029297
1993,25,3,0,1,451987.625,208.0574493408203,46.03166961669922
1993,25,3,0,2,373790.96875,125.0706405639648,33.46004867553711
1993,26,0,0,1,1919554,3134,163.26708984375
1993,26,0,0,2,1901201,1113,58.54194259643555
1993,26,1,0,1,1512281.125,2879.070068359375,190.3792877197266
1993,26,1,0,2,1420900.875,966.95556640625,68.05229187011719
1993,26,3,0,1,407272.78125,254.9298553466797,62.59437561035156
1993,26,3,0,2,480300.15625,146.0444488525391,30.40691184997559
1993,27,0,0,1,1992570,3450,173.1432342529297
1993,27,0,0,2,1971029,1230,62.40395355224609
1993,27,1,0,1,1516486,3159.092529296875,208.3166351318359
1993,27,1,0,2,1492017.25,1059.424560546875,71.00618743896484
1993,27,3,0,1,476084.0625,290.9075622558594,61.10424423217773
1993,27,3,0,2,479011.65625,170.5754699707031,35.60987854003906
1993,28,0,0,1,2025648,3889,191.9879455566406
1993,28,0,0,2,2008403,1366,68.01423645019531
1993,28,1,0,1,1527576.875,3538.25537109375,231.6253509521484
1993,28,1,0,2,1517178.25,1211.966796875,79.88294982910156
1993,28,3,0,1,498071.125,350.7446594238281,70.42059326171875
1993,28,3,0,2,491224.65625,154.0332183837891,31.35697937011719
1993,29,0,0,1,2244811,4258,189.6819000244141
1993,29,0,0,2,2221990,1548,69.66728210449219
1993,29,1,0,1,1713620.5,3847.745361328125,224.5389404296875
1993,29,1,0,2,1661287.375,1371.95751953125,82.58399963378906
1993,29,3,0,1,531190.5,410.2547302246094,77.23307037353516
1993,29,3,0,2,560702.5625,176.0424499511719,31.39676284790039
1993,30,0,0,1,2270078,4698,206.9532470703125
1993,30,0,0,2,2252284,1616,71.7493896484375
1993,30,1,0,1,1711268.5,4257.74658203125,248.8064575195313
1993,30,1,0,2,1755890.5,1447.373901367188,82.42961883544922
1993,30,3,0,1,558809.625,440.2535705566406,78.7841796875
1993,30,3,0,2,496393.3125,168.6260833740234,33.97025680541992
1993,31,0,0,1,2240047,4865,217.1829376220703
1993,31,0,0,2,2231319,1835,82.23834991455078
1993,31,1,0,1,1676561.25,4348.39404296875,259.3638610839844
1993,31,1,0,2,1682604,1602.543212890625,95.24185180664063
1993,31,3,0,1,563485.8125,516.6060791015625,91.68040466308594
1993,31,3,0,2,548715,232.4568176269531,42.36385345458984
1993,32,0,0,1,2255986,5276,233.86669921875
1993,32,0,0,2,2255993,1906,84.48607635498047
1993,32,1,0,1,1685725.75,4692.5283203125,278.3684387207031
1993,32,1,0,2,1688513.75,1699.881958007813,100.6732635498047
1993,32,3,0,1,570260.4375,583.4718627929688,102.3167343139648
1993,32,3,0,2,567479.1875,206.1180877685547,36.32170104980469
1993,33,0,0,1,2250647,5450,242.152587890625
1993,33,0,0,2,2258866,2034,90.04518127441406
1993,33,1,0,1,1748679.375,4808.96240234375,275.00537109375
1993,33,1,0,2,1796950.75,1781.812255859375,99.15754699707031
1993,33,3,0,1,501967.78125,641.037841796875,127.7049789428711
1993,33,3,0,2,461915.28125,252.1877136230469,54.59609603881836
1993,34,0,0,1,2286495,5639,246.6220092773438
1993,34,0,0,2,2281788,2241,98.21245574951172
1993,34,1,0,1,1676969.375,4996.224609375,297.9317626953125
1993,34,1,0,2,1754752.875,1961.77001953125,111.7975082397461
1993,34,3,0,1,609525.625,642.775390625,105.4550247192383
1993,34,3,0,2,527035.125,279.2300415039063,52.98129653930664
1993,35,0,0,1,2291894,5799,253.0221710205078
1993,35,0,0,2,2293635,2263,98.66434478759766
1993,35,1,0,1,1693945.5,5120.7958984375,302.2999267578125
1993,35,1,0,2,1750841.875,1977.906982421875,112.9689102172852
1993,35,3,0,1,597948.375,678.2041625976563,113.4218597412109
1993,35,3,0,2,542793.125,285.0930480957031,52.52333450317383
1993,36,0,0,1,2219143,6205,279.6124572753906
1993,36,0,0,2,2240731,2409,107.5095596313477
1993,36,1,0,1,1737143.625,5343.78662109375,307.6191711425781
1993,36,1,0,2,1656981.25,2068.429443359375,124.8311920166016
1993,36,3,0,1,481999.53125,861.2132568359375,178.6751251220703
1993,36,3,0,2,583749.625,340.5704345703125,58.34186935424805
1993,37,0,0,1,2136872,6251,292.5303955078125
1993,37,0,0,2,2169272,2682,123.6359481811523
1993,37,1,0,1,1586691,5368.36572265625,338.3371887207031
1993,37,1,0,2,1628797.875,2318.862060546875,142.3664703369141
1993,37,3,0,1,550181,882.634033203125,160.4261169433594
1993,37,3,0,2,540474.125,363.1380615234375,67.18879699707031
1993,38,0,0,1,2028751,6358,313.3948059082031
1993,38,0,0,2,2060529,2859,138.7507781982422
1993,38,1,0,1,1468637.375,5442.697265625,370.5950317382813
1993,38,1,0,2,1567967.125,2449.889892578125,156.2462463378906
1993,38,3,0,1,560113.625,915.3027954101563,163.4137725830078
1993,38,3,0,2,492561.6875,409.1101379394531,83.05764770507813
1993,39,0,0,1,2128240,6572,308.7997741699219
1993,39,0,0,2,2157528,2932,135.8962707519531
1993,39,1,0,1,1482754,5570.23583984375,375.6682434082031
1993,39,1,0,2,1634865.125,2487.721923828125,152.1667938232422
1993,39,3,0,1,645486.1875,1001.76416015625,155.1952972412109
1993,39,3,0,2,522662.84375,444.2781372070313,85.00281524658203
1993,40,0,0,1,2040147,6766,331.6427612304688
1993,40,0,0,2,2079841,3117,149.8672180175781
1993,40,1,0,1,1439016.875,5707.98193359375,396.658447265625
1993,40,1,0,2,1523304.5,2618.843994140625,171.9186096191406
1993,40,3,0,1,601130.125,1058.017822265625,176.0047912597656
1993,40,3,0,2,556536.5625,498.1560363769531,89.51002502441406
1993,41,0,0,1,1930545,6928,358.8623962402344
1993,41,0,0,2,1981200,3102,156.57177734375
1993,41,1,0,1,1287428.25,5769.9716796875,448.1781311035156
1993,41,1,0,2,1458645,2614.137939453125,179.2168731689453
1993,41,3,0,1,643116.6875,1158.028442382813,180.0650634765625
1993,41,3,0,2,522554.84375,487.8621520996094,93.36094665527344
1993,42,0,0,1,1853705,7028,379.1325988769531
1993,42,0,0,2,1904000,3258,171.1134490966797
1993,42,1,0,1,1252778.25,5848.69287109375,466.8577880859375
1993,42,1,0,2,1416107.75,2769.06494140625,195.5405578613281
1993,42,3,0,1,600926.6875,1179.307006835938,196.2480621337891
1993,42,3,0,2,487892.1875,488.93505859375,100.213752746582
1993,43,0,0,1,1816702,7255,399.3500366210938
1993,43,0,0,2,1876570,3353,178.6770477294922
1993,43,1,0,1,1292283.75,5995.58349609375,463.9525451660156
1993,43,1,0,2,1468331.5,2813.208984375,191.5922241210938
1993,43,3,0,1,524418.25,1259.416748046875,240.1550140380859
1993,43,3,0,2,408238.46875,539.791015625,132.2244415283203
1993,44,0,0,1,1830414,7233,395.156494140625
1993,44,0,0,2,1871831,3668,195.9578552246094
1993,44,1,0,1,1239788.5,5918.6630859375,477.3929748535156
1993,44,1,0,2,1391332.875,3095.874267578125,222.5113983154297
1993,44,3,0,1,590625.5625,1314.336669921875,222.5329742431641
1993,44,3,0,2,480498.0625,572.1257934570313,119.0693206787109
1993,45,0,0,1,1812479,7604,419.535888671875
1993,45,0,0,2,1862606,4014,215.5045166015625
1993,45,1,0,1,1229172,6175.64404296875,502.423095703125
1993,45,1,0,2,1389456.75,3368.643798828125,242.4432220458984
1993,45,3,0,1,583307.125,1428.35595703125,244.8720245361328
1993,45,3,0,2,473149.40625,645.3563232421875,136.3958892822266
1993,46,0,0,1,1883030,8128,431.6447448730469
1993,46,0,0,2,1940224,4313,222.2939147949219
1993,46,1,0,1,1229228.25,6554.23095703125,533.1988525390625
1993,46,1,0,2,1479565,3634.797119140625,245.6666107177734
1993,46,3,0,1,653801.75,1573.769287109375,240.7104797363281
1993,46,3,0,2,460658.90625,678.2027587890625,147.2245025634766
1993,47,0,0,1,1370937,7181,523.8023071289063
1993,47,0,0,2,1431373,3985,278.4040222167969
1993,47,1,0,1,978317,5901.2060546875,603.1997680664063
1993,47,1,0,2,1103363.125,3396.175048828125,307.8021240234375
1993,47,3,0,1,392620.03125,1279.793823242188,325.9624328613281
1993,47,3,0,2,328009.8125,588.8248901367188,179.5144195556641
1993,48,0,0,1,1349500,7230,535.7539672851563
1993,48,0,0,2,1410721,4197,297.5074462890625
1993,48,1,0,1,935228.5,5948.91357421875,636.0919799804688
1993,48,1,0,2,1110163.125,3585.41748046875,322.963134765625
1993,48,3,0,1,414271.5,1281.086669921875,309.2384338378906
1993,48,3,0,2,300557.90625,611.5825805664063,203.4824523925781
1993,49,0,0,1,1447282,7941,548.6836547851563
1993,49,0,0,2,1505172,4677,310.7286071777344
1993,49,1,0,1,1046139.0625,6601.16064453125,631.002197265625
1993,49,1,0,2,1157141.75,4014.8525390625,346.962890625
1993,49,3,0,1,401142.96875,1339.839477539063,334.0054626464844
1993,49,3,0,2,348030.21875,662.1475830078125,190.2557678222656
1993,50,0,0,1,1508067,9052,600.2385864257813
1993,50,0,0,2,1569665,5115,325.86572265625
1993,50,1,0,1,1114363,7528.24462890625,675.5648193359375
1993,50,1,0,2,1223786.75,4415.333984375,360.7927551269531
1993,50,3,0,1,393704.09375,1523.755249023438,387.0305786132813
1993,50,3,0,2,345878.21875,699.6659545898438,202.2867889404297
1993,51,0,0,1,1262254,8624,683.2222290039063
1993,51,0,0,2,1327084,5156,388.52099609375
1993,51,1,0,1,906805.375,7231.1728515625,797.433837890625
1993,51,1,0,2,1066122.125,4473.7900390625,419.6320495605469
1993,51,3,0,1,355448.59375,1392.8271484375,391.8505249023438
1993,51,3,0,2,260961.796875,682.2100830078125,261.4214477539063
1993,52,0,0,1,1195009,8821,738.1534423828125
1993,52,0,0,2,1260465,5303,420.7177429199219
1993,52,1,0,1,897954.375,7465.9033203125,831.4345703125
1993,52,1,0,2,1031025.125,4670.2490234375,452.9714050292969
1993,52,3,0,1,297054.53125,1355.096557617188,456.1777038574219
1993,52,3,0,2,229439.90625,632.7507934570313,275.7806091308594
1993,53,0,0,1,1145538,9179,801.2828979492188
1993,53,0,0,2,1214726,5730,471.7113037109375
1993,53,1,0,1,854561.6875,7778.5556640625,910.2391967773438
1993,53,1,0,2,983007.9375,5059.9921875,514.7457885742188
1993,53,3,0,1,290976.3125,1400.444458007813,481.2915649414063
1993,53,3,0,2,231718.09375,670.0079956054688,289.1478881835938
1993,54,0,0,1,1147882,9688,843.9891967773438
1993,54,0,0,2,1219935,5877,481.7469787597656
1993,54,1,0,1,833107.8125,8251.7861328125,990.4823608398438
1993,54,1,0,2,992662.375,5215.419921875,525.3971557617188
1993,54,3,0,1,314774.21875,1436.213745117188,456.2679138183594
1993,54,3,0,2,227272.609375,661.580322265625,291.0954895019531
1993,55,0,0,1,1101915,10312,935.8253784179688
1993,55,0,0,2,1179587,6208,526.285888671875
1993,55,1,0,1,795389.4375,8750.103515625,1100.10302734375
1993,55,1,0,2,1010218,5527.29296875,547.1386108398438
1993,55,3,0,1,306525.59375,1561.896362304688,509.5484313964844
1993,55,3,0,2,169368.953125,680.706787109375,401.9076538085938
1993,56,0,0,1,1042520,10884,1044.0087890625
1993,56,0,0,2,1125112,6842,608.1172485351563
1993,56,1,0,1,729519.5625,9343.7451171875,1280.807983398438
1993,56,1,0,2,973985.25,6127.04296875,629.0693969726563
1993,56,3,0,1,313000.40625,1540.25439453125,492.0934143066406
1993,56,3,0,2,151126.734375,714.9570922851563,473.08447265625
1993,57,0,0,1,1036374,11696,1128.550170898438
1993,57,0,0,2,1125859,7435,660.3846435546875
1993,57,1,0,1,775691.75,9957.8154296875,1283.733520507813
1993,57,1,0,2,959773.625,6738.14794921875,702.0559692382813
1993,57,3,0,1,260682.21875,1738.184692382813,666.7830200195313
1993,57,3,0,2,166085.390625,696.8521728515625,419.5746459960938
1993,58,0,0,1,1001164,12992,1297.689453125
1993,58,0,0,2,1089466,8006,734.8554077148438
1993,58,1,0,1,783536.375,11140.9638671875,1421.882202148438
1993,58,1,0,2,918993.0625,7249.7177734375,788.876220703125
1993,58,3,0,1,217627.6875,1851.03564453125,850.551513671875
1993,58,3,0,2,170472.953125,756.2821044921875,443.6376037597656
1993,59,0,0,1,973309,13245,1360.821655273438
1993,59,0,0,2,1060947,8713,821.2474365234375
1993,59,1,0,1,741269.8125,11385.1572265625,1535.899169921875
1993,59,1,0,2,924783.6875,7913.8310546875,855.7494506835938
1993,59,3,0,1,232039.25,1859.842407226563,801.5206298828125
1993,59,3,0,2,136163.375,799.168701171875,586.9190063476563
1993,60,0,0,1,956765,14538,1519.495361328125
1993,60,0,0,2,1069131,9440,882.9600830078125
1993,60,1,0,1,752333.4375,12508.8447265625,1662.672973632813
1993,60,1,0,2,917760.3125,8531.68359375,929.6199951171875
1993,60,3,0,1,204431.53125,2029.155517578125,992.5844116210938
1993,60,3,0,2,151370.671875,908.316162109375,600.0608520507813
1993,61,0,0,1,938086,15912,1696.2197265625
1993,61,0,0,2,1050146,10302,981.0064697265625
1993,61,1,0,1,705924.8125,13543.4775390625,1918.5439453125
1993,61,1,0,2,872372.5,9382.9560546875,1075.567626953125
1993,61,3,0,1,232161.265625,2368.52294921875,1020.205932617188
1993,61,3,0,2,177773.421875,919.0438232421875,516.9747924804688
1993,62,0,0,1,974527,17670,1813.187377929688
1993,62,0,0,2,1101718,11488,1042.735107421875
1993,62,1,0,1,762401.125,15053.8525390625,1974.53173828125
1993,62,1,0,2,972152.0625,10425.123046875,1072.375732421875
1993,62,3,0,1,212125.859375,2616.147216796875,1233.299560546875
1993,62,3,0,2,129566.015625,1062.87744140625,820.3366088867188
1993,63,0,0,1,990067,19154,1934.616577148438
1993,63,0,0,2,1107787,12738,1149.859985351563
1993,63,1,0,1,782077.75,16462.1796875,2104.9287109375
1993,63,1,0,2,940646.25,11625.1494140625,1235.868408203125
1993,63,3,0,1,207989.265625,2691.820068359375,1294.211059570313
1993,63,3,0,2,167140.890625,1112.8505859375,665.8158569335938
1993,64,0,0,1,976894,20503,2098.794677734375
1993,64,0,0,2,1127097,13503,1198.033569335938
1993,64,1,0,1,764790.0625,17767.65625,2323.20703125
1993,64,1,0,2,1033570.375,12354.9296875,1195.364135742188
1993,64,3,0,1,212103.875,2735.343017578125,1289.624267578125
1993,64,3,0,2,93526.625,1148.070068359375,1227.532836914063
1993,65,0,0,1,976569,22503,2304.291748046875
1993,65,0,0,2,1146158,15178,1324.250244140625
1993,65,1,0,1,792910.625,19521.173828125,2461.9638671875
1993,65,1,0,2,993576.4375,13852.1005859375,1394.16552734375
1993,65,3,0,1,183658.4375,2981.825927734375,1623.571411132813
1993,65,3,0,2,152581.59375,1325.899536132813,868.9773559570313
1993,66,0,0,1,926085,23352,2521.582763671875
1993,66,0,0,2,1113883,15972,1433.90283203125
1993,66,1,0,1,739990.8125,20071.244140625,2712.364013671875
1993,66,1,0,2,997880.0625,14570.0654296875,1460.101806640625
1993,66,3,0,1,186094.21875,3280.755126953125,1762.953857421875
1993,66,3,0,2,116002.9140625,1401.9345703125,1208.533935546875
1993,67,0,0,1,901184,24941,2767.581298828125
1993,67,0,0,2,1100713,17481,1588.152465820313
1993,67,1,0,1,733245.5625,21493.458984375,2931.277099609375
1993,67,1,0,2,985189.6875,16092.890625,1633.4814453125
1993,67,3,0,1,167938.46875,3447.540771484375,2052.859375
1993,67,3,0,2,115523.3125,1388.109375,1201.583740234375
1993,68,0,0,1,871353,26854,3081.873779296875
1993,68,0,0,2,1081120,19173,1773.438598632813
1993,68,1,0,1,691321.125,23102.7421875,3341.824951171875
1993,68,1,0,2,976068.4375,17794.8828125,1823.118408203125
1993,68,3,0,1,180031.796875,3751.257080078125,2083.66357421875
1993,68,3,0,2,105051.546875,1378.116333007813,1311.847778320313
1993,69,0,0,1,851326,27795,3264.90673828125
1993,69,0,0,2,1075388,20117,1870.673706054688
1993,69,1,0,1,724016.25,23993.984375,3314.011962890625
1993,69,1,0,2,977200.0625,18638.361328125,1907.322998046875
1993,69,3,0,1,127309.703125,3801.015869140625,2985.64501953125
1993,69,3,0,2,98187.8984375,1478.638793945313,1505.927734375
1993,70,0,0,1,816832,28816,3527.775634765625
1993,70,0,0,2,1047418,21291,2032.712768554688
1993,70,1,0,1,702784.0625,25022.3359375,3560.458740234375
1993,70,1,0,2,962304.375,19810.994140625,2058.70361328125
1993,70,3,0,1,114047.8984375,3793.66455078125,3326.37841796875
1993,70,3,0,2,85113.5859375,1480.006469726563,1738.860473632813
1993,71,0,0,1,806891,30663,3800.1416015625
1993,71,0,0,2,1038545,22945,2209.341064453125
1993,71,1,0,1,638662,26789.17578125,4194.578125
1993,71,1,0,2,930630.875,21273.125,2285.882080078125
1993,71,3,0,1,168228.9375,3873.823974609375,2302.709716796875
1993,71,3,0,2,107914.09375,1671.874755859375,1549.264526367188
1993,72,0,0,1,778295,31432,4038.571533203125
1993,72,0,0,2,1007028,24717,2454.4501953125
1993,72,1,0,1,650493.5,27348.47265625,4204.26513671875
1993,72,1,0,2,924981.4375,22874.462890625,2472.964599609375
1993,72,3,0,1,127801.4921875,4083.528076171875,3195.211669921875
1993,72,3,0,2,82046.640625,1842.537963867188,2245.72021484375
1993,73,0,0,1,690882,32022,4634.94482421875
1993,73,0,0,2,926692,25671,2770.176025390625
1993,73,1,0,1,606478.6875,28215.685546875,4652.37890625
1993,73,1,0,2,858422.5625,23774.46875,2769.55322265625
1993,73,3,0,1,84403.34375,3806.3154296875,4509.673828125
1993,73,3,0,2,68269.40625,1896.5322265625,2778.011962890625
1993,74,0,0,1,644404,31228,4846.0283203125
1993,74,0,0,2,891853,25668,2878.052734375
1993,74,1,0,1,514413.3125,27492.103515625,5344.36083984375
1993,74,1,0,2,828203.5625,23731.87109375,2865.463623046875
1993,74,3,0,1,129990.7109375,3735.896484375,2873.971923828125
1993,74,3,0,2,63649.390625,1936.129272460938,3041.8662109375
1993,75,0,0,1,598740,32097,5360.7578125
1993,75,0,0,2,853755,27240,3190.61083984375
1993,75,1,0,1,512912.90625,28271.732421875,5511.99462890625
1993,75,1,0,2,776436.5625,25143.5546875,3238.326904296875
1993,75,3,0,1,85827.109375,3825.2666015625,4456.9443359375
1993,75,3,0,2,77318.3671875,2096.4443359375,2711.444091796875
1993,76,0,0,1,556316,32534,5848.115234375
1993,76,0,0,2,805483,28193,3500.135986328125
1993,76,1,0,1,485662.3125,28824.970703125,5935.18798828125
1993,76,1,0,2,741765.9375,26016.0703125,3507.3154296875
1993,76,3,0,1,70653.6796875,3709.028564453125,5249.58984375
1993,76,3,0,2,63717.01953125,2176.92919921875,3416.558349609375
1993,77,0,0,1,515847,32689,6336.95654296875
1993,77,0,0,2,772998,29446,3809.32421875
1993,77,1,0,1,442543.71875,29067.013671875,6568.16748046875
1993,77,1,0,2,730027.5,27196.978515625,3725.47314453125
1993,77,3,0,1,73303.2578125,3621.98681640625,4941.099609375
1993,77,3,0,2,42970.48046875,2249.020751953125,5233.8740234375
1993,78,0,0,1,483170,33410,6914.75048828125
1993,78,0,0,2,757338,31507,4160.2294921875
1993,78,1,0,1,427308.03125,29592.005859375,6925.21630859375
1993,78,1,0,2,713618.5,29071.296875,4073.786865234375
1993,78,3,0,1,55861.9765625,3817.99365234375,6834.69140625
1993,78,3,0,2,43719.53125,2435.703125,5571.201171875
1993,79,0,0,1,434106,32947,7589.62109375
1993,79,0,0,2,709446,32711,4610.78076171875
1993,79,1,0,1,381789.96875,29139.32421875,7632.29150390625
1993,79,1,0,2,647687.125,30169.119140625,4657.97705078125
1993,79,3,0,1,52316.02734375,3807.67529296875,7278.21923828125
1993,79,3,0,2,61758.87109375,2541.88134765625,4115.81591796875
1993,80,0,0,1,389780,32676,8383.1904296875
1993,80,0,0,2,665959,33718,5063.07421875
1993,80,1,0,1,345506.5625,28942.056640625,8376.7021484375
1993,80,1,0,2,595337.4375,31017.267578125,5210.03125
1993,80,3,0,1,44273.42578125,3733.942626953125,8433.8232421875
1993,80,3,0,2,70621.5234375,2700.7333984375,3824.235595703125
1993,81,0,0,1,335616,31281,9320.4736328125
1993,81,0,0,2,591834,34099,5761.58203125
1993,81,1,0,1,274801.59375,27608.41015625,10046.669921875
1993,81,1,0,2,537414.6875,31037.8828125,5775.40673828125
1993,81,3,0,1,60814.39453125,3672.58935546875,6039.01318359375
1993,81,3,0,2,54419.27734375,3061.1181640625,5625.06201171875
1993,82,0,0,1,294722,30199,10246.60546875
1993,82,0,0,2,550048,35620,6475.79833984375
1993,82,1,0,1,254330.90625,26627.568359375,10469.6552734375
1993,82,1,0,2,505889.28125,32408.15234375,6406.1748046875
1993,82,3,0,1,40391.0859375,3571.431640625,8842.1279296875
1993,82,3,0,2,44158.69140625,3211.848388671875,7273.4228515625
1993,83,0,0,1,258321,28839,11164.0166015625
1993,83,0,0,2,506874,36283,7158.189453125
1993,83,1,0,1,232977.84375,25318.34765625,10867.27734375
1993,83,1,0,2,459964.8125,32865.44921875,7145.20947265625
1993,83,3,0,1,25343.150390625,3520.653076171875,13891.931640625
1993,83,3,0,2,46909.17578125,3417.551025390625,7285.4638671875
1993,84,0,0,1,224227,26887,11990.9736328125
1993,84,0,0,2,459046,35662,7768.72021484375
1993,84,1,0,1,202396.078125,23516.7734375,11619.1845703125
1993,84,1,0,2,423038.375,32123.0234375,7593.40625
1993,84,3,0,1,21830.919921875,3370.22705078125,15437.861328125
1993,84,3,0,2,36007.6328125,3538.97705078125,9828.408203125
1994,25,0,0,1,1960274,3021,154.1111145019531
1994,25,0,0,2,1917158,1057,55.13369369506836
1994,25,1,0,1,1557814.625,2789.1201171875,179.0405731201172
1994,25,1,0,2,1455089.5,921.5991821289063,63.33625411987305
1994,25,3,0,1,402459.28125,231.8797912597656,57.61571502685547
1994,25,3,0,2,462068.40625,135.4008331298828,29.30320167541504
1994,26,0,0,1,1899109,3099,163.1817932128906
1994,26,0,0,2,1875807,1131,60.29404830932617
1994,26,1,0,1,1494593,2814.197509765625,188.2919006347656
1994,26,1,0,2,1388660,986.1428833007813,71.01399230957031
1994,26,3,0,1,404516.09375,284.8024597167969,70.40571594238281
1994,26,3,0,2,487147,144.8571472167969,29.73581886291504
1994,27,0,0,1,1958528,3248,165.8388366699219
1994,27,0,0,2,1937822,1255,64.763427734375
1994,27,1,0,1,1534583.25,2968.53125,193.4421844482422
1994,27,1,0,2,1439111.75,1115.917724609375,77.5421142578125
1994,27,3,0,1,423944.6875,279.4688415527344,65.92105865478516
1994,27,3,0,2,498710.21875,139.0822448730469,27.88838958740234
1994,28,0,0,1,1940872,3688,190.0176849365234
1994,28,0,0,2,1922992,1315,68.38301849365234
1994,28,1,0,1,1460986.625,3366.346435546875,230.4159698486328
1994,28,1,0,2,1488898.625,1180.952026367188,79.31715393066406
1994,28,3,0,1,479885.375,321.6535339355469,67.02716064453125
1994,28,3,0,2,434093.4375,134.0480194091797,30.87999153137207
1994,29,0,0,1,2173729,4074,187.4198608398438
1994,29,0,0,2,2153274,1486,69.01119232177734
1994,29,1,0,1,1652040.625,3726.59619140625,225.5753326416016
1994,29,1,0,2,1676097.25,1327.773681640625,79.21817779541016
1994,29,3,0,1,521688.21875,347.4039001464844,66.59224700927734
1994,29,3,0,2,477176.84375,158.2263641357422,33.15885162353516
1994,30,0,0,1,2255045,4586,203.3662261962891
1994,30,0,0,2,2233305,1649,73.83675384521484
1994,30,1,0,1,1710204.375,4106.666015625,240.1272125244141
1994,30,1,0,2,1725534.625,1457.20458984375,84.44945526123047
1994,30,3,0,1,544840.25,479.333984375,87.97697448730469
1994,30,3,0,2,507770.4375,191.7954559326172,37.77207946777344
1994,31,0,0,1,2213851,4879,220.3852081298828
1994,31,0,0,2,2204799,1797,81.5040283203125
1994,31,1,0,1,1720471,4371.8046875,254.1051025390625
1994,31,1,0,2,1697595.75,1591.786987304688,93.76714324951172
1994,31,3,0,1,493379.96875,507.1954650878906,102.8001708984375
1994,31,3,0,2,507202.9375,205.2129669189453,40.45973587036133
1994,32,0,0,1,2267558,5262,232.0558013916016
1994,32,0,0,2,2259885,1891,83.67682647705078
1994,32,1,0,1,1697673,4680.61181640625,275.7074890136719
1994,32,1,0,2,1724310.625,1670.129516601563,96.85781097412109
1994,32,3,0,1,569885.0625,581.38818359375,102.0185012817383
1994,32,3,0,2,535574.4375,220.8705444335938,41.23993301391602
1994,33,0,0,1,2249161,5573,247.7812805175781
1994,33,0,0,2,2257268,2207,97.77306365966797
1994,33,1,0,1,1707262.25,4905.5615234375,287.3349609375
1994,33,1,0,2,1706201.375,1978.651489257813,115.9682235717773
1994,33,3,0,1,541898.75,667.4383544921875,123.166618347168
1994,33,3,0,2,551066.6875,228.3485717773438,41.43755722045898
1994,34,0,0,1,2331468,5750,246.625732421875
1994,34,0,0,2,2317649,2305,99.45423126220703
1994,34,1,0,1,1748188.875,5100.89453125,291.7816467285156
1994,34,1,0,2,1821131.625,2027.329467773438,111.322509765625
1994,34,3,0,1,583279.125,649.1052856445313,111.285530090332
1994,34,3,0,2,496517.5,277.6705322265625,55.92361450195313
1994,35,0,0,1,2299768,6029,262.1568908691406
1994,35,0,0,2,2301218,2491,108.2470245361328
1994,35,1,0,1,1693298.25,5335.48681640625,315.0943298339844
1994,35,1,0,2,1811276.5,2141.836181640625,118.2500915527344
1994,35,3,0,1,606469.6875,693.5131225585938,114.3524780273438
1994,35,3,0,2,489941.375,349.1639099121094,71.26646423339844
1994,36,0,0,1,2237231,6012,268.7250366210938
1994,36,0,0,2,2258555,2651,117.3759307861328
1994,36,1,0,1,1648233.75,5225.95947265625,317.064208984375
1994,36,1,0,2,1706439.625,2303.345947265625,134.9796295166016
1994,36,3,0,1,588997.125,786.0406494140625,133.4540710449219
1994,36,3,0,2,552115.4375,347.654052734375,62.9676399230957
1994,37,0,0,1,2233590,6548,293.1603393554688
1994,37,0,0,2,2255406,2785,123.4810943603516
1994,37,1,0,1,1687073,5629.40771484375,333.678955078125
1994,37,1,0,2,1692819,2415.73046875,142.70458984375
1994,37,3,0,1,546517,918.5924072265625,168.0812072753906
1994,37,3,0,2,562586.9375,369.2695617675781,65.63777923583984
1994,38,0,0,1,2059791,6554,318.1876220703125
1994,38,0,0,2,2096618,2819,134.4546356201172
1994,38,1,0,1,1457821.125,5720.4794921875,392.3992614746094
1994,38,1,0,2,1638562.75,2447.647705078125,149.3777160644531
1994,38,3,0,1,601969.875,833.5206909179688,138.4655151367188
1994,38,3,0,2,458055.15625,371.3522033691406,81.07150268554688
1994,39,0,0,1,2184319,6884,315.1554260253906
1994,39,0,0,2,2208111,2997,135.7268676757813
1994,39,1,0,1,1541511.375,5812.689453125,377.0773010253906
1994,39,1,0,2,1652247.125,2571.390625,155.6298980712891
1994,39,3,0,1,642807.75,1071.310791015625,166.6611480712891
1994,39,3,0,2,555864,425.6094665527344,76.56719207763672
1994,40,0,0,1,2107354,7137,338.671142578125
1994,40,0,0,2,2143949,3119,145.4792022705078
1994,40,1,0,1,1504279.5,5994.85693359375,398.5201416015625
1994,40,1,0,2,1617760.125,2613.2763671875,161.5366973876953
1994,40,3,0,1,603074.5625,1142.142822265625,189.3866729736328
1994,40,3,0,2,526188.75,505.7235717773438,96.11067962646484
1994,41,0,0,1,1970127,7196,365.2556457519531
1994,41,0,0,2,2024024,3251,160.6206207275391
1994,41,1,0,1,1397159.75,6000.7021484375,429.492919921875
1994,41,1,0,2,1489203.375,2705.308349609375,181.6614379882813
1994,41,3,0,1,572967.3125,1195.297607421875,208.6153259277344
1994,41,3,0,2,534820.5625,545.6917724609375,102.0326843261719
1994,42,0,0,1,1942068,7440,383.0967712402344
1994,42,0,0,2,1990713,3352,168.3818817138672
1994,42,1,0,1,1305130,6158.123046875,471.8398132324219
1994,42,1,0,2,1431687.375,2787.82373046875,194.7229461669922
1994,42,3,0,1,636937.9375,1281.876831054688,201.2561645507813
1994,42,3,0,2,559025.625,564.1762084960938,100.9213485717773
1994,43,0,0,1,1832985,7339,400.3851623535156
1994,43,0,0,2,1897742,3542,186.6428680419922
1994,43,1,0,1,1228638.375,6059.64306640625,493.1998901367188
1994,43,1,0,2,1353092.5,2994.188232421875,221.2848205566406
1994,43,3,0,1,604346.5625,1279.357177734375,211.6926422119141
1994,43,3,0,2,544649.5625,547.8116455078125,100.5805740356445
1994,44,0,0,1,1868068,7605,407.1051025390625
1994,44,0,0,2,1907229,3752,196.7251892089844
1994,44,1,0,1,1237135.375,6213.583984375,502.2557983398438
1994,44,1,0,2,1414241.125,3153.548828125,222.9852294921875
1994,44,3,0,1,630932.6875,1391.416015625,220.5331878662109
1994,44,3,0,2,492987.9375,598.4512329101563,121.3926696777344
1994,45,0,0,1,1820614,7928,435.4574890136719
1994,45,0,0,2,1872869,4113,219.6095886230469
1994,45,1,0,1,1203563.75,6439.75927734375,535.0576171875
1994,45,1,0,2,1371746.75,3416.869140625,249.0889129638672
1994,45,3,0,1,617050.1875,1488.240600585938,241.1863098144531
1994,45,3,0,2,501122.125,696.1307373046875,138.9143829345703
1994,46,0,0,1,1755912,8122,462.5516662597656
1994,46,0,0,2,1818892,4415,242.7301940917969
1994,46,1,0,1,1162934.75,6516.1796875,560.322021484375
1994,46,1,0,2,1368330.75,3684.67431640625,269.2824401855469
1994,46,3,0,1,592977.1875,1605.8203125,270.8064270019531
1994,46,3,0,2,450561.21875,730.3256225585938,162.0924224853516
1994,47,0,0,1,1898761,8811,464.0394592285156
1994,47,0,0,2,1963541,4894,249.2435913085938
1994,47,1,0,1,1295032.875,7131.22509765625,550.6597900390625
1994,47,1,0,2,1536532.625,4100.73583984375,266.8824462890625
1994,47,3,0,1,603728.0625,1679.77490234375,278.2337036132813
1994,47,3,0,2,427008.34375,793.2642822265625,185.7725524902344
1994,48,0,0,1,1325483,7520,567.34033203125
1994,48,0,0,2,1386621,4223,304.5533142089844
1994,48,1,0,1,902126.75,6118.39892578125,678.2194213867188
1994,48,1,0,2,1050550.25,3598.308837890625,342.5165710449219
1994,48,3,0,1,423356.3125,1401.600952148438,331.0688781738281
1994,48,3,0,2,336070.625,624.6911010742188,185.8809051513672
1994,49,0,0,1,1445105,7843,542.7286987304688
1994,49,0,0,2,1502772,4648,309.2950744628906
1994,49,1,0,1,1025309.625,6393.16552734375,623.5350952148438
1994,49,1,0,2,1156340.625,3994.95703125,345.4827270507813
1994,49,3,0,1,419795.3125,1449.834594726563,345.3670349121094
1994,49,3,0,2,346431.5,653.0429077148438,188.5056304931641
1994,50,0,0,1,1435712,8731,608.1303100585938
1994,50,0,0,2,1498751,4975,331.9430541992188
1994,50,1,0,1,985635.0625,7198.18701171875,730.3095703125
1994,50,1,0,2,1176284.25,4279.74609375,363.8360595703125
1994,50,3,0,1,450076.8125,1532.812744140625,340.5669250488281
1994,50,3,0,2,322466.84375,695.2537841796875,215.604736328125
1994,51,0,0,1,1450135,9484,654.008056640625
1994,51,0,0,2,1517532,5678,374.16015625
1994,51,1,0,1,1033516.75,7821.3291015625,756.7684936523438
1994,51,1,0,2,1233223.625,4917.49462890625,398.7512512207031
1994,51,3,0,1,416618.375,1662.671020507813,399.0873107910156
1994,51,3,0,2,284308.375,760.5051879882813,267.4930725097656
1994,52,0,0,1,1263558,9376,742.0316162109375
1994,52,0,0,2,1331148,5685,427.0749816894531
1994,52,1,0,1,924875.75,7856.595703125,849.475830078125
1994,52,1,0,2,1091987.625,4896.80419921875,448.4303894042969
1994,52,3,0,1,338682.25,1519.404296875,448.6223449707031
1994,52,3,0,2,239160.421875,788.1956787109375,329.5677795410156
1994,53,0,0,1,1194913,9634,806.2511596679688
1994,53,0,0,2,1266411,5787,456.9606628417969
1994,53,1,0,1,887079.0625,8152.18994140625,918.9924926757813
1994,53,1,0,2,1029482.3125,5092.2080078125,494.6377258300781
1994,53,3,0,1,307834.0625,1481.81005859375,481.3665161132813
1994,53,3,0,2,236928.640625,694.7918090820313,293.2493896484375
1994,54,0,0,1,1166446,10010,858.1622924804688
1994,54,0,0,2,1237585,6020,486.4312438964844
1994,54,1,0,1,865708.5625,8464.7646484375,977.7845458984375
1994,54,1,0,2,981986.4375,5283.39892578125,538.03173828125
1994,54,3,0,1,300737.40625,1545.235229492188,513.8154296875
1994,54,3,0,2,255598.421875,736.6011352539063,288.1868896484375
1994,55,0,0,1,1124456,10436,928.0932006835938
1994,55,0,0,2,1201157,6279,522.7459716796875
1994,55,1,0,1,827580.1875,8847.4736328125,1069.077514648438
1994,55,1,0,2,976834.3125,5565.3525390625,569.7335205078125
1994,55,3,0,1,296875.8125,1588.526245117188,535.0810546875
1994,55,3,0,2,224322.765625,713.6474609375,318.1342163085938
1994,56,0,0,1,1097858,10891,992.0226440429688
1994,56,0,0,2,1180996,6875,582.1357421875
1994,56,1,0,1,823518,9323.66015625,1132.174438476563
1994,56,1,0,2,975745.25,6089.3173828125,624.068359375
1994,56,3,0,1,274340.0625,1567.339477539063,571.3126220703125
1994,56,3,0,2,205250.765625,785.6828002929688,382.7916564941406
1994,57,0,0,1,1041161,11528,1107.225463867188
1994,57,0,0,2,1128254,7321,648.8787231445313
1994,57,1,0,1,761542,9841.6552734375,1292.33251953125
1994,57,1,0,2,965549.375,6522.166015625,675.487548828125
1994,57,3,0,1,279619,1686.3447265625,603.0866088867188
1994,57,3,0,2,162704.546875,798.8338623046875,490.9720458984375
1994,58,0,0,1,990546,12383,1250.11865234375
1994,58,0,0,2,1079040,8006,741.955810546875
1994,58,1,0,1,761702.3125,10512.4833984375,1380.130126953125
1994,58,1,0,2,922528.9375,7170.72607421875,777.2901000976563
1994,58,3,0,1,228843.6875,1870.516967773438,817.3775634765625
1994,58,3,0,2,156511.015625,835.2738647460938,533.6837768554688
1994,59,0,0,1,1036199,13453,1298.302734375
1994,59,0,0,2,1129299,8725,772.6032104492188
1994,59,1,0,1,782533.125,11499.3369140625,1469.501586914063
1994,59,1,0,2,968544.5625,7834.78369140625,808.9234008789063
1994,59,3,0,1,253665.8125,1953.662841796875,770.1719360351563
1994,59,3,0,2,160754.421875,890.21630859375,553.7740478515625
1994,60,0,0,1,955874,14379,1504.277709960938
1994,60,0,0,2,1058286,9060,856.1012573242188
1994,60,1,0,1,756060,12333.8125,1631.327270507813
1994,60,1,0,2,934374.3125,8171.69970703125,874.5638427734375
1994,60,3,0,1,199814.015625,2045.1875,1023.545593261719
1994,60,3,0,2,123911.6875,888.3003540039063,716.8818359375
1994,61,0,0,1,930179,15208,1634.9541015625
1994,61,0,0,2,1033716,10213,987.9889526367188
1994,61,1,0,1,719896.3125,13020.0224609375,1808.596923828125
1994,61,1,0,2,889828.8125,9272.111328125,1042.0107421875
1994,61,3,0,1,210282.734375,2187.9775390625,1040.4931640625
1994,61,3,0,2,143887.171875,940.8887329101563,653.9072875976563
1994,62,0,0,1,932542,17082,1831.767333984375
1994,62,0,0,2,1052482,10946,1040.017822265625
1994,62,1,0,1,708352.375,14427.7490234375,2036.803955078125
1994,62,1,0,2,905943,9890.8173828125,1091.770385742188
1994,62,3,0,1,224189.578125,2654.250732421875,1183.931396484375
1994,62,3,0,2,146539.03125,1055.182861328125,720.0695190429688
1994,63,0,0,1,975224,18385,1885.207885742188
1994,63,0,0,2,1102470,12131,1100.347412109375
1994,63,1,0,1,764292.25,15665.8642578125,2049.7216796875
1994,63,1,0,2,994523.125,11039.6376953125,1110.043334960938
1994,63,3,0,1,210931.796875,2719.135498046875,1289.1064453125
1994,63,3,0,2,107946.84375,1091.362670898438,1011.018615722656
1994,64,0,0,1,986470,20443,2072.338623046875
1994,64,0,0,2,1122928,13375,1191.082641601563
1994,64,1,0,1,796464.125,17605.203125,2210.420166015625
1994,64,1,0,2,940269.1875,12168.5068359375,1294.1513671875
1994,64,3,0,1,190005.890625,2837.79736328125,1493.53125
1994,64,3,0,2,182658.8125,1206.493530273438,660.517578125
1994,65,0,0,1,950971,21216,2230.98291015625
1994,65,0,0,2,1109413,14450,1302.490600585938
1994,65,1,0,1,730914.3125,18285.171875,2501.684814453125
1994,65,1,0,2,1019261.1875,13202.255859375,1295.276977539063
1994,65,3,0,1,220056.671875,2930.828857421875,1331.851806640625
1994,65,3,0,2,90151.8828125,1247.743896484375,1384.04638671875
1994,66,0,0,1,950998,23163,2435.65185546875
1994,66,0,0,2,1126857,15781,1400.44384765625
1994,66,1,0,1,779598.875,19993.806640625,2564.62744140625
1994,66,1,0,2,998714.375,14453.93359375,1447.254028320313
1994,66,3,0,1,171399.171875,3169.1943359375,1849.013793945313
1994,66,3,0,2,128142.5859375,1327.066040039063,1035.61669921875
1994,67,0,0,1,913537,24594,2692.17333984375
1994,67,0,0,2,1106768,17315,1564.465209960938
1994,67,1,0,1,735179.9375,21213.33984375,2885.46240234375
1994,67,1,0,2,972945,15848.8720703125,1628.958740234375
1994,67,3,0,1,178357.09375,3380.66064453125,1895.445068359375
1994,67,3,0,2,133823.046875,1466.127563476563,1095.57177734375
1994,68,0,0,1,856060,25485,2977.010986328125
1994,68,0,0,2,1057753,18497,1748.706909179688
1994,68,1,0,1,687376.3125,21976.33203125,3197.132568359375
1994,68,1,0,2,925035.5,16988.0078125,1836.470947265625
1994,68,3,0,1,168683.671875,3508.667724609375,2080.028076171875
1994,68,3,0,2,132717.5625,1508.991943359375,1136.994873046875
1994,69,0,0,1,856184,27550,3217.766357421875
1994,69,0,0,2,1079185,20343,1885.033569335938
1994,69,1,0,1,681572.1875,23573.37890625,3458.6767578125
1994,69,1,0,2,980778.25,18779.67578125,1914.772827148438
1994,69,3,0,1,174611.796875,3976.620361328125,2277.406494140625
1994,69,3,0,2,98406.703125,1563.323974609375,1588.635620117188
1994,70,0,0,1,828539,28703,3464.290771484375
1994,70,0,0,2,1059595,21557,2034.45654296875
1994,70,1,0,1,700609.1875,24667.537109375,3520.869873046875
1994,70,1,0,2,968163.3125,19957.205078125,2061.346923828125
1994,70,3,0,1,127929.7890625,4035.462646484375,3154.435546875
1994,70,3,0,2,91431.6484375,1599.795776367188,1749.7177734375
1994,71,0,0,1,783460,29723,3793.81201171875
1994,71,0,0,2,1009849,22548,2232.80908203125
1994,71,1,0,1,638351.5625,25843.919921875,4048.540283203125
1994,71,1,0,2,901688.5,20873.818359375,2314.969970703125
1994,71,3,0,1,145108.4375,3879.080810546875,2673.22900390625
1994,71,3,0,2,108160.515625,1674.181884765625,1547.867919921875
1994,72,0,0,1,783350,31365,4003.957275390625
1994,72,0,0,2,1016671,24505,2410.317626953125
1994,72,1,0,1,640510.75,27204.654296875,4247.337890625
1994,72,1,0,2,928577.1875,22643.90234375,2438.55908203125
1994,72,3,0,1,142839.328125,4160.3466796875,2912.60595703125
1994,72,3,0,2,88093.8046875,1861.097412109375,2112.63134765625
1994,73,0,0,1,740481,32144,4340.96240234375
1994,73,0,0,2,978497,25803,2637.00341796875
1994,73,1,0,1,632014.625,27984.435546875,4427.814453125
1994,73,1,0,2,917297.9375,23807.5,2595.39453125
1994,73,3,0,1,108466.3515625,4159.56396484375,3834.888916015625
1994,73,3,0,2,61199.01953125,1995.5,3260.673095703125
1994,74,0,0,1,667308,32296,4839.744140625
1994,74,0,0,2,914315,26631,2912.67236328125
1994,74,1,0,1,576486.25,28243.755859375,4899.2939453125
1994,74,1,0,2,807156.375,24611.294921875,3049.135986328125
1994,74,3,0,1,90821.71875,4052.244384765625,4461.7568359375
1994,74,3,0,2,107158.6796875,2019.704956054688,1884.779663085938
1994,75,0,0,1,620378,31463,5071.58544921875
1994,75,0,0,2,872769,26791,3069.6552734375
1994,75,1,0,1,535122.625,27668.412109375,5170.48046875
1994,75,1,0,2,798542.1875,24678.365234375,3090.42724609375
1994,75,3,0,1,85255.4140625,3794.588134765625,4450.84716796875
1994,75,3,0,2,74226.8671875,2112.63525390625,2846.186767578125
1994,76,0,0,1,564417,32578,5771.9736328125
1994,76,0,0,2,819524,28496,3477.140380859375
1994,76,1,0,1,485633.0625,28544.9453125,5877.88330078125
1994,76,1,0,2,740844.75,26290.400390625,3548.705810546875
1994,76,3,0,1,78783.9453125,4033.05517578125,5119.13330078125
1994,76,3,0,2,78679.2734375,2205.60009765625,2803.27978515625
1994,77,0,0,1,523188,32015,6119.21533203125
1994,77,0,0,2,777193,29663,3816.683837890625
1994,77,1,0,1,443948.3125,28229.763671875,6358.794921875
1994,77,1,0,2,712285.1875,27380.294921875,3844.00732421875
1994,77,3,0,1,79239.734375,3785.23681640625,4776.94287109375
1994,77,3,0,2,64907.82421875,2282.70458984375,3516.84033203125
1994,78,0,0,1,487602,32661,6698.291015625
1994,78,0,0,2,754711,30877,4091.23486328125
1994,78,1,0,1,401421.65625,28762.119140625,7165.06396484375
1994,78,1,0,2,692166.4375,28386.169921875,4101.0615234375
1994,78,3,0,1,86180.375,3898.8798828125,4524.09228515625
1994,78,3,0,2,62544.51171875,2490.830322265625,3982.4921875
1994,79,0,0,1,448470,32720,7295.9169921875
1994,79,0,0,2,723310,33084,4573.97265625
1994,79,1,0,1,384175.5,28787.1484375,7493.228515625
1994,79,1,0,2,680116.5,30459.30859375,4478.54296875
1994,79,3,0,1,64294.5078125,3932.8515625,6116.9326171875
1994,79,3,0,2,43193.39453125,2624.692138671875,6076.60546875
1994,80,0,0,1,399607,32829,8215.3212890625
1994,80,0,0,2,672319,34158,5080.6240234375
1994,80,1,0,1,346062,28997.732421875,8379.345703125
1994,80,1,0,2,603656.375,31373.998046875,5197.3271484375
1994,80,3,0,1,53545.03125,3831.2666015625,7155.2236328125
1994,80,3,0,2,68662.5859375,2784.002685546875,4054.61376953125
1994,81,0,0,1,350910,31694,9031.9453125
1994,81,0,0,2,619698,35046,5655.33544921875
1994,81,1,0,1,288146.78125,27894.134765625,9680.529296875
1994,81,1,0,2,563138.8125,32204.3125,5718.716796875
1994,81,3,0,1,62763.25,3799.864990234375,6054.283203125
1994,81,3,0,2,56559.2265625,2841.687255859375,5024.26806640625
1994,82,0,0,1,307926,30203,9808.525390625
1994,82,0,0,2,557822,35465,6357.7626953125
1994,82,1,0,1,268189.71875,26569.65625,9907.037109375
1994,82,1,0,2,509118.21875,32388.173828125,6361.62158203125
1994,82,3,0,1,39736.26953125,3633.34375,9143.6455078125
1994,82,3,0,2,48703.765625,3076.826171875,6317.4296875
1994,83,0,0,1,263930,29182,11056.7197265625
1994,83,0,0,2,517843,36668,7080.91064453125
1994,83,1,0,1,249330.03125,25609.763671875,10271.431640625
1994,83,1,0,2,469633.84375,33346.40625,7100.51171875
1994,83,3,0,1,14599.9599609375,3572.237060546875,24467.443359375
1994,83,3,0,2,48209.10546875,3321.594970703125,6889.97412109375
1994,84,0,0,1,229457,27584,12021.4248046875
1994,84,0,0,2,468906,37037,7898.59814453125
1994,84,1,0,1,207643.84375,24085.4609375,11599.41015625
1994,84,1,0,2,425445.59375,33595.703125,7896.59228515625
1994,84,3,0,1,21813.13671875,3498.5400390625,16038.68359375
1994,84,3,0,2,43460.4140625,3441.298095703125,7918.23583984375
1995,25,0,0,1,2037183,3023,148.3911895751953
1995,25,0,0,2,1995545,1067,53.46910095214844
1995,25,1,0,1,1549930.125,2784.771484375,179.6707763671875
1995,25,1,0,2,1555184.25,951.2613525390625,61.1671142578125
1995,25,3,0,1,487252.84375,238.2285003662109,48.89217376708984
1995,25,3,0,2,440360.96875,115.738639831543,26.28267478942871
1995,26,0,0,1,1945711,3093,158.9650268554688
1995,26,0,0,2,1919859,1111,57.86883163452148
1995,26,1,0,1,1454721.25,2828.976806640625,194.4686584472656
1995,26,1,0,2,1437726.875,971.4381713867188,67.56764221191406
1995,26,3,0,1,490989.625,264.0232849121094,53.77370071411133
1995,26,3,0,2,482132.1875,139.5618133544922,28.9467945098877
1995,27,0,0,1,1941153,3168,163.2019805908203
1995,27,0,0,2,1914668,1206,62.98742294311523
1995,27,1,0,1,1481528.125,2908.2919921875,196.3035278320313
1995,27,1,0,2,1399261.25,1059.036254882813,75.68538665771484
1995,27,3,0,1,459624.8125,259.7080688476563,56.50436401367188
1995,27,3,0,2,515406.90625,146.9637145996094,28.51411437988281
1995,28,0,0,1,1918826,3449,179.7453308105469
1995,28,0,0,2,1898598,1318,69.41964721679688
1995,28,1,0,1,1475033.125,3134.274658203125,212.4884185791016
1995,28,1,0,2,1404361.75,1144.006591796875,81.46096038818359
1995,28,3,0,1,443792.90625,314.7253112792969,70.91716003417969
1995,28,3,0,2,494236.28125,173.9933929443359,35.20449447631836
1995,29,0,0,1,2064460,3839,185.9566192626953
1995,29,0,0,2,2043933,1407,68.83787536621094
1995,29,1,0,1,1518418.5,3501.7607421875,230.6189422607422
1995,29,1,0,2,1545927.25,1244.52880859375,80.50370788574219
1995,29,3,0,1,546041.5,337.2393493652344,61.7607536315918
1995,29,3,0,2,498005.71875,162.4711303710938,32.62435150146484
1995,30,0,0,1,2198489,4348,197.7722015380859
1995,30,0,0,2,2174086,1635,75.20401763916016
1995,30,1,0,1,1635361.125,3932.2197265625,240.4496307373047
1995,30,1,0,2,1663850.5,1448.300659179688,87.04512023925781
1995,30,3,0,1,563127.875,415.7802734375,73.83407592773438
1995,30,3,0,2,510235.5625,186.6993255615234,36.5908088684082
1995,31,0,0,1,2193063,4838,220.6046905517578
1995,31,0,0,2,2182005,1856,85.05938720703125
1995,31,1,0,1,1569009.125,4318.115234375,275.212890625
1995,31,1,0,2,1637418.375,1669.959716796875,101.9873580932617
1995,31,3,0,1,624054,519.8848266601563,83.30766296386719
1995,31,3,0,2,544586.5,186.0403289794922,34.16175842285156
1995,32,0,0,1,2242412,5046,225.0255584716797
1995,32,0,0,2,2233606,1913,85.64626312255859
1995,32,1,0,1,1678279,4478.86083984375,266.8722534179688
1995,32,1,0,2,1666857,1685.02587890625,101.0900115966797
1995,32,3,0,1,564133,567.13916015625,100.5328826904297
1995,32,3,0,2,566749.125,227.9740905761719,40.22486877441406
1995,33,0,0,1,2258089,5249,232.4532012939453
1995,33,0,0,2,2257377,2071,91.74364471435547
1995,33,1,0,1,1729449.5,4668.19921875,269.9240112304688
1995,33,1,0,2,1695269.125,1813.780883789063,106.9907379150391
1995,33,3,0,1,528639.3125,580.8007202148438,109.8671035766602
1995,33,3,0,2,562107.75,257.2190856933594,45.75974655151367
1995,34,0,0,1,2321845,5773,248.6384735107422
1995,34,0,0,2,2311215,2335,101.0291137695313
1995,34,1,0,1,1723064.625,5128.6181640625,297.6451416015625
1995,34,1,0,2,1724064.125,2040.922119140625,118.378547668457
1995,34,3,0,1,598780.375,644.3817749023438,107.6157150268555
1995,34,3,0,2,587151,294.0778198242188,50.08555221557617
1995,35,0,0,1,2352926,5905,250.964111328125
1995,35,0,0,2,2342507,2511,107.1928482055664
1995,35,1,0,1,1765680.25,5203.185546875,294.6844787597656
1995,35,1,0,2,1797851.375,2178.417236328125,121.1678161621094
1995,35,3,0,1,587245.625,701.814697265625,119.5095672607422
1995,35,3,0,2,544655.6875,332.5827941894531,61.06294250488281
1995,36,0,0,1,2241817,6197,276.4275512695313
1995,36,0,0,2,2265545,2622,115.7337417602539
1995,36,1,0,1,1668620.625,5512.44775390625,330.3595581054688
1995,36,1,0,2,1720591.25,2261.47509765625,131.4359283447266
1995,36,3,0,1,573196.1875,684.5523071289063,119.4272232055664
1995,36,3,0,2,544953.8125,360.5249938964844,66.156982421875
1995,37,0,0,1,2247117,6480,288.3695068359375
1995,37,0,0,2,2268273,2855,125.8666839599609
1995,37,1,0,1,1623424.125,5666.83203125,349.066650390625
1995,37,1,0,2,1742425.25,2502.12255859375,143.5999908447266
1995,37,3,0,1,623692.8125,813.1678466796875,130.3795471191406
1995,37,3,0,2,525847.6875,352.8775634765625,67.10642242431641
1995,38,0,0,1,2163379,6743,311.6883239746094
1995,38,0,0,2,2189863,3033,138.5018157958984
1995,38,1,0,1,1594937.125,5854.84423828125,367.08935546875
1995,38,1,0,2,1609230.75,2611.199462890625,162.2638244628906
1995,38,3,0,1,568441.9375,888.1556396484375,156.2438659667969
1995,38,3,0,2,580632.1875,421.8006591796875,72.64507293701172
1995,39,0,0,1,2194314,7014,319.6443176269531
1995,39,0,0,2,2225879,3127,140.4838256835938
1995,39,1,0,1,1570641.625,6082.77197265625,387.2794189453125
1995,39,1,0,2,1657609,2693.543701171875,162.4957275390625
1995,39,3,0,1,623672.3125,931.2279663085938,149.3136596679688
1995,39,3,0,2,568270.0625,433.4563598632813,76.27647399902344
1995,40,0,0,1,2177588,7143,328.0234680175781
1995,40,0,0,2,2204425,3250,147.4307403564453
1995,40,1,0,1,1536681.875,6126.96533203125,398.7139587402344
1995,40,1,0,2,1659910,2780.677978515625,167.5198059082031
1995,40,3,0,1,640906.1875,1016.034912109375,158.5309906005859
1995,40,3,0,2,544515.1875,469.322021484375,86.19080352783203
1995,41,0,0,1,2029130,7437,366.5117492675781
1995,41,0,0,2,2082034,3456,165.9915313720703
1995,41,1,0,1,1491810.875,6299.23779296875,422.2544555664063
1995,41,1,0,2,1569445.625,2926.76220703125,186.4838256835938
1995,41,3,0,1,537319,1137.762451171875,211.748046875
1995,41,3,0,2,512588.34375,529.23779296875,103.2481155395508
1995,42,0,0,1,1985836,7697,387.5949401855469
1995,42,0,0,2,2036831,3612,177.3343048095703
1995,42,1,0,1,1381961.5,6429.375,465.2354736328125
1995,42,1,0,2,1491158,3020.56787109375,202.5652465820313
1995,42,3,0,1,603874.5625,1267.624755859375,209.9152374267578
1995,42,3,0,2,545673,591.4321899414063,108.3858261108398
1995,43,0,0,1,1920457,7723,402.1438598632813
1995,43,0,0,2,1983990,3789,190.9787902832031
1995,43,1,0,1,1322066.25,6430.6875,486.4118957519531
1995,43,1,0,2,1429319.125,3210.86865234375,224.6432342529297
1995,43,3,0,1,598390.75,1292.312377929688,215.9646301269531
1995,43,3,0,2,554670.9375,578.1312255859375,104.2295837402344
1995,44,0,0,1,1876395,7792,415.2643737792969
1995,44,0,0,2,1922462,3884,202.0326080322266
1995,44,1,0,1,1299020.875,6466.00830078125,497.7601623535156
1995,44,1,0,2,1408160.875,3226.163330078125,229.104736328125
1995,44,3,0,1,577373.9375,1325.991455078125,229.6590423583984
1995,44,3,0,2,514301.15625,657.8366088867188,127.9088363647461
1995,45,0,0,1,1869130,8121,434.480224609375
1995,45,0,0,2,1916445,4000,208.7197875976563
1995,45,1,0,1,1211230,6764.7138671875,558.49951171875
1995,45,1,0,2,1403838.25,3296.631103515625,234.829833984375
1995,45,3,0,1,657900.0625,1356.2861328125,206.1538238525391
1995,45,3,0,2,512606.59375,703.3689575195313,137.2141876220703
1995,46,0,0,1,1762946,8276,469.4414978027344
1995,46,0,0,2,1829332,4232,231.3412780761719
1995,46,1,0,1,1185912.625,6687.77734375,563.93505859375
1995,46,1,0,2,1342431.875,3562.35205078125,265.3655700683594
1995,46,3,0,1,577033.375,1588.222778320313,275.2393188476563
1995,46,3,0,2,486900.125,669.6478881835938,137.5328979492188
1995,47,0,0,1,1772512,8822,497.7117309570313
1995,47,0,0,2,1841233,4807,261.0750427246094
1995,47,1,0,1,1131789.875,7192.47265625,635.4954223632813
1995,47,1,0,2,1393681.125,4046.15625,290.321533203125
1995,47,3,0,1,640722.125,1629.52734375,254.3266906738281
1995,47,3,0,2,447551.84375,760.84375,170.0012512207031
1995,48,0,0,1,1844514,9350,506.9085998535156
1995,48,0,0,2,1910505,5278,276.2620239257813
1995,48,1,0,1,1170461,7611.88037109375,650.3318481445313
1995,48,1,0,2,1465739.625,4425.54345703125,301.9324340820313
1995,48,3,0,1,674053,1738.119750976563,257.8609924316406
1995,48,3,0,2,444765.21875,852.4567260742188,191.6644287109375
1995,49,0,0,1,1408901,8040,570.6575317382813
1995,49,0,0,2,1468223,4697,319.9105224609375
1995,49,1,0,1,924884.9375,6567.80908203125,710.1217651367188
1995,49,1,0,2,1077411.875,3981.51904296875,369.5447387695313
1995,49,3,0,1,484016.03125,1472.190673828125,304.1615600585938
1995,49,3,0,2,390811.125,715.48095703125,183.0758972167969
1995,50,0,0,1,1442907,8580,594.6329345703125
1995,50,0,0,2,1503569,5031,334.6038513183594
1995,50,1,0,1,997123.125,7068.64208984375,708.9036254882813
1995,50,1,0,2,1122908.125,4297.5859375,382.7192993164063
1995,50,3,0,1,445784.0625,1511.35791015625,339.0336303710938
1995,50,3,0,2,380660.84375,733.413818359375,192.6685791015625
1995,51,0,0,1,1379978,9265,671.3875122070313
1995,51,0,0,2,1448869,5427,374.5680236816406
1995,51,1,0,1,971157.0625,7643.73681640625,787.0752563476563
1995,51,1,0,2,1154040,4640.3984375,402.1003112792969
1995,51,3,0,1,408820.90625,1621.263305664063,396.570556640625
1995,51,3,0,2,294829.0625,786.6014404296875,266.7991638183594
1995,52,0,0,1,1454043,10102,694.7525024414063
1995,52,0,0,2,1523325,6216,408.0547485351563
1995,52,1,0,1,997706.5625,8346.287109375,836.5473022460938
1995,52,1,0,2,1207015.625,5336.5625,442.1286926269531
1995,52,3,0,1,456336.4375,1755.713012695313,384.7409362792969
1995,52,3,0,2,316309.46875,879.4375610351563,278.0307312011719
1995,53,0,0,1,1261051,10208,809.4835205078125
1995,53,0,0,2,1334875,6027,451.5029602050781
1995,53,1,0,1,946697.625,8614.6376953125,909.9671630859375
1995,53,1,0,2,1096352.125,5264.7001953125,480.2015686035156
1995,53,3,0,1,314353.3125,1593.3623046875,506.8699035644531
1995,53,3,0,2,238523.0625,762.2996215820313,319.5915832519531
1995,54,0,0,1,1217616,10158,834.253173828125
1995,54,0,0,2,1290265,6363,493.1545104980469
1995,54,1,0,1,843480.4375,8573.48046875,1016.44091796875
1995,54,1,0,2,1012765.5,5554.5146484375,548.4501953125
1995,54,3,0,1,374135.625,1584.519409179688,423.5147094726563
1995,54,3,0,2,277499.53125,808.485595703125,291.3466491699219
1995,55,0,0,1,1145098,10450,912.5856323242188
1995,55,0,0,2,1220394,6503,532.8607177734375
1995,55,1,0,1,833250.0625,8875.46484375,1065.162231445313
1995,55,1,0,2,1003856.875,5764.869140625,574.2720336914063
1995,55,3,0,1,311847.96875,1574.53515625,504.9047241210938
1995,55,3,0,2,216537.140625,738.1310424804688,340.879638671875
1995,56,0,0,1,1116139,11210,1004.355163574219
1995,56,0,0,2,1198247,7129,594.9524536132813
1995,56,1,0,1,847179.0625,9566.2822265625,1129.192504882813
1995,56,1,0,2,1028583.3125,6297.2099609375,612.2216796875
1995,56,3,0,1,268959.96875,1643.717895507813,611.1384887695313
1995,56,3,0,2,169663.703125,831.7899169921875,490.2580261230469
1995,57,0,0,1,1095558,11823,1079.176147460938
1995,57,0,0,2,1183907,7559,638.4791870117188
1995,57,1,0,1,837044.4375,10074.5126953125,1203.58154296875
1995,57,1,0,2,1008642.4375,6730.7373046875,667.3065795898438
1995,57,3,0,1,258513.53125,1748.487426757813,676.362060546875
1995,57,3,0,2,175264.671875,828.2628784179688,472.5783386230469
1995,58,0,0,1,1002371,12099,1207.0380859375
1995,58,0,0,2,1088931,7973,732.1859741210938
1995,58,1,0,1,749030.1875,10298.7451171875,1374.943969726563
1995,58,1,0,2,925820.4375,7086.13916015625,765.3902587890625
1995,58,3,0,1,253340.796875,1800.2548828125,710.6060180664063
1995,58,3,0,2,163110.546875,886.8609008789063,543.7177124023438
1995,59,0,0,1,1019130,13266,1301.698486328125
1995,59,0,0,2,1112523,8629,775.6243896484375
1995,59,1,0,1,743648.9375,11260.99609375,1514.289306640625
1995,59,1,0,2,946835.25,7770.17919921875,820.6474609375
1995,59,3,0,1,275481.03125,2005.00390625,727.8192138671875
1995,59,3,0,2,165687.859375,858.8208618164063,518.3366088867188
1995,60,0,0,1,1023843,14708,1436.54833984375
1995,60,0,0,2,1129663,9438,835.4703979492188
1995,60,1,0,1,765068.6875,12552.1806640625,1640.66064453125
1995,60,1,0,2,965534.4375,8537.6826171875,884.2442626953125
1995,60,3,0,1,258774.296875,2155.8193359375,833.0886840820313
1995,60,3,0,2,164128.46875,900.3175048828125,548.5443725585938
1995,61,0,0,1,927248,15199,1639.151611328125
1995,61,0,0,2,1022401,9954,973.590576171875
1995,61,1,0,1,703887.9375,13005.982421875,1847.73486328125
1995,61,1,0,2,900053.0625,9008.044921875,1000.834899902344
1995,61,3,0,1,223360.0625,2193.017578125,981.8306884765625
1995,61,3,0,2,122347.9140625,945.954833984375,773.1679077148438
1995,62,0,0,1,926400,16338,1763.60107421875
1995,62,0,0,2,1037075,11063,1066.750244140625
1995,62,1,0,1,715718.75,13792.56640625,1927.093017578125
1995,62,1,0,2,908204.8125,10032.2314453125,1104.622192382813
1995,62,3,0,1,210681.265625,2545.43310546875,1208.191528320313
1995,62,3,0,2,128870.2421875,1030.7685546875,799.8499145507813
1995,63,0,0,1,932109,17748,1904.069213867188
1995,63,0,0,2,1053306,11940,1133.57373046875
1995,63,1,0,1,700927.5625,14971.931640625,2136.016845703125
1995,63,1,0,2,910670.9375,10846.970703125,1191.096557617188
1995,63,3,0,1,231181.5,2776.068603515625,1200.817749023438
1995,63,3,0,2,142635.03125,1093.029052734375,766.311767578125
1995,64,0,0,1,970777,19449,2003.44677734375
1995,64,0,0,2,1114902,13034,1169.071411132813
1995,64,1,0,1,753276,16555.962890625,2197.861572265625
1995,64,1,0,2,1013771.75,11825.7021484375,1166.50537109375
1995,64,3,0,1,217500.984375,2893.037353515625,1330.126098632813
1995,64,3,0,2,101130.3046875,1208.297485351563,1194.792724609375
1995,65,0,0,1,962021,20935,2176.14794921875
1995,65,0,0,2,1106190,14515,1312.16162109375
1995,65,1,0,1,788730.125,17857.92578125,2264.136474609375
1995,65,1,0,2,960328.3125,13193.75390625,1373.879516601563
1995,65,3,0,1,173290.875,3077.074951171875,1775.670532226563
1995,65,3,0,2,145861.71875,1321.24560546875,905.8206787109375
1995,66,0,0,1,927332,22152,2388.78857421875
1995,66,0,0,2,1092226,15327,1403.281005859375
1995,66,1,0,1,733377.75,19026.849609375,2594.413330078125
1995,66,1,0,2,964651.6875,13947.998046875,1445.910278320313
1995,66,3,0,1,193954.234375,3125.15087890625,1611.282592773438
1995,66,3,0,2,127574.234375,1379.002197265625,1080.941040039063
1995,67,0,0,1,940733,24254,2578.202392578125
1995,67,0,0,2,1121469,17058,1521.040649414063
1995,67,1,0,1,748985.4375,20860.36328125,2785.1494140625
1995,67,1,0,2,1021223.9375,15528.0361328125,1520.531982421875
1995,67,3,0,1,191747.5625,3393.636474609375,1769.845947265625
1995,67,3,0,2,100245.046875,1529.963500976563,1526.223510742188
1995,68,0,0,1,869596,25253,2903.9921875
1995,68,0,0,2,1063720,18230,1713.796875
1995,68,1,0,1,704067.75,21588.0078125,3066.183349609375
1995,68,1,0,2,944833.25,16668.587890625,1764.182983398438
1995,68,3,0,1,165528.28125,3664.9921875,2214.118408203125
1995,68,3,0,2,118886.78125,1561.411499023438,1313.360107421875
1995,69,0,0,1,839809,26821,3193.702392578125
1995,69,0,0,2,1053389,19802,1879.83740234375
1995,69,1,0,1,660910.6875,23019.658203125,3483.02099609375
1995,69,1,0,2,931619.875,18138.517578125,1946.986938476563
1995,69,3,0,1,178898.328125,3801.3408203125,2124.861083984375
1995,69,3,0,2,121769.1015625,1663.481811523438,1366.09521484375
1995,70,0,0,1,834000,28552,3423.501220703125
1995,70,0,0,2,1066614,21685,2033.069091796875
1995,70,1,0,1,679540,24424.439453125,3594.2607421875
1995,70,1,0,2,940921.4375,20030.873046875,2128.857177734375
1995,70,3,0,1,154459.921875,4127.5615234375,2672.254150390625
1995,70,3,0,2,125692.6640625,1654.126953125,1316.009155273438
1995,71,0,0,1,794837,29800,3749.1962890625
1995,71,0,0,2,1019054,22666,2224.2197265625
1995,71,1,0,1,649320.25,25575.703125,3938.8427734375
1995,71,1,0,2,950814.6875,20870.552734375,2195.017822265625
1995,71,3,0,1,145516.703125,4224.2978515625,2902.96435546875
1995,71,3,0,2,68239.2734375,1795.446655273438,2631.1044921875
1995,72,0,0,1,760450,30612,4025.51123046875
1995,72,0,0,2,989623,24374,2462.9580078125
1995,72,1,0,1,607008.5625,26425.744140625,4353.4384765625
1995,72,1,0,2,916514.9375,22551.521484375,2460.5732421875
1995,72,3,0,1,153441.4375,4186.25634765625,2728.24365234375
1995,72,3,0,2,73108.15625,1822.478271484375,2492.852294921875
1995,73,0,0,1,750918,32364,4309.9248046875
1995,73,0,0,2,992009,26082,2629.2099609375
1995,73,1,0,1,626421.6875,27938.755859375,4460.0556640625
1995,73,1,0,2,895039.3125,24047.171875,2686.716796875
1995,73,3,0,1,124496.3203125,4425.2431640625,3554.517333984375
1995,73,3,0,2,96969.765625,2034.828247070313,2098.4150390625
1995,74,0,0,1,715461,33258,4648.47119140625
1995,74,0,0,2,966637,27150,2808.706787109375
1995,74,1,0,1,584712.6875,28853.97265625,4934.7265625
1995,74,1,0,2,879396.5,25055.34765625,2849.152587890625
1995,74,3,0,1,130748.359375,4404.02734375,3368.3232421875
1995,74,3,0,2,87240.5234375,2094.652099609375,2401.008056640625
1995,75,0,0,1,642102,33465,5211.78857421875
1995,75,0,0,2,894372,28618,3199.787109375
1995,75,1,0,1,542323.1875,29405.35546875,5422.109375
1995,75,1,0,2,805687.875,26506.57421875,3289.930908203125
1995,75,3,0,1,99778.8515625,4059.64501953125,4068.642822265625
1995,75,3,0,2,88684.1328125,2111.426513671875,2380.839111328125
1995,76,0,0,1,585443,32222,5503.8662109375
1995,76,0,0,2,838647,28550,3404.29296875
1995,76,1,0,1,504771.40625,28125.44140625,5571.91650390625
1995,76,1,0,2,767224.5625,26360.029296875,3435.764404296875
1995,76,3,0,1,80671.5546875,4096.55810546875,5078.0703125
1995,76,3,0,2,71422.40625,2189.97119140625,3066.224365234375
1995,77,0,0,1,531419,33182,6244.037109375
1995,77,0,0,2,790047,29836,3776.484130859375
1995,77,1,0,1,444552.71875,28982.693359375,6519.517578125
1995,77,1,0,2,698900.5,27469.73828125,3930.421875
1995,77,3,0,1,86866.25,4199.306640625,4834.22119140625
1995,77,3,0,2,91146.4375,2366.26171875,2596.10986328125
1995,78,0,0,1,493851,32934,6668.81298828125
1995,78,0,0,2,756878,31207,4123.12158203125
1995,78,1,0,1,437554.5,28861.474609375,6596.0869140625
1995,78,1,0,2,680097.8125,28799.34765625,4234.5888671875
1995,78,3,0,1,56296.5,4072.525146484375,7234.064453125
1995,78,3,0,2,76780.2109375,2407.65185546875,3135.771240234375
1995,79,0,0,1,453142,32569,7187.37158203125
1995,79,0,0,2,721981,32933,4561.4775390625
1995,79,1,0,1,358849.875,28685.955078125,7993.859375
1995,79,1,0,2,658842.125,30344.697265625,4605.76171875
1995,79,3,0,1,94292.1328125,3883.045166015625,4118.10107421875
1995,79,3,0,2,63138.86328125,2588.302001953125,4099.3798828125
1995,80,0,0,1,416746,33249,7978.24072265625
1995,80,0,0,2,690097,34517,5001.7607421875
1995,80,1,0,1,363530.03125,29222.578125,8038.5595703125
1995,80,1,0,2,634956.3125,31841.32421875,5014.7265625
1995,80,3,0,1,53215.98828125,4026.421875,7566.1884765625
1995,80,3,0,2,55140.7265625,2675.67626953125,4852.4501953125
1995,81,0,0,1,359710,32249,8965.27734375
1995,81,0,0,2,624278,35719,5721.6494140625
1995,81,1,0,1,315654.40625,28385.404296875,8992.5576171875
1995,81,1,0,2,560330.9375,32869.4453125,5866.0771484375
1995,81,3,0,1,44055.58984375,3863.59619140625,8769.8203125
1995,81,3,0,2,63947.10546875,2849.555419921875,4456.11328125
1995,82,0,0,1,323592,31559,9752.712890625
1995,82,0,0,2,585458,36879,6299.1708984375
1995,82,1,0,1,279632.625,27603.923828125,9871.49609375
1995,82,1,0,2,549410.5625,33709.66015625,6135.6044921875
1995,82,3,0,1,43959.37890625,3955.076904296875,8997.1171875
1995,82,3,0,2,36047.4609375,3169.341064453125,8792.1337890625
1995,83,0,0,1,275248,29795,10824.783203125
1995,83,0,0,2,524407,36794,7016.30615234375
1995,83,1,0,1,255609.34375,25967.029296875,10158.873046875
1995,83,1,0,2,485399.65625,33496.37890625,6900.783203125
1995,83,3,0,1,19638.646484375,3827.97119140625,19492.03125
1995,83,3,0,2,39007.31640625,3297.62255859375,8453.8564453125
1995,84,0,0,1,235316,28184,11977.0859375
1995,84,0,0,2,479760,37716,7861.4306640625
1995,84,1,0,1,214547.8125,24557.40625,11446.123046875
1995,84,1,0,2,440705.71875,34224.3984375,7765.81689453125
1995,84,3,0,1,20768.1953125,3626.59326171875,17462.24609375
1995,84,3,0,2,39054.27734375,3491.6025390625,8940.384765625
1996,25,0,0,1,2059697,2917,141.6227722167969
1996,25,0,0,2,2024495,1086,53.64300537109375
1996,25,1,0,1,1566048.875,2682.3740234375,171.2829132080078
1996,25,1,0,2,1438652.625,944.5415649414063,65.65459442138672
1996,25,3,0,1,493648.09375,234.6258850097656,47.52897644042969
1996,25,3,0,2,585842.375,141.4584655761719,24.14616394042969
1996,26,0,0,1,2018218,2877,142.5514984130859
1996,26,0,0,2,1995190,1074,53.82946014404297
1996,26,1,0,1,1518922,2629.152099609375,173.0932922363281
1996,26,1,0,2,1411973.375,913.8324584960938,64.72023010253906
1996,26,3,0,1,499296.09375,247.8478240966797,49.63944625854492
1996,26,3,0,2,583216.6875,160.1675109863281,27.4627799987793
1996,27,0,0,1,1990023,2876,144.5209503173828
1996,27,0,0,2,1961996,1149,58.56280899047852
1996,27,1,0,1,1407953.5,2601.47265625,184.7697906494141
1996,27,1,0,2,1412693,991.7684326171875,70.2041015625
1996,27,3,0,1,582069.375,274.5272827148438,47.16401290893555
1996,27,3,0,2,549302.9375,157.2315826416016,28.62383842468262
1996,28,0,0,1,1910725,2921,152.8739166259766
1996,28,0,0,2,1883844,1240,65.82286071777344
1996,28,1,0,1,1443618.875,2665.330322265625,184.6283874511719
1996,28,1,0,2,1385878.625,1089.1005859375,78.5855712890625
1996,28,3,0,1,467106,255.6697998046875,54.73485565185547
1996,28,3,0,2,497965.28125,150.8994750976563,30.3032112121582
1996,29,0,0,1,2020633,3234,160.0488586425781
1996,29,0,0,2,1999319,1356,67.82309722900391
1996,29,1,0,1,1449998.625,2911.26318359375,200.7769622802734
1996,29,1,0,2,1436828.5,1172.697021484375,81.61705017089844
1996,29,3,0,1,570634.25,322.7368469238281,56.55756759643555
1996,29,3,0,2,562490.375,183.3029327392578,32.58774566650391
1996,30,0,0,1,2101231,3401,161.8574981689453
1996,30,0,0,2,2074022,1422,68.56243896484375
1996,30,1,0,1,1576005.375,3033.95361328125,192.5090942382813
1996,30,1,0,2,1519695.125,1259.765747070313,82.89595031738281
1996,30,3,0,1,525225.4375,367.0462951660156,69.88357543945313
1996,30,3,0,2,554326.8125,162.2342987060547,29.26690483093262
1996,31,0,0,1,2130948,3969,186.255126953125
1996,31,0,0,2,2120233,1641,77.39715576171875
1996,31,1,0,1,1540698.125,3557.205322265625,230.8826904296875
1996,31,1,0,2,1552676.25,1461.344482421875,94.11778259277344
1996,31,3,0,1,590249.875,411.7947082519531,69.76616668701172
1996,31,3,0,2,567556.75,179.6555480957031,31.65419960021973
1996,32,0,0,1,2221287,4398,197.9933319091797
1996,32,0,0,2,2211604,1899,85.86528015136719
1996,32,1,0,1,1605074,3903.769287109375,243.2142944335938
1996,32,1,0,2,1666603.875,1646.239624023438,98.77809906005859
1996,32,3,0,1,616213.125,494.2306823730469,80.20450592041016
1996,32,3,0,2,545000.125,252.7604217529297,46.37804794311523
1996,33,0,0,1,2229191,4550,204.1099243164063
1996,33,0,0,2,2227311,2027,91.00659942626953
1996,33,1,0,1,1671562.875,4055.578369140625,242.6219482421875
1996,33,1,0,2,1638829.125,1780.414306640625,108.6394119262695
1996,33,3,0,1,557628.125,494.4216003417969,88.66511535644531
1996,33,3,0,2,588481.875,246.5857391357422,41.90201187133789
1996,34,0,0,1,2322944,4927,212.1015472412109
1996,34,0,0,2,2306394,2183,94.64991760253906
1996,34,1,0,1,1793529.75,4404.97021484375,245.6034088134766
1996,34,1,0,2,1698387,1907.401733398438,112.3066635131836
1996,34,3,0,1,529414.25,522.0299682617188,98.60519409179688
1996,34,3,0,2,608007.0625,275.5982971191406,45.32814025878906
1996,35,0,0,1,2350124,5168,219.9032897949219
1996,35,0,0,2,2342044,2426,103.5847320556641
1996,35,1,0,1,1754780.5,4584.5517578125,261.2607116699219
1996,35,1,0,2,1731176.5,2148.146728515625,124.0859451293945
1996,35,3,0,1,595343.3125,583.4481811523438,98.00196838378906
1996,35,3,0,2,610867.625,277.8533325195313,45.48503112792969
1996,36,0,0,1,2289216,5560,242.8779144287109
1996,36,0,0,2,2305750,2556,110.8533020019531
1996,36,1,0,1,1689801.125,4911.3701171875,290.6478271484375
1996,36,1,0,2,1707036.375,2224.464111328125,130.3114624023438
1996,36,3,0,1,599414.9375,648.6300659179688,108.2105255126953
1996,36,3,0,2,598713.5625,331.5359497070313,55.37471771240234
1996,37,0,0,1,2246676,5771,256.8683776855469
1996,37,0,0,2,2270445,2705,119.1396408081055
1996,37,1,0,1,1684919.5,5096.7099609375,302.4898071289063
1996,37,1,0,2,1683736.25,2350.065185546875,139.5744323730469
1996,37,3,0,1,561756.375,674.2900390625,120.032470703125
1996,37,3,0,2,586708.6875,354.934814453125,60.49591827392578
1996,38,0,0,1,2186541,5959,272.5309143066406
1996,38,0,0,2,2212510,2988,135.0502319335938
1996,38,1,0,1,1655900.875,5238.95849609375,316.3811645507813
1996,38,1,0,2,1626297,2584.33642578125,158.9092559814453
1996,38,3,0,1,530640.125,720.041259765625,135.6929473876953
1996,38,3,0,2,586212.875,403.66357421875,68.85955810546875
1996,39,0,0,1,2279186,6348,278.5204772949219
1996,39,0,0,2,2303259,3018,131.0317230224609
1996,39,1,0,1,1649688.25,5570.53564453125,337.6720275878906
1996,39,1,0,2,1733372.375,2603.229736328125,150.1829528808594
1996,39,3,0,1,629497.75,777.464111328125,123.5054626464844
1996,39,3,0,2,569886.5,414.7703552246094,72.78121948242188
1996,40,0,0,1,2202168,6666,302.7016906738281
1996,40,0,0,2,2233032,3322,148.7663421630859
1996,40,1,0,1,1643571.875,5766.02880859375,350.8230285644531
1996,40,1,0,2,1658975.75,2849.0146484375,171.7333526611328
1996,40,3,0,1,558596.125,899.9710083007813,161.1130065917969
1996,40,3,0,2,574056.3125,472.9852905273438,82.39353179931641
1996,41,0,0,1,2091028,6987,334.1418762207031
1996,41,0,0,2,2136042,3472,162.5436248779297
1996,41,1,0,1,1532022,6018.92822265625,392.8747863769531
1996,41,1,0,2,1553870.25,2954.591064453125,190.1439971923828
1996,41,3,0,1,559006.0625,968.0717163085938,173.1773223876953
1996,41,3,0,2,582171.9375,517.408935546875,88.87562561035156
1996,42,0,0,1,2048683,6976,340.5114440917969
1996,42,0,0,2,2099161,3595,171.2588958740234
1996,42,1,0,1,1478839.5,5949.40185546875,402.3020629882813
1996,42,1,0,2,1549089.875,3045.612548828125,196.6065826416016
1996,42,3,0,1,569843.5,1026.59814453125,180.1544036865234
1996,42,3,0,2,550071.125,549.3875122070313,99.87572479248047
1996,43,0,0,1,1964223,7293,371.2918395996094
1996,43,0,0,2,2030495,3811,187.6882171630859
1996,43,1,0,1,1409682.25,6208.39990234375,440.4112854003906
1996,43,1,0,2,1461205,3159.80859375,216.2467651367188
1996,43,3,0,1,554540.875,1084.599975585938,195.5852203369141
1996,43,3,0,2,569290,651.1915283203125,114.3866119384766
1996,44,0,0,1,1956910,7576,387.1409606933594
1996,44,0,0,2,2003770,3836,191.4391326904297
1996,44,1,0,1,1421845,6339.93310546875,445.8948059082031
1996,44,1,0,2,1475499.875,3202.713623046875,217.0595703125
1996,44,3,0,1,535065,1236.066772460938,231.012451171875
1996,44,3,0,2,528270.25,633.2863159179688,119.8792343139648
1996,45,0,0,1,1888383,7965,421.7894287109375
1996,45,0,0,2,1939779,4220,217.5505523681641
1996,45,1,0,1,1220643.875,6740.98486328125,552.248291015625
1996,45,1,0,2,1415654.25,3483.226806640625,246.0506744384766
1996,45,3,0,1,667739.125,1224.01513671875,183.3073883056641
1996,45,3,0,2,524124.8125,736.773193359375,140.5720825195313
1996,46,0,0,1,1808252,8057,445.5684204101563
1996,46,0,0,2,1871331,4359,232.9358062744141
1996,46,1,0,1,1211231.375,6775.3798828125,559.3795166015625
1996,46,1,0,2,1369358,3615.07568359375,263.9978637695313
1996,46,3,0,1,597020.625,1281.619995117188,214.6692962646484
1996,46,3,0,2,501973.03125,743.9242553710938,148.2000427246094
1996,47,0,0,1,1779078,8572,481.8226013183594
1996,47,0,0,2,1850228,4693,253.6444091796875
1996,47,1,0,1,1202590.125,7066.10791015625,587.5740966796875
1996,47,1,0,2,1330003.5,3860.283203125,290.24609375
1996,47,3,0,1,576487.75,1505.891845703125,261.2183532714844
1996,47,3,0,2,520224.53125,832.7166748046875,160.0687103271484
1996,48,0,0,1,1727457,8895,514.9187622070313
1996,48,0,0,2,1796928,5132,285.5985412597656
1996,48,1,0,1,1133421.25,7297.13525390625,643.81494140625
1996,48,1,0,2,1406910.125,4287.06396484375,304.71484375
1996,48,3,0,1,594035.8125,1597.864624023438,268.9845581054688
1996,48,3,0,2,390017.90625,844.935791015625,216.6402587890625
1996,49,0,0,1,1942300,9567,492.5603637695313
1996,49,0,0,2,2006790,5572,277.6573486328125
1996,49,1,0,1,1256364.375,7761.7392578125,617.7936401367188
1996,49,1,0,2,1504826.75,4629.029296875,307.6121215820313
1996,49,3,0,1,685935.5625,1805.260864257813,263.1822814941406
1996,49,3,0,2,501963.40625,942.9707641601563,187.8564758300781
1996,50,0,0,1,1415415,8273,584.4928588867188
1996,50,0,0,2,1476008,4933,334.2122802734375
1996,50,1,0,1,961557.25,6828.7021484375,710.171142578125
1996,50,1,0,2,1114179.25,4168.3740234375,374.12060546875
1996,50,3,0,1,453857.875,1444.297729492188,318.2268676757813
1996,50,3,0,2,361828.78125,764.6260375976563,211.3226165771484
1996,51,0,0,1,1386071,8830,637.052490234375
1996,51,0,0,2,1453509,5299,364.5660400390625
1996,51,1,0,1,974825.625,7288.78369140625,747.7012939453125
1996,51,1,0,2,1108490.125,4528.515625,408.5300903320313
1996,51,3,0,1,411245.3125,1541.216186523438,374.7680969238281
1996,51,3,0,2,345018.84375,770.4842529296875,223.3165740966797
1996,52,0,0,1,1385552,9551,689.328125
1996,52,0,0,2,1455642,5995,411.8457641601563
1996,52,1,0,1,948448.0625,7899.31494140625,832.867431640625
1996,52,1,0,2,1144077.75,5163.61669921875,451.3344116210938
1996,52,3,0,1,437104.03125,1651.68505859375,377.8700256347656
1996,52,3,0,2,311564.34375,831.3831176757813,266.841552734375
1996,53,0,0,1,1447373,10558,729.4595336914063
1996,53,0,0,2,1524250,6679,438.1827087402344
1996,53,1,0,1,1045008.0625,8780.779296875,840.2594604492188
1996,53,1,0,2,1212668.75,5750.93359375,474.23779296875
1996,53,3,0,1,402364.90625,1777.220825195313,441.6937866210938
1996,53,3,0,2,311581.25,928.0665283203125,297.8569946289063
1996,54,0,0,1,1285559,10603,824.7774047851563
1996,54,0,0,2,1360060,6576,483.5080871582031
1996,54,1,0,1,960265.5,8924.580078125,929.38671875
1996,54,1,0,2,1113737.125,5698.541015625,511.659423828125
1996,54,3,0,1,325293.5,1678.420043945313,515.970947265625
1996,54,3,0,2,246322.9375,877.4589233398438,356.2229919433594
1996,55,0,0,1,1197374,10574,883.0991821289063
1996,55,0,0,2,1273563,6676,524.1986694335938
1996,55,1,0,1,873928.6875,9012.2841796875,1031.237915039063
1996,55,1,0,2,1052611.25,5854.6591796875,556.203369140625
1996,55,3,0,1,323445.28125,1561.715454101563,482.8376159667969
1996,55,3,0,2,220951.6875,821.3410034179688,371.7287902832031
1996,56,0,0,1,1131547,11092,980.2509155273438
1996,56,0,0,2,1212477,7065,582.6914672851563
1996,56,1,0,1,841959.6875,9497.03515625,1127.967895507813
1996,56,1,0,2,992823.3125,6235.568359375,628.0642700195313
1996,56,3,0,1,289587.34375,1594.964721679688,550.7715454101563
1996,56,3,0,2,219653.71875,829.431640625,377.6087341308594
1996,57,0,0,1,1112065,11668,1049.21923828125
1996,57,0,0,2,1200402,7567,630.3721313476563
1996,57,1,0,1,837285.5625,9948.306640625,1188.161743164063
1996,57,1,0,2,997250.5,6698.583984375,671.7052612304688
1996,57,3,0,1,274779.40625,1719.69287109375,625.8449096679688
1996,57,3,0,2,203151.515625,868.415771484375,427.4719543457031
1996,58,0,0,1,1061706,12568,1183.755249023438
1996,58,0,0,2,1150252,8043,699.2380981445313
1996,58,1,0,1,825254.875,10769.8935546875,1305.038452148438
1996,58,1,0,2,976183.375,7096.89404296875,727.0042114257813
1996,58,3,0,1,236451.15625,1798.10595703125,760.45556640625
1996,58,3,0,2,174068.578125,946.1061401367188,543.5249633789063
1996,59,0,0,1,1024717,13072,1275.669311523438
1996,59,0,0,2,1116597,8401,752.3753051757813
1996,59,1,0,1,767015.375,11209.03125,1461.3828125
1996,59,1,0,2,946057.8125,7539.38720703125,796.9266967773438
1996,59,3,0,1,257701.671875,1862.968994140625,722.9169311523438
1996,59,3,0,2,170539.234375,861.613037109375,505.2286376953125
1996,60,0,0,1,1012772,14141,1396.266845703125
1996,60,0,0,2,1116274,9402,842.2662963867188
1996,60,1,0,1,756700.875,12059.3466796875,1593.674194335938
1996,60,1,0,2,967749.375,8421.2431640625,870.1884155273438
1996,60,3,0,1,256071.078125,2081.653076171875,812.9200439453125
1996,60,3,0,2,148524.546875,980.7567749023438,660.3331298828125
1996,61,0,0,1,990146,15354,1550.680419921875
1996,61,0,0,2,1089768,10170,933.2261352539063
1996,61,1,0,1,749031.625,13044.654296875,1741.535888671875
1996,61,1,0,2,942836.75,9233.826171875,979.3663940429688
1996,61,3,0,1,241114.40625,2309.345947265625,957.7801513671875
1996,61,3,0,2,146931.25,936.1737060546875,637.15087890625
1996,62,0,0,1,924527,16482,1782.749389648438
1996,62,0,0,2,1026417,10824,1054.542114257813
1996,62,1,0,1,691496.3125,14029.8564453125,2028.912719726563
1996,62,1,0,2,882892.3125,9847.6142578125,1115.381103515625
1996,62,3,0,1,233030.765625,2452.14306640625,1052.282958984375
1996,62,3,0,2,143524.71875,976.3860473632813,680.2911987304688
1996,63,0,0,1,924085,17441,1887.380493164063
1996,63,0,0,2,1037377,11672,1125.145385742188
1996,63,1,0,1,680492,14777.634765625,2171.6103515625
1996,63,1,0,2,874004.1875,10603.119140625,1213.165771484375
1996,63,3,0,1,243593.015625,2663.36572265625,1093.367065429688
1996,63,3,0,2,163372.78125,1068.880615234375,654.2586669921875
1996,64,0,0,1,925780,18778,2028.343627929688
1996,64,0,0,2,1062140,12735,1198.994506835938
1996,64,1,0,1,683415.1875,15905.1767578125,2327.30810546875
1996,64,1,0,2,890815.3125,11491.193359375,1289.963623046875
1996,64,3,0,1,242364.828125,2872.823486328125,1185.330200195313
1996,64,3,0,2,171324.609375,1243.807006835938,725.994384765625
1996,65,0,0,1,947759,20201,2131.448974609375
1996,65,0,0,2,1098880,14068,1280.212524414063
1996,65,1,0,1,707090.25,17112.267578125,2420.0966796875
1996,65,1,0,2,969796,12778.580078125,1317.656494140625
1996,65,3,0,1,240668.71875,3088.733154296875,1283.396240234375
1996,65,3,0,2,129083.96875,1289.419799804688,998.9000244140625
1996,66,0,0,1,938837,21759,2317.65478515625
1996,66,0,0,2,1090451,15231,1396.761474609375
1996,66,1,0,1,782020.25,18611.65234375,2379.945068359375
1996,66,1,0,2,964207.6875,13848.154296875,1436.221069335938
1996,66,3,0,1,156816.78125,3147.34716796875,2007.02197265625
1996,66,3,0,2,126243.40625,1382.84619140625,1095.380981445313
1996,67,0,0,1,918921,23058,2509.247314453125
1996,67,0,0,2,1088462,16629,1527.751953125
1996,67,1,0,1,723074.75,19799.923828125,2738.295654296875
1996,67,1,0,2,962867.125,15202.7177734375,1578.90087890625
1996,67,3,0,1,195846.265625,3258.07568359375,1663.58837890625
1996,67,3,0,2,125594.9375,1426.281860351563,1135.620483398438
1996,68,0,0,1,896135,25091,2799.912841796875
1996,68,0,0,2,1076669,18009,1672.658935546875
1996,68,1,0,1,713811.625,21488.2578125,3010.354248046875
1996,68,1,0,2,963499.0625,16429.6484375,1705.206420898438
1996,68,3,0,1,182323.40625,3602.7421875,1976.017333984375
1996,68,3,0,2,113169.9765625,1579.35205078125,1395.557495117188
1996,69,0,0,1,851080,26551,3119.68310546875
1996,69,0,0,2,1056893,19448,1840.110595703125
1996,69,1,0,1,686411.8125,22711.1484375,3308.6767578125
1996,69,1,0,2,953314.6875,17738.09375,1860.675537109375
1996,69,3,0,1,164668.1875,3839.852294921875,2331.87255859375
1996,69,3,0,2,103578.3046875,1709.906982421875,1650.835083007813
1996,70,0,0,1,818325,28017,3423.700927734375
1996,70,0,0,2,1044923,20965,2006.367919921875
1996,70,1,0,1,653499.5,23810.591796875,3643.5517578125
1996,70,1,0,2,932755.25,19234.384765625,2062.104248046875
1996,70,3,0,1,164825.515625,4206.4091796875,2552.03759765625
1996,70,3,0,2,112167.7734375,1730.6142578125,1542.880126953125
1996,71,0,0,1,798875,29578,3702.45654296875
1996,71,0,0,2,1022453,22963,2245.873291015625
1996,71,1,0,1,621523,25248.83984375,4062.414306640625
1996,71,1,0,2,919803.1875,21141.02734375,2298.429443359375
1996,71,3,0,1,177351.96875,4329.16064453125,2440.99951171875
1996,71,3,0,2,102649.796875,1821.97216796875,1774.939819335938
1996,72,0,0,1,770097,30549,3966.90283203125
1996,72,0,0,2,998795,24253,2428.22607421875
1996,72,1,0,1,610473.1875,26168.720703125,4286.62890625
1996,72,1,0,2,942392.125,22384.43359375,2375.278076171875
1996,72,3,0,1,159623.84375,4380.2802734375,2744.12646484375
1996,72,3,0,2,56402.98046875,1868.56591796875,3312.885009765625
1996,73,0,0,1,733396,31245,4260.31787109375
1996,73,0,0,2,968512,25679,2651.386962890625
1996,73,1,0,1,574045.4375,26851.017578125,4677.50732421875
1996,73,1,0,2,884332.5,23677.580078125,2677.4521484375
1996,73,3,0,1,159350.484375,4393.98291015625,2757.43310546875
1996,73,3,0,2,84179.4921875,2001.419067382813,2377.561279296875
1996,74,0,0,1,724870,33124,4569.64697265625
1996,74,0,0,2,980155,27476,2803.22998046875
1996,74,1,0,1,577704.8125,28496.455078125,4932.70166015625
1996,74,1,0,2,894330.3125,25307.58984375,2829.781005859375
1996,74,3,0,1,147165.25,4627.544921875,3144.454833984375
1996,74,3,0,2,85824.71875,2168.409423828125,2526.555908203125
1996,75,0,0,1,687154,33772,4914.76416015625
1996,75,0,0,2,944436,28754,3044.568359375
1996,75,1,0,1,561494.0625,29086.37890625,5180.17578125
1996,75,1,0,2,843862.5,26438.677734375,3133.05517578125
1996,75,3,0,1,125659.8984375,4685.62109375,3728.811767578125
1996,75,3,0,2,100573.5546875,2315.32275390625,2302.118896484375
1996,76,0,0,1,605557,34255,5656.775390625
1996,76,0,0,2,859631,30254,3519.4169921875
1996,76,1,0,1,519475.9375,29780.599609375,5732.81591796875
1996,76,1,0,2,749839.25,27828.583984375,3711.273193359375
1996,76,3,0,1,86081.109375,4474.40087890625,5197.8896484375
1996,76,3,0,2,109791.7421875,2425.4169921875,2209.10693359375
1996,77,0,0,1,550576,32615,5923.79638671875
1996,77,0,0,2,807026,29998,3717.1044921875
1996,77,1,0,1,470125.15625,28334.30859375,6026.97119140625
1996,77,1,0,2,751976.25,27579.765625,3667.637939453125
1996,77,3,0,1,80450.796875,4280.69140625,5320.88134765625
1996,77,3,0,2,55049.82421875,2418.2353515625,4392.81201171875
1996,78,0,0,1,499833,33732,6748.65380859375
1996,78,0,0,2,766579,31741,4140.60400390625
1996,78,1,0,1,426340.375,29417.54296875,6900.01318359375
1996,78,1,0,2,696868.5,29208.03515625,4191.32666015625
1996,78,3,0,1,73492.625,4314.45654296875,5870.59814453125
1996,78,3,0,2,69710.5625,2532.964111328125,3633.544189453125
1996,79,0,0,1,458603,33003,7196.42041015625
1996,79,0,0,2,724293,33099,4569.83544921875
1996,79,1,0,1,389643.84375,28795.013671875,7390.08544921875
1996,79,1,0,2,634598.25,30470.1953125,4801.49365234375
1996,79,3,0,1,68959.1484375,4207.98681640625,6102.14453125
1996,79,3,0,2,89694.734375,2628.805419921875,2930.8359375
1996,80,0,0,1,424191,32917,7759.94775390625
1996,80,0,0,2,692331,34322,4957.455078125
1996,80,1,0,1,366447.5,28752.92578125,7846.39697265625
1996,80,1,0,2,620242.1875,31627.080078125,5099.14990234375
1996,80,3,0,1,57743.48046875,4164.0732421875,7211.33056640625
1996,80,3,0,2,72088.75,2694.920654296875,3738.33740234375
1996,81,0,0,1,374123,32863,8784.009765625
1996,81,0,0,2,638640,35967,5631.8115234375
1996,81,1,0,1,315851.21875,28667.583984375,9076.2939453125
1996,81,1,0,2,593354.0625,33022.62890625,5565.4169921875
1996,81,3,0,1,58271.8046875,4195.41650390625,7199.73681640625
1996,81,3,0,2,45285.9609375,2944.369873046875,6501.7275390625
1996,82,0,0,1,332639,31969,9610.71875
1996,82,0,0,2,590287,37197,6301.5107421875
1996,82,1,0,1,276688.78125,27991.240234375,10116.5068359375
1996,82,1,0,2,529062.9375,34115.5390625,6448.294921875
1996,82,3,0,1,55950.2109375,3977.76025390625,7109.46435546875
1996,82,3,0,2,61224.0859375,3081.46044921875,5033.08544921875
1996,83,0,0,1,287900,30914,10737.755859375
1996,83,0,0,2,548607,38329,6986.6044921875
1996,83,1,0,1,235041.859375,27021.09375,11496.2900390625
1996,83,1,0,2,485592.625,35014.25,7210.6220703125
1996,83,3,0,1,52858.12890625,3892.906494140625,7364.82080078125
1996,83,3,0,2,63014.36328125,3314.7490234375,5260.30712890625
1996,84,0,0,1,245588,29219,11897.568359375
1996,84,0,0,2,485675,38370,7900.3447265625
1996,84,1,0,1,212043.875,25379.654296875,11969.0576171875
1996,84,1,0,2,453509,34917.81640625,7699.47607421875
1996,84,3,0,1,33544.1328125,3839.345458984375,11445.654296875
1996,84,3,0,2,32166.04296875,3452.182861328125,10732.3828125
1997,25,0,0,1,1950533,2696,138.2186279296875
1997,25,0,0,2,1905698,952,49.95544815063477
1997,25,1,0,1,1512605.75,2445.159423828125,161.6521301269531
1997,25,1,0,2,1374876.125,822.1818237304688,59.80043029785156
1997,25,3,0,1,437927.28125,250.8405609130859,57.27904510498047
1997,25,3,0,2,530821.875,129.8181762695313,24.4560718536377
1997,26,0,0,1,2040088,2792,136.8568420410156
1997,26,0,0,2,2023153,1054,52.09690093994141
1997,26,1,0,1,1554583.5,2547.334716796875,163.859619140625
1997,26,1,0,2,1446986.125,906.6550903320313,62.65817260742188
1997,26,3,0,1,485504.34375,244.6653747558594,50.39406585693359
1997,26,3,0,2,576166.6875,147.3448944091797,25.57331085205078
1997,27,0,0,1,2067597,2827,136.7287750244141
1997,27,0,0,2,2043166,1180,57.75350570678711
1997,27,1,0,1,1496464.25,2570,171.7381439208984
1997,27,1,0,2,1347560,1027.741943359375,76.26687622070313
1997,27,3,0,1,571132.8125,257,44.998291015625
1997,27,3,0,2,695606,152.2580718994141,21.8885498046875
1997,28,0,0,1,1968650,2682,136.2354888916016
1997,28,0,0,2,1939715,1144,58.97773742675781
1997,28,1,0,1,1415001.25,2425.18994140625,171.391357421875
1997,28,1,0,2,1431975.125,985.9829711914063,68.85475921630859
1997,28,3,0,1,553648.6875,256.8100891113281,46.38502502441406
1997,28,3,0,2,507739.84375,158.0170288085938,31.12165260314941
1997,29,0,0,1,1993120,2762,138.5767059326172
1997,29,0,0,2,1967320,1183,60.13256454467773
1997,29,1,0,1,1402204.25,2490.98291015625,177.6476440429688
1997,29,1,0,2,1373489.875,1036.204345703125,75.44317626953125
1997,29,3,0,1,590915.6875,271.0172119140625,45.86393737792969
1997,29,3,0,2,593830.125,146.7956237792969,24.72013664245605
1997,30,0,0,1,2071571,3038,146.6519927978516
1997,30,0,0,2,2040684,1313,64.34117126464844
1997,30,1,0,1,1576212.625,2739.430419921875,173.7982788085938
1997,30,1,0,2,1519805.875,1119.562133789063,73.66481018066406
1997,30,3,0,1,495358.25,298.569580078125,60.27346420288086
1997,30,3,0,2,520878.1875,193.4378662109375,37.13687133789063
1997,31,0,0,1,2031730,3184,156.7137298583984
1997,31,0,0,2,2020597,1494,73.93854522705078
1997,31,1,0,1,1459187.75,2888.466064453125,197.9502716064453
1997,31,1,0,2,1465043.75,1301.681396484375,88.84931945800781
1997,31,3,0,1,572542.125,295.5338745117188,51.61783981323242
1997,31,3,0,2,555553.25,192.3185424804688,34.61748123168945
1997,32,0,0,1,2160420,3558,164.6902008056641
1997,32,0,0,2,2151754,1650,76.68162536621094
1997,32,1,0,1,1592043.5,3217.70703125,202.1117553710938
1997,32,1,0,2,1543075.75,1419.742065429688,92.00728607177734
1997,32,3,0,1,568376.5,340.29296875,59.87104797363281
1997,32,3,0,2,608678,230.2579345703125,37.82918548583984
1997,33,0,0,1,2205931,3882,175.9801177978516
1997,33,0,0,2,2203381,1855,84.18879699707031
1997,33,1,0,1,1619428.5,3488.612548828125,215.4224548339844
1997,33,1,0,2,1605920.5,1617.489624023438,100.7204055786133
1997,33,3,0,1,586502.4375,393.3875427246094,67.07347106933594
1997,33,3,0,2,597460.375,237.5103759765625,39.75332641601563
1997,34,0,0,1,2286540,4286,187.4447784423828
1997,34,0,0,2,2273315,2006,88.24118041992188
1997,34,1,0,1,1704807.5,3859.994873046875,226.4182281494141
1997,34,1,0,2,1704765.375,1773.045166015625,104.0052337646484
1997,34,3,0,1,581732.4375,426.0050354003906,73.23040771484375
1997,34,3,0,2,568549.75,232.954833984375,40.97351837158203
1997,35,0,0,1,2361254,4612,195.3199462890625
1997,35,0,0,2,2344921,2225,94.88592529296875
1997,35,1,0,1,1788353.125,4140.08447265625,231.5026245117188
1997,35,1,0,2,1746274.875,1891.839233398438,108.3357086181641
1997,35,3,0,1,572900.8125,471.91552734375,82.37299346923828
1997,35,3,0,2,598646.0625,333.1607971191406,55.65238189697266
1997,36,0,0,1,2284228,4698,205.6712341308594
1997,36,0,0,2,2306426,2455,106.4417419433594
1997,36,1,0,1,1698732.875,4198.76318359375,247.1703033447266
1997,36,1,0,2,1786683.5,2122.19189453125,118.7782745361328
1997,36,3,0,1,585495.0625,499.2366333007813,85.26743316650391
1997,36,3,0,2,519742.5,332.80810546875,64.03326416015625
1997,37,0,0,1,2290298,5011,218.7924957275391
1997,37,0,0,2,2306768,2641,114.4891891479492
1997,37,1,0,1,1691530.375,4466.18408203125,264.0321655273438
1997,37,1,0,2,1697990.75,2288.651123046875,134.7858428955078
1997,37,3,0,1,598767.4375,544.8157348632813,90.98954010009766
1997,37,3,0,2,608777,352.3488464355469,57.87814712524414
1997,38,0,0,1,2198272,5254,239.0059051513672
1997,38,0,0,2,2225515,2746,123.3871688842773
1997,38,1,0,1,1646065.125,4677.97998046875,284.1916809082031
1997,38,1,0,2,1719726.375,2377.620849609375,138.2557678222656
1997,38,3,0,1,552206.875,576.0199584960938,104.3123474121094
1997,38,3,0,2,505788.65625,368.3791198730469,72.83261871337891
1997,39,0,0,1,2279573,5503,241.4048614501953
1997,39,0,0,2,2306366,3027,131.2454376220703
1997,39,1,0,1,1700135.625,4885.7080078125,287.3716735839844
1997,39,1,0,2,1710793.125,2601.96875,152.0913696289063
1997,39,3,0,1,579437.1875,617.2921142578125,106.5330505371094
1997,39,3,0,2,595572.9375,425.0313720703125,71.36512756347656
1997,40,0,0,1,2303353,6141,266.611328125
1997,40,0,0,2,2321901,3341,143.8907165527344
1997,40,1,0,1,1690167.625,5449.27294921875,322.4102172851563
1997,40,1,0,2,1733000.5,2825.25341796875,163.0266876220703
1997,40,3,0,1,613185.375,691.7271728515625,112.8088150024414
1997,40,3,0,2,588900.625,515.74658203125,87.57786560058594
1997,41,0,0,1,2108956,6372,302.1400146484375
1997,41,0,0,2,2159589,3451,159.7989196777344
1997,41,1,0,1,1601396.875,5608.6357421875,350.2339782714844
1997,41,1,0,2,1618246.875,2939.700439453125,181.6595764160156
1997,41,3,0,1,507559.25,763.3640747070313,150.3990020751953
1997,41,3,0,2,541342.0625,511.2994689941406,94.45034790039063
1997,42,0,0,1,2116045,6539,309.0198974609375
1997,42,0,0,2,2157427,3529,163.5744781494141
1997,42,1,0,1,1548427.125,5708.59912109375,368.6708374023438
1997,42,1,0,2,1591831.25,2977.458984375,187.046142578125
1997,42,3,0,1,567617.75,830.40087890625,146.2957916259766
1997,42,3,0,2,565595.75,551.5408935546875,97.51503753662109
1997,43,0,0,1,2027304,6916,341.1427307128906
1997,43,0,0,2,2092826,3893,186.0164184570313
1997,43,1,0,1,1424184,6015.853515625,422.4070434570313
1997,43,1,0,2,1527684.875,3295.65576171875,215.7287750244141
1997,43,3,0,1,603119.9375,900.1466674804688,149.2483673095703
1997,43,3,0,2,565141.0625,597.3443603515625,105.6982727050781
1997,44,0,0,1,1992854,7095,356.0220642089844
1997,44,0,0,2,2044539,3959,193.6377868652344
1997,44,1,0,1,1432197.875,6079.71484375,424.50244140625
1997,44,1,0,2,1532504.625,3305.87939453125,215.7174224853516
1997,44,3,0,1,560656.0625,1015.285095214844,181.0887603759766
1997,44,3,0,2,512034.34375,653.1207275390625,127.554084777832
1997,45,0,0,1,1981058,7634,385.3496398925781
1997,45,0,0,2,2029880,4059,199.9625549316406
1997,45,1,0,1,1359710.875,6457.939453125,474.949462890625
1997,45,1,0,2,1486881.875,3319.52783203125,223.2543029785156
1997,45,3,0,1,621347.25,1176.060424804688,189.27587890625
1997,45,3,0,2,542998.0625,739.4720458984375,136.1831817626953
1997,46,0,0,1,1826699,7752,424.3720397949219
1997,46,0,0,2,1894523,4375,230.9288482666016
1997,46,1,0,1,1241519.25,6471.87353515625,521.28662109375
1997,46,1,0,2,1373826.25,3632.30029296875,264.3929748535156
1997,46,3,0,1,585179.625,1280.126708984375,218.7579040527344
1997,46,3,0,2,520696.625,742.6998291015625,142.6358032226563
1997,47,0,0,1,1825774,8122,444.8524169921875
1997,47,0,0,2,1892194,4591,242.6284027099609
1997,47,1,0,1,1237198.875,6778.5361328125,547.893798828125
1997,47,1,0,2,1399733.75,3775.252685546875,269.7121887207031
1997,47,3,0,1,588575.25,1343.464111328125,228.2569885253906
1997,47,3,0,2,492460.03125,815.747314453125,165.6474151611328
1997,48,0,0,1,1741101,8665,497.673583984375
1997,48,0,0,2,1813006,4990,275.2335205078125
1997,48,1,0,1,1171374.625,7142.4169921875,609.74658203125
1997,48,1,0,2,1328101.125,4107.76611328125,309.2961730957031
1997,48,3,0,1,569726.3125,1522.5830078125,267.2481384277344
1997,48,3,0,2,484904.8125,882.2337036132813,181.9395599365234
1997,49,0,0,1,1806011,9274,513.5073852539063
1997,49,0,0,2,1876394,5628,299.93701171875
1997,49,1,0,1,1173371.5,7566.74853515625,644.8723754882813
1997,49,1,0,2,1433972.125,4676.28564453125,326.1071472167969
1997,49,3,0,1,632639.5625,1707.251708984375,269.8616638183594
1997,49,3,0,2,442421.9375,951.7144775390625,215.1146697998047
1997,50,0,0,1,1960601,9891,504.4881591796875
1997,50,0,0,2,2023850,6088,300.8128051757813
1997,50,1,0,1,1311314.875,8139.6279296875,620.7225952148438
1997,50,1,0,2,1511487.25,5138.0302734375,339.9320983886719
1997,50,3,0,1,649286.1875,1751.372192382813,269.7380981445313
1997,50,3,0,2,512362.8125,949.9695434570313,185.4095458984375
1997,51,0,0,1,1359756,8684,638.6439819335938
1997,51,0,0,2,1427392,5305,371.6568298339844
1997,51,1,0,1,931828.6875,7129.34228515625,765.0914916992188
1997,51,1,0,2,1103881,4498.1396484375,407.4841003417969
1997,51,3,0,1,427927.28125,1554.657958984375,363.299560546875
1997,51,3,0,2,323511,806.8605346679688,249.4074554443359
1997,52,0,0,1,1394550,9233,662.077392578125
1997,52,0,0,2,1462229,5821,398.0908508300781
1997,52,1,0,1,992622.0625,7664.20703125,772.1173095703125
1997,52,1,0,2,1103023.625,4925.7109375,446.5644226074219
1997,52,3,0,1,401927.9375,1568.79296875,390.3169860839844
1997,52,3,0,2,359205.28125,895.2892456054688,249.2416687011719
1997,53,0,0,1,1376963,10071,731.3922119140625
1997,53,0,0,2,1454365,6408,440.6046752929688
1997,53,1,0,1,917836.5625,8364.3828125,911.3150634765625
1997,53,1,0,2,1153910.625,5504.1279296875,476.9977722167969
1997,53,3,0,1,459126.34375,1706.617065429688,371.7096862792969
1997,53,3,0,2,300454.53125,903.8720703125,300.8348999023438
1997,54,0,0,1,1477300,11261,762.2689819335938
1997,54,0,0,2,1553862,7030,452.421142578125
1997,54,1,0,1,1036473.8125,9419.32421875,908.7855224609375
1997,54,1,0,2,1205507.125,6043.0693359375,501.28857421875
1997,54,3,0,1,440826.1875,1841.67578125,417.7782287597656
1997,54,3,0,2,348355.0625,986.9307250976563,283.3117065429688
1997,55,0,0,1,1266763,10862,857.4611206054688
1997,55,0,0,2,1344369,7063,525.3765869140625
1997,55,1,0,1,927002.625,9188.5732421875,991.2133178710938
1997,55,1,0,2,1083774.125,6112.66650390625,564.0166625976563
1997,55,3,0,1,339760.375,1673.426513671875,492.5314025878906
1997,55,3,0,2,260595,950.3336181640625,364.6783752441406
1997,56,0,0,1,1178540,11260,955.41943359375
1997,56,0,0,2,1261273,7265,576.00537109375
1997,56,1,0,1,881215.4375,9568.48046875,1085.82763671875
1997,56,1,0,2,995702.8125,6355.521484375,638.2950439453125
1997,56,3,0,1,297324.53125,1691.519775390625,568.9136352539063
1997,56,3,0,2,265570.1875,909.4783935546875,342.4625244140625
1997,57,0,0,1,1126874,11682,1036.673095703125
1997,57,0,0,2,1214743,7737,636.9248657226563
1997,57,1,0,1,803779.375,9890.556640625,1230.50634765625
1997,57,1,0,2,989220.625,6814.64453125,688.8902587890625
1997,57,3,0,1,323094.59375,1791.443481445313,554.464111328125
1997,57,3,0,2,225522.390625,922.355712890625,408.986328125
1997,58,0,0,1,1085662,12325,1135.252075195313
1997,58,0,0,2,1174570,8242,701.70361328125
1997,58,1,0,1,818462.8125,10523.6962890625,1285.787963867188
1997,58,1,0,2,959589.9375,7246.453125,755.1614379882813
1997,58,3,0,1,267199.1875,1801.303955078125,674.1427612304688
1997,58,3,0,2,214980.140625,995.5468139648438,463.0877990722656
1997,59,0,0,1,1078763,13055,1210.182373046875
1997,59,0,0,2,1173530,8639,736.155029296875
1997,59,1,0,1,816302,11217.541015625,1374.190063476563
1997,59,1,0,2,1005448.5625,7684.74853515625,764.3104858398438
1997,59,3,0,1,262460.96875,1837.459106445313,700.0885009765625
1997,59,3,0,2,168081.4375,954.2516479492188,567.7317504882813
1997,60,0,0,1,1024247,13954,1362.36669921875
1997,60,0,0,2,1124119,8974,798.3140869140625
1997,60,1,0,1,752956.5625,11846.9326171875,1573.388549804688
1997,60,1,0,2,967771.4375,8045.1728515625,831.3092041015625
1997,60,3,0,1,271290.5,2107.067138671875,776.6829833984375
1997,60,3,0,2,156347.515625,928.8272705078125,594.0786743164063
1997,61,0,0,1,977054,14830,1517.828125
1997,61,0,0,2,1075700,9984,928.1398315429688
1997,61,1,0,1,724255.8125,12667.041015625,1748.973388671875
1997,61,1,0,2,923603.9375,8940.8955078125,968.0443115234375
1997,61,3,0,1,252798.15625,2162.958984375,855.6071166992188
1997,61,3,0,2,152096.078125,1043.1044921875,685.8194580078125
1997,62,0,0,1,988963,16170,1635.046020507813
1997,62,0,0,2,1095441,11045,1008.269714355469
1997,62,1,0,1,748736.0625,13780.46875,1840.49755859375
1997,62,1,0,2,941467.6875,9946.984375,1056.540161132813
1997,62,3,0,1,240226.953125,2389.531494140625,994.697509765625
1997,62,3,0,2,153973.390625,1098.015625,713.120361328125
1997,63,0,0,1,921286,16617,1803.674438476563
1997,63,0,0,2,1027289,11608,1129.96435546875
1997,63,1,0,1,725287.25,14057.8466796875,1938.245361328125
1997,63,1,0,2,844762.5,10531.8681640625,1246.725341796875
1997,63,3,0,1,195998.75,2559.153564453125,1305.698974609375
1997,63,3,0,2,182526.484375,1076.13134765625,589.575439453125
1997,64,0,0,1,916388,18121,1977.4375
1997,64,0,0,2,1043737,12560,1203.368286132813
1997,64,1,0,1,698639,15358.4599609375,2198.33984375
1997,64,1,0,2,907288,11343.818359375,1250.299560546875
1997,64,3,0,1,217749.015625,2762.540283203125,1268.680908203125
1997,64,3,0,2,136449,1216.181884765625,891.3087768554688
1997,65,0,0,1,905466,19320,2133.7080078125
1997,65,0,0,2,1048023,13579,1295.677612304688
1997,65,1,0,1,676958.3125,16294.671875,2407.042236328125
1997,65,1,0,2,872214.625,12285.607421875,1408.55322265625
1997,65,3,0,1,228507.6875,3025.32763671875,1323.950073242188
1997,65,3,0,2,175808.421875,1293.392211914063,735.6827392578125
1997,66,0,0,1,925773,21043,2273.01953125
1997,66,0,0,2,1084922,14784,1362.678588867188
1997,66,1,0,1,696232.1875,17808.876953125,2557.893310546875
1997,66,1,0,2,960767.5625,13364.037109375,1390.97509765625
1997,66,3,0,1,229540.8125,3234.123291015625,1408.953491210938
1997,66,3,0,2,124154.34375,1419.962646484375,1143.707641601563
1997,67,0,0,1,932322,23098,2477.47021484375
1997,67,0,0,2,1088487,16300,1497.491455078125
1997,67,1,0,1,748725.25,19751.880859375,2638.06787109375
1997,67,1,0,2,963520.3125,14848.029296875,1541.018798828125
1997,67,3,0,1,183596.6875,3346.119140625,1822.537841796875
1997,67,3,0,2,124966.640625,1451.971069335938,1161.886962890625
1997,68,0,0,1,876178,24331,2776.947265625
1997,68,0,0,2,1044524,17259,1652.33154296875
1997,68,1,0,1,673813.0625,20719.41015625,3074.94921875
1997,68,1,0,2,933760.5625,15740.0185546875,1685.658935546875
1997,68,3,0,1,202364.9375,3611.59033203125,1784.691772460938
1997,68,3,0,2,110763.484375,1518.98193359375,1371.374267578125
1997,69,0,0,1,876035,25998,2967.689697265625
1997,69,0,0,2,1068100,19064,1784.8515625
1997,69,1,0,1,675834.3125,22268.470703125,3294.9599609375
1997,69,1,0,2,936038.375,17402.875,1859.205322265625
1997,69,3,0,1,200200.671875,3729.52880859375,1862.895263671875
1997,69,3,0,2,132061.671875,1661.124633789063,1257.840087890625
1997,70,0,0,1,830314,27833,3352.10546875
1997,70,0,0,2,1052227,20547,1952.715576171875
1997,70,1,0,1,662118.875,23766.384765625,3589.44384765625
1997,70,1,0,2,928462.8125,18709.095703125,2015.061401367188
1997,70,3,0,1,168195.109375,4066.615478515625,2417.79638671875
1997,70,3,0,2,123764.1171875,1837.904907226563,1485.006225585938
1997,71,0,0,1,782981,28528,3643.51123046875
1997,71,0,0,2,998517,22271,2230.40771484375
1997,71,1,0,1,606112.1875,24266.349609375,4003.60693359375
1997,71,1,0,2,879900.25,20393.060546875,2317.656005859375
1997,71,3,0,1,176868.875,4261.64990234375,2409.496826171875
1997,71,3,0,2,118616.7421875,1877.939208984375,1583.199096679688
1997,72,0,0,1,773226,30394,3930.80419921875
1997,72,0,0,2,1002776,24213,2414.59716796875
1997,72,1,0,1,594585.6875,25860.189453125,4349.27880859375
1997,72,1,0,2,915726.5,22304.189453125,2435.682373046875
1997,72,3,0,1,178640.3125,4533.8095703125,2537.954345703125
1997,72,3,0,2,87049.3828125,1908.8095703125,2192.789306640625
1997,73,0,0,1,747715,31310,4187.42431640625
1997,73,0,0,2,980858,25643,2614.34375
1997,73,1,0,1,589462.4375,26675.65234375,4525.42041015625
1997,73,1,0,2,885908.5,23614.0625,2665.519287109375
1997,73,3,0,1,158252.53125,4634.34765625,2928.450927734375
1997,73,3,0,2,94949.4296875,2028.93701171875,2136.860595703125
1997,74,0,0,1,707722,32020,4524.37548828125
1997,74,0,0,2,957708,26739,2791.978271484375
1997,74,1,0,1,550987.375,27399.52734375,4972.8046875
1997,74,1,0,2,878891.75,24670.71875,2807.02587890625
1997,74,3,0,1,156734.640625,4620.4736328125,2947.95947265625
1997,74,3,0,2,78816.28125,2068.281982421875,2624.18115234375
1997,75,0,0,1,695226,34025,4894.091796875
1997,75,0,0,2,956927,28932,3023.42822265625
1997,75,1,0,1,552059.75,29203.990234375,5290.00537109375
1997,75,1,0,2,870737.75,26625.818359375,3057.845947265625
1997,75,3,0,1,143166.265625,4821.01025390625,3367.420654296875
1997,75,3,0,2,86189.234375,2306.181640625,2675.718994140625
1997,76,0,0,1,648004,34489,5322.34375
1997,76,0,0,2,908024,30320,3339.118896484375
1997,76,1,0,1,539061.375,29763.900390625,5521.4306640625
1997,76,1,0,2,835743.3125,27807.400390625,3327.265625
1997,76,3,0,1,108942.6328125,4725.09912109375,4337.23583984375
1997,76,3,0,2,72280.703125,2512.599609375,3476.169189453125
1997,77,0,0,1,569485,34646,6083.7421875
1997,77,0,0,2,825998,31608,3826.6435546875
1997,77,1,0,1,491295.40625,29966.185546875,6099.42333984375
1997,77,1,0,2,709387.9375,29065.5625,4097.2734375
1997,77,3,0,1,78189.5546875,4679.81396484375,5985.21630859375
1997,77,3,0,2,116610.125,2542.436767578125,2180.2880859375
1997,78,0,0,1,516603,32989,6385.75439453125
1997,78,0,0,2,780380,31820,4077.500732421875
1997,78,1,0,1,411670.71875,28582.3125,6943.00341796875
1997,78,1,0,2,703719.0625,29290.9296875,4162.30419921875
1997,78,3,0,1,104932.296875,4406.68798828125,4199.5537109375
1997,78,3,0,2,76661.0234375,2529.0712890625,3299.031494140625
1997,79,0,0,1,464129,33661,7252.509765625
1997,79,0,0,2,734054,33309,4537.67724609375
1997,79,1,0,1,408029.25,29150.37890625,7144.1884765625
1997,79,1,0,2,660766.5,30615.876953125,4633.38818359375
1997,79,3,0,1,56099.79296875,4510.62158203125,8040.353515625
1997,79,3,0,2,73287.4765625,2693.123291015625,3674.73876953125
1997,80,0,0,1,432477,32749,7572.42578125
1997,80,0,0,2,698432,34468,4935.0546875
1997,80,1,0,1,347570.78125,28474.94921875,8192.5615234375
1997,80,1,0,2,622370.125,31682.65234375,5090.64501953125
1997,80,3,0,1,84906.21875,4274.05126953125,5033.849609375
1997,80,3,0,2,76061.8203125,2785.34765625,3661.952392578125
1997,81,0,0,1,380028,32920,8662.51953125
1997,81,0,0,2,638840,35584,5570.095703125
1997,81,1,0,1,328455.53125,28647.7421875,8721.9541015625
1997,81,1,0,2,569405.4375,32733.716796875,5748.75390625
1997,81,3,0,1,51572.4453125,4272.2587890625,8283.9951171875
1997,81,3,0,2,69434.53125,2850.282958984375,4104.99365234375
1997,82,0,0,1,347291,32431,9338.2783203125
1997,82,0,0,2,604573,37545,6210.16796875
1997,82,1,0,1,292534.59375,28216.30859375,9645.4609375
1997,82,1,0,2,536841.1875,34430.00390625,6413.44287109375
1997,82,3,0,1,54756.39453125,4214.69189453125,7697.16845703125
1997,82,3,0,2,67731.78125,3114.997314453125,4599.0185546875
1997,83,0,0,1,294771,31614,10724.935546875
1997,83,0,0,2,551511,38601,6999.13525390625
1997,83,1,0,1,233455.265625,27491.46875,11775.904296875
1997,83,1,0,2,502152.28125,35246.1875,7019.0234375
1997,83,3,0,1,61315.73828125,4122.5302734375,6723.4453125
1997,83,3,0,2,49358.7578125,3354.8125,6796.79296875
1997,84,0,0,1,257300,29867,11607.8505859375
1997,84,0,0,2,508158,38952,7665.33251953125
1997,84,1,0,1,228161.28125,26013.263671875,11401.2607421875
1997,84,1,0,2,451961,35496.8203125,7853.95654296875
1997,84,3,0,1,29138.724609375,3853.736572265625,13225.4814453125
1997,84,3,0,2,56197.03515625,3455.18115234375,6148.33349609375
1998,25,0,0,1,1871815,2433,129.9807891845703
1998,25,0,0,2,1822852,903,49.53775787353516
1998,25,1,0,1,1481083.25,2237.6259765625,151.0803680419922
1998,25,1,0,2,1319226.75,794.0736083984375,60.19235229492188
1998,25,3,0,1,390731.75,195.3740081787109,50.00208282470703
1998,25,3,0,2,503625.28125,108.9264144897461,21.62846374511719
1998,26,0,0,1,1929782,2448,126.8537063598633
1998,26,0,0,2,1901702,984,51.74312210083008
1998,26,1,0,1,1452348.375,2233.357177734375,153.7755889892578
1998,26,1,0,2,1338313,852.3003540039063,63.6846809387207
1998,26,3,0,1,477433.71875,214.6427001953125,44.95759201049805
1998,26,3,0,2,563388.875,131.6996765136719,23.37633514404297
1998,27,0,0,1,2089500,2757,131.9454345703125
1998,27,0,0,2,2072362,1103,53.22429275512695
1998,27,1,0,1,1575420.75,2496.700927734375,158.4783630371094
1998,27,1,0,2,1460157.5,935.3872680664063,64.06070709228516
1998,27,3,0,1,514079.25,260.2989807128906,50.63401794433594
1998,27,3,0,2,612204.4375,167.6127471923828,27.3785572052002
1998,28,0,0,1,2053020,2613,127.2759170532227
1998,28,0,0,2,2025724,1067,52.67252731323242
1998,28,1,0,1,1434787.5,2372.21533203125,165.3356628417969
1998,28,1,0,2,1420153.5,915.0333251953125,64.43199920654297
1998,28,3,0,1,618232.625,240.7847137451172,38.947265625
1998,28,3,0,2,605570.4375,151.9666595458984,25.09479522705078
1998,29,0,0,1,2032169,2639,129.8612518310547
1998,29,0,0,2,2004718,1204,60.05832290649414
1998,29,1,0,1,1470493.75,2361.21044921875,160.5726318359375
1998,29,1,0,2,1439410,1045.692260742188,72.64728546142578
1998,29,3,0,1,561675.3125,277.7894592285156,49.45730209350586
1998,29,3,0,2,565307.9375,158.3076934814453,28.00379753112793
1998,30,0,0,1,2057476,2764,134.33935546875
1998,30,0,0,2,2017817,1280,63.43489074707031
1998,30,1,0,1,1451757.5,2499.408203125,172.164306640625
1998,30,1,0,2,1413398.375,1107.379150390625,78.34869384765625
1998,30,3,0,1,605718.375,264.5917663574219,43.68230819702148
1998,30,3,0,2,604418.625,172.6208648681641,28.55981826782227
1998,31,0,0,1,1996939,2919,146.1737213134766
1998,31,0,0,2,1984311,1450,73.07321929931641
1998,31,1,0,1,1464446.5,2632.485595703125,179.759765625
1998,31,1,0,2,1446885.75,1257.608642578125,86.91831207275391
1998,31,3,0,1,532492.4375,286.514404296875,53.8062858581543
1998,31,3,0,2,537425.125,192.3913116455078,35.7987174987793
1998,32,0,0,1,2061227,3173,153.9374389648438
1998,32,0,0,2,2051976,1511,73.63633728027344
1998,32,1,0,1,1504794.75,2825.03564453125,187.7356109619141
1998,32,1,0,2,1502445.25,1325.26611328125,88.20728302001953
1998,32,3,0,1,556432.125,347.96435546875,62.53491592407227
1998,32,3,0,2,549530.625,185.7339172363281,33.79864883422852
1998,33,0,0,1,2142440,3588,167.4725952148438
1998,33,0,0,2,2140415,1760,82.22704315185547
1998,33,1,0,1,1605831.75,3237.55419921875,201.6122894287109
1998,33,1,0,2,1546263.25,1526.497192382813,98.72168731689453
1998,33,3,0,1,536608.25,350.4457092285156,65.30754852294922
1998,33,3,0,2,594151.5625,233.5027923583984,39.30020523071289
1998,34,0,0,1,2255626,3881,172.0586700439453
1998,34,0,0,2,2244641,2039,90.83857727050781
1998,34,1,0,1,1669875.625,3491.38916015625,209.0807952880859
1998,34,1,0,2,1566242.875,1757.607055664063,112.2180404663086
1998,34,3,0,1,585750.3125,389.6109619140625,66.51485443115234
1998,34,3,0,2,678398.25,281.3930053710938,41.47903060913086
1998,35,0,0,1,2333490,4261,182.6020202636719
1998,35,0,0,2,2317716,2220,95.78395080566406
1998,35,1,0,1,1729115.125,3813.567626953125,220.5502471923828
1998,35,1,0,2,1729756.75,1933.688354492188,111.7896118164063
1998,35,3,0,1,604375.0625,447.4323425292969,74.03223419189453
1998,35,3,0,2,587959.375,286.3116760253906,48.69582748413086
1998,36,0,0,1,2292403,4469,194.9482727050781
1998,36,0,0,2,2309002,2396,103.7677764892578
1998,36,1,0,1,1667102.625,3994.128173828125,239.5850219726563
1998,36,1,0,2,1731167.5,2084.3251953125,120.3999710083008
1998,36,3,0,1,625300.1875,474.8719177246094,75.94303131103516
1998,36,3,0,2,577834.6875,311.6748046875,53.93840408325195
1998,37,0,0,1,2280674,4779,209.5433197021484
1998,37,0,0,2,2302362,2702,117.3577423095703
1998,37,1,0,1,1675245.75,4279.37744140625,255.4477386474609
1998,37,1,0,2,1730712.625,2324.17333984375,134.2899627685547
1998,37,3,0,1,605428.4375,499.6227416992188,82.52383422851563
1998,37,3,0,2,571649.4375,377.8265991210938,66.09410858154297
1998,38,0,0,1,2252302,5073,225.2362213134766
1998,38,0,0,2,2271553,2816,123.9680480957031
1998,38,1,0,1,1675875.375,4575.96484375,273.0492248535156
1998,38,1,0,2,1705449,2474.8642578125,145.1151123046875
1998,38,3,0,1,576426.8125,497.03515625,86.2269287109375
1998,38,3,0,2,566103.9375,341.1358032226563,60.26027679443359
1998,39,0,0,1,2267920,5452,240.396484375
1998,39,0,0,2,2298775,3068,133.4623870849609
1998,39,1,0,1,1670537.375,4846.7080078125,290.1286926269531
1998,39,1,0,2,1726214.625,2602.4658203125,150.7614288330078
1998,39,3,0,1,597382.6875,605.2921752929688,101.3240203857422
1998,39,3,0,2,572560.3125,465.5342407226563,81.30745697021484
1998,40,0,0,1,2321397,5863,252.5634307861328
1998,40,0,0,2,2337298,3252,139.1350250244141
1998,40,1,0,1,1647900.75,5197.671875,315.4117126464844
1998,40,1,0,2,1723907.75,2784.45654296875,161.5200500488281
1998,40,3,0,1,673496.1875,665.3283081054688,98.78723907470703
1998,40,3,0,2,613390.375,467.5434265136719,76.22281646728516
1998,41,0,0,1,2200763,6217,282.4929504394531
1998,41,0,0,2,2241257,3471,154.8684539794922
1998,41,1,0,1,1602866.5,5513.763671875,343.9939575195313
1998,41,1,0,2,1676065.875,2971.90185546875,177.3141479492188
1998,41,3,0,1,597896.6875,703.2362060546875,117.6183471679688
1998,41,3,0,2,565191.1875,499.0980529785156,88.30606079101563
1998,42,0,0,1,2139093,6563,306.8122863769531
1998,42,0,0,2,2185448,3653,167.1510772705078
1998,42,1,0,1,1570132.625,5741.9453125,365.6981201171875
1998,42,1,0,2,1618551.5,3119.0498046875,192.7062377929688
1998,42,3,0,1,568960.1875,821.0546875,144.3079376220703
1998,42,3,0,2,566896.4375,533.9500732421875,94.18829345703125
1998,43,0,0,1,2095223,6994,333.8069458007813
1998,43,0,0,2,2152061,3986,185.2178039550781
1998,43,1,0,1,1546466.75,6124.53466796875,396.0340270996094
1998,43,1,0,2,1560509.875,3383.790771484375,216.8387908935547
1998,43,3,0,1,548756.375,869.4652099609375,158.4428405761719
1998,43,3,0,2,591551.0625,602.2091674804688,101.8017196655273
1998,44,0,0,1,2048315,7468,364.5923461914063
1998,44,0,0,2,2101302,4163,198.1152648925781
1998,44,1,0,1,1468958.25,6389.896484375,434.9951171875
1998,44,1,0,2,1511808.75,3526.179443359375,233.242431640625
1998,44,3,0,1,579356.875,1078.103637695313,186.0862731933594
1998,44,3,0,2,589493.3125,636.8206787109375,108.0284805297852
1998,45,0,0,1,2030794,7697,379.0143127441406
1998,45,0,0,2,2080163,4269,205.2243041992188
1998,45,1,0,1,1474655.75,6576.322265625,445.9564514160156
1998,45,1,0,2,1507637.25,3556.410400390625,235.8929748535156
1998,45,3,0,1,556138.25,1120.677978515625,201.5106811523438
1998,45,3,0,2,572525.75,712.589599609375,124.4642028808594
1998,46,0,0,1,1916392,7964,415.5726013183594
1998,46,0,0,2,1983025,4361,219.9165344238281
1998,46,1,0,1,1287587.625,6766.2509765625,525.498291015625
1998,46,1,0,2,1420978.875,3604.3017578125,253.6492156982422
1998,46,3,0,1,628804.25,1197.749145507813,190.4804534912109
1998,46,3,0,2,562046.125,756.6982421875,134.6327667236328
1998,47,0,0,1,1844986,8265,447.9708862304688
1998,47,0,0,2,1914670,4663,243.5406646728516
1998,47,1,0,1,1236038.875,6907.505859375,558.8421020507813
1998,47,1,0,2,1423903.625,3862.610107421875,271.2690734863281
1998,47,3,0,1,608947.25,1357.494018554688,222.9247283935547
1998,47,3,0,2,490766.46875,800.3898315429688,163.0897521972656
1998,48,0,0,1,1794750,8631,480.9026184082031
1998,48,0,0,2,1861213,5083,273.1014709472656
1998,48,1,0,1,1228577,7182.14306640625,584.5903930664063
1998,48,1,0,2,1369174.625,4216.2236328125,307.9390869140625
1998,48,3,0,1,566173,1448.856811523438,255.9035491943359
1998,48,3,0,2,492038.4375,866.7761840820313,176.1602630615234
1998,49,0,0,1,1807065,9150,506.3459167480469
1998,49,0,0,2,1881105,5327,283.1846313476563
1998,49,1,0,1,1219767.625,7575.40966796875,621.0535278320313
1998,49,1,0,2,1394882.375,4422.39453125,317.0442504882813
1998,49,3,0,1,587297.375,1574.590576171875,268.1078796386719
1998,49,3,0,2,486222.5625,904.6053466796875,186.0475921630859
1998,50,0,0,1,1835192,9827,535.4752807617188
1998,50,0,0,2,1901914,6000,315.4716796875
1998,50,1,0,1,1181887.875,8021.09912109375,678.6683349609375
1998,50,1,0,2,1349564.75,4985.1826171875,369.3918762207031
1998,50,3,0,1,653304.1875,1805.900756835938,276.4257202148438
1998,50,3,0,2,552349.25,1014.817504882813,183.7275085449219
1998,51,0,0,1,1884596,10771,571.5283203125
1998,51,0,0,2,1958022,6446,329.2097778320313
1998,51,1,0,1,1257456.875,8762.0146484375,696.8043823242188
1998,51,1,0,2,1478857.25,5373.65234375,363.3651733398438
1998,51,3,0,1,627139.125,2008.9853515625,320.3412475585938
1998,51,3,0,2,479164.875,1072.347534179688,223.7951049804688
1998,52,0,0,1,1370409,9173,669.3621826171875
1998,52,0,0,2,1437522,5786,402.4981994628906
1998,52,1,0,1,959722.6875,7495.85107421875,781.04345703125
1998,52,1,0,2,1088633.875,4877.88330078125,448.0738220214844
1998,52,3,0,1,410686.3125,1677.14892578125,408.3771057128906
1998,52,3,0,2,348888.03125,908.1165771484375,260.288818359375
1998,53,0,0,1,1382444,9802,709.0341186523438
1998,53,0,0,2,1457807,6191,424.6789855957031
1998,53,1,0,1,978691,8156.31298828125,833.3900146484375
1998,53,1,0,2,1104822.5,5244.673828125,474.7073669433594
1998,53,3,0,1,403752.96875,1645.68701171875,407.5975036621094
1998,53,3,0,2,352984.40625,946.3262329101563,268.0929260253906
1998,54,0,0,1,1406538,10447,742.7456665039063
1998,54,0,0,2,1483250,6626,446.7217407226563
1998,54,1,0,1,949026.625,8747.8681640625,921.772705078125
1998,54,1,0,2,1175671,5674.6787109375,482.6757507324219
1998,54,3,0,1,457511.46875,1699.132202148438,371.3857116699219
1998,54,3,0,2,307579.03125,951.3211669921875,309.2932434082031
1998,55,0,0,1,1457687,11966,820.8895263671875
1998,55,0,0,2,1536845,7597,494.3244018554688
1998,55,1,0,1,1008952.375,10002.4267578125,991.3675537109375
1998,55,1,0,2,1201396.5,6537.154296875,544.129638671875
1998,55,3,0,1,448734.625,1963.572875976563,437.5799865722656
1998,55,3,0,2,335448.4375,1059.845703125,315.9489135742188
1998,56,0,0,1,1242071,11640,937.1444702148438
1998,56,0,0,2,1326356,7698,580.3871459960938
1998,56,1,0,1,881756.375,9744.078125,1105.076049804688
1998,56,1,0,2,1031925.75,6651.3984375,644.5617065429688
1998,56,3,0,1,360314.65625,1895.921508789063,526.1849365234375
1998,56,3,0,2,294430.3125,1046.601318359375,355.466552734375
1998,57,0,0,1,1172374,11815,1007.7841796875
1998,57,0,0,2,1262862,7749,613.6062622070313
1998,57,1,0,1,864080.0625,9996.04296875,1156.842163085938
1998,57,1,0,2,1005862.0625,6780.509765625,674.099365234375
1998,57,3,0,1,308293.9375,1818.957397460938,590.0075073242188
1998,57,3,0,2,256999.921875,968.4900512695313,376.844482421875
1998,58,0,0,1,1107541,12479,1126.730346679688
1998,58,0,0,2,1196193,8078,675.30908203125
1998,58,1,0,1,781291.75,10510.8134765625,1345.312255859375
1998,58,1,0,2,974364.3125,7153.876953125,734.2096557617188
1998,58,3,0,1,326249.3125,1968.186401367188,603.2767944335938
1998,58,3,0,2,221828.6875,924.1232299804688,416.5932006835938
1998,59,0,0,1,1096299,12995,1185.351806640625
1998,59,0,0,2,1191219,8628,724.300048828125
1998,59,1,0,1,869186.5625,11043.8974609375,1270.601440429688
1998,59,1,0,2,963789.375,7656.10546875,794.3753662109375
1998,59,3,0,1,227112.375,1951.10302734375,859.0914916992188
1998,59,3,0,2,227429.734375,971.8946533203125,427.3384399414063
1998,60,0,0,1,1084693,13893,1280.8232421875
1998,60,0,0,2,1184446,9410,794.4642333984375
1998,60,1,0,1,784247.3125,11868.2548828125,1513.330688476563
1998,60,1,0,2,1019606.3125,8438.19140625,827.5930786132813
1998,60,3,0,1,300445.8125,2024.744995117188,673.9135131835938
1998,60,3,0,2,164839.6875,971.8081665039063,589.5474243164063
1998,61,0,0,1,985369,14780,1499.945678710938
1998,61,0,0,2,1082082,9778,903.6283569335938
1998,61,1,0,1,745769.75,12520.75390625,1678.903442382813
1998,61,1,0,2,922273.8125,8731.3193359375,946.7166137695313
1998,61,3,0,1,239599.28125,2259.24560546875,942.9266967773438
1998,61,3,0,2,159808.15625,1046.680419921875,654.9605712890625
1998,62,0,0,1,977490,15974,1634.185546875
1998,62,0,0,2,1082491,10629,981.9019165039063
1998,62,1,0,1,713174.4375,13579.4736328125,1904.088623046875
1998,62,1,0,2,945052.625,9598.890625,1015.699035644531
1998,62,3,0,1,264315.53125,2394.52685546875,905.9349975585938
1998,62,3,0,2,137438.359375,1030.109130859375,749.5062866210938
1998,63,0,0,1,984780,17078,1734.194458007813
1998,63,0,0,2,1096672,11722,1068.870239257813
1998,63,1,0,1,741236.1875,14569.5390625,1965.573120117188
1998,63,1,0,2,932905.375,10514.560546875,1127.076904296875
1998,63,3,0,1,243543.734375,2508.46044921875,1029.983520507813
1998,63,3,0,2,163766.59375,1207.439453125,737.2929077148438
1998,64,0,0,1,912804,17514,1918.703247070313
1998,64,0,0,2,1030681,12301,1193.482788085938
1998,64,1,0,1,722392.75,14920.5888671875,2065.43994140625
1998,64,1,0,2,845374.875,11107.4990234375,1313.9140625
1998,64,3,0,1,190411.25,2593.410888671875,1362.005126953125
1998,64,3,0,2,185306.0625,1193.500732421875,644.0700073242188
1998,65,0,0,1,897976,18908,2105.624267578125
1998,65,0,0,2,1030438,13642,1323.903076171875
1998,65,1,0,1,675938.875,15923.6767578125,2355.786376953125
1998,65,1,0,2,911467.6875,12352.6611328125,1355.24951171875
1998,65,3,0,1,222037.140625,2984.323486328125,1344.06494140625
1998,65,3,0,2,118970.3125,1289.338623046875,1083.748168945313
1998,66,0,0,1,884898,20462,2312.35693359375
1998,66,0,0,2,1035579,14819,1430.986938476563
1998,66,1,0,1,649583.125,17188.2109375,2646.037109375
1998,66,1,0,2,868438.625,13452.8701171875,1549.087036132813
1998,66,3,0,1,235314.796875,3273.78955078125,1391.23828125
1998,66,3,0,2,167140.390625,1366.1298828125,817.354736328125
1998,67,0,0,1,921138,22022,2390.738525390625
1998,67,0,0,2,1084369,15728,1450.428833007813
1998,67,1,0,1,688686.1875,18651.7265625,2708.3056640625
1998,67,1,0,2,948415.0625,14173.9521484375,1494.48828125
1998,67,3,0,1,232451.84375,3370.272705078125,1449.880004882813
1998,67,3,0,2,135953.90625,1554.047973632813,1143.069702148438
1998,68,0,0,1,890064,23777,2671.380859375
1998,68,0,0,2,1043899,17050,1633.2998046875
1998,68,1,0,1,683026.9375,20110.66015625,2944.34375
1998,68,1,0,2,914863.3125,15485.7900390625,1692.68896484375
1998,68,3,0,1,207037.078125,3666.339111328125,1770.861083984375
1998,68,3,0,2,129035.625,1564.210327148438,1212.231323242188
1998,69,0,0,1,854875,25024,2927.211669921875
1998,69,0,0,2,1034029,18348,1774.418334960938
1998,69,1,0,1,660169.3125,21267.14453125,3221.46826171875
1998,69,1,0,2,925015.9375,16697.228515625,1805.07470703125
1998,69,3,0,1,194705.671875,3756.85546875,1929.5048828125
1998,69,3,0,2,109013.0234375,1650.770874023438,1514.287719726563
1998,70,0,0,1,855650,26962,3151.0546875
1998,70,0,0,2,1066851,20613,1932.134887695313
1998,70,1,0,1,666885,23064.716796875,3458.574951171875
1998,70,1,0,2,921459.5625,18721.5625,2031.729125976563
1998,70,3,0,1,188765.046875,3897.283935546875,2064.62158203125
1998,70,3,0,2,145391.421875,1891.436889648438,1300.927490234375
1998,71,0,0,1,793742,28667,3611.626953125
1998,71,0,0,2,1002447,22032,2197.822021484375
1998,71,1,0,1,650418.6875,24320.0078125,3739.131103515625
1998,71,1,0,2,885276.375,20161.1953125,2277.389892578125
1998,71,3,0,1,143323.328125,4346.99169921875,3032.99658203125
1998,71,3,0,2,117170.6328125,1870.803955078125,1596.649169921875
1998,72,0,0,1,757315,29769,3930.861083984375
1998,72,0,0,2,980147,24144,2463.303955078125
1998,72,1,0,1,589711.9375,25262.94140625,4283.9462890625
1998,72,1,0,2,861291.8125,22031.158203125,2557.92041015625
1998,72,3,0,1,167602.984375,4506.05810546875,2688.531005859375
1998,72,3,0,2,118855.2109375,2112.8427734375,1777.661010742188
1998,73,0,0,1,756020,31194,4126.08154296875
1998,73,0,0,2,988427,25837,2613.951171875
1998,73,1,0,1,603576.375,26395.755859375,4373.2255859375
1998,73,1,0,2,908122.5625,23697.162109375,2609.46728515625
1998,73,3,0,1,152443.65625,4798.244140625,3147.552490234375
1998,73,3,0,2,80304.4453125,2139.837646484375,2664.656494140625
1998,74,0,0,1,721613,32558,4511.8369140625
1998,74,0,0,2,970770,27426,2825.179931640625
1998,74,1,0,1,577001.9375,27569.9453125,4778.13720703125
1998,74,1,0,2,877029,25264.994140625,2880.747802734375
1998,74,3,0,1,144611.03125,4988.0546875,3449.29052734375
1998,74,3,0,2,93741.1015625,2161.00634765625,2305.292236328125
1998,75,0,0,1,678301,33199,4894.4345703125
1998,75,0,0,2,934747,28458,3044.460205078125
1998,75,1,0,1,563491.625,28294,5021.19287109375
1998,75,1,0,2,863674.3125,26250.609375,3039.41064453125
1998,75,3,0,1,114809.40625,4904.99951171875,4272.29736328125
1998,75,3,0,2,71072.6328125,2207.39111328125,3105.82421875
1998,76,0,0,1,655750,34933,5327.1826171875
1998,76,0,0,2,920702,30657,3329.741943359375
1998,76,1,0,1,561421.1875,29905.56640625,5326.76123046875
1998,76,1,0,2,801509.5625,28159.72265625,3513.3359375
1998,76,3,0,1,94328.7890625,5027.43359375,5329.69140625
1998,76,3,0,2,119192.4140625,2497.2763671875,2095.163818359375
1998,77,0,0,1,609728,34807,5708.61083984375
1998,77,0,0,2,871479,32386,3716.211181640625
1998,77,1,0,1,505780.65625,29728.5390625,5877.75341796875
1998,77,1,0,2,778143.1875,29700.37890625,3816.826904296875
1998,77,3,0,1,103947.3359375,5078.4599609375,4885.6083984375
1998,77,3,0,2,93335.7421875,2685.620849609375,2877.376708984375
1998,78,0,0,1,533267,35102,6582.44384765625
1998,78,0,0,2,796224,33212,4171.18798828125
1998,78,1,0,1,437873.375,30211.27734375,6899.54638671875
1998,78,1,0,2,701307.75,30493.23046875,4348.052734375
1998,78,3,0,1,95393.6640625,4890.72265625,5126.88427734375
1998,78,3,0,2,94916.2265625,2718.769775390625,2864.388916015625
1998,79,0,0,1,479887,33385,6956.84619140625
1998,79,0,0,2,748033,33324,4454.8837890625
1998,79,1,0,1,386650.40625,28725.123046875,7429.2236328125
1998,79,1,0,2,673606.1875,30417.806640625,4515.666015625
1998,79,3,0,1,93236.6015625,4659.87744140625,4997.90576171875
1998,79,3,0,2,74426.7734375,2906.194091796875,3904.769775390625
1998,80,0,0,1,441296,34048,7715.4560546875
1998,80,0,0,2,711874,35631,5005.23974609375
1998,80,1,0,1,362334.84375,29470.67578125,8133.54736328125
1998,80,1,0,2,642825.9375,32650.40234375,5079.1982421875
1998,80,3,0,1,78961.1640625,4577.32373046875,5796.93017578125
1998,80,3,0,2,69048.0546875,2980.597412109375,4316.7001953125
1998,81,0,0,1,387052,32813,8477.671875
1998,81,0,0,2,642538,36523,5684.17724609375
1998,81,1,0,1,335472.4375,28371.84375,8457.2802734375
1998,81,1,0,2,581896.875,33477.70703125,5753.20263671875
1998,81,3,0,1,51579.5546875,4441.15576171875,8610.302734375
1998,81,3,0,2,60641.1640625,3045.2919921875,5021.8232421875
1998,82,0,0,1,354117,32623,9212.4921875
1998,82,0,0,2,605723,37660,6217.36328125
1998,82,1,0,1,302595.25,28345.033203125,9367.3095703125
1998,82,1,0,2,535400.125,34452.8671875,6434.9755859375
1998,82,3,0,1,51521.765625,4277.96728515625,8303.2236328125
1998,82,3,0,2,70322.8984375,3207.13232421875,4560.58056640625
1998,83,0,0,1,306778,32709,10662.107421875
1998,83,0,0,2,563741,39117,6938.82470703125
1998,83,1,0,1,262387.28125,28412.291015625,10828.3798828125
1998,83,1,0,2,492670.78125,35810.2578125,7268.59765625
1998,83,3,0,1,44390.72265625,4296.7080078125,9679.29296875
1998,83,3,0,2,71070.1875,3306.7421875,4652.78369140625
1998,84,0,0,1,264035,30593,11586.7216796875
1998,84,0,0,2,511105,40483,7920.681640625
1998,84,1,0,1,237453.28125,26372.421875,11106.3623046875
1998,84,1,0,2,462633.40625,36965.2421875,7990.18017578125
1998,84,3,0,1,26581.70703125,4220.578125,15877.75390625
1998,84,3,0,2,48471.578125,3517.759765625,7257.36572265625
1999,25,0,0,1,1857328,2253,121.3032913208008
1999,25,0,0,2,1800107,884,49.10819244384766
1999,25,1,0,1,1382355.25,2085.23486328125,150.8465270996094
1999,25,1,0,2,1314902.625,758.3280639648438,57.67180252075195
1999,25,3,0,1,474972.84375,167.7651519775391,35.32099914550781
1999,25,3,0,2,485204.46875,125.6719284057617,25.90081787109375
1999,26,0,0,1,1851687,2368,127.8833847045898
1999,26,0,0,2,1814463,909,50.09746551513672
1999,26,1,0,1,1404249.25,2154.976806640625,153.4611358642578
1999,26,1,0,2,1327520.375,780.6832885742188,58.80763244628906
1999,26,3,0,1,447437.8125,213.0231781005859,47.60956192016602
1999,26,3,0,2,486942.65625,128.3167266845703,26.35150718688965
1999,27,0,0,1,1985162,2512,126.5387878417969
1999,27,0,0,2,1949768,1037,53.18581390380859
1999,27,1,0,1,1514975.125,2278.82763671875,150.4201354980469
1999,27,1,0,2,1360346.875,894.7518310546875,65.77379608154297
1999,27,3,0,1,470186.8125,233.1723175048828,49.5914192199707
1999,27,3,0,2,589421.0625,142.2481689453125,24.13354110717773
1999,28,0,0,1,2086039,2642,126.6515121459961
1999,28,0,0,2,2060386,1120,54.35874557495117
1999,28,1,0,1,1440544,2379.521240234375,165.18212890625
1999,28,1,0,2,1390659.5,942.4124755859375,67.76730346679688
1999,28,3,0,1,645495,262.4788208007813,40.66318511962891
1999,28,3,0,2,669726.375,177.5875549316406,26.51643371582031
1999,29,0,0,1,2098874,2767,131.8325958251953
1999,29,0,0,2,2071243,1211,58.46730804443359
1999,29,1,0,1,1487877.875,2501.730224609375,168.1408386230469
1999,29,1,0,2,1444147.5,1033.592407226563,71.57111358642578
1999,29,3,0,1,610996.125,265.2696838378906,43.41593551635742
1999,29,3,0,2,627095.5,177.4076385498047,28.29037094116211
1999,30,0,0,1,2116320,2710,128.0524749755859
1999,30,0,0,2,2064854,1295,62.7162971496582
1999,30,1,0,1,1556940.125,2426.115966796875,155.8258972167969
1999,30,1,0,2,1417617.375,1103.668579101563,77.85376739501953
1999,30,3,0,1,559379.75,283.8839721679688,50.74977493286133
1999,30,3,0,2,647236.625,191.3313903808594,29.5612735748291
1999,31,0,0,1,1979154,2828,142.8893280029297
1999,31,0,0,2,1957048,1356,69.28803253173828
1999,31,1,0,1,1410523.75,2537.50390625,179.8979949951172
1999,31,1,0,2,1347538.375,1162.909057617188,86.29877471923828
1999,31,3,0,1,568630.1875,290.4959716796875,51.08697509765625
1999,31,3,0,2,609509.5625,193.0909118652344,31.67971801757813
1999,32,0,0,1,2029379,3113,153.3966827392578
1999,32,0,0,2,2014555,1486,73.76319122314453
1999,32,1,0,1,1402325.75,2820.453125,201.1268157958984
1999,32,1,0,2,1406678.5,1292.080810546875,91.85330963134766
1999,32,3,0,1,627053.25,292.5469970703125,46.65425109863281
1999,32,3,0,2,607876.5,193.9192504882813,31.90109252929688
1999,33,0,0,1,2043257,3331,163.0240325927734
1999,33,0,0,2,2036475,1634,80.23668670654297
1999,33,1,0,1,1419315.5,2998.445068359375,211.2599334716797
1999,33,1,0,2,1474756.375,1387.074951171875,94.05451202392578
1999,33,3,0,1,623941.625,332.5548400878906,53.29903030395508
1999,33,3,0,2,561718.625,246.9250946044922,43.95885848999023
1999,34,0,0,1,2186116,3752,171.6285858154297
1999,34,0,0,2,2176191,1858,85.37853240966797
1999,34,1,0,1,1593782.625,3371.80322265625,211.5597991943359
1999,34,1,0,2,1568219.625,1598.744140625,101.9464416503906
1999,34,3,0,1,592333.375,380.1968688964844,64.18630218505859
1999,34,3,0,2,607971.25,259.2558288574219,42.64277648925781
1999,35,0,0,1,2311659,4165,180.1736297607422
1999,35,0,0,2,2293892,2110,91.98340606689453
1999,35,1,0,1,1676368,3724.2421875,222.161376953125
1999,35,1,0,2,1637643.375,1837.211791992188,112.1863174438477
1999,35,3,0,1,635291,440.7579345703125,69.37890625
1999,35,3,0,2,656248.75,272.7881469726563,41.56779861450195
1999,36,0,0,1,2262299,4288,189.5417022705078
1999,36,0,0,2,2281288,2379,104.2831954956055
1999,36,1,0,1,1644515.875,3860.28271484375,234.7367248535156
1999,36,1,0,2,1628091.125,2050.414794921875,125.9398040771484
1999,36,3,0,1,617783.25,427.7171630859375,69.23417663574219
1999,36,3,0,2,653196.875,328.5851745605469,50.30415725708008
1999,37,0,0,1,2283845,4714,206.4062957763672
1999,37,0,0,2,2298918,2592,112.7486953735352
1999,37,1,0,1,1654509.125,4228.51220703125,255.5750274658203
1999,37,1,0,2,1693436.625,2266.3828125,133.8333435058594
1999,37,3,0,1,629336.1875,485.4878234863281,77.14284515380859
1999,37,3,0,2,605481.5625,325.6173095703125,53.77823638916016
1999,38,0,0,1,2253536,5113,226.8878784179688
1999,38,0,0,2,2276457,2928,128.6209259033203
1999,38,1,0,1,1638092.875,4553.91796875,278.001220703125
1999,38,1,0,2,1671686.875,2512.650146484375,150.3062744140625
1999,38,3,0,1,615443.0625,559.08203125,90.84220123291016
1999,38,3,0,2,604770.375,415.3498229980469,68.67893218994141
1999,39,0,0,1,2297056,5401,235.1270446777344
1999,39,0,0,2,2323599,3114,134.0162353515625
1999,39,1,0,1,1748267.375,4801.96826171875,274.6701354980469
1999,39,1,0,2,1727356.75,2709.28857421875,156.8459167480469
1999,39,3,0,1,548788.5,599.0317993164063,109.1553115844727
1999,39,3,0,2,596242.1875,404.7114868164063,67.87702941894531
1999,40,0,0,1,2326367,5780,248.4560699462891
1999,40,0,0,2,2341200,3256,139.073974609375
1999,40,1,0,1,1677091.75,5199.6044921875,310.0369873046875
1999,40,1,0,2,1758117.625,2817.04931640625,160.2309875488281
1999,40,3,0,1,649275.3125,580.3956298828125,89.39129638671875
1999,40,3,0,2,583082.3125,438.9506530761719,75.28108215332031
1999,41,0,0,1,2211167,6270,283.5606689453125
1999,41,0,0,2,2250720,3537,157.1497192382813
1999,41,1,0,1,1579891.5,5545.0380859375,350.9758911132813
1999,41,1,0,2,1647030.375,3029.545654296875,183.9398803710938
1999,41,3,0,1,631275.6875,724.9619750976563,114.8407897949219
1999,41,3,0,2,603689.5,507.4543151855469,84.05883026123047
1999,42,0,0,1,2235877,6646,297.2435302734375
1999,42,0,0,2,2271044,3827,168.5128021240234
1999,42,1,0,1,1589317.375,5874.3466796875,369.6144409179688
1999,42,1,0,2,1691882.375,3281.68505859375,193.9665069580078
1999,42,3,0,1,646559.5625,771.6533203125,119.3476028442383
1999,42,3,0,2,579161.4375,545.3148193359375,94.15592956542969
1999,43,0,0,1,2118343,7183,339.0857849121094
1999,43,0,0,2,2179515,4029,184.8576354980469
1999,43,1,0,1,1492700.75,6296.8994140625,421.8460693359375
1999,43,1,0,2,1640256.375,3424.7041015625,208.7907867431641
1999,43,3,0,1,625642.1875,886.1004638671875,141.6305541992188
1999,43,3,0,2,539258.625,604.2959594726563,112.0605087280273
1999,44,0,0,1,2106924,7558,358.7220153808594
1999,44,0,0,2,2152971,4366,202.7895355224609
1999,44,1,0,1,1545827.5,6549.904296875,423.715087890625
1999,44,1,0,2,1535674,3673.001220703125,239.1784515380859
1999,44,3,0,1,561096.375,1008.095825195313,179.6653594970703
1999,44,3,0,2,617296.875,692.998779296875,112.2634506225586
1999,45,0,0,1,2099874,7839,373.30810546875
1999,45,0,0,2,2146039,4568,212.8572692871094
1999,45,1,0,1,1444726.625,6849.896484375,474.1309814453125
1999,45,1,0,2,1561221,3816.889404296875,244.4810485839844
1999,45,3,0,1,655147.5625,989.103759765625,150.9741973876953
1999,45,3,0,2,584818,751.1104736328125,128.4349060058594
1999,46,0,0,1,1963139,8392,427.4786376953125
1999,46,0,0,2,2031821,4714,232.0086212158203
1999,46,1,0,1,1367799,7196.7294921875,526.154052734375
1999,46,1,0,2,1406476.375,3903.579345703125,277.5431823730469
1999,46,3,0,1,595340,1195.2705078125,200.7710723876953
1999,46,3,0,2,625344.5,810.4205322265625,129.5958557128906
1999,47,0,0,1,1934981,8645,446.7744140625
1999,47,0,0,2,2002166,4905,244.9846801757813
1999,47,1,0,1,1312936.375,7320.6083984375,557.5752563476563
1999,47,1,0,2,1439584.75,4005.0390625,278.2079467773438
1999,47,3,0,1,622044.5625,1324.391357421875,212.9094085693359
1999,47,3,0,2,562581.3125,899.9608764648438,159.9699249267578
1999,48,0,0,1,1820803,8930,490.4429626464844
1999,48,0,0,2,1889862,5109,270.3371887207031
1999,48,1,0,1,1232845,7448.17529296875,604.1453247070313
1999,48,1,0,2,1353945.25,4196.52490234375,309.9479064941406
1999,48,3,0,1,587958.0625,1481.824584960938,252.0289611816406
1999,48,3,0,2,535916.5625,912.4751586914063,170.264404296875
1999,49,0,0,1,1847676,9497,513.9970703125
1999,49,0,0,2,1917846,5521,287.8750305175781
1999,49,1,0,1,1274530,7886.6064453125,618.7854614257813
1999,49,1,0,2,1382636.625,4516.9873046875,326.6937255859375
1999,49,3,0,1,573146.1875,1610.393798828125,280.974365234375
1999,49,3,0,2,535209.375,1004.012817382813,187.592529296875
1999,50,0,0,1,1847552,9775,529.0784912109375
1999,50,0,0,2,1915121,5858,305.8814697265625
1999,50,1,0,1,1190266,8002.59765625,672.3369140625
1999,50,1,0,2,1407683.75,4797.22998046875,340.7889099121094
1999,50,3,0,1,657285.75,1772.402099609375,269.6547241210938
1999,50,3,0,2,507437.125,1060.77001953125,209.0446166992188
1999,51,0,0,1,1762499,10470,594.0429077148438
1999,51,0,0,2,1839386,6400,347.9421997070313
1999,51,1,0,1,1138037.625,8471.0927734375,744.359619140625
1999,51,1,0,2,1315412.625,5288.171875,402.0162048339844
1999,51,3,0,1,624461.4375,1998.907348632813,320.1010131835938
1999,51,3,0,2,523973.34375,1111.828002929688,212.1917114257813
1999,52,0,0,1,1900600,11509,605.5455932617188
1999,52,0,0,2,1972381,7177,363.8749389648438
1999,52,1,0,1,1240892.875,9369.3388671875,755.0481567382813
1999,52,1,0,2,1489775.75,6003.5986328125,402.9867248535156
1999,52,3,0,1,659706.9375,2139.661376953125,324.3351440429688
1999,52,3,0,2,482605.1875,1173.4013671875,243.1389923095703
1999,53,0,0,1,1355257,9885,729.3819580078125
1999,53,0,0,2,1430212,6313,441.4031066894531
1999,53,1,0,1,925759.5,8106.72314453125,875.6834716796875
1999,53,1,0,2,1083406.5,5370.52001953125,495.7068176269531
1999,53,3,0,1,429497.46875,1778.276977539063,414.0366516113281
1999,53,3,0,2,346805.46875,942.47998046875,271.7604064941406
1999,54,0,0,1,1413133,10717,758.3858032226563
1999,54,0,0,2,1487471,6750,453.7903747558594
1999,54,1,0,1,990217.1875,8839.640625,892.6971435546875
1999,54,1,0,2,1149262.25,5761.119140625,501.2884826660156
1999,54,3,0,1,422915.84375,1877.35888671875,443.9083862304688
1999,54,3,0,2,338208.84375,988.8809204101563,292.3876647949219
1999,55,0,0,1,1390612,11728,843.3696899414063
1999,55,0,0,2,1468562,7423,505.46044921875
1999,55,1,0,1,962750.1875,9752.4482421875,1012.978088378906
1999,55,1,0,2,1135073.875,6426.638671875,566.1868286132813
1999,55,3,0,1,427861.875,1975.5517578125,461.7265319824219
1999,55,3,0,2,333488.21875,996.361328125,298.7695617675781
1999,56,0,0,1,1423733,12919,907.4032592773438
1999,56,0,0,2,1510705,8416,557.0908813476563
1999,56,1,0,1,991038.5625,10937.052734375,1103.595092773438
1999,56,1,0,2,1193041.375,7274.005859375,609.7027587890625
1999,56,3,0,1,432694.46875,1981.947509765625,458.0477905273438
1999,56,3,0,2,317663.65625,1141.994140625,359.4978942871094
1999,57,0,0,1,1234076,12509,1013.632873535156
1999,57,0,0,2,1327168,8132,612.7332763671875
1999,57,1,0,1,857661.125,10445.0205078125,1217.849365234375
1999,57,1,0,2,1071078.625,7147.80419921875,667.3463745117188
1999,57,3,0,1,376414.84375,2063.9794921875,548.3257446289063
1999,57,3,0,2,256089.34375,984.1959838867188,384.3174438476563
1999,58,0,0,1,1160405,12865,1108.664672851563
1999,58,0,0,2,1252107,8463,675.9006958007813
1999,58,1,0,1,830356.875,10842.6875,1305.786499023438
1999,58,1,0,2,1017670.25,7436.07275390625,730.6956787109375
1999,58,3,0,1,330048.125,2022.312133789063,612.7324829101563
1999,58,3,0,2,234436.734375,1026.92724609375,438.0402526855469
1999,59,0,0,1,1110961,13420,1207.963256835938
1999,59,0,0,2,1206492,9009,746.7103271484375
1999,59,1,0,1,802034.5625,11384.6513671875,1419.471435546875
1999,59,1,0,2,998307.8125,7957.93212890625,797.1421508789063
1999,59,3,0,1,308926.40625,2035.348510742188,658.8457641601563
1999,59,3,0,2,208184.140625,1051.067993164063,504.8741760253906
1999,60,0,0,1,1107638,14016,1265.395385742188
1999,60,0,0,2,1205791,9504,788.1962890625
1999,60,1,0,1,836427.125,11896.517578125,1422.3017578125
1999,60,1,0,2,964488.8125,8476.2490234375,878.8333129882813
1999,60,3,0,1,271210.78125,2119.482177734375,781.4888916015625
1999,60,3,0,2,241302.140625,1027.750610351563,425.9185485839844
1999,61,0,0,1,1040271,14881,1430.49267578125
1999,61,0,0,2,1138269,10206,896.6246337890625
1999,61,1,0,1,758023.625,12663.080078125,1670.538940429688
1999,61,1,0,2,966969.0625,9062.41015625,937.197509765625
1999,61,3,0,1,282247.40625,2217.919921875,785.8070068359375
1999,61,3,0,2,171299.875,1143.58984375,667.5952758789063
1999,62,0,0,1,986956,15506,1571.093383789063
1999,62,0,0,2,1089371,10734,985.3392333984375
1999,62,1,0,1,767958.875,13179.1220703125,1716.123413085938
1999,62,1,0,2,917784.875,9548.0419921875,1040.335571289063
1999,62,3,0,1,218997.015625,2326.877685546875,1062.515747070313
1999,62,3,0,2,171586.09375,1185.958251953125,691.1738891601563
1999,63,0,0,1,971471,16626,1711.42529296875
1999,63,0,0,2,1083504,11590,1069.677612304688
1999,63,1,0,1,716409.9375,14230.470703125,1986.358642578125
1999,63,1,0,2,929635.5625,10437.904296875,1122.795288085938
1999,63,3,0,1,255060.984375,2395.52978515625,939.1988525390625
1999,63,3,0,2,153868.5,1152.096069335938,748.753662109375
1999,64,0,0,1,973140,18254,1875.783569335938
1999,64,0,0,2,1096794,12778,1165.031860351563
1999,64,1,0,1,770200.875,15396.1220703125,1998.974853515625
1999,64,1,0,2,895544.5,11552.859375,1290.037475585938
1999,64,3,0,1,202939.0625,2857.8779296875,1408.244384765625
1999,64,3,0,2,201249.515625,1225.140502929688,608.7669067382813
1999,65,0,0,1,895418,18538,2070.318115234375
1999,65,0,0,2,1018035,13404,1316.654174804688
1999,65,1,0,1,683008.3125,15702.1494140625,2298.968994140625
1999,65,1,0,2,902818.8125,12122.4970703125,1342.738647460938
1999,65,3,0,1,212409.640625,2835.8505859375,1335.085571289063
1999,65,3,0,2,115216.15625,1281.502685546875,1112.259521484375
1999,66,0,0,1,877449,19743,2250.04541015625
1999,66,0,0,2,1018913,14491,1422.201904296875
1999,66,1,0,1,644012.375,16671.455078125,2588.685546875
1999,66,1,0,2,901005.4375,13072.7138671875,1450.90283203125
1999,66,3,0,1,233436.515625,3071.54443359375,1315.794311523438
1999,66,3,0,2,117907.53125,1418.286376953125,1202.880249023438
1999,67,0,0,1,880922,21115,2396.92041015625
1999,67,0,0,2,1035758,15509,1497.357543945313
1999,67,1,0,1,629201.4375,17704.041015625,2813.73193359375
1999,67,1,0,2,864166.375,14033.994140625,1623.9921875
1999,67,3,0,1,251720.46875,3410.959716796875,1355.05859375
1999,67,3,0,2,171591.578125,1475.005859375,859.6027221679688
1999,68,0,0,1,879173,23073,2624.398193359375
1999,68,0,0,2,1038635,16988,1635.608276367188
1999,68,1,0,1,667208.9375,19419.748046875,2910.5947265625
1999,68,1,0,2,909508.625,15323.0361328125,1684.759887695313
1999,68,3,0,1,211964.03125,3653.252197265625,1723.524536132813
1999,68,3,0,2,129126.3515625,1664.963623046875,1289.406494140625
1999,69,0,0,1,866548,25060,2891.934326171875
1999,69,0,0,2,1030647,18774,1821.57421875
1999,69,1,0,1,672840.9375,21178.974609375,3147.694091796875
1999,69,1,0,2,895040.9375,17131.462890625,1914.042358398438
1999,69,3,0,1,193707.09375,3881.026123046875,2003.553955078125
1999,69,3,0,2,135606.03125,1642.53662109375,1211.25634765625
1999,70,0,0,1,835916,25849,3092.29638671875
1999,70,0,0,2,1036615,19954,1924.919067382813
1999,70,1,0,1,656814.375,21922.3359375,3337.676025390625
1999,70,1,0,2,925516.6875,18106.8046875,1956.399536132813
1999,70,3,0,1,179101.71875,3926.66357421875,2192.4208984375
1999,70,3,0,2,111098.328125,1847.19482421875,1662.666625976563
1999,71,0,0,1,817113,28204,3451.66455078125
1999,71,0,0,2,1013702,21793,2149.8427734375
1999,71,1,0,1,631045.3125,23981.546875,3800.289306640625
1999,71,1,0,2,868984,19819.14453125,2280.72607421875
1999,71,3,0,1,186067.65625,4222.453125,2269.310546875
1999,71,3,0,2,144717.9375,1973.855712890625,1363.932983398438
1999,72,0,0,1,766714,29893,3898.84619140625
1999,72,0,0,2,984668,23669,2403.75439453125
1999,72,1,0,1,598242.4375,25354.37890625,4238.14453125
1999,72,1,0,2,871364.9375,21541.5703125,2472.1640625
1999,72,3,0,1,168471.578125,4538.62060546875,2693.997802734375
1999,72,3,0,2,113303.125,2127.429931640625,1877.64453125
1999,73,0,0,1,745039,31073,4170.654296875
1999,73,0,0,2,969353,25383,2618.55078125
1999,73,1,0,1,588138.5625,26266.07421875,4465.966796875
1999,73,1,0,2,848065.6875,23192.56640625,2734.760498046875
1999,73,3,0,1,156900.421875,4806.9267578125,3063.679931640625
1999,73,3,0,2,121287.328125,2190.43310546875,1805.98681640625
1999,74,0,0,1,729193,32372,4439.42822265625
1999,74,0,0,2,979098,27715,2830.66650390625
1999,74,1,0,1,613479.625,27331.99609375,4455.2412109375
1999,74,1,0,2,898743.75,25536.171875,2841.318359375
1999,74,3,0,1,115713.375,5040.00390625,4355.59326171875
1999,74,3,0,2,80354.2734375,2178.82861328125,2711.528076171875
1999,75,0,0,1,690595,33584,4863.052734375
1999,75,0,0,2,947150,29240,3087.15625
1999,75,1,0,1,552876.6875,28410.69140625,5138.703125
1999,75,1,0,2,867561.8125,26946.708984375,3106.027587890625
1999,75,3,0,1,137718.3125,5173.30908203125,3756.4423828125
1999,75,3,0,2,79588.15625,2293.291259765625,2881.447998046875
1999,76,0,0,1,639519,33944,5307.7392578125
1999,76,0,0,2,899780,30499,3389.6064453125
1999,76,1,0,1,492985.78125,28729.6171875,5827.6767578125
1999,76,1,0,2,809459.25,27986.06640625,3457.3779296875
1999,76,3,0,1,146533.234375,5214.3828125,3558.498291015625
1999,76,3,0,2,90320.7265625,2512.93359375,2782.233642578125
1999,77,0,0,1,616766,35701,5788.4189453125
1999,77,0,0,2,882589,32953,3733.674560546875
1999,77,1,0,1,527133.4375,30378.07421875,5762.88134765625
1999,77,1,0,2,787404.1875,30200.8125,3835.490478515625
1999,77,3,0,1,89632.5390625,5322.92578125,5938.60888671875
1999,77,3,0,2,95184.75,2752.187255859375,2891.416259765625
1999,78,0,0,1,569310,36020,6326.95703125
1999,78,0,0,2,837918,34756,4147.89990234375
1999,78,1,0,1,469841.84375,30582.71484375,6509.15087890625
1999,78,1,0,2,750491.125,31790.07421875,4235.90283203125
1999,78,3,0,1,99468.1640625,5437.2841796875,5466.3564453125
1999,78,3,0,2,87426.9375,2965.92578125,3392.462158203125
1999,79,0,0,1,495195,35604,7189.89501953125
1999,79,0,0,2,763784,36048,4719.6591796875
1999,79,1,0,1,398341.90625,30527.076171875,7663.5361328125
1999,79,1,0,2,689843.1875,33130.58203125,4802.625
1999,79,3,0,1,96853.0859375,5076.92431640625,5241.8818359375
1999,79,3,0,2,73940.8203125,2917.416259765625,3945.60986328125
1999,80,0,0,1,459539,33930,7383.486328125
1999,80,0,0,2,729847,36414,4989.2646484375
1999,80,1,0,1,365597.15625,28997.5625,7931.5615234375
1999,80,1,0,2,667166.5625,33382.7265625,5003.6572265625
1999,80,3,0,1,93941.84375,4932.4365234375,5250.521484375
1999,80,3,0,2,62680.41796875,3031.275146484375,4836.080078125
1999,81,0,0,1,394009,34429,8738.125
1999,81,0,0,2,653248,37609,5757.2314453125
1999,81,1,0,1,339269.125,29489.298828125,8692.0078125
1999,81,1,0,2,595441.375,34315.41015625,5763.02099609375
1999,81,3,0,1,54739.90234375,4939.701171875,9023.94921875
1999,81,3,0,2,57806.58984375,3293.589599609375,5697.6025390625
1999,82,0,0,1,361783,33404,9233.1591796875
1999,82,0,0,2,610394,38957,6382.27099609375
1999,82,1,0,1,298057.84375,28697.609375,9628.201171875
1999,82,1,0,2,553604.5,35738.58984375,6455.61767578125
1999,82,3,0,1,63725.1171875,4706.390625,7385.4560546875
1999,82,3,0,2,56789.47265625,3218.411865234375,5667.2685546875
1999,83,0,0,1,311595,32623,10469.6806640625
1999,83,0,0,2,563500,39836,7069.3876953125
1999,83,1,0,1,269160.34375,28138.638671875,10454.228515625
1999,83,1,0,2,511530.9375,36484.7421875,7132.46044921875
1999,83,3,0,1,42434.65234375,4484.36083984375,10567.6865234375
1999,83,3,0,2,51969.04296875,3351.2568359375,6448.5634765625
1999,84,0,0,1,275405,31731,11521.5771484375
1999,84,0,0,2,522988,41308,7898.46044921875
1999,84,1,0,1,236748.828125,27246.037109375,11508.4150390625
1999,84,1,0,2,463210.9375,37709.84375,8140.9658203125
1999,84,3,0,1,38656.14453125,4484.9619140625,11602.1962890625
1999,84,3,0,2,59777.09375,3598.15625,6019.28955078125
2000,25,0,0,1,1905777,2405,126.1952438354492
2000,25,0,0,2,1841961,894,48.53522872924805
2000,25,1,0,1,1444154.875,2223.920166015625,153.9945678710938
2000,25,1,0,2,1317194.625,769.8917846679688,58.44935607910156
2000,25,3,0,1,461622.125,181.0798034667969,39.22684860229492
2000,25,3,0,2,524766.4375,124.1082382202148,23.65018653869629
2000,26,0,0,1,1846928,2349,127.1841659545898
2000,26,0,0,2,1797109,900,50.0804328918457
2000,26,1,0,1,1366495.875,2133.505126953125,156.129638671875
2000,26,1,0,2,1237087.75,764.51611328125,61.79966735839844
2000,26,3,0,1,480432.25,215.4947509765625,44.85434722900391
2000,26,3,0,2,560021.1875,135.4838714599609,24.1926326751709
2000,27,0,0,1,1892865,2483,131.1768188476563
2000,27,0,0,2,1854768,999,53.86118316650391
2000,27,1,0,1,1363754.5,2248.326171875,164.8629760742188
2000,27,1,0,2,1302951.5,854.436279296875,65.57698059082031
2000,27,3,0,1,529110.5625,234.6737823486328,44.35250473022461
2000,27,3,0,2,551816.5,144.563720703125,26.19778823852539
2000,28,0,0,1,1991941,2561,128.5680694580078
2000,28,0,0,2,1955402,1068,54.61792373657227
2000,28,1,0,1,1452758.75,2320.06591796875,159.7006988525391
2000,28,1,0,2,1382848.5,918.825927734375,66.44444274902344
2000,28,3,0,1,539182.1875,240.9340667724609,44.68509292602539
2000,28,3,0,2,572553.5,149.1740875244141,26.05417442321777
2000,29,0,0,1,2110379,2821,133.6726684570313
2000,29,0,0,2,2083133,1201,57.65354537963867
2000,29,1,0,1,1398551.125,2542.767333984375,181.8144073486328
2000,29,1,0,2,1423081,1028.49267578125,72.27225494384766
2000,29,3,0,1,711827.875,278.232666015625,39.08707046508789
2000,29,3,0,2,660052,172.5072784423828,26.13540649414063
2000,30,0,0,1,2175073,2765,127.1221694946289
2000,30,0,0,2,2122669,1260,59.35923004150391
2000,30,1,0,1,1529013.125,2464.998046875,161.2149658203125
2000,30,1,0,2,1518274,1092.879638671875,71.98171234130859
2000,30,3,0,1,646059.9375,300.001953125,46.43562316894531
2000,30,3,0,2,604394.875,167.1204223632813,27.6508674621582
2000,31,0,0,1,2048286,2889,141.0447540283203
2000,31,0,0,2,2014471,1366,67.80936431884766
2000,31,1,0,1,1423988.5,2595.7880859375,182.2899627685547
2000,31,1,0,2,1350348.375,1144.746459960938,84.77415466308594
2000,31,3,0,1,624297.5625,293.2119445800781,46.96669769287109
2000,31,3,0,2,664122.625,221.2535247802734,33.31516265869141
2000,32,0,0,1,2011411,2918,145.0722961425781
2000,32,0,0,2,1987857,1464,73.64714813232422
2000,32,1,0,1,1448785.625,2623.838134765625,181.1060333251953
2000,32,1,0,2,1413211,1248.14013671875,88.31945037841797
2000,32,3,0,1,562625.25,294.1618957519531,52.28380584716797
2000,32,3,0,2,574645.875,215.8598480224609,37.5639762878418
2000,33,0,0,1,2014667,3166,157.1475524902344
2000,33,0,0,2,2004450,1620,80.82017517089844
2000,33,1,0,1,1424309.375,2847.79296875,199.9420166015625
2000,33,1,0,2,1459717.5,1407.042236328125,96.39140319824219
2000,33,3,0,1,590357.6875,318.2070922851563,53.90072631835938
2000,33,3,0,2,544732.625,212.9577484130859,39.093994140625
2000,34,0,0,1,2079604,3533,169.8881072998047
2000,34,0,0,2,2065746,1789,86.60309600830078
2000,34,1,0,1,1476389.875,3186.374267578125,215.8220062255859
2000,34,1,0,2,1432906.625,1547.3916015625,107.9897003173828
2000,34,3,0,1,603214.3125,346.6258239746094,57.46313095092773
2000,34,3,0,2,632839.3125,241.6083526611328,38.178466796875
2000,35,0,0,1,2229957,3861,173.1423492431641
2000,35,0,0,2,2216600,2030,91.58170318603516
2000,35,1,0,1,1618583,3516.306640625,217.2459869384766
2000,35,1,0,2,1599665.75,1773.134033203125,110.8440322875977
2000,35,3,0,1,611373.9375,344.6934204101563,56.38013076782227
2000,35,3,0,2,616934.0625,256.8659973144531,41.63589096069336
2000,36,0,0,1,2260596,4275,189.1094207763672
2000,36,0,0,2,2268388,2291,100.9968338012695
2000,36,1,0,1,1686717.625,3837.401611328125,227.5070495605469
2000,36,1,0,2,1667207.375,1988.003784179688,119.2415390014648
2000,36,3,0,1,573878.375,437.5984191894531,76.25281524658203
2000,36,3,0,2,601180.5625,302.9961853027344,50.40019607543945
2000,37,0,0,1,2251740,4624,205.3523101806641
2000,37,0,0,2,2271871,2611,114.9272994995117
2000,37,1,0,1,1609838.75,4152.81884765625,257.9649047851563
2000,37,1,0,2,1643128.5,2252.8828125,137.1093444824219
2000,37,3,0,1,641901.3125,471.1810913085938,73.40397644042969
2000,37,3,0,2,628742.4375,358.1172180175781,56.95769882202148
2000,38,0,0,1,2264584,5099,225.1627655029297
2000,38,0,0,2,2282651,2802,122.7520141601563
2000,38,1,0,1,1632463.75,4560.7724609375,279.3796997070313
2000,38,1,0,2,1658962.25,2402.95361328125,144.8467864990234
2000,38,3,0,1,632120.5,538.227783203125,85.14639282226563
2000,38,3,0,2,623688.8125,399.0464477539063,63.98165893554688
2000,39,0,0,1,2286224,5393,235.8911437988281
2000,39,0,0,2,2318241,3154,136.0514221191406
2000,39,1,0,1,1658670.5,4813.63134765625,290.2102355957031
2000,39,1,0,2,1674892.125,2712.140380859375,161.9292602539063
2000,39,3,0,1,627553.6875,579.3684692382813,92.32173919677734
2000,39,3,0,2,643348.75,441.8595581054688,68.68119049072266
2000,40,0,0,1,2342182,6003,256.2994689941406
2000,40,0,0,2,2354123,3402,144.5124206542969
2000,40,1,0,1,1775417.75,5400.10205078125,304.1595153808594
2000,40,1,0,2,1757656.5,2921.6796875,166.2258605957031
2000,40,3,0,1,566764.25,602.8977661132813,106.3754043579102
2000,40,3,0,2,596466.5,480.3202819824219,80.52761840820313
2000,41,0,0,1,2238985,6292,281.0202026367188
2000,41,0,0,2,2274313,3681,161.85107421875
2000,41,1,0,1,1639332.375,5626.55224609375,343.22216796875
2000,41,1,0,2,1679767.5,3149.787841796875,187.5133209228516
2000,41,3,0,1,599652.6875,665.447998046875,110.9722366333008
2000,41,3,0,2,594545.4375,531.2120971679688,89.34760284423828
2000,42,0,0,1,2243745,6731,299.9895324707031
2000,42,0,0,2,2278710,3869,169.7890472412109
2000,42,1,0,1,1610551.375,5907.34814453125,366.7904052734375
2000,42,1,0,2,1694659.125,3321.631103515625,196.005859375
2000,42,3,0,1,633193.5625,823.65185546875,130.0789947509766
2000,42,3,0,2,584050.9375,547.368896484375,93.71937561035156
2000,43,0,0,1,2213710,7339,331.52490234375
2000,43,0,0,2,2263146,4290,189.5591430664063
2000,43,1,0,1,1600311.625,6459.1845703125,403.6204223632813
2000,43,1,0,2,1632314.25,3658.07275390625,224.1034698486328
2000,43,3,0,1,613398.25,879.8153076171875,143.4329681396484
2000,43,3,0,2,630831.625,631.92724609375,100.1736755371094
2000,44,0,0,1,2127813,7680,360.9339599609375
2000,44,0,0,2,2181264,4371,200.3883972167969
2000,44,1,0,1,1472454.125,6748.5634765625,458.32080078125
2000,44,1,0,2,1646537.125,3730.320556640625,226.5555114746094
2000,44,3,0,1,655358.9375,931.4366455078125,142.1261901855469
2000,44,3,0,2,534727.0625,640.6793823242188,119.8142776489258
2000,45,0,0,1,2146851,8170,380.557373046875
2000,45,0,0,2,2188420,4735,216.3661499023438
2000,45,1,0,1,1566024.75,7114.3994140625,454.2967529296875
2000,45,1,0,2,1506009.75,3999.51806640625,265.5705261230469
2000,45,3,0,1,580826.25,1055.6005859375,181.7411956787109
2000,45,3,0,2,682410.25,735.4818725585938,107.7770843505859
2000,46,0,0,1,2045796,8579,419.3477783203125
2000,46,0,0,2,2109380,4811,228.0764923095703
2000,46,1,0,1,1405637.5,7419.763671875,527.8575439453125
2000,46,1,0,2,1517041.5,4066.31298828125,268.0422973632813
2000,46,3,0,1,640158.5,1159.236572265625,181.0858612060547
2000,46,3,0,2,592338.5,744.6870727539063,125.7198486328125
2000,47,0,0,1,1978294,9016,455.7462158203125
2000,47,0,0,2,2047037,5148,251.4854431152344
2000,47,1,0,1,1356820.125,7674.1591796875,565.598876953125
2000,47,1,0,2,1416499.75,4295.21728515625,303.2275390625
2000,47,3,0,1,621473.9375,1341.840698242188,215.9126281738281
2000,47,3,0,2,630537.0625,852.7825317382813,135.2470092773438
2000,48,0,0,1,1916575,9531,497.2933349609375
2000,48,0,0,2,1981820,5356,270.2566223144531
2000,48,1,0,1,1330038.25,8101.2958984375,609.1024780273438
2000,48,1,0,2,1446882.375,4418.216796875,305.3611450195313
2000,48,3,0,1,586536.8125,1429.704223632813,243.7535400390625
2000,48,3,0,2,534937.5625,937.7833862304688,175.3070678710938
2000,49,0,0,1,1865877,9825,526.56201171875
2000,49,0,0,2,1939477,5661,291.8828125
2000,49,1,0,1,1233231,8144.45068359375,660.4156494140625
2000,49,1,0,2,1319026.5,4680.36279296875,354.8346252441406
2000,49,3,0,1,632646,1680.549072265625,265.6381530761719
2000,49,3,0,2,620450.4375,980.63720703125,158.0524597167969
2000,50,0,0,1,1866324,10256,549.5294189453125
2000,50,0,0,2,1933735,6100,315.4516906738281
2000,50,1,0,1,1235379.125,8469.232421875,685.557373046875
2000,50,1,0,2,1393410.5,5018.72900390625,360.1759033203125
2000,50,3,0,1,630944.9375,1786.76708984375,283.1890563964844
2000,50,3,0,2,540324.625,1081.270874023438,200.1150512695313
2000,51,0,0,1,1793558,10614,591.7846069335938
2000,51,0,0,2,1869897,6378,341.0883178710938
2000,51,1,0,1,1156512.625,8671.703125,749.8148193359375
2000,51,1,0,2,1347137.125,5237.080078125,388.7562866210938
2000,51,3,0,1,637045.375,1942.297119140625,304.8914794921875
2000,51,3,0,2,522759.78125,1140.919921875,218.2493743896484
2000,52,0,0,1,1780544,11488,645.196044921875
2000,52,0,0,2,1857375,7039,378.9757080078125
2000,52,1,0,1,1194422,9315.65625,779.9300537109375
2000,52,1,0,2,1360707,5838.525390625,429.0802917480469
2000,52,3,0,1,586122.125,2172.34375,370.6298828125
2000,52,3,0,2,496668.0625,1200.474487304688,241.7055969238281
2000,53,0,0,1,1868259,12364,661.7926025390625
2000,53,0,0,2,1947877,7848,402.9001770019531
2000,53,1,0,1,1180987,9990.859375,845.9754028320313
2000,53,1,0,2,1458945.25,6535.70068359375,447.974365234375
2000,53,3,0,1,687272,2373.14111328125,345.2986755371094
2000,53,3,0,2,488931.65625,1312.299072265625,268.4013366699219
2000,54,0,0,1,1394700,10555,756.7935791015625
2000,54,0,0,2,1467178,6867,468.0413818359375
2000,54,1,0,1,953154.75,8633.3369140625,905.7644653320313
2000,54,1,0,2,1134235,5732.34033203125,505.3926391601563
2000,54,3,0,1,441545.21875,1921.662841796875,435.213134765625
2000,54,3,0,2,332942.90625,1134.659790039063,340.797119140625
2000,55,0,0,1,1388812,11498,827.90185546875
2000,55,0,0,2,1465581,7283,496.93603515625
2000,55,1,0,1,947050.6875,9499.541015625,1003.065734863281
2000,55,1,0,2,1112830.75,6169.99072265625,554.4410400390625
2000,55,3,0,1,441761.34375,1998.459350585938,452.3843994140625
2000,55,3,0,2,352750.1875,1113.009399414063,315.5234069824219
2000,56,0,0,1,1365672,12334,903.1451416015625
2000,56,0,0,2,1451658,8069,555.84716796875
2000,56,1,0,1,938692,10193.25390625,1085.899780273438
2000,56,1,0,2,1142766,6938.29150390625,607.14892578125
2000,56,3,0,1,426980.0625,2140.74609375,501.3691101074219
2000,56,3,0,2,308892.0625,1130.708374023438,366.0529174804688
2000,57,0,0,1,1409060,13597,964.9695434570313
2000,57,0,0,2,1504630,8930,593.5014038085938
2000,57,1,0,1,989938.9375,11212.8212890625,1132.678100585938
2000,57,1,0,2,1179293.25,7678.30078125,651.0934448242188
2000,57,3,0,1,419121.125,2384.17919921875,568.85205078125
2000,57,3,0,2,325336.6875,1251.699096679688,384.7395935058594
2000,58,0,0,1,1242476,13356,1074.950317382813
2000,58,0,0,2,1338007,8892,664.5704956054688
2000,58,1,0,1,923293,11235.603515625,1216.905517578125
2000,58,1,0,2,1117695.5,7719.7705078125,690.6864013671875
2000,58,3,0,1,319182.9375,2120.396728515625,664.3201904296875
2000,58,3,0,2,220311.515625,1172.229614257813,532.0782470703125
2000,59,0,0,1,1151308,13640,1184.739501953125
2000,59,0,0,2,1248733,9152,732.9028930664063
2000,59,1,0,1,804047.3125,11462.23046875,1425.566650390625
2000,59,1,0,2,1006625.4375,8014.8583984375,796.2105712890625
2000,59,3,0,1,347260.59375,2177.769775390625,627.12841796875
2000,59,3,0,2,242107.625,1137.1416015625,469.684326171875
2000,60,0,0,1,1119568,14152,1264.058959960938
2000,60,0,0,2,1218334,9596,787.6329345703125
2000,60,1,0,1,819323.875,11948.1337890625,1458.291870117188
2000,60,1,0,2,964444.9375,8443.623046875,875.4904174804688
2000,60,3,0,1,300244.09375,2203.8662109375,734.0248413085938
2000,60,3,0,2,253889.171875,1152.376831054688,453.8897094726563
2000,61,0,0,1,1067425,14657,1373.117553710938
2000,61,0,0,2,1162793,10435,897.408203125
2000,61,1,0,1,770286.125,12387.1875,1608.128051757813
2000,61,1,0,2,923551.25,9306.486328125,1007.684875488281
2000,61,3,0,1,297138.875,2269.812744140625,763.8895263671875
2000,61,3,0,2,239241.6875,1128.51318359375,471.7042541503906
2000,62,0,0,1,1042104,15832,1519.234130859375
2000,62,0,0,2,1148255,11092,965.987548828125
2000,62,1,0,1,801435.9375,13404.888671875,1672.60888671875
2000,62,1,0,2,969753.625,9853.703125,1016.103759765625
2000,62,3,0,1,240667.984375,2427.111328125,1008.489501953125
2000,62,3,0,2,178501.296875,1238.296752929688,693.7186279296875
2000,63,0,0,1,979869,16511,1685.021118164063
2000,63,0,0,2,1089580,11507,1056.094970703125
2000,63,1,0,1,754788.1875,14018.4462890625,1857.268920898438
2000,63,1,0,2,929294.8125,10230.703125,1100.910400390625
2000,63,3,0,1,225080.765625,2492.55419921875,1107.404296875
2000,63,3,0,2,160285.140625,1276.296997070313,796.2666015625
2000,64,0,0,1,957957,17744,1852.275146484375
2000,64,0,0,2,1077244,12569,1166.773681640625
2000,64,1,0,1,699381,15070.72265625,2154.865966796875
2000,64,1,0,2,883731.9375,11285.0009765625,1276.971069335938
2000,64,3,0,1,258576.015625,2673.27734375,1033.845825195313
2000,64,3,0,2,193512.125,1283.99951171875,663.5240478515625
2000,65,0,0,1,954031,18614,1951.089599609375
2000,65,0,0,2,1085306,13536,1247.205810546875
2000,65,1,0,1,759501.0625,15936.7333984375,2098.316162109375
2000,65,1,0,2,908683.6875,12181.861328125,1340.605224609375
2000,65,3,0,1,194529.96875,2677.26708984375,1376.27490234375
2000,65,3,0,2,176622.296875,1354.13818359375,766.6858520507813
2000,66,0,0,1,873031,18960,2171.744140625
2000,66,0,0,2,1003753,14175,1412.200073242188
2000,66,1,0,1,670791.5,15987.283203125,2383.34619140625
2000,66,1,0,2,872721.5625,12797.9072265625,1466.4365234375
2000,66,3,0,1,202239.53125,2972.716796875,1469.89892578125
2000,66,3,0,2,131031.3515625,1377.092407226563,1050.964111328125
2000,67,0,0,1,869025,20658,2377.146728515625
2000,67,0,0,2,1013867,15384,1517.358764648438
2000,67,1,0,1,665610.25,17309.6328125,2600.56591796875
2000,67,1,0,2,880497.8125,13962.4013671875,1585.739501953125
2000,67,3,0,1,203414.765625,3348.367431640625,1646.078857421875
2000,67,3,0,2,133369.25,1421.598999023438,1065.912109375
2000,68,0,0,1,857003,22082,2576.65380859375
2000,68,0,0,2,1010761,16719,1654.100219726563
2000,68,1,0,1,639489.375,18518.8203125,2895.876220703125
2000,68,1,0,2,857157.25,15168.4169921875,1769.618896484375
2000,68,3,0,1,217513.6875,3563.18017578125,1638.140625
2000,68,3,0,2,153603.703125,1550.582763671875,1009.469665527344
2000,69,0,0,1,845387,23621,2794.10498046875
2000,69,0,0,2,1011745,17990,1778.115966796875
2000,69,1,0,1,633941.625,19755.8828125,3116.356689453125
2000,69,1,0,2,878815.375,16363.943359375,1862.045654296875
2000,69,3,0,1,211445.3125,3865.11767578125,1827.951416015625
2000,69,3,0,2,132929.71875,1626.056518554688,1223.245239257813
2000,70,0,0,1,848854,25690,3026.433349609375
2000,70,0,0,2,1035444,19904,1922.267211914063
2000,70,1,0,1,647707.4375,21803.51171875,3366.25927734375
2000,70,1,0,2,901161.875,18134.302734375,2012.32470703125
2000,70,3,0,1,201146.625,3886.48828125,1932.166748046875
2000,70,3,0,2,134282.171875,1769.697021484375,1317.894287109375
2000,71,0,0,1,799703,27007,3377.128662109375
2000,71,0,0,2,988614,21150,2139.358642578125
2000,71,1,0,1,635752.4375,22884.015625,3599.516845703125
2000,71,1,0,2,853723.375,19228.9375,2252.361572265625
2000,71,3,0,1,163950.59375,4122.98388671875,2514.772216796875
2000,71,3,0,2,134890.578125,1921.063110351563,1424.1640625
2000,72,0,0,1,787324,29167,3704.573974609375
2000,72,0,0,2,994611,23224,2334.983154296875
2000,72,1,0,1,601615.9375,24624.572265625,4093.07177734375
2000,72,1,0,2,871897.4375,21204.333984375,2431.975830078125
2000,72,3,0,1,185708.046875,4542.42822265625,2446.005126953125
2000,72,3,0,2,122713.546875,2019.66552734375,1645.837524414063
2000,73,0,0,1,757651,30297,3998.806884765625
2000,73,0,0,2,977727,24886,2545.291259765625
2000,73,1,0,1,594645.1875,25657.947265625,4314.8330078125
2000,73,1,0,2,879983.25,22570.349609375,2564.861328125
2000,73,3,0,1,163005.75,4639.05322265625,2845.944580078125
2000,73,3,0,2,97743.734375,2315.65087890625,2369.104248046875
2000,74,0,0,1,716602,31312,4369.5107421875
2000,74,0,0,2,953498,26833,2814.164306640625
2000,74,1,0,1,554220.5625,26384.05859375,4760.5703125
2000,74,1,0,2,858575.125,24515.052734375,2855.318359375
2000,74,3,0,1,162381.46875,4927.9423828125,3034.79345703125
2000,74,3,0,2,94922.8828125,2317.947021484375,2441.926513671875
2000,75,0,0,1,695724,32971,4739.091796875
2000,75,0,0,2,953983,29663,3109.384521484375
2000,75,1,0,1,579221.125,27501.927734375,4748.087890625
2000,75,1,0,2,872698.5,27188.04296875,3115.3994140625
2000,75,3,0,1,116502.90625,5469.072265625,4694.36572265625
2000,75,3,0,2,81284.5859375,2474.95751953125,3044.805419921875
2000,76,0,0,1,651889,33727,5173.7333984375
2000,76,0,0,2,916568,31019,3384.255126953125
2000,76,1,0,1,536506.3125,28392.474609375,5292.1044921875
2000,76,1,0,2,833699.8125,28472.728515625,3415.2255859375
2000,76,3,0,1,115382.6953125,5334.52587890625,4623.33251953125
2000,76,3,0,2,82868.1796875,2546.271728515625,3072.67724609375
2000,77,0,0,1,606473,34530,5693.57568359375
2000,77,0,0,2,866263,32347,3734.08544921875
2000,77,1,0,1,464042.90625,29138.408203125,6279.24853515625
2000,77,1,0,2,773419.875,29738.578125,3845.075439453125
2000,77,3,0,1,142430.0625,5391.59228515625,3785.431396484375
2000,77,3,0,2,92843.125,2608.421142578125,2809.4931640625
2000,78,0,0,1,573878,35746,6228.85009765625
2000,78,0,0,2,843792,35009,4149.00830078125
2000,78,1,0,1,447589.65625,30232.51953125,6754.51708984375
2000,78,1,0,2,758840,32018.43359375,4219.39208984375
2000,78,3,0,1,126288.359375,5513.48046875,4365.78662109375
2000,78,3,0,2,84951.9765625,2990.567138671875,3520.30322265625
2000,79,0,0,1,528918,36353,6873.087890625
2000,79,0,0,2,801131,36335,4535.462890625
2000,79,1,0,1,408752.28125,30757.830078125,7524.8095703125
2000,79,1,0,2,720998.5,33185.4140625,4602.7021484375
2000,79,3,0,1,120165.7265625,5595.169921875,4656.2109375
2000,79,3,0,2,80132.4765625,3149.583984375,3930.47119140625
2000,80,0,0,1,476213,35604,7476.486328125
2000,80,0,0,2,753040,38076,5056.30517578125
2000,80,1,0,1,405405.15625,30425.001953125,7504.83837890625
2000,80,1,0,2,684505.5625,34858.40234375,5092.49365234375
2000,80,3,0,1,70807.8046875,5178.9970703125,7314.1611328125
2000,80,3,0,2,68534.3984375,3217.598876953125,4694.8671875
2000,81,0,0,1,404997,33516,8275.6171875
2000,81,0,0,2,661144,37461,5666.087890625
2000,81,1,0,1,315809.65625,28510.669921875,9027.8017578125
2000,81,1,0,2,614306.125,34290.3515625,5581.96484375
2000,81,3,0,1,89187.3515625,5005.330078125,5612.15234375
2000,81,3,0,2,46837.9375,3170.646484375,6769.39794921875
2000,82,0,0,1,372852,34053,9133.1142578125
2000,82,0,0,2,629452,39322,6247.02099609375
2000,82,1,0,1,303764.25,28986.44921875,9542.416015625
2000,82,1,0,2,573628.9375,35769.453125,6235.64306640625
2000,82,3,0,1,69087.734375,5066.5498046875,7333.5009765625
2000,82,3,0,2,55823.0546875,3552.545166015625,6363.93896484375
2000,83,0,0,1,319064,32350,10139.03125
2000,83,0,0,2,564938,39953,7072.103515625
2000,83,1,0,1,261510.78125,27827.25390625,10640.958984375
2000,83,1,0,2,514840,36427.0390625,7075.40966796875
2000,83,3,0,1,57553.2109375,4522.74560546875,7858.37255859375
2000,83,3,0,2,50098.03125,3525.961669921875,7038.1240234375
2000,84,0,0,1,279887,31369,11207.7373046875
2000,84,0,0,2,522953,41041,7847.9326171875
2000,84,1,0,1,215845.390625,26854.796875,12441.681640625
2000,84,1,0,2,473936.96875,37453.0234375,7902.53271484375
2000,84,3,0,1,64041.60546875,4514.20361328125,7048.86083984375
2000,84,3,0,2,49015.99609375,3587.978271484375,7320.01513671875
2001,25,0,0,1,1859564,2472,132.9343872070313
2001,25,0,0,2,1800155,934,51.88442230224609
2001,25,1,0,1,1428652.75,2234.3896484375,156.3983764648438
2001,25,1,0,2,1261748.75,773.3002319335938,61.28797149658203
2001,25,3,0,1,430911.28125,237.6103515625,55.14136123657227
2001,25,3,0,2,538406.1875,160.6997680664063,29.84731101989746
2001,26,0,0,1,1909984,2635,137.9592742919922
2001,26,0,0,2,1858168,938,50.47982788085938
2001,26,1,0,1,1437683.625,2362.157470703125,164.3030090332031
2001,26,1,0,2,1289419.25,782.3870849609375,60.6774787902832
2001,26,3,0,1,472300.46875,272.8424682617188,57.76883316040039
2001,26,3,0,2,568748.6875,155.6128997802734,27.36057281494141
2001,27,0,0,1,1853810,2498,134.74951171875
2001,27,0,0,2,1814890,1013,55.81605529785156
2001,27,1,0,1,1348804.25,2256.016357421875,167.2604675292969
2001,27,1,0,2,1272257.75,852.0360107421875,66.97039031982422
2001,27,3,0,1,505005.78125,241.9837188720703,47.91701889038086
2001,27,3,0,2,542632.125,160.9639892578125,29.6635570526123
2001,28,0,0,1,1898587,2665,140.3675537109375
2001,28,0,0,2,1867542,1098,58.79385757446289
2001,28,1,0,1,1417350.25,2387.797119140625,168.4691009521484
2001,28,1,0,2,1288502,945.1411743164063,73.35193634033203
2001,28,3,0,1,481236.75,277.2028198242188,57.6021728515625
2001,28,3,0,2,579040.0625,152.8588256835938,26.39866065979004
2001,29,0,0,1,1994289,2736,137.1917572021484
2001,29,0,0,2,1962358,1222,62.27202224731445
2001,29,1,0,1,1459456.75,2439.724853515625,167.1666412353516
2001,29,1,0,2,1337690.625,1019.4052734375,76.20635223388672
2001,29,3,0,1,534832.375,296.2752075195313,55.39590072631836
2001,29,3,0,2,624667.375,202.5947418212891,32.43241882324219
2001,30,0,0,1,2121783,3008,141.7675628662109
2001,30,0,0,2,2096477,1374,65.53852081298828
2001,30,1,0,1,1505383.75,2630.79443359375,174.7590637207031
2001,30,1,0,2,1451331.5,1145,78.89307403564453
2001,30,3,0,1,616399.25,377.20556640625,61.19500732421875
2001,30,3,0,2,645145.4375,229,35.49587249755859
2001,31,0,0,1,2174543,3066,140.9951477050781
2001,31,0,0,2,2128146,1372,64.46926116943359
2001,31,1,0,1,1523469.875,2695.52490234375,176.9332580566406
2001,31,1,0,2,1474617.75,1141.538452148438,77.41249847412109
2001,31,3,0,1,651073.125,370.4750061035156,56.9022102355957
2001,31,3,0,2,653528.375,230.4615325927734,35.26419830322266
2001,32,0,0,1,2055935,3015,146.6486053466797
2001,32,0,0,2,2026967,1556,76.76493835449219
2001,32,1,0,1,1440839.875,2607.0439453125,180.9391937255859
2001,32,1,0,2,1390418.625,1313.311279296875,94.45437622070313
2001,32,3,0,1,615095.125,407.9560852050781,66.32406616210938
2001,32,3,0,2,636548.25,242.6887512207031,38.1257438659668
2001,33,0,0,1,2016658,3240,160.6618499755859
2001,33,0,0,2,1998254,1639,82.0216064453125
2001,33,1,0,1,1433636.75,2842.63134765625,198.2811431884766
2001,33,1,0,2,1394832.25,1393.3095703125,99.89083099365234
2001,33,3,0,1,583021.3125,397.3685913085938,68.15678405761719
2001,33,3,0,2,603421.8125,245.6904602050781,40.71620559692383
2001,34,0,0,1,2019326,3422,169.4624786376953
2001,34,0,0,2,2014086,1780,88.37755584716797
2001,34,1,0,1,1454519.25,3007.86572265625,206.7944946289063
2001,34,1,0,2,1409871,1497.064575195313,106.1845092773438
2001,34,3,0,1,564806.75,414.1342468261719,73.32317352294922
2001,34,3,0,2,604214.9375,282.9354553222656,46.82695388793945
2001,35,0,0,1,2085387,3894,186.7279357910156
2001,35,0,0,2,2075753,2007,96.68780517578125
2001,35,1,0,1,1520600.75,3440.183837890625,226.2384643554688
2001,35,1,0,2,1507752.25,1726.3828125,114.5004272460938
2001,35,3,0,1,564786.1875,453.8160705566406,80.35183715820313
2001,35,3,0,2,568000.8125,280.6172180175781,49.40436935424805
2001,36,0,0,1,2232492,4256,190.6389770507813
2001,36,0,0,2,2225186,2341,105.2046890258789
2001,36,1,0,1,1606671.375,3748.3837890625,233.3012084960938
2001,36,1,0,2,1628257.625,1987.439331054688,122.0592651367188
2001,36,3,0,1,625820.625,507.6161193847656,81.11207580566406
2001,36,3,0,2,596928.4375,353.5606384277344,59.22998809814453
2001,37,0,0,1,2260101,4859,214.9903869628906
2001,37,0,0,2,2274547,2613,114.8800201416016
2001,37,1,0,1,1618254,4296.77490234375,265.5191955566406
2001,37,1,0,2,1653166,2252.734130859375,136.2678680419922
2001,37,3,0,1,641847,562.2249755859375,87.59485626220703
2001,37,3,0,2,621381,360.2658996582031,57.9782600402832
2001,38,0,0,1,2251371,5202,231.0592041015625
2001,38,0,0,2,2277958,2971,130.423828125
2001,38,1,0,1,1638925.625,4564.822265625,278.5252990722656
2001,38,1,0,2,1669988.25,2572.0556640625,154.0163879394531
2001,38,3,0,1,612445.25,637.1776123046875,104.0382995605469
2001,38,3,0,2,607969.875,398.9443359375,65.61909484863281
2001,39,0,0,1,2265057,5516,243.52587890625
2001,39,0,0,2,2288066,3236,141.4294891357422
2001,39,1,0,1,1646062,4874.3056640625,296.1192016601563
2001,39,1,0,2,1690218.5,2797.421142578125,165.5064849853516
2001,39,3,0,1,618995,641.6943359375,103.6671295166016
2001,39,3,0,2,597847.5,438.5787658691406,73.35964202880859
2001,40,0,0,1,2284503,5970,261.3259887695313
2001,40,0,0,2,2322098,3537,152.3191528320313
2001,40,1,0,1,1680253.75,5308.3427734375,315.9250793457031
2001,40,1,0,2,1710556.25,3056.045166015625,178.6579742431641
2001,40,3,0,1,604249.25,661.6570434570313,109.5006790161133
2001,40,3,0,2,611541.8125,480.9548645019531,78.64627838134766
2001,41,0,0,1,2342019,6473,276.3854675292969
2001,41,0,0,2,2358452,3731,158.1969909667969
2001,41,1,0,1,1724952.5,5757.85888671875,333.7981262207031
2001,41,1,0,2,1739428.25,3233.533447265625,185.8963470458984
2001,41,3,0,1,617066.4375,715.1411743164063,115.8937072753906
2001,41,3,0,2,619023.75,497.4666748046875,80.36309814453125
2001,42,0,0,1,2237740,6689,298.9176635742188
2001,42,0,0,2,2276695,3970,174.3755798339844
2001,42,1,0,1,1650744.375,5875.16650390625,355.9101257324219
2001,42,1,0,2,1659515.875,3376.54638671875,203.4657440185547
2001,42,3,0,1,586995.625,813.833740234375,138.6439208984375
2001,42,3,0,2,617179.125,593.45361328125,96.15581512451172
2001,43,0,0,1,2242083,7441,331.8788757324219
2001,43,0,0,2,2281350,4420,193.7449340820313
2001,43,1,0,1,1662280.375,6576.1708984375,395.6114196777344
2001,43,1,0,2,1698020.125,3777.6396484375,222.4731903076172
2001,43,3,0,1,579802.75,864.8292846679688,149.1592254638672
2001,43,3,0,2,583329.875,642.3604125976563,110.1195831298828
2001,44,0,0,1,2208570,7864,356.0675048828125
2001,44,0,0,2,2262324,4684,207.0437316894531
2001,44,1,0,1,1616348.25,6896.919921875,426.6976318359375
2001,44,1,0,2,1636607.875,3962.72607421875,242.1304473876953
2001,44,3,0,1,592221.625,967.0798950195313,163.2969512939453
2001,44,3,0,2,625716.0625,721.27392578125,115.2717590332031
2001,45,0,0,1,2121944,8291,390.7266235351563
2001,45,0,0,2,2180011,4940,226.6043548583984
2001,45,1,0,1,1516029.125,7198.0263671875,474.7947387695313
2001,45,1,0,2,1594692.75,4171.17822265625,261.5662536621094
2001,45,3,0,1,605914.9375,1092.973510742188,180.3839874267578
2001,45,3,0,2,585318.1875,768.822021484375,131.3511199951172
2001,46,0,0,1,2143311,8840,412.4459838867188
2001,46,0,0,2,2188271,5181,236.7622680664063
2001,46,1,0,1,1514431.375,7637.69091796875,504.3273010253906
2001,46,1,0,2,1581669.125,4389.10205078125,277.4981079101563
2001,46,3,0,1,628879.5625,1202.309204101563,191.1827392578125
2001,46,3,0,2,606601.8125,791.8978881835938,130.5465698242188
2001,47,0,0,1,2042517,9429,461.6362915039063
2001,47,0,0,2,2109830,5404,256.1343688964844
2001,47,1,0,1,1435386.75,8102.03564453125,564.4496459960938
2001,47,1,0,2,1528477.75,4500.306640625,294.4306335449219
2001,47,3,0,1,607130.25,1326.964477539063,218.5634002685547
2001,47,3,0,2,581352.1875,903.6932373046875,155.44677734375
2001,48,0,0,1,1972847,9814,497.4536743164063
2001,48,0,0,2,2046074,5514,269.4917297363281
2001,48,1,0,1,1373008,8298.5078125,604.4034423828125
2001,48,1,0,2,1453702.375,4548.75537109375,312.9082946777344
2001,48,3,0,1,599838.9375,1515.492309570313,252.6498718261719
2001,48,3,0,2,592371.625,965.24462890625,162.9457855224609
2001,49,0,0,1,1912415,10193,532.9910278320313
2001,49,0,0,2,1981763,6078,306.6966247558594
2001,49,1,0,1,1305288.5,8560.7421875,655.8505859375
2001,49,1,0,2,1423624.625,5004.5302734375,351.5343933105469
2001,49,3,0,1,607126.4375,1632.258178710938,268.8497924804688
2001,49,3,0,2,558138.3125,1073.469604492188,192.3303985595703
2001,50,0,0,1,1858963,10480,563.7551879882813
2001,50,0,0,2,1937183,6160,317.9875183105469
2001,50,1,0,1,1288539.125,8738.7607421875,678.1913452148438
2001,50,1,0,2,1397087.875,5084.91552734375,363.96533203125
2001,50,3,0,1,570423.9375,1741.238891601563,305.2534790039063
2001,50,3,0,2,540095.125,1075.084350585938,199.0546264648438
2001,51,0,0,1,1862989,11034,592.2740478515625
2001,51,0,0,2,1933991,6524,337.3335266113281
2001,51,1,0,1,1248449,9124.1650390625,730.8400268554688
2001,51,1,0,2,1402509,5315.17578125,378.9762268066406
2001,51,3,0,1,614539.9375,1909.834716796875,310.7747192382813
2001,51,3,0,2,531481.9375,1208.824096679688,227.4440612792969
2001,52,0,0,1,1786849,11402,638.1065063476563
2001,52,0,0,2,1867556,7135,382.0501098632813
2001,52,1,0,1,1172457.625,9304.1708984375,793.5614013671875
2001,52,1,0,2,1355108.75,5979.70751953125,441.2714233398438
2001,52,3,0,1,614391.3125,2097.829345703125,341.4483947753906
2001,52,3,0,2,512447.3125,1155.292358398438,225.4460754394531
2001,53,0,0,1,1775276,12073,680.0632934570313
2001,53,0,0,2,1855738,7824,421.6112365722656
2001,53,1,0,1,1181269.25,9765.546875,826.699462890625
2001,53,1,0,2,1361778.25,6487.64892578125,476.4100952148438
2001,53,3,0,1,594006.875,2307.452880859375,388.4555969238281
2001,53,3,0,2,493959.71875,1336.351196289063,270.5384826660156
2001,54,0,0,1,1862076,13292,713.826904296875
2001,54,0,0,2,1946664,8457,434.4355163574219
2001,54,1,0,1,1233596.125,10677.81640625,865.58447265625
2001,54,1,0,2,1415920.25,7022.4541015625,495.9639587402344
2001,54,3,0,1,628479.9375,2614.18310546875,415.9533081054688
2001,54,3,0,2,530743.75,1434.5458984375,270.2897338867188
2001,55,0,0,1,1386854,11552,832.9644165039063
2001,55,0,0,2,1464238,7411,506.1335754394531
2001,55,1,0,1,936774.8125,9455.1806640625,1009.333374023438
2001,55,1,0,2,1110230.875,6281.1630859375,565.7528686523438
2001,55,3,0,1,450079.125,2096.819091796875,465.8778686523438
2001,55,3,0,2,354007.125,1129.836791992188,319.1565246582031
2001,56,0,0,1,1383009,12151,878.591552734375
2001,56,0,0,2,1463829,7958,543.6427612304688
2001,56,1,0,1,958529.375,9994.1787109375,1042.657470703125
2001,56,1,0,2,1120838.625,6770.73486328125,604.0775756835938
2001,56,3,0,1,424479.65625,2156.821533203125,508.1095275878906
2001,56,3,0,2,342990.3125,1187.265014648438,346.1511840820313
2001,57,0,0,1,1357485,13207,972.902099609375
2001,57,0,0,2,1447922,8815,608.8035278320313
2001,57,1,0,1,954159.5,10983.515625,1151.119506835938
2001,57,1,0,2,1127525.625,7519.4912109375,666.9020385742188
2001,57,3,0,1,403325.53125,2223.484375,551.2877807617188
2001,57,3,0,2,320396.375,1295.5087890625,404.3456420898438
2001,58,0,0,1,1399744,14710,1050.906494140625
2001,58,0,0,2,1500388,9815,654.1641235351563
2001,58,1,0,1,988043.4375,12221.3974609375,1236.92919921875
2001,58,1,0,2,1174695.125,8436.458984375,718.182861328125
2001,58,3,0,1,411700.5,2488.60302734375,604.4692993164063
2001,58,3,0,2,325692.84375,1378.541381835938,423.2642517089844
2001,59,0,0,1,1232487,14181,1150.600341796875
2001,59,0,0,2,1333019,9723,729.39697265625
2001,59,1,0,1,884309.625,11900.2236328125,1345.707763671875
2001,59,1,0,2,1066185.125,8456.5087890625,793.15576171875
2001,59,3,0,1,348177.40625,2280.776611328125,655.0616455078125
2001,59,3,0,2,266833.9375,1266.49072265625,474.6362915039063
2001,60,0,0,1,1138884,14542,1276.864013671875
2001,60,0,0,2,1241416,9811,790.3071899414063
2001,60,1,0,1,848791.375,12218.779296875,1439.550415039063
2001,60,1,0,2,1004451.75,8601.46875,856.334716796875
2001,60,3,0,1,290092.59375,2323.220703125,800.8548583984375
2001,60,3,0,2,236964.265625,1209.531372070313,510.4277648925781
2001,61,0,0,1,1110151,14909,1342.970458984375
2001,61,0,0,2,1213556,10330,851.2174072265625
2001,61,1,0,1,820809.3125,12651.044921875,1541.289184570313
2001,61,1,0,2,1010100.0625,9123.677734375,903.2449340820313
2001,61,3,0,1,289341.71875,2257.954833984375,780.3765258789063
2001,61,3,0,2,203455.9375,1206.322143554688,592.9156494140625
2001,62,0,0,1,1056502,15801,1495.595825195313
2001,62,0,0,2,1156768,11082,958.0140380859375
2001,62,1,0,1,790515.5625,13345.6142578125,1688.216552734375
2001,62,1,0,2,956589.5,9795.2099609375,1023.97216796875
2001,62,3,0,1,265986.4375,2455.385498046875,923.1243286132813
2001,62,3,0,2,200178.5,1286.790283203125,642.8214111328125
2001,63,0,0,1,1030410,16672,1617.996704101563
2001,63,0,0,2,1141614,11904,1042.734252929688
2001,63,1,0,1,773232.5625,14171.8486328125,1832.805419921875
2001,63,1,0,2,955867.4375,10518.1806640625,1100.380737304688
2001,63,3,0,1,257177.4375,2500.1513671875,972.1503295898438
2001,63,3,0,2,185746.59375,1385.819702148438,746.080810546875
2001,64,0,0,1,966203,17233,1783.57958984375
2001,64,0,0,2,1080816,12332,1140.98974609375
2001,64,1,0,1,723703.25,14594.3359375,2016.618774414063
2001,64,1,0,2,903314,10996.9052734375,1217.395629882813
2001,64,3,0,1,242499.765625,2638.66455078125,1088.110107421875
2001,64,3,0,2,177501.953125,1335.094360351563,752.1575317382813
2001,65,0,0,1,943626,18366,1946.321899414063
2001,65,0,0,2,1068644,13193,1234.55517578125
2001,65,1,0,1,716264.3125,15504.4111328125,2164.62158203125
2001,65,1,0,2,894490.0625,11806.2265625,1319.883422851563
2001,65,3,0,1,227361.703125,2861.588623046875,1258.606201171875
2001,65,3,0,2,174153.921875,1386.773315429688,796.291748046875
2001,66,0,0,1,938399,19340,2060.95703125
2001,66,0,0,2,1075042,14295,1329.715454101563
2001,66,1,0,1,707581.6875,16432.65234375,2322.3681640625
2001,66,1,0,2,922975.1875,12834.861328125,1390.596557617188
2001,66,3,0,1,230817.296875,2907.348388671875,1259.588623046875
2001,66,3,0,2,152066.796875,1460.138305664063,960.1953735351563
2001,67,0,0,1,857420,19994,2331.87939453125
2001,67,0,0,2,993065,14971,1507.554931640625
2001,67,1,0,1,653489.75,16872.12109375,2581.849365234375
2001,67,1,0,2,849288.125,13516.966796875,1591.564331054688
2001,67,3,0,1,203930.296875,3121.879638671875,1530.856201171875
2001,67,3,0,2,143776.90625,1454.033325195313,1011.312133789063
2001,68,0,0,1,851383,21299,2501.6943359375
2001,68,0,0,2,1001409,16051,1602.841552734375
2001,68,1,0,1,649022.125,17812.947265625,2744.58251953125
2001,68,1,0,2,860265.625,14512.873046875,1687.022338867188
2001,68,3,0,1,202360.875,3486.05322265625,1722.691284179688
2001,68,3,0,2,141143.328125,1538.127319335938,1089.7626953125
2001,69,0,0,1,836787,23111,2761.873779296875
2001,69,0,0,2,996458,17612,1767.460327148438
2001,69,1,0,1,623618.8125,19352.29296875,3103.224609375
2001,69,1,0,2,859059.6875,15864.896484375,1846.774658203125
2001,69,3,0,1,213168.21875,3758.707275390625,1763.2587890625
2001,69,3,0,2,137398.296875,1747.103515625,1271.561279296875
2001,70,0,0,1,822982,24481,2974.670166015625
2001,70,0,0,2,994877,19075,1917.322387695313
2001,70,1,0,1,622074.875,20430.349609375,3284.226806640625
2001,70,1,0,2,857342.25,17289.259765625,2016.611206054688
2001,70,3,0,1,200907.109375,4050.65087890625,2016.180908203125
2001,70,3,0,2,137534.703125,1785.740112304688,1298.392333984375
2001,71,0,0,1,826369,26412,3196.15087890625
2001,71,0,0,2,1018307,21031,2065.290771484375
2001,71,1,0,1,633032.3125,22307.498046875,3523.911376953125
2001,71,1,0,2,871373.5625,19135.130859375,2195.973388671875
2001,71,3,0,1,193336.734375,4104.50244140625,2122.981201171875
2001,71,3,0,2,146933.421875,1895.86962890625,1290.291625976563
2001,72,0,0,1,774723,27749,3581.79638671875
2001,72,0,0,2,969044,22278,2298.966796875
2001,72,1,0,1,606045.3125,23405.546875,3862.0126953125
2001,72,1,0,2,840734.6875,20184.36328125,2400.800537109375
2001,72,3,0,1,168677.6875,4343.4521484375,2575.0009765625
2001,72,3,0,2,128309.2890625,2093.636474609375,1631.710815429688
2001,73,0,0,1,760633,29964,3939.3505859375
2001,73,0,0,2,972997,24644,2532.79296875
2001,73,1,0,1,592147.4375,25270.947265625,4267.67822265625
2001,73,1,0,2,855393.0625,22464.380859375,2626.20556640625
2001,73,3,0,1,168485.625,4693.05322265625,2785.432373046875
2001,73,3,0,2,117603.9453125,2179.619140625,1853.35546875
2001,74,0,0,1,728731,30865,4235.44482421875
2001,74,0,0,2,953283,26229,2751.43896484375
2001,74,1,0,1,578149.3125,25974.787109375,4492.7470703125
2001,74,1,0,2,837565.625,23836.115234375,2845.88037109375
2001,74,3,0,1,150581.625,4890.212890625,3247.549560546875
2001,74,3,0,2,115717.40625,2392.884521484375,2067.869140625
2001,75,0,0,1,685103,32102,4685.71875
2001,75,0,0,2,925789,28150,3040.649658203125
2001,75,1,0,1,529496.1875,26724.0078125,5047.0634765625
2001,75,1,0,2,822501.25,25566.74609375,3108.414306640625
2001,75,3,0,1,155606.8125,5377.9921875,3456.141845703125
2001,75,3,0,2,103287.78125,2583.25439453125,2501.026123046875
2001,76,0,0,1,663891,33744,5082.76220703125
2001,76,0,0,2,925212,31023,3353.0693359375
2001,76,1,0,1,526541.9375,28268.94140625,5368.7919921875
2001,76,1,0,2,826286.6875,28394.908203125,3436.447509765625
2001,76,3,0,1,137349.046875,5475.05859375,3986.237060546875
2001,76,3,0,2,98925.3125,2628.091552734375,2656.64208984375
2001,77,0,0,1,618080,34456,5574.68310546875
2001,77,0,0,2,885017,32466,3668.404052734375
2001,77,1,0,1,480326.9375,28753.98046875,5986.3349609375
2001,77,1,0,2,793934.5,29740.125,3745.916748046875
2001,77,3,0,1,137753.078125,5702.01904296875,4139.30419921875
2001,77,3,0,2,91082.515625,2725.87548828125,2992.75390625
2001,78,0,0,1,572230,34717,6066.96630859375
2001,78,0,0,2,833703,34009,4079.2705078125
2001,78,1,0,1,454138.625,29081.103515625,6403.57421875
2001,78,1,0,2,743260.0625,31194.505859375,4196.98388671875
2001,78,3,0,1,118091.359375,5635.8974609375,4772.4892578125
2001,78,3,0,2,90442.96875,2814.49365234375,3111.898681640625
2001,79,0,0,1,537950,36292,6746.35205078125
2001,79,0,0,2,808438,36718,4541.8447265625
2001,79,1,0,1,434326.28125,30498.765625,7022.0859375
2001,79,1,0,2,725821.5625,33561.2109375,4623.892578125
2001,79,3,0,1,103623.7109375,5793.23388671875,5590.64501953125
2001,79,3,0,2,82616.4609375,3156.789794921875,3821.017822265625
2001,80,0,0,1,491840,35983,7315.9970703125
2001,80,0,0,2,762992,38619,5061.52099609375
2001,80,1,0,1,399958.25,30314.810546875,7579.49365234375
2001,80,1,0,2,681717.75,35242.6953125,5169.68994140625
2001,80,3,0,1,91881.75,5668.1904296875,6169.005859375
2001,80,3,0,2,81274.2734375,3376.3037109375,4154.20947265625
2001,81,0,0,1,439939,35451,8058.16259765625
2001,81,0,0,2,714199,39167,5484.0458984375
2001,81,1,0,1,367236,30139.75390625,8207.189453125
2001,81,1,0,2,642182,35781.5234375,5571.8662109375
2001,81,3,0,1,72703.0078125,5311.2470703125,7305.40234375
2001,81,3,0,2,72017.015625,3385.475341796875,4700.93798828125
2001,82,0,0,1,370580,33552,9053.9150390625
2001,82,0,0,2,622491,39090,6279.60888671875
2001,82,1,0,1,305206.75,28453.28125,9322.625
2001,82,1,0,2,560613.25,35738.359375,6374.86865234375
2001,82,3,0,1,65373.25390625,5098.71875,7799.3955078125
2001,82,3,0,2,61877.78125,3351.64013671875,5416.548828125
2001,83,0,0,1,338416,33171,9801.841796875
2001,83,0,0,2,588776,40597,6895.15185546875
2001,83,1,0,1,273865.84375,28014.208984375,10229.171875
2001,83,1,0,2,532438.125,36930.6484375,6936.13916015625
2001,83,3,0,1,64550.1484375,5156.79150390625,7988.814453125
2001,83,3,0,2,56337.875,3666.35009765625,6507.7890625
2001,84,0,0,1,285856,31274,10940.4736328125
2001,84,0,0,2,523116,41348,7904.17431640625
2001,84,1,0,1,232860.6875,26531.849609375,11393.8720703125
2001,84,1,0,2,468145.46875,37649.31640625,8042.22607421875
2001,84,3,0,1,52995.3046875,4742.1513671875,8948.248046875
2001,84,3,0,2,54970.52734375,3698.684814453125,6728.48681640625
2002,25,0,0,1,1916744,2588,135.0206451416016
2002,25,0,0,2,1862425,919,49.34426879882813
2002,25,1,0,1,1477485,2389.086669921875,161.6995544433594
2002,25,1,0,2,1305262.75,791.5711059570313,60.64458084106445
2002,25,3,0,1,439259.09375,198.9132690429688,45.2838134765625
2002,25,3,0,2,557162.1875,127.4289093017578,22.87106132507324
2002,26,0,0,1,1856790,2645,142.4501495361328
2002,26,0,0,2,1813125,942,51.95449829101563
2002,26,1,0,1,1390645.25,2428.56201171875,174.6356201171875
2002,26,1,0,2,1279599.875,813.2528686523438,63.55524826049805
2002,26,3,0,1,466144.84375,216.4380340576172,46.43149948120117
2002,26,3,0,2,533525.125,128.7471466064453,24.13141250610352
2002,27,0,0,1,1914753,2535,132.3930511474609
2002,27,0,0,2,1876960,951,50.66703796386719
2002,27,1,0,1,1422162.625,2306.399169921875,162.1754913330078
2002,27,1,0,2,1300729.75,814.9886474609375,62.6562614440918
2002,27,3,0,1,492590.375,228.6007690429688,46.40788269042969
2002,27,3,0,2,576230.25,136.0113525390625,23.60364723205566
2002,28,0,0,1,1857165,2499,134.5599365234375
2002,28,0,0,2,1824836,1052,57.64901733398438
2002,28,1,0,1,1381848.625,2249.3134765625,162.7756805419922
2002,28,1,0,2,1257243.25,898.9623413085938,71.50265502929688
2002,28,3,0,1,475316.25,249.6865997314453,52.53062438964844
2002,28,3,0,2,567592.8125,153.0376434326172,26.96257591247559
2002,29,0,0,1,1897302,2687,141.6221618652344
2002,29,0,0,2,1871240,1141,60.97560882568359
2002,29,1,0,1,1373651.375,2436.18505859375,177.3510437011719
2002,29,1,0,2,1268232.5,991.8920288085938,78.21058654785156
2002,29,3,0,1,523650.75,250.8148803710938,47.89735794067383
2002,29,3,0,2,603007.625,149.1079559326172,24.72737503051758
2002,30,0,0,1,2012465,2892,143.7043609619141
2002,30,0,0,2,1981699,1273,64.23780822753906
2002,30,1,0,1,1454352.5,2592.0888671875,178.2297515869141
2002,30,1,0,2,1352797.5,1098.274536132813,81.18543243408203
2002,30,3,0,1,558112.5625,299.9111022949219,53.73666763305664
2002,30,3,0,2,628901.5,174.7254943847656,27.78264808654785
2002,31,0,0,1,2112815,3113,147.3389739990234
2002,31,0,0,2,2098098,1412,67.29904937744141
2002,31,1,0,1,1462772.25,2778.739501953125,189.9639129638672
2002,31,1,0,2,1431724.625,1201.542236328125,83.92272186279297
2002,31,3,0,1,650042.75,334.2603759765625,51.42129135131836
2002,31,3,0,2,666373.375,210.4577941894531,31.58256340026855
2002,32,0,0,1,2184931,3086,141.2401580810547
2002,32,0,0,2,2146046,1570,73.15779876708984
2002,32,1,0,1,1532240.625,2736.239013671875,178.57763671875
2002,32,1,0,2,1447427.875,1357.462524414063,93.78446960449219
2002,32,3,0,1,652690.25,349.7608947753906,53.58757781982422
2002,32,3,0,2,698618.125,212.5374145507813,30.42254447937012
2002,33,0,0,1,2058617,3312,160.8847045898438
2002,33,0,0,2,2036914,1626,79.82663726806641
2002,33,1,0,1,1460618.75,2991.6904296875,204.8235015869141
2002,33,1,0,2,1383688.5,1374.369873046875,99.3265380859375
2002,33,3,0,1,597998.25,320.3094787597656,53.56361389160156
2002,33,3,0,2,653225.4375,251.6301574707031,38.52118301391602
2002,34,0,0,1,2019285,3379,167.3364562988281
2002,34,0,0,2,2007436,1733,86.32902526855469
2002,34,1,0,1,1433149,3042.711669921875,212.3095092773438
2002,34,1,0,2,1388852.5,1500.224853515625,108.0190200805664
2002,34,3,0,1,586136,336.2883911132813,57.37378311157227
2002,34,3,0,2,618583.4375,232.7751007080078,37.63034820556641
2002,35,0,0,1,2025303,3640,179.7261962890625
2002,35,0,0,2,2024887,1952,96.40044403076172
2002,35,1,0,1,1449329.75,3254.18359375,224.5302429199219
2002,35,1,0,2,1424785.625,1663.574951171875,116.7596664428711
2002,35,3,0,1,575973.25,385.8163452148438,66.98511505126953
2002,35,3,0,2,600101.375,288.4250183105469,48.06271743774414
2002,36,0,0,1,2084490,3960,189.9745330810547
2002,36,0,0,2,2083908,2177,104.4671859741211
2002,36,1,0,1,1488330.625,3568.058349609375,239.735595703125
2002,36,1,0,2,1510845.5,1885.370239257813,124.7890853881836
2002,36,3,0,1,596159.3125,391.9417419433594,65.74446105957031
2002,36,3,0,2,573062.5,291.6297607421875,50.88969421386719
2002,37,0,0,1,2229027,4540,203.6763153076172
2002,37,0,0,2,2230362,2511,112.5826187133789
2002,37,1,0,1,1604911.875,4083.740234375,254.4526214599609
2002,37,1,0,2,1611132.75,2183.058837890625,135.4983825683594
2002,37,3,0,1,624115.0625,456.259765625,73.10507202148438
2002,37,3,0,2,619229.3125,327.9411010742188,52.95955657958984
2002,38,0,0,1,2258080,5056,223.9070434570313
2002,38,0,0,2,2280768,2800,122.7656631469727
2002,38,1,0,1,1621596.625,4511.3583984375,278.2047119140625
2002,38,1,0,2,1649052.125,2455.72900390625,148.9176025390625
2002,38,3,0,1,636483.375,544.6416625976563,85.57044219970703
2002,38,3,0,2,631715.9375,344.2710266113281,54.49775695800781
2002,39,0,0,1,2250872,5430,241.2398376464844
2002,39,0,0,2,2283521,3281,143.6816253662109
2002,39,1,0,1,1619723.75,4832.86083984375,298.3756103515625
2002,39,1,0,2,1654942,2875.938232421875,173.7787933349609
2002,39,3,0,1,631148.1875,597.13916015625,94.61156463623047
2002,39,3,0,2,628579.125,405.0617370605469,64.44084930419922
2002,40,0,0,1,2260679,6074,268.6803283691406
2002,40,0,0,2,2291233,3448,150.4866638183594
2002,40,1,0,1,1629371.75,5407.73583984375,331.890869140625
2002,40,1,0,2,1677025.75,2989.124267578125,178.2396240234375
2002,40,3,0,1,631307.25,666.2640991210938,105.5372161865234
2002,40,3,0,2,614207.1875,458.8756103515625,74.71022796630859
2002,41,0,0,1,2284301,6471,283.2814025878906
2002,41,0,0,2,2326545,3847,165.3524932861328
2002,41,1,0,1,1669298.5,5769.48095703125,345.6230773925781
2002,41,1,0,2,1682791.125,3325.717529296875,197.6310424804688
2002,41,3,0,1,615002.4375,701.5189208984375,114.0676651000977
2002,41,3,0,2,643753.875,521.2824096679688,80.97541809082031
2002,42,0,0,1,2339185,6982,298.4800109863281
2002,42,0,0,2,2360011,4154,176.0161285400391
2002,42,1,0,1,1700961.875,6245.86474609375,367.196044921875
2002,42,1,0,2,1759371,3569.609130859375,202.8912048339844
2002,42,3,0,1,638223.0625,736.1351318359375,115.3413543701172
2002,42,3,0,2,600640.0625,584.3908081054688,97.294677734375
2002,43,0,0,1,2235579,7382,330.2052917480469
2002,43,0,0,2,2279943,4571,200.4874725341797
2002,43,1,0,1,1635495,6538.435546875,399.7832946777344
2002,43,1,0,2,1670234.125,3900.615234375,233.5370330810547
2002,43,3,0,1,600084.1875,843.5643310546875,140.5743255615234
2002,43,3,0,2,609708.9375,670.3848876953125,109.9516220092773
2002,44,0,0,1,2233678,8058,360.7503051757813
2002,44,0,0,2,2278277,4806,210.9488830566406
2002,44,1,0,1,1631934.25,7126.23974609375,436.6744384765625
2002,44,1,0,2,1678493.125,4130.98828125,246.1129150390625
2002,44,3,0,1,601743.875,931.7601928710938,154.8433227539063
2002,44,3,0,2,599783.875,675.011962890625,112.5425338745117
2002,45,0,0,1,2200968,8442,383.5585021972656
2002,45,0,0,2,2260411,5191,229.6484985351563
2002,45,1,0,1,1594106.625,7484.271484375,469.4962768554688
2002,45,1,0,2,1652625,4450.193359375,269.2802734375
2002,45,3,0,1,606861.375,957.728515625,157.8166809082031
2002,45,3,0,2,607786.0625,740.8067626953125,121.8861083984375
2002,46,0,0,1,2120188,9130,430.6221923828125
2002,46,0,0,2,2180913,5248,240.6331634521484
2002,46,1,0,1,1504189,7960.84228515625,529.2448120117188
2002,46,1,0,2,1601819,4430.984375,276.6220397949219
2002,46,3,0,1,615998.875,1169.15771484375,189.7986755371094
2002,46,3,0,2,579094,817.0157470703125,141.0851745605469
2002,47,0,0,1,2140507,9548,446.0625305175781
2002,47,0,0,2,2189603,5653,258.1746520996094
2002,47,1,0,1,1525331.25,8215.2451171875,538.5875854492188
2002,47,1,0,2,1581691.75,4778.30859375,302.1011352539063
2002,47,3,0,1,615175.625,1332.755126953125,216.6462860107422
2002,47,3,0,2,607911.125,874.6914672851563,143.884765625
2002,48,0,0,1,2035358,10142,498.2907104492188
2002,48,0,0,2,2107972,6052,287.1005859375
2002,48,1,0,1,1445983.75,8723.1767578125,603.2693481445313
2002,48,1,0,2,1527378.25,5077.59814453125,332.4388122558594
2002,48,3,0,1,589374.125,1418.823486328125,240.7339324951172
2002,48,3,0,2,580593.6875,974.4019775390625,167.8285522460938
2002,49,0,0,1,1969476,10439,530.0394897460938
2002,49,0,0,2,2046892,6220,303.8753356933594
2002,49,1,0,1,1400855.25,8906.6103515625,635.7980346679688
2002,49,1,0,2,1473567.625,5173.62451171875,351.0951538085938
2002,49,3,0,1,568620.6875,1532.3896484375,269.492431640625
2002,49,3,0,2,573324.375,1046.375244140625,182.5101623535156
2002,50,0,0,1,1902885,11001,578.1221923828125
2002,50,0,0,2,1978124,6410,324.0444030761719
2002,50,1,0,1,1312946.5,9229.4697265625,702.9585571289063
2002,50,1,0,2,1408368.625,5270.5390625,374.2300720214844
2002,50,3,0,1,589938.4375,1771.530639648438,300.290771484375
2002,50,3,0,2,569755.4375,1139.460693359375,199.9911956787109
2002,51,0,0,1,1857726,11388,613.0075073242188
2002,51,0,0,2,1939473,6773,349.2185668945313
2002,51,1,0,1,1247558.625,9535.46875,764.330322265625
2002,51,1,0,2,1355988.125,5571.93994140625,410.9136352539063
2002,51,3,0,1,610167.4375,1852.531372070313,303.6103210449219
2002,51,3,0,2,583484.9375,1201.060180664063,205.842529296875
2002,52,0,0,1,1854284,11933,643.5368041992188
2002,52,0,0,2,1930904,7022,363.6638488769531
2002,52,1,0,1,1244065.625,9885.80859375,794.63720703125
2002,52,1,0,2,1374387.125,5751.87060546875,418.50439453125
2002,52,3,0,1,610218.5,2047.191528320313,335.4849853515625
2002,52,3,0,2,556516.9375,1270.129150390625,228.2283020019531
2002,53,0,0,1,1782978,12493,700.681640625
2002,53,0,0,2,1867431,7718,413.2950439453125
2002,53,1,0,1,1187946.5,10193.341796875,858.0640258789063
2002,53,1,0,2,1348139.125,6348.3837890625,470.8997497558594
2002,53,3,0,1,595031.625,2299.657958984375,386.4765930175781
2002,53,3,0,2,519291.90625,1369.615966796875,263.746826171875
2002,54,0,0,1,1770221,13206,746.008544921875
2002,54,0,0,2,1855880,8376,451.3222961425781
2002,54,1,0,1,1167914.375,10790.583984375,923.9191284179688
2002,54,1,0,2,1375819.5,6944.3876953125,504.7455444335938
2002,54,3,0,1,602306.5625,2415.415771484375,401.0276489257813
2002,54,3,0,2,480060.53125,1431.6123046875,298.2149658203125
2002,55,0,0,1,1847760,14490,784.1927490234375
2002,55,0,0,2,1940351,9216,474.9656066894531
2002,55,1,0,1,1216442.75,11724.9560546875,963.8724365234375
2002,55,1,0,2,1437684.75,7685.17431640625,534.5521240234375
2002,55,3,0,1,631317.1875,2765.04443359375,437.980224609375
2002,55,3,0,2,502666.25,1530.825927734375,304.5412292480469
2002,56,0,0,1,1382872,12511,904.7113647460938
2002,56,0,0,2,1463840,7961,543.8435668945313
2002,56,1,0,1,937025,10171.2802734375,1085.486572265625
2002,56,1,0,2,1112830.125,6661.048828125,598.568359375
2002,56,3,0,1,445847.03125,2339.719482421875,524.78076171875
2002,56,3,0,2,351009.90625,1299.951293945313,370.3460388183594
2002,57,0,0,1,1374045,12923,940.5077514648438
2002,57,0,0,2,1459583,8552,585.9207763671875
2002,57,1,0,1,949245.375,10687.01171875,1125.842895507813
2002,57,1,0,2,1121487.875,7254.16748046875,646.834228515625
2002,57,3,0,1,424799.625,2235.988525390625,526.3630981445313
2002,57,3,0,2,338095.0625,1297.832641601563,383.8661804199219
2002,58,0,0,1,1348687,14163,1050.132446289063
2002,58,0,0,2,1444145,9401,650.973388671875
2002,58,1,0,1,949450.375,11711.0048828125,1233.450927734375
2002,58,1,0,2,1117681.5,8124.1240234375,726.8729248046875
2002,58,3,0,1,399236.59375,2451.9951171875,614.1709594726563
2002,58,3,0,2,326463.53125,1276.876098632813,391.1236572265625
2002,59,0,0,1,1387713,15743,1134.456420898438
2002,59,0,0,2,1494071,10481,701.5061645507813
2002,59,1,0,1,979939.0625,13021.0791015625,1328.76416015625
2002,59,1,0,2,1178811.5,9088.29296875,770.9708251953125
2002,59,3,0,1,407773.96875,2721.920654296875,667.5072021484375
2002,59,3,0,2,315259.5,1392.707153320313,441.7653198242188
2002,60,0,0,1,1217335,15373,1262.840576171875
2002,60,0,0,2,1323400,10440,788.8771362304688
2002,60,1,0,1,878148.6875,12709.2119140625,1447.273315429688
2002,60,1,0,2,1056936.75,9027.3232421875,854.1024780273438
2002,60,3,0,1,339186.3125,2663.78857421875,785.3467407226563
2002,60,3,0,2,266463.25,1412.6767578125,530.158203125
2002,61,0,0,1,1131638,15326,1354.320068359375
2002,61,0,0,2,1238720,10537,850.6361694335938
2002,61,1,0,1,821294.6875,12837.2080078125,1563.045288085938
2002,61,1,0,2,999401.1875,9192.0546875,919.7562255859375
2002,61,3,0,1,310343.3125,2488.79150390625,801.9478149414063
2002,61,3,0,2,239318.84375,1344.945068359375,561.98876953125
2002,62,0,0,1,1098596,16305,1484.167114257813
2002,62,0,0,2,1207560,11096,918.8777465820313
2002,62,1,0,1,806142.1875,13752.66796875,1705.9853515625
2002,62,1,0,2,988086.75,9772.6142578125,989.0441284179688
2002,62,3,0,1,292453.8125,2552.33203125,872.72998046875
2002,62,3,0,2,219473.21875,1323.385864257813,602.9828491210938
2002,63,0,0,1,1045297,16861,1613.034423828125
2002,63,0,0,2,1150553,11690,1016.033142089844
2002,63,1,0,1,766899.1875,14251.341796875,1858.307006835938
2002,63,1,0,2,952678.1875,10401.439453125,1091.810424804688
2002,63,3,0,1,278397.84375,2609.658447265625,937.3845825195313
2002,63,3,0,2,197874.8125,1288.560424804688,651.1998291015625
2002,64,0,0,1,1015731,17668,1739.436889648438
2002,64,0,0,2,1131435,12605,1114.071899414063
2002,64,1,0,1,763876.0625,14948.3515625,1956.907958984375
2002,64,1,0,2,937765.1875,11186.60546875,1192.900512695313
2002,64,3,0,1,251854.9375,2719.648193359375,1079.847045898438
2002,64,3,0,2,193669.8125,1418.394775390625,732.3778076171875
2002,65,0,0,1,952282,18106,1901.327514648438
2002,65,0,0,2,1073097,13046,1215.733520507813
2002,65,1,0,1,719758.25,15184.4326171875,2109.6572265625
2002,65,1,0,2,888569.5,11596.326171875,1305.0556640625
2002,65,3,0,1,232523.71875,2921.567138671875,1256.459838867188
2002,65,3,0,2,184527.5,1449.673950195313,785.614013671875
2002,66,0,0,1,928349,18993,2045.890014648438
2002,66,0,0,2,1058192,13899,1313.466796875
2002,66,1,0,1,694839,16000.5478515625,2302.7705078125
2002,66,1,0,2,895850.375,12435.4423828125,1388.115966796875
2002,66,3,0,1,233509.984375,2992.452392578125,1281.509399414063
2002,66,3,0,2,162341.625,1463.5576171875,901.5294799804688
2002,67,0,0,1,922458,20463,2218.3125
2002,67,0,0,2,1064068,15318,1439.569702148438
2002,67,1,0,1,709948.375,17227.58984375,2426.59765625
2002,67,1,0,2,909417.6875,13782.2431640625,1515.501953125
2002,67,3,0,1,212509.65625,3235.40966796875,1522.4765625
2002,67,3,0,2,154650.25,1535.757080078125,993.0518188476563
2002,68,0,0,1,840036,20769,2472.39404296875
2002,68,0,0,2,981106,15572,1587.188354492188
2002,68,1,0,1,644432.875,17436.97265625,2705.78564453125
2002,68,1,0,2,835773.75,14019.48828125,1677.42626953125
2002,68,3,0,1,195603.078125,3332.028076171875,1703.463989257813
2002,68,3,0,2,145332.25,1552.511596679688,1068.249877929688
2002,69,0,0,1,831542,22259,2676.834228515625
2002,69,0,0,2,987351,17166,1738.591430664063
2002,69,1,0,1,629999.5625,18584.14453125,2949.8662109375
2002,69,1,0,2,848301.4375,15497.8671875,1826.929321289063
2002,69,3,0,1,201542.421875,3674.855224609375,1823.365600585938
2002,69,3,0,2,139049.578125,1668.132568359375,1199.66748046875
2002,70,0,0,1,813765,24091,2960.43701171875
2002,70,0,0,2,978995,18817,1922.073120117188
2002,70,1,0,1,605554.625,20099.8828125,3319.251708984375
2002,70,1,0,2,850273.5,16945.931640625,1992.997680664063
2002,70,3,0,1,208210.328125,3991.117431640625,1916.8681640625
2002,70,3,0,2,128721.46875,1871.068969726563,1453.57958984375
2002,71,0,0,1,802655,25839,3219.19140625
2002,71,0,0,2,979452,20183,2060.64208984375
2002,71,1,0,1,611781.4375,21485.88671875,3512.02001953125
2002,71,1,0,2,847972.6875,18227,2149.4794921875
2002,71,3,0,1,190873.59375,4353.1123046875,2280.625732421875
2002,71,3,0,2,131479.3125,1956.000854492188,1487.687133789063
2002,72,0,0,1,800131,27160,3394.444091796875
2002,72,0,0,2,997815,22352,2240.0947265625
2002,72,1,0,1,611351.875,22736.71484375,3719.088134765625
2002,72,1,0,2,866595.875,20177.6640625,2328.382080078125
2002,72,3,0,1,188779.109375,4423.28564453125,2343.101318359375
2002,72,3,0,2,131219.203125,2174.335693359375,1657.025512695313
2002,73,0,0,1,749112,28794,3843.7509765625
2002,73,0,0,2,948338,23633,2492.0439453125
2002,73,1,0,1,583323.3125,24051.88671875,4123.25146484375
2002,73,1,0,2,823546.8125,21385.130859375,2596.7109375
2002,73,3,0,1,165788.703125,4742.11328125,2860.335693359375
2002,73,3,0,2,124791.2265625,2247.868896484375,1801.303588867188
2002,74,0,0,1,731547,30547,4175.67138671875
2002,74,0,0,2,948244,25983,2740.117431640625
2002,74,1,0,1,563515.375,25599.45703125,4542.814453125
2002,74,1,0,2,824431.3125,23571.173828125,2859.082763671875
2002,74,3,0,1,168031.625,4947.54345703125,2944.412109375
2002,74,3,0,2,123812.6875,2411.8251953125,1947.962890625
2002,75,0,0,1,696076,31852,4575.93701171875
2002,75,0,0,2,924736,28177,3047.03173828125
2002,75,1,0,1,547837.375,26637.140625,4862.23486328125
2002,75,1,0,2,807075.625,25497.12890625,3159.199462890625
2002,75,3,0,1,148238.578125,5214.85888671875,3517.88232421875
2002,75,3,0,2,117660.390625,2679.871826171875,2277.633056640625
2002,76,0,0,1,655316,32924,5024.14111328125
2002,76,0,0,2,899159,29721,3305.422119140625
2002,76,1,0,1,512466.0625,27382.115234375,5343.20556640625
2002,76,1,0,2,793190.625,26986.67578125,3402.2939453125
2002,76,3,0,1,142849.921875,5541.88525390625,3879.515869140625
2002,76,3,0,2,105968.3671875,2734.323486328125,2580.320556640625
2002,77,0,0,1,629601,34317,5450.5947265625
2002,77,0,0,2,893289,32666,3656.8232421875
2002,77,1,0,1,491665.4375,28378.197265625,5771.85107421875
2002,77,1,0,2,802692.9375,29844.525390625,3718.050048828125
2002,77,3,0,1,137935.578125,5938.8037109375,4305.49072265625
2002,77,3,0,2,90596.109375,2821.474365234375,3114.34375
2002,78,0,0,1,583772,35008,5996.86181640625
2002,78,0,0,2,852413,34201,4012.257080078125
2002,78,1,0,1,465950.8125,29149.41796875,6255.900390625
2002,78,1,0,2,766910.125,31283.505859375,4079.161865234375
2002,78,3,0,1,117821.2109375,5858.58154296875,4972.43359375
2002,78,3,0,2,85502.8671875,2917.49462890625,3412.159912109375
2002,79,0,0,1,537004,35524,6615.220703125
2002,79,0,0,2,799095,35750,4473.81103515625
2002,79,1,0,1,428764.46875,29719.953125,6931.53369140625
2002,79,1,0,2,714614.0625,32643.388671875,4567.974609375
2002,79,3,0,1,108239.546875,5804.046875,5362.22412109375
2002,79,3,0,2,84480.96875,3106.610595703125,3677.29052734375
2002,80,0,0,1,499953,36436,7287.88525390625
2002,80,0,0,2,769357,39020,5071.767578125
2002,80,1,0,1,403758.46875,30606.9609375,7580.51220703125
2002,80,1,0,2,682860.4375,35663.80859375,5222.70849609375
2002,80,3,0,1,96194.546875,5829.0380859375,6059.634765625
2002,80,3,0,2,86496.5703125,3356.19287109375,3880.1455078125
2002,81,0,0,1,455626,36568,8025.880859375
2002,81,0,0,2,725072,40161,5538.8984375
2002,81,1,0,1,360340.28125,30663.54296875,8509.607421875
2002,81,1,0,2,645453.4375,36463.50390625,5649.28515625
2002,81,3,0,1,95285.71875,5904.45654296875,6196.58056640625
2002,81,3,0,2,79618.5546875,3697.497314453125,4644.0146484375
2002,82,0,0,1,402497,35263,8761.0595703125
2002,82,0,0,2,672556,41594,6184.46630859375
2002,82,1,0,1,319885.3125,29655.314453125,9270.6083984375
2002,82,1,0,2,599724.25,37964.00390625,6330.2431640625
2002,82,3,0,1,82611.671875,5607.685546875,6788.00634765625
2002,82,3,0,2,72831.7890625,3629.99462890625,4984.080078125
2002,83,0,0,1,337181,32963,9776.0546875
2002,83,0,0,2,582764,40717,6986.87646484375
2002,83,1,0,1,274957.28125,27825.09375,10119.7880859375
2002,83,1,0,2,527394,37053.21484375,7025.7177734375
2002,83,3,0,1,62223.703125,5137.90576171875,8257.15234375
2002,83,3,0,2,55369.98046875,3663.784423828125,6616.91455078125
2002,84,0,0,1,303734,32649,10749.2080078125
2002,84,0,0,2,545663,42143,7723.26513671875
2002,84,1,0,1,247610.53125,27563.82421875,11131.927734375
2002,84,1,0,2,489149.125,38316.375,7833.2705078125
2002,84,3,0,1,56123.48046875,5085.1767578125,9060.6943359375
2002,84,3,0,2,56513.90625,3826.626220703125,6771.123046875
2003,25,0,0,1,1943865,2669,137.3037719726563
2003,25,0,0,2,1898603,946,49.82611083984375
2003,25,1,0,1,1498885.625,2467.142822265625,164.5984649658203
2003,25,1,0,2,1329158.25,811.9129638671875,61.08474731445313
2003,25,3,0,1,444979.25,201.8571472167969,45.36327362060547
2003,25,3,0,2,569444.6875,134.0870513916016,23.54698371887207
2003,26,0,0,1,1901518,2655,139.6252899169922
2003,26,0,0,2,1870192,1021,54.59332656860352
2003,26,1,0,1,1438747,2456.087646484375,170.7101898193359
2003,26,1,0,2,1330322.5,878.3841552734375,66.02790832519531
2003,26,3,0,1,462770.9375,198.9122619628906,42.98287582397461
2003,26,3,0,2,539869.4375,142.6158752441406,26.41673469543457
2003,27,0,0,1,1856904,2551,137.3792114257813
2003,27,0,0,2,1831742,1053,57.48626327514648
2003,27,1,0,1,1372614.625,2325.627685546875,169.4304962158203
2003,27,1,0,2,1271193.5,897.79833984375,70.62641143798828
2003,27,3,0,1,484289.34375,225.372314453125,46.53670883178711
2003,27,3,0,2,560548.4375,155.2016448974609,27.68746376037598
2003,28,0,0,1,1912388,2542,132.9228210449219
2003,28,0,0,2,1882450,1034,54.92841720581055
2003,28,1,0,1,1396989.5,2315.68701171875,165.7626647949219
2003,28,1,0,2,1279848.375,858.8004150390625,67.10173034667969
2003,28,3,0,1,515398.53125,226.3130798339844,43.91030883789063
2003,28,3,0,2,602601.5625,175.1995849609375,29.07386779785156
2003,29,0,0,1,1849806,2626,141.9608306884766
2003,29,0,0,2,1824117,1153,63.20866394042969
2003,29,1,0,1,1343190,2397.51220703125,178.493896484375
2003,29,1,0,2,1250004.25,991.9664916992188,79.35704803466797
2003,29,3,0,1,506615.875,228.4877471923828,45.10078811645508
2003,29,3,0,2,574112.625,161.0335235595703,28.04911804199219
2003,30,0,0,1,1918704,2713,141.3975219726563
2003,30,0,0,2,1894832,1193,62.96072769165039
2003,30,1,0,1,1368318.5,2471.915771484375,180.6535339355469
2003,30,1,0,2,1278006.125,1021.653503417969,79.94120788574219
2003,30,3,0,1,550385.5,241.0841217041016,43.80277633666992
2003,30,3,0,2,616825.9375,171.3464965820313,27.77874374389648
2003,31,0,0,1,1994472,2910,145.9032745361328
2003,31,0,0,2,1979254,1346,68.00541687011719
2003,31,1,0,1,1379671,2618.572998046875,189.7969207763672
2003,31,1,0,2,1321562.375,1149.0771484375,86.94838714599609
2003,31,3,0,1,614800.875,291.427001953125,47.40185165405273
2003,31,3,0,2,657691.625,196.9228363037109,29.94151496887207
2003,32,0,0,1,2124673,3255,153.2000427246094
2003,32,0,0,2,2120394,1464,69.04376983642578
2003,32,1,0,1,1503766.375,2873.18798828125,191.0661163330078
2003,32,1,0,2,1408698.625,1232.334106445313,87.48032379150391
2003,32,3,0,1,620906.75,381.8119201660156,61.49263381958008
2003,32,3,0,2,711695.25,231.6659393310547,32.55128479003906
2003,33,0,0,1,2182673,3333,152.7026672363281
2003,33,0,0,2,2154626,1730,80.2923583984375
2003,33,1,0,1,1513287.75,2953.072509765625,195.142822265625
2003,33,1,0,2,1466123.875,1494.090942382813,101.9075546264648
2003,33,3,0,1,669385.1875,379.9274597167969,56.75767517089844
2003,33,3,0,2,688501.9375,235.9090881347656,34.26411437988281
2003,34,0,0,1,2057870,3348,162.6924896240234
2003,34,0,0,2,2044712,1758,85.97787475585938
2003,34,1,0,1,1439869.875,2997.318115234375,208.1659088134766
2003,34,1,0,2,1390204.125,1503.805541992188,108.1715621948242
2003,34,3,0,1,618000.0625,350.6819458007813,56.74464416503906
2003,34,3,0,2,654507.8125,254.1944122314453,38.83749008178711
2003,35,0,0,1,2024193,3556,175.6749420166016
2003,35,0,0,2,2018457,1981,98.14427185058594
2003,35,1,0,1,1419778.25,3187.768798828125,224.5258178710938
2003,35,1,0,2,1386437.125,1699.233764648438,122.5611877441406
2003,35,3,0,1,604414.6875,368.231201171875,60.92360305786133
2003,35,3,0,2,632019.8125,281.7662048339844,44.58186340332031
2003,36,0,0,1,2020135,3836,189.8883056640625
2003,36,0,0,2,2031827,2116,104.1427230834961
2003,36,1,0,1,1417164.125,3409.304931640625,240.5723419189453
2003,36,1,0,2,1412487.375,1784.50048828125,126.3374481201172
2003,36,3,0,1,602970.9375,426.6951599121094,70.76545715332031
2003,36,3,0,2,619339.625,331.4994812011719,53.5246696472168
2003,37,0,0,1,2077426,4242,204.1949920654297
2003,37,0,0,2,2087581,2397,114.821891784668
2003,37,1,0,1,1482355.875,3791.43603515625,255.7709655761719
2003,37,1,0,2,1449853,2084.862548828125,143.7982025146484
2003,37,3,0,1,595070,450.5639343261719,75.71612548828125
2003,37,3,0,2,637727.875,312.1373901367188,48.94523239135742
2003,38,0,0,1,2225884,4785,214.9707641601563
2003,38,0,0,2,2236167,2718,121.5472717285156
2003,38,1,0,1,1622737.875,4280.2939453125,263.7698974609375
2003,38,1,0,2,1599161.5,2369.4287109375,148.1669464111328
2003,38,3,0,1,603146.125,504.7058715820313,83.67887115478516
2003,38,3,0,2,637005.375,348.5711975097656,54.72029113769531
2003,39,0,0,1,2256420,5322,235.8603515625
2003,39,0,0,2,2286069,3102,135.6914367675781
2003,39,1,0,1,1622225,4772.259765625,294.1799011230469
2003,39,1,0,2,1616883.375,2713.1728515625,167.8026275634766
2003,39,3,0,1,634195.0625,549.7403564453125,86.68316650390625
2003,39,3,0,2,669185.75,388.8270874023438,58.10450744628906
2003,40,0,0,1,2243727,5736,255.6460723876953
2003,40,0,0,2,2285662,3476,152.0784759521484
2003,40,1,0,1,1605719,5144.36083984375,320.3774108886719
2003,40,1,0,2,1655990,3001.4169921875,181.2460784912109
2003,40,3,0,1,638008,591.6390991210938,92.73223876953125
2003,40,3,0,2,629672,474.5830383300781,75.36988067626953
2003,41,0,0,1,2260614,6393,282.7992858886719
2003,41,0,0,2,2296230,3768,164.0950622558594
2003,41,1,0,1,1632571.25,5711.99951171875,349.8775024414063
2003,41,1,0,2,1668141.125,3274.343017578125,196.2869262695313
2003,41,3,0,1,628042.6875,681.00048828125,108.4321975708008
2003,41,3,0,2,628088.9375,493.6570434570313,78.5966796875
2003,42,0,0,1,2279589,6943,304.5724487304688
2003,42,0,0,2,2326876,4167,179.0813140869141
2003,42,1,0,1,1654537.875,6184.70166015625,373.8023681640625
2003,42,1,0,2,1690577,3638.025634765625,215.1943206787109
2003,42,3,0,1,625051.25,758.2982177734375,121.3177642822266
2003,42,3,0,2,636299,528.9742431640625,83.13296508789063
2003,43,0,0,1,2335874,7585,324.7178649902344
2003,43,0,0,2,2363514,4444,188.0251159667969
2003,43,1,0,1,1699282.375,6731.37939453125,396.1307067871094
2003,43,1,0,2,1728322.5,3813.410888671875,220.6423187255859
2003,43,3,0,1,636591.5625,853.6207885742188,134.0923767089844
2003,43,3,0,2,635191.375,630.5891723632813,99.27545928955078
2003,44,0,0,1,2223641,8037,361.4342346191406
2003,44,0,0,2,2274320,4857,213.5583343505859
2003,44,1,0,1,1600356.75,7178.4384765625,448.5523986816406
2003,44,1,0,2,1642223.75,4192.51416015625,255.2949371337891
2003,44,3,0,1,623284.1875,858.5615234375,137.7480010986328
2003,44,3,0,2,632096.375,664.4859008789063,105.1241455078125
2003,45,0,0,1,2224414,8488,381.5836486816406
2003,45,0,0,2,2275557,5185,227.8563079833984
2003,45,1,0,1,1622860.375,7582.68505859375,467.2419738769531
2003,45,1,0,2,1663901.5,4478.14892578125,269.1354675292969
2003,45,3,0,1,601553.625,905.3148803710938,150.4961242675781
2003,45,3,0,2,611655.5625,706.851318359375,115.5636215209961
2003,46,0,0,1,2200290,9386,426.5801391601563
2003,46,0,0,2,2262137,5587,246.9788513183594
2003,46,1,0,1,1583547,8283.158203125,523.0762329101563
2003,46,1,0,2,1650068.25,4741.88037109375,287.3748168945313
2003,46,3,0,1,616743,1102.841552734375,178.8170318603516
2003,46,3,0,2,612068.8125,845.1194458007813,138.0758819580078
2003,47,0,0,1,2117276,9839,464.7008666992188
2003,47,0,0,2,2183207,5757,263.6946411132813
2003,47,1,0,1,1526926.375,8643.7177734375,566.0860595703125
2003,47,1,0,2,1589826.875,4894.14404296875,307.84130859375
2003,47,3,0,1,590349.5625,1195.281860351563,202.4701843261719
2003,47,3,0,2,593380.25,862.8558959960938,145.4136505126953
2003,48,0,0,1,2131053,10496,492.5264587402344
2003,48,0,0,2,2186886,6083,278.1580810546875
2003,48,1,0,1,1527454.875,9195.0478515625,601.9849243164063
2003,48,1,0,2,1574774,5118.712890625,325.0442810058594
2003,48,3,0,1,603598.25,1300.9521484375,215.5327911376953
2003,48,3,0,2,612112,964.287109375,157.534423828125
2003,49,0,0,1,2032378,10930,537.7936401367188
2003,49,0,0,2,2109478,6422,304.4355163574219
2003,49,1,0,1,1429760.25,9401.7578125,657.5758056640625
2003,49,1,0,2,1489317.5,5377.94580078125,361.1013488769531
2003,49,3,0,1,602617.6875,1528.24267578125,253.6006927490234
2003,49,3,0,2,620160.4375,1044.054443359375,168.3523101806641
2003,50,0,0,1,1957066,11372,581.0739135742188
2003,50,0,0,2,2041746,6683,327.3179016113281
2003,50,1,0,1,1334706.5,9716.3642578125,727.9776000976563
2003,50,1,0,2,1460871,5537.89111328125,379.0814514160156
2003,50,3,0,1,622359.5625,1655.6357421875,266.0256042480469
2003,50,3,0,2,580875.0625,1145.108764648438,197.1351165771484
2003,51,0,0,1,1903885,11826,621.1509399414063
2003,51,0,0,2,1982259,7020,354.1414184570313
2003,51,1,0,1,1290489.5,10012.521484375,775.8700561523438
2003,51,1,0,2,1415852.375,5799.875,409.6383972167969
2003,51,3,0,1,613395.5625,1813.478637695313,295.6458740234375
2003,51,3,0,2,566406.5625,1220.125,215.4150543212891
2003,52,0,0,1,1846875,12166,658.734375
2003,52,0,0,2,1935134,7340,379.3019104003906
2003,52,1,0,1,1248732.125,10207.8076171875,817.4537353515625
2003,52,1,0,2,1384048.625,6044.45458984375,436.7227172851563
2003,52,3,0,1,598142.875,1958.19287109375,327.3787841796875
2003,52,3,0,2,551085.4375,1295.545166015625,235.0897064208984
2003,53,0,0,1,1851585,12578,679.3098754882813
2003,53,0,0,2,1931805,7663,396.6756591796875
2003,53,1,0,1,1243909.125,10461.4990234375,841.0179443359375
2003,53,1,0,2,1375941.5,6402.58203125,465.3236999511719
2003,53,3,0,1,607675.75,2116.500732421875,348.29443359375
2003,53,3,0,2,555863.5625,1260.418090820313,226.7495422363281
2003,54,0,0,1,1778213,13601,764.8690185546875
2003,54,0,0,2,1868710,8359,447.3139343261719
2003,54,1,0,1,1176593.375,11153.14453125,947.9183349609375
2003,54,1,0,2,1363697.375,6888.84033203125,505.1590270996094
2003,54,3,0,1,601619.625,2447.855712890625,406.8776245117188
2003,54,3,0,2,505012.625,1470.159790039063,291.1134643554688
2003,55,0,0,1,1753341,14307,815.9850463867188
2003,55,0,0,2,1848350,8954,484.4320678710938
2003,55,1,0,1,1160237.875,11744.888671875,1012.282836914063
2003,55,1,0,2,1349449,7454.6025390625,552.4182739257813
2003,55,3,0,1,593103,2562.111083984375,431.9841613769531
2003,55,3,0,2,498900.96875,1499.397583007813,300.5401306152344
2003,56,0,0,1,1844529,15540,842.4915161132813
2003,56,0,0,2,1941139,9833,506.5582580566406
2003,56,1,0,1,1201623.5,12537.4404296875,1043.375122070313
2003,56,1,0,2,1420619.875,8104.76904296875,570.5093383789063
2003,56,3,0,1,642905.4375,3002.56005859375,467.0298156738281
2003,56,3,0,2,520519,1728.230712890625,332.0206909179688
2003,57,0,0,1,1372827,13169,959.2614135742188
2003,57,0,0,2,1458769,8660,593.6512451171875
2003,57,1,0,1,912735.875,10783.8505859375,1181.486450195313
2003,57,1,0,2,1114868.625,7341.54833984375,658.5123901367188
2003,57,3,0,1,460091.15625,2385.149169921875,518.407958984375
2003,57,3,0,2,343900.3125,1318.45166015625,383.3819274902344
2003,58,0,0,1,1365498,13913,1018.895690917969
2003,58,0,0,2,1456110,9403,645.7616577148438
2003,58,1,0,1,932162.1875,11473.6865234375,1230.868041992188
2003,58,1,0,2,1108624.125,8107.83544921875,731.3421630859375
2003,58,3,0,1,433335.78125,2439.313232421875,562.915283203125
2003,58,3,0,2,347485.90625,1295.164428710938,372.7243041992188
2003,59,0,0,1,1336406,15259,1141.793701171875
2003,59,0,0,2,1437588,10301,716.5474243164063
2003,59,1,0,1,924561.9375,12679.7412109375,1371.432373046875
2003,59,1,0,2,1125850.625,8894.33984375,790.0106201171875
2003,59,3,0,1,411844.03125,2579.259033203125,626.2708129882813
2003,59,3,0,2,311737.375,1406.660278320313,451.2324829101563
2003,60,0,0,1,1368194,16717,1221.829711914063
2003,60,0,0,2,1481214,11428,771.529296875
2003,60,1,0,1,967867.4375,13918.2890625,1438.036743164063
2003,60,1,0,2,1167984.75,9883.3876953125,846.1915283203125
2003,60,3,0,1,400326.5625,2798.71044921875,699.1068725585938
2003,60,3,0,2,313229.25,1544.612182617188,493.1251525878906
2003,61,0,0,1,1212101,16369,1350.464965820313
2003,61,0,0,2,1322858,11140,842.1160888671875
2003,61,1,0,1,860624.9375,13674.208984375,1588.869750976563
2003,61,1,0,2,1054325.75,9708.5498046875,920.8302001953125
2003,61,3,0,1,351476.0625,2694.791259765625,766.7069091796875
2003,61,3,0,2,268532.21875,1431.450073242188,533.0645751953125
2003,62,0,0,1,1119523,16600,1482.7744140625
2003,62,0,0,2,1232608,11526,935.0904541015625
2003,62,1,0,1,800827.75,14028.623046875,1751.765380859375
2003,62,1,0,2,997122.375,10143.478515625,1017.275207519531
2003,62,3,0,1,318695.21875,2571.376708984375,806.8450927734375
2003,62,3,0,2,235485.703125,1382.521728515625,587.0936889648438
2003,63,0,0,1,1087611,16901,1553.956298828125
2003,63,0,0,2,1201532,11980,997.0604248046875
2003,63,1,0,1,815522.375,14325.015625,1756.544799804688
2003,63,1,0,2,978264.8125,10605.3330078125,1084.096313476563
2003,63,3,0,1,272088.59375,2575.98486328125,946.744873046875
2003,63,3,0,2,223267.25,1374.6669921875,615.7047119140625
2003,64,0,0,1,1029496,17686,1717.927978515625
2003,64,0,0,2,1139251,12833,1126.44189453125
2003,64,1,0,1,763635.5,14943.578125,1956.899291992188
2003,64,1,0,2,933797.4375,11351.1640625,1215.591674804688
2003,64,3,0,1,265860.5,2742.42236328125,1031.52685546875
2003,64,3,0,2,205453.625,1481.836303710938,721.2509765625
2003,65,0,0,1,1001903,18427,1839.199951171875
2003,65,0,0,2,1124059,13333,1186.147705078125
2003,65,1,0,1,739560.875,15586.630859375,2107.552001953125
2003,65,1,0,2,944975.0625,11916.369140625,1261.024780273438
2003,65,3,0,1,262342.09375,2840.368896484375,1082.696533203125
2003,65,3,0,2,179083.96875,1416.631225585938,791.0430297851563
2003,66,0,0,1,937277,18805,2006.343872070313
2003,66,0,0,2,1062639,13730,1292.066284179688
2003,66,1,0,1,693263.1875,15986.27734375,2305.9462890625
2003,66,1,0,2,886968.9375,12280.142578125,1384.506469726563
2003,66,3,0,1,244013.75,2818.722900390625,1155.149169921875
2003,66,3,0,2,175670.109375,1449.857299804688,825.3295288085938
2003,67,0,0,1,913146,20079,2198.881591796875
2003,67,0,0,2,1048005,14955,1426.996948242188
2003,67,1,0,1,691412.0625,16918.287109375,2446.918212890625
2003,67,1,0,2,879463.5,13358.029296875,1518.883911132813
2003,67,3,0,1,221733.890625,3160.71240234375,1425.453002929688
2003,67,3,0,2,168541.421875,1596.970825195313,947.5242309570313
2003,68,0,0,1,904419,21144,2337.8544921875
2003,68,0,0,2,1051571,16040,1525.3369140625
2003,68,1,0,1,669482.6875,17870.87109375,2669.355224609375
2003,68,1,0,2,897967.0625,14516.029296875,1616.543579101563
2003,68,3,0,1,234936.359375,3273.128173828125,1393.19775390625
2003,68,3,0,2,153603.953125,1523.970336914063,992.1426391601563
2003,69,0,0,1,820345,21860,2664.732421875
2003,69,0,0,2,967432,16444,1699.757690429688
2003,69,1,0,1,614558.5,18388.42578125,2992.135986328125
2003,69,1,0,2,813365.9375,14866.115234375,1827.727783203125
2003,69,3,0,1,205786.484375,3471.573974609375,1686.978637695313
2003,69,3,0,2,154066.015625,1577.884521484375,1024.161254882813
2003,70,0,0,1,808170,23025,2849.029296875
2003,70,0,0,2,969166,18349,1893.27734375
2003,70,1,0,1,611392.875,19240.0390625,3146.919189453125
2003,70,1,0,2,826754.6875,16624.353515625,2010.79638671875
2003,70,3,0,1,196777.171875,3784.960693359375,1923.475463867188
2003,70,3,0,2,142411.359375,1724.646240234375,1211.031372070313
2003,71,0,0,1,795334,24264,3050.793701171875
2003,71,0,0,2,964958,19539,2024.85498046875
2003,71,1,0,1,598947.0625,20164.974609375,3366.7373046875
2003,71,1,0,2,831603.9375,17580.11328125,2114.000732421875
2003,71,3,0,1,196386.984375,4099.025390625,2087.218505859375
2003,71,3,0,2,133354.03125,1958.887451171875,1468.9375
2003,72,0,0,1,776914,26525,3414.148681640625
2003,72,0,0,2,959437,21437,2234.3310546875
2003,72,1,0,1,593546.75,22130.515625,3728.52099609375
2003,72,1,0,2,828178.5625,19379.759765625,2340.046142578125
2003,72,3,0,1,183367.265625,4394.48486328125,2396.548095703125
2003,72,3,0,2,131258.390625,2057.240966796875,1567.321533203125
2003,73,0,0,1,774554,28299,3653.58642578125
2003,73,0,0,2,977035,23401,2395.103515625
2003,73,1,0,1,595076.375,23782.5,3996.5458984375
2003,73,1,0,2,841448.75,21230.046875,2523.03515625
2003,73,3,0,1,179477.65625,4516.5009765625,2516.4697265625
2003,73,3,0,2,135586.28125,2170.9541015625,1601.16064453125
2003,74,0,0,1,720651,28993,4023.16796875
2003,74,0,0,2,923900,24848,2689.468505859375
2003,74,1,0,1,547462.3125,24361.560546875,4449.90625
2003,74,1,0,2,795381,22445.439453125,2821.973388671875
2003,74,3,0,1,173188.65625,4631.43896484375,2674.216064453125
2003,74,3,0,2,128519.0546875,2402.559814453125,1869.419189453125
2003,75,0,0,1,698219,31567,4521.07421875
2003,75,0,0,2,919089,27197,2959.125732421875
2003,75,1,0,1,544641.4375,26453.541015625,4857.05615234375
2003,75,1,0,2,800848.5625,24693.341796875,3083.397216796875
2003,75,3,0,1,153577.578125,5113.45849609375,3329.560546875
2003,75,3,0,2,118240.3984375,2503.658447265625,2117.4306640625
2003,76,0,0,1,667787,32623,4885.240234375
2003,76,0,0,2,899842,29302,3256.349365234375
2003,76,1,0,1,499851.5,27270,5455.6201171875
2003,76,1,0,2,794686.1875,26547.900390625,3340.67724609375
2003,76,3,0,1,167935.484375,5353,3187.53369140625
2003,76,3,0,2,105155.78125,2754.09912109375,2619.06591796875
2003,77,0,0,1,621701,33162,5334.0751953125
2003,77,0,0,2,868089,31494,3627.968994140625
2003,77,1,0,1,479840.71875,27531.900390625,5737.716796875
2003,77,1,0,2,768182.375,28688.52734375,3734.598388671875
2003,77,3,0,1,141860.3125,5630.099609375,3968.762939453125
2003,77,3,0,2,99906.6796875,2805.47265625,2808.09326171875
2003,78,0,0,1,595667,34557,5801.3955078125
2003,78,0,0,2,861328,33902,3936.01513671875
2003,78,1,0,1,462492.03125,28580.888671875,6179.75830078125
2003,78,1,0,2,760839.25,31085.408203125,4085.673583984375
2003,78,3,0,1,133175,5976.1103515625,4487.41162109375
2003,78,3,0,2,100488.796875,2816.59130859375,2802.890869140625
2003,79,0,0,1,548486,35445,6462.33447265625
2003,79,0,0,2,817634,35936,4395.12060546875
2003,79,1,0,1,428018.4375,29455.146484375,6881.7470703125
2003,79,1,0,2,724952.8125,32946.29296875,4544.6123046875
2003,79,3,0,1,120467.5390625,5989.85302734375,4972.171875
2003,79,3,0,2,92681.1875,2989.70849609375,3225.798583984375
2003,80,0,0,1,499405,35528,7114.06591796875
2003,80,0,0,2,760319,37554,4939.24267578125
2003,80,1,0,1,393934.15625,29637.412109375,7523.44287109375
2003,80,1,0,2,674868.5625,34457.96484375,5105.8779296875
2003,80,3,0,1,105470.84375,5890.5869140625,5585.0380859375
2003,80,3,0,2,85450.4296875,3096.03564453125,3623.19482421875
2003,81,0,0,1,464268,36401,7840.5146484375
2003,81,0,0,2,732492,39965,5456.0322265625
2003,81,1,0,1,370028.75,30392.75,8213.6181640625
2003,81,1,0,2,656555.4375,36525.37109375,5563.181640625
2003,81,3,0,1,94239.25,6008.25048828125,6375.52880859375
2003,81,3,0,2,75936.5078125,3439.6279296875,4529.6103515625
2003,82,0,0,1,417522,35917,8602.4208984375
2003,82,0,0,2,683447,41696,6100.8388671875
2003,82,1,0,1,336168.53125,30027.630859375,8932.314453125
2003,82,1,0,2,614253.875,37956.2265625,6179.24072265625
2003,82,3,0,1,81353.46875,5889.3681640625,7239.234375
2003,82,3,0,2,69193.1015625,3739.77490234375,5404.837890625
2003,83,0,0,1,367149,34900,9505.677734375
2003,83,0,0,2,630578,42363,6718.1220703125
2003,83,1,0,1,300135.34375,29420.525390625,9802.419921875
2003,83,1,0,2,563982.75,38632.73828125,6849.98583984375
2003,83,3,0,1,67013.65625,5479.4736328125,8176.65234375
2003,83,3,0,2,66595.203125,3730.262451171875,5601.39794921875
2003,84,0,0,1,303077,32232,10634.9208984375
2003,84,0,0,2,540339,41283,7640.20361328125
2003,84,1,0,1,242124.46875,27249.25,11254.232421875
2003,84,1,0,2,481991.75,37524.97265625,7785.3974609375
2003,84,3,0,1,60952.51953125,4982.75,8174.8056640625
2003,84,3,0,2,58347.2578125,3758.025634765625,6440.7919921875
2004,25,0,0,1,2010965,2909,144.6569213867188
2004,25,0,0,2,1970554,947,48.05755233764648
2004,25,1,0,1,1549202.75,2700.159423828125,174.2934875488281
2004,25,1,0,2,1358524.625,810.8163452148438,59.68359756469727
2004,25,3,0,1,461762.25,208.8404693603516,45.22683715820313
2004,25,3,0,2,612029.3125,136.1836242675781,22.25115966796875
2004,26,0,0,1,1933949,2741,141.7307281494141
2004,26,0,0,2,1904276,1042,54.71895980834961
2004,26,1,0,1,1444179.375,2538.66552734375,175.7860260009766
2004,26,1,0,2,1300377.875,897.1576538085938,68.99207305908203
2004,26,3,0,1,489769.6875,202.3344879150391,41.31217193603516
2004,26,3,0,2,603898.1875,144.8423309326172,23.98456192016602
2004,27,0,0,1,1910787,2735,143.1347351074219
2004,27,0,0,2,1890889,1048,55.42366409301758
2004,27,1,0,1,1411652,2505.585693359375,177.4931640625
2004,27,1,0,2,1302447,899.9593505859375,69.09757995605469
2004,27,3,0,1,499135.0625,229.4143829345703,45.96238708496094
2004,27,3,0,2,588442.0625,148.0406494140625,25.15806770324707
2004,28,0,0,1,1862479,2512,134.8740081787109
2004,28,0,0,2,1835016,1039,56.62075805664063
2004,28,1,0,1,1388531.75,2292.453125,165.0990753173828
2004,28,1,0,2,1245887.875,895.1058959960938,71.84481811523438
2004,28,3,0,1,473947.34375,219.546875,46.32305145263672
2004,28,3,0,2,589128.125,143.8940887451172,24.42492294311523
2004,29,0,0,1,1909795,2657,139.1248779296875
2004,29,0,0,2,1878345,1141,60.74496459960938
2004,29,1,0,1,1375035.375,2404.510498046875,174.8689880371094
2004,29,1,0,2,1231989.375,974.918701171875,79.13369750976563
2004,29,3,0,1,534759.6875,252.4895782470703,47.21552276611328
2004,29,3,0,2,646355.5625,166.0812835693359,25.69503402709961
2004,30,0,0,1,1884720,2472,131.1600646972656
2004,30,0,0,2,1853220,1120,60.43534851074219
2004,30,1,0,1,1349467.125,2234.01904296875,165.5482330322266
2004,30,1,0,2,1194456,961.9961547851563,80.53843688964844
2004,30,3,0,1,535252.875,237.9809265136719,44.46139907836914
2004,30,3,0,2,658764,158.0038452148438,23.98489379882813
2004,31,0,0,1,1901095,2735,143.8644561767578
2004,31,0,0,2,1889889,1245,65.87688446044922
2004,31,1,0,1,1326851.375,2465.0986328125,185.7855834960938
2004,31,1,0,2,1263226.75,1070.188354492188,84.7186279296875
2004,31,3,0,1,574243.5625,269.9013061523438,47.00119018554688
2004,31,3,0,2,626662.1875,174.8116455078125,27.89567565917969
2004,32,0,0,1,2017316,3030,150.1995697021484
2004,32,0,0,2,2006472,1485,74.01050567626953
2004,32,1,0,1,1413630.75,2729.23974609375,193.0659637451172
2004,32,1,0,2,1347812.125,1269.828735351563,94.21407318115234
2004,32,3,0,1,603685.1875,300.7602844238281,49.82071685791016
2004,32,3,0,2,658660,215.1713104248047,32.66804122924805
2004,33,0,0,1,2128284,3192,149.97998046875
2004,33,0,0,2,2129110,1608,75.52451324462891
2004,33,1,0,1,1449170.375,2849.42822265625,196.6247863769531
2004,33,1,0,2,1441217.5,1375.276977539063,95.42466735839844
2004,33,3,0,1,679113.625,342.5717163085938,50.44394683837891
2004,33,3,0,2,687892.5625,232.7229919433594,33.831298828125
2004,34,0,0,1,2186941,3376,154.3708801269531
2004,34,0,0,2,2162454,1834,84.81105041503906
2004,34,1,0,1,1534838.5,3018.292236328125,196.652099609375
2004,34,1,0,2,1448304.375,1577.155151367188,108.8966674804688
2004,34,3,0,1,652102.625,357.7078247070313,54.85453033447266
2004,34,3,0,2,714149.5625,256.8449096679688,35.96514129638672
2004,35,0,0,1,2069933,3620,174.8848876953125
2004,35,0,0,2,2057123,1875,91.14671325683594
2004,35,1,0,1,1445654.625,3217.541259765625,222.5663909912109
2004,35,1,0,2,1401621.25,1614.40673828125,115.1813812255859
2004,35,3,0,1,624278.4375,402.4588317871094,64.46784210205078
2004,35,3,0,2,655501.6875,260.5932312011719,39.75477600097656
2004,36,0,0,1,2023152,3646,180.2138519287109
2004,36,0,0,2,2025428,1960,96.76966857910156
2004,36,1,0,1,1419297.125,3285.595703125,231.4945678710938
2004,36,1,0,2,1402699,1697.099243164063,120.9881286621094
2004,36,3,0,1,603855,360.4042358398438,59.68390274047852
2004,36,3,0,2,622728.875,262.9007568359375,42.217529296875
2004,37,0,0,1,2017065,3966,196.622314453125
2004,37,0,0,2,2034825,2254,110.7711944580078
2004,37,1,0,1,1426241.125,3575.303466796875,250.6801605224609
2004,37,1,0,2,1391511.625,1948.017700195313,139.992919921875
2004,37,3,0,1,590823.8125,390.6966247558594,66.12743377685547
2004,37,3,0,2,643313.375,305.9823303222656,47.56349563598633
2004,38,0,0,1,2080137,4339,208.5920257568359
2004,38,0,0,2,2093890,2492,119.012939453125
2004,38,1,0,1,1484314.25,3884.72119140625,261.7182312011719
2004,38,1,0,2,1485546.375,2163.209228515625,145.6170806884766
2004,38,3,0,1,595822.6875,454.2788696289063,76.24397277832031
2004,38,3,0,2,608343.5,328.790771484375,54.04689407348633
2004,39,0,0,1,2231042,4914,220.2558288574219
2004,39,0,0,2,2242054,2878,128.3644409179688
2004,39,1,0,1,1593398.875,4410.5732421875,276.8028259277344
2004,39,1,0,2,1607445,2500.730224609375,155.5717468261719
2004,39,3,0,1,637643.25,503.4269104003906,78.95118713378906
2004,39,3,0,2,634608.9375,377.2698669433594,59.44918823242188
2004,40,0,0,1,2252988,5492,243.7651672363281
2004,40,0,0,2,2287941,3375,147.5125427246094
2004,40,1,0,1,1605206.875,4929.86865234375,307.1173400878906
2004,40,1,0,2,1623045.25,2923.5126953125,180.1251525878906
2004,40,3,0,1,647781.0625,562.1311645507813,86.7779541015625
2004,40,3,0,2,664895.6875,451.4872436523438,67.90347290039063
2004,41,0,0,1,2248606,6079,270.3452758789063
2004,41,0,0,2,2291770,3575,155.9929656982422
2004,41,1,0,1,1609052.125,5454.9365234375,339.0155334472656
2004,41,1,0,2,1652752.125,3114.567138671875,188.4473266601563
2004,41,3,0,1,639553.875,624.0635375976563,97.57794952392578
2004,41,3,0,2,639017.75,460.4327697753906,72.05320739746094
2004,42,0,0,1,2258953,6704,296.774658203125
2004,42,0,0,2,2296066,4037,175.8224792480469
2004,42,1,0,1,1633543.375,5987.8837890625,366.5579833984375
2004,42,1,0,2,1671334,3535.840576171875,211.5579833984375
2004,42,3,0,1,625409.6875,716.1163330078125,114.5035552978516
2004,42,3,0,2,624732.0625,501.1595458984375,80.21991729736328
2004,43,0,0,1,2279113,7212,316.4389038085938
2004,43,0,0,2,2331007,4497,192.9209136962891
2004,43,1,0,1,1627208.125,6441.765625,395.87841796875
2004,43,1,0,2,1683664.875,3887.34521484375,230.8859252929688
2004,43,3,0,1,651904.8125,770.2343139648438,118.1513442993164
2004,43,3,0,2,647342.0625,609.6547241210938,94.17813873291016
2004,44,0,0,1,2323552,7705,331.6043701171875
2004,44,0,0,2,2355630,4742,201.3049621582031
2004,44,1,0,1,1676235.625,6886.5712890625,410.8355102539063
2004,44,1,0,2,1694874.875,4085.039794921875,241.0230865478516
2004,44,3,0,1,647316.375,818.4288940429688,126.4341430664063
2004,44,3,0,2,660755.125,656.9601440429688,99.4256591796875
2004,45,0,0,1,2215272,8465,382.1201171875
2004,45,0,0,2,2271294,5140,226.3027191162109
2004,45,1,0,1,1594086.625,7541.09765625,473.0669860839844
2004,45,1,0,2,1651066.625,4419.1396484375,267.6536254882813
2004,45,3,0,1,621185.25,923.9022216796875,148.7321624755859
2004,45,3,0,2,620227.375,720.8601684570313,116.2251434326172
2004,46,0,0,1,2227648,9078,407.5150146484375
2004,46,0,0,2,2278419,5727,251.3585052490234
2004,46,1,0,1,1593803.25,8028.5693359375,503.7365417480469
2004,46,1,0,2,1664666.625,4904.43701171875,294.6197814941406
2004,46,3,0,1,633844.6875,1049.430419921875,165.5658569335938
2004,46,3,0,2,613752.4375,822.5628051757813,134.0219268798828
2004,47,0,0,1,2199700,9905,450.2886657714844
2004,47,0,0,2,2265496,5904,260.6051940917969
2004,47,1,0,1,1559690.375,8766.2353515625,562.0497436523438
2004,47,1,0,2,1665827.625,5031.1337890625,302.0200805664063
2004,47,3,0,1,640009.5625,1138.764282226563,177.9292602539063
2004,47,3,0,2,599668.25,872.8662719726563,145.5581970214844
2004,48,0,0,1,2107717,10254,486.4979553222656
2004,48,0,0,2,2179769,6114,280.4884338378906
2004,48,1,0,1,1497166.375,8979.20703125,599.7467651367188
2004,48,1,0,2,1579682.5,5251.158203125,332.4185791015625
2004,48,3,0,1,610550.75,1274.792724609375,208.7938995361328
2004,48,3,0,2,600086.4375,862.841552734375,143.7862091064453
2004,49,0,0,1,2130419,10812,507.5057983398438
2004,49,0,0,2,2189528,6528,298.1464538574219
2004,49,1,0,1,1503354.5,9527.001953125,633.7162475585938
2004,49,1,0,2,1557944.125,5484.28857421875,352.0208740234375
2004,49,3,0,1,627064.5,1284.99755859375,204.9227142333984
2004,49,3,0,2,631583.75,1043.711669921875,165.2530975341797
2004,50,0,0,1,2018146,11468,568.2443237304688
2004,50,0,0,2,2102958,6897,327.9666137695313
2004,50,1,0,1,1428986.375,9930.4990234375,694.93310546875
2004,50,1,0,2,1490385.375,5839.34033203125,391.8006896972656
2004,50,3,0,1,589159.625,1537.501098632813,260.9651184082031
2004,50,3,0,2,612572.625,1057.659912109375,172.65869140625
2004,51,0,0,1,1961738,12031,613.28271484375
2004,51,0,0,2,2048324,7081,345.697265625
2004,51,1,0,1,1342883.5,10318.09375,768.3535766601563
2004,51,1,0,2,1437954.625,5900.65673828125,410.3506774902344
2004,51,3,0,1,618854.4375,1712.90625,276.78662109375
2004,51,3,0,2,610369.5,1180.343139648438,193.3817291259766
2004,52,0,0,1,1891504,12644,668.4627685546875
2004,52,0,0,2,1976684,7324,370.51953125
2004,52,1,0,1,1282209.625,10694.6494140625,834.0796508789063
2004,52,1,0,2,1419000.625,6088.14111328125,429.0442810058594
2004,52,3,0,1,609294.375,1949.350219726563,319.9356994628906
2004,52,3,0,2,557683.3125,1235.858764648438,221.6058349609375
2004,53,0,0,1,1845760,13101,709.7889404296875
2004,53,0,0,2,1937112,7550,389.7554626464844
2004,53,1,0,1,1226815.125,10997.2685546875,896.407958984375
2004,53,1,0,2,1384993.125,6274.63330078125,453.0443725585938
2004,53,3,0,1,618944.9375,2103.731689453125,339.8899536132813
2004,53,3,0,2,552118.75,1275.366577148438,230.9949798583984
2004,54,0,0,1,1847897,13405,725.419189453125
2004,54,0,0,2,1934545,8269,427.4389953613281
2004,54,1,0,1,1229788.75,11149.7431640625,906.638916015625
2004,54,1,0,2,1363703.875,6796.90380859375,498.4149475097656
2004,54,3,0,1,618108.25,2255.257080078125,364.8644104003906
2004,54,3,0,2,570841.0625,1472.096435546875,257.8820190429688
2004,55,0,0,1,1758586,14012,796.7764892578125
2004,55,0,0,2,1859415,8760,471.1159057617188
2004,55,1,0,1,1146216.5,11549.87890625,1007.652465820313
2004,55,1,0,2,1353470,7301.94287109375,539.4979248046875
2004,55,3,0,1,612369.625,2462.120849609375,402.0644836425781
2004,55,3,0,2,505945,1458.057373046875,288.1849670410156
2004,56,0,0,1,1753133,14806,844.545166015625
2004,56,0,0,2,1850723,9456,510.9354553222656
2004,56,1,0,1,1135398.375,12156.6064453125,1070.690795898438
2004,56,1,0,2,1349572.75,7908.90625,586.0303955078125
2004,56,3,0,1,617734.5625,2649.393310546875,428.8886413574219
2004,56,3,0,2,501150.40625,1547.093994140625,308.7085266113281
2004,57,0,0,1,1830349,16282,889.55712890625
2004,57,0,0,2,1933353,10556,545.9944458007813
2004,57,1,0,1,1188646.25,13226.51171875,1112.737426757813
2004,57,1,0,2,1433223.25,8856.1171875,617.9160766601563
2004,57,3,0,1,641702.75,3055.48828125,476.1532287597656
2004,57,3,0,2,500129.6875,1699.88330078125,339.8884887695313
2004,58,0,0,1,1364399,13859,1015.758605957031
2004,58,0,0,2,1455355,9234,634.484375
2004,58,1,0,1,919284.8125,11413.482421875,1241.56103515625
2004,58,1,0,2,1083614.125,7895.46240234375,728.623046875
2004,58,3,0,1,445114.1875,2445.51708984375,549.4134521484375
2004,58,3,0,2,371740.90625,1338.53759765625,360.0727233886719
2004,59,0,0,1,1352760,14441,1067.521240234375
2004,59,0,0,2,1449103,9757,673.3130493164063
2004,59,1,0,1,927313.8125,11987.2333984375,1292.68359375
2004,59,1,0,2,1112533.75,8445.455078125,759.1190185546875
2004,59,3,0,1,425446.1875,2453.76611328125,576.751220703125
2004,59,3,0,2,336569.25,1311.544555664063,389.6804504394531
2004,60,0,0,1,1315754,15745,1196.652221679688
2004,60,0,0,2,1423305,10618,746.0101928710938
2004,60,1,0,1,904438.5625,13228.9580078125,1462.670776367188
2004,60,1,0,2,1112100.125,9147.3603515625,822.5302734375
2004,60,3,0,1,411315.4375,2516.04150390625,611.7060546875
2004,60,3,0,2,311204.875,1470.640014648438,472.5632934570313
2004,61,0,0,1,1365695,17418,1275.39453125
2004,61,0,0,2,1482907,12004,809.4910888671875
2004,61,1,0,1,962124.25,14546.3603515625,1511.900390625
2004,61,1,0,2,1157108.75,10411.6435546875,899.7981567382813
2004,61,3,0,1,403570.71875,2871.639404296875,711.5579223632813
2004,61,3,0,2,325798.28125,1592.356567382813,488.75537109375
2004,62,0,0,1,1199144,16972,1415.342895507813
2004,62,0,0,2,1316213,11782,895.1438598632813
2004,62,1,0,1,850368,14223.4501953125,1672.622924804688
2004,62,1,0,2,1046020.875,10282.9345703125,983.052490234375
2004,62,3,0,1,348775.9375,2748.549560546875,788.0559692382813
2004,62,3,0,2,270192.09375,1499.065673828125,554.8147583007813
2004,63,0,0,1,1108921,17039,1536.538696289063
2004,63,0,0,2,1226632,11937,973.1525268554688
2004,63,1,0,1,799972.0625,14289.4228515625,1786.240234375
2004,63,1,0,2,967577.1875,10538.5361328125,1089.16748046875
2004,63,3,0,1,308949,2749.57763671875,889.9778442382813
2004,63,3,0,2,259054.796875,1398.463745117188,539.8331909179688
2004,64,0,0,1,1070816,17458,1630.345458984375
2004,64,0,0,2,1188741,12561,1056.664184570313
2004,64,1,0,1,790272.4375,14715.498046875,1862.0791015625
2004,64,1,0,2,962015.75,11182.5087890625,1162.403930664063
2004,64,3,0,1,280543.59375,2742.501708984375,977.5670166015625
2004,64,3,0,2,226725.203125,1378.491455078125,608.0009765625
2004,65,0,0,1,1015816,18136,1785.362670898438
2004,65,0,0,2,1132615,13158,1161.736328125
2004,65,1,0,1,745453.5625,15338.1240234375,2057.555908203125
2004,65,1,0,2,935267.75,11790.49609375,1260.654663085938
2004,65,3,0,1,270362.34375,2797.87548828125,1034.861328125
2004,65,3,0,2,197347.265625,1367.50341796875,692.9426879882813
2004,66,0,0,1,986009,18932,1920.063598632813
2004,66,0,0,2,1112641,13962,1254.852172851563
2004,66,1,0,1,729775.875,16014.5576171875,2194.44873046875
2004,66,1,0,2,924026.5625,12436.890625,1345.945190429688
2004,66,3,0,1,256233.109375,2917.4423828125,1138.589111328125
2004,66,3,0,2,188614.421875,1525.109252929688,808.585693359375
2004,67,0,0,1,922625,19426,2105.51416015625
2004,67,0,0,2,1052462,14607,1387.888549804688
2004,67,1,0,1,685948.6875,16441.3125,2396.8720703125
2004,67,1,0,2,877369.5625,13010.052734375,1482.847534179688
2004,67,3,0,1,236676.328125,2984.68798828125,1261.084228515625
2004,67,3,0,2,175092.40625,1596.947509765625,912.059814453125
2004,68,0,0,1,895181,20402,2279.092041015625
2004,68,0,0,2,1035666,15387,1485.710693359375
2004,68,1,0,1,663062.3125,17202.482421875,2594.399169921875
2004,68,1,0,2,865784.4375,13821.916015625,1596.461547851563
2004,68,3,0,1,232118.625,3199.5185546875,1378.398071289063
2004,68,3,0,2,169881.546875,1565.083740234375,921.2794189453125
2004,69,0,0,1,883380,21559,2440.5126953125
2004,69,0,0,2,1037034,16415,1582.879638671875
2004,69,1,0,1,663114.25,18208.291015625,2745.87548828125
2004,69,1,0,2,884232.75,14753.494140625,1668.508056640625
2004,69,3,0,1,220265.765625,3350.709228515625,1521.212036132813
2004,69,3,0,2,152801.25,1661.505493164063,1087.36376953125
2004,70,0,0,1,796318,21909,2751.287841796875
2004,70,0,0,2,948585,17435,1838.000854492188
2004,70,1,0,1,608172.25,18286.083984375,3006.727783203125
2004,70,1,0,2,806153.6875,15690.865234375,1946.386352539063
2004,70,3,0,1,188145.78125,3622.915771484375,1925.589721679688
2004,70,3,0,2,142431.359375,1744.134643554688,1224.5439453125
2004,71,0,0,1,791222,23279,2942.15771484375
2004,71,0,0,2,956125,18663,1951.94140625
2004,71,1,0,1,588500.0625,19362.091796875,3290.07470703125
2004,71,1,0,2,817784.625,16856.767578125,2061.272216796875
2004,71,3,0,1,202721.984375,3916.9091796875,1932.158081054688
2004,71,3,0,2,138340.421875,1806.232788085938,1305.6435546875
2004,72,0,0,1,769205,24605,3198.757080078125
2004,72,0,0,2,944588,20717,2193.2314453125
2004,72,1,0,1,572361.5625,20373.1953125,3559.49755859375
2004,72,1,0,2,809098.0625,18639.169921875,2303.697265625
2004,72,3,0,1,196843.421875,4231.80517578125,2149.833251953125
2004,72,3,0,2,135489.90625,2077.829833984375,1533.567993164063
2004,73,0,0,1,752487,26518,3524.047607421875
2004,73,0,0,2,939444,22002,2342.023681640625
2004,73,1,0,1,570522.8125,22039.55078125,3863.044677734375
2004,73,1,0,2,807877.25,19817.08203125,2452.98193359375
2004,73,3,0,1,181964.171875,4478.4501953125,2461.17138671875
2004,73,3,0,2,131566.8125,2184.917236328125,1660.690307617188
2004,74,0,0,1,744927,28125,3775.537841796875
2004,74,0,0,2,951203,24429,2568.221435546875
2004,74,1,0,1,559820.875,23440.314453125,4187.10986328125
2004,74,1,0,2,812474.1875,22082.896484375,2717.981201171875
2004,74,3,0,1,185106.09375,4684.68505859375,2530.810791015625
2004,74,3,0,2,138728.8125,2346.103515625,1691.143676757813
2004,75,0,0,1,686874,29456,4288.4140625
2004,75,0,0,2,894247,25633,2866.43408203125
2004,75,1,0,1,534830,24517.775390625,4584.21826171875
2004,75,1,0,2,775721.9375,23195.376953125,2990.16650390625
2004,75,3,0,1,152044,4938.22412109375,3247.8916015625
2004,75,3,0,2,118525.046875,2437.623291015625,2056.63134765625
2004,76,0,0,1,671287,31094,4631.998046875
2004,76,0,0,2,895466,28040,3131.33056640625
2004,76,1,0,1,516844.0625,25977.05078125,5026.0908203125
2004,76,1,0,2,775765.8125,25297.931640625,3261.02685546875
2004,76,3,0,1,154442.9375,5116.9482421875,3313.164306640625
2004,76,3,0,2,119700.25,2742.068603515625,2290.779296875
2004,77,0,0,1,633496,32307,5099.79541015625
2004,77,0,0,2,868370,30070,3462.8095703125
2004,77,1,0,1,481790.4375,26921.08984375,5587.7177734375
2004,77,1,0,2,760571.25,27200.11328125,3576.274169921875
2004,77,3,0,1,151705.5625,5385.90966796875,3550.23876953125
2004,77,3,0,2,107798.7421875,2869.88671875,2662.263671875
2004,78,0,0,1,588554,33271,5653.00732421875
2004,78,0,0,2,837128,32107,3835.375244140625
2004,78,1,0,1,456756.875,27577.853515625,6037.75341796875
2004,78,1,0,2,736125.125,29084.16015625,3950.98046875
2004,78,3,0,1,131797.109375,5693.1455078125,4319.62841796875
2004,78,3,0,2,101002.875,3022.83935546875,2992.824951171875
2004,79,0,0,1,559869,34180,6104.99951171875
2004,79,0,0,2,826108,34588,4186.86181640625
2004,79,1,0,1,442999.84375,28223.572265625,6371.01171875
2004,79,1,0,2,733706,31586.94140625,4305.12255859375
2004,79,3,0,1,116869.171875,5956.42724609375,5096.66259765625
2004,79,3,0,2,92402,3001.0595703125,3247.82958984375
2004,80,0,0,1,509590,34934,6855.31494140625
2004,80,0,0,2,777143,36381,4681.3779296875
2004,80,1,0,1,392923.9375,28876.9921875,7349.25732421875
2004,80,1,0,2,688154.375,33257.04296875,4832.7880859375
2004,80,3,0,1,116666.0625,6057.00732421875,5191.74755859375
2004,80,3,0,2,88988.65625,3123.95556640625,3510.509765625
2004,81,0,0,1,464757,34504,7424.0947265625
2004,81,0,0,2,724777,38282,5281.900390625
2004,81,1,0,1,366706.90625,28577.552734375,7793.02294921875
2004,81,1,0,2,641769.1875,34966.0859375,5448.3896484375
2004,81,3,0,1,98050.109375,5926.4482421875,6044.3056640625
2004,81,3,0,2,83007.7890625,3315.9130859375,3994.701171875
2004,82,0,0,1,425169,35518,8353.8544921875
2004,82,0,0,2,689937,40870,5923.7294921875
2004,82,1,0,1,337470.375,29481.53515625,8736.0361328125
2004,82,1,0,2,606954.5,37259.078125,6138.69384765625
2004,82,3,0,1,87698.6171875,6036.46533203125,6883.193359375
2004,82,3,0,2,82982.5234375,3610.923583984375,4351.4267578125
2004,83,0,0,1,381825,35135,9201.859375
2004,83,0,0,2,641326,41932,6538.32861328125
2004,83,1,0,1,295165.75,29258.5,9912.56640625
2004,83,1,0,2,574312.875,38200.5,6651.513671875
2004,83,3,0,1,86659.25,5876.50048828125,6781.15771484375
2004,83,3,0,2,67013.1171875,3731.50048828125,5568.3134765625
2004,84,0,0,1,329740,33270,10089.767578125
2004,84,0,0,2,584240,42658,7301.45166015625
2004,84,1,0,1,261277.515625,27842.61328125,10656.3369140625
2004,84,1,0,2,521431.8125,38681.56640625,7418.33642578125
2004,84,3,0,1,68462.5,5427.38720703125,7927.53271484375
2004,84,3,0,2,62808.21875,3976.43212890625,6331.06982421875
2005,25,0,0,1,2115519,3062,144.7398986816406
2005,25,0,0,2,2090577,1057,50.56020355224609
2005,25,1,0,1,1650966.5,2844.04150390625,172.2652435302734
2005,25,1,0,2,1461599.75,921.0548095703125,63.01689529418945
2005,25,3,0,1,464552.40625,217.9585418701172,46.91796493530273
2005,25,3,0,2,628977.1875,135.9451599121094,21.61368751525879
2005,26,0,0,1,1993073,2976,149.3171539306641
2005,26,0,0,2,1973649,1030,52.18759918212891
2005,26,1,0,1,1512316,2777.04150390625,183.6283874511719
2005,26,1,0,2,1364545.875,888.962646484375,65.14714050292969
2005,26,3,0,1,480756.9375,198.9584808349609,41.38442230224609
2005,26,3,0,2,609103.0625,141.0373382568359,23.15492248535156
2005,27,0,0,1,1942425,2877,148.1138305664063
2005,27,0,0,2,1927615,1019,52.86325454711914
2005,27,1,0,1,1463684.375,2645.23876953125,180.7246704101563
2005,27,1,0,2,1329139.375,889.3670654296875,66.91300201416016
2005,27,3,0,1,478740.59375,231.7612609863281,48.41061401367188
2005,27,3,0,2,598475.5625,129.6329498291016,21.66052436828613
2005,28,0,0,1,1913949,2740,143.1595153808594
2005,28,0,0,2,1891577,1120,59.20985412597656
2005,28,1,0,1,1429564.875,2504.09912109375,175.1651306152344
2005,28,1,0,2,1283883.875,960.7684936523438,74.83297729492188
2005,28,3,0,1,484384.125,235.9009552001953,48.70121383666992
2005,28,3,0,2,607693.0625,159.2315063476563,26.2026195526123
2005,29,0,0,1,1857200,2587,139.2957153320313
2005,29,0,0,2,1829126,1100,60.13801193237305
2005,29,1,0,1,1347431.625,2358.64208984375,175.0472564697266
2005,29,1,0,2,1230442,951.151611328125,77.30162048339844
2005,29,3,0,1,509768.34375,228.3579864501953,44.79642486572266
2005,29,3,0,2,598683.9375,148.8483734130859,24.86259651184082
2005,30,0,0,1,1952025,2714,139.0351104736328
2005,30,0,0,2,1914556,1226,64.03573608398438
2005,30,1,0,1,1385726.125,2484.035888671875,179.2587890625
2005,30,1,0,2,1250858.25,1050.252197265625,83.9625244140625
2005,30,3,0,1,566298.875,229.9640808105469,40.60825347900391
2005,30,3,0,2,663697.8125,175.7478485107422,26.48010063171387
2005,31,0,0,1,1859850,2787,149.8507995605469
2005,31,0,0,2,1845744,1277,69.18619537353516
2005,31,1,0,1,1296839.5,2515.04541015625,193.9365234375
2005,31,1,0,2,1207624.625,1085.344116210938,89.87429809570313
2005,31,3,0,1,563010.625,271.9546813964844,48.30364990234375
2005,31,3,0,2,638119.25,191.6558837890625,30.03449249267578
2005,32,0,0,1,1926111,2958,153.5736999511719
2005,32,0,0,2,1921927,1486,77.31822967529297
2005,32,1,0,1,1361117.125,2671.947021484375,196.3054504394531
2005,32,1,0,2,1280974,1261.878540039063,98.50930023193359
2005,32,3,0,1,564993.8125,286.0530090332031,50.6294059753418
2005,32,3,0,2,640953.0625,224.1215209960938,34.96691513061523
2005,33,0,0,1,2019457,3098,153.4075775146484
2005,33,0,0,2,2015588,1581,78.43865203857422
2005,33,1,0,1,1421899.5,2789.788818359375,196.2015533447266
2005,33,1,0,2,1349292.75,1358.919677734375,100.7134780883789
2005,33,3,0,1,597557.4375,308.2112731933594,51.57851791381836
2005,33,3,0,2,666295.25,222.0802612304688,33.33060836791992
2005,34,0,0,1,2131340,3484,163.4652404785156
2005,34,0,0,2,2137339,1746,81.69036102294922
2005,34,1,0,1,1492007.875,3086.132568359375,206.8442535400391
2005,34,1,0,2,1433855.625,1475.161254882813,102.8807373046875
2005,34,3,0,1,639332.125,397.8674926757813,62.23173904418945
2005,34,3,0,2,703483.375,270.8387451171875,38.49966430664063
2005,35,0,0,1,2200202,3570,162.2578277587891
2005,35,0,0,2,2176855,1931,88.70595550537109
2005,35,1,0,1,1539675.75,3176.758056640625,206.3264312744141
2005,35,1,0,2,1450184.375,1633.3486328125,112.6304092407227
2005,35,3,0,1,660526.1875,393.2420349121094,59.53466415405273
2005,35,3,0,2,726670.6875,297.6513671875,40.96097183227539
2005,36,0,0,1,2066098,3583,173.4186859130859
2005,36,0,0,2,2064403,2063,99.93203735351563
2005,36,1,0,1,1424649.875,3181.806396484375,223.3395385742188
2005,36,1,0,2,1382558.375,1777.500244140625,128.5660247802734
2005,36,3,0,1,641448.25,401.1935729980469,62.54496383666992
2005,36,3,0,2,681844.6875,285.499755859375,41.87166976928711
2005,37,0,0,1,2016811,3928,194.7629241943359
2005,37,0,0,2,2028122,2164,106.6996917724609
2005,37,1,0,1,1415245.5,3517.89892578125,248.5716400146484
2005,37,1,0,2,1366729.25,1862.616088867188,136.2827453613281
2005,37,3,0,1,601565.4375,410.1011352539063,68.17232513427734
2005,37,3,0,2,661392.6875,301.3838500976563,45.56806564331055
2005,38,0,0,1,2018877,4225,209.2747650146484
2005,38,0,0,2,2041731,2405,117.7922058105469
2005,38,1,0,1,1442407.25,3752.7060546875,260.1696472167969
2005,38,1,0,2,1413483.25,2064.89892578125,146.0858459472656
2005,38,3,0,1,576469.6875,472.2938842773438,81.92865753173828
2005,38,3,0,2,628247.6875,340.1010131835938,54.13486099243164
2005,39,0,0,1,2085045,4705,225.6546020507813
2005,39,0,0,2,2100509,2846,135.490966796875
2005,39,1,0,1,1470037.125,4217.65087890625,286.9077758789063
2005,39,1,0,2,1466951.75,2451.725830078125,167.1306457519531
2005,39,3,0,1,615007.8125,487.3492736816406,79.24277496337891
2005,39,3,0,2,633557.125,394.2740783691406,62.2318115234375
2005,40,0,0,1,2226254,5437,244.2219085693359
2005,40,0,0,2,2244129,3157,140.6781921386719
2005,40,1,0,1,1600399.25,4845.1669921875,302.7474060058594
2005,40,1,0,2,1594589,2720.52880859375,170.6100311279297
2005,40,3,0,1,625854.75,591.8328857421875,94.56393432617188
2005,40,3,0,2,649540,436.4711303710938,67.19696044921875
2005,41,0,0,1,2258597,5954,263.614990234375
2005,41,0,0,2,2295371,3600,156.8373870849609
2005,41,1,0,1,1613009.25,5322.53125,329.9752502441406
2005,41,1,0,2,1621447.25,3138.2978515625,193.5491790771484
2005,41,3,0,1,645587.6875,631.4686279296875,97.81298828125
2005,41,3,0,2,673923.8125,461.7021179199219,68.50954437255859
2005,42,0,0,1,2245748,6734,299.8555603027344
2005,42,0,0,2,2291530,4039,176.2577819824219
2005,42,1,0,1,1611401.625,6007.69091796875,372.8239440917969
2005,42,1,0,2,1643222.875,3542.90771484375,215.6072540283203
2005,42,3,0,1,634346.25,726.3092651367188,114.4972915649414
2005,42,3,0,2,648307.0625,496.0922546386719,76.52118682861328
2005,43,0,0,1,2258382,7189,318.3252563476563
2005,43,0,0,2,2301346,4487,194.9728546142578
2005,43,1,0,1,1628241,6455.34130859375,396.4610595703125
2005,43,1,0,2,1660390.375,3920.8037109375,236.1374664306641
2005,43,3,0,1,630141.1875,733.6587524414063,116.4276809692383
2005,43,3,0,2,640955.625,566.1964111328125,88.33628845214844
2005,44,0,0,1,2264181,7984,352.6219787597656
2005,44,0,0,2,2321347,4784,206.0872344970703
2005,44,1,0,1,1622846.25,7154.4658203125,440.859130859375
2005,44,1,0,2,1675432.375,4164.83203125,248.58251953125
2005,44,3,0,1,641334.8125,829.5341796875,129.3449554443359
2005,44,3,0,2,645914.625,619.1681518554688,95.859130859375
2005,45,0,0,1,2314057,8619,372.4627380371094
2005,45,0,0,2,2352677,5163,219.4521331787109
2005,45,1,0,1,1690135.375,7682.7099609375,454.5617980957031
2005,45,1,0,2,1708848.875,4462.77001953125,261.156494140625
2005,45,3,0,1,623921.625,936.2901611328125,150.0653533935547
2005,45,3,0,2,643828.0625,700.2298583984375,108.760383605957
2005,46,0,0,1,2220792,9091,409.3584594726563
2005,46,0,0,2,2276013,5623,247.0548248291016
2005,46,1,0,1,1613923,8070.7783203125,500.0720825195313
2005,46,1,0,2,1664566.875,4871.5732421875,292.6631164550781
2005,46,3,0,1,606868.9375,1020.221740722656,168.1123657226563
2005,46,3,0,2,611446.0625,751.4266967773438,122.8933715820313
2005,47,0,0,1,2228342,9752,437.6347961425781
2005,47,0,0,2,2283353,6027,263.9539184570313
2005,47,1,0,1,1595104.75,8640.1181640625,541.6646118164063
2005,47,1,0,2,1664764.75,5172.50439453125,310.704833984375
2005,47,3,0,1,633237.375,1111.882202148438,175.5869445800781
2005,47,3,0,2,618588.25,854.49560546875,138.1364135742188
2005,48,0,0,1,2188567,10491,479.3547668457031
2005,48,0,0,2,2261293,6478,286.4732666015625
2005,48,1,0,1,1573159.25,9284.7470703125,590.197509765625
2005,48,1,0,2,1639520.75,5522.3681640625,336.8281860351563
2005,48,3,0,1,615407.6875,1206.252685546875,196.0087127685547
2005,48,3,0,2,621772.125,955.6318359375,153.6948699951172
2005,49,0,0,1,2108325,11326,537.2036743164063
2005,49,0,0,2,2183752,6813,311.9859619140625
2005,49,1,0,1,1514985.375,9950.494140625,656.8046264648438
2005,49,1,0,2,1582908.125,5801.03173828125,366.4793701171875
2005,49,3,0,1,593339.5625,1375.506225585938,231.824462890625
2005,49,3,0,2,600843.875,1011.968383789063,168.4245147705078
2005,50,0,0,1,2113557,11933,564.59326171875
2005,50,0,0,2,2181791,7250,332.2958068847656
2005,50,1,0,1,1495612.375,10405.4990234375,695.7350463867188
2005,50,1,0,2,1569708,6101.6748046875,388.7139892578125
2005,50,3,0,1,617944.625,1527.501342773438,247.1906585693359
2005,50,3,0,2,612083.125,1148.324951171875,187.6093139648438
2005,51,0,0,1,2026203,12349,609.465087890625
2005,51,0,0,2,2112391,7577,358.6930541992188
2005,51,1,0,1,1429738.75,10697.3388671875,748.2023315429688
2005,51,1,0,2,1524369.5,6341.3662109375,415.9992980957031
2005,51,3,0,1,596464.1875,1651.661376953125,276.9087219238281
2005,51,3,0,2,588021.375,1235.6337890625,210.1341552734375
2005,52,0,0,1,1947260,13341,685.1165161132813
2005,52,0,0,2,2041805,7840,383.9739990234375
2005,52,1,0,1,1343831,11427.349609375,850.3561401367188
2005,52,1,0,2,1454983.625,6555.37841796875,450.5465393066406
2005,52,3,0,1,603429,1913.650512695313,317.1293640136719
2005,52,3,0,2,586821.4375,1284.621459960938,218.9118194580078
2005,53,0,0,1,1891790,13598,718.7901611328125
2005,53,0,0,2,1980116,8021,405.0772705078125
2005,53,1,0,1,1290357.875,11564.744140625,896.2431640625
2005,53,1,0,2,1397726,6698.30908203125,479.2290649414063
2005,53,3,0,1,601432.125,2033.255493164063,338.0690002441406
2005,53,3,0,2,582390,1322.690673828125,227.1142425537109
2005,54,0,0,1,1842482,13972,758.3248901367188
2005,54,0,0,2,1941338,8266,425.788818359375
2005,54,1,0,1,1235084.375,11714.47265625,948.4755249023438
2005,54,1,0,2,1377804.625,6825.35107421875,495.3787231445313
2005,54,3,0,1,607397.6875,2257.52685546875,371.6719665527344
2005,54,3,0,2,563533.3125,1440.648681640625,255.6457061767578
2005,55,0,0,1,1824610,14622,801.376708984375
2005,55,0,0,2,1923637,8778,456.3230895996094
2005,55,1,0,1,1203957.625,12151.728515625,1009.315307617188
2005,55,1,0,2,1376068.125,7309.8837890625,531.2152709960938
2005,55,3,0,1,620652.3125,2470.271484375,398.0121154785156
2005,55,3,0,2,547568.75,1468.115966796875,268.1153564453125
2005,56,0,0,1,1761297,14965,849.657958984375
2005,56,0,0,2,1863943,9364,502.3758850097656
2005,56,1,0,1,1152887.75,12311.646484375,1067.896362304688
2005,56,1,0,2,1349819.375,7739.9345703125,573.4052124023438
2005,56,3,0,1,608409.0625,2653.353515625,436.1134033203125
2005,56,3,0,2,514123.625,1624.0654296875,315.8900756835938
2005,57,0,0,1,1739222,16057,923.2288818359375
2005,57,0,0,2,1842786,10221,554.6492919921875
2005,57,1,0,1,1133755.125,13135.8876953125,1158.61767578125
2005,57,1,0,2,1334738,8551.2119140625,640.6659545898438
2005,57,3,0,1,605466.8125,2921.112548828125,482.4562683105469
2005,57,3,0,2,508047.9375,1669.788208007813,328.6674499511719
2005,58,0,0,1,1819296,17318,951.9066772460938
2005,58,0,0,2,1929365,11305,585.944091796875
2005,58,1,0,1,1180111.75,14081.1005859375,1193.200561523438
2005,58,1,0,2,1422340,9510.6904296875,668.6650390625
2005,58,3,0,1,639184.3125,3236.8994140625,506.4109497070313
2005,58,3,0,2,507024.9375,1794.309936523438,353.889892578125
2005,59,0,0,1,1350936,15026,1112.265869140625
2005,59,0,0,2,1448128,9822,678.2549438476563
2005,59,1,0,1,906891.5,12464.7138671875,1374.443725585938
2005,59,1,0,2,1079220.375,8300.3408203125,769.1052856445313
2005,59,3,0,1,444044.5625,2561.28662109375,576.8084716796875
2005,59,3,0,2,368907.65625,1521.65869140625,412.4768676757813
2005,60,0,0,1,1330174,15690,1179.544921875
2005,60,0,0,2,1433435,10360,722.7394409179688
2005,60,1,0,1,902433.0625,12974.3408203125,1437.706665039063
2005,60,1,0,2,1086139.625,8919.5498046875,821.2157592773438
2005,60,3,0,1,427740.9375,2715.65966796875,634.8842163085938
2005,60,3,0,2,347295.40625,1440.450439453125,414.7622985839844
2005,61,0,0,1,1316923,16640,1263.551513671875
2005,61,0,0,2,1428216,11446,801.4193725585938
2005,61,1,0,1,912789.5,13748.921875,1506.253295898438
2005,61,1,0,2,1108050.125,9932.75,896.4170532226563
2005,61,3,0,1,404133.4375,2891.078369140625,715.377197265625
2005,61,3,0,2,320165.78125,1513.250122070313,472.6458129882813
2005,62,0,0,1,1351274,18863,1395.94189453125
2005,62,0,0,2,1475790,13032,883.052490234375
2005,62,1,0,1,941634.125,15670.783203125,1664.21142578125
2005,62,1,0,2,1157600.75,11332.1279296875,978.9323120117188
2005,62,3,0,1,409639.84375,3192.21630859375,779.2738647460938
2005,62,3,0,2,318189.21875,1699.8720703125,534.2330932617188
2005,63,0,0,1,1188493,18144,1526.63916015625
2005,63,0,0,2,1310319,12736,971.97705078125
2005,63,1,0,1,836147.0625,15190.5244140625,1816.728759765625
2005,63,1,0,2,1027645.4375,11196.71484375,1089.550415039063
2005,63,3,0,1,352345.90625,2953.4755859375,838.2318725585938
2005,63,3,0,2,282673.625,1539.284790039063,544.544921875
2005,64,0,0,1,1090862,18104,1659.60498046875
2005,64,0,0,2,1212791,12808,1056.076416015625
2005,64,1,0,1,775927.5625,15222.7978515625,1961.883911132813
2005,64,1,0,2,977518.9375,11327.8056640625,1158.832397460938
2005,64,3,0,1,314934.4375,2881.202392578125,914.8578491210938
2005,64,3,0,2,235272.046875,1480.194580078125,629.1417236328125
2005,65,0,0,1,1057487,18307,1731.1796875
2005,65,0,0,2,1183371,13226,1117.654541015625
2005,65,1,0,1,774639.1875,15594.5751953125,2013.140502929688
2005,65,1,0,2,970716.6875,11716.470703125,1206.991821289063
2005,65,3,0,1,282847.84375,2712.4248046875,958.9696044921875
2005,65,3,0,2,212654.3125,1509.529174804688,709.8511962890625
2005,66,0,0,1,1000448,18813,1880.45751953125
2005,66,0,0,2,1121292,13977,1246.508544921875
2005,66,1,0,1,729106.125,15883.2548828125,2178.455810546875
2005,66,1,0,2,924742.25,12414.177734375,1342.447387695313
2005,66,3,0,1,271341.8125,2929.74560546875,1079.72509765625
2005,66,3,0,2,196549.71875,1562.822509765625,795.1283569335938
2005,67,0,0,1,971691,19971,2055.282958984375
2005,67,0,0,2,1102944,14804,1342.225952148438
2005,67,1,0,1,704639.125,16801.70703125,2384.44140625
2005,67,1,0,2,909371.0625,13178.255859375,1449.161499023438
2005,67,3,0,1,267051.84375,3169.29248046875,1186.7705078125
2005,67,3,0,2,193572.96875,1625.744506835938,839.861328125
2005,68,0,0,1,904790,20150,2227.0361328125
2005,68,0,0,2,1040489,15415,1481.514892578125
2005,68,1,0,1,665931.125,17030.41015625,2557.383056640625
2005,68,1,0,2,861539.125,13781.6923828125,1599.659545898438
2005,68,3,0,1,238858.84375,3119.58935546875,1306.038818359375
2005,68,3,0,2,178949.9375,1633.307495117188,912.717529296875
2005,69,0,0,1,874711,21171,2420.34228515625
2005,69,0,0,2,1021404,16402,1605.828857421875
2005,69,1,0,1,650932.3125,17860.703125,2743.864990234375
2005,69,1,0,2,861180.375,14729.400390625,1710.373413085938
2005,69,3,0,1,223778.671875,3310.297119140625,1479.272827148438
2005,69,3,0,2,160223.578125,1672.60009765625,1043.916381835938
2005,70,0,0,1,857454,22745,2652.620361328125
2005,70,0,0,2,1016272,17757,1747.268432617188
2005,70,1,0,1,648467.125,19153.013671875,2953.582763671875
2005,70,1,0,2,852774.5625,15892.720703125,1863.648559570313
2005,70,3,0,1,208986.859375,3591.985595703125,1718.761474609375
2005,70,3,0,2,163497.4375,1864.279663085938,1140.250122070313
2005,71,0,0,1,781306,23027,2947.24462890625
2005,71,0,0,2,937061,18588,1983.64892578125
2005,71,1,0,1,578836.3125,19257.59765625,3326.950439453125
2005,71,1,0,2,792346.25,16795.521484375,2119.719970703125
2005,71,3,0,1,202469.671875,3769.4013671875,1861.711547851563
2005,71,3,0,2,144714.75,1792.478271484375,1238.628540039063
2005,72,0,0,1,765167,24506,3202.699462890625
2005,72,0,0,2,935793,19942,2131.02685546875
2005,72,1,0,1,571715.8125,20449.53515625,3576.87060546875
2005,72,1,0,2,800572.5,18043.765625,2253.857666015625
2005,72,3,0,1,193451.1875,4056.46484375,2096.893310546875
2005,72,3,0,2,135220.515625,1898.233764648438,1403.806030273438
2005,73,0,0,1,746001,26520,3554.955078125
2005,73,0,0,2,925511,21848,2360.641845703125
2005,73,1,0,1,562167.5625,21909.8984375,3897.396484375
2005,73,1,0,2,797355.125,19638.189453125,2462.916259765625
2005,73,3,0,1,183833.453125,4610.10205078125,2507.76025390625
2005,73,3,0,2,128155.875,2209.810791015625,1724.314819335938
2005,74,0,0,1,724073,27597,3811.35595703125
2005,74,0,0,2,914432,23589,2579.634033203125
2005,74,1,0,1,547253.0625,22962.77734375,4196.00732421875
2005,74,1,0,2,785706.125,21308.294921875,2711.992919921875
2005,74,3,0,1,176819.953125,4634.22314453125,2620.87109375
2005,74,3,0,2,128725.90625,2280.704345703125,1771.75244140625
2005,75,0,0,1,709619,29290,4127.56689453125
2005,75,0,0,2,920144,25377,2757.93798828125
2005,75,1,0,1,537631.0625,24440.75390625,4546.00830078125
2005,75,1,0,2,794230.1875,22880.90234375,2880.890625
2005,75,3,0,1,171987.9375,4849.24658203125,2819.527099609375
2005,75,3,0,2,125913.875,2496.098388671875,1982.385498046875
2005,76,0,0,1,662437,29912,4515.4482421875
2005,76,0,0,2,872922,27241,3120.668212890625
2005,76,1,0,1,512589.90625,24918.05078125,4861.2060546875
2005,76,1,0,2,758123.6875,24594.19140625,3244.0869140625
2005,76,3,0,1,149847.0625,4993.9482421875,3332.69677734375
2005,76,3,0,2,114798.3203125,2646.809326171875,2305.61669921875
2005,77,0,0,1,637311,32418,5086.6845703125
2005,77,0,0,2,864332,29705,3436.758056640625
2005,77,1,0,1,487144.90625,27063.794921875,5555.59423828125
2005,77,1,0,2,750089.125,26906.71875,3587.13623046875
2005,77,3,0,1,150166.0625,5354.2041015625,3565.52197265625
2005,77,3,0,2,114242.875,2798.28173828125,2449.41455078125
2005,78,0,0,1,600987,33317,5543.7138671875
2005,78,0,0,2,838488,32329,3855.630615234375
2005,78,1,0,1,465443.28125,27471.89453125,5902.3076171875
2005,78,1,0,2,734737.5,29205.201171875,3974.916259765625
2005,78,3,0,1,135543.6875,5845.10595703125,4312.3408203125
2005,78,3,0,2,103750.515625,3123.79833984375,3010.875
2005,79,0,0,1,553999,34177,6169.14453125
2005,79,0,0,2,803370,34122,4247.35791015625
2005,79,1,0,1,431579.21875,28083.189453125,6507.076171875
2005,79,1,0,2,707684.0625,30933.412109375,4371.07666015625
2005,79,3,0,1,122419.75,6093.8095703125,4977.79931640625
2005,79,3,0,2,95685.9765625,3188.5888671875,3332.34716796875
2005,80,0,0,1,520539,35000,6723.7998046875
2005,80,0,0,2,785122,37197,4737.73486328125
2005,80,1,0,1,400056.875,28647.732421875,7160.9150390625
2005,80,1,0,2,690318,33799.00390625,4896.14990234375
2005,80,3,0,1,120482.1328125,6352.26806640625,5272.37353515625
2005,80,3,0,2,94804.015625,3397.9951171875,3584.231201171875
2005,81,0,0,1,475653,35559,7475.828125
2005,81,0,0,2,742630,38715,5213.228515625
2005,81,1,0,1,365919.8125,29161.10546875,7969.26123046875
2005,81,1,0,2,652384.0625,35344.3671875,5417.72412109375
2005,81,3,0,1,109733.2265625,6397.89453125,5830.40771484375
2005,81,3,0,2,90245.8984375,3370.633056640625,3734.943115234375
2005,82,0,0,1,426417,35276,8272.6533203125
2005,82,0,0,2,683339,40121,5871.3173828125
2005,82,1,0,1,335887.5625,29106.888671875,8665.6640625
2005,82,1,0,2,610666.3125,36583.93359375,5990.822265625
2005,82,3,0,1,90529.4296875,6169.1103515625,6814.48046875
2005,82,3,0,2,72672.65625,3537.065673828125,4867.12060546875
2005,83,0,0,1,390040,35549,9114.193359375
2005,83,0,0,2,648391,42586,6567.95068359375
2005,83,1,0,1,303819,29396.671875,9675.71875
2005,83,1,0,2,571248.8125,38720,6778.13232421875
2005,83,3,0,1,86221,6152.32861328125,7135.53369140625
2005,83,3,0,2,77142.171875,3866.001953125,5011.5283203125
2005,84,0,0,1,343965,34737,10098.9921875
2005,84,0,0,2,595097,44037,7399.97021484375
2005,84,1,0,1,276037.40625,28663.8046875,10384.029296875
2005,84,1,0,2,527840,39928.32421875,7564.47509765625
2005,84,3,0,1,67927.59375,6073.19482421875,8940.6884765625
2005,84,3,0,2,67256.96875,4108.6748046875,6108.92041015625
2006,25,0,0,1,2139011,3253,152.0796356201172
2006,25,0,0,2,2115632,1092,51.61578369140625
2006,25,1,0,1,1685037.875,3024.941650390625,179.5177307128906
2006,25,1,0,2,1478963.625,974.47998046875,65.88938140869141
2006,25,3,0,1,453973.21875,228.0584259033203,50.2360954284668
2006,25,3,0,2,636668.4375,117.5199966430664,18.45858764648438
2006,26,0,0,1,2095497,3095,147.6976623535156
2006,26,0,0,2,2090828,1121,53.6151237487793
2006,26,1,0,1,1613980.25,2884.1689453125,178.6991424560547
2006,26,1,0,2,1457240.75,976.7962646484375,67.03053283691406
2006,26,3,0,1,481516.84375,210.8310699462891,43.78477478027344
2006,26,3,0,2,633587.25,144.2037506103516,22.7598876953125
2006,27,0,0,1,2004824,3078,153.5296936035156
2006,27,0,0,2,1999674,1198,59.90976715087891
2006,27,1,0,1,1537816.25,2826.154052734375,183.777099609375
2006,27,1,0,2,1398158.125,1018.247131347656,72.82775115966797
2006,27,3,0,1,467007.78125,251.845947265625,53.92757034301758
2006,27,3,0,2,601515.875,179.7528686523438,29.8833122253418
2006,28,0,0,1,1948157,2875,147.5753784179688
2006,28,0,0,2,1925997,1101,57.16519927978516
2006,28,1,0,1,1488485.75,2650.341064453125,178.0561981201172
2006,28,1,0,2,1311163.5,980.9102172851563,74.81219482421875
2006,28,3,0,1,459671.15625,224.6590423583984,48.87385940551758
2006,28,3,0,2,614833.4375,120.0897674560547,19.53208160400391
2006,29,0,0,1,1908100,2880,150.9354858398438
2006,29,0,0,2,1882291,1204,63.96460342407227
2006,29,1,0,1,1434206.25,2641.93115234375,184.2085876464844
2006,29,1,0,2,1294436.625,1047.190063476563,80.8992919921875
2006,29,3,0,1,473893.75,238.0687561035156,50.23673629760742
2006,29,3,0,2,587854.375,156.8099975585938,26.67497253417969
2006,30,0,0,1,1908207,2800,146.7346038818359
2006,30,0,0,2,1870844,1182,63.1800422668457
2006,30,1,0,1,1401248.375,2561.8583984375,182.8268585205078
2006,30,1,0,2,1211011.25,1017.390808105469,84.01167297363281
2006,30,3,0,1,506958.59375,238.1416320800781,46.97457122802734
2006,30,3,0,2,659832.8125,164.6091613769531,24.94710159301758
2006,31,0,0,1,1920967,2949,153.5164337158203
2006,31,0,0,2,1903298,1329,69.82616424560547
2006,31,1,0,1,1364548.375,2703.426513671875,198.1187744140625
2006,31,1,0,2,1241639,1150.445678710938,92.65541076660156
2006,31,3,0,1,556418.5,245.5735778808594,44.13468933105469
2006,31,3,0,2,661659.0625,178.5543060302734,26.98584747314453
2006,32,0,0,1,1890125,2861,151.3656463623047
2006,32,0,0,2,1882413,1380,73.31015777587891
2006,32,1,0,1,1356650.875,2590.975341796875,190.9832000732422
2006,32,1,0,2,1253488.125,1180.584106445313,94.18390655517578
2006,32,3,0,1,533474.125,270.0245971679688,50.61624908447266
2006,32,3,0,2,628924.9375,199.4158325195313,31.7074146270752
2006,33,0,0,1,1928913,3025,156.8240814208984
2006,33,0,0,2,1931252,1499,77.6180419921875
2006,33,1,0,1,1377412,2745.41357421875,199.3168029785156
2006,33,1,0,2,1297450.75,1297.784790039063,100.025749206543
2006,33,3,0,1,551501,279.5865173339844,50.69556045532227
2006,33,3,0,2,633801.375,201.2151947021484,31.74735832214355
2006,34,0,0,1,2025038,3372,166.5153961181641
2006,34,0,0,2,2024111,1658,81.91250610351563
2006,34,1,0,1,1432278.875,3055.875,213.3575439453125
2006,34,1,0,2,1362366.375,1443.996215820313,105.9917678833008
2006,34,3,0,1,592759.125,316.125,53.33110809326172
2006,34,3,0,2,661744.6875,214.0038299560547,32.33933639526367
2006,35,0,0,1,2148987,3794,176.5482940673828
2006,35,0,0,2,2153617,1959,90.96324920654297
2006,35,1,0,1,1531775.375,3385.57763671875,221.0231170654297
2006,35,1,0,2,1437451.5,1692.152465820313,117.7189254760742
2006,35,3,0,1,617211.625,408.4222412109375,66.17215728759766
2006,35,3,0,2,716165.4375,266.8475646972656,37.26060485839844
2006,36,0,0,1,2196017,3778,172.0387420654297
2006,36,0,0,2,2184485,2117,96.91071319580078
2006,36,1,0,1,1536562,3365.0458984375,218.9983825683594
2006,36,1,0,2,1442258.75,1802.939575195313,125.0080490112305
2006,36,3,0,1,659455,412.9540405273438,62.62050247192383
2006,36,3,0,2,742226.1875,314.0604248046875,42.31330490112305
2006,37,0,0,1,2059996,3872,187.9615325927734
2006,37,0,0,2,2066577,2175,105.2464981079102
2006,37,1,0,1,1439605.625,3447.888671875,239.5023040771484
2006,37,1,0,2,1391075.375,1845.645874023438,132.6776275634766
2006,37,3,0,1,620390.5,424.1114501953125,68.36201477050781
2006,37,3,0,2,675501.625,329.3541259765625,48.7569694519043
2006,38,0,0,1,2020763,4158,205.7638549804688
2006,38,0,0,2,2035923,2387,117.2441177368164
2006,38,1,0,1,1426373.25,3716.838623046875,260.5796508789063
2006,38,1,0,2,1387571.25,2069.787109375,149.1661834716797
2006,38,3,0,1,594389.75,441.1614685058594,74.22090911865234
2006,38,3,0,2,648351.6875,317.2127990722656,48.92604064941406
2006,39,0,0,1,2026022,4529,223.54150390625
2006,39,0,0,2,2048846,2730,133.2457427978516
2006,39,1,0,1,1446590.25,4059.536865234375,280.6279602050781
2006,39,1,0,2,1430219.25,2361.91015625,165.1432189941406
2006,39,3,0,1,579431.6875,469.4630737304688,81.02130126953125
2006,39,3,0,2,618626.75,368.0898742675781,59.50112533569336
2006,40,0,0,1,2081774,5122,246.0401611328125
2006,40,0,0,2,2102820,2953,140.4304656982422
2006,40,1,0,1,1502954.25,4568.73046875,303.9833374023438
2006,40,1,0,2,1481061.625,2571.384765625,173.61767578125
2006,40,3,0,1,578819.8125,553.2696533203125,95.5858154296875
2006,40,3,0,2,621758.4375,381.6152038574219,61.37676239013672
2006,41,0,0,1,2235552,5701,255.0153198242188
2006,41,0,0,2,2252637,3436,152.5323486328125
2006,41,1,0,1,1613075.875,5126.6455078125,317.8179931640625
2006,41,1,0,2,1579538.375,2994.485107421875,189.5797576904297
2006,41,3,0,1,622476.125,574.3544921875,92.26931762695313
2006,41,3,0,2,673098.625,441.5149230957031,65.59439086914063
2006,42,0,0,1,2257544,6528,289.1637878417969
2006,42,0,0,2,2294736,3957,172.4381408691406
2006,42,1,0,1,1632392.875,5857.47607421875,358.8276062011719
2006,42,1,0,2,1635418.625,3454.89697265625,211.2545928955078
2006,42,3,0,1,625151.125,670.5240478515625,107.2579116821289
2006,42,3,0,2,659317.375,502.1031188964844,76.15499877929688
2006,43,0,0,1,2246886,7107,316.304443359375
2006,43,0,0,2,2297856,4400,191.4828491210938
2006,43,1,0,1,1623777.875,6396.08642578125,393.9015502929688
2006,43,1,0,2,1643438.5,3844.0546875,233.9031677246094
2006,43,3,0,1,623108,710.9135131835938,114.0915374755859
2006,43,3,0,2,654417.5625,555.9452514648438,84.95268249511719
2006,44,0,0,1,2242649,7561,337.1459350585938
2006,44,0,0,2,2290114,4779,208.6795654296875
2006,44,1,0,1,1639833,6761.41162109375,412.3231811523438
2006,44,1,0,2,1642197.375,4118.17626953125,250.7723083496094
2006,44,3,0,1,602816,799.5882568359375,132.6421813964844
2006,44,3,0,2,647916.5,660.8236694335938,101.9921035766602
2006,45,0,0,1,2255226,8314,368.6548461914063
2006,45,0,0,2,2318320,5242,226.1120147705078
2006,45,1,0,1,1657591,7502.12353515625,452.5919494628906
2006,45,1,0,2,1675033.75,4515.3232421875,269.5661010742188
2006,45,3,0,1,597635,811.8765258789063,135.8482208251953
2006,45,3,0,2,643286.3125,726.6766357421875,112.9631729125977
2006,46,0,0,1,2322962,8989,386.9628601074219
2006,46,0,0,2,2359182,5527,234.276123046875
2006,46,1,0,1,1692087.625,8058.5166015625,476.2470092773438
2006,46,1,0,2,1713330.5,4803.84130859375,280.3803100585938
2006,46,3,0,1,630874.3125,930.4832763671875,147.4910736083984
2006,46,3,0,2,645851.4375,723.1588745117188,111.9698486328125
2006,47,0,0,1,2223663,9752,438.5556640625
2006,47,0,0,2,2282479,6038,264.5369262695313
2006,47,1,0,1,1617796.625,8683.8271484375,536.768798828125
2006,47,1,0,2,1658251,5224.68359375,315.0719299316406
2006,47,3,0,1,605866.4375,1068.172485351563,176.3049468994141
2006,47,3,0,2,624228,813.316162109375,130.2915191650391
2006,48,0,0,1,2216534,10668,481.2919616699219
2006,48,0,0,2,2278808,6516,285.93896484375
2006,48,1,0,1,1614181,9479.94140625,587.2910766601563
2006,48,1,0,2,1671423,5602.4228515625,335.1888122558594
2006,48,3,0,1,602353,1188.058837890625,197.2363128662109
2006,48,3,0,2,607384.9375,913.5769653320313,150.4115295410156
2006,49,0,0,1,2191446,11295,515.4130859375
2006,49,0,0,2,2266666,6927,305.60302734375
2006,49,1,0,1,1579787.625,9962.1689453125,630.601806640625
2006,49,1,0,2,1634687.75,5962.48095703125,364.7474060058594
2006,49,3,0,1,611658.375,1332.831298828125,217.9045257568359
2006,49,3,0,2,631978.125,964.5189819335938,152.6190490722656
2006,50,0,0,1,2089893,11991,573.7614135742188
2006,50,0,0,2,2175011,7190,330.5730285644531
2006,50,1,0,1,1494717.875,10564.208984375,706.7694091796875
2006,50,1,0,2,1576319.125,6070.42041015625,385.1009826660156
2006,50,3,0,1,595175.1875,1426.790649414063,239.7261657714844
2006,50,3,0,2,598691.9375,1119.57958984375,187.0042877197266
2006,51,0,0,1,2125890,12611,593.2103881835938
2006,51,0,0,2,2194302,7601,346.3971557617188
2006,51,1,0,1,1504174.375,11030.234375,733.3082275390625
2006,51,1,0,2,1576014.5,6426.8876953125,407.793701171875
2006,51,3,0,1,621715.75,1580.765991210938,254.2586364746094
2006,51,3,0,2,618287.4375,1174.112426757813,189.8975067138672
2006,52,0,0,1,2010094,13362,664.7450561523438
2006,52,0,0,2,2104762,7965,378.4275817871094
2006,52,1,0,1,1426706.125,11547.791015625,809.4022216796875
2006,52,1,0,2,1499170.25,6627.43896484375,442.0737915039063
2006,52,3,0,1,583387.75,1814.209350585938,310.9783020019531
2006,52,3,0,2,605591.75,1337.560791015625,220.8683929443359
2006,53,0,0,1,1949539,13901,713.0403442382813
2006,53,0,0,2,2046556,8187,400.0379028320313
2006,53,1,0,1,1337168.375,11970.6005859375,895.2201538085938
2006,53,1,0,2,1455529.75,6883.5390625,472.9232788085938
2006,53,3,0,1,612370.625,1930.399047851563,315.2337646484375
2006,53,3,0,2,591026.1875,1303.460693359375,220.5419464111328
2006,54,0,0,1,1889337,14289,756.2970581054688
2006,54,0,0,2,1985489,8666,436.466796875
2006,54,1,0,1,1288286.375,12199.1015625,946.9246826171875
2006,54,1,0,2,1402743.125,7177.685546875,511.6892395019531
2006,54,3,0,1,601050.625,2089.898681640625,347.7076110839844
2006,54,3,0,2,582745.8125,1488.314208984375,255.3968048095703
2006,55,0,0,1,1816409,14662,807.1970825195313
2006,55,0,0,2,1928603,8979,465.5701599121094
2006,55,1,0,1,1217125.125,12291.8427734375,1009.907897949219
2006,55,1,0,2,1358996,7420.22607421875,546.0079345703125
2006,55,3,0,1,599283.875,2370.15673828125,395.4981689453125
2006,55,3,0,2,569606.9375,1558.773803710938,273.6578063964844
2006,56,0,0,1,1830564,15155,827.8869018554688
2006,56,0,0,2,1930335,9397,486.8067016601563
2006,56,1,0,1,1231161.375,12605.8896484375,1023.902282714844
2006,56,1,0,2,1366852.5,7796.51708984375,570.3992919921875
2006,56,3,0,1,599402.6875,2549.1103515625,425.2750854492188
2006,56,3,0,2,563482.4375,1600.48291015625,284.0342102050781
2006,57,0,0,1,1746603,15926,911.8271484375
2006,57,0,0,2,1855370,10088,543.7190551757813
2006,57,1,0,1,1148280,13158.1181640625,1145.898071289063
2006,57,1,0,2,1336701.625,8476.189453125,634.1123046875
2006,57,3,0,1,598323,2767.882080078125,462.6066589355469
2006,57,3,0,2,518668.28125,1611.810424804688,310.7593994140625
2006,58,0,0,1,1728992,17295,1000.293823242188
2006,58,0,0,2,1839667,11030,599.5650024414063
2006,58,1,0,1,1136715.75,14108.4873046875,1241.162353515625
2006,58,1,0,2,1338599.5,9290.921875,694.0778198242188
2006,58,3,0,1,592276.25,3186.512939453125,538.0112915039063
2006,58,3,0,2,501067.53125,1739.078125,347.0745849609375
2006,59,0,0,1,1801227,18335,1017.917236328125
2006,59,0,0,2,1919090,12186,634.9884643554688
2006,59,1,0,1,1180814.25,14919.3330078125,1263.478393554688
2006,59,1,0,2,1412373,10174.3701171875,720.3741455078125
2006,59,3,0,1,620412.75,3415.66650390625,550.5474243164063
2006,59,3,0,2,506717.125,2011.63037109375,396.9927673339844
2006,60,0,0,1,1326336,15732,1186.124755859375
2006,60,0,0,2,1430756,10567,738.5606079101563
2006,60,1,0,1,894400.75,12885.7041015625,1440.708129882813
2006,60,1,0,2,1071251.625,9053.505859375,845.1334838867188
2006,60,3,0,1,431935.1875,2846.295654296875,658.963623046875
2006,60,3,0,2,359504.4375,1513.494384765625,420.99462890625
2006,61,0,0,1,1335279,16062,1202.894653320313
2006,61,0,0,2,1441590,11048,766.3760375976563
2006,61,1,0,1,901996.0625,13187.826171875,1462.071411132813
2006,61,1,0,2,1085371,9481.6259765625,873.5838623046875
2006,61,3,0,1,433282.9375,2874.173828125,663.3480224609375
2006,61,3,0,2,356219,1566.37353515625,439.7220764160156
2006,62,0,0,1,1303566,17719,1359.271362304688
2006,62,0,0,2,1422085,12271,862.887939453125
2006,62,1,0,1,901720.9375,14712.765625,1631.6318359375
2006,62,1,0,2,1103018.875,10670.4345703125,967.3845825195313
2006,62,3,0,1,401845,3006.234619140625,748.1080322265625
2006,62,3,0,2,319066.1875,1600.565185546875,501.6405029296875
2006,63,0,0,1,1340312,19467,1452.422973632813
2006,63,0,0,2,1469890,13679,930.6138305664063
2006,63,1,0,1,936809.875,16263.7578125,1736.078857421875
2006,63,1,0,2,1147826.875,11889.095703125,1035.791748046875
2006,63,3,0,1,403502.0625,3203.2421875,793.8601684570313
2006,63,3,0,2,322063.15625,1789.90380859375,555.76171875
2006,64,0,0,1,1168771,18634,1594.324340820313
2006,64,0,0,2,1294668,13169,1017.171997070313
2006,64,1,0,1,830869.9375,15521.76953125,1868.134643554688
2006,64,1,0,2,1016770,11448.501953125,1125.9677734375
2006,64,3,0,1,337901,3112.230224609375,921.0479736328125
2006,64,3,0,2,277898,1720.49853515625,619.1115112304688
2006,65,0,0,1,1077812,18502,1716.625854492188
2006,65,0,0,2,1208196,13386,1107.932861328125
2006,65,1,0,1,784896.1875,15470.755859375,1971.0576171875
2006,65,1,0,2,967676.375,11833.1142578125,1222.838012695313
2006,65,3,0,1,292915.78125,3031.24462890625,1034.851928710938
2006,65,3,0,2,240519.609375,1552.885620117188,645.6378173828125
2006,66,0,0,1,1042044,18994,1822.763671875
2006,66,0,0,2,1171707,13688,1168.210083007813
2006,66,1,0,1,754561.875,16067.3515625,2129.36181640625
2006,66,1,0,2,952479,12105.7001953125,1270.967651367188
2006,66,3,0,1,287482.0625,2926.648193359375,1018.028076171875
2006,66,3,0,2,219227.9375,1582.299926757813,721.7601928710938
2006,67,0,0,1,986584,19825,2009.458862304688
2006,67,0,0,2,1112106,14652,1317.500366210938
2006,67,1,0,1,705855.1875,16780.0625,2377.26708984375
2006,67,1,0,2,902551.0625,13076.0302734375,1448.78564453125
2006,67,3,0,1,280728.8125,3044.9365234375,1084.654052734375
2006,67,3,0,2,209554.96875,1575.969360351563,752.0553588867188
2006,68,0,0,1,953381,20328,2132.201171875
2006,68,0,0,2,1090864,15387,1410.533325195313
2006,68,1,0,1,701901,17225.87890625,2454.175048828125
2006,68,1,0,2,899527.1875,13685.75,1521.438232421875
2006,68,3,0,1,251479.9375,3102.120361328125,1233.5458984375
2006,68,3,0,2,191336.859375,1701.249877929688,889.1386108398438
2006,69,0,0,1,884178,21072,2383.23046875
2006,69,0,0,2,1026329,16049,1563.728637695313
2006,69,1,0,1,658530.5,17764.19921875,2697.551513671875
2006,69,1,0,2,854934.25,14231.275390625,1664.604614257813
2006,69,3,0,1,225647.546875,3307.801513671875,1465.915161132813
2006,69,3,0,2,171394.765625,1817.724853515625,1060.548583984375
2006,70,0,0,1,848416,21828,2572.79443359375
2006,70,0,0,2,1000140,17405,1740.25634765625
2006,70,1,0,1,638663.5,18323.98046875,2869.113525390625
2006,70,1,0,2,841088.75,15633.5732421875,1858.73046875
2006,70,3,0,1,209752.5,3504.0185546875,1670.549072265625
2006,70,3,0,2,159051.28125,1771.42626953125,1113.745361328125
2006,71,0,0,1,843344,23053,2733.522705078125
2006,71,0,0,2,1005603,18621,1851.724731445313
2006,71,1,0,1,621292.75,19357.5859375,3115.69482421875
2006,71,1,0,2,848346.8125,16728.38671875,1971.880615234375
2006,71,3,0,1,222051.296875,3695.414306640625,1664.216552734375
2006,71,3,0,2,157256.109375,1892.612426757813,1203.522338867188
2006,72,0,0,1,755357,23260,3079.338623046875
2006,72,0,0,2,917086,19073,2079.739501953125
2006,72,1,0,1,562510.0625,19365.50390625,3442.694580078125
2006,72,1,0,2,775632.8125,17194.94921875,2216.89306640625
2006,72,3,0,1,192846.921875,3894.49560546875,2019.47509765625
2006,72,3,0,2,141453.1875,1878.05078125,1327.68359375
2006,73,0,0,1,743108,24888,3349.1767578125
2006,73,0,0,2,917734,21009,2289.225341796875
2006,73,1,0,1,554879.1875,20673.728515625,3725.80712890625
2006,73,1,0,2,790063.125,18919.48046875,2394.6796875
2006,73,3,0,1,188228.796875,4214.27197265625,2238.9091796875
2006,73,3,0,2,127670.8984375,2089.519775390625,1636.645263671875
2006,74,0,0,1,718165,26415,3678.1240234375
2006,74,0,0,2,900873,22658,2515.115966796875
2006,74,1,0,1,531776.375,21602.673828125,4062.360595703125
2006,74,1,0,2,772862.875,20386.64453125,2637.808837890625
2006,74,3,0,1,186388.609375,4812.3251953125,2581.877197265625
2006,74,3,0,2,128010.1640625,2271.355224609375,1774.355346679688
2006,75,0,0,1,689385,27997,4061.156005859375
2006,75,0,0,2,884121,24334,2752.338134765625
2006,75,1,0,1,521006.9375,23001.7890625,4414.8720703125
2006,75,1,0,2,759357.125,21909.7421875,2885.301513671875
2006,75,3,0,1,168378.0625,4995.21044921875,2966.66357421875
2006,75,3,0,2,124763.890625,2424.2578125,1943.076538085938
2006,76,0,0,1,686620,30129,4388.0166015625
2006,76,0,0,2,900407,26738,2969.5458984375
2006,76,1,0,1,527009,24923.4375,4729.22412109375
2006,76,1,0,2,771908.6875,24104.03515625,3122.65380859375
2006,76,3,0,1,159610.984375,5205.5615234375,3261.405517578125
2006,76,3,0,2,128498.25,2633.964599609375,2049.805908203125
2006,77,0,0,1,629385,30619,4864.90771484375
2006,77,0,0,2,842943,28473,3377.808349609375
2006,77,1,0,1,480065.4375,25445.154296875,5300.35107421875
2006,77,1,0,2,727950.875,25631.8984375,3521.102783203125
2006,77,3,0,1,149319.53125,5173.8447265625,3464.948486328125
2006,77,3,0,2,114992.109375,2841.100830078125,2470.69189453125
2006,78,0,0,1,605767,32192,5314.25439453125
2006,78,0,0,2,835874,30872,3693.379638671875
2006,78,1,0,1,468696.46875,26593.52734375,5673.93359375
2006,78,1,0,2,727120.9375,27900.212890625,3837.080078125
2006,78,3,0,1,137070.515625,5598.4716796875,4084.373291015625
2006,78,3,0,2,108753.046875,2971.78759765625,2732.601806640625
2006,79,0,0,1,566741,33290,5873.935546875
2006,79,0,0,2,805791,33066,4103.54541015625
2006,79,1,0,1,430663.375,27392.560546875,6360.55029296875
2006,79,1,0,2,707777.5,29811.869140625,4212.03955078125
2006,79,3,0,1,136077.65625,5897.43896484375,4333.87744140625
2006,79,3,0,2,98013.5,3254.130859375,3320.084228515625
2006,80,0,0,1,515325,34018,6601.27099609375
2006,80,0,0,2,763565,35153,4603.79931640625
2006,80,1,0,1,396774.65625,27798.482421875,7006.11328125
2006,80,1,0,2,668610.1875,31723.720703125,4744.72607421875
2006,80,3,0,1,118550.3359375,6219.51708984375,5246.30908203125
2006,80,3,0,2,94954.78125,3429.279541015625,3611.487060546875
2006,81,0,0,1,487526,35082,7195.923828125
2006,81,0,0,2,752401,37674,5007.17041015625
2006,81,1,0,1,378226.90625,28437.697265625,7518.68701171875
2006,81,1,0,2,662829.4375,34163.5546875,5154.2001953125
2006,81,3,0,1,109299.0625,6644.30224609375,6079.01123046875
2006,81,3,0,2,89571.546875,3510.443603515625,3919.150390625
2006,82,0,0,1,436936,35188,8053.353515625
2006,82,0,0,2,701199,39944,5696.5283203125
2006,82,1,0,1,338267.5,28598.8828125,8454.5166015625
2006,82,1,0,2,617479.9375,36327.38671875,5883.1689453125
2006,82,3,0,1,98668.4765625,6589.1171875,6678.03662109375
2006,82,3,0,2,83719.0625,3616.613525390625,4319.9404296875
2006,83,0,0,1,392892,34416,8759.6591796875
2006,83,0,0,2,643892,40601,6305.560546875
2006,83,1,0,1,304912.3125,28128.26953125,9225.0361328125
2006,83,1,0,2,571955.25,36974.01953125,6464.4951171875
2006,83,3,0,1,87979.6796875,6287.72998046875,7146.7978515625
2006,83,3,0,2,71936.78125,3626.979248046875,5041.89794921875
2006,84,0,0,1,351889,34384,9771.2626953125
2006,84,0,0,2,602492,43168,7164.908203125
2006,84,1,0,1,278472.6875,28285.94921875,10157.53125
2006,84,1,0,2,535782.4375,39070.85546875,7292.298828125
2006,84,3,0,1,73416.3046875,6098.05029296875,8306.125
2006,84,3,0,2,66709.578125,4097.14501953125,6141.76416015625
2007,25,0,0,1,2150579,3074,142.9382476806641
2007,25,0,0,2,2094993,1055,50.35816192626953
2007,25,1,0,1,1702167.875,2860.79296875,168.0676116943359
2007,25,1,0,2,1459953.75,925.2349853515625,63.374267578125
2007,25,3,0,1,448411.0625,213.2070465087891,47.5472297668457
2007,25,3,0,2,635039.3125,129.7649993896484,20.43416786193848
2007,26,0,0,1,2111196,3062,145.0362701416016
2007,26,0,0,2,2111654,1171,55.45415878295898
2007,26,1,0,1,1610120,2843.662353515625,176.6118316650391
2007,26,1,0,2,1461916.25,1026.484619140625,70.21501159667969
2007,26,3,0,1,501075.96875,218.3375854492188,43.57374954223633
2007,26,3,0,2,649737.75,144.5154266357422,22.24211692810059
2007,27,0,0,1,2105989,3081,146.2970581054688
2007,27,0,0,2,2118406,1145,54.05007171630859
2007,27,1,0,1,1602426.75,2846.19677734375,177.6179046630859
2007,27,1,0,2,1452327.625,1022.895202636719,70.43143463134766
2007,27,3,0,1,503562.15625,234.8032989501953,46.62846374511719
2007,27,3,0,2,666078.375,122.1047744750977,18.3318920135498
2007,28,0,0,1,2007290,2970,147.9606781005859
2007,28,0,0,2,1992509,1190,59.72369384765625
2007,28,1,0,1,1510117.125,2724.265380859375,180.4009399414063
2007,28,1,0,2,1352806.375,1016.3701171875,75.1304931640625
2007,28,3,0,1,497172.96875,245.7346649169922,49.4263916015625
2007,28,3,0,2,639702.5,173.6298980712891,27.14228820800781
2007,29,0,0,1,1938385,2920,150.640869140625
2007,29,0,0,2,1911697,1263,66.06695556640625
2007,29,1,0,1,1462251.375,2669.104248046875,182.5338897705078
2007,29,1,0,2,1285530.75,1108.346923828125,86.21707153320313
2007,29,3,0,1,476133.53125,250.8957977294922,52.69441986083984
2007,29,3,0,2,626166.3125,154.6530609130859,24.69840049743652
2007,30,0,0,1,1965174,2895,147.3152008056641
2007,30,0,0,2,1929353,1222,63.33729553222656
2007,30,1,0,1,1430188.5,2636.423583984375,184.3409881591797
2007,30,1,0,2,1266802.25,1046.040649414063,82.57331848144531
2007,30,3,0,1,534985.5,258.5763854980469,48.33334350585938
2007,30,3,0,2,662550.75,175.9593658447266,26.55786895751953
2007,31,0,0,1,1869108,2820,150.8740997314453
2007,31,0,0,2,1855504,1282,69.09174346923828
2007,31,1,0,1,1327898.75,2570.958251953125,193.6110076904297
2007,31,1,0,2,1207180,1111.208984375,92.04998016357422
2007,31,3,0,1,541209.25,249.0417175292969,46.01579284667969
2007,31,3,0,2,648324.0625,170.7910003662109,26.34346199035645
2007,32,0,0,1,1954635,2853,145.9607543945313
2007,32,0,0,2,1944828,1410,72.49998474121094
2007,32,1,0,1,1393622.25,2566.524169921875,184.162109375
2007,32,1,0,2,1272393,1200.159423828125,94.32301330566406
2007,32,3,0,1,561012.6875,286.475830078125,51.06405639648438
2007,32,3,0,2,672434.9375,209.8405456542969,31.20607376098633
2007,33,0,0,1,1890360,2928,154.8911285400391
2007,33,0,0,2,1890567,1411,74.63369750976563
2007,33,1,0,1,1341392.625,2640.27734375,196.8310546875
2007,33,1,0,2,1231961.375,1211.240478515625,98.31805419921875
2007,33,3,0,1,548967.3125,287.7225341796875,52.41159820556641
2007,33,3,0,2,658605.6875,199.7595520019531,30.33067512512207
2007,34,0,0,1,1932154,3189,165.0489501953125
2007,34,0,0,2,1939082,1631,84.11196899414063
2007,34,1,0,1,1382823.5,2895.009033203125,209.3549194335938
2007,34,1,0,2,1291666,1386.941284179688,107.3761520385742
2007,34,3,0,1,549330.5,293.9909362792969,53.51804351806641
2007,34,3,0,2,647416,244.0586700439453,37.69734954833984
2007,35,0,0,1,2042845,3420,167.4135894775391
2007,35,0,0,2,2040888,1889,92.55774688720703
2007,35,1,0,1,1432648.875,3077.466552734375,214.8095397949219
2007,35,1,0,2,1358806.375,1606.502807617188,118.2289733886719
2007,35,3,0,1,610196.1875,342.5335388183594,56.13498687744141
2007,35,3,0,2,682081.5625,282.4971923828125,41.41692352294922
2007,36,0,0,1,2142266,3778,176.3553161621094
2007,36,0,0,2,2160312,2059,95.31031036376953
2007,36,1,0,1,1495964.125,3335.406982421875,222.9603576660156
2007,36,1,0,2,1418210.5,1742.066040039063,122.8355026245117
2007,36,3,0,1,646301.875,442.5930786132813,68.48085784912109
2007,36,3,0,2,742101.625,316.9339599609375,42.70762252807617
2007,37,0,0,1,2185701,4066,186.0272674560547
2007,37,0,0,2,2184832,2189,100.1907730102539
2007,37,1,0,1,1507914.25,3645.084716796875,241.7302398681641
2007,37,1,0,2,1459285.75,1859.484497070313,127.4242858886719
2007,37,3,0,1,677786.8125,420.9154052734375,62.10144424438477
2007,37,3,0,2,725546.1875,329.5155029296875,45.41619873046875
2007,38,0,0,1,2062939,4181,202.6720123291016
2007,38,0,0,2,2074052,2417,116.5351715087891
2007,38,1,0,1,1456239.25,3702.259521484375,254.2342834472656
2007,38,1,0,2,1363655.5,2059.556396484375,151.0320129394531
2007,38,3,0,1,606699.75,478.7404479980469,78.90895843505859
2007,38,3,0,2,710396.625,357.4436645507813,50.31607055664063
2007,39,0,0,1,2027301,4310,212.5979309082031
2007,39,0,0,2,2042755,2572,125.9083938598633
2007,39,1,0,1,1430971.375,3843.6474609375,268.6040649414063
2007,39,1,0,2,1386874.5,2215.04345703125,159.7147674560547
2007,39,3,0,1,596329.8125,466.3525390625,78.20379638671875
2007,39,3,0,2,655880.4375,356.9566345214844,54.42404174804688
2007,40,0,0,1,2021075,4707,232.8958587646484
2007,40,0,0,2,2050266,2900,141.445068359375
2007,40,1,0,1,1450834.25,4165.19482421875,287.0896301269531
2007,40,1,0,2,1416535.5,2486.16796875,175.5104522705078
2007,40,3,0,1,570240.75,541.8052978515625,95.013427734375
2007,40,3,0,2,633730.4375,413.8321228027344,65.30097198486328
2007,41,0,0,1,2090954,5326,254.7162628173828
2007,41,0,0,2,2111306,3149,149.1493835449219
2007,41,1,0,1,1478599.875,4771.296875,322.690185546875
2007,41,1,0,2,1472043.125,2706.1220703125,183.8344268798828
2007,41,3,0,1,612354.125,554.703125,90.58535003662109
2007,41,3,0,2,639263,442.8778991699219,69.27944946289063
2007,42,0,0,1,2233912,6006,268.855712890625
2007,42,0,0,2,2251520,3540,157.2271118164063
2007,42,1,0,1,1621496.625,5374.9775390625,331.4825134277344
2007,42,1,0,2,1588747.25,3043.9697265625,191.5955963134766
2007,42,3,0,1,612415.4375,631.0223999023438,103.0382919311523
2007,42,3,0,2,662772.8125,496.0303955078125,74.84169006347656
2007,43,0,0,1,2258746,6773,299.8566589355469
2007,43,0,0,2,2301759,4159,180.6878967285156
2007,43,1,0,1,1630459.375,6077.86767578125,372.770263671875
2007,43,1,0,2,1619120.375,3622.286376953125,223.7194061279297
2007,43,3,0,1,628286.5625,695.1321411132813,110.6393432617188
2007,43,3,0,2,682638.6875,536.713623046875,78.62338256835938
2007,44,0,0,1,2228489,7538,338.256103515625
2007,44,0,0,2,2284312,4627,202.5555114746094
2007,44,1,0,1,1608257.125,6753.037109375,419.8978576660156
2007,44,1,0,2,1620141,3979.535888671875,245.6289825439453
2007,44,3,0,1,620231.6875,784.962890625,126.5596237182617
2007,44,3,0,2,664171,647.4641723632813,97.48455810546875
2007,45,0,0,1,2233025,8145,364.7518615722656
2007,45,0,0,2,2286767,4926,215.4132843017578
2007,45,1,0,1,1618317.625,7241.068359375,447.4442138671875
2007,45,1,0,2,1639667.5,4262.802734375,259.9797058105469
2007,45,3,0,1,614707.375,903.9315185546875,147.0507049560547
2007,45,3,0,2,647099.5625,663.1973876953125,102.4876861572266
2007,46,0,0,1,2266159,8975,396.0445861816406
2007,46,0,0,2,2325773,5502,236.5665130615234
2007,46,1,0,1,1654117.75,8034.59912109375,485.7332153320313
2007,46,1,0,2,1664783.5,4712.04052734375,283.042236328125
2007,46,3,0,1,612041.1875,940.401123046875,153.6499786376953
2007,46,3,0,2,660989.4375,789.959716796875,119.5117034912109
2007,47,0,0,1,2326976,9494,407.9973449707031
2007,47,0,0,2,2367220,6149,259.7561645507813
2007,47,1,0,1,1687936.625,8551.814453125,506.6430969238281
2007,47,1,0,2,1721808.625,5263.9248046875,305.7206726074219
2007,47,3,0,1,639039.3125,942.18505859375,147.4377288818359
2007,47,3,0,2,645411.4375,885.0753173828125,137.1334991455078
2007,48,0,0,1,2210559,10187,460.8336486816406
2007,48,0,0,2,2277094,6521,286.373779296875
2007,48,1,0,1,1612275.75,9068.4736328125,562.4641723632813
2007,48,1,0,2,1625078.75,5597.1298828125,344.4220581054688
2007,48,3,0,1,598283.1875,1118.526611328125,186.9560546875
2007,48,3,0,2,652015.25,923.8699951171875,141.6945343017578
2007,49,0,0,1,2220829,11103,499.9484558105469
2007,49,0,0,2,2285359,6736,294.7458190917969
2007,49,1,0,1,1600296.375,9837.533203125,614.73193359375
2007,49,1,0,2,1660105.625,5757.255859375,346.8005676269531
2007,49,3,0,1,620532.625,1265.466430664063,203.9322967529297
2007,49,3,0,2,625253.375,978.7440795898438,156.5355987548828
2007,50,0,0,1,2170086,11935,549.9782104492188
2007,50,0,0,2,2256393,7425,329.0650024414063
2007,50,1,0,1,1554480.875,10503.7880859375,675.7103271484375
2007,50,1,0,2,1628773.375,6296.02783203125,386.5502624511719
2007,50,3,0,1,615605.0625,1431.212158203125,232.4886932373047
2007,50,3,0,2,627619.5,1128.972045898438,179.8816070556641
2007,51,0,0,1,2105021,12752,605.7896728515625
2007,51,0,0,2,2189912,7871,359.4208374023438
2007,51,1,0,1,1506035.125,11168.29296875,741.5692138671875
2007,51,1,0,2,1564773.375,6727.1689453125,429.9132995605469
2007,51,3,0,1,598985.75,1583.70751953125,264.398193359375
2007,51,3,0,2,625138.5,1143.830932617188,182.9723968505859
2007,52,0,0,1,2107225,13327,632.443115234375
2007,52,0,0,2,2185395,8025,367.2105102539063
2007,52,1,0,1,1493034.375,11597.150390625,776.7503662109375
2007,52,1,0,2,1568309.25,6776.2197265625,432.0716552734375
2007,52,3,0,1,614190.6875,1729.849487304688,281.64697265625
2007,52,3,0,2,617085.875,1248.780151367188,202.3673248291016
2007,53,0,0,1,2014300,14169,703.4205322265625
2007,53,0,0,2,2110678,8282,392.3857727050781
2007,53,1,0,1,1421002.25,12240.8896484375,861.4264526367188
2007,53,1,0,2,1506180.375,6972.08642578125,462.8984985351563
2007,53,3,0,1,593297.75,1928.110717773438,324.9819641113281
2007,53,3,0,2,604497.625,1309.91357421875,216.694580078125
2007,54,0,0,1,1947797,14369,737.7052001953125
2007,54,0,0,2,2053371,8793,428.22265625
2007,54,1,0,1,1334843.75,12413.8369140625,929.9842529296875
2007,54,1,0,2,1450100.75,7340.353515625,506.1961059570313
2007,54,3,0,1,612953.3125,1955.163208007813,318.9742431640625
2007,54,3,0,2,603270.1875,1452.646240234375,240.7953033447266
2007,55,0,0,1,1859281,15224,818.8111572265625
2007,55,0,0,2,1970420,9030,458.2779235839844
2007,55,1,0,1,1265156.125,12843.77734375,1015.193054199219
2007,55,1,0,2,1389420.5,7500.22412109375,539.8095092773438
2007,55,3,0,1,594124.9375,2380.222900390625,400.6266479492188
2007,55,3,0,2,580999.5625,1529.77587890625,263.3006896972656
2007,56,0,0,1,1824531,15509,850.0266723632813
2007,56,0,0,2,1936853,9446,487.6983337402344
2007,56,1,0,1,1227134.75,12969.626953125,1056.903198242188
2007,56,1,0,2,1370777.125,7842.30078125,572.106201171875
2007,56,3,0,1,597396.125,2539.372802734375,425.0735168457031
2007,56,3,0,2,566075.8125,1603.699340820313,283.3011474609375
2007,57,0,0,1,1814344,16272,896.8530883789063
2007,57,0,0,2,1920539,10007,521.0516357421875
2007,57,1,0,1,1212265.5,13561.423828125,1118.684326171875
2007,57,1,0,2,1362018.125,8353.60546875,613.3255615234375
2007,57,3,0,1,602078.5625,2710.57666015625,450.2031555175781
2007,57,3,0,2,558520.875,1653.394775390625,296.0309753417969
2007,58,0,0,1,1736443,16828,969.1075439453125
2007,58,0,0,2,1852510,10676,576.2991943359375
2007,58,1,0,1,1134398.375,13735.4013671875,1210.809326171875
2007,58,1,0,2,1339282.625,8929.3828125,666.728759765625
2007,58,3,0,1,602044.625,3092.59814453125,513.6825561523438
2007,58,3,0,2,513227.34375,1746.6171875,340.3203735351563
2007,59,0,0,1,1710700,17757,1037.99609375
2007,59,0,0,2,1829151,11709,640.133056640625
2007,59,1,0,1,1117795,14434.1083984375,1291.301879882813
2007,59,1,0,2,1335462,9827.9892578125,735.92431640625
2007,59,3,0,1,592905,3322.89111328125,560.4424438476563
2007,59,3,0,2,493689.0625,1881.010620117188,381.0111999511719
2007,60,0,0,1,1766043,19256,1090.34716796875
2007,60,0,0,2,1893411,12785,675.2363891601563
2007,60,1,0,1,1153941.875,15569.7265625,1349.264404296875
2007,60,1,0,2,1398598.625,10777.525390625,770.5946044921875
2007,60,3,0,1,612101.125,3686.273681640625,602.2327880859375
2007,60,3,0,2,494812.34375,2007.474853515625,405.7042846679688
2007,61,0,0,1,1334516,16407,1229.434448242188
2007,61,0,0,2,1441286,10996,762.9297485351563
2007,61,1,0,1,878219.625,13328.4091796875,1517.662475585938
2007,61,1,0,2,1070779.375,9375.4921875,875.5764770507813
2007,61,3,0,1,456296.3125,3078.59033203125,674.6910400390625
2007,61,3,0,2,370506.59375,1620.507690429688,437.376220703125
2007,62,0,0,1,1322109,17045,1289.22802734375
2007,62,0,0,2,1435809,11759,818.9807739257813
2007,62,1,0,1,893530.75,14114.490234375,1579.631225585938
2007,62,1,0,2,1097378.25,10118.1357421875,922.028076171875
2007,62,3,0,1,428578.1875,2930.51025390625,683.7749633789063
2007,62,3,0,2,338430.75,1640.863891601563,484.8447875976563
2007,63,0,0,1,1294016,18821,1454.464233398438
2007,63,0,0,2,1417309,12827,905.0249633789063
2007,63,1,0,1,894642.4375,15600.4140625,1743.759643554688
2007,63,1,0,2,1090928.125,11145.4599609375,1021.649353027344
2007,63,3,0,1,399373.53125,3220.58642578125,806.4096069335938
2007,63,3,0,2,326380.9375,1681.540405273438,515.2078857421875
2007,64,0,0,1,1317780,20499,1555.570678710938
2007,64,0,0,2,1451383,14257,982.304443359375
2007,64,1,0,1,901924.375,16945.5703125,1878.823852539063
2007,64,1,0,2,1129258.25,12304.5341796875,1089.612060546875
2007,64,3,0,1,415855.59375,3553.4296875,854.4864501953125
2007,64,3,0,2,322124.71875,1952.465454101563,606.1209716796875
2007,65,0,0,1,1155119,19641,1700.34423828125
2007,65,0,0,2,1290637,14160,1097.132690429688
2007,65,1,0,1,821453.3125,16480.95703125,2006.31689453125
2007,65,1,0,2,1018918.875,12417.2958984375,1218.673706054688
2007,65,3,0,1,333665.6875,3160.04345703125,947.0687255859375
2007,65,3,0,2,271718.09375,1742.704345703125,641.3648681640625
2007,66,0,0,1,1061969,19431,1829.714477539063
2007,66,0,0,2,1195702,14065,1176.29638671875
2007,66,1,0,1,759585.5,16359.30078125,2153.714111328125
2007,66,1,0,2,955722,12404.1533203125,1297.882934570313
2007,66,3,0,1,302383.53125,3071.698974609375,1015.828796386719
2007,66,3,0,2,239980.09375,1660.846801757813,692.076904296875
2007,67,0,0,1,1028624,19643,1909.638549804688
2007,67,0,0,2,1162703,14638,1258.962890625
2007,67,1,0,1,746902.6875,16507.302734375,2210.100830078125
2007,67,1,0,2,938121.125,12996.8173828125,1385.409301757813
2007,67,3,0,1,281721.375,3135.697021484375,1113.049072265625
2007,67,3,0,2,224581.828125,1641.182495117188,730.7726440429688
2007,68,0,0,1,968187,20371,2104.03564453125
2007,68,0,0,2,1099908,15231,1384.752197265625
2007,68,1,0,1,710571.1875,17194.47265625,2419.81005859375
2007,68,1,0,2,904458.1875,13463.2099609375,1488.538696289063
2007,68,3,0,1,257615.828125,3176.527099609375,1233.048095703125
2007,68,3,0,2,195449.84375,1767.789916992188,904.472412109375
2007,69,0,0,1,931531,21406,2297.9375
2007,69,0,0,2,1075855,16405,1524.833740234375
2007,69,1,0,1,683730.8125,18086.90234375,2645.324951171875
2007,69,1,0,2,889807.125,14566.5634765625,1637.047241210938
2007,69,3,0,1,247800.171875,3319.096923828125,1339.4248046875
2007,69,3,0,2,186047.890625,1838.43701171875,988.152587890625
2007,70,0,0,1,856729,21522,2512.113037109375
2007,70,0,0,2,1003987,16819,1675.220947265625
2007,70,1,0,1,633950.375,18083.35546875,2852.487548828125
2007,70,1,0,2,846287.25,14907.1044921875,1761.470947265625
2007,70,3,0,1,222778.65625,3438.6455078125,1543.525512695313
2007,70,3,0,2,157699.796875,1911.895385742188,1212.363891601563
2007,71,0,0,1,836079,22715,2716.8486328125
2007,71,0,0,2,990705,17972,1814.061645507813
2007,71,1,0,1,622551.0625,19030.541015625,3056.8642578125
2007,71,1,0,2,826351.125,16056.958984375,1943.11572265625
2007,71,3,0,1,213527.921875,3684.458740234375,1725.51611328125
2007,71,3,0,2,164353.875,1915.04052734375,1165.193359375
2007,72,0,0,1,815065,23861,2927.49658203125
2007,72,0,0,2,983890,19752,2007.54150390625
2007,72,1,0,1,601227.125,19883.287109375,3307.117431640625
2007,72,1,0,2,836080,17722.46875,2119.709716796875
2007,72,3,0,1,213837.890625,3977.71240234375,1860.153198242188
2007,72,3,0,2,147810.03125,2029.530639648438,1373.06689453125
2007,73,0,0,1,734155,24272,3306.11376953125
2007,73,0,0,2,899567,20062,2230.18408203125
2007,73,1,0,1,538718.625,20170.447265625,3744.152587890625
2007,73,1,0,2,766926.1875,17967.130859375,2342.745849609375
2007,73,3,0,1,195436.375,4101.552734375,2098.6640625
2007,73,3,0,2,132640.765625,2094.869384765625,1579.355590820313
2007,74,0,0,1,715467,25482,3561.58984375
2007,74,0,0,2,892848,21790,2440.5048828125
2007,74,1,0,1,523165.75,20989.88671875,4012.091064453125
2007,74,1,0,2,764779.5625,19658.34765625,2570.459228515625
2007,74,3,0,1,192301.25,4492.11376953125,2335.977294921875
2007,74,3,0,2,128068.4453125,2131.6533203125,1664.464111328125
2007,75,0,0,1,683039,27202,3982.495849609375
2007,75,0,0,2,870058,23853,2741.541259765625
2007,75,1,0,1,510906.34375,22303.2109375,4365.42041015625
2007,75,1,0,2,744704.375,21394.2734375,2872.8544921875
2007,75,3,0,1,172132.640625,4898.7880859375,2845.93798828125
2007,75,3,0,2,125353.625,2458.72607421875,1961.432006835938
2007,76,0,0,1,668782,28631,4281.06640625
2007,76,0,0,2,866442,25738,2970.539306640625
2007,76,1,0,1,502295.25,23354.322265625,4649.52099609375
2007,76,1,0,2,741508.1875,22990.115234375,3100.453369140625
2007,76,3,0,1,166486.78125,5276.677734375,3169.427490234375
2007,76,3,0,2,124933.8125,2747.885009765625,2199.47265625
2007,77,0,0,1,652493,30303,4644.18798828125
2007,77,0,0,2,869410,27948,3214.59375
2007,77,1,0,1,491700.9375,24914.05078125,5066.91162109375
2007,77,1,0,2,749072.0625,25115.94921875,3352.941650390625
2007,77,3,0,1,160792.0625,5388.94921875,3351.501953125
2007,77,3,0,2,120337.9609375,2832.050048828125,2353.41357421875
2007,78,0,0,1,599072,30986,5172.3330078125
2007,78,0,0,2,815742,29593,3627.740234375
2007,78,1,0,1,454884.03125,25321.498046875,5566.5830078125
2007,78,1,0,2,706244.125,26652.54296875,3773.8427734375
2007,78,3,0,1,144187.953125,5664.501953125,3928.55419921875
2007,78,3,0,2,109497.8515625,2940.45751953125,2685.402099609375
2007,79,0,0,1,571753,32547,5692.4931640625
2007,79,0,0,2,803572,32228,4010.5927734375
2007,79,1,0,1,441007.125,26682.35546875,6050.32275390625
2007,79,1,0,2,695908.4375,29040.845703125,4173.08447265625
2007,79,3,0,1,130745.8828125,5864.6455078125,4485.52978515625
2007,79,3,0,2,107663.546875,3187.15478515625,2960.29150390625
2007,80,0,0,1,527247,33696,6390.9326171875
2007,80,0,0,2,765528,34090,4453.1357421875
2007,80,1,0,1,404194.375,27459.302734375,6793.58837890625
2007,80,1,0,2,664146.5,30634.783203125,4612.654296875
2007,80,3,0,1,123052.609375,6236.697265625,5068.31787109375
2007,80,3,0,2,101381.4453125,3455.21630859375,3408.134765625
2007,81,0,0,1,483736,34094,7048.05908203125
2007,81,0,0,2,732857,36468,4976.14111328125
2007,81,1,0,1,366419,27573.21484375,7525.05029296875
2007,81,1,0,2,643350.0625,32761.71484375,5092.3623046875
2007,81,3,0,1,117317.015625,6520.78466796875,5558.259765625
2007,81,3,0,2,89506.9296875,3706.284912109375,4140.77978515625
2007,82,0,0,1,448157,34585,7717.16162109375
2007,82,0,0,2,710665,39400,5544.10302734375
2007,82,1,0,1,339753.78125,27886.876953125,8207.966796875
2007,82,1,0,2,621270.5625,35662.4921875,5740.25146484375
2007,82,3,0,1,108403.21875,6698.12353515625,6178.8974609375
2007,82,3,0,2,89394.4140625,3737.508056640625,4180.9189453125
2007,83,0,0,1,403576,34565,8564.681640625
2007,83,0,0,2,661644,40894,6180.6650390625
2007,83,1,0,1,310543.625,27936.009765625,8995.8408203125
2007,83,1,0,2,584782.25,37163.78515625,6355.1494140625
2007,83,3,0,1,93032.3828125,6628.990234375,7125.46533203125
2007,83,3,0,2,76861.7734375,3730.213623046875,4853.1455078125
2007,84,0,0,1,355093,34194,9629.58984375
2007,84,0,0,2,598573,41667,6961.0556640625
2007,84,1,0,1,278828.875,27652.802734375,9917.4814453125
2007,84,1,0,2,528895.625,37738.7421875,7135.3857421875
2007,84,3,0,1,76264.0859375,6541.19775390625,8577.03515625
2007,84,3,0,2,69677.375,3928.258544921875,5637.7822265625
2008,25,0,0,1,2161269,3055,141.3521423339844
2008,25,0,0,2,2084941,1086,52.08780670166016
2008,25,1,0,1,1679742,2826.9990234375,168.2995910644531
2008,25,1,0,2,1447521.375,949.3156127929688,65.58214569091797
2008,25,3,0,1,481526.90625,228.0010528564453,47.3495979309082
2008,25,3,0,2,637419.625,136.6843719482422,21.44338989257813
2008,26,0,0,1,2118708,2927,138.1502380371094
2008,26,0,0,2,2087875,1096,52.49356460571289
2008,26,1,0,1,1632014.75,2713.42822265625,166.2624816894531
2008,26,1,0,2,1416192,963.28125,68.01911163330078
2008,26,3,0,1,486693.28125,213.5716857910156,43.88219451904297
2008,26,3,0,2,671683.125,132.71875,19.75913047790527
2008,27,0,0,1,2124164,3003,141.3732604980469
2008,27,0,0,2,2141001,1149,53.66648483276367
2008,27,1,0,1,1597300.125,2757.987548828125,172.6655883789063
2008,27,1,0,2,1452292.25,994.736083984375,68.49420928955078
2008,27,3,0,1,526863.8125,245.0124206542969,46.50393676757813
2008,27,3,0,2,688708.8125,154.2638854980469,22.39900016784668
2008,28,0,0,1,2109285,3042,144.219482421875
2008,28,0,0,2,2106335,1224,58.11041641235352
2008,28,1,0,1,1579611.25,2786.261474609375,176.3890686035156
2008,28,1,0,2,1425418.75,1039.063720703125,72.89533233642578
2008,28,3,0,1,529673.6875,255.7386016845703,48.28229141235352
2008,28,3,0,2,680916.3125,184.9362487792969,27.15990829467773
2008,29,0,0,1,1995710,2973,148.9695434570313
2008,29,0,0,2,1973380,1231,62.38028335571289
2008,29,1,0,1,1499537.25,2754.03759765625,183.6591644287109
2008,29,1,0,2,1321362.875,1063.184692382813,80.46121978759766
2008,29,3,0,1,496172.75,218.9624633789063,44.13028717041016
2008,29,3,0,2,652017.125,167.8153533935547,25.73787498474121
2008,30,0,0,1,2005304,2979,148.5560302734375
2008,30,0,0,2,1964887,1256,63.9222526550293
2008,30,1,0,1,1468666.125,2738.4130859375,186.4557952880859
2008,30,1,0,2,1291996.25,1092.081298828125,84.52666473388672
2008,30,3,0,1,536637.875,240.5868682861328,44.83225631713867
2008,30,3,0,2,672890.8125,163.9186401367188,24.3603630065918
2008,31,0,0,1,1918551,2872,149.6963043212891
2008,31,0,0,2,1909543,1318,69.02175140380859
2008,31,1,0,1,1375018.25,2613.04052734375,190.0367889404297
2008,31,1,0,2,1255832.125,1100.619750976563,87.64067840576172
2008,31,3,0,1,543532.8125,258.9595642089844,47.64377593994141
2008,31,3,0,2,653710.75,217.3803100585938,33.25328826904297
2008,32,0,0,1,1906803,2815,147.6293029785156
2008,32,0,0,2,1900958,1365,71.80590057373047
2008,32,1,0,1,1362761.875,2550.826416015625,187.1806488037109
2008,32,1,0,2,1246618,1164.044677734375,93.37621307373047
2008,32,3,0,1,544041.0625,264.1736450195313,48.55766677856445
2008,32,3,0,2,654339.9375,200.9553680419922,30.71115684509277
2008,33,0,0,1,1954630,2993,153.1236114501953
2008,33,0,0,2,1952623,1374,70.36688232421875
2008,33,1,0,1,1393399.625,2708.0537109375,194.3486785888672
2008,33,1,0,2,1278882.375,1161.067138671875,90.78764343261719
2008,33,3,0,1,561230.3125,284.9463500976563,50.77173233032227
2008,33,3,0,2,673740.625,212.9329223632813,31.60458374023438
2008,34,0,0,1,1893638,2976,157.1578063964844
2008,34,0,0,2,1897868,1541,81.19637298583984
2008,34,1,0,1,1358103.625,2679.26318359375,197.2797241210938
2008,34,1,0,2,1257492.125,1304.41943359375,103.731819152832
2008,34,3,0,1,535534.4375,296.7367553710938,55.40946197509766
2008,34,3,0,2,640375.8125,236.5805969238281,36.94402313232422
2008,35,0,0,1,1951453,3157,161.7768859863281
2008,35,0,0,2,1956588,1794,91.69023132324219
2008,35,1,0,1,1390039,2809.761962890625,202.1354827880859
2008,35,1,0,2,1279976.375,1513.421752929688,118.2382583618164
2008,35,3,0,1,561414.0625,347.2381286621094,61.85062789916992
2008,35,3,0,2,676611.625,280.5781860351563,41.4681282043457
2008,36,0,0,1,2036234,3476,170.7072906494141
2008,36,0,0,2,2047585,1886,92.10850524902344
2008,36,1,0,1,1439187.5,3122.436279296875,216.9582672119141
2008,36,1,0,2,1354167.125,1592.009033203125,117.5637054443359
2008,36,3,0,1,597046.5,353.563720703125,59.21879196166992
2008,36,3,0,2,693417.875,293.9909973144531,42.39737701416016
2008,37,0,0,1,2131773,4030,189.0445251464844
2008,37,0,0,2,2159900,2213,102.4584503173828
2008,37,1,0,1,1489413.125,3583.409423828125,240.592041015625
2008,37,1,0,2,1405733.375,1897.157958984375,134.9585876464844
2008,37,3,0,1,642359.9375,446.5906677246094,69.52342987060547
2008,37,3,0,2,754166.75,315.842041015625,41.87960433959961
2008,38,0,0,1,2189534,4227,193.0547790527344
2008,38,0,0,2,2192623,2350,107.1775665283203
2008,38,1,0,1,1518487.75,3743.884033203125,246.5534515380859
2008,38,1,0,2,1432824.875,1963.359252929688,137.0271606445313
2008,38,3,0,1,671046.25,483.1160583496094,71.99445343017578
2008,38,3,0,2,759798.0625,386.6406860351563,50.88729476928711
2008,39,0,0,1,2070660,4214,203.5099945068359
2008,39,0,0,2,2081113,2517,120.9449005126953
2008,39,1,0,1,1443529.875,3781.222412109375,261.9427795410156
2008,39,1,0,2,1398913.875,2098.03564453125,149.9760437011719
2008,39,3,0,1,627130.125,432.7776794433594,69.00923156738281
2008,39,3,0,2,682199.0625,418.9642333984375,61.41378021240234
2008,40,0,0,1,2021855,4421,218.6605834960938
2008,40,0,0,2,2043855,2795,136.7513885498047
2008,40,1,0,1,1424266.25,3940.594482421875,276.6754150390625
2008,40,1,0,2,1389927.75,2384.9677734375,171.5893402099609
2008,40,3,0,1,597588.875,480.4054565429688,80.39063262939453
2008,40,3,0,2,653927.1875,410.0322265625,62.70304107666016
2008,41,0,0,1,2031178,5027,247.4918518066406
2008,41,0,0,2,2058913,3099,150.5163116455078
2008,41,1,0,1,1441421.25,4490.2294921875,311.5140380859375
2008,41,1,0,2,1402298.5,2651.556396484375,189.0864410400391
2008,41,3,0,1,589756.8125,536.7704467773438,91.01555633544922
2008,41,3,0,2,656614.5625,447.4434814453125,68.14400482177734
2008,42,0,0,1,2089575,5588,267.4227905273438
2008,42,0,0,2,2109888,3433,162.7100524902344
2008,42,1,0,1,1514581.125,4978.8662109375,328.7289123535156
2008,42,1,0,2,1465640.625,2954.622314453125,201.5925445556641
2008,42,3,0,1,574993.9375,609.1336669921875,105.9374084472656
2008,42,3,0,2,644247.3125,478.3775939941406,74.25372314453125
2008,43,0,0,1,2236079,6339,283.4873046875
2008,43,0,0,2,2259139,3983,176.3061065673828
2008,43,1,0,1,1600031.125,5621.1748046875,351.3165893554688
2008,43,1,0,2,1590841.875,3436.019775390625,215.9875183105469
2008,43,3,0,1,636047.875,717.8253784179688,112.8571319580078
2008,43,3,0,2,668297.25,546.9801025390625,81.84682464599609
2008,44,0,0,1,2238412,7207,321.9693298339844
2008,44,0,0,2,2286129,4614,201.8258819580078
2008,44,1,0,1,1593955.25,6412.03955078125,402.2722473144531
2008,44,1,0,2,1630051.875,3985.1083984375,244.4774017333984
2008,44,3,0,1,644456.75,794.9603881835938,123.3535690307617
2008,44,3,0,2,656077.125,628.8916015625,95.85635375976563
2008,45,0,0,1,2218446,7782,350.7861022949219
2008,45,0,0,2,2280805,4987,218.6508636474609
2008,45,1,0,1,1595729.5,6925.4130859375,433.9966735839844
2008,45,1,0,2,1621630.125,4299.8359375,265.1551513671875
2008,45,3,0,1,622716.5625,856.5867919921875,137.5564422607422
2008,45,3,0,2,659174.9375,687.1640625,104.2460861206055
2008,46,0,0,1,2245998,8644,384.8623046875
2008,46,0,0,2,2295486,5470,238.2937622070313
2008,46,1,0,1,1616373,7634.41162109375,472.3174438476563
2008,46,1,0,2,1638025.625,4714.96484375,287.8443908691406
2008,46,3,0,1,629625,1009.588439941406,160.3475799560547
2008,46,3,0,2,657460.4375,755.03515625,114.8411560058594
2008,47,0,0,1,2271170,9564,421.1045532226563
2008,47,0,0,2,2334953,6063,259.6626281738281
2008,47,1,0,1,1646931.75,8539.8994140625,518.5338745117188
2008,47,1,0,2,1656029.125,5208.63916015625,314.5258178710938
2008,47,3,0,1,624238.1875,1024.100219726563,164.0559997558594
2008,47,3,0,2,678923.875,854.3606567382813,125.8404235839844
2008,48,0,0,1,2312020,10237,442.7729797363281
2008,48,0,0,2,2360935,6458,273.5357055664063
2008,48,1,0,1,1676814.25,9125.4873046875,544.2157592773438
2008,48,1,0,2,1714154.25,5571.23291015625,325.0135192871094
2008,48,3,0,1,635205.8125,1111.5126953125,174.9846496582031
2008,48,3,0,2,646780.75,886.7669677734375,137.1047210693359
2008,49,0,0,1,2216356,11112,501.3634948730469
2008,49,0,0,2,2284804,7100,310.7487487792969
2008,49,1,0,1,1598322.375,9822.5380859375,614.552978515625
2008,49,1,0,2,1653300,6106.318359375,369.3412170410156
2008,49,3,0,1,618033.5,1289.461669921875,208.6394500732422
2008,49,3,0,2,631503.9375,993.6818237304688,157.3516387939453
2008,50,0,0,1,2197224,12002,546.2346801757813
2008,50,0,0,2,2273904,7579,333.3034362792969
2008,50,1,0,1,1593306.25,10622.619140625,666.702880859375
2008,50,1,0,2,1640929.5,6545.69287109375,398.9015197753906
2008,50,3,0,1,603917.75,1379.380615234375,228.4053802490234
2008,50,3,0,2,632974.5,1033.30712890625,163.2462463378906
2008,51,0,0,1,2189639,12824,585.6672973632813
2008,51,0,0,2,2274367,7917,348.0968627929688
2008,51,1,0,1,1587177.25,11324.7431640625,713.5147094726563
2008,51,1,0,2,1644265,6780.68994140625,412.3842468261719
2008,51,3,0,1,602461.75,1499.2568359375,248.8551025390625
2008,51,3,0,2,630101.875,1136.309814453125,180.3374786376953
2008,52,0,0,1,2084700,13410,643.2579956054688
2008,52,0,0,2,2179899,8407,385.6600646972656
2008,52,1,0,1,1472783.75,11754.8935546875,798.1411743164063
2008,52,1,0,2,1572880.875,7120.0625,452.676513671875
2008,52,3,0,1,611916.25,1655.106201171875,270.4792175292969
2008,52,3,0,2,607018.125,1286.937255859375,212.0096893310547
2008,53,0,0,1,2113819,14275,675.3179931640625
2008,53,0,0,2,2192990,8602,392.2498474121094
2008,53,1,0,1,1497048.5,12467.1181640625,832.7798461914063
2008,53,1,0,2,1586123.875,7285.248046875,459.3114318847656
2008,53,3,0,1,616770.3125,1807.881713867188,293.1207275390625
2008,53,3,0,2,606866.125,1316.752075195313,216.9757080078125
2008,54,0,0,1,2013539,15188,754.2938232421875
2008,54,0,0,2,2119393,8921,420.9223937988281
2008,54,1,0,1,1410570.375,13157.650390625,932.7893676757813
2008,54,1,0,2,1512110.875,7481.716796875,494.7862548828125
2008,54,3,0,1,602968.625,2030.349609375,336.7255859375
2008,54,3,0,2,607282.1875,1439.283081054688,237.0039978027344
2008,55,0,0,1,1913592,15744,822.7459106445313
2008,55,0,0,2,2035932,9341,458.8070678710938
2008,55,1,0,1,1338909,13473.91015625,1006.335021972656
2008,55,1,0,2,1437103,7687.42626953125,534.9252319335938
2008,55,3,0,1,574683.0625,2270.090087890625,395.0160217285156
2008,55,3,0,2,598829.125,1653.57373046875,276.1344909667969
2008,56,0,0,1,1870156,16153,863.7247314453125
2008,56,0,0,2,1980548,9799,494.7620544433594
2008,56,1,0,1,1271295,13674.2646484375,1075.616943359375
2008,56,1,0,2,1407532.375,8146.9599609375,578.8115234375
2008,56,3,0,1,598861.0625,2478.73486328125,413.9081726074219
2008,56,3,0,2,573015.625,1652.0400390625,288.3062744140625
2008,57,0,0,1,1807079,16467,911.2495727539063
2008,57,0,0,2,1926122,10054,521.9814453125
2008,57,1,0,1,1209264.625,13805.09375,1141.610595703125
2008,57,1,0,2,1360654.25,8306.537109375,610.4810791015625
2008,57,3,0,1,597814.5,2661.90625,445.27294921875
2008,57,3,0,2,565467.75,1747.463256835938,309.0296936035156
2008,58,0,0,1,1804202,17178,952.1106567382813
2008,58,0,0,2,1918225,10720,558.8499755859375
2008,58,1,0,1,1205510.125,14137.9384765625,1172.7763671875
2008,58,1,0,2,1379302.125,8922.48828125,646.88427734375
2008,58,3,0,1,598691.875,3040.061767578125,507.7840270996094
2008,58,3,0,2,538922.875,1797.51220703125,333.5379333496094
2008,59,0,0,1,1717301,17881,1041.226928710938
2008,59,0,0,2,1841411,11371,617.5155639648438
2008,59,1,0,1,1131695.25,14739.005859375,1302.382934570313
2008,59,1,0,2,1339111.75,9533.59375,711.9341430664063
2008,59,3,0,1,585605.875,3141.99462890625,536.5374145507813
2008,59,3,0,2,502299.25,1837.406494140625,365.7991638183594
2008,60,0,0,1,1674280,19413,1159.483520507813
2008,60,0,0,2,1802265,12600,699.1203002929688
2008,60,1,0,1,1092218.125,15738.5107421875,1440.9677734375
2008,60,1,0,2,1317863,10645.576171875,807.7908325195313
2008,60,3,0,1,582061.9375,3674.4892578125,631.288330078125
2008,60,3,0,2,484402.03125,1954.423950195313,403.4714660644531
2008,61,0,0,1,1783203,20713,1161.5615234375
2008,61,0,0,2,1911784,13933,728.7957153320313
2008,61,1,0,1,1161033,16739.546875,1441.780395507813
2008,61,1,0,2,1409921.375,11764.6572265625,834.4193725585938
2008,61,3,0,1,622170,3973.453369140625,638.6443481445313
2008,61,3,0,2,501862.6875,2168.34228515625,432.0588684082031
2008,62,0,0,1,1321417,17533,1326.833251953125
2008,62,0,0,2,1435908,12049,839.12060546875
2008,62,1,0,1,877793.25,14362.3310546875,1636.18603515625
2008,62,1,0,2,1067731.75,10277.8662109375,962.5888061523438
2008,62,3,0,1,443623.71875,3170.6689453125,714.7203369140625
2008,62,3,0,2,368176.34375,1771.13427734375,481.0559692382813
2008,63,0,0,1,1313243,18325,1395.400512695313
2008,63,0,0,2,1431620,12780,892.6950073242188
2008,63,1,0,1,892656.5,15120.7978515625,1693.910034179688
2008,63,1,0,2,1097909.875,11025.8408203125,1004.257385253906
2008,63,3,0,1,420586.46875,3204.2021484375,761.8414916992188
2008,63,3,0,2,333710.1875,1754.158935546875,525.6533813476563
2008,64,0,0,1,1270827,20143,1585.030883789063
2008,64,0,0,2,1397948,13985,1000.394836425781
2008,64,1,0,1,873249.4375,16709.20703125,1913.451782226563
2008,64,1,0,2,1084151.375,12124.1220703125,1118.305297851563
2008,64,3,0,1,397577.59375,3433.793212890625,863.6787719726563
2008,64,3,0,2,313796.65625,1860.877563476563,593.0202026367188
2008,65,0,0,1,1303557,21669,1662.2978515625
2008,65,0,0,2,1448356,15371,1061.272216796875
2008,65,1,0,1,906780.75,17902.00390625,1974.2373046875
2008,65,1,0,2,1128655.25,13237.9033203125,1172.8916015625
2008,65,3,0,1,396776.21875,3766.995361328125,949.4005126953125
2008,65,3,0,2,319700.78125,2133.0966796875,667.2166137695313
2008,66,0,0,1,1138633,20637,1812.4365234375
2008,66,0,0,2,1277374,14978,1172.561889648438
2008,66,1,0,1,794298.3125,17240.146484375,2170.487548828125
2008,66,1,0,2,1017238.9375,13119.9619140625,1289.762084960938
2008,66,3,0,1,344334.71875,3396.852783203125,986.497314453125
2008,66,3,0,2,260134.984375,1858.038330078125,714.25927734375
2008,67,0,0,1,1048799,20474,1952.1376953125
2008,67,0,0,2,1186870,15234,1283.544067382813
2008,67,1,0,1,738097.1875,17131.001953125,2320.96826171875
2008,67,1,0,2,962313.4375,13362.6025390625,1388.591552734375
2008,67,3,0,1,310701.8125,3342.997802734375,1075.950561523438
2008,67,3,0,2,224556.546875,1871.397583007813,833.374755859375
2008,68,0,0,1,1009620,20834,2063.548583984375
2008,68,0,0,2,1150404,15696,1364.390258789063
2008,68,1,0,1,738532.875,17532.4609375,2373.9580078125
2008,68,1,0,2,945710.5,13963.0791015625,1476.464477539063
2008,68,3,0,1,271087.09375,3301.53955078125,1217.888916015625
2008,68,3,0,2,204693.4375,1732.920654296875,846.5931396484375
2008,69,0,0,1,945830,21789,2303.69091796875
2008,69,0,0,2,1084904,16768,1545.574584960938
2008,69,1,0,1,688128.8125,18296.115234375,2658.8212890625
2008,69,1,0,2,882587.25,14820.4833984375,1679.208862304688
2008,69,3,0,1,257701.21875,3492.885009765625,1355.401000976563
2008,69,3,0,2,202316.796875,1947.516357421875,962.6073608398438
2008,70,0,0,1,901774,22443,2488.760986328125
2008,70,0,0,2,1051554,17488,1663.0625
2008,70,1,0,1,660681.9375,18717.11328125,2832.9990234375
2008,70,1,0,2,869677.625,15543.2529296875,1787.243041992188
2008,70,3,0,1,241092.0625,3725.88671875,1545.420776367188
2008,70,3,0,2,181876.328125,1944.747192382813,1069.26904296875
2008,71,0,0,1,845857,22728,2686.97900390625
2008,71,0,0,2,995703,18059,1813.693481445313
2008,71,1,0,1,626986.6875,19040.373046875,3036.806640625
2008,71,1,0,2,827588,16079.744140625,1942.96484375
2008,71,3,0,1,218870.25,3687.62744140625,1684.846313476563
2008,71,3,0,2,168114.953125,1979.255493164063,1177.322631835938
2008,72,0,0,1,807647,24071,2980.38623046875
2008,72,0,0,2,968816,19825,2046.312255859375
2008,72,1,0,1,592964.5,20016.255859375,3375.624755859375
2008,72,1,0,2,812272.4375,17738.490234375,2183.810546875
2008,72,3,0,1,214682.515625,4054.743408203125,1888.716186523438
2008,72,3,0,2,156543.5625,2086.5107421875,1332.862670898438
2008,73,0,0,1,792997,25415,3204.93017578125
2008,73,0,0,2,965653,21066,2181.529052734375
2008,73,1,0,1,588491.1875,21041.6875,3575.531494140625
2008,73,1,0,2,810241.4375,18854.263671875,2326.9931640625
2008,73,3,0,1,204505.765625,4373.3125,2138.478759765625
2008,73,3,0,2,155411.515625,2211.736083984375,1423.148193359375
2008,74,0,0,1,706721,25340,3585.573486328125
2008,74,0,0,2,874610,21694,2480.419921875
2008,74,1,0,1,514762.75,20788.037109375,4038.37255859375
2008,74,1,0,2,745715.5,19441.501953125,2607.09375
2008,74,3,0,1,191958.265625,4551.96337890625,2371.32958984375
2008,74,3,0,2,128894.4765625,2252.497802734375,1747.551879882813
2008,75,0,0,1,679687,26863,3952.260498046875
2008,75,0,0,2,861340,23372,2713.446533203125
2008,75,1,0,1,507476.9375,22080.4765625,4351.03076171875
2008,75,1,0,2,741257.875,21041.93359375,2838.67919921875
2008,75,3,0,1,172210.0625,4782.52392578125,2777.1455078125
2008,75,3,0,2,120082.1640625,2330.066162109375,1940.393188476563
2008,76,0,0,1,664284,28136,4235.53759765625
2008,76,0,0,2,854043,25482,2983.6904296875
2008,76,1,0,1,492935.15625,22909.9296875,4647.65576171875
2008,76,1,0,2,726881.5625,22736.552734375,3127.95849609375
2008,76,3,0,1,171348.828125,5226.07080078125,3049.9599609375
2008,76,3,0,2,127161.484375,2745.44677734375,2159.02392578125
2008,77,0,0,1,635582,29974,4715.99267578125
2008,77,0,0,2,836424,27558,3294.740478515625
2008,77,1,0,1,470604.8125,24345.12890625,5173.15771484375
2008,77,1,0,2,719730.0625,24618.33984375,3420.496337890625
2008,77,3,0,1,164977.171875,5628.87060546875,3411.90869140625
2008,77,3,0,2,116693.9375,2939.65966796875,2519.119384765625
2008,78,0,0,1,621852,31645,5088.83154296875
2008,78,0,0,2,842232,30159,3580.84228515625
2008,78,1,0,1,469221.3125,25783.4140625,5494.9365234375
2008,78,1,0,2,731028.375,27006.744140625,3694.349609375
2008,78,3,0,1,152630.71875,5861.5849609375,3840.370361328125
2008,78,3,0,2,111203.6640625,3152.25634765625,2834.66943359375
2008,79,0,0,1,565841,32586,5758.86181640625
2008,79,0,0,2,784458,31595,4027.62158203125
2008,79,1,0,1,433675.46875,26651.6484375,6145.5283203125
2008,79,1,0,2,674409.5,28360.353515625,4205.21240234375
2008,79,3,0,1,132165.515625,5934.3525390625,4490.09130859375
2008,79,3,0,2,110048.484375,3234.646240234375,2939.2919921875
2008,80,0,0,1,531699,33676,6333.65869140625
2008,80,0,0,2,762902,34057,4464.13818359375
2008,80,1,0,1,407600.46875,27424.986328125,6728.39892578125
2008,80,1,0,2,659436.125,30544.966796875,4631.982421875
2008,80,3,0,1,124098.5,6251.013671875,5037.138671875
2008,80,3,0,2,103465.8984375,3512.033447265625,3394.387451171875
2008,81,0,0,1,496116,34313,6916.326171875
2008,81,0,0,2,736191,36443,4950.2099609375
2008,81,1,0,1,376611.46875,27864.93359375,7398.85400390625
2008,81,1,0,2,640473.9375,32580.44140625,5086.9267578125
2008,81,3,0,1,119504.5234375,6448.06640625,5395.6669921875
2008,81,3,0,2,95717.0625,3862.559326171875,4035.392578125
2008,82,0,0,1,444700,34390,7733.30322265625
2008,82,0,0,2,692151,38635,5581.87451171875
2008,82,1,0,1,336336.9375,27540.248046875,8188.291015625
2008,82,1,0,2,601883.375,34752.73828125,5773.99853515625
2008,82,3,0,1,108363.0703125,6849.75146484375,6321.1123046875
2008,82,3,0,2,90267.6328125,3882.261474609375,4300.83447265625
2008,83,0,0,1,415006,35216,8485.66015625
2008,83,0,0,2,671398,41579,6192.89892578125
2008,83,1,0,1,314943.5,28265.611328125,8974.8193359375
2008,83,1,0,2,587048.25,37573.35546875,6400.38623046875
2008,83,3,0,1,100062.484375,6950.388671875,6946.04833984375
2008,83,3,0,2,84349.78125,4005.6435546875,4748.8486328125
2008,84,0,0,1,364892,35097,9618.462890625
2008,84,0,0,2,615304,42784,6953.31103515625
2008,84,1,0,1,278385.5625,28143.4765625,10109.53125
2008,84,1,0,2,545247.5,38772.4765625,7110.98681640625
2008,84,3,0,1,86506.4296875,6953.5234375,8038.15771484375
2008,84,3,0,2,70056.4921875,4011.52294921875,5726.1259765625
2009,25,0,0,1,2136055,2828,132.3936004638672
2009,25,0,0,2,2068547,1049,50.7119255065918
2009,25,1,0,1,1624394.75,2609.81591796875,160.6638946533203
2009,25,1,0,2,1391552.625,900.9556274414063,64.74462890625
2009,25,3,0,1,511660.25,218.1839752197266,42.64235305786133
2009,25,3,0,2,676994.375,148.0443572998047,21.86788558959961
2009,26,0,0,1,2123441,2931,138.0306701660156
2009,26,0,0,2,2074481,1176,56.68887710571289
2009,26,1,0,1,1577355.375,2679.982421875,169.9035339355469
2009,26,1,0,2,1369428,1007.849853515625,73.59641265869141
2009,26,3,0,1,546085.5625,251.0176391601563,45.96672439575195
2009,26,3,0,2,705053.125,168.1501312255859,23.84928512573242
2009,27,0,0,1,2131764,2834,132.9415435791016
2009,27,0,0,2,2118250,1184,55.89519500732422
2009,27,1,0,1,1580337.625,2622.5546875,165.9490203857422
2009,27,1,0,2,1378791.375,1013.036743164063,73.47280883789063
2009,27,3,0,1,551426.4375,211.4454345703125,38.34517669677734
2009,27,3,0,2,739458.625,170.9632263183594,23.12005233764648
2009,28,0,0,1,2126324,2930,137.7964935302734
2009,28,0,0,2,2124289,1295,60.96157455444336
2009,28,1,0,1,1571598.375,2681.374755859375,170.614501953125
2009,28,1,0,2,1400027.5,1119.657470703125,79.97396087646484
2009,28,3,0,1,554725.6875,248.6251373291016,44.81947326660156
2009,28,3,0,2,724261.5625,175.3425750732422,24.20984077453613
2009,29,0,0,1,2093773,3048,145.5745239257813
2009,29,0,0,2,2081304,1337,64.23857116699219
2009,29,1,0,1,1526713.25,2802.125244140625,183.5397186279297
2009,29,1,0,2,1337709.875,1146.7548828125,85.72523498535156
2009,29,3,0,1,567059.75,245.8748321533203,43.35960006713867
2009,29,3,0,2,743594,190.2450561523438,25.58453369140625
2009,30,0,0,1,2071064,2927,141.3283233642578
2009,30,0,0,2,2033069,1376,67.68093109130859
2009,30,1,0,1,1514648,2672.156494140625,176.4209594726563
2009,30,1,0,2,1319914.125,1184.593505859375,89.74777221679688
2009,30,3,0,1,556416,254.8435668945313,45.80090713500977
2009,30,3,0,2,713154.9375,191.406494140625,26.83939743041992
2009,31,0,0,1,1950109,2906,149.0173187255859
2009,31,0,0,2,1940091,1286,66.28555297851563
2009,31,1,0,1,1378783.5,2637.023681640625,191.2572631835938
2009,31,1,0,2,1247340.375,1099.254150390625,88.12783813476563
2009,31,3,0,1,571325.5,268.9764099121094,47.07936477661133
2009,31,3,0,2,692750.5625,186.7458801269531,26.95716094970703
2009,32,0,0,1,1961054,2884,147.0637664794922
2009,32,0,0,2,1960227,1435,73.205810546875
2009,32,1,0,1,1391018,2582.987060546875,185.6904144287109
2009,32,1,0,2,1247863.75,1219.00146484375,97.68706512451172
2009,32,3,0,1,570035.9375,301.0128479003906,52.80594253540039
2009,32,3,0,2,712363.1875,215.9985046386719,30.32140159606934
2009,33,0,0,1,1905203,2850,149.5903625488281
2009,33,0,0,2,1907798,1551,81.29791259765625
2009,33,1,0,1,1356439.625,2539.781494140625,187.2388153076172
2009,33,1,0,2,1237641.625,1293.376220703125,104.503288269043
2009,33,3,0,1,548763.375,310.2184448242188,56.53045654296875
2009,33,3,0,2,670156.3125,257.6237182617188,38.44233322143555
2009,34,0,0,1,1957125,3061,156.4028930664063
2009,34,0,0,2,1959374,1614,82.37324523925781
2009,34,1,0,1,1391142,2759.987548828125,198.3972625732422
2009,34,1,0,2,1266295.5,1352.09765625,106.7758407592773
2009,34,3,0,1,565983,301.012451171875,53.18400955200195
2009,34,3,0,2,693078.4375,261.9023742675781,37.78827285766602
2009,35,0,0,1,1913685,3211,167.7914581298828
2009,35,0,0,2,1915747,1667,87.01566314697266
2009,35,1,0,1,1359084.625,2874.730712890625,211.5196228027344
2009,35,1,0,2,1258198.375,1388.641479492188,110.3674545288086
2009,35,3,0,1,554600.3125,336.2692565917969,60.63272094726563
2009,35,3,0,2,657548.5625,278.3585510253906,42.3327751159668
2009,36,0,0,1,1943059,3374,173.6437225341797
2009,36,0,0,2,1962556,1869,95.23294830322266
2009,36,1,0,1,1374896.125,3017.78515625,219.4918670654297
2009,36,1,0,2,1292429.125,1566.755981445313,121.2256774902344
2009,36,3,0,1,568162.875,356.2149047851563,62.69591522216797
2009,36,3,0,2,670126.75,302.2439880371094,45.10251235961914
2009,37,0,0,1,2024753,3678,181.6517791748047
2009,37,0,0,2,2046428,2154,105.2565765380859
2009,37,1,0,1,1424210.375,3239.738525390625,227.4761199951172
2009,37,1,0,2,1347253.875,1805.7294921875,134.0303802490234
2009,37,3,0,1,600542.6875,438.2613830566406,72.97755432128906
2009,37,3,0,2,699174.0625,348.2704467773438,49.81169509887695
2009,38,0,0,1,2136185,4121,192.9140014648438
2009,38,0,0,2,2167821,2436,112.3709030151367
2009,38,1,0,1,1500714.625,3622.9970703125,241.4181213378906
2009,38,1,0,2,1430816.125,2034.764038085938,142.2100372314453
2009,38,3,0,1,635470.375,498.0028381347656,78.36759185791016
2009,38,3,0,2,737004.8125,401.2359924316406,54.44143295288086
2009,39,0,0,1,2197945,4397,200.0505065917969
2009,39,0,0,2,2199617,2603,118.3387832641602
2009,39,1,0,1,1535080,3900.343017578125,254.0807647705078
2009,39,1,0,2,1441545.75,2195.619873046875,152.3101043701172
2009,39,3,0,1,662865,496.6570434570313,74.92581939697266
2009,39,3,0,2,758071.3125,407.3800964355469,53.73902130126953
2009,40,0,0,1,2063870,4589,222.3492736816406
2009,40,0,0,2,2081313,2858,137.3171691894531
2009,40,1,0,1,1460960,4105.33203125,281.0023498535156
2009,40,1,0,2,1398714.125,2401.484375,171.6922912597656
2009,40,3,0,1,602909.9375,483.6680603027344,80.22227478027344
2009,40,3,0,2,682598.875,456.5155944824219,66.87904357910156
2009,41,0,0,1,2032646,4973,244.6564788818359
2009,41,0,0,2,2052619,3047,148.4445037841797
2009,41,1,0,1,1442910.375,4437.41357421875,307.5321655273438
2009,41,1,0,2,1401641.75,2541.462890625,181.3204345703125
2009,41,3,0,1,589735.6875,535.5864868164063,90.81805419921875
2009,41,3,0,2,650977.375,505.5370483398438,77.65815734863281
2009,42,0,0,1,2029246,5426,267.3899536132813
2009,42,0,0,2,2056603,3302,160.5560302734375
2009,42,1,0,1,1441979.75,4802.01513671875,333.0154418945313
2009,42,1,0,2,1415741.125,2802.019287109375,197.9188995361328
2009,42,3,0,1,587266.25,623.9846801757813,106.2524337768555
2009,42,3,0,2,640861.875,499.9806823730469,78.01691436767578
2009,43,0,0,1,2091675,5900,282.0705871582031
2009,43,0,0,2,2117558,3770,178.0352630615234
2009,43,1,0,1,1495040,5275.06787109375,352.8379211425781
2009,43,1,0,2,1486165.5,3238.10205078125,217.8830108642578
2009,43,3,0,1,596635.0625,624.93212890625,104.7427749633789
2009,43,3,0,2,631392.5,531.8980712890625,84.2420654296875
2009,44,0,0,1,2213137,6886,311.1420593261719
2009,44,0,0,2,2241348,4404,196.4888916015625
2009,44,1,0,1,1608544.5,6089.65966796875,378.5819702148438
2009,44,1,0,2,1576534.5,3803.97998046875,241.2874603271484
2009,44,3,0,1,604592.5,796.3401489257813,131.7151947021484
2009,44,3,0,2,664813.625,600.02001953125,90.25386810302734
2009,45,0,0,1,2227071,7636,342.8718566894531
2009,45,0,0,2,2282194,4932,216.1078338623047
2009,45,1,0,1,1614127,6808.26953125,421.7926940917969
2009,45,1,0,2,1619091.125,4206.7998046875,259.8247680664063
2009,45,3,0,1,612943.9375,827.73046875,135.0417938232422
2009,45,3,0,2,663102.9375,725.200439453125,109.3646850585938
2009,46,0,0,1,2232877,8431,377.5846252441406
2009,46,0,0,2,2290719,5486,239.4881286621094
2009,46,1,0,1,1610235.25,7514.33251953125,466.6605529785156
2009,46,1,0,2,1632316.375,4763.625,291.8322143554688
2009,46,3,0,1,622641.75,916.6676635742188,147.2223205566406
2009,46,3,0,2,658402.75,722.3748168945313,109.7162551879883
2009,47,0,0,1,2251625,9287,412.4576721191406
2009,47,0,0,2,2305711,6053,262.5220642089844
2009,47,1,0,1,1634744.125,8250.029296875,504.6679382324219
2009,47,1,0,2,1642066.25,5244.45361328125,319.3813781738281
2009,47,3,0,1,616881,1036.970336914063,168.0989227294922
2009,47,3,0,2,663644.875,808.54638671875,121.8341979980469
2009,48,0,0,1,2254796,10055,445.9383544921875
2009,48,0,0,2,2327859,6594,283.2645874023438
2009,48,1,0,1,1641546.5,8943.5791015625,544.826416015625
2009,48,1,0,2,1663405.625,5683.677734375,341.689208984375
2009,48,3,0,1,613249.4375,1111.420654296875,181.2346801757813
2009,48,3,0,2,664453.25,910.3221435546875,137.0031890869141
2009,49,0,0,1,2319302,10964,472.7284240722656
2009,49,0,0,2,2370091,6969,294.0393371582031
2009,49,1,0,1,1699630.25,9758.9189453125,574.178955078125
2009,49,1,0,2,1722446.75,6023.38818359375,349.6995239257813
2009,49,3,0,1,619671.8125,1205.0810546875,194.4708557128906
2009,49,3,0,2,647644.125,945.6117553710938,146.0079193115234
2009,50,0,0,1,2190333,11836,540.3744506835938
2009,50,0,0,2,2271859,7523,331.1385192871094
2009,50,1,0,1,1590789.25,10492.2587890625,659.5631103515625
2009,50,1,0,2,1655666.125,6409.46435546875,387.1229858398438
2009,50,3,0,1,599543.6875,1343.741577148438,224.1273803710938
2009,50,3,0,2,616192.8125,1113.53564453125,180.7122039794922
2009,51,0,0,1,2220328,12958,583.6074829101563
2009,51,0,0,2,2294505,7947,346.3492126464844
2009,51,1,0,1,1620182.625,11476.6904296875,708.3578491210938
2009,51,1,0,2,1665392.25,6768.8046875,406.4390563964844
2009,51,3,0,1,600145.5,1481.309814453125,246.8251190185547
2009,51,3,0,2,629112.8125,1178.195068359375,187.2788238525391
2009,52,0,0,1,2166314,13919,642.5199584960938
2009,52,0,0,2,2262914,8765,387.3324279785156
2009,52,1,0,1,1568698.875,12262.458984375,781.6961669921875
2009,52,1,0,2,1641281.75,7358.66357421875,448.3486022949219
2009,52,3,0,1,597615.25,1656.541259765625,277.1919250488281
2009,52,3,0,2,621632.1875,1406.33642578125,226.2328796386719
2009,53,0,0,1,2092799,14524,693.998779296875
2009,53,0,0,2,2188666,9069,414.3619995117188
2009,53,1,0,1,1507637.75,12804.052734375,849.2791137695313
2009,53,1,0,2,1583854.875,7647.61279296875,482.8480834960938
2009,53,3,0,1,585161.1875,1719.947387695313,293.9271240234375
2009,53,3,0,2,604811.25,1421.387329101563,235.0133819580078
2009,54,0,0,1,2113789,15210,719.5609130859375
2009,54,0,0,2,2203336,9410,427.0796508789063
2009,54,1,0,1,1512188.125,13194.6806640625,872.5554809570313
2009,54,1,0,2,1588065.5,7926.16455078125,499.108154296875
2009,54,3,0,1,601600.875,2015.319702148438,334.9928283691406
2009,54,3,0,2,615270.625,1483.835693359375,241.16796875
2009,55,0,0,1,1974783,15829,801.556396484375
2009,55,0,0,2,2099236,9727,463.3590393066406
2009,55,1,0,1,1404527.125,13605.5244140625,968.6907348632813
2009,55,1,0,2,1502762.125,8168.69921875,543.5789794921875
2009,55,3,0,1,570255.9375,2223.47509765625,389.9082641601563
2009,55,3,0,2,596473.75,1558.30078125,261.252197265625
2009,56,0,0,1,1927719,16479,854.844482421875
2009,56,0,0,2,2048144,10093,492.7876281738281
2009,56,1,0,1,1342541.625,13977.7138671875,1041.13818359375
2009,56,1,0,2,1453280.75,8392.193359375,577.4653930664063
2009,56,3,0,1,585177.4375,2501.286376953125,427.440673828125
2009,56,3,0,2,594863.3125,1700.806640625,285.91552734375
2009,57,0,0,1,1851260,17257,932.1759033203125
2009,57,0,0,2,1968595,10392,527.88916015625
2009,57,1,0,1,1261649.625,14495.6240234375,1148.942138671875
2009,57,1,0,2,1394138.5,8515.5048828125,610.8076782226563
2009,57,3,0,1,589610.3125,2761.376220703125,468.3392028808594
2009,57,3,0,2,574456.5625,1876.49462890625,326.6556091308594
2009,58,0,0,1,1797118,17456,971.3330078125
2009,58,0,0,2,1924101,10813,561.9767456054688
2009,58,1,0,1,1213109.5,14514.7939453125,1196.494995117188
2009,58,1,0,2,1359402.125,8898.17578125,654.5653686523438
2009,58,3,0,1,584008.375,2941.206298828125,503.6239929199219
2009,58,3,0,2,564698.9375,1914.824096679688,339.0876159667969
2009,59,0,0,1,1783506,18186,1019.677001953125
2009,59,0,0,2,1906141,11474,601.9491577148438
2009,59,1,0,1,1195915.375,15081.333984375,1261.0703125
2009,59,1,0,2,1373116.875,9533.240234375,694.2774047851563
2009,59,3,0,1,587590.625,3104.665771484375,528.3722534179688
2009,59,3,0,2,533024.25,1940.759643554688,364.1034545898438
2009,60,0,0,1,1677738,19085,1137.543579101563
2009,60,0,0,2,1811564,12433,686.3130493164063
2009,60,1,0,1,1110476.75,15539.501953125,1399.354125976563
2009,60,1,0,2,1323842.375,10433.97265625,788.158203125
2009,60,3,0,1,567261.1875,3545.497802734375,625.0203247070313
2009,60,3,0,2,487721.5625,1999.027221679688,409.8705749511719
2009,61,0,0,1,1694484,20021,1181.539672851563
2009,61,0,0,2,1823104,13296,729.3056030273438
2009,61,1,0,1,1110611,16264.466796875,1464.461181640625
2009,61,1,0,2,1340968,11103.107421875,827.9920043945313
2009,61,3,0,1,583873,3756.532958984375,643.3818359375
2009,61,3,0,2,482135.9375,2192.892822265625,454.8287353515625
2009,62,0,0,1,1767422,21950,1241.921875
2009,62,0,0,2,1905712,14667,769.6336059570313
2009,62,1,0,1,1165925.375,17745.87890625,1522.04248046875
2009,62,1,0,2,1410178.125,12362.1103515625,876.6346435546875
2009,62,3,0,1,601496.6875,4204.1201171875,698.9431762695313
2009,62,3,0,2,495533.90625,2304.889404296875,465.1325378417969
2009,63,0,0,1,1313400,18726,1425.76513671875
2009,63,0,0,2,1432316,12908,901.19775390625
2009,63,1,0,1,872736.5625,15179.7490234375,1739.327758789063
2009,63,1,0,2,1077593.125,10964.373046875,1017.4873046875
2009,63,3,0,1,440663.46875,3546.2509765625,804.752685546875
2009,63,3,0,2,354722.875,1943.626831054688,547.92822265625
2009,64,0,0,1,1288629,19153,1486.308349609375
2009,64,0,0,2,1410628,13362,947.2376708984375
2009,64,1,0,1,873120.25,15713.9462890625,1799.745971679688
2009,64,1,0,2,1072212.875,11434.107421875,1066.402709960938
2009,64,3,0,1,415508.71875,3439.053955078125,827.673095703125
2009,64,3,0,2,338415.09375,1927.892822265625,569.682861328125
2009,65,0,0,1,1257340,20756,1650.78662109375
2009,65,0,0,2,1396005,14679,1051.50048828125
2009,65,1,0,1,876059.5625,17113.236328125,1953.432983398438
2009,65,1,0,2,1090866.875,12665.705078125,1161.06787109375
2009,65,3,0,1,381280.40625,3642.76416015625,955.4029541015625
2009,65,3,0,2,305138.09375,2013.294921875,659.7979736328125
2009,66,0,0,1,1285834,22547,1753.492309570313
2009,66,0,0,2,1433620,15988,1115.218872070313
2009,66,1,0,1,898686.1875,18553.439453125,2064.507080078125
2009,66,1,0,2,1133989.375,13803.455078125,1217.247314453125
2009,66,3,0,1,387147.71875,3993.560546875,1031.534057617188
2009,66,3,0,2,299630.75,2184.544921875,729.0790405273438
2009,67,0,0,1,1125678,21251,1887.840087890625
2009,67,0,0,2,1268698,15799,1245.292358398438
2009,67,1,0,1,795394.125,17564.939453125,2208.33154296875
2009,67,1,0,2,1013288.375,13679.4423828125,1350.0048828125
2009,67,3,0,1,330283.8125,3686.061279296875,1116.028442382813
2009,67,3,0,2,255409.640625,2119.557373046875,829.8658447265625
2009,68,0,0,1,1029534,21279,2066.857421875
2009,68,0,0,2,1174695,15807,1345.625854492188
2009,68,1,0,1,736992.625,17793.171875,2414.29443359375
2009,68,1,0,2,948824.3125,13827.443359375,1457.323852539063
2009,68,3,0,1,292541.40625,3485.827880859375,1191.5673828125
2009,68,3,0,2,225870.703125,1979.556396484375,876.4113159179688
2009,69,0,0,1,986113,21365,2166.58740234375
2009,69,0,0,2,1134860,16300,1436.300537109375
2009,69,1,0,1,706477.5,17838.7578125,2525.0283203125
2009,69,1,0,2,923389.1875,14379.5615234375,1557.259033203125
2009,69,3,0,1,279635.53125,3526.241455078125,1261.013427734375
2009,69,3,0,2,211470.828125,1920.438720703125,908.1340942382813
2009,70,0,0,1,914700,22148,2421.34033203125
2009,70,0,0,2,1059376,17286,1631.71533203125
2009,70,1,0,1,674722.0625,18578.66796875,2753.529052734375
2009,70,1,0,2,868978.75,15202.2744140625,1749.44140625
2009,70,3,0,1,239977.96875,3569.33203125,1487.358154296875
2009,70,3,0,2,190397.21875,2083.7255859375,1094.40966796875
2009,71,0,0,1,892048,23014,2579.906005859375
2009,71,0,0,2,1044260,18303,1752.724365234375
2009,71,1,0,1,651141.375,19131.06640625,2938.081787109375
2009,71,1,0,2,864214.375,16239.328125,1879.085571289063
2009,71,3,0,1,240906.640625,3882.933837890625,1611.80029296875
2009,71,3,0,2,180045.59375,2063.67138671875,1146.193725585938
2009,72,0,0,1,816692,23374,2862.03369140625
2009,72,0,0,2,973444,18790,1930.260009765625
2009,72,1,0,1,603217,19450.197265625,3224.411376953125
2009,72,1,0,2,810879.1875,16725.326171875,2062.6162109375
2009,72,3,0,1,213475.015625,3923.8017578125,1838.061401367188
2009,72,3,0,2,162564.8125,2064.673583984375,1270.061767578125
2009,73,0,0,1,786497,24485,3113.17138671875
2009,73,0,0,2,951400,20246,2128.02197265625
2009,73,1,0,1,580003,20341.287109375,3507.100341796875
2009,73,1,0,2,809244.8125,18037.7265625,2228.9580078125
2009,73,3,0,1,206493.984375,4143.712890625,2006.699096679688
2009,73,3,0,2,142155.171875,2208.27294921875,1553.42431640625
2009,74,0,0,1,763506,25575,3349.678955078125
2009,74,0,0,2,938799,22040,2347.680419921875
2009,74,1,0,1,566198.375,21082.537109375,3723.52490234375
2009,74,1,0,2,790148.5,19689.931640625,2491.927978515625
2009,74,3,0,1,197307.640625,4492.46240234375,2276.882080078125
2009,74,3,0,2,148650.4375,2350.068359375,1580.93603515625
2009,75,0,0,1,670445,25537,3808.962646484375
2009,75,0,0,2,842856,22418,2659.766357421875
2009,75,1,0,1,499683.40625,20913.732421875,4185.396484375
2009,75,1,0,2,722553.1875,20004.462890625,2768.580078125
2009,75,3,0,1,170761.59375,4623.26806640625,2707.440185546875
2009,75,3,0,2,120302.7734375,2413.536376953125,2006.218383789063
2009,76,0,0,1,662929,26950,4065.2919921875
2009,76,0,0,2,847071,24132,2848.875732421875
2009,76,1,0,1,484482.375,21806.58984375,4501.0078125
2009,76,1,0,2,732782.75,21478.86328125,2931.136474609375
2009,76,3,0,1,178446.59375,5143.4111328125,2882.3251953125
2009,76,3,0,2,114288.2421875,2653.1357421875,2321.4423828125
2009,77,0,0,1,631391,28631,4534.59130859375
2009,77,0,0,2,824353,26102,3166.362060546875
2009,77,1,0,1,466170.03125,23103.357421875,4955.99365234375
2009,77,1,0,2,708523.125,23361.703125,3297.2392578125
2009,77,3,0,1,165220.9375,5527.642578125,3345.606689453125
2009,77,3,0,2,115829.859375,2740.2958984375,2365.7939453125
2009,78,0,0,1,606615,30816,5079.9931640625
2009,78,0,0,2,810924,28407,3503.041015625
2009,78,1,0,1,446940.84375,24786.759765625,5545.8701171875
2009,78,1,0,2,698202.1875,25257.0625,3617.4423828125
2009,78,3,0,1,159674.140625,6029.240234375,3775.96533203125
2009,78,3,0,2,112721.828125,3149.93798828125,2794.434814453125
2009,79,0,0,1,587904,31299,5323.82861328125
2009,79,0,0,2,810576,30695,3786.813232421875
2009,79,1,0,1,445872.34375,25340.1796875,5683.28125
2009,79,1,0,2,700591.75,27426.341796875,3914.739501953125
2009,79,3,0,1,142031.671875,5958.81982421875,4195.416015625
2009,79,3,0,2,109984.2890625,3268.65771484375,2971.931396484375
2009,80,0,0,1,526176,32151,6110.31298828125
2009,80,0,0,2,744268,32161,4321.15869140625
2009,80,1,0,1,401496.625,25992.220703125,6473.8330078125
2009,80,1,0,2,647061,28731.84765625,4440.361328125
2009,80,3,0,1,124679.390625,6158.7783203125,4939.6923828125
2009,80,3,0,2,97207.015625,3429.1533203125,3527.680908203125
2009,81,0,0,1,501564,33375,6654.185546875
2009,81,0,0,2,735205,34734,4724.396484375
2009,81,1,0,1,384570.90625,26875.361328125,6988.40234375
2009,81,1,0,2,639121.625,30949.681640625,4842.5341796875
2009,81,3,0,1,116993.125,6499.6396484375,5555.57421875
2009,81,3,0,2,96083.3359375,3784.318115234375,3938.5791015625
2009,82,0,0,1,456484,34150,7481.0947265625
2009,82,0,0,2,695764,37399,5375.2421875
2009,82,1,0,1,345614.65625,27352.982421875,7914.30029296875
2009,82,1,0,2,614725.0625,33382.7734375,5430.52099609375
2009,82,3,0,1,110869.359375,6797.01708984375,6130.654296875
2009,82,3,0,2,81038.96875,4016.224609375,4955.91748046875
2009,83,0,0,1,412912,33854,8198.841796875
2009,83,0,0,2,654726,39092,5970.7421875
2009,83,1,0,1,311837.6875,26906.458984375,8628.353515625
2009,83,1,0,2,577531.5625,34932.16015625,6048.5283203125
2009,83,3,0,1,101074.2890625,6947.5400390625,6873.69677734375
2009,83,3,0,2,77194.4140625,4159.83935546875,5388.78271484375
2009,84,0,0,1,375715,34269,9121.0087890625
2009,84,0,0,2,624897,41555,6649.89599609375
2009,84,1,0,1,283100.34375,27161.0078125,9594.1279296875
2009,84,1,0,2,551171.5,37320.72265625,6771.16357421875
2009,84,3,0,1,92614.671875,7107.99169921875,7674.80078125
2009,84,3,0,2,73725.515625,4234.27734375,5743.2998046875
2010,25,0,0,1,2176904,2852,131.0117492675781
2010,25,0,0,2,2112016,1063,50.33105850219727
2010,25,1,0,1,1643634.625,2608.845458984375,158.7241668701172
2010,25,1,0,2,1412695,928.2249755859375,65.70597076416016
2010,25,3,0,1,533269.4375,243.1545257568359,45.5969352722168
2010,25,3,0,2,699321.125,134.7750244140625,19.27226638793945
2010,26,0,0,1,2102105,2874,136.7200927734375
2010,26,0,0,2,2058264,1085,52.71432495117188
2010,26,1,0,1,1562467.75,2624.573974609375,167.9761962890625
2010,26,1,0,2,1359056.875,949.75634765625,69.88349151611328
2010,26,3,0,1,539637.25,249.4261474609375,46.22107696533203
2010,26,3,0,2,699207.125,135.2436676025391,19.34243202209473
2010,27,0,0,1,2134977,2832,132.6477966308594
2010,27,0,0,2,2101721,1105,52.57596206665039
2010,27,1,0,1,1570197.875,2589.14111328125,164.8926696777344
2010,27,1,0,2,1349807.375,945.9853515625,70.08299255371094
2010,27,3,0,1,564779.125,242.8589935302734,43.00070190429688
2010,27,3,0,2,751913.5,159.0146636962891,21.14799880981445
2010,28,0,0,1,2134787,2927,137.1096954345703
2010,28,0,0,2,2112400,1261,59.69513320922852
2010,28,1,0,1,1575760.75,2673.1845703125,169.6440582275391
2010,28,1,0,2,1360187.375,1089.2763671875,80.08281707763672
2010,28,3,0,1,559026.125,253.8154754638672,45.40315246582031
2010,28,3,0,2,752212.5625,171.7236175537109,22.82913398742676
2010,29,0,0,1,2112134,2944,139.3851013183594
2010,29,0,0,2,2097854,1320,62.92144393920898
2010,29,1,0,1,1518774.125,2688.04443359375,176.9877624511719
2010,29,1,0,2,1353418.5,1134.915283203125,83.85546112060547
2010,29,3,0,1,593359.75,255.9556579589844,43.13667297363281
2010,29,3,0,2,744435.375,185.0847473144531,24.8624324798584
2010,30,0,0,1,2167253,3013,139.0239105224609
2010,30,0,0,2,2136673,1414,66.17765045166016
2010,30,1,0,1,1570377.625,2733.243408203125,174.0500793457031
2010,30,1,0,2,1389570.375,1208.954833984375,87.00205993652344
2010,30,3,0,1,596875.5,279.7566833496094,46.87018966674805
2010,30,3,0,2,747102.6875,205.0452270507813,27.44538688659668
2010,31,0,0,1,2026266,2990,147.5620727539063
2010,31,0,0,2,2015983,1351,67.01445770263672
2010,31,1,0,1,1435755.875,2690.288818359375,187.3778686523438
2010,31,1,0,2,1304689.875,1155.232421875,88.54460144042969
2010,31,3,0,1,590510.125,299.711181640625,50.75462341308594
2010,31,3,0,2,711293.1875,195.7675476074219,27.52276420593262
2010,32,0,0,1,1985973,2920,147.0312042236328
2010,32,0,0,2,1981281,1470,74.19441986083984
2010,32,1,0,1,1416863.875,2631.25341796875,185.7096862792969
2010,32,1,0,2,1274881.75,1223.648315429688,95.98131561279297
2010,32,3,0,1,569109.25,288.7465209960938,50.736572265625
2010,32,3,0,2,706399.25,246.3517303466797,34.87429046630859
2010,33,0,0,1,1963430,2963,150.9093780517578
2010,33,0,0,2,1969759,1448,73.51152801513672
2010,33,1,0,1,1390897.25,2682.74365234375,192.8786315917969
2010,33,1,0,2,1246628.125,1215.831176757813,97.52957916259766
2010,33,3,0,1,572532.75,280.25634765625,48.95027542114258
2010,33,3,0,2,723130.875,232.1687774658203,32.10605239868164
2010,34,0,0,1,1908550,2877,150.7427062988281
2010,34,0,0,2,1913300,1550,81.01186370849609
2010,34,1,0,1,1365806.75,2592.450439453125,189.8109283447266
2010,34,1,0,2,1239215.125,1315.922485351563,106.1899948120117
2010,34,3,0,1,542743.25,284.5496215820313,52.42803573608398
2010,34,3,0,2,674084.9375,234.0774841308594,34.7252197265625
2010,35,0,0,1,1974444,3060,154.9803314208984
2010,35,0,0,2,1973520,1699,86.08982849121094
2010,35,1,0,1,1416314.125,2709.417236328125,191.3005828857422
2010,35,1,0,2,1299022.75,1398.816162109375,107.6821899414063
2010,35,3,0,1,558129.875,350.5827941894531,62.81383895874023
2010,35,3,0,2,674497.3125,300.1838989257813,44.50483322143555
2010,36,0,0,1,1907175,3128,164.0122222900391
2010,36,0,0,2,1922653,1869,97.20942687988281
2010,36,1,0,1,1342856.75,2773.751953125,206.5560607910156
2010,36,1,0,2,1260685.375,1558.3515625,123.611457824707
2010,36,3,0,1,564318.25,354.248046875,62.77451705932617
2010,36,3,0,2,661967.5625,310.6484375,46.92804718017578
2010,37,0,0,1,1934291,3403,175.9300994873047
2010,37,0,0,2,1962054,1999,101.8830261230469
2010,37,1,0,1,1367446.875,3009.796142578125,220.1033325195313
2010,37,1,0,2,1276459,1696.09033203125,132.8746490478516
2010,37,3,0,1,566844.0625,393.2037963867188,69.3671875
2010,37,3,0,2,685595,302.9096984863281,44.1820182800293
2010,38,0,0,1,2027789,3775,186.1633605957031
2010,38,0,0,2,2051989,2255,109.8933792114258
2010,38,1,0,1,1437901,3320.328125,230.9149322509766
2010,38,1,0,2,1357557,1888.524169921875,139.1119689941406
2010,38,3,0,1,589888,454.671875,77.07765960693359
2010,38,3,0,2,694432,366.4757690429688,52.77345657348633
2010,39,0,0,1,2148448,4248,197.72412109375
2010,39,0,0,2,2175517,2576,118.4086380004883
2010,39,1,0,1,1492208.625,3717,249.0938568115234
2010,39,1,0,2,1428334.5,2162.4921875,151.3995666503906
2010,39,3,0,1,656239.25,531,80.91561126708984
2010,39,3,0,2,747182.5625,413.5077209472656,55.34226226806641
2010,40,0,0,1,2189231,4395,200.7554321289063
2010,40,0,0,2,2197714,2712,123.4009552001953
2010,40,1,0,1,1553172.375,3814.22119140625,245.576171875
2010,40,1,0,2,1457968.5,2265.4130859375,155.3814849853516
2010,40,3,0,1,636058.5625,580.7787475585938,91.30900573730469
2010,40,3,0,2,739745.5,446.5868225097656,60.37033462524414
2010,41,0,0,1,2073699,4683,225.8283386230469
2010,41,0,0,2,2089344,2911,139.3260345458984
2010,41,1,0,1,1454602.125,4095.699951171875,281.5683898925781
2010,41,1,0,2,1389263.25,2434.5244140625,175.238525390625
2010,41,3,0,1,619096.9375,587.3001708984375,94.86400604248047
2010,41,3,0,2,700080.75,476.4755859375,68.06008911132813
2010,42,0,0,1,2031573,5080,250.0525512695313
2010,42,0,0,2,2050764,3107,151.5045166015625
2010,42,1,0,1,1431046,4478.4345703125,312.9483337402344
2010,42,1,0,2,1388576.875,2622.580810546875,188.8682403564453
2010,42,3,0,1,600526.9375,601.5654907226563,100.1729431152344
2010,42,3,0,2,662187,484.4192504882813,73.15444946289063
2010,43,0,0,1,2030765,5391,265.4664611816406
2010,43,0,0,2,2062640,3491,169.2491149902344
2010,43,1,0,1,1445890.125,4759.234375,329.156005859375
2010,43,1,0,2,1411360.875,2963.845703125,209.9991455078125
2010,43,3,0,1,584874.875,631.7658081054688,108.0172576904297
2010,43,3,0,2,651279.0625,527.1541748046875,80.94136810302734
2010,44,0,0,1,2074347,6271,302.31201171875
2010,44,0,0,2,2103715,3980,189.1891174316406
2010,44,1,0,1,1497046.75,5569.42138671875,372.0272216796875
2010,44,1,0,2,1465766,3432.686279296875,234.1906127929688
2010,44,3,0,1,577300.1875,701.5784301757813,121.5274887084961
2010,44,3,0,2,637949,547.313720703125,85.79270935058594
2010,45,0,0,1,2201662,7166,325.4813842773438
2010,45,0,0,2,2236450,4461,199.4679107666016
2010,45,1,0,1,1599824,6359.40185546875,397.50634765625
2010,45,1,0,2,1578945.625,3828.65234375,242.4815826416016
2010,45,3,0,1,601837.9375,806.5983276367188,134.0225067138672
2010,45,3,0,2,657504.3125,632.3477783203125,96.17393493652344
2010,46,0,0,1,2238568,8147,363.9380187988281
2010,46,0,0,2,2290734,5342,233.2003631591797
2010,46,1,0,1,1619590.375,7154.03955078125,441.7190856933594
2010,46,1,0,2,1618606.875,4618.28466796875,285.3246765136719
2010,46,3,0,1,618977.5625,992.9605712890625,160.4194793701172
2010,46,3,0,2,672127.125,723.7152709960938,107.6753540039063
2010,47,0,0,1,2237752,8979,401.2508850097656
2010,47,0,0,2,2297344,5739,249.8102111816406
2010,47,1,0,1,1638746.25,7986.01611328125,487.3247680664063
2010,47,1,0,2,1651020.625,4963.18359375,300.6130676269531
2010,47,3,0,1,599005.6875,992.98388671875,165.7720336914063
2010,47,3,0,2,646323.1875,775.81640625,120.0353698730469
2010,48,0,0,1,2235091,9727,435.1947937011719
2010,48,0,0,2,2299176,6197,269.5313415527344
2010,48,1,0,1,1634788.5,8643.01953125,528.6934204101563
2010,48,1,0,2,1659352.875,5346.61181640625,322.2106628417969
2010,48,3,0,1,600302.5625,1083.98046875,180.5723571777344
2010,48,3,0,2,639823.1875,850.3882446289063,132.9098815917969
2010,49,0,0,1,2262232,10927,483.0185546875
2010,49,0,0,2,2336444,6884,294.6357727050781
2010,49,1,0,1,1649441,9697.6611328125,587.9362182617188
2010,49,1,0,2,1679161.125,5840.2275390625,347.8062744140625
2010,49,3,0,1,612790.9375,1229.338989257813,200.6131134033203
2010,49,3,0,2,657282.8125,1043.772338867188,158.8011016845703
2010,50,0,0,1,2290656,11736,512.3423461914063
2010,50,0,0,2,2355136,7527,319.599365234375
2010,50,1,0,1,1689895.875,10374.3359375,613.9038696289063
2010,50,1,0,2,1701395.375,6484.45361328125,381.1256103515625
2010,50,3,0,1,600760.1875,1361.663696289063,226.6567840576172
2010,50,3,0,2,653740.6875,1042.546264648438,159.4739685058594
2010,51,0,0,1,2209609,12372,559.9180908203125
2010,51,0,0,2,2289010,7887,344.5594482421875
2010,51,1,0,1,1611881.25,10957.7919921875,679.8138427734375
2010,51,1,0,2,1643672,6767.44287109375,411.7270812988281
2010,51,3,0,1,597727.8125,1414.208129882813,236.5973510742188
2010,51,3,0,2,645337.9375,1119.557250976563,173.4838714599609
2010,52,0,0,1,2196979,13516,615.2084350585938
2010,52,0,0,2,2283257,8717,381.7791748046875
2010,52,1,0,1,1601874.125,11923.998046875,744.3779907226563
2010,52,1,0,2,1652297.125,7410.673828125,448.50732421875
2010,52,3,0,1,595104.8125,1592.001586914063,267.5161743164063
2010,52,3,0,2,630959.9375,1306.326293945313,207.0379180908203
2010,53,0,0,1,2170772,14468,666.4910278320313
2010,53,0,0,2,2268320,8894,392.0963439941406
2010,53,1,0,1,1569672.25,12750.1826171875,812.2831420898438
2010,53,1,0,2,1652904.75,7540.32080078125,456.18603515625
2010,53,3,0,1,601099.6875,1717.8173828125,285.7791137695313
2010,53,3,0,2,615415.25,1353.679321289063,219.9619445800781
2010,54,0,0,1,2091480,14980,716.2391967773438
2010,54,0,0,2,2196662,9541,434.3408203125
2010,54,1,0,1,1508372.375,13094.8115234375,868.141845703125
2010,54,1,0,2,1592884.25,8078.95751953125,507.1904907226563
2010,54,3,0,1,583107.75,1885.188720703125,323.3002319335938
2010,54,3,0,2,603777.875,1462.04248046875,242.1490631103516
2010,55,0,0,1,2075036,15999,771.0227661132813
2010,55,0,0,2,2183579,9631,441.0648803710938
2010,55,1,0,1,1481785.375,13829.9599609375,933.3308715820313
2010,55,1,0,2,1573583.25,8071.75341796875,512.9536743164063
2010,55,3,0,1,593250.5625,2169.04052734375,365.61962890625
2010,55,3,0,2,609995.75,1559.246459960938,255.6159515380859
2010,56,0,0,1,1984306,16702,841.704833984375
2010,56,0,0,2,2108551,10338,490.289306640625
2010,56,1,0,1,1404578.625,14311.126953125,1018.89111328125
2010,56,1,0,2,1509654.125,8598.9931640625,569.6002197265625
2010,56,3,0,1,579727.3125,2390.873046875,412.4133911132813
2010,56,3,0,2,598896.9375,1739.00732421875,290.3683776855469
2010,57,0,0,1,1909865,17421,912.15869140625
2010,57,0,0,2,2036395,10529,517.0411376953125
2010,57,1,0,1,1317845.875,14850.5029296875,1126.877075195313
2010,57,1,0,2,1452382.25,8737.28515625,601.5830078125
2010,57,3,0,1,592019.125,2570.49755859375,434.191650390625
2010,57,3,0,2,584012.75,1791.714599609375,306.7937622070313
2010,58,0,0,1,1838559,18022,980.2241821289063
2010,58,0,0,2,1963634,11171,568.8942260742188
2010,58,1,0,1,1269046.25,15071.7060546875,1187.640380859375
2010,58,1,0,2,1394473.25,9202.771484375,659.946044921875
2010,58,3,0,1,569512.75,2950.294189453125,518.038330078125
2010,58,3,0,2,569160.8125,1968.228637695313,345.8124084472656
2010,59,0,0,1,1779382,18631,1047.048950195313
2010,59,0,0,2,1914666,11517,601.5148315429688
2010,59,1,0,1,1194574,15510.1494140625,1298.38330078125
2010,59,1,0,2,1365800.75,9509.3466796875,696.2470092773438
2010,59,3,0,1,584808,3120.85009765625,533.65380859375
2010,59,3,0,2,548865.375,2007.6533203125,365.782470703125
2010,60,0,0,1,1742122,19103,1096.536254882813
2010,60,0,0,2,1874384,12037,642.184326171875
2010,60,1,0,1,1167858.875,15647.2119140625,1339.820434570313
2010,60,1,0,2,1344921.5,9973.7763671875,741.5880126953125
2010,60,3,0,1,574263.1875,3455.787841796875,601.7777099609375
2010,60,3,0,2,529462.5,2063.2236328125,389.6826782226563
2010,61,0,0,1,1691320,19629,1160.57275390625
2010,61,0,0,2,1828619,12934,707.3097534179688
2010,61,1,0,1,1111517.875,15993.6181640625,1438.89892578125
2010,61,1,0,2,1320835.625,10747.4970703125,813.689208984375
2010,61,3,0,1,579802.1875,3635.382080078125,627.0038452148438
2010,61,3,0,2,507783.4375,2186.503173828125,430.5975646972656
2010,62,0,0,1,1678985,21423,1275.949462890625
2010,62,0,0,2,1815930,14148,779.1049194335938
2010,62,1,0,1,1105938.875,17423.44921875,1575.444091796875
2010,62,1,0,2,1334463.875,11875.0361328125,889.8731689453125
2010,62,3,0,1,573046.125,3999.55078125,697.9456787109375
2010,62,3,0,2,481466.03125,2272.964111328125,472.0923156738281
2010,63,0,0,1,1753823,22714,1295.113647460938
2010,63,0,0,2,1898190,15631,823.4686889648438
2010,63,1,0,1,1144484.125,18266.841796875,1596.076416015625
2010,63,1,0,2,1404927,13174.8310546875,937.7590942382813
2010,63,3,0,1,609339,4447.15771484375,729.8331298828125
2010,63,3,0,2,493262.90625,2456.168701171875,497.943115234375
2010,64,0,0,1,1291793,19651,1521.218994140625
2010,64,0,0,2,1414144,13571,959.6618041992188
2010,64,1,0,1,869650.0625,15903.7294921875,1828.75048828125
2010,64,1,0,2,1064102.25,11542.529296875,1084.719970703125
2010,64,3,0,1,422142.96875,3747.2705078125,887.6780395507813
2010,64,3,0,2,350041.75,2028.470947265625,579.4940185546875
2010,65,0,0,1,1272621,20163,1584.368041992188
2010,65,0,0,2,1405763,14216,1011.265747070313
2010,65,1,0,1,875946.125,16457.763671875,1878.855712890625
2010,65,1,0,2,1081795.875,12182.3720703125,1126.124877929688
2010,65,3,0,1,396674.84375,3705.237060546875,934.0740966796875
2010,65,3,0,2,323967.09375,2033.628173828125,627.7267456054688
2010,66,0,0,1,1239751,21498,1734.057861328125
2010,66,0,0,2,1381492,15551,1125.6669921875
2010,66,1,0,1,848450.125,17752.89453125,2092.39111328125
2010,66,1,0,2,1073594,13358.2900390625,1244.259033203125
2010,66,3,0,1,391300.9375,3745.105712890625,957.0909423828125
2010,66,3,0,2,307897.96875,2192.71044921875,712.1549072265625
2010,67,0,0,1,1270098,23112,1819.7021484375
2010,67,0,0,2,1423519,17027,1196.120361328125
2010,67,1,0,1,889292.25,19004.978515625,2137.09033203125
2010,67,1,0,2,1113205.25,14730.1923828125,1323.223388671875
2010,67,3,0,1,380805.78125,4107.02099609375,1078.508056640625
2010,67,3,0,2,310313.6875,2296.8076171875,740.15673828125
2010,68,0,0,1,1105672,22423,2027.997436523438
2010,68,0,0,2,1254076,16770,1337.239501953125
2010,68,1,0,1,775335.0625,18512.837890625,2387.720947265625
2010,68,1,0,2,997431.9375,14588.5859375,1462.614624023438
2010,68,3,0,1,330336.90625,3910.1630859375,1183.689453125
2010,68,3,0,2,256644.125,2181.413818359375,849.9761352539063
2010,69,0,0,1,1006753,22323,2217.326416015625
2010,69,0,0,2,1161027,16879,1453.799072265625
2010,69,1,0,1,716984,18606.265625,2595.073974609375
2010,69,1,0,2,933486.4375,14723.41015625,1577.24951171875
2010,69,3,0,1,289769.03125,3716.734375,1282.654052734375
2010,69,3,0,2,227540.5,2155.589599609375,947.34326171875
2010,70,0,0,1,954041,22614,2370.33837890625
2010,70,0,0,2,1108487,17567,1584.772705078125
2010,70,1,0,1,690203.25,18728.76171875,2713.513916015625
2010,70,1,0,2,894625.875,15473.3857421875,1729.592895507813
2010,70,3,0,1,263837.75,3885.23828125,1472.586181640625
2010,70,3,0,2,213861.09375,2093.614013671875,978.959716796875
2010,71,0,0,1,903220,23150,2563.05224609375
2010,71,0,0,2,1050325,18436,1755.266235351563
2010,71,1,0,1,663937.6875,19191.927734375,2890.621826171875
2010,71,1,0,2,859458.375,16311.314453125,1897.859741210938
2010,71,3,0,1,239282.390625,3958.072021484375,1654.142578125
2010,71,3,0,2,190866.671875,2124.685546875,1113.177856445313
2010,72,0,0,1,862506,24267,2813.545654296875
2010,72,0,0,2,1021272,19481,1907.523193359375
2010,72,1,0,1,631967.1875,20177.712890625,3192.841796875
2010,72,1,0,2,837162.5,17175.20703125,2051.59765625
2010,72,3,0,1,230538.78125,4089.286865234375,1773.795654296875
2010,72,3,0,2,184109.53125,2305.793701171875,1252.403198242188
2010,73,0,0,1,794626,24447,3076.541748046875
2010,73,0,0,2,955647,20061,2099.2060546875
2010,73,1,0,1,579562.875,20100.251953125,3468.174560546875
2010,73,1,0,2,797152.25,17746.19140625,2226.198486328125
2010,73,3,0,1,215063.140625,4346.74853515625,2021.14990234375
2010,73,3,0,2,158494.765625,2314.809326171875,1460.495727539063
2010,74,0,0,1,758812,25707,3387.795654296875
2010,74,0,0,2,927157,21459,2314.49462890625
2010,74,1,0,1,556767.5,21110.818359375,3791.67578125
2010,74,1,0,2,776504.1875,19009.71484375,2448.114990234375
2010,74,3,0,1,202044.53125,4596.1806640625,2274.83544921875
2010,74,3,0,2,150652.828125,2449.285400390625,1625.78125
2010,75,0,0,1,725646,26827,3696.981689453125
2010,75,0,0,2,906212,23124,2551.720703125
2010,75,1,0,1,536527.5,22006.275390625,4101.61181640625
2010,75,1,0,2,767225.25,20572.4921875,2681.414794921875
2010,75,3,0,1,189118.46875,4820.724609375,2549.050048828125
2010,75,3,0,2,138986.765625,2551.508056640625,1835.792114257813
2010,76,0,0,1,653546,26978,4127.94189453125
2010,76,0,0,2,828140,23647,2855.43505859375
2010,76,1,0,1,476836.25,21888.0625,4590.26806640625
2010,76,1,0,2,704314.3125,21139.833984375,3001.477294921875
2010,76,3,0,1,176709.765625,5089.9375,2880.39404296875
2010,76,3,0,2,123825.6796875,2507.16650390625,2024.7548828125
2010,77,0,0,1,630851,28317,4488.69873046875
2010,77,0,0,2,818293,25695,3140.0732421875
2010,77,1,0,1,465044.5,22723.619140625,4886.33203125
2010,77,1,0,2,700754.3125,22943.203125,3274.072265625
2010,77,3,0,1,165806.484375,5593.38037109375,3373.43896484375
2010,77,3,0,2,117538.75,2751.797607421875,2341.183349609375
2010,78,0,0,1,602780,29782,4940.7744140625
2010,78,0,0,2,799407,27985,3500.719970703125
2010,78,1,0,1,446705.75,23866.103515625,5342.68994140625
2010,78,1,0,2,681637.75,24831.1875,3642.87158203125
2010,78,3,0,1,156074.28125,5915.89697265625,3790.436767578125
2010,78,3,0,2,117769.2109375,3153.813232421875,2677.960693359375
2010,79,0,0,1,573882,31102,5419.5810546875
2010,79,0,0,2,781045,29891,3827.05224609375
2010,79,1,0,1,419478.90625,24871.388671875,5929.115234375
2010,79,1,0,2,663456.125,26503.251953125,3994.7255859375
2010,79,3,0,1,154403.078125,6230.61083984375,4035.289306640625
2010,79,3,0,2,117588.8359375,3387.74853515625,2881.011962890625
2010,80,0,0,1,549223,32596,5934.9296875
2010,80,0,0,2,770514,32361,4199.923828125
2010,80,1,0,1,410917.90625,26170.79296875,6368.86181640625
2010,80,1,0,2,663927.125,28791.71875,4336.578125
2010,80,3,0,1,138305.109375,6425.20751953125,4645.67626953125
2010,80,3,0,2,106586.890625,3569.280517578125,3348.705078125
2010,81,0,0,1,496069,33131,6678.7080078125
2010,81,0,0,2,716545,34046,4751.4111328125
2010,81,1,0,1,378618.28125,26701.439453125,7052.33740234375
2010,81,1,0,2,620746.9375,30316.1328125,4883.81494140625
2010,81,3,0,1,117450.703125,6429.56005859375,5474.2626953125
2010,81,3,0,2,95798.0546875,3729.8671875,3893.468505859375
2010,82,0,0,1,462808,34408,7434.61669921875
2010,82,0,0,2,695556,37003,5319.91650390625
2010,82,1,0,1,347973.0625,27470.615234375,7894.4658203125
2010,82,1,0,2,601484.375,32897.44140625,5469.3759765625
2010,82,3,0,1,114834.953125,6937.38525390625,6041.17919921875
2010,82,3,0,2,94071.65625,4105.556640625,4364.28662109375
2010,83,0,0,1,423007,34214,8088.2822265625
2010,83,0,0,2,658444,38905,5908.626953125
2010,83,1,0,1,316389.21875,27300.9453125,8628.9111328125
2010,83,1,0,2,566357.3125,34604.33984375,6109.98388671875
2010,83,3,0,1,106617.765625,6913.0537109375,6483.96044921875
2010,83,3,0,2,92086.6640625,4300.66015625,4670.2314453125
2010,84,0,0,1,375690,34475,9176.4482421875
2010,84,0,0,2,611351,41164,6733.2841796875
2010,84,1,0,1,275948.03125,27062.482421875,9807.09375
2010,84,1,0,2,532233.5,36604.828125,6877.58837890625
2010,84,3,0,1,99741.9375,7412.51806640625,7431.6962890625
2010,84,3,0,2,79117.46875,4559.17138671875,5762.53466796875
2011,25,0,0,1,2169696,2904,133.8436279296875
2011,25,0,0,2,2098278,1108,52.80520629882813
2011,25,1,0,1,1626283.625,2691.438232421875,165.4962463378906
2011,25,1,0,2,1398775.125,976.09521484375,69.78214263916016
2011,25,3,0,1,543412.375,212.5618743896484,39.11612701416016
2011,25,3,0,2,699502.875,131.9047546386719,18.8569278717041
2011,26,0,0,1,2184501,2946,134.8591766357422
2011,26,0,0,2,2127260,1154,54.24818801879883
2011,26,1,0,1,1611160.25,2687.31201171875,166.7935943603516
2011,26,1,0,2,1394232.875,1012.031616210938,72.58698272705078
2011,26,3,0,1,573340.75,258.6880187988281,45.11941909790039
2011,26,3,0,2,733027,141.9683685302734,19.36741256713867
2011,27,0,0,1,2109180,2875,136.3088989257813
2011,27,0,0,2,2072352,1113,53.70709228515625
2011,27,1,0,1,1534882.375,2622.30859375,170.8475341796875
2011,27,1,0,2,1335708.125,962.567138671875,72.06418609619141
2011,27,3,0,1,574297.6875,252.6914978027344,44.00009155273438
2011,27,3,0,2,736643.8125,150.4328765869141,20.42138671875
2011,28,0,0,1,2141409,2942,137.3861846923828
2011,28,0,0,2,2114795,1172,55.41908264160156
2011,28,1,0,1,1545066.25,2685.3359375,173.8007049560547
2011,28,1,0,2,1360779.25,1015.326416015625,74.61360168457031
2011,28,3,0,1,596342.6875,256.6641235351563,43.03970336914063
2011,28,3,0,2,754015.75,156.6736145019531,20.77856063842773
2011,29,0,0,1,2140652,3025,141.3120880126953
2011,29,0,0,2,2123915,1333,62.76145553588867
2011,29,1,0,1,1533594,2765.830078125,180.3495635986328
2011,29,1,0,2,1349163.125,1131.276000976563,83.85020446777344
2011,29,3,0,1,607058.0625,259.1700134277344,42.69278717041016
2011,29,3,0,2,774751.9375,201.7239532470703,26.0372314453125
2011,30,0,0,1,2117270,3037,143.4394226074219
2011,30,0,0,2,2108030,1417,67.21915435791016
2011,30,1,0,1,1529229.375,2761.645263671875,180.5906524658203
2011,30,1,0,2,1355422.75,1210.8173828125,89.33134460449219
2011,30,3,0,1,588040.75,275.3546752929688,46.82578277587891
2011,30,3,0,2,752607.1875,206.1826019287109,27.39577865600586
2011,31,0,0,1,2171683,3107,143.0687561035156
2011,31,0,0,2,2145611,1544,71.96085357666016
2011,31,1,0,1,1552573.25,2805.764404296875,180.717041015625
2011,31,1,0,2,1356787.75,1335.433471679688,98.42611694335938
2011,31,3,0,1,619109.625,301.2355041503906,48.65624618530273
2011,31,3,0,2,788823.25,208.5665588378906,26.44021415710449
2011,32,0,0,1,2029857,3111,153.2620239257813
2011,32,0,0,2,2023735,1552,76.68988037109375
2011,32,1,0,1,1455173.125,2826.154541015625,194.2143096923828
2011,32,1,0,2,1296686.375,1341.610961914063,103.4645690917969
2011,32,3,0,1,574684,284.8455505371094,49.56559753417969
2011,32,3,0,2,727048.5625,210.3889923095703,28.93740653991699
2011,33,0,0,1,1989386,3062,153.9168395996094
2011,33,0,0,2,1988184,1565,78.71504974365234
2011,33,1,0,1,1400569.75,2746.6748046875,196.1112518310547
2011,33,1,0,2,1265194.5,1327.265625,104.9060516357422
2011,33,3,0,1,588816.25,315.3251647949219,53.55238723754883
2011,33,3,0,2,722989.5,237.7343292236328,32.88212585449219
2011,34,0,0,1,1966037,3076,156.4568786621094
2011,34,0,0,2,1976077,1705,86.28206634521484
2011,34,1,0,1,1390883.5,2745.302001953125,197.3782806396484
2011,34,1,0,2,1265902.875,1429.146240234375,112.8954086303711
2011,34,3,0,1,575153.5625,330.6979675292969,57.49733352661133
2011,34,3,0,2,710174.1875,275.8537292480469,38.84310913085938
2011,35,0,0,1,1910820,3061,160.1930084228516
2011,35,0,0,2,1919044,1696,88.37733459472656
2011,35,1,0,1,1352363.125,2696.571044921875,199.39697265625
2011,35,1,0,2,1240495.25,1435.777954101563,115.742317199707
2011,35,3,0,1,558456.9375,364.4289855957031,65.25641632080078
2011,35,3,0,2,678548.625,260.2220764160156,38.34980392456055
2011,36,0,0,1,1975802,3181,160.9979095458984
2011,36,0,0,2,1978342,1902,96.14111328125
2011,36,1,0,1,1397452.25,2815.13427734375,201.4476165771484
2011,36,1,0,2,1294639.875,1581.278564453125,122.1404190063477
2011,36,3,0,1,578349.8125,365.8658142089844,63.26029968261719
2011,36,3,0,2,683702.125,320.7214660644531,46.90953063964844
2011,37,0,0,1,1907979,3345,175.3163909912109
2011,37,0,0,2,1926786,1936,100.4782028198242
2011,37,1,0,1,1326775.375,2947.1005859375,222.1250610351563
2011,37,1,0,2,1260092.75,1650.243530273438,130.9620666503906
2011,37,3,0,1,581203.625,397.8992919921875,68.46125793457031
2011,37,3,0,2,666693.1875,285.7564697265625,42.86176681518555
2011,38,0,0,1,1934316,3653,188.8522796630859
2011,38,0,0,2,1965583,2194,111.6208267211914
2011,38,1,0,1,1353106.5,3233.419189453125,238.962646484375
2011,38,1,0,2,1288672.625,1853.341918945313,143.8179016113281
2011,38,3,0,1,581209.4375,419.5807189941406,72.19097137451172
2011,38,3,0,2,676910.3125,340.6580505371094,50.32543182373047
2011,39,0,0,1,2027628,4113,202.8478546142578
2011,39,0,0,2,2054723,2397,116.6580581665039
2011,39,1,0,1,1420095.5,3587.262939453125,252.6071624755859
2011,39,1,0,2,1348552.25,2008.352294921875,148.9265441894531
2011,39,3,0,1,607532.5,525.7371826171875,86.53646850585938
2011,39,3,0,2,706170.6875,388.647705078125,55.03594589233398
2011,40,0,0,1,2146782,4632,215.7648010253906
2011,40,0,0,2,2177380,2821,129.5593719482422
2011,40,1,0,1,1506399.5,4049.16552734375,268.7975769042969
2011,40,1,0,2,1398051.875,2368.786376953125,169.4347991943359
2011,40,3,0,1,640382.4375,582.8344116210938,91.01348876953125
2011,40,3,0,2,779328.125,452.213623046875,58.02608871459961
2011,41,0,0,1,2186386,4856,222.1016845703125
2011,41,0,0,2,2198920,2960,134.6115417480469
2011,41,1,0,1,1506908.25,4231.6572265625,280.8171691894531
2011,41,1,0,2,1445435.75,2485.50390625,171.9553375244141
2011,41,3,0,1,679477.6875,624.3428344726563,91.88570404052734
2011,41,3,0,2,753484.25,474.4960327148438,62.97358322143555
2011,42,0,0,1,2070786,5114,246.9593658447266
2011,42,0,0,2,2089825,3327,159.1999359130859
2011,42,1,0,1,1482152.625,4437.2373046875,299.3778991699219
2011,42,1,0,2,1400178.125,2793.175048828125,199.4871215820313
2011,42,3,0,1,588633.3125,676.7628784179688,114.9718933105469
2011,42,3,0,2,689647,533.8248901367188,77.40552520751953
2011,43,0,0,1,2028346,5460,269.1848449707031
2011,43,0,0,2,2050730,3531,172.1825866699219
2011,43,1,0,1,1422326.375,4829.60693359375,339.556884765625
2011,43,1,0,2,1382528.5,2983.7001953125,215.8147277832031
2011,43,3,0,1,606019.6875,630.3929443359375,104.021858215332
2011,43,3,0,2,668201.5,547.2999267578125,81.90641784667969
2011,44,0,0,1,2027001,5800,286.1369934082031
2011,44,0,0,2,2062257,3914,189.7920532226563
2011,44,1,0,1,1442056.25,5111.69091796875,354.4723815917969
2011,44,1,0,2,1400169,3292.244873046875,235.1319580078125
2011,44,3,0,1,584944.75,688.3089599609375,117.6707611083984
2011,44,3,0,2,662088,621.7551879882813,93.90824127197266
2011,45,0,0,1,2069350,6735,325.4645080566406
2011,45,0,0,2,2102614,4324,205.6487731933594
2011,45,1,0,1,1494088.75,5957.0126953125,398.7054138183594
2011,45,1,0,2,1470113.625,3720.4140625,253.06982421875
2011,45,3,0,1,575261.1875,777.9873046875,135.2407073974609
2011,45,3,0,2,632500.3125,603.5859375,95.42855834960938
2011,46,0,0,1,2195758,7611,346.6228942871094
2011,46,0,0,2,2234389,5123,229.2796783447266
2011,46,1,0,1,1609191.875,6712.5146484375,417.1357421875
2011,46,1,0,2,1560347.625,4391.14306640625,281.4208068847656
2011,46,3,0,1,586566.25,898.4852905273438,153.1771240234375
2011,46,3,0,2,674041.4375,731.8571166992188,108.5774688720703
2011,47,0,0,1,2231572,8896,398.6427612304688
2011,47,0,0,2,2287754,5592,244.4318695068359
2011,47,1,0,1,1598459.875,7866.583984375,492.1352233886719
2011,47,1,0,2,1625582.25,4777.71044921875,293.9076538085938
2011,47,3,0,1,633112.125,1029.416259765625,162.5962066650391
2011,47,3,0,2,662171.8125,814.289794921875,122.9725875854492
2011,48,0,0,1,2229442,9657,433.15771484375
2011,48,0,0,2,2293610,6209,270.7086181640625
2011,48,1,0,1,1618965.375,8542.138671875,527.6294555664063
2011,48,1,0,2,1634448.75,5368.95263671875,328.487060546875
2011,48,3,0,1,610476.5625,1114.861450195313,182.6215057373047
2011,48,3,0,2,659161.375,840.0471801757813,127.4418106079102
2011,49,0,0,1,2225712,10615,476.926025390625
2011,49,0,0,2,2294674,6912,301.2192687988281
2011,49,1,0,1,1612393.75,9344.8203125,579.5619506835938
2011,49,1,0,2,1633991.875,5882.79150390625,360.0257568359375
2011,49,3,0,1,613318.25,1270.1796875,207.099609375
2011,49,3,0,2,660682.25,1029.208374023438,155.7796325683594
2011,50,0,0,1,2251649,11747,521.70654296875
2011,50,0,0,2,2330997,7584,325.3543395996094
2011,50,1,0,1,1641168,10361.072265625,631.3230590820313
2011,50,1,0,2,1669402.5,6521.7490234375,390.6636657714844
2011,50,3,0,1,610481,1385.92822265625,227.0223388671875
2011,50,3,0,2,661594.4375,1062.250732421875,160.5592041015625
2011,51,0,0,1,2278980,12603,553.0105590820313
2011,51,0,0,2,2349145,8140,346.5090637207031
2011,51,1,0,1,1673803.125,11211.2509765625,669.8070068359375
2011,51,1,0,2,1703548,6925.98828125,406.5625610351563
2011,51,3,0,1,605176.8125,1391.748657226563,229.9738922119141
2011,51,3,0,2,645597.0625,1214.011840820313,188.0448150634766
2011,52,0,0,1,2197076,13678,622.5546875
2011,52,0,0,2,2282375,8730,382.4963073730469
2011,52,1,0,1,1597660.875,12135.4228515625,759.5744018554688
2011,52,1,0,2,1655925.5,7484.89306640625,452.0066223144531
2011,52,3,0,1,599415.1875,1542.577270507813,257.3470458984375
2011,52,3,0,2,626449.5625,1245.106689453125,198.7560882568359
2011,53,0,0,1,2183189,14602,668.838134765625
2011,53,0,0,2,2276086,9094,399.5455322265625
2011,53,1,0,1,1600151.5,12896.3330078125,805.9445190429688
2011,53,1,0,2,1658495.375,7768.728515625,468.4202575683594
2011,53,3,0,1,583037.4375,1705.667358398438,292.5485229492188
2011,53,3,0,2,617590.625,1325.271728515625,214.5874176025391
2011,54,0,0,1,2155935,15565,721.9605712890625
2011,54,0,0,2,2260522,9830,434.8553161621094
2011,54,1,0,1,1576525,13662.8291015625,866.64208984375
2011,54,1,0,2,1641431,8379.236328125,510.4836120605469
2011,54,3,0,1,579410,1902.171142578125,328.2944946289063
2011,54,3,0,2,619091,1450.763916015625,234.3377532958984
2011,55,0,0,1,2075876,16365,788.3418579101563
2011,55,0,0,2,2188320,10212,466.6593627929688
2011,55,1,0,1,1498185,14269.35546875,952.4428100585938
2011,55,1,0,2,1582536,8596.7275390625,543.2247924804688
2011,55,3,0,1,577691.0625,2095.64404296875,362.7620544433594
2011,55,3,0,2,605784,1615.272827148438,266.6417236328125
2011,56,0,0,1,2058668,17542,852.1043701171875
2011,56,0,0,2,2174953,10407,478.4931030273438
2011,56,1,0,1,1473423.625,15340.34765625,1041.13623046875
2011,56,1,0,2,1575076.625,8635.96484375,548.28857421875
2011,56,3,0,1,585244.4375,2201.652587890625,376.1936950683594
2011,56,3,0,2,599876.25,1771.035522460938,295.2334899902344
2011,57,0,0,1,1967418,17791,904.2816772460938
2011,57,0,0,2,2099407,11308,538.6282958984375
2011,57,1,0,1,1383397.25,15384.2978515625,1112.066528320313
2011,57,1,0,2,1505856.25,9503.79296875,631.1221923828125
2011,57,3,0,1,584020.625,2406.70166015625,412.0918884277344
2011,57,3,0,2,593550.625,1804.206909179688,303.968505859375
2011,58,0,0,1,1892244,18349,969.6952514648438
2011,58,0,0,2,2026970,11376,561.2318115234375
2011,58,1,0,1,1304820.5,15609.478515625,1196.293212890625
2011,58,1,0,2,1446358,9471.4990234375,654.8516235351563
2011,58,3,0,1,587423.625,2739.521484375,466.3621520996094
2011,58,3,0,2,580612,1904.500732421875,328.0160827636719
2011,59,0,0,1,1820415,19082,1048.222534179688
2011,59,0,0,2,1953763,11840,606.0100708007813
2011,59,1,0,1,1253786.375,16026.611328125,1278.256958007813
2011,59,1,0,2,1386478.625,9761.462890625,704.047119140625
2011,59,3,0,1,566628.625,3055.388671875,539.222412109375
2011,59,3,0,2,567284.3125,2078.536865234375,366.4012451171875
2011,60,0,0,1,1760762,19768,1122.69580078125
2011,60,0,0,2,1904511,12231,642.2120971679688
2011,60,1,0,1,1197137.5,16331.7451171875,1364.233032226563
2011,60,1,0,2,1349686.75,10065.7421875,745.7835693359375
2011,60,3,0,1,563624.5,3436.25439453125,609.6708984375
2011,60,3,0,2,554824.1875,2165.257568359375,390.2601318359375
2011,61,0,0,1,1723174,20051,1163.608520507813
2011,61,0,0,2,1863525,12871,690.6802978515625
2011,61,1,0,1,1163668.125,16522.79296875,1419.888793945313
2011,61,1,0,2,1336075.375,10657.0732421875,797.64013671875
2011,61,3,0,1,559505.875,3528.207763671875,630.593505859375
2011,61,3,0,2,527449.625,2213.92626953125,419.7417602539063
2011,62,0,0,1,1671569,20897,1250.142822265625
2011,62,0,0,2,1816452,14066,774.3667602539063
2011,62,1,0,1,1105553.5,17077.0859375,1544.663940429688
2011,62,1,0,2,1328331.625,11617.4736328125,874.5913696289063
2011,62,3,0,1,566015.5,3819.9150390625,674.878173828125
2011,62,3,0,2,488120.4375,2448.52587890625,501.6233215332031
2011,63,0,0,1,1657534,22472,1355.748901367188
2011,63,0,0,2,1802408,15372,852.8590698242188
2011,63,1,0,1,1077489.375,18310.708984375,1699.386474609375
2011,63,1,0,2,1321408.25,12889.6474609375,975.44775390625
2011,63,3,0,1,580044.625,4161.29052734375,717.40869140625
2011,63,3,0,2,480999.6875,2482.352294921875,516.0819091796875
2011,64,0,0,1,1730300,24324,1405.767822265625
2011,64,0,0,2,1882732,16991,902.4651489257813
2011,64,1,0,1,1150045.75,19490.318359375,1694.742919921875
2011,64,1,0,2,1394269.375,14125.6630859375,1013.122924804688
2011,64,3,0,1,580254.1875,4833.681640625,833.0283203125
2011,64,3,0,2,488462.625,2865.337158203125,586.6031494140625
2011,65,0,0,1,1272793,20066,1576.532836914063
2011,65,0,0,2,1401843,14478,1032.783325195313
2011,65,1,0,1,858615.0625,16206.5205078125,1887.518798828125
2011,65,1,0,2,1061077.875,12308.904296875,1160.037841796875
2011,65,3,0,1,414177.9375,3859.479248046875,931.8408813476563
2011,65,3,0,2,340765.09375,2169.095947265625,636.5369873046875
2011,66,0,0,1,1252746,20755,1656.760375976563
2011,66,0,0,2,1392441,14986,1076.239501953125
2011,66,1,0,1,846922.6875,16958.78125,2002.400146484375
2011,66,1,0,2,1063076,12867.0048828125,1210.356079101563
2011,66,3,0,1,405823.28125,3796.218994140625,935.4364624023438
2011,66,3,0,2,329365.0625,2118.995361328125,643.357666015625
2011,67,0,0,1,1218496,22425,1840.383544921875
2011,67,0,0,2,1366776,16541,1210.22021484375
2011,67,1,0,1,844454.3125,18364.654296875,2174.736328125
2011,67,1,0,2,1056910.5,14225.912109375,1345.990234375
2011,67,3,0,1,374041.6875,4060.345703125,1085.532958984375
2011,67,3,0,2,309865.5,2315.087646484375,747.1266479492188
2011,68,0,0,1,1246288,24757,1986.458984375
2011,68,0,0,2,1406853,18091,1285.919677734375
2011,68,1,0,1,855818.625,20287.65625,2370.5556640625
2011,68,1,0,2,1108805.25,15685.0595703125,1414.591064453125
2011,68,3,0,1,390469.46875,4469.34375,1144.607788085938
2011,68,3,0,2,298047.78125,2405.940673828125,807.2332153320313
2011,69,0,0,1,1083202,23370,2157.492431640625
2011,69,0,0,2,1237872,18006,1454.593017578125
2011,69,1,0,1,749068.75,19233.607421875,2567.669189453125
2011,69,1,0,2,979732.25,15693.3583984375,1601.80078125
2011,69,3,0,1,334133.3125,4136.392578125,1237.94677734375
2011,69,3,0,2,258139.78125,2312.64111328125,895.8871459960938
2011,70,0,0,1,984544,23568,2393.798583984375
2011,70,0,0,2,1144407,18205,1590.780151367188
2011,70,1,0,1,710115.1875,19579.7265625,2757.2607421875
2011,70,1,0,2,923045.375,15857.9716796875,1718.005615234375
2011,70,3,0,1,274428.8125,3988.272705078125,1453.299560546875
2011,70,3,0,2,221361.578125,2347.028564453125,1060.269165039063
2011,71,0,0,1,931237,23663,2541.02880859375
2011,71,0,0,2,1091066,18554,1700.538696289063
2011,71,1,0,1,660104.6875,19640.125,2975.3046875
2011,71,1,0,2,878546.3125,16258.5546875,1850.6201171875
2011,71,3,0,1,271132.28125,4022.874267578125,1483.731201171875
2011,71,3,0,2,212519.734375,2295.4453125,1080.109252929688
2011,72,0,0,1,879663,24589,2795.27490234375
2011,72,0,0,2,1032058,19650,1903.962768554688
2011,72,1,0,1,643051.4375,20253.75,3149.63134765625
2011,72,1,0,2,839110,17244.875,2055.138671875
2011,72,3,0,1,236611.59375,4335.25048828125,1832.222290039063
2011,72,3,0,2,192948,2405.125732421875,1246.515014648438
2011,73,0,0,1,837848,25556,3050.1953125
2011,73,0,0,2,1001666,20698,2066.357421875
2011,73,1,0,1,611958.75,21096.853515625,3447.4306640625
2011,73,1,0,2,821313.3125,18255.158203125,2222.678955078125
2011,73,3,0,1,225889.265625,4459.14697265625,1974.041137695313
2011,73,3,0,2,180352.703125,2442.84228515625,1354.480590820313
2011,74,0,0,1,769721,25527,3316.396484375
2011,74,0,0,2,935292,21567,2305.910888671875
2011,74,1,0,1,570184.25,20848.84375,3656.510009765625
2011,74,1,0,2,772895.0625,19036.775390625,2463.0478515625
2011,74,3,0,1,199536.734375,4678.1572265625,2344.50927734375
2011,74,3,0,2,162396.90625,2530.223876953125,1558.04931640625
2011,75,0,0,1,732756,26695,3643.095458984375
2011,75,0,0,2,905415,22953,2535.08056640625
2011,75,1,0,1,533177.75,21941.3203125,4115.1982421875
2011,75,1,0,2,760753.3125,20310.25390625,2669.755615234375
2011,75,3,0,1,199578.25,4753.6796875,2381.862548828125
2011,75,3,0,2,144661.6875,2642.745849609375,1826.845703125
2011,76,0,0,1,698281,28124,4027.60498046875
2011,76,0,0,2,882651,24646,2792.27001953125
2011,76,1,0,1,513715.90625,22876.220703125,4453.087890625
2011,76,1,0,2,746864.5625,21884.5546875,2930.1904296875
2011,76,3,0,1,184565.046875,5247.779296875,2843.322265625
2011,76,3,0,2,135786.40625,2761.445068359375,2033.668334960938
2011,77,0,0,1,626376,27726,4426.4150390625
2011,77,0,0,2,804073,25388,3157.4248046875
2011,77,1,0,1,459034.84375,22249.107421875,4846.93212890625
2011,77,1,0,2,690727.5,22614.751953125,3274.04833984375
2011,77,3,0,1,167341.140625,5476.89208984375,3272.890380859375
2011,77,3,0,2,113345.453125,2773.247802734375,2446.7216796875
2011,78,0,0,1,602127,29262,4859.77197265625
2011,78,0,0,2,792067,27299,3446.5517578125
2011,78,1,0,1,435531.84375,23278.775390625,5344.90771484375
2011,78,1,0,2,674995.3125,24348.88671875,3607.267578125
2011,78,3,0,1,166595.171875,5983.2255859375,3591.47607421875
2011,78,3,0,2,117071.6640625,2950.112548828125,2519.920166015625
2011,79,0,0,1,572489,30564,5338.79248046875
2011,79,0,0,2,770948,29619,3841.893310546875
2011,79,1,0,1,414020.40625,24148.287109375,5832.63232421875
2011,79,1,0,2,662161.625,26230.826171875,3961.393310546875
2011,79,3,0,1,158468.578125,6415.71337890625,4048.5712890625
2011,79,3,0,2,108786.375,3388.173828125,3114.5205078125
2011,80,0,0,1,542052,32434,5983.55859375
2011,80,0,0,2,750117,32159,4287.19775390625
2011,80,1,0,1,402827.53125,25763.322265625,6395.62109375
2011,80,1,0,2,645028.875,28498.154296875,4418.12060546875
2011,80,3,0,1,139224.46875,6670.677734375,4791.3115234375
2011,80,3,0,2,105088.1015625,3660.84619140625,3483.59716796875
2011,81,0,0,1,515531,33738,6544.3203125
2011,81,0,0,2,736654,34935,4742.38916015625
2011,81,1,0,1,385084.03125,26831.15234375,6967.60986328125
2011,81,1,0,2,632653.3125,30934.025390625,4889.56982421875
2011,81,3,0,1,130446.9765625,6906.84765625,5294.7548828125
2011,81,3,0,2,104000.6875,4000.9755859375,3847.06640625
2011,82,0,0,1,462341,34067,7368.37109375
2011,82,0,0,2,681371,36429,5346.4267578125
2011,82,1,0,1,340876.75,27051.435546875,7935.8408203125
2011,82,1,0,2,589065.625,32378.05078125,5496.509765625
2011,82,3,0,1,121464.265625,7015.56396484375,5775.82568359375
2011,82,3,0,2,92305.34375,4050.94873046875,4388.6396484375
2011,83,0,0,1,427912,35081,8198.1806640625
2011,83,0,0,2,657245,39109,5950.44482421875
2011,83,1,0,1,323676.34375,27697.5703125,8557.1806640625
2011,83,1,0,2,568949.75,34706.6875,6100.13232421875
2011,83,3,0,1,104235.671875,7383.43017578125,7083.400390625
2011,83,3,0,2,88295.2734375,4402.3115234375,4985.89697265625
2011,84,0,0,1,387570,35002,9031.142578125
2011,84,0,0,2,617632,40995,6637.44775390625
2011,84,1,0,1,290220.84375,27634.337890625,9521.8310546875
2011,84,1,0,2,532945.875,36321.76953125,6815.283203125
2011,84,3,0,1,97349.15625,7367.66162109375,7568.28515625
2011,84,3,0,2,84686.1171875,4673.232421875,5518.29833984375
2012,25,0,0,1,2173964,2891,132.9828796386719
2012,25,0,0,2,2097589,1066,50.82025146484375
2012,25,1,0,1,1613858.25,2639.388916015625,163.5452728271484
2012,25,1,0,2,1368691.125,923.0614013671875,67.44117736816406
2012,25,3,0,1,560105.8125,251.6109771728516,44.92204284667969
2012,25,3,0,2,728897.875,142.9386138916016,19.61023902893066
2012,26,0,0,1,2182419,2983,136.6831970214844
2012,26,0,0,2,2113232,1144,54.13508605957031
2012,26,1,0,1,1592600.125,2723.608642578125,171.0164794921875
2012,26,1,0,2,1367411.75,988.416015625,72.28371429443359
2012,26,3,0,1,589818.875,259.3912963867188,43.97812652587891
2012,26,3,0,2,745820.1875,155.5839996337891,20.86079216003418
2012,27,0,0,1,2195886,2948,134.2510528564453
2012,27,0,0,2,2141549,1167,54.49326705932617
2012,27,1,0,1,1609340.125,2672.514404296875,166.062744140625
2012,27,1,0,2,1341110.5,1019.865295410156,76.04632568359375
2012,27,3,0,1,586545.8125,275.4855041503906,46.96743011474609
2012,27,3,0,2,800438.4375,147.1347198486328,18.38176536560059
2012,28,0,0,1,2119495,2990,141.0713348388672
2012,28,0,0,2,2085432,1294,62.04949569702148
2012,28,1,0,1,1513509.125,2689.1767578125,177.6782684326172
2012,28,1,0,2,1317485.875,1115.517211914063,84.67014312744141
2012,28,3,0,1,605985.9375,300.8231811523438,49.64194107055664
2012,28,3,0,2,767946.0625,178.4827575683594,23.24157524108887
2012,29,0,0,1,2151210,3139,145.9178771972656
2012,29,0,0,2,2126405,1370,64.42799377441406
2012,29,1,0,1,1522364.25,2862.533935546875,188.0321350097656
2012,29,1,0,2,1332440.5,1182.719116210938,88.76337432861328
2012,29,3,0,1,628845.75,276.4660949707031,43.96405410766602
2012,29,3,0,2,793964.4375,187.2808380126953,23.58806419372559
2012,30,0,0,1,2149143,3089,143.7317047119141
2012,30,0,0,2,2134127,1497,70.14577484130859
2012,30,1,0,1,1532368.875,2783.0380859375,181.6167144775391
2012,30,1,0,2,1327646.5,1275.74853515625,96.09098052978516
2012,30,3,0,1,616774.0625,305.9619445800781,49.6068115234375
2012,30,3,0,2,806480.5625,221.2515258789063,27.4342041015625
2012,31,0,0,1,2124527,3208,150.9983215332031
2012,31,0,0,2,2117038,1486,70.19241333007813
2012,31,1,0,1,1501019,2907.534423828125,193.7040405273438
2012,31,1,0,2,1322813.875,1266.03955078125,95.70806121826172
2012,31,3,0,1,623508.1875,300.4654541015625,48.18949508666992
2012,31,3,0,2,794224.0625,219.9604339599609,27.69500923156738
2012,32,0,0,1,2178064,3159,145.0370635986328
2012,32,0,0,2,2153431,1507,69.98134613037109
2012,32,1,0,1,1537785.625,2839.960205078125,184.6785430908203
2012,32,1,0,2,1379829.5,1281.000732421875,92.83760833740234
2012,32,3,0,1,640278.3125,319.0397644042969,49.82829284667969
2012,32,3,0,2,773601.5,225.9993286132813,29.21392059326172
2012,33,0,0,1,2035011,3189,156.7067718505859
2012,33,0,0,2,2030723,1639,80.71016693115234
2012,33,1,0,1,1435710.625,2871.721923828125,200.0209350585938
2012,33,1,0,2,1298252.25,1402.244262695313,108.0101547241211
2012,33,3,0,1,599300.3125,317.2781372070313,52.94142532348633
2012,33,3,0,2,732470.75,236.7557373046875,32.32289123535156
2012,34,0,0,1,1994116,3187,159.8201904296875
2012,34,0,0,2,1994506,1638,82.12560272216797
2012,34,1,0,1,1409885.375,2862.29443359375,203.01611328125
2012,34,1,0,2,1280116.375,1383.042602539063,108.0403823852539
2012,34,3,0,1,584230.5625,324.7055358886719,55.57831954956055
2012,34,3,0,2,714389.6875,254.9573822021484,35.68883895874023
2012,35,0,0,1,1970201,3228,163.8411560058594
2012,35,0,0,2,1981666,1783,89.97480010986328
2012,35,1,0,1,1395895.125,2904.07958984375,208.0442504882813
2012,35,1,0,2,1269507.375,1489.710205078125,117.3455352783203
2012,35,3,0,1,574305.875,323.9204711914063,56.40208053588867
2012,35,3,0,2,712158.6875,293.2898559570313,41.1832160949707
2012,36,0,0,1,1913869,3339,174.4633483886719
2012,36,0,0,2,1924055,1833,95.26754760742188
2012,36,1,0,1,1336691.5,2995.0556640625,224.0648345947266
2012,36,1,0,2,1208718.125,1522.253173828125,125.9394683837891
2012,36,3,0,1,577177.4375,343.9443969726563,59.59075546264648
2012,36,3,0,2,715336.875,310.746826171875,43.44062805175781
2012,37,0,0,1,1978180,3481,175.9698333740234
2012,37,0,0,2,1982719,1923,96.98802185058594
2012,37,1,0,1,1376517,3119.495849609375,226.6224060058594
2012,37,1,0,2,1255162.75,1611.271606445313,128.3715209960938
2012,37,3,0,1,601663,361.5040893554688,60.08414840698242
2012,37,3,0,2,727556.125,311.7284240722656,42.84596252441406
2012,38,0,0,1,1909739,3526,184.6325531005859
2012,38,0,0,2,1930579,2096,108.5684661865234
2012,38,1,0,1,1323583.625,3117.468994140625,235.5324554443359
2012,38,1,0,2,1244400.875,1738.195922851563,139.6813507080078
2012,38,3,0,1,586155.375,408.5310668945313,69.69671630859375
2012,38,3,0,2,686178.1875,357.8040771484375,52.14448547363281
2012,39,0,0,1,1935240,3794,196.0480346679688
2012,39,0,0,2,1968682,2369,120.3343124389648
2012,39,1,0,1,1357376.625,3349.501953125,246.7629089355469
2012,39,1,0,2,1278283.625,1960.937744140625,153.4039611816406
2012,39,3,0,1,577863.3125,444.4981384277344,76.92098236083984
2012,39,3,0,2,690398.375,408.0622863769531,59.1053352355957
2012,40,0,0,1,2027692,4355,214.7762145996094
2012,40,0,0,2,2056956,2654,129.0256042480469
2012,40,1,0,1,1427786.25,3830.030517578125,268.2495727539063
2012,40,1,0,2,1358904,2201.521484375,162.0071411132813
2012,40,3,0,1,599905.6875,524.969482421875,87.5086669921875
2012,40,3,0,2,698052,452.4786071777344,64.82018280029297
2012,41,0,0,1,2145819,4888,227.7918090820313
2012,41,0,0,2,2178624,3036,139.3540191650391
2012,41,1,0,1,1486441.5,4257.5869140625,286.4281616210938
2012,41,1,0,2,1402446.625,2514.728271484375,179.3100891113281
2012,41,3,0,1,659377.5,630.4130249023438,95.6072998046875
2012,41,3,0,2,776177.4375,521.2716064453125,67.15882110595703
2012,42,0,0,1,2184544,5142,235.3809356689453
2012,42,0,0,2,2199514,3295,149.8058166503906
2012,42,1,0,1,1523551.125,4475.78466796875,293.773193359375
2012,42,1,0,2,1442307,2779.677978515625,192.7244262695313
2012,42,3,0,1,660992.875,666.2154541015625,100.7901077270508
2012,42,3,0,2,757206.875,515.3220825195313,68.05565643310547
2012,43,0,0,1,2068223,5398,260.9970092773438
2012,43,0,0,2,2090032,3508,167.8443145751953
2012,43,1,0,1,1426436.25,4692.8466796875,328.9909973144531
2012,43,1,0,2,1374903.125,2954.905029296875,214.9173278808594
2012,43,3,0,1,641786.8125,705.1533813476563,109.8734588623047
2012,43,3,0,2,715128.8125,553.0950317382813,77.34201812744141
2012,44,0,0,1,2025279,5778,285.2940368652344
2012,44,0,0,2,2050648,3736,182.1863098144531
2012,44,1,0,1,1416173.125,5062.78466796875,357.4975891113281
2012,44,1,0,2,1391270.75,3166.015380859375,227.5628509521484
2012,44,3,0,1,609105.875,715.2155151367188,117.4205551147461
2012,44,3,0,2,659377.3125,569.9847412109375,86.44287872314453
2012,45,0,0,1,2023312,6260,309.3937072753906
2012,45,0,0,2,2061261,4176,202.5944366455078
2012,45,1,0,1,1442297.25,5509.25048828125,381.9774780273438
2012,45,1,0,2,1405700.125,3536.441650390625,251.5786743164063
2012,45,3,0,1,581014.75,750.7493286132813,129.2134704589844
2012,45,3,0,2,655560.8125,639.558349609375,97.55896759033203
2012,46,0,0,1,2064659,7167,347.1275329589844
2012,46,0,0,2,2100654,4666,222.1213073730469
2012,46,1,0,1,1484491.625,6281.38720703125,423.1338806152344
2012,46,1,0,2,1448911.5,3954.3408203125,272.9180297851563
2012,46,3,0,1,580167.25,885.6129760742188,152.6478729248047
2012,46,3,0,2,651742.5625,711.6591796875,109.1932983398438
2012,47,0,0,1,2189757,8320,379.9508361816406
2012,47,0,0,2,2231689,5404,242.1484375
2012,47,1,0,1,1573968.25,7359.32958984375,467.5653076171875
2012,47,1,0,2,1559689.75,4646.13427734375,297.8883666992188
2012,47,3,0,1,615788.875,960.6703491210938,156.0064544677734
2012,47,3,0,2,671999.1875,757.8656005859375,112.7777557373047
2012,48,0,0,1,2224095,9404,422.8236694335938
2012,48,0,0,2,2284357,6159,269.6163635253906
2012,48,1,0,1,1602262,8369.84765625,522.376953125
2012,48,1,0,2,1618397.125,5273.32568359375,325.8363342285156
2012,48,3,0,1,621832.875,1034.152221679688,166.3070983886719
2012,48,3,0,2,665959.9375,885.6743774414063,132.9921417236328
2012,49,0,0,1,2220810,10236,460.9129028320313
2012,49,0,0,2,2289396,6687,292.0857849121094
2012,49,1,0,1,1604893.125,9103.6943359375,567.2461547851563
2012,49,1,0,2,1615163.625,5766.9287109375,357.0491943359375
2012,49,3,0,1,615916.75,1132.305419921875,183.8406677246094
2012,49,3,0,2,674232.375,920.0711669921875,136.4620208740234
2012,50,0,0,1,2216015,11516,519.6715698242188
2012,50,0,0,2,2289705,7385,322.5306396484375
2012,50,1,0,1,1620546.125,10221.1064453125,630.7198486328125
2012,50,1,0,2,1627136.875,6374.85009765625,391.7832641601563
2012,50,3,0,1,595468.9375,1294.893310546875,217.4577484130859
2012,50,3,0,2,662568.0625,1010.149780273438,152.4597778320313
2012,51,0,0,1,2240246,12718,567.7055053710938
2012,51,0,0,2,2325236,8173,351.4912109375
2012,51,1,0,1,1629597.875,11244.654296875,690.0263061523438
2012,51,1,0,2,1663605.5,6896.16015625,414.5309753417969
2012,51,3,0,1,610648.1875,1473.345458984375,241.2756652832031
2012,51,3,0,2,661630.625,1276.840087890625,192.9838256835938
2012,52,0,0,1,2266381,13670,603.1642456054688
2012,52,0,0,2,2342387,8648,369.196044921875
2012,52,1,0,1,1651534.375,12117.8310546875,733.731689453125
2012,52,1,0,2,1683273.125,7461.43994140625,443.2697143554688
2012,52,3,0,1,614846.625,1552.169311523438,252.4482116699219
2012,52,3,0,2,659113.875,1186.559936523438,180.0235137939453
2012,53,0,0,1,2183683,14419,660.3064575195313
2012,53,0,0,2,2275126,9119,400.8129577636719
2012,53,1,0,1,1607254.75,12754.67578125,793.5690307617188
2012,53,1,0,2,1627464.75,7782.5244140625,478.1992492675781
2012,53,3,0,1,576428.1875,1664.324584960938,288.7305908203125
2012,53,3,0,2,647661.125,1336.475463867188,206.3541259765625
2012,54,0,0,1,2168911,15504,714.8287963867188
2012,54,0,0,2,2268244,9832,433.4630737304688
2012,54,1,0,1,1569867,13532.2802734375,862.001708984375
2012,54,1,0,2,1644537.125,8377.21875,509.3967590332031
2012,54,3,0,1,599044,1971.719970703125,329.1444396972656
2012,54,3,0,2,623706.9375,1454.781494140625,233.2476043701172
2012,55,0,0,1,2140389,16982,793.4071655273438
2012,55,0,0,2,2252044,10465,464.68896484375
2012,55,1,0,1,1560164.5,14913.01171875,955.8615112304688
2012,55,1,0,2,1616962,8928.8154296875,552.1969604492188
2012,55,3,0,1,580224.5,2068.98828125,356.5841064453125
2012,55,3,0,2,635082.0625,1536.184204101563,241.8875122070313
2012,56,0,0,1,2059532,17497,849.5619506835938
2012,56,0,0,2,2179549,11110,509.7384948730469
2012,56,1,0,1,1484025.75,15250.931640625,1027.672973632813
2012,56,1,0,2,1562965.75,9386.0693359375,600.5294189453125
2012,56,3,0,1,575506.125,2246.06884765625,390.2771301269531
2012,56,3,0,2,616583.3125,1723.930297851563,279.5940551757813
2012,57,0,0,1,2041319,18287,895.8423461914063
2012,57,0,0,2,2165747,11452,528.7783203125
2012,57,1,0,1,1451088.625,15812.1845703125,1089.677368164063
2012,57,1,0,2,1575490.75,9625.1943359375,610.93310546875
2012,57,3,0,1,590230.5,2474.81591796875,419.2965087890625
2012,57,3,0,2,590256.375,1826.805908203125,309.4936218261719
2012,58,0,0,1,1949778,19214,985.4454956054688
2012,58,0,0,2,2089784,11875,568.2405395507813
2012,58,1,0,1,1383603.625,16405.37109375,1185.69873046875
2012,58,1,0,2,1494048.5,9897.1943359375,662.4412841796875
2012,58,3,0,1,566174.4375,2808.629150390625,496.0713500976563
2012,58,3,0,2,595735.4375,1977.805908203125,331.9939880371094
2012,59,0,0,1,1874009,19763,1054.584106445313
2012,59,0,0,2,2017088,12333,611.4259643554688
2012,59,1,0,1,1289577.375,16715.154296875,1296.173095703125
2012,59,1,0,2,1426870.625,10125.64453125,709.6400146484375
2012,59,3,0,1,584431.625,3047.84521484375,521.505859375
2012,59,3,0,2,590217.3125,2207.355712890625,373.9903259277344
2012,60,0,0,1,1801554,20375,1130.968017578125
2012,60,0,0,2,1943262,12860,661.7738647460938
2012,60,1,0,1,1225843.125,17097.0234375,1394.715454101563
2012,60,1,0,2,1375584.5,10554.51171875,767.2747192382813
2012,60,3,0,1,575710.875,3277.977294921875,569.3790893554688
2012,60,3,0,2,567677.4375,2305.48828125,406.12646484375
2012,61,0,0,1,1741295,20848,1197.269897460938
2012,61,0,0,2,1893447,13443,709.9749755859375
2012,61,1,0,1,1178963.875,17220.5078125,1460.647583007813
2012,61,1,0,2,1329851.875,11075.01953125,832.8009643554688
2012,61,3,0,1,562331.125,3627.491943359375,645.0811157226563
2012,61,3,0,2,563595.0625,2367.98046875,420.1563415527344
2012,62,0,0,1,1703085,21706,1274.510620117188
2012,62,0,0,2,1851651,13856,748.30517578125
2012,62,1,0,1,1133267.75,17806.953125,1571.292724609375
2012,62,1,0,2,1317456.875,11542.259765625,876.1015014648438
2012,62,3,0,1,569817.3125,3899.04638671875,684.2625122070313
2012,62,3,0,2,534194.1875,2313.740478515625,433.1272277832031
2012,63,0,0,1,1650723,22438,1359.283203125
2012,63,0,0,2,1803256,15102,837.485107421875
2012,63,1,0,1,1079100.875,18155.861328125,1682.4990234375
2012,63,1,0,2,1320619.875,12674.111328125,959.7092895507813
2012,63,3,0,1,571622.25,4282.1396484375,749.1205444335938
2012,63,3,0,2,482636.03125,2427.88916015625,503.0476379394531
2012,64,0,0,1,1635318,23841,1457.881591796875
2012,64,0,0,2,1787930,16159,903.7825927734375
2012,64,1,0,1,1078231.75,19129.775390625,1774.180297851563
2012,64,1,0,2,1311965.25,13476.015625,1027.16259765625
2012,64,3,0,1,557086.25,4711.22509765625,845.6904296875
2012,64,3,0,2,475964.6875,2682.984619140625,563.6940307617188
2012,65,0,0,1,1705773,25435,1491.11279296875
2012,65,0,0,2,1866560,17897,958.8226318359375
2012,65,1,0,1,1102306.125,20265.861328125,1838.496704101563
2012,65,1,0,2,1376720.25,14978.578125,1087.989990234375
2012,65,3,0,1,603466.875,5169.13818359375,856.5736694335938
2012,65,3,0,2,489839.71875,2918.42138671875,595.7910766601563
2012,66,0,0,1,1253089,21560,1720.548217773438
2012,66,0,0,2,1388700,15381,1107.582641601563
2012,66,1,0,1,823755.3125,17375.548828125,2109.3095703125
2012,66,1,0,2,1035430.25,12986.048828125,1254.169311523438
2012,66,3,0,1,429333.6875,4184.4501953125,974.6382446289063
2012,66,3,0,2,353269.71875,2394.951416015625,677.9384765625
2012,67,0,0,1,1231659,22227,1804.63916015625
2012,67,0,0,2,1378313,15983,1159.60595703125
2012,67,1,0,1,830958.375,18040.6328125,2171.0634765625
2012,67,1,0,2,1053274.375,13668.650390625,1297.729370117188
2012,67,3,0,1,400700.625,4186.36669921875,1044.76171875
2012,67,3,0,2,325038.71875,2314.349853515625,712.0228271484375
2012,68,0,0,1,1195906,23802,1990.290161132813
2012,68,0,0,2,1350998,17908,1325.53857421875
2012,68,1,0,1,825891.875,19327.384765625,2340.183349609375
2012,68,1,0,2,1034222.6875,15352.3310546875,1484.431884765625
2012,68,3,0,1,370014.09375,4474.61572265625,1209.3095703125
2012,68,3,0,2,316775.375,2555.66845703125,806.7762451171875
2012,69,0,0,1,1221406,25891,2119.770263671875
2012,69,0,0,2,1388986,19406,1397.13427734375
2012,69,1,0,1,836604.125,21100.20703125,2522.125732421875
2012,69,1,0,2,1077783.25,16571.91796875,1537.5927734375
2012,69,3,0,1,384801.84375,4790.7939453125,1245.002807617188
2012,69,3,0,2,311202.6875,2834.082275390625,910.6869506835938
2012,70,0,0,1,1060065,24721,2332.02685546875
2012,70,0,0,2,1220546,19152,1569.1337890625
2012,70,1,0,1,737510.75,20120.93359375,2728.222412109375
2012,70,1,0,2,963984.875,16575.451171875,1719.47216796875
2012,70,3,0,1,322554.25,4600.06640625,1426.137329101563
2012,70,3,0,2,256561.078125,2576.5478515625,1004.262939453125
2012,71,0,0,1,961716,24478,2545.241943359375
2012,71,0,0,2,1127059,19421,1723.157348632813
2012,71,1,0,1,672970.875,20076.16796875,2983.215087890625
2012,71,1,0,2,899942.6875,16892.330078125,1877.045043945313
2012,71,3,0,1,288745.15625,4401.8310546875,1524.46923828125
2012,71,3,0,2,227116.28125,2528.670166015625,1113.381225585938
2012,72,0,0,1,907695,24875,2740.4580078125
2012,72,0,0,2,1072821,19729,1838.9833984375
2012,72,1,0,1,648616.8125,20385.455078125,3142.911865234375
2012,72,1,0,2,872817.8125,17235.685546875,1974.717407226563
2012,72,3,0,1,259078.140625,4489.54443359375,1732.891967773438
2012,72,3,0,2,200003.15625,2493.314697265625,1246.6376953125
2012,73,0,0,1,855287,25535,2985.547607421875
2012,73,0,0,2,1012914,20487,2022.580444335938
2012,73,1,0,1,619739.875,20940.25390625,3378.8779296875
2012,73,1,0,2,831628.8125,18006.529296875,2165.21240234375
2012,73,3,0,1,235547.125,4594.7451171875,1950.669189453125
2012,73,3,0,2,181285.1875,2480.470458984375,1368.269775390625
2012,74,0,0,1,812451,26411,3250.78076171875
2012,74,0,0,2,981096,22047,2247.1806640625
2012,74,1,0,1,586654.3125,21606.119140625,3682.938720703125
2012,74,1,0,2,811959,19349.484375,2383.061767578125
2012,74,3,0,1,225796.703125,4804.8818359375,2127.968017578125
2012,74,3,0,2,169137.046875,2697.515380859375,1594.86962890625
2012,75,0,0,1,744173,26619,3576.99072265625
2012,75,0,0,2,914070,22852,2500.02734375
2012,75,1,0,1,535389.5625,21666.318359375,4046.83251953125
2012,75,1,0,2,753571.0625,20162.572265625,2675.603271484375
2012,75,3,0,1,208783.40625,4952.68115234375,2372.162353515625
2012,75,3,0,2,160498.953125,2689.42724609375,1675.66650390625
2012,76,0,0,1,706048,27670,3918.9970703125
2012,76,0,0,2,882577,24558,2782.533447265625
2012,76,1,0,1,523922.09375,22468.53515625,4288.52587890625
2012,76,1,0,2,746867.0625,21647.6640625,2898.462890625
2012,76,3,0,1,182125.875,5201.4658203125,2855.972900390625
2012,76,3,0,2,135709.953125,2910.3369140625,2144.52734375
2012,77,0,0,1,670314,29068,4336.47509765625
2012,77,0,0,2,857912,26267,3061.73583984375
2012,77,1,0,1,490947.40625,23465.31640625,4779.5986328125
2012,77,1,0,2,722997.1875,23289.578125,3221.25439453125
2012,77,3,0,1,179366.5625,5602.6826171875,3123.59375
2012,77,3,0,2,134914.84375,2977.421630859375,2206.8896484375
2012,78,0,0,1,598654,28667,4788.57568359375
2012,78,0,0,2,778974,26622,3417.572265625
2012,78,1,0,1,433074.25,23135.09375,5342.0615234375
2012,78,1,0,2,667974,23630.443359375,3537.629150390625
2012,78,3,0,1,165579.75,5531.9052734375,3340.93115234375
2012,78,3,0,2,111000.015625,2991.555908203125,2695.094970703125
2012,79,0,0,1,572895,30400,5306.38232421875
2012,79,0,0,2,764656,29213,3820.41064453125
2012,79,1,0,1,411627.90625,24188.10546875,5876.20654296875
2012,79,1,0,2,647195.3125,25845.087890625,3993.3984375
2012,79,3,0,1,161267.109375,6211.89453125,3851.928955078125
2012,79,3,0,2,117460.6953125,3367.912353515625,2867.267578125
2012,80,0,0,1,541689,31593,5832.3134765625
2012,80,0,0,2,741183,31478,4246.994140625
2012,80,1,0,1,398532.875,24772.501953125,6215.92431640625
2012,80,1,0,2,627109.6875,27837.48046875,4439.01318359375
2012,80,3,0,1,143156.109375,6820.4970703125,4764.37744140625
2012,80,3,0,2,114073.3046875,3640.520263671875,3191.38671875
2012,81,0,0,1,509737,33010,6475.888671875
2012,81,0,0,2,717900,33702,4694.52587890625
2012,81,1,0,1,372811.15625,25868.466796875,6938.7587890625
2012,81,1,0,2,601510.5625,29719.166015625,4940.75537109375
2012,81,3,0,1,136925.84375,7141.53271484375,5215.62060546875
2012,81,3,0,2,116389.5,3982.834228515625,3421.987548828125
2012,82,0,0,1,481577,34147,7090.66259765625
2012,82,0,0,2,701497,36596,5216.84326171875
2012,82,1,0,1,347263.34375,27038.640625,7786.20654296875
2012,82,1,0,2,591635.5625,32378.9375,5472.7841796875
2012,82,3,0,1,134313.65625,7108.35888671875,5292.357421875
2012,82,3,0,2,109861.4296875,4217.0615234375,3838.52783203125
2012,83,0,0,1,428512,34486,8047.84912109375
2012,83,0,0,2,644799,37835,5867.72021484375
2012,83,1,0,1,315122.5625,27202.306640625,8632.2939453125
2012,83,1,0,2,553711.4375,33463.32421875,6043.458984375
2012,83,3,0,1,113389.4375,7283.6943359375,6423.609375
2012,83,3,0,2,91087.6015625,4371.67431640625,4799.41748046875
2012,84,0,0,1,393108,35021,8908.748046875
2012,84,0,0,2,617566,40624,6578.08251953125
2012,84,1,0,1,289746.46875,27641.669921875,9539.9501953125
2012,84,1,0,2,528922.75,35950.07421875,6796.84765625
2012,84,3,0,1,103361.53125,7379.33056640625,7139.33935546875
2012,84,3,0,2,88643.234375,4673.9267578125,5272.7392578125
2013,25,0,0,1,2224097,2913,130.9745025634766
2013,25,0,0,2,2145235,1050,48.94568634033203
2013,25,1,0,1,1649644.375,2661.14697265625,161.31640625
2013,25,1,0,2,1404822.75,937.3912963867188,66.72666168212891
2013,25,3,0,1,574452.6875,251.8531188964844,43.8422737121582
2013,25,3,0,2,740412.125,112.6086959838867,15.20892143249512
2013,26,0,0,1,2185046,2986,136.6561584472656
2013,26,0,0,2,2112664,1170,55.38031768798828
2013,26,1,0,1,1591193.5,2734.9736328125,171.8818969726563
2013,26,1,0,2,1363351.75,1001.552490234375,73.46251678466797
2013,26,3,0,1,593852.5625,251.0264434814453,42.27083587646484
2013,26,3,0,2,749312.25,168.4475250244141,22.48028373718262
2013,27,0,0,1,2193168,3056,139.3418121337891
2013,27,0,0,2,2127403,1234,58.0049934387207
2013,27,1,0,1,1588132.125,2770.515869140625,174.4512176513672
2013,27,1,0,2,1351873,1070.676513671875,79.19948577880859
2013,27,3,0,1,605035.75,285.4840393066406,47.18465805053711
2013,27,3,0,2,775529.8125,163.3235321044922,21.05960655212402
2013,28,0,0,1,2205163,3014,136.6792449951172
2013,28,0,0,2,2154369,1279,59.36773300170898
2013,28,1,0,1,1569220.625,2734.569580078125,174.2629089355469
2013,28,1,0,2,1356151.125,1089.029418945313,80.30295562744141
2013,28,3,0,1,635942.375,279.4302978515625,43.9395637512207
2013,28,3,0,2,798217.875,189.9706115722656,23.79934310913086
2013,29,0,0,1,2128510,3054,143.4806518554688
2013,29,0,0,2,2097239,1300,61.98625946044922
2013,29,1,0,1,1492067.875,2759.43115234375,184.9400482177734
2013,29,1,0,2,1308076.375,1125.3125,86.02804565429688
2013,29,3,0,1,636441.9375,294.5687866210938,46.28368759155273
2013,29,3,0,2,789162.8125,174.6875,22.13579940795898
2013,30,0,0,1,2159534,3203,148.3190307617188
2013,30,0,0,2,2137275,1404,65.69112396240234
2013,30,1,0,1,1533410.625,2898.821533203125,189.0440521240234
2013,30,1,0,2,1354892.375,1202.853881835938,88.77855682373047
2013,30,3,0,1,626123.375,304.1785278320313,48.58124542236328
2013,30,3,0,2,782382.6875,201.1461334228516,25.70943069458008
2013,31,0,0,1,2156290,3221,149.3769378662109
2013,31,0,0,2,2143157,1502,70.08352661132813
2013,31,1,0,1,1506875.25,2908.864013671875,193.0394744873047
2013,31,1,0,2,1312768.5,1277.563232421875,97.31824493408203
2013,31,3,0,1,649414.8125,312.1360473632813,48.06420135498047
2013,31,3,0,2,830388.5625,224.4367828369141,27.02792358398438
2013,32,0,0,1,2130833,3208,150.5514526367188
2013,32,0,0,2,2124859,1614,75.95798492431641
2013,32,1,0,1,1496531.75,2917.192626953125,194.9302215576172
2013,32,1,0,2,1323738.5,1381.260131835938,104.3453903198242
2013,32,3,0,1,634301.1875,290.8073425292969,45.84688568115234
2013,32,3,0,2,801120.4375,232.7398071289063,29.05178833007813
2013,33,0,0,1,2183095,3400,155.7421875
2013,33,0,0,2,2160381,1664,77.02345275878906
2013,33,1,0,1,1525975.125,3047.7158203125,199.7225036621094
2013,33,1,0,2,1328701.375,1384.981811523438,104.2357482910156
2013,33,3,0,1,657119.8125,352.2842712402344,53.61035537719727
2013,33,3,0,2,831679.5625,279.0182189941406,33.54876327514648
2013,34,0,0,1,2039053,3407,167.0873718261719
2013,34,0,0,2,2036817,1784,87.587646484375
2013,34,1,0,1,1423778.625,3029.800048828125,212.7999420166016
2013,34,1,0,2,1290235,1521.49853515625,117.9241409301758
2013,34,3,0,1,615274.4375,377.199951171875,61.30596923828125
2013,34,3,0,2,746581.875,262.5014038085938,35.16043090820313
2013,35,0,0,1,1997672,3363,168.345947265625
2013,35,0,0,2,2000026,1898,94.89876556396484
2013,35,1,0,1,1392576.625,3016.614013671875,216.6210479736328
2013,35,1,0,2,1276878.125,1592.29541015625,124.7022247314453
2013,35,3,0,1,605095.375,346.3859558105469,57.24485397338867
2013,35,3,0,2,723147.875,305.7045288085938,42.27413940429688
2013,36,0,0,1,1972420,3386,171.6672973632813
2013,36,0,0,2,1986628,1893,95.28708648681641
2013,36,1,0,1,1376892.25,3019.453369140625,219.2948150634766
2013,36,1,0,2,1247678.375,1549.463012695313,124.1876983642578
2013,36,3,0,1,595527.625,366.5466613769531,61.54990005493164
2013,36,3,0,2,738949.5625,343.5369262695313,46.48990249633789
2013,37,0,0,1,1915689,3435,179.3088531494141
2013,37,0,0,2,1928514,2007,104.0697631835938
2013,37,1,0,1,1328059.375,3023.653076171875,227.6745452880859
2013,37,1,0,2,1233068.375,1684.13916015625,136.5811614990234
2013,37,3,0,1,587629.6875,411.3468322753906,70.00102996826172
2013,37,3,0,2,695445.6875,322.8608093261719,46.42502212524414
2013,38,0,0,1,1979408,3576,180.6600799560547
2013,38,0,0,2,1986478,2163,108.8861770629883
2013,38,1,0,1,1379695.875,3121.888671875,226.273681640625
2013,38,1,0,2,1263655,1804.519653320313,142.8016052246094
2013,38,3,0,1,599712.0625,454.1113586425781,75.72156524658203
2013,38,3,0,2,722822.9375,358.4803771972656,49.5944938659668
2013,39,0,0,1,1910632,3784,198.0496520996094
2013,39,0,0,2,1933653,2316,119.7733001708984
2013,39,1,0,1,1328253.125,3349.85400390625,252.1999664306641
2013,39,1,0,2,1258329.75,1926.95263671875,153.1357421875
2013,39,3,0,1,582378.9375,434.1459655761719,74.54698944091797
2013,39,3,0,2,675323.1875,389.04736328125,57.60906219482422
2013,40,0,0,1,1935245,4146,214.2364349365234
2013,40,0,0,2,1970882,2596,131.7176818847656
2013,40,1,0,1,1370464.125,3604.7734375,263.0330505371094
2013,40,1,0,2,1286991.875,2150.711669921875,167.1115264892578
2013,40,3,0,1,564780.875,541.2266235351563,95.82949066162109
2013,40,3,0,2,683890.125,445.2882080078125,65.11107635498047
2013,41,0,0,1,2027076,4564,225.1519012451172
2013,41,0,0,2,2058505,2890,140.3931427001953
2013,41,1,0,1,1395475.5,4025.85986328125,288.4937744140625
2013,41,1,0,2,1327019.25,2411.88623046875,181.7521667480469
2013,41,3,0,1,631600.625,538.1402587890625,85.20261383056641
2013,41,3,0,2,731485.6875,478.1138000488281,65.36201477050781
2013,42,0,0,1,2143934,5329,248.5617523193359
2013,42,0,0,2,2179345,3337,153.1194000244141
2013,42,1,0,1,1487982.375,4642.44189453125,311.9957580566406
2013,42,1,0,2,1423809.375,2764.798095703125,194.1831665039063
2013,42,3,0,1,655951.5,686.5582885742188,104.666015625
2013,42,3,0,2,755535.5625,572.2018432617188,75.73460388183594
2013,43,0,0,1,2181430,5597,256.5748291015625
2013,43,0,0,2,2199478,3622,164.6754302978516
2013,43,1,0,1,1501095.125,4956.78662109375,330.2113647460938
2013,43,1,0,2,1428567.375,2997.37744140625,209.8170166015625
2013,43,3,0,1,680335,640.2131958007813,94.10263824462891
2013,43,3,0,2,770910.5625,624.6226196289063,81.02400970458984
2013,44,0,0,1,2064715,5892,285.3662719726563
2013,44,0,0,2,2089651,3779,180.8435974121094
2013,44,1,0,1,1433147,5123.34521484375,357.4891662597656
2013,44,1,0,2,1371528.375,3145.943603515625,229.3750305175781
2013,44,3,0,1,631568.125,768.6549072265625,121.7057800292969
2013,44,3,0,2,718122.6875,633.0562744140625,88.15433502197266
2013,45,0,0,1,2020951,6220,307.77587890625
2013,45,0,0,2,2049571,4126,201.3104248046875
2013,45,1,0,1,1423626.375,5441.21923828125,382.2083740234375
2013,45,1,0,2,1371581.25,3467.3466796875,252.7992248535156
2013,45,3,0,1,597324.625,778.7808837890625,130.3781585693359
2013,45,3,0,2,677989.75,658.6533203125,97.14797973632813
2013,46,0,0,1,2018335,7100,351.7751159667969
2013,46,0,0,2,2059382,4486,217.8323364257813
2013,46,1,0,1,1413419.375,6210.83935546875,439.41943359375
2013,46,1,0,2,1381326.5,3797.24853515625,274.898681640625
2013,46,3,0,1,604915.625,889.1607666015625,146.9892272949219
2013,46,3,0,2,678055.5,688.7514038085938,101.5774383544922
2013,47,0,0,1,2058787,7960,386.6354370117188
2013,47,0,0,2,2098294,5151,245.4851379394531
2013,47,1,0,1,1451289.125,7054.33447265625,486.0736694335938
2013,47,1,0,2,1433154,4342.40087890625,302.9961242675781
2013,47,3,0,1,607497.9375,905.6656494140625,149.0812683105469
2013,47,3,0,2,665140,808.5990600585938,121.5682525634766
2013,48,0,0,1,2182319,9052,414.7881164550781
2013,48,0,0,2,2228473,5756,258.29345703125
2013,48,1,0,1,1567297.75,8020.04296875,511.7115173339844
2013,48,1,0,2,1543443,4953.3583984375,320.9291381835938
2013,48,3,0,1,615021.25,1031.956787109375,167.7920532226563
2013,48,3,0,2,685030,802.6416625976563,117.168830871582
2013,49,0,0,1,2215408,10199,460.3666687011719
2013,49,0,0,2,2280204,6783,297.473388671875
2013,49,1,0,1,1585824.625,8993.748046875,567.1338500976563
2013,49,1,0,2,1596089,5847.798828125,366.3829956054688
2013,49,3,0,1,629583.25,1205.25244140625,191.4365539550781
2013,49,3,0,2,684114.9375,935.2010498046875,136.7023315429688
2013,50,0,0,1,2210678,11307,511.4720458984375
2013,50,0,0,2,2284421,7282,318.7678527832031
2013,50,1,0,1,1592599.625,10009.0546875,628.4727783203125
2013,50,1,0,2,1621780.125,6253.92919921875,385.6212768554688
2013,50,3,0,1,618078.375,1297.945068359375,209.9968414306641
2013,50,3,0,2,662640.875,1028.071044921875,155.1475372314453
2013,51,0,0,1,2204455,12453,564.9015502929688
2013,51,0,0,2,2283695,8081,353.8563537597656
2013,51,1,0,1,1592957.5,10966.6875,688.4482421875
2013,51,1,0,2,1627267.875,6900.50341796875,424.0545349121094
2013,51,3,0,1,611497.4375,1486.312622070313,243.0611419677734
2013,51,3,0,2,656427.25,1180.496826171875,179.8366546630859
2013,52,0,0,1,2227525,13472,604.7968139648438
2013,52,0,0,2,2318221,8749,377.4014587402344
2013,52,1,0,1,1617712.375,11934.6025390625,737.7456665039063
2013,52,1,0,2,1658945.25,7483.287109375,451.0870361328125
2013,52,3,0,1,609812.5625,1537.397827148438,252.1098937988281
2013,52,3,0,2,659275.6875,1265.713134765625,191.9854125976563
2013,53,0,0,1,2252624,14622,649.1096801757813
2013,53,0,0,2,2334982,9353,400.5598449707031
2013,53,1,0,1,1636644.375,12987.26171875,793.5298461914063
2013,53,1,0,2,1688702.25,8018.7470703125,474.8467102050781
2013,53,3,0,1,615979.75,1634.738525390625,265.3883666992188
2013,53,3,0,2,646279.875,1334.252807617188,206.4512329101563
2013,54,0,0,1,2169210,15612,719.7090454101563
2013,54,0,0,2,2267184,9960,439.3114929199219
2013,54,1,0,1,1578407.5,13763.0615234375,871.9586791992188
2013,54,1,0,2,1631082.25,8487.0927734375,520.3350830078125
2013,54,3,0,1,590802.4375,1848.9384765625,312.9537658691406
2013,54,3,0,2,636101.75,1472.907348632813,231.5521545410156
2013,55,0,0,1,2153054,16879,783.9561767578125
2013,55,0,0,2,2259550,10694,473.2800903320313
2013,55,1,0,1,1563671.75,14904.4091796875,953.1673583984375
2013,55,1,0,2,1633759.375,9168.029296875,561.1615600585938
2013,55,3,0,1,589382.125,1974.590454101563,335.0271911621094
2013,55,3,0,2,625790.5625,1525.970336914063,243.8468170166016
2013,56,0,0,1,2123185,18074,851.2682495117188
2013,56,0,0,2,2242483,11397,508.2312927246094
2013,56,1,0,1,1538118,15791.1962890625,1026.656982421875
2013,56,1,0,2,1619549.875,9688.0107421875,598.1915893554688
2013,56,3,0,1,585067.125,2282.803955078125,390.1781311035156
2013,56,3,0,2,622933.125,1708.989135742188,274.3455200195313
2013,57,0,0,1,2041913,18656,913.6530151367188
2013,57,0,0,2,2169625,11907,548.8045043945313
2013,57,1,0,1,1459301.625,16228.3974609375,1112.066040039063
2013,57,1,0,2,1560051,10113.2421875,648.2635498046875
2013,57,3,0,1,582611.375,2427.602294921875,416.6760864257813
2013,57,3,0,2,609574.0625,1793.757934570313,294.26416015625
2013,58,0,0,1,2022544,19912,984.502685546875
2013,58,0,0,2,2155385,12323,571.7308349609375
2013,58,1,0,1,1425310.625,17237.0390625,1209.353149414063
2013,58,1,0,2,1542351.875,10267.30078125,665.6912231445313
2013,58,3,0,1,597233.25,2674.961181640625,447.8922119140625
2013,58,3,0,2,613033.125,2055.698974609375,335.3324584960938
2013,59,0,0,1,1930382,20475,1060.6708984375
2013,59,0,0,2,2079145,12664,609.0965576171875
2013,59,1,0,1,1356165.75,17483.478515625,1289.184448242188
2013,59,1,0,2,1504864.875,10539.736328125,700.3775634765625
2013,59,3,0,1,574216.3125,2991.52099609375,520.9745483398438
2013,59,3,0,2,574280,2124.26416015625,369.9004211425781
2013,60,0,0,1,1854196,21148,1140.548217773438
2013,60,0,0,2,2005904,13300,663.042724609375
2013,60,1,0,1,1286643.375,17921.68359375,1392.902221679688
2013,60,1,0,2,1422325.25,10927.1103515625,768.2567749023438
2013,60,3,0,1,567552.5625,3226.31591796875,568.461181640625
2013,60,3,0,2,583578.8125,2372.8896484375,406.6099853515625
2013,61,0,0,1,1781209,21784,1222.989501953125
2013,61,0,0,2,1931508,13757,712.2413940429688
2013,61,1,0,1,1198507.125,18210.3359375,1519.418212890625
2013,61,1,0,2,1361600.75,11422.29296875,838.8870849609375
2013,61,3,0,1,582701.8125,3573.663818359375,613.2920532226563
2013,61,3,0,2,569907.375,2334.706787109375,409.6642456054688
2013,62,0,0,1,1720137,22432,1304.082153320313
2013,62,0,0,2,1881167,14272,758.677978515625
2013,62,1,0,1,1154930.125,18530.19921875,1604.443359375
2013,62,1,0,2,1332253,11758.435546875,882.5977783203125
2013,62,3,0,1,565206.875,3901.801025390625,690.3314819335938
2013,62,3,0,2,548914,2513.56396484375,457.9158020019531
2013,63,0,0,1,1680940,23058,1371.732543945313
2013,63,0,0,2,1838633,15109,821.7518310546875
2013,63,1,0,1,1105497.75,18793.455078125,1699.999389648438
2013,63,1,0,2,1312273.875,12571.6572265625,958.005615234375
2013,63,3,0,1,575442.375,4264.5458984375,741.0900268554688
2013,63,3,0,2,526359.1875,2537.3427734375,482.0553894042969
2013,64,0,0,1,1627607,23907,1468.843505859375
2013,64,0,0,2,1788858,16379,915.612060546875
2013,64,1,0,1,1080810.125,19248.8828125,1780.968017578125
2013,64,1,0,2,1291723.5,13658.3203125,1057.371826171875
2013,64,3,0,1,546796.875,4658.1181640625,851.8919067382813
2013,64,3,0,2,497134.46875,2720.6796875,547.2723999023438
2013,65,0,0,1,1611115,25036,1553.954833984375
2013,65,0,0,2,1772137,17798,1004.324157714844
2013,65,1,0,1,1059966.5,20000.005859375,1886.852661132813
2013,65,1,0,2,1288967.375,14785.8427734375,1147.107543945313
2013,65,3,0,1,551148.5625,5035.99462890625,913.7272338867188
2013,65,3,0,2,483169.65625,3012.1572265625,623.4160766601563
2013,66,0,0,1,1679066,27466,1635.790405273438
2013,66,0,0,2,1848770,19252,1041.340942382813
2013,66,1,0,1,1091802.625,21911.4609375,2006.90673828125
2013,66,1,0,2,1357992.5,16071.6865234375,1183.488647460938
2013,66,3,0,1,587263.3125,5554.53955078125,945.8345947265625
2013,66,3,0,2,490777.46875,3180.3134765625,648.015380859375
2013,67,0,0,1,1231738,22837,1854.046875
2013,67,0,0,2,1374286,16422,1194.94775390625
2013,67,1,0,1,810563.6875,18329.818359375,2261.366943359375
2013,67,1,0,2,1036023.125,13771.3212890625,1329.248413085938
2013,67,3,0,1,421174.3125,4507.18115234375,1070.146240234375
2013,67,3,0,2,338262.875,2650.67919921875,783.6151733398438
2013,68,0,0,1,1209022,23613,1953.066162109375
2013,68,0,0,2,1362579,17386,1275.962768554688
2013,68,1,0,1,813097.3125,19152.52734375,2355.50244140625
2013,68,1,0,2,1035730.1875,14803.2451171875,1429.2568359375
2013,68,3,0,1,395924.75,4460.47265625,1126.596069335938
2013,68,3,0,2,326848.84375,2582.754638671875,790.198486328125
2013,69,0,0,1,1171820,25372,2165.178955078125
2013,69,0,0,2,1333442,19327,1449.406860351563
2013,69,1,0,1,800419.875,20570.505859375,2569.96435546875
2013,69,1,0,2,1026508.9375,16622.869140625,1619.359375
2013,69,3,0,1,371400.09375,4801.49462890625,1292.809204101563
2013,69,3,0,2,306933.09375,2704.130615234375,881.0162963867188
2013,70,0,0,1,1194739,27596,2309.793212890625
2013,70,0,0,2,1369242,21123,1542.678344726563
2013,70,1,0,1,828570.5625,22392.06640625,2702.49365234375
2013,70,1,0,2,1072427.375,18045.25390625,1682.655151367188
2013,70,3,0,1,366168.5,5203.93408203125,1421.185668945313
2013,70,3,0,2,296814.625,3077.74560546875,1036.925170898438
2013,71,0,0,1,1034974,26559,2566.1513671875
2013,71,0,0,2,1201663,20607,1714.873413085938
2013,71,1,0,1,721234.375,21712.392578125,3010.448974609375
2013,71,1,0,2,947480.625,17888.25390625,1887.98095703125
2013,71,3,0,1,313739.625,4846.607421875,1544.786499023438
2013,71,3,0,2,254182.328125,2718.746337890625,1069.604736328125
2013,72,0,0,1,936886,25971,2772.055419921875
2013,72,0,0,2,1107930,20718,1869.973754882813
2013,72,1,0,1,668556.5,21326.12109375,3189.875732421875
2013,72,1,0,2,886464.9375,18072.240234375,2038.686401367188
2013,72,3,0,1,268329.53125,4644.87841796875,1731.03515625
2013,72,3,0,2,221465.03125,2645.759033203125,1194.662231445313
2013,73,0,0,1,882090,26303,2981.895263671875
2013,73,0,0,2,1052604,21322,2025.64306640625
2013,73,1,0,1,645214.4375,21528.1640625,3336.590576171875
2013,73,1,0,2,847140.1875,18584.708984375,2193.8173828125
2013,73,3,0,1,236875.546875,4774.83642578125,2015.757446289063
2013,73,3,0,2,205463.8125,2737.290771484375,1332.249633789063
2013,74,0,0,1,828872,27145,3274.9326171875
2013,74,0,0,2,991633,22576,2276.648681640625
2013,74,1,0,1,591956,22165.587890625,3744.46533203125
2013,74,1,0,2,801984.375,19711.009765625,2457.77978515625
2013,74,3,0,1,236916.0625,4979.41162109375,2101.761962890625
2013,74,3,0,2,189648.578125,2864.989990234375,1510.68359375
2013,75,0,0,1,784977,27945,3559.976806640625
2013,75,0,0,2,958315,23565,2459.003662109375
2013,75,1,0,1,569677.625,22682.119140625,3981.571044921875
2013,75,1,0,2,780729.375,20644.66015625,2644.278564453125
2013,75,3,0,1,215299.390625,5262.88134765625,2444.44775390625
2013,75,3,0,2,177585.578125,2920.340087890625,1644.469116210938
2013,76,0,0,1,716553,28156,3929.367431640625
2013,76,0,0,2,890498,24641,2767.103271484375
2013,76,1,0,1,517909.1875,22771.736328125,4396.85888671875
2013,76,1,0,2,735346.0625,21571.416015625,2933.50537109375
2013,76,3,0,1,198643.84375,5384.26416015625,2710.511474609375
2013,76,3,0,2,155151.875,3069.583251953125,1978.437744140625
2013,77,0,0,1,677294,29587,4368.4130859375
2013,77,0,0,2,857234,26270,3064.507568359375
2013,77,1,0,1,489642.09375,23858.708984375,4872.68359375
2013,77,1,0,2,713466.4375,23130.40234375,3241.974853515625
2013,77,3,0,1,187651.890625,5728.291015625,3052.61572265625
2013,77,3,0,2,143767.546875,3139.59765625,2183.80126953125
2013,78,0,0,1,640230,30527,4768.13037109375
2013,78,0,0,2,830578,28026,3374.276611328125
2013,78,1,0,1,469407.09375,24385.486328125,5194.95458984375
2013,78,1,0,2,694876.125,24748.05859375,3561.506591796875
2013,78,3,0,1,170822.90625,6141.5146484375,3595.25244140625
2013,78,3,0,2,135701.9375,3277.942138671875,2415.545654296875
2013,79,0,0,1,568944,29951,5264.314453125
2013,79,0,0,2,751234,28646,3813.192626953125
2013,79,1,0,1,405598.28125,23773.43359375,5861.3251953125
2013,79,1,0,2,636552.125,25262.4375,3968.63623046875
2013,79,3,0,1,163345.6875,6177.56591796875,3781.897216796875
2013,79,3,0,2,114681.90625,3383.561767578125,2950.388427734375
2013,80,0,0,1,541617,31636,5841.02783203125
2013,80,0,0,2,734473,31091,4233.10302734375
2013,80,1,0,1,399581.78125,24870.525390625,6224.13916015625
2013,80,1,0,2,620836.0625,27519.283203125,4432.61669921875
2013,80,3,0,1,142035.234375,6765.47509765625,4763.2373046875
2013,80,3,0,2,113636.984375,3571.716552734375,3143.093505859375
2013,81,0,0,1,508906,33025,6489.41064453125
2013,81,0,0,2,708631,33263,4693.98046875
2013,81,1,0,1,365310.53125,25656.9375,7023.32275390625
2013,81,1,0,2,601914.6875,29183.25,4848.40283203125
2013,81,3,0,1,143595.46875,7368.0625,5131.12451171875
2013,81,3,0,2,106716.2890625,4079.75,3822.987060546875
2013,82,0,0,1,475562,34661,7288.42919921875
2013,82,0,0,2,682711,35797,5243.36083984375
2013,82,1,0,1,339270.53125,26835.8984375,7909.8818359375
2013,82,1,0,2,572963,31489.701171875,5495.93994140625
2013,82,3,0,1,136291.453125,7825.10205078125,5741.447265625
2013,82,3,0,2,109748.03125,4307.29931640625,3924.716796875
2013,83,0,0,1,445788,34784,7802.81201171875
2013,83,0,0,2,663003,38500,5806.912109375
2013,83,1,0,1,331059.1875,27239.439453125,8227.966796875
2013,83,1,0,2,563362.125,33804.703125,6000.5283203125
2013,83,3,0,1,114728.8203125,7544.56103515625,6575.99462890625
2013,83,3,0,2,99640.90625,4695.29541015625,4712.216796875
2013,84,0,0,1,393067,35068,8921.6337890625
2013,84,0,0,2,604842,39874,6592.46533203125
2013,84,1,0,1,289032.3125,27345.9609375,9461.2119140625
2013,84,1,0,2,517077.1875,35045.25390625,6777.5673828125
2013,84,3,0,1,104034.71875,7722.0380859375,7422.55859375
2013,84,3,0,2,87764.8203125,4828.74609375,5501.91552734375
2014,25,0,0,1,2293548,3112,135.6849670410156
2014,25,0,0,2,2208475,1139,51.57405090332031
2014,25,1,0,1,1686799.375,2867.167724609375,169.976806640625
2014,25,1,0,2,1452856,1008.510681152344,69.41573333740234
2014,25,3,0,1,606748.6875,244.8322448730469,40.35150909423828
2014,25,3,0,2,755619,130.4893493652344,17.26919937133789
2014,26,0,0,1,2236677,3099,138.5537567138672
2014,26,0,0,2,2161337,1242,57.46443176269531
2014,26,1,0,1,1603734.75,2834.43896484375,176.7398834228516
2014,26,1,0,2,1377399.25,1091.331176757813,79.23128509521484
2014,26,3,0,1,632942.25,264.5610961914063,41.79861450195313
2014,26,3,0,2,783937.6875,150.6688537597656,19.2194938659668
2014,27,0,0,1,2197381,3034,138.0734558105469
2014,27,0,0,2,2128389,1201,56.42765426635742
2014,27,1,0,1,1570979.125,2748.07861328125,174.9277648925781
2014,27,1,0,2,1342175.625,1026.69384765625,76.49474334716797
2014,27,3,0,1,626402,285.9214172363281,45.64503479003906
2014,27,3,0,2,786213.375,174.3062133789063,22.17034530639648
2014,28,0,0,1,2204570,3165,143.5654144287109
2014,28,0,0,2,2141760,1312,61.25802993774414
2014,28,1,0,1,1563101,2858.5458984375,182.8766021728516
2014,28,1,0,2,1348859.875,1146.231079101563,84.97777557373047
2014,28,3,0,1,641469.0625,306.4539794921875,47.77377319335938
2014,28,3,0,2,792900.0625,165.7688751220703,20.90665435791016
2014,29,0,0,1,2215778,3209,144.8249816894531
2014,29,0,0,2,2167578,1412,65.14183044433594
2014,29,1,0,1,1559197.375,2911.216064453125,186.7124786376953
2014,29,1,0,2,1334595.5,1197.570190429688,89.73281860351563
2014,29,3,0,1,656580.5,297.7839050292969,45.35375213623047
2014,29,3,0,2,832982.5625,214.4297943115234,25.74241065979004
2014,30,0,0,1,2138487,3153,147.4406890869141
2014,30,0,0,2,2109740,1367,64.79471588134766
2014,30,1,0,1,1491509.5,2850.976806640625,191.1470794677734
2014,30,1,0,2,1284190.625,1163.920166015625,90.63452911376953
2014,30,3,0,1,646977.5625,302.0231323242188,46.68216323852539
2014,30,3,0,2,825549.4375,203.0798187255859,24.59935188293457
2014,31,0,0,1,2168145,3423,157.8768920898438
2014,31,0,0,2,2147676,1518,70.68105316162109
2014,31,1,0,1,1499167.375,3091.282470703125,206.199951171875
2014,31,1,0,2,1313647.375,1312.837524414063,99.9383544921875
2014,31,3,0,1,668977.5,331.7175903320313,49.58576202392578
2014,31,3,0,2,834028.5625,205.1624450683594,24.59897041320801
2014,32,0,0,1,2163823,3368,155.6504364013672
2014,32,0,0,2,2151876,1651,76.7237548828125
2014,32,1,0,1,1500141.125,3025.731689453125,201.6964721679688
2014,32,1,0,2,1317860,1374.477783203125,104.2961883544922
2014,32,3,0,1,663681.8125,342.2681884765625,51.57112503051758
2014,32,3,0,2,834016.125,276.5221557617188,33.15549087524414
2014,33,0,0,1,2137089,3441,161.0134124755859
2014,33,0,0,2,2132757,1779,83.41316223144531
2014,33,1,0,1,1479501.875,3061.829345703125,206.9500122070313
2014,33,1,0,2,1321904.875,1487.559692382813,112.5315246582031
2014,33,3,0,1,657587.125,379.1707458496094,57.66091537475586
2014,33,3,0,2,810852.1875,291.4402770996094,35.94246673583984
2014,34,0,0,1,2188226,3693,168.766845703125
2014,34,0,0,2,2167491,1859,85.76737213134766
2014,34,1,0,1,1532054.625,3326.542236328125,217.1294860839844
2014,34,1,0,2,1360953.125,1551.7021484375,114.0158386230469
2014,34,3,0,1,656171.375,366.4576721191406,55.84785842895508
2014,34,3,0,2,806537.9375,307.2978820800781,38.10086059570313
2014,35,0,0,1,2043201,3592,175.8025817871094
2014,35,0,0,2,2042751,2027,99.22893524169922
2014,35,1,0,1,1426385.875,3227.021240234375,226.2376098632813
2014,35,1,0,2,1290124.125,1681.54638671875,130.3398895263672
2014,35,3,0,1,616815.125,364.9788208007813,59.1715087890625
2014,35,3,0,2,752626.875,345.4536437988281,45.89972305297852
2014,36,0,0,1,2000888,3658,182.8188323974609
2014,36,0,0,2,2005442,1978,98.63162231445313
2014,36,1,0,1,1373786.125,3251.102294921875,236.6527252197266
2014,36,1,0,2,1258387.25,1653.771118164063,131.4198913574219
2014,36,3,0,1,627101.875,406.8976745605469,64.88542175292969
2014,36,3,0,2,747054.8125,324.2288513183594,43.40094375610352
2014,37,0,0,1,1974933,3653,184.9683074951172
2014,37,0,0,2,1991564,2191,110.0140380859375
2014,37,1,0,1,1364673,3266.712646484375,239.376953125
2014,37,1,0,2,1244815.75,1807.322631835938,145.1879577636719
2014,37,3,0,1,610260,386.2872619628906,63.29880142211914
2014,37,3,0,2,746748.25,383.6774291992188,51.37975692749023
2014,38,0,0,1,1917835,3640,189.7973480224609
2014,38,0,0,2,1933107,2243,116.0308227539063
2014,38,1,0,1,1318320.75,3232.16552734375,245.1729278564453
2014,38,1,0,2,1216695.875,1897.923095703125,155.9899291992188
2014,38,3,0,1,599514.3125,407.8345947265625,68.02749633789063
2014,38,3,0,2,716411.125,345.0769348144531,48.16744613647461
2014,39,0,0,1,1981213,3957,199.7261199951172
2014,39,0,0,2,1990284,2386,119.8823852539063
2014,39,1,0,1,1375740.25,3532.01904296875,256.7359008789063
2014,39,1,0,2,1254820.625,1979.548828125,157.7555236816406
2014,39,3,0,1,605472.8125,424.9809875488281,70.18993377685547
2014,39,3,0,2,735463.25,406.4511413574219,55.26464462280273
2014,40,0,0,1,1911625,4093,214.1110382080078
2014,40,0,0,2,1936462,2530,130.650634765625
2014,40,1,0,1,1330930.375,3603.100341796875,270.7204284667969
2014,40,1,0,2,1250576.125,2082.21240234375,166.5002593994141
2014,40,3,0,1,580694.6875,489.8996887207031,84.36441802978516
2014,40,3,0,2,685885.875,447.78759765625,65.28601837158203
2014,41,0,0,1,1935214,4623,238.8883056640625
2014,41,0,0,2,1972856,2930,148.5156555175781
2014,41,1,0,1,1329648.875,4084.328857421875,307.1734924316406
2014,41,1,0,2,1247741.875,2475.55517578125,198.40283203125
2014,41,3,0,1,605565.0625,538.671142578125,88.95346832275391
2014,41,3,0,2,725114.3125,454.44482421875,62.67216491699219
2014,42,0,0,1,2026315,4938,243.693603515625
2014,42,0,0,2,2059794,3306,160.5014801025391
2014,42,1,0,1,1406394.25,4289.33837890625,304.9883422851563
2014,42,1,0,2,1332085.75,2749.424072265625,206.3999328613281
2014,42,3,0,1,619920.6875,648.6615600585938,104.6362152099609
2014,42,3,0,2,727708.25,556.5758666992188,76.48338317871094
2014,43,0,0,1,2141952,5576,260.3233032226563
2014,43,0,0,2,2179679,3658,167.8228759765625
2014,43,1,0,1,1470291,4868.29248046875,331.1108093261719
2014,43,1,0,2,1398973.25,3040.03271484375,217.3045654296875
2014,43,3,0,1,671660.9375,707.7073974609375,105.3667678833008
2014,43,3,0,2,780705.875,617.9672241210938,79.15493774414063
2014,44,0,0,1,2178426,5963,273.729736328125
2014,44,0,0,2,2199325,4054,184.3292846679688
2014,44,1,0,1,1484366.375,5191.83447265625,349.7677307128906
2014,44,1,0,2,1422747.625,3305.256103515625,232.3150024414063
2014,44,3,0,1,694059.5625,771.1656494140625,111.1094360351563
2014,44,3,0,2,776577.5,748.7437744140625,96.41584777832031
2014,45,0,0,1,2060846,6376,309.3875122070313
2014,45,0,0,2,2088943,4180,200.1011962890625
2014,45,1,0,1,1415971.125,5541.193359375,391.335205078125
2014,45,1,0,2,1376778.5,3500.151123046875,254.2276153564453
2014,45,3,0,1,644874.875,834.806396484375,129.4524536132813
2014,45,3,0,2,712164.5,679.8488159179688,95.46232604980469
2014,46,0,0,1,2016231,6863,340.3875732421875
2014,46,0,0,2,2048239,4501,219.7497406005859
2014,46,1,0,1,1402243.375,5970.185546875,425.7595825195313
2014,46,1,0,2,1355309.75,3836.566650390625,283.0767517089844
2014,46,3,0,1,613987.5625,892.8145751953125,145.4124908447266
2014,46,3,0,2,692929.25,664.433349609375,95.88761901855469
2014,47,0,0,1,2013213,7625,378.747802734375
2014,47,0,0,2,2057526,4929,239.5595550537109
2014,47,1,0,1,1405565.375,6732.22216796875,478.968994140625
2014,47,1,0,2,1374854,4168.578125,303.2015075683594
2014,47,3,0,1,607647.6875,892.7779541015625,146.9236145019531
2014,47,3,0,2,682671.875,760.4219360351563,111.3890838623047
2014,48,0,0,1,2052376,8591,418.5880126953125
2014,48,0,0,2,2095569,5640,269.1393127441406
2014,48,1,0,1,1464703.125,7543.81787109375,515.040771484375
2014,48,1,0,2,1449912.125,4821.060546875,332.507080078125
2014,48,3,0,1,587672.875,1047.18212890625,178.1913299560547
2014,48,3,0,2,645656.9375,818.9393920898438,126.8381652832031
2014,49,0,0,1,2174363,9826,451.9024658203125
2014,49,0,0,2,2224747,6485,291.4938049316406
2014,49,1,0,1,1556162.5,8610.486328125,553.3153686523438
2014,49,1,0,2,1561041.625,5505.88232421875,352.7056579589844
2014,49,3,0,1,618200.5625,1215.513305664063,196.6211853027344
2014,49,3,0,2,663705.375,979.1178588867188,147.5229644775391
2014,50,0,0,1,2205872,11064,501.5703430175781
2014,50,0,0,2,2275340,7206,316.6999206542969
2014,50,1,0,1,1589074.5,9692.7021484375,609.9589233398438
2014,50,1,0,2,1610089,6143.42041015625,381.5578002929688
2014,50,3,0,1,616797.5,1371.298217773438,222.3255157470703
2014,50,3,0,2,665250.9375,1062.579711914063,159.7261505126953
2014,51,0,0,1,2199644,12268,557.7266235351563
2014,51,0,0,2,2278579,8153,357.8107299804688
2014,51,1,0,1,1548630.125,10836.1337890625,699.7238159179688
2014,51,1,0,2,1602104,6917.32666015625,431.76513671875
2014,51,3,0,1,651013.875,1431.866333007813,219.9440612792969
2014,51,3,0,2,676475,1235.673217773438,182.6635437011719
2014,52,0,0,1,2192495,13248,604.2431030273438
2014,52,0,0,2,2277097,8708,382.416748046875
2014,52,1,0,1,1585936.625,11688.9892578125,737.0401000976563
2014,52,1,0,2,1622561.75,7451.7939453125,459.2610473632813
2014,52,3,0,1,606558.5,1559.010864257813,257.025634765625
2014,52,3,0,2,654535.3125,1256.2060546875,191.92333984375
2014,53,0,0,1,2214176,14762,666.7039794921875
2014,53,0,0,2,2310893,9584,414.7314453125
2014,53,1,0,1,1610342.125,13136.26953125,815.7440185546875
2014,53,1,0,2,1639541,8185.61181640625,499.2623901367188
2014,53,3,0,1,603833.875,1625.730224609375,269.2346801757813
2014,53,3,0,2,671352.125,1398.388061523438,208.2942810058594
2014,54,0,0,1,2237870,15754,703.9729614257813
2014,54,0,0,2,2327063,10154,436.3440246582031
2014,54,1,0,1,1638019.5,13942.603515625,851.1866455078125
2014,54,1,0,2,1678739.125,8669.068359375,516.403564453125
2014,54,3,0,1,599850.5,1811.396118164063,301.974609375
2014,54,3,0,2,648323.875,1484.932006835938,229.0417022705078
2014,55,0,0,1,2153432,17023,790.5055541992188
2014,55,0,0,2,2258619,11028,488.2629699707031
2014,55,1,0,1,1569801,15066.9248046875,959.7984008789063
2014,55,1,0,2,1640488.875,9380.4775390625,571.8098754882813
2014,55,3,0,1,583631.0625,1956.074951171875,335.1560668945313
2014,55,3,0,2,618130.25,1647.522216796875,266.5331726074219
2014,56,0,0,1,2135769,18230,853.5567016601563
2014,56,0,0,2,2250203,11703,520.08642578125
2014,56,1,0,1,1549646,16034.07421875,1034.692749023438
2014,56,1,0,2,1613618.125,9928.83203125,615.3148803710938
2014,56,3,0,1,586123,2195.92626953125,374.6528015136719
2014,56,3,0,2,636584.9375,1774.168334960938,278.7009582519531
2014,57,0,0,1,2104858,19492,926.0482177734375
2014,57,0,0,2,2232528,12409,555.8272705078125
2014,57,1,0,1,1518730.375,17207.2578125,1133.002807617188
2014,57,1,0,2,1595594,10498.1201171875,657.9443359375
2014,57,3,0,1,586127.5625,2284.742431640625,389.8029479980469
2014,57,3,0,2,636934,1910.880004882813,300.0122375488281
2014,58,0,0,1,2022937,20199,998.4987182617188
2014,58,0,0,2,2159320,12721,589.1206665039063
2014,58,1,0,1,1451314.125,17532.3359375,1208.03173828125
2014,58,1,0,2,1537821.75,10807.4638671875,702.7774047851563
2014,58,3,0,1,571622.9375,2666.6640625,466.5075378417969
2014,58,3,0,2,621498.3125,1913.535888671875,307.8907470703125
2014,59,0,0,1,2002641,21048,1051.012084960938
2014,59,0,0,2,2144625,13317,620.9476928710938
2014,59,1,0,1,1426879.375,18080.603515625,1267.14306640625
2014,59,1,0,2,1552135.875,11177.4404296875,720.1328735351563
2014,59,3,0,1,575761.5625,2967.39599609375,515.3862915039063
2014,59,3,0,2,592489.1875,2139.559326171875,361.1136474609375
2014,60,0,0,1,1909900,21923,1147.861083984375
2014,60,0,0,2,2067832,13950,674.61962890625
2014,60,1,0,1,1329790,18701.333984375,1406.33740234375
2014,60,1,0,2,1472187.875,11599.966796875,787.940673828125
2014,60,3,0,1,580110,3221.6669921875,555.3544921875
2014,60,3,0,2,595644.125,2350.032958984375,394.5364074707031
2014,61,0,0,1,1832858,22921,1250.560546875
2014,61,0,0,2,1994061,14487,726.5073852539063
2014,61,1,0,1,1271574.625,19423.7734375,1527.536987304688
2014,61,1,0,2,1403454.75,11961.265625,852.2730102539063
2014,61,3,0,1,561283.3125,3497.226806640625,623.076904296875
2014,61,3,0,2,590606.1875,2525.734375,427.6511840820313
2014,62,0,0,1,1759258,23310,1324.990478515625
2014,62,0,0,2,1919317,15106,787.05078125
2014,62,1,0,1,1188494,19411.748046875,1633.306396484375
2014,62,1,0,2,1352500.875,12498.216796875,924.0819702148438
2014,62,3,0,1,570764,3898.25244140625,682.9884643554688
2014,62,3,0,2,566816.0625,2607.783447265625,460.0757751464844
2014,63,0,0,1,1697523,23948,1410.761474609375
2014,63,0,0,2,1868203,15636,836.9540405273438
2014,63,1,0,1,1134111,19795.310546875,1745.447387695313
2014,63,1,0,2,1325778.875,12958.9794921875,977.4616088867188
2014,63,3,0,1,563411.875,4152.689453125,737.06103515625
2014,63,3,0,2,542424.125,2677.020263671875,493.5289916992188
2014,64,0,0,1,1657978,24104,1453.819091796875
2014,64,0,0,2,1824850,16253,890.6485595703125
2014,64,1,0,1,1101169.25,19625.48046875,1782.240112304688
2014,64,1,0,2,1294163.75,13524.103515625,1045.007080078125
2014,64,3,0,1,556808.6875,4478.51904296875,804.3191528320313
2014,64,3,0,2,530686.125,2728.896240234375,514.2203979492188
2014,65,0,0,1,1603988,25236,1573.328491210938
2014,65,0,0,2,1773658,17247,972.3971557617188
2014,65,1,0,1,1059849.5,20359.1015625,1920.942749023438
2014,65,1,0,2,1299538.125,14333.875,1102.997680664063
2014,65,3,0,1,544138.5,4876.89892578125,896.2605590820313
2014,65,3,0,2,474119.84375,2913.124755859375,614.4279174804688
2014,66,0,0,1,1586232,26739,1685.69287109375
2014,66,0,0,2,1755377,18776,1069.627807617188
2014,66,1,0,1,1025042.125,21241.5703125,2072.26318359375
2014,66,1,0,2,1279698.625,15590.4853515625,1218.29345703125
2014,66,3,0,1,561189.875,5497.4306640625,979.6026000976563
2014,66,3,0,2,475678.21875,3185.514404296875,669.6784057617188
2014,67,0,0,1,1651225,28743,1740.707641601563
2014,67,0,0,2,1829758,20820,1137.855346679688
2014,67,1,0,1,1076419,22763.421875,2114.736083984375
2014,67,1,0,2,1340486.25,17382.91796875,1296.762084960938
2014,67,3,0,1,574806.125,5979.57763671875,1040.27734375
2014,67,3,0,2,489271.8125,3437.08154296875,702.4891967773438
2014,68,0,0,1,1209280,24301,2009.542846679688
2014,68,0,0,2,1359031,17638,1297.83642578125
2014,68,1,0,1,803003.4375,19581.0234375,2438.47314453125
2014,68,1,0,2,1009531.5625,14899.03515625,1475.836547851563
2014,68,3,0,1,406276.59375,4719.97607421875,1161.76416015625
2014,68,3,0,2,349499.4375,2738.965087890625,783.6822509765625
2014,69,0,0,1,1185270,24783,2090.916015625
2014,69,0,0,2,1345951,18551,1378.281982421875
2014,69,1,0,1,801356.625,19895.748046875,2482.75830078125
2014,69,1,0,2,1018164.25,15788.7119140625,1550.703857421875
2014,69,3,0,1,383913.375,4887.2509765625,1273.0087890625
2014,69,3,0,2,327786.71875,2762.288330078125,842.7090454101563
2014,70,0,0,1,1146943,26678,2326.00927734375
2014,70,0,0,2,1315517,20463,1555.510131835938
2014,70,1,0,1,783968.8125,21498.2734375,2742.23583984375
2014,70,1,0,2,1012485.9375,17561.4921875,1734.492431640625
2014,70,3,0,1,362974.21875,5179.72607421875,1427.023193359375
2014,70,3,0,2,303031.03125,2901.508056640625,957.495361328125
2014,71,0,0,1,1167821,29102,2491.991455078125
2014,71,0,0,2,1349353,22721,1683.843994140625
2014,71,1,0,1,792533.875,23639.35546875,2982.756591796875
2014,71,1,0,2,1044182.5,19485.880859375,1866.137451171875
2014,71,3,0,1,375287.1875,5462.64404296875,1455.59033203125
2014,71,3,0,2,305170.5,3235.119384765625,1060.102294921875
2014,72,0,0,1,1009446,27953,2769.142578125
2014,72,0,0,2,1182567,22015,1861.628173828125
2014,72,1,0,1,694997.1875,22624.625,3255.35498046875
2014,72,1,0,2,942632.6875,19031.431640625,2018.9658203125
2014,72,3,0,1,314448.8125,5328.37451171875,1694.512573242188
2014,72,3,0,2,239934.34375,2983.569091796875,1243.494018554688
2014,73,0,0,1,911650,27479,3014.205078125
2014,73,0,0,2,1088328,22035,2024.665405273438
2014,73,1,0,1,641138.9375,22264.060546875,3472.57958984375
2014,73,1,0,2,862910.4375,19141.947265625,2218.300537109375
2014,73,3,0,1,270511.0625,5214.9404296875,1927.810424804688
2014,73,3,0,2,225417.59375,2893.053466796875,1283.419555664063
2014,74,0,0,1,856115,27634,3227.83740234375
2014,74,0,0,2,1031799,22627,2192.9658203125
2014,74,1,0,1,618189.625,22535.7890625,3645.44921875
2014,74,1,0,2,832674.625,19720.845703125,2368.37353515625
2014,74,3,0,1,237925.34375,5098.21044921875,2142.77734375
2014,74,3,0,2,199124.421875,2906.155029296875,1459.466918945313
2014,75,0,0,1,802083,28656,3572.697509765625
2014,75,0,0,2,969924,24000,2474.420654296875
2014,75,1,0,1,567742.4375,23276.99609375,4099.921875
2014,75,1,0,2,785504.25,20951.4453125,2667.260498046875
2014,75,3,0,1,234340.546875,5379.00439453125,2295.37939453125
2014,75,3,0,2,184419.71875,3048.55517578125,1653.052734375
2014,76,0,0,1,757206,29307,3870.4130859375
2014,76,0,0,2,935078,25278,2703.303955078125
2014,76,1,0,1,544908.625,23718.87890625,4352.81787109375
2014,76,1,0,2,765037.625,22071.5,2885.021484375
2014,76,3,0,1,212297.375,5588.12109375,2632.2138671875
2014,76,3,0,2,170040.359375,3206.5009765625,1885.729370117188
2014,77,0,0,1,688704,29653,4305.62353515625
2014,77,0,0,2,866344,26054,3007.350341796875
2014,77,1,0,1,500657.59375,23745.646484375,4742.8916015625
2014,77,1,0,2,722081.375,22792.298828125,3156.472412109375
2014,77,3,0,1,188046.390625,5907.35400390625,3141.434326171875
2014,77,3,0,2,144262.609375,3261.700439453125,2260.946533203125
2014,78,0,0,1,648218,30434,4695.025390625
2014,78,0,0,2,831333,27740,3336.8095703125
2014,78,1,0,1,463386.8125,24341.494140625,5252.95361328125
2014,78,1,0,2,694226.75,24306.017578125,3501.1640625
2014,78,3,0,1,184831.21875,6092.50634765625,3296.25390625
2014,78,3,0,2,137106.234375,3433.98291015625,2504.61474609375
2014,79,0,0,1,609889,31209,5117.16064453125
2014,79,0,0,2,802660,29741,3705.304931640625
2014,79,1,0,1,440955.5,24893.244140625,5645.29638671875
2014,79,1,0,2,666138.125,26098.271484375,3917.846923828125
2014,79,3,0,1,168933.484375,6315.75537109375,3738.604736328125
2014,79,3,0,2,136521.890625,3642.729248046875,2668.23828125
2014,80,0,0,1,539014,31140,5777.21533203125
2014,80,0,0,2,722998,30461,4213.1513671875
2014,80,1,0,1,388679.6875,24407.19140625,6279.51318359375
2014,80,1,0,2,602142.875,26871.01953125,4462.5654296875
2014,80,3,0,1,150334.328125,6732.8076171875,4478.55615234375
2014,80,3,0,2,120855.171875,3589.981201171875,2970.482177734375
2014,81,0,0,1,510281,32497,6368.45166015625
2014,81,0,0,2,703950,32751,4652.4609375
2014,81,1,0,1,360617.78125,25364.77734375,7033.701171875
2014,81,1,0,2,594790.6875,28719.591796875,4828.52099609375
2014,81,3,0,1,149663.21875,7132.2236328125,4765.51513671875
2014,81,3,0,2,109159.34375,4031.407958984375,3693.140625
2014,82,0,0,1,476217,33631,7062.11669921875
2014,82,0,0,2,675731,34962,5173.9521484375
2014,82,1,0,1,337786.65625,25939.587890625,7679.28125
2014,82,1,0,2,567795.0625,30749.4296875,5415.5859375
2014,82,3,0,1,138430.359375,7691.4130859375,5556.16064453125
2014,82,3,0,2,107935.890625,4212.5703125,3902.8447265625
2014,83,0,0,1,441560,34540,7822.2666015625
2014,83,0,0,2,647072,37073,5729.34716796875
2014,83,1,0,1,321599.40625,26627.5078125,8279.712890625
2014,83,1,0,2,547327.6875,32405.88671875,5920.7470703125
2014,83,3,0,1,119960.5859375,7912.4931640625,6595.91064453125
2014,83,3,0,2,99744.265625,4667.11328125,4679.0791015625
2014,84,0,0,1,410436,35363,8615.9599609375
2014,84,0,0,2,624134,40014,6411.123046875
2014,84,1,0,1,303577.90625,27220.224609375,8966.470703125
2014,84,1,0,2,523050.03125,34959.96484375,6683.8662109375
2014,84,3,0,1,106858.125,8142.77587890625,7620.1748046875
2014,84,3,0,2,101083.9921875,5054.03662109375,4999.8388671875
2015,25,0,0,1,2405454,3471,144.2970886230469
2015,25,0,0,2,2315028,1285,55.50688934326172
2015,25,1,0,1,1749886.5,3230.415283203125,184.6071319580078
2015,25,1,0,2,1503020.5,1140.283569335938,75.86613464355469
2015,25,3,0,1,655567.5625,240.584716796875,36.69869232177734
2015,25,3,0,2,812007.4375,144.7164611816406,17.82206153869629
2015,26,0,0,1,2308343,3296,142.7864074707031
2015,26,0,0,2,2226297,1260,56.59622192382813
2015,26,1,0,1,1647485.75,3032.93896484375,184.0950012207031
2015,26,1,0,2,1408790.5,1119.429931640625,79.46035766601563
2015,26,3,0,1,660857.3125,263.06103515625,39.80602645874023
2015,26,3,0,2,817506.5,140.5700378417969,17.19497489929199
2015,27,0,0,1,2251108,3412,151.5698089599609
2015,27,0,0,2,2178689,1327,60.90818786621094
2015,27,1,0,1,1580752.625,3100.884765625,196.1650848388672
2015,27,1,0,2,1358714,1153.508911132813,84.89710998535156
2015,27,3,0,1,670355.5625,311.1152648925781,46.41048431396484
2015,27,3,0,2,819974.9375,173.4910430908203,21.15809059143066
2015,28,0,0,1,2211453,3364,152.1171875
2015,28,0,0,2,2144315,1386,64.63602447509766
2015,28,1,0,1,1527607.25,3075.6279296875,201.3363037109375
2015,28,1,0,2,1310048.25,1202.846313476563,91.81694793701172
2015,28,3,0,1,683845.75,288.3721923828125,42.16918563842773
2015,28,3,0,2,834266.75,183.1536712646484,21.95384979248047
2015,29,0,0,1,2217929,3630,163.6661987304688
2015,29,0,0,2,2156246,1467,68.034912109375
2015,29,1,0,1,1529867.75,3319.822265625,217.0006103515625
2015,29,1,0,2,1323337,1263.622802734375,95.48760223388672
2015,29,3,0,1,688061.1875,310.1776733398438,45.0799560546875
2015,29,3,0,2,832909.0625,203.377197265625,24.41769599914551
2015,30,0,0,1,2228011,3506,157.3600921630859
2015,30,0,0,2,2181155,1601,73.40147399902344
2015,30,1,0,1,1537554.625,3157.66064453125,205.3690032958984
2015,30,1,0,2,1341257.625,1371.992309570313,102.2914810180664
2015,30,3,0,1,690456.375,348.3393859863281,50.45059967041016
2015,30,3,0,2,839897.4375,229.0076904296875,27.26614952087402
2015,31,0,0,1,2150105,3575,166.2709503173828
2015,31,0,0,2,2121628,1641,77.34626770019531
2015,31,1,0,1,1476097.125,3209.739501953125,217.4477233886719
2015,31,1,0,2,1300674.375,1383.08447265625,106.3359527587891
2015,31,3,0,1,674007.9375,365.260498046875,54.19231414794922
2015,31,3,0,2,820953.625,257.9154663085938,31.41656875610352
2015,32,0,0,1,2178643,3738,171.5746917724609
2015,32,0,0,2,2157939,1848,85.63726806640625
2015,32,1,0,1,1479599.875,3399.20849609375,229.7383575439453
2015,32,1,0,2,1307311.5,1569.773315429688,120.0764541625977
2015,32,3,0,1,699043.1875,338.7915344238281,48.46503448486328
2015,32,3,0,2,850627.375,278.2266540527344,32.70840454101563
2015,33,0,0,1,2172840,3832,176.3590545654297
2015,33,0,0,2,2161240,1926,89.11550903320313
2015,33,1,0,1,1484050.375,3420.76611328125,230.5020141601563
2015,33,1,0,2,1315961.625,1590.642211914063,120.8729934692383
2015,33,3,0,1,688789.625,411.2340087890625,59.70386123657227
2015,33,3,0,2,845278.3125,335.3578186035156,39.67424774169922
2015,34,0,0,1,2144864,3957,184.4872283935547
2015,34,0,0,2,2141493,1995,93.1593017578125
2015,34,1,0,1,1482396.375,3598.778564453125,242.7676239013672
2015,34,1,0,2,1310964.5,1682.443115234375,128.3362884521484
2015,34,3,0,1,662467.4375,358.2213439941406,54.07380294799805
2015,34,3,0,2,830528.4375,312.556884765625,37.63349533081055
2015,35,0,0,1,2194562,4026,183.4534606933594
2015,35,0,0,2,2175025,2064,94.89546203613281
2015,35,1,0,1,1532163,3607.00927734375,235.4194183349609
2015,35,1,0,2,1356407.875,1740.598754882813,128.3241424560547
2015,35,3,0,1,662399,418.9908447265625,63.25354385375977
2015,35,3,0,2,818617.1875,323.4011840820313,39.50579071044922
2015,36,0,0,1,2048178,3949,192.8055114746094
2015,36,0,0,2,2049160,2243,109.4594879150391
2015,36,1,0,1,1402820.625,3541.83349609375,252.4794311523438
2015,36,1,0,2,1260294,1901.965087890625,150.9143981933594
2015,36,3,0,1,645357.4375,407.1665344238281,63.09163284301758
2015,36,3,0,2,788866,341.034912109375,43.23103332519531
2015,37,0,0,1,2005183,4015,200.2310943603516
2015,37,0,0,2,2011281,2206,109.6813430786133
2015,37,1,0,1,1361912.625,3586.444091796875,263.3387756347656
2015,37,1,0,2,1241576.5,1848.887573242188,148.9145050048828
2015,37,3,0,1,643270.25,428.5558166503906,66.62142944335938
2015,37,3,0,2,769704.5625,357.1124572753906,46.39604187011719
2015,38,0,0,1,1978349,4058,205.1205291748047
2015,38,0,0,2,1996837,2387,119.5390472412109
2015,38,1,0,1,1356620.75,3604.932373046875,265.7288208007813
2015,38,1,0,2,1227106.875,1983.986572265625,161.6800079345703
2015,38,3,0,1,621728.25,453.0676574707031,72.87229919433594
2015,38,3,0,2,769730.125,403.0134582519531,52.35776138305664
2015,39,0,0,1,1920619,4142,215.6596374511719
2015,39,0,0,2,1937724,2327,120.0893402099609
2015,39,1,0,1,1331686.75,3655.98046875,274.5375671386719
2015,39,1,0,2,1200088.375,1945.693481445313,162.1291809082031
2015,39,3,0,1,588932.25,486.0194396972656,82.52552795410156
2015,39,3,0,2,737635.6875,381.3064575195313,51.69305801391602
2015,40,0,0,1,1983091,4282,215.925537109375
2015,40,0,0,2,1993876,2602,130.4995880126953
2015,40,1,0,1,1381153,3752.9619140625,271.7267456054688
2015,40,1,0,2,1266607.125,2177.24658203125,171.8959655761719
2015,40,3,0,1,601938,529.0382080078125,87.88915252685547
2015,40,3,0,2,727268.875,424.7533569335938,58.40389633178711
2015,41,0,0,1,1912805,4547,237.7137298583984
2015,41,0,0,2,1939628,2833,146.0589294433594
2015,41,1,0,1,1296053.25,3973.066650390625,306.5511779785156
2015,41,1,0,2,1215731.375,2367.046142578125,194.701416015625
2015,41,3,0,1,616751.6875,573.933349609375,93.05744171142578
2015,41,3,0,2,723896.625,465.9539489746094,64.36746978759766
2015,42,0,0,1,1935464,4933,254.8742828369141
2015,42,0,0,2,1975181,3182,161.0991668701172
2015,42,1,0,1,1331490.125,4332.90087890625,325.4174194335938
2015,42,1,0,2,1262926.125,2673.2529296875,211.6713562011719
2015,42,3,0,1,603973.9375,600.0990600585938,99.35843658447266
2015,42,3,0,2,712254.9375,508.7469787597656,71.42765045166016
2015,43,0,0,1,2025757,5401,266.6163940429688
2015,43,0,0,2,2060929,3488,169.2440643310547
2015,43,1,0,1,1402494.375,4765.95458984375,339.8198852539063
2015,43,1,0,2,1313600.25,2886.513671875,219.7406463623047
2015,43,3,0,1,623262.8125,635.0455322265625,101.8904876708984
2015,43,3,0,2,747328.75,601.4862060546875,80.48481750488281
2015,44,0,0,1,2140291,6317,295.1467895507813
2015,44,0,0,2,2180067,4086,187.4254302978516
2015,44,1,0,1,1460359.5,5502.404296875,376.7842407226563
2015,44,1,0,2,1389700.25,3415.8095703125,245.7947082519531
2015,44,3,0,1,679931.375,814.595947265625,119.8056106567383
2015,44,3,0,2,790366.6875,670.1904907226563,84.79488372802734
2015,45,0,0,1,2175121,6635,305.0404968261719
2015,45,0,0,2,2198840,4386,199.4688110351563
2015,45,1,0,1,1491696.625,5733.5,384.3609924316406
2015,45,1,0,2,1411496.5,3624.570556640625,256.7891845703125
2015,45,3,0,1,683424.3125,901.500244140625,131.9093017578125
2015,45,3,0,2,787343.5,761.4295043945313,96.70867919921875
2015,46,0,0,1,2056693,7135,346.9161376953125
2015,46,0,0,2,2087887,4655,222.9526824951172
2015,46,1,0,1,1407849.625,6234.27392578125,442.8224182128906
2015,46,1,0,2,1350391.875,3826.847900390625,283.387939453125
2015,46,3,0,1,648843.375,900.72607421875,138.8202667236328
2015,46,3,0,2,737495.1875,828.1521606445313,112.2925491333008
2015,47,0,0,1,2011534,7407,368.2264404296875
2015,47,0,0,2,2046627,4891,238.9785766601563
2015,47,1,0,1,1400637.375,6501.90771484375,464.2106323242188
2015,47,1,0,2,1347933.375,4119.9384765625,305.6485290527344
2015,47,3,0,1,610896.5,905.0921630859375,148.1580200195313
2015,47,3,0,2,698693.5625,771.0615234375,110.3576126098633
2015,48,0,0,1,2007604,8202,408.5466918945313
2015,48,0,0,2,2055039,5534,269.289306640625
2015,48,1,0,1,1401561.75,7247.1591796875,517.077392578125
2015,48,1,0,2,1387356.75,4690.44677734375,338.0851135253906
2015,48,3,0,1,606042.25,954.8409423828125,157.5535278320313
2015,48,3,0,2,667682.125,843.55322265625,126.3405456542969
2015,49,0,0,1,2045463,9428,460.9225463867188
2015,49,0,0,2,2092370,6104,291.7265930175781
2015,49,1,0,1,1454803.25,8272.3974609375,568.6265258789063
2015,49,1,0,2,1437134.125,5172.107421875,359.890380859375
2015,49,3,0,1,590659.75,1155.6025390625,195.6460571289063
2015,49,3,0,2,655235.9375,931.892578125,142.2224426269531
2015,50,0,0,1,2165544,10767,497.1960754394531
2015,50,0,0,2,2220181,7051,317.5867309570313
2015,50,1,0,1,1546900.375,9477.6328125,612.6854248046875
2015,50,1,0,2,1527204.875,6031.11572265625,394.9120178222656
2015,50,3,0,1,618643.5625,1289.367309570313,208.4184417724609
2015,50,3,0,2,692976.1875,1019.884216308594,147.1744995117188
2015,51,0,0,1,2195423,12164,554.061767578125
2015,51,0,0,2,2269811,7852,345.931884765625
2015,51,1,0,1,1577683.125,10754.1083984375,681.6392822265625
2015,51,1,0,2,1583706.75,6721.96142578125,424.44482421875
2015,51,3,0,1,617739.75,1409.891845703125,228.2339477539063
2015,51,3,0,2,686104.375,1130.038696289063,164.70361328125
2015,52,0,0,1,2188213,13209,603.6432495117188
2015,52,0,0,2,2272289,8731,384.2380981445313
2015,52,1,0,1,1568188.25,11664.6953125,743.8325805664063
2015,52,1,0,2,1592733.625,7483.56591796875,469.8567199707031
2015,52,3,0,1,620024.6875,1544.304443359375,249.0714416503906
2015,52,3,0,2,679555.3125,1247.43408203125,183.5662384033203
2015,53,0,0,1,2179737,14524,666.3189086914063
2015,53,0,0,2,2270192,9482,417.6739196777344
2015,53,1,0,1,1569882.75,12833.693359375,817.4937744140625
2015,53,1,0,2,1616786.75,8118.6904296875,502.1497497558594
2015,53,3,0,1,609854.3125,1690.306762695313,277.1656799316406
2015,53,3,0,2,653405.125,1363.309692382813,208.6469268798828
2015,54,0,0,1,2199599,16076,730.8604736328125
2015,54,0,0,2,2303265,10261,445.4980163574219
2015,54,1,0,1,1590765.125,14281.7099609375,897.7886962890625
2015,54,1,0,2,1636850.75,8753.0703125,534.7506713867188
2015,54,3,0,1,608834,1794.290405273438,294.7092895507813
2015,54,3,0,2,666414.25,1507.929931640625,226.2751617431641
2015,55,0,0,1,2221954,17123,770.6279907226563
2015,55,0,0,2,2318599,10922,471.0603332519531
2015,55,1,0,1,1629286.75,15147.26953125,929.6871337890625
2015,55,1,0,2,1669176.125,9377.169921875,561.7843017578125
2015,55,3,0,1,592667.0625,1975.730712890625,333.3626708984375
2015,55,3,0,2,649422.8125,1544.829956054688,237.8773803710938
2015,56,0,0,1,2136505,18224,852.9818725585938
2015,56,0,0,2,2249318,11834,526.1150512695313
2015,56,1,0,1,1548778.875,16113.8525390625,1040.423095703125
2015,56,1,0,2,1607051.625,10065.1611328125,626.312255859375
2015,56,3,0,1,587726,2110.1474609375,359.0359191894531
2015,56,3,0,2,642266.3125,1768.838623046875,275.4057922363281
2015,57,0,0,1,2117662,19693,929.940673828125
2015,57,0,0,2,2240108,12584,561.7586059570313
2015,57,1,0,1,1535063,17370.1015625,1131.556274414063
2015,57,1,0,2,1607108.5,10734.939453125,667.966064453125
2015,57,3,0,1,582598.875,2322.899169921875,398.7132873535156
2015,57,3,0,2,632999.375,1849.060546875,292.1109619140625
2015,58,0,0,1,2085597,20611,988.2542114257813
2015,58,0,0,2,2221691,13361,601.3887329101563
2015,58,1,0,1,1491866.75,18070.740234375,1211.283813476563
2015,58,1,0,2,1607649,11294.8232421875,702.5677490234375
2015,58,3,0,1,593730.375,2540.2587890625,427.8471984863281
2015,58,3,0,2,614042.0625,2066.177001953125,336.4878540039063
2015,59,0,0,1,2002834,21521,1074.52734375
2015,59,0,0,2,2148345,13716,638.4449462890625
2015,59,1,0,1,1427252.375,18621.119140625,1304.682983398438
2015,59,1,0,2,1524394.5,11530.1455078125,756.3754272460938
2015,59,3,0,1,575581.5625,2899.880615234375,503.8175048828125
2015,59,3,0,2,623950.3125,2185.85400390625,350.3250122070313
2015,60,0,0,1,1981423,22515,1136.304565429688
2015,60,0,0,2,2133026,14201,665.7677612304688
2015,60,1,0,1,1404968,19373.86328125,1378.9541015625
2015,60,1,0,2,1530320,11887.001953125,776.7657470703125
2015,60,3,0,1,576454.9375,3141.13671875,544.9058837890625
2015,60,3,0,2,602705.875,2313.99755859375,383.9347839355469
2015,61,0,0,1,1887794,23323,1235.463134765625
2015,61,0,0,2,2055592,14911,725.3871459960938
2015,61,1,0,1,1315000.5,19827.560546875,1507.798706054688
2015,61,1,0,2,1457565.75,12429.474609375,852.7556762695313
2015,61,3,0,1,572793.5,3495.439453125,610.2442626953125
2015,61,3,0,2,598026.3125,2481.52490234375,414.9524536132813
2015,62,0,0,1,1810263,24065,1329.364868164063
2015,62,0,0,2,1981229,15645,789.661376953125
2015,62,1,0,1,1245189.75,20275.759765625,1628.326904296875
2015,62,1,0,2,1388596,12913.5654296875,929.9728393554688
2015,62,3,0,1,565073.25,3789.240234375,670.5750732421875
2015,62,3,0,2,592632.875,2731.434814453125,460.8982849121094
2015,63,0,0,1,1735951,25306,1457.760009765625
2015,63,0,0,2,1905868,16212,850.6360473632813
2015,63,1,0,1,1179227,21005.833984375,1781.322387695313
2015,63,1,0,2,1349897.625,13343.458984375,988.4793090820313
2015,63,3,0,1,556723.9375,4300.16650390625,772.405517578125
2015,63,3,0,2,555970.4375,2868.54150390625,515.9521484375
2015,64,0,0,1,1673658,25245,1508.372680664063
2015,64,0,0,2,1854004,16773,904.6906127929688
2015,64,1,0,1,1106331.625,20934.62109375,1892.255493164063
2015,64,1,0,2,1317706.5,13812.751953125,1048.241943359375
2015,64,3,0,1,567326.3125,4310.37890625,759.7706909179688
2015,64,3,0,2,536297.5625,2960.248291015625,551.9786987304688
2015,65,0,0,1,1633701,25976,1590.009399414063
2015,65,0,0,2,1809548,17507,967.4791870117188
2015,65,1,0,1,1084590,21226.421875,1957.091796875
2015,65,1,0,2,1292540,14432.640625,1116.610717773438
2015,65,3,0,1,549111.0625,4749.57861328125,864.957763671875
2015,65,3,0,2,517007.9375,3074.359375,594.64453125
2015,66,0,0,1,1578771,26986,1709.304321289063
2015,66,0,0,2,1757288,18684,1063.229248046875
2015,66,1,0,1,1030176.6875,21654.51171875,2102.019287109375
2015,66,1,0,2,1279725.5,15484.7568359375,1210.006103515625
2015,66,3,0,1,548594.4375,5331.48779296875,971.8450317382813
2015,66,3,0,2,477562.53125,3199.24365234375,669.9109497070313
2015,67,0,0,1,1559379,28284,1813.798950195313
2015,67,0,0,2,1737442,20246,1165.2763671875
2015,67,1,0,1,1016040.5625,22544.3359375,2218.842041015625
2015,67,1,0,2,1266989.5,16772.396484375,1323.799194335938
2015,67,3,0,1,543338.4375,5739.6640625,1056.369995117188
2015,67,3,0,2,470452.5,3473.60400390625,738.3538208007813
2015,68,0,0,1,1621545,30528,1882.64892578125
2015,68,0,0,2,1809526,22174,1225.40380859375
2015,68,1,0,1,1034517.1875,24096.677734375,2329.26806640625
2015,68,1,0,2,1336834.625,18490.865234375,1383.182739257813
2015,68,3,0,1,587027.8125,6431.32177734375,1095.573608398438
2015,68,3,0,2,472691.4375,3683.135498046875,779.1838989257813
2015,69,0,0,1,1185337,25856,2181.320556640625
2015,69,0,0,2,1342483,19241,1433.23974609375
2015,69,1,0,1,780133.75,20533.912109375,2632.1015625
2015,69,1,0,2,997647.0625,16133.20703125,1617.125732421875
2015,69,3,0,1,405203.21875,5322.0888671875,1313.43701171875
2015,69,3,0,2,344835.90625,3107.792724609375,901.2381591796875
2015,70,0,0,1,1160063,26504,2284.70361328125
2015,70,0,0,2,1327735,20339,1531.85693359375
2015,70,1,0,1,783663.5,21206.765625,2706.106201171875
2015,70,1,0,2,1005989.1875,17276.173828125,1717.331909179688
2015,70,3,0,1,376399.5,5297.2333984375,1407.343383789063
2015,70,3,0,2,321745.84375,3062.826416015625,951.939697265625
2015,71,0,0,1,1120566,28756,2566.203125
2015,71,0,0,2,1295947,22047,1701.226928710938
2015,71,1,0,1,760532.3125,23011.298828125,3025.683349609375
2015,71,1,0,2,993976.1875,18779.12109375,1889.292846679688
2015,71,3,0,1,360033.6875,5744.70068359375,1595.600830078125
2015,71,3,0,2,301970.875,3267.879150390625,1082.18359375
2015,72,0,0,1,1138608,30898,2713.664306640625
2015,72,0,0,2,1327296,24821,1870.042602539063
2015,72,1,0,1,767092.6875,24838.580078125,3238.015380859375
2015,72,1,0,2,1022398.6875,21235.6875,2077.045654296875
2015,72,3,0,1,371515.28125,6059.419921875,1631.001586914063
2015,72,3,0,2,304897.34375,3585.3134765625,1175.908447265625
2015,73,0,0,1,981728,29580,3013.054443359375
2015,73,0,0,2,1161082,23855,2054.549072265625
2015,73,1,0,1,676194.625,23901.326171875,3534.681396484375
2015,73,1,0,2,900878.5,20502.912109375,2275.8798828125
2015,73,3,0,1,305533.34375,5678.6728515625,1858.60986328125
2015,73,3,0,2,260203.46875,3352.088134765625,1288.256469726563
2015,74,0,0,1,884319,28979,3276.98486328125
2015,74,0,0,2,1066298,23755,2227.80126953125
2015,74,1,0,1,619988.9375,23374.2109375,3770.101318359375
2015,74,1,0,2,846445.0625,20611.154296875,2435.025634765625
2015,74,3,0,1,264330,5604.78955078125,2120.3759765625
2015,74,3,0,2,219852.96875,3143.845458984375,1429.976318359375
2015,75,0,0,1,828018,29511,3564.052978515625
2015,75,0,0,2,1008617,24903,2469.0244140625
2015,75,1,0,1,582255.25,23908.876953125,4106.25341796875
2015,75,1,0,2,812640.5,21670.55859375,2666.6845703125
2015,75,3,0,1,245762.78125,5602.12353515625,2279.484130859375
2015,75,3,0,2,195976.546875,3232.44091796875,1649.40185546875
2015,76,0,0,1,773254,30203,3905.9609375
2015,76,0,0,2,945608,25854,2734.114013671875
2015,76,1,0,1,540718.5625,24383.31640625,4509.42822265625
2015,76,1,0,2,764026.0625,22434.412109375,2936.34130859375
2015,76,3,0,1,232535.4375,5819.68408203125,2502.70849609375
2015,76,3,0,2,181581.9375,3419.587890625,1883.220336914063
2015,77,0,0,1,727331,31079,4273.02001953125
2015,77,0,0,2,909007,27548,3030.559814453125
2015,77,1,0,1,526628.125,24859.84765625,4720.56982421875
2015,77,1,0,2,743130.0625,23997.044921875,3229.18505859375
2015,77,3,0,1,200702.875,6219.15283203125,3098.6865234375
2015,77,3,0,2,165876.9375,3550.954833984375,2140.71630859375
2015,78,0,0,1,658622,31046,4713.78125
2015,78,0,0,2,839498,28172,3355.81494140625
2015,78,1,0,1,470929.90625,24777.27734375,5261.3515625
2015,78,1,0,2,684453,24598.5,3593.891845703125
2015,78,3,0,1,187692.09375,6268.72314453125,3339.897216796875
2015,78,3,0,2,155044.96875,3573.5009765625,2304.81591796875
2015,79,0,0,1,616955,31880,5167.3134765625
2015,79,0,0,2,802640,30209,3763.704833984375
2015,79,1,0,1,440679,25344.349609375,5751.2041015625
2015,79,1,0,2,669038.25,26455.267578125,3954.223388671875
2015,79,3,0,1,176275.984375,6535.65087890625,3707.6240234375
2015,79,3,0,2,133601.765625,3753.731689453125,2809.642333984375
2015,80,0,0,1,577353,33120,5736.52490234375
2015,80,0,0,2,771774,32182,4169.87353515625
2015,80,1,0,1,420583.59375,26069.724609375,6198.46435546875
2015,80,1,0,2,642585.625,28140.869140625,4379.318359375
2015,80,3,0,1,156769.390625,7050.2763671875,4497.2275390625
2015,80,3,0,2,129188.3984375,4041.130615234375,3128.091064453125
2015,81,0,0,1,507126,32996,6506.4697265625
2015,81,0,0,2,691917,32253,4661.3974609375
2015,81,1,0,1,353664.75,25679.228515625,7260.8955078125
2015,81,1,0,2,577551.9375,28337.607421875,4906.50390625
2015,81,3,0,1,153461.25,7316.7724609375,4767.83056640625
2015,81,3,0,2,114365.0546875,3915.393310546875,3423.59228515625
2015,82,0,0,1,476964,33750,7076.005859375
2015,82,0,0,2,670275,35303,5266.94287109375
2015,82,1,0,1,346955.625,25960.091796875,7482.25146484375
2015,82,1,0,2,570859,30876.16015625,5408.71923828125
2015,82,3,0,1,130008.40625,7789.9091796875,5991.8505859375
2015,82,3,0,2,99416,4426.83935546875,4452.84375
2015,83,0,0,1,441480,34644,7847.2412109375
2015,83,0,0,2,639321,37496,5864.97216796875
2015,83,1,0,1,306573.65625,26441.513671875,8624.8486328125
2015,83,1,0,2,533359.25,32707.4140625,6132.34228515625
2015,83,3,0,1,134906.34375,8202.4873046875,6080.134765625
2015,83,3,0,2,105961.7421875,4788.58544921875,4519.16455078125
2015,84,0,0,1,405734,35617,8778.4111328125
2015,84,0,0,2,607842,39800,6547.75439453125
2015,84,1,0,1,290789.875,27160.931640625,9340.3984375
2015,84,1,0,2,508552.0625,34633.21875,6810.162109375
2015,84,3,0,1,114944.1328125,8456.068359375,7356.6767578125
2015,84,3,0,2,99289.9375,5166.783203125,5203.73291015625
2016,25,0,0,1,2430029,3924,161.4795532226563
2016,25,0,0,2,2330611,1379,59.16903305053711
2016,25,1,0,1,1766405.375,3638.232666015625,205.9681549072266
2016,25,1,0,2,1494536.75,1251.893920898438,83.76467895507813
2016,25,3,0,1,663623.625,285.7673645019531,43.06166076660156
2016,25,3,0,2,836074.25,127.106071472168,15.20272541046143
2016,26,0,0,1,2419331,3798,156.9855499267578
2016,26,0,0,2,2332732,1476,63.2734489440918
2016,26,1,0,1,1711751.625,3499.880615234375,204.4619445800781
2016,26,1,0,2,1455362,1310.429565429688,90.04148864746094
2016,26,3,0,1,707579.5,298.1193237304688,42.13227081298828
2016,26,3,0,2,877369.9375,165.5704498291016,18.87122535705566
2016,27,0,0,1,2321904,3927,169.1284332275391
2016,27,0,0,2,2243386,1536,68.46793365478516
2016,27,1,0,1,1631505,3593.70849609375,220.26953125
2016,27,1,0,2,1389062.25,1359.35498046875,97.86134338378906
2016,27,3,0,1,690399.0625,333.2915344238281,48.27519989013672
2016,27,3,0,2,854323.625,176.6450805664063,20.67659950256348
2016,28,0,0,1,2263961,4030,178.0066070556641
2016,28,0,0,2,2194360,1564,71.27362823486328
2016,28,1,0,1,1560647.875,3645.27685546875,233.5745849609375
2016,28,1,0,2,1344928.125,1361.1845703125,101.2087249755859
2016,28,3,0,1,703313,384.7231140136719,54.7015495300293
2016,28,3,0,2,849431.8125,202.8154907226563,23.87660598754883
2016,29,0,0,1,2223644,3832,172.3297424316406
2016,29,0,0,2,2158641,1587,73.51847839355469
2016,29,1,0,1,1511563.625,3461.748779296875,229.0177307128906
2016,29,1,0,2,1321361.875,1372.8408203125,103.8958969116211
2016,29,3,0,1,712080.4375,370.2513122558594,51.9957160949707
2016,29,3,0,2,837279.0625,214.1591339111328,25.57798767089844
2016,30,0,0,1,2229540,3960,177.6151123046875
2016,30,0,0,2,2169738,1725,79.502685546875
2016,30,1,0,1,1528142.75,3586.07275390625,234.668701171875
2016,30,1,0,2,1318411.375,1449.809326171875,109.9663848876953
2016,30,3,0,1,701397.3125,373.9272155761719,53.3117561340332
2016,30,3,0,2,851326.5625,275.1906127929688,32.32491683959961
2016,31,0,0,1,2238557,4011,179.1779327392578
2016,31,0,0,2,2192663,1907,86.97187042236328
2016,31,1,0,1,1511357.375,3598.2666015625,238.081787109375
2016,31,1,0,2,1307613,1640.386352539063,125.4489212036133
2016,31,3,0,1,727199.5,412.7334289550781,56.75656127929688
2016,31,3,0,2,885050.0625,266.6136474609375,30.12413215637207
2016,32,0,0,1,2159517,4147,192.0336761474609
2016,32,0,0,2,2131565,1977,92.74875640869141
2016,32,1,0,1,1443496.25,3705.894287109375,256.7304382324219
2016,32,1,0,2,1291886.75,1708.095825195313,132.2171478271484
2016,32,3,0,1,716020.6875,441.1056213378906,61.60515213012695
2016,32,3,0,2,839678.1875,268.9042358398438,32.02467727661133
2016,33,0,0,1,2186666,4219,192.942138671875
2016,33,0,0,2,2167260,2022,93.29753112792969
2016,33,1,0,1,1468473.75,3806.921142578125,259.2433776855469
2016,33,1,0,2,1295450.875,1701.8837890625,131.3738555908203
2016,33,3,0,1,718192.1875,412.0789489746094,57.37725448608398
2016,33,3,0,2,871809.1875,320.1162414550781,36.71861267089844
2016,34,0,0,1,2179705,4409,202.2750854492188
2016,34,0,0,2,2169706,2186,100.7509765625
2016,34,1,0,1,1463798.375,3952.966552734375,270.0485534667969
2016,34,1,0,2,1277636.875,1869.671752929688,146.3382720947266
2016,34,3,0,1,715906.5,456.0334167480469,63.70013809204102
2016,34,3,0,2,892069.0625,316.3282470703125,35.46006393432617
2016,35,0,0,1,2150464,4468,207.7691192626953
2016,35,0,0,2,2148684,2318,107.8799896240234
2016,35,1,0,1,1458155.25,3988.126220703125,273.5049133300781
2016,35,1,0,2,1302310.75,1945.536743164063,149.3911285400391
2016,35,3,0,1,692308.6875,479.8737487792969,69.31499481201172
2016,35,3,0,2,846373.1875,372.4632263183594,44.00697326660156
2016,36,0,0,1,2198549,4564,207.5914611816406
2016,36,0,0,2,2181283,2461,112.8235092163086
2016,36,1,0,1,1496310,4063.5703125,271.57275390625
2016,36,1,0,2,1321003.125,2065.936767578125,156.3915100097656
2016,36,3,0,1,702239,500.4296569824219,71.26201629638672
2016,36,3,0,2,860279.875,395.0632934570313,45.92264556884766
2016,37,0,0,1,2051368,4560,222.2906799316406
2016,37,0,0,2,2054718,2441,118.7997589111328
2016,37,1,0,1,1402890.875,4058.968017578125,289.328857421875
2016,37,1,0,2,1256744.25,2038.214721679688,162.1821441650391
2016,37,3,0,1,648477.125,501.0320434570313,77.26287078857422
2016,37,3,0,2,797973.8125,402.7852478027344,50.47599792480469
2016,38,0,0,1,2007943,4567,227.4467010498047
2016,38,0,0,2,2016438,2606,129.23779296875
2016,38,1,0,1,1374506,4082.790283203125,297.0369262695313
2016,38,1,0,2,1244319.375,2204.76513671875,177.1864318847656
2016,38,3,0,1,633437.0625,484.2095947265625,76.44162750244141
2016,38,3,0,2,772118.5625,401.2348327636719,51.9654426574707
2016,39,0,0,1,1980240,4650,234.8200225830078
2016,39,0,0,2,2001289,2642,132.0149230957031
2016,39,1,0,1,1357962.875,4083.497314453125,300.7075805664063
2016,39,1,0,2,1221316.125,2203.6865234375,180.4353942871094
2016,39,3,0,1,622277.0625,566.5026245117188,91.03704071044922
2016,39,3,0,2,779973,438.3134460449219,56.19597625732422
2016,40,0,0,1,1921928,4597,239.1869049072266
2016,40,0,0,2,1941252,2739,141.0945129394531
2016,40,1,0,1,1327194.25,4110.1630859375,309.6881408691406
2016,40,1,0,2,1206838.75,2277.427734375,188.7101898193359
2016,40,3,0,1,594733.8125,486.8368225097656,81.85793304443359
2016,40,3,0,2,734413.25,461.5722351074219,62.84911727905273
2016,41,0,0,1,1983519,4927,248.3969116210938
2016,41,0,0,2,1996945,2863,143.3690032958984
2016,41,1,0,1,1351644.875,4331.23828125,320.4420166015625
2016,41,1,0,2,1219464,2369.44921875,194.3025207519531
2016,41,3,0,1,631874.1875,595.7616577148438,94.28485107421875
2016,41,3,0,2,777481.0625,493.55078125,63.48074722290039
2016,42,0,0,1,1912705,4954,259.0049133300781
2016,42,0,0,2,1941945,3134,161.3845977783203
2016,42,1,0,1,1297087.875,4352.3408203125,335.547119140625
2016,42,1,0,2,1220103,2650.677001953125,217.2502593994141
2016,42,3,0,1,615617.1875,601.6591186523438,97.73267364501953
2016,42,3,0,2,721842,483.322998046875,66.95689392089844
2016,43,0,0,1,1934366,5708,295.0837707519531
2016,43,0,0,2,1976227,3495,176.8521575927734
2016,43,1,0,1,1318299.75,4986.5087890625,378.2530212402344
2016,43,1,0,2,1250443.875,2890.48681640625,231.1568603515625
2016,43,3,0,1,616066.125,721.4912109375,117.1126251220703
2016,43,3,0,2,725783.0625,604.5130615234375,83.29115295410156
2016,44,0,0,1,2023807,6220,307.341552734375
2016,44,0,0,2,2061451,3878,188.1199188232422
2016,44,1,0,1,1356543.5,5488.654296875,404.6058349609375
2016,44,1,0,2,1285875.125,3246.059814453125,252.4397430419922
2016,44,3,0,1,667263.5625,731.3458862304688,109.6037521362305
2016,44,3,0,2,775575.8125,631.9402465820313,81.48014068603516
2016,45,0,0,1,2136459,6937,324.6961364746094
2016,45,0,0,2,2179737,4549,208.6949005126953
2016,45,1,0,1,1462639.125,6023.216796875,411.8047180175781
2016,45,1,0,2,1392155.375,3787.95068359375,272.092529296875
2016,45,3,0,1,673819.8125,913.7830200195313,135.6123657226563
2016,45,3,0,2,787581.5625,761.0494384765625,96.63118743896484
2016,46,0,0,1,2170380,7499,345.5155334472656
2016,46,0,0,2,2197663,4860,221.1440124511719
2016,46,1,0,1,1470667.125,6570.30908203125,446.7570495605469
2016,46,1,0,2,1390111.625,4001.81396484375,287.8771667480469
2016,46,3,0,1,699712.9375,928.6908569335938,132.7245483398438
2016,46,3,0,2,807551.4375,858.18603515625,106.2701416015625
2016,47,0,0,1,2051606,7800,380.1899719238281
2016,47,0,0,2,2086209,4931,236.3617401123047
2016,47,1,0,1,1411422.125,6811.958984375,482.6308898925781
2016,47,1,0,2,1342128.75,4104.7734375,305.8405151367188
2016,47,3,0,1,640183.75,988.0408935546875,154.3370819091797
2016,47,3,0,2,744080.3125,826.2263793945313,111.0399475097656
2016,48,0,0,1,2005602,8380,417.8296508789063
2016,48,0,0,2,2044309,5386,263.4631042480469
2016,48,1,0,1,1384898.875,7310.43115234375,527.8674926757813
2016,48,1,0,2,1359453.625,4518.21044921875,332.3548889160156
2016,48,3,0,1,620703.1875,1069.56884765625,172.315673828125
2016,48,3,0,2,684855.375,867.7897338867188,126.7113876342773
2016,49,0,0,1,2000754,9153,457.4775390625
2016,49,0,0,2,2051959,6090,296.78955078125
2016,49,1,0,1,1383855.25,8082.1328125,584.0302124023438
2016,49,1,0,2,1372130.625,5109.77783203125,372.3973388671875
2016,49,3,0,1,616898.8125,1070.8671875,173.5887908935547
2016,49,3,0,2,679828.25,980.2222900390625,144.1867523193359
2016,50,0,0,1,2036876,10279,504.6453552246094
2016,50,0,0,2,2088279,6721,321.8439636230469
2016,50,1,0,1,1457620.5,9068.3193359375,622.1317138671875
2016,50,1,0,2,1431268.375,5724.353515625,399.94970703125
2016,50,3,0,1,579255.5625,1210.681030273438,209.0063781738281
2016,50,3,0,2,657010.5625,996.6463012695313,151.6941070556641
2016,51,0,0,1,2155255,11557,536.2242431640625
2016,51,0,0,2,2214916,7660,345.8370361328125
2016,51,1,0,1,1535077.25,10197.29296875,664.2853393554688
2016,51,1,0,2,1518569.875,6521.873046875,429.4746704101563
2016,51,3,0,1,620177.75,1359.70751953125,219.2448120117188
2016,51,3,0,2,696346.25,1138.126831054688,163.4426574707031
2016,52,0,0,1,2183985,13268,607.5133056640625
2016,52,0,0,2,2263807,8543,377.3731689453125
2016,52,1,0,1,1542771.75,11698.1689453125,758.256591796875
2016,52,1,0,2,1572218.375,7262.97802734375,461.9573364257813
2016,52,3,0,1,641213.375,1569.830810546875,244.8218994140625
2016,52,3,0,2,691588.5625,1280.022094726563,185.0843353271484
2016,53,0,0,1,2175310,14413,662.5722045898438
2016,53,0,0,2,2265449,9477,418.3276672363281
2016,53,1,0,1,1542654.75,12698.6328125,823.1675415039063
2016,53,1,0,2,1570205.375,8104.6865234375,516.154541015625
2016,53,3,0,1,632655.125,1714.366821289063,270.9796752929688
2016,53,3,0,2,695243.75,1372.313598632813,197.3859710693359
2016,54,0,0,1,2165344,15800,729.6762084960938
2016,54,0,0,2,2262688,10213,451.3658142089844
2016,54,1,0,1,1546859.5,13906.8837890625,899.0398559570313
2016,54,1,0,2,1582886.625,8750.0732421875,552.7921752929688
2016,54,3,0,1,618484.4375,1893.116088867188,306.0895385742188
2016,54,3,0,2,679801.5,1462.9267578125,215.1991119384766
2016,55,0,0,1,2183614,17335,793.867431640625
2016,55,0,0,2,2294639,11212,488.6171569824219
2016,55,1,0,1,1568018.375,15352.6796875,979.113525390625
2016,55,1,0,2,1633276.25,9606.650390625,588.1828002929688
2016,55,3,0,1,615595.6875,1982.3203125,322.0166015625
2016,55,3,0,2,661362.75,1605.349975585938,242.7336578369141
2016,56,0,0,1,2204850,18283,829.2174072265625
2016,56,0,0,2,2309101,11931,516.694580078125
2016,56,1,0,1,1594682.25,16181.4228515625,1014.71142578125
2016,56,1,0,2,1647796.25,10168.5126953125,617.0977172851563
2016,56,3,0,1,610167.6875,2101.5771484375,344.4261474609375
2016,56,3,0,2,661304.625,1762.487670898438,266.5167541503906
2016,57,0,0,1,2118381,19808,935.0537109375
2016,57,0,0,2,2239209,12662,565.467529296875
2016,57,1,0,1,1525951.5,17447.396484375,1143.378173828125
2016,57,1,0,2,1584265.5,10873.8125,686.363037109375
2016,57,3,0,1,592429.5,2360.60302734375,398.46142578125
2016,57,3,0,2,654943.5,1788.187866210938,273.0293273925781
2016,58,0,0,1,2098260,20868,994.538330078125
2016,58,0,0,2,2229263,13403,601.2301025390625
2016,58,1,0,1,1515301.375,18359.921875,1211.635009765625
2016,58,1,0,2,1591214.75,11414.84375,717.3666381835938
2016,58,3,0,1,582958.6875,2508.078857421875,430.2326965332031
2016,58,3,0,2,638048.25,1988.15576171875,311.599609375
2016,59,0,0,1,2064932,22356,1082.650634765625
2016,59,0,0,2,2210095,14288,646.488037109375
2016,59,1,0,1,1481427.5,19454.287109375,1313.212280273438
2016,59,1,0,2,1592053,12101.673828125,760.1300659179688
2016,59,3,0,1,583504.3125,2901.71240234375,497.2906494140625
2016,59,3,0,2,618042,2186.32568359375,353.7503356933594
2016,60,0,0,1,1981382,22875,1154.497192382813
2016,60,0,0,2,2136440,14892,697.0474243164063
2016,60,1,0,1,1418840.875,19827.82421875,1397.466430664063
2016,60,1,0,2,1526537.75,12512.171875,819.643798828125
2016,60,3,0,1,562541.1875,3047.17578125,541.6804809570313
2016,60,3,0,2,609902.25,2379.827880859375,390.1982421875
2016,61,0,0,1,1958678,24337,1242.521728515625
2016,61,0,0,2,2120410,15278,720.5210571289063
2016,61,1,0,1,1381230.375,20881.083984375,1511.774169921875
2016,61,1,0,2,1512548.125,12815.0859375,847.25146484375
2016,61,3,0,1,577447.625,3455.916015625,598.4813232421875
2016,61,3,0,2,607861.8125,2462.913818359375,405.1766052246094
2016,62,0,0,1,1864672,24890,1334.819213867188
2016,62,0,0,2,2042425,16291,797.6302490234375
2016,62,1,0,1,1285928.75,21051.953125,1637.10107421875
2016,62,1,0,2,1445407,13506.779296875,934.4620361328125
2016,62,3,0,1,578743.1875,3838.04736328125,663.1693115234375
2016,62,3,0,2,597017.9375,2784.220703125,466.3546142578125
2016,63,0,0,1,1786325,25337,1418.386962890625
2016,63,0,0,2,1967491,16695,848.5426635742188
2016,63,1,0,1,1224975.75,21287.2890625,1737.772338867188
2016,63,1,0,2,1391086.875,13696.111328125,984.5618896484375
2016,63,3,0,1,561349.25,4049.71142578125,721.424560546875
2016,63,3,0,2,576404.0625,2998.888427734375,520.275390625
2016,64,0,0,1,1711138,26295,1536.696655273438
2016,64,0,0,2,1891312,17409,920.47216796875
2016,64,1,0,1,1146545.625,21904.6015625,1910.486694335938
2016,64,1,0,2,1335318.75,14241.60546875,1066.5322265625
2016,64,3,0,1,564592.3125,4390.3974609375,777.6226196289063
2016,64,3,0,2,555993.1875,3167.394775390625,569.6823120117188
2016,65,0,0,1,1648673,26756,1622.880981445313
2016,65,0,0,2,1838605,17934,975.4134521484375
2016,65,1,0,1,1106699.625,22002.87109375,1988.151977539063
2016,65,1,0,2,1298283.875,14757.9228515625,1136.725463867188
2016,65,3,0,1,541973.4375,4753.12939453125,877.004150390625
2016,65,3,0,2,540321.125,3176.077392578125,587.8129272460938
2016,66,0,0,1,1608149,27052,1682.182495117188
2016,66,0,0,2,1793199,18641,1039.538818359375
2016,66,1,0,1,1040004.5625,21910.564453125,2106.77587890625
2016,66,1,0,2,1284428.125,15386.1572265625,1197.8994140625
2016,66,3,0,1,568144.4375,5141.43505859375,904.9520874023438
2016,66,3,0,2,508770.96875,3254.842529296875,639.74609375
2016,67,0,0,1,1552195,28132,1812.401123046875
2016,67,0,0,2,1739519,20160,1158.941040039063
2016,67,1,0,1,999901,22527.396484375,2252.962646484375
2016,67,1,0,2,1239177,16533.537109375,1334.2353515625
2016,67,3,0,1,552293.9375,5604.6025390625,1014.786193847656
2016,67,3,0,2,500342.09375,3626.46240234375,724.7965698242188
2016,68,0,0,1,1531196,29863,1950.305541992188
2016,68,0,0,2,1718216,21599,1257.059692382813
2016,68,1,0,1,978980.125,23691.498046875,2420.018310546875
2016,68,1,0,2,1242354.25,17928.53515625,1443.109741210938
2016,68,3,0,1,552215.875,6171.501953125,1117.588623046875
2016,68,3,0,2,475861.78125,3670.46484375,771.3300170898438
2016,69,0,0,1,1590002,32586,2049.431396484375
2016,69,0,0,2,1787702,23932,1338.701904296875
2016,69,1,0,1,1008311.875,25529.458984375,2531.901123046875
2016,69,1,0,2,1297327.875,19845.478515625,1529.719604492188
2016,69,3,0,1,581690.125,7056.54052734375,1213.10986328125
2016,69,3,0,2,490374.09375,4086.52099609375,833.34765625
2016,70,0,0,1,1160428,26854,2314.146240234375
2016,70,0,0,2,1324761,20393,1539.371948242188
2016,70,1,0,1,761267.3125,21379.689453125,2808.433837890625
2016,70,1,0,2,976579.9375,17172.25,1758.406982421875
2016,70,3,0,1,399160.6875,5474.3095703125,1371.455078125
2016,70,3,0,2,348181.09375,3220.75,925.021484375
2016,71,0,0,1,1134475,28167,2482.822509765625
2016,71,0,0,2,1308944,21484,1641.323120117188
2016,71,1,0,1,762657.125,22448.59375,2943.471435546875
2016,71,1,0,2,985969.25,18201.693359375,1846.071044921875
2016,71,3,0,1,371817.8125,5718.40625,1537.959228515625
2016,71,3,0,2,322974.71875,3282.305908203125,1016.273315429688
2016,72,0,0,1,1093524,29906,2734.827880859375
2016,72,0,0,2,1275746,23542,1845.351684570313
2016,72,1,0,1,740755.1875,23871.703125,3222.6171875
2016,72,1,0,2,977330.9375,19898.28125,2035.98193359375
2016,72,3,0,1,352768.8125,6034.2958984375,1710.552490234375
2016,72,3,0,2,298415.03125,3643.718994140625,1221.02392578125
2016,73,0,0,1,1108568,32437,2926.027099609375
2016,73,0,0,2,1304254,26233,2011.34130859375
2016,73,1,0,1,759010.375,25676.77734375,3382.928466796875
2016,73,1,0,2,1005184.0625,22290.02734375,2217.507080078125
2016,73,3,0,1,349557.59375,6760.22216796875,1933.9365234375
2016,73,3,0,2,299069.875,3942.971923828125,1318.41162109375
2016,74,0,0,1,953290,30989,3250.7421875
2016,74,0,0,2,1138535,25420,2232.69384765625
2016,74,1,0,1,655278.4375,24729.27734375,3773.85791015625
2016,74,1,0,2,890134,21696.58203125,2437.451171875
2016,74,3,0,1,298011.59375,6259.72265625,2100.496337890625
2016,74,3,0,2,248400.984375,3723.41845703125,1498.954833984375
2016,75,0,0,1,856260,30756,3591.899658203125
2016,75,0,0,2,1043323,25708,2464.050048828125
2016,75,1,0,1,598127.875,24505.560546875,4097.0439453125
2016,75,1,0,2,822607,22154.6640625,2693.225830078125
2016,75,3,0,1,258132.140625,6250.439453125,2421.410888671875
2016,75,3,0,2,220716.015625,3553.3359375,1609.9130859375
2016,76,0,0,1,799299,30677,3837.988037109375
2016,76,0,0,2,984420,25901,2631.092529296875
2016,76,1,0,1,564553.8125,24485.8359375,4337.201171875
2016,76,1,0,2,793796.8125,22412.76953125,2823.489501953125
2016,76,3,0,1,234745.15625,6191.16357421875,2637.397705078125
2016,76,3,0,2,190623.203125,3488.23095703125,1829.908935546875
2016,77,0,0,1,743766,31459,4229.6904296875
2016,77,0,0,2,920274,27585,2997.476806640625
2016,77,1,0,1,528522.125,25189.626953125,4766.0498046875
2016,77,1,0,2,735130.625,23773.7265625,3233.94580078125
2016,77,3,0,1,215243.84375,6269.373046875,2912.68408203125
2016,77,3,0,2,185143.390625,3811.272705078125,2058.5517578125
2016,78,0,0,1,696684,31783,4562.03955078125
2016,78,0,0,2,882037,28945,3281.6083984375
2016,78,1,0,1,485944.46875,25254.98046875,5197.091796875
2016,78,1,0,2,713023.375,25048.55859375,3513.006591796875
2016,78,3,0,1,210739.546875,6528.0205078125,3097.67236328125
2016,78,3,0,2,169013.671875,3896.4423828125,2305.400634765625
2016,79,0,0,1,627911,32176,5124.29296875
2016,79,0,0,2,811691,29905,3684.28369140625
2016,79,1,0,1,441042.34375,25462.0703125,5773.15771484375
2016,79,1,0,2,666925.4375,25912.12890625,3885.311279296875
2016,79,3,0,1,186868.671875,6713.9296875,3592.85986328125
2016,79,3,0,2,144765.578125,3992.87060546875,2758.1630859375
2016,80,0,0,1,585150,33035,5645.56103515625
2016,80,0,0,2,772920,31952,4133.93359375
2016,80,1,0,1,417605.3125,25975.708984375,6220.15771484375
2016,80,1,0,2,635719.125,27722.07421875,4360.74267578125
2016,80,3,0,1,167544.71875,7059.29150390625,4213.37744140625
2016,80,3,0,2,137200.90625,4229.9248046875,3083.01513671875
2016,81,0,0,1,544430,33672,6184.8173828125
2016,81,0,0,2,740040,33568,4535.97119140625
2016,81,1,0,1,390018.53125,26137.498046875,6701.60400390625
2016,81,1,0,2,609545.6875,29216.123046875,4793.09814453125
2016,81,3,0,1,154411.453125,7534.50244140625,4879.4970703125
2016,81,3,0,2,130494.3046875,4351.87646484375,3334.916748046875
2016,82,0,0,1,474935,32898,6926.8427734375
2016,82,0,0,2,659951,34222,5185.53662109375
2016,82,1,0,1,335639.21875,25310.51953125,7540.98974609375
2016,82,1,0,2,553658.125,29910.6953125,5402.37646484375
2016,82,3,0,1,139295.796875,7587.47998046875,5447.02734375
2016,82,3,0,2,106292.875,4311.3056640625,4056.062744140625
2016,83,0,0,1,443433,33700,7599.79541015625
2016,83,0,0,2,635627,36058,5672.82373046875
2016,83,1,0,1,313006.25,25489.958984375,8143.59423828125
2016,83,1,0,2,525390.4375,31391.921875,5974.97021484375
2016,83,3,0,1,130426.75,8210.0400390625,6294.75146484375
2016,83,3,0,2,110236.5703125,4666.0791015625,4232.787109375
2016,84,0,0,1,406835,34663,8520.162109375
2016,84,0,0,2,602054,38253,6353.7490234375
2016,84,1,0,1,288286.21875,26114.111328125,9058.3974609375
2016,84,1,0,2,509450,33344.1953125,6545.13623046875
2016,84,3,0,1,118548.7890625,8548.888671875,7211.283203125
2016,84,3,0,2,92603.9921875,4908.80419921875,5300.85595703125
2017,25,0,0,1,2410032,3851,159.7904052734375
2017,25,0,0,2,2291364,1413,61.66632461547852
2017,25,1,0,1,1740042.25,3566.076416015625,204.9419403076172
2017,25,1,0,2,1447313.625,1276.291015625,88.18344879150391
2017,25,3,0,1,669989.625,284.9236450195313,42.52657699584961
2017,25,3,0,2,844050.3125,136.7090301513672,16.19678688049316
2017,26,0,0,1,2441090,4102,168.0396881103516
2017,26,0,0,2,2346583,1413,60.21521377563477
2017,26,1,0,1,1728414,3825.64208984375,221.3383026123047
2017,26,1,0,2,1476176.25,1251.083251953125,84.75161743164063
2017,26,3,0,1,712675.9375,276.3580017089844,38.77751159667969
2017,26,3,0,2,870406.875,161.9167327880859,18.60241889953613
2017,27,0,0,1,2429709,4147,170.6788787841797
2017,27,0,0,2,2348170,1665,70.90628051757813
2017,27,1,0,1,1693518.625,3833.59912109375,226.3688812255859
2017,27,1,0,2,1429348.75,1478.431274414063,103.4339065551758
2017,27,3,0,1,736190.4375,313.4007873535156,42.57061386108398
2017,27,3,0,2,918821.1875,186.5687408447266,20.30522918701172
2017,28,0,0,1,2331697,4170,178.8397064208984
2017,28,0,0,2,2257206,1745,77.30796051025391
2017,28,1,0,1,1607122,3821.067138671875,237.7583770751953
2017,28,1,0,2,1361243.125,1524.982666015625,112.028678894043
2017,28,3,0,1,724574.9375,348.9328308105469,48.15689849853516
2017,28,3,0,2,895962.9375,220.0173492431641,24.5565242767334
2017,29,0,0,1,2273373,4115,181.0085754394531
2017,29,0,0,2,2206951,1655,74.99033355712891
2017,29,1,0,1,1527942.625,3720.06494140625,243.4688873291016
2017,29,1,0,2,1329702.25,1446.614990234375,108.7923965454102
2017,29,3,0,1,745430.3125,394.9349670410156,52.98080444335938
2017,29,3,0,2,877248.8125,208.3850402832031,23.7543830871582
2017,30,0,0,1,2232572,4033,180.6436767578125
2017,30,0,0,2,2170287,1786,82.29326629638672
2017,30,1,0,1,1512100.375,3623.53271484375,239.6357269287109
2017,30,1,0,2,1298190.375,1512.395751953125,116.5003051757813
2017,30,3,0,1,720471.625,409.46728515625,56.83322906494141
2017,30,3,0,2,872096.6875,273.6043090820313,31.3731632232666
2017,31,0,0,1,2237945,4244,189.6382598876953
2017,31,0,0,2,2179551,1916,87.90801239013672
2017,31,1,0,1,1495936.25,3813.024169921875,254.8921508789063
2017,31,1,0,2,1268938.5,1645.755981445313,129.6954956054688
2017,31,3,0,1,742008.6875,430.9759216308594,58.08232879638672
2017,31,3,0,2,910612.5625,270.2440490722656,29.67717170715332
2017,32,0,0,1,2245784,4432,197.3475646972656
2017,32,0,0,2,2200928,2028,92.14295196533203
2017,32,1,0,1,1486280,3994.259033203125,268.7420349121094
2017,32,1,0,2,1283316,1717.478271484375,133.8312835693359
2017,32,3,0,1,759504,437.7408752441406,57.63509750366211
2017,32,3,0,2,917611.875,310.5216979980469,33.84020233154297
2017,33,0,0,1,2165649,4453,205.6196594238281
2017,33,0,0,2,2139487,2166,101.2392196655273
2017,33,1,0,1,1448982.25,4012.470703125,276.9164733886719
2017,33,1,0,2,1257697,1854.549072265625,147.4559478759766
2017,33,3,0,1,716666.875,440.529296875,61.46918487548828
2017,33,3,0,2,881790,311.4509887695313,35.3203125
2017,34,0,0,1,2191802,4602,209.9642181396484
2017,34,0,0,2,2174438,2279,104.8086929321289
2017,34,1,0,1,1459994.875,4104.513671875,281.1320495605469
2017,34,1,0,2,1272583.25,1894.45654296875,148.8670043945313
2017,34,3,0,1,731807,497.4861145019531,67.98050689697266
2017,34,3,0,2,901854.8125,384.5433959960938,42.63916778564453
2017,35,0,0,1,2183195,4661,213.4944458007813
2017,35,0,0,2,2175644,2385,109.6227111816406
2017,35,1,0,1,1479447.375,4203.82080078125,284.1480407714844
2017,35,1,0,2,1291721.625,2041.527465820313,158.0470123291016
2017,35,3,0,1,703747.6875,457.1794128417969,64.96353912353516
2017,35,3,0,2,883922.375,343.4725036621094,38.85776901245117
2017,36,0,0,1,2152568,4809,223.4075775146484
2017,36,0,0,2,2153687,2460,114.2227249145508
2017,36,1,0,1,1451070.125,4297.12353515625,296.1347961425781
2017,36,1,0,2,1282449.125,2093.22900390625,163.2212066650391
2017,36,3,0,1,701497.9375,511.8766479492188,72.96908569335938
2017,36,3,0,2,871237.875,366.77099609375,42.09768676757813
2017,37,0,0,1,2200099,4920,223.6262969970703
2017,37,0,0,2,2185729,2662,121.7900314331055
2017,37,1,0,1,1495991.875,4421.60498046875,295.5634460449219
2017,37,1,0,2,1300514.125,2228.81640625,171.379638671875
2017,37,3,0,1,704107.25,498.3948974609375,70.78394317626953
2017,37,3,0,2,885214.8125,433.1836853027344,48.93543243408203
2017,38,0,0,1,2052409,4831,235.3819274902344
2017,38,0,0,2,2058817,2519,122.3518142700195
2017,38,1,0,1,1388909.25,4322.42041015625,311.209716796875
2017,38,1,0,2,1238493.25,2127.787841796875,171.8045501708984
2017,38,3,0,1,663499.6875,508.5797424316406,76.65109252929688
2017,38,3,0,2,820323.8125,391.2121887207031,47.68997192382813
2017,39,0,0,1,2008416,4884,243.1767120361328
2017,39,0,0,2,2019890,2770,137.1361846923828
2017,39,1,0,1,1337958.25,4365.83056640625,326.3054504394531
2017,39,1,0,2,1207203.375,2330.446044921875,193.0450286865234
2017,39,3,0,1,670457.6875,518.1693115234375,77.28591156005859
2017,39,3,0,2,812686.625,439.5539245605469,54.08652114868164
2017,40,0,0,1,1980069,5074,256.2536926269531
2017,40,0,0,2,2003755,2898,144.6284637451172
2017,40,1,0,1,1355279.375,4507.62353515625,332.5973815917969
2017,40,1,0,2,1252068.25,2402.6240234375,191.8924102783203
2017,40,3,0,1,624789.625,566.3763427734375,90.65072631835938
2017,40,3,0,2,751686.6875,495.3759155273438,65.90191650390625
2017,41,0,0,1,1921339,5045,262.5773010253906
2017,41,0,0,2,1943630,2956,152.0865631103516
2017,41,1,0,1,1287002.875,4455.52197265625,346.1936340332031
2017,41,1,0,2,1170896.875,2422.12353515625,206.8605346679688
2017,41,3,0,1,634336.125,589.47802734375,92.92833709716797
2017,41,3,0,2,772733.125,533.8764038085938,69.08936309814453
2017,42,0,0,1,1982205,5236,264.1502685546875
2017,42,0,0,2,1998611,3277,163.9638671875
2017,42,1,0,1,1348446.625,4630.94677734375,343.4282531738281
2017,42,1,0,2,1225420.75,2718.006103515625,221.8018646240234
2017,42,3,0,1,633758.5,605.0534057617188,95.47065734863281
2017,42,3,0,2,773190.375,558.9938354492188,72.29705047607422
2017,43,0,0,1,1910842,5464,285.9472351074219
2017,43,0,0,2,1942408,3436,176.8938293457031
2017,43,1,0,1,1283696.5,4790.42578125,373.17431640625
2017,43,1,0,2,1195914.625,2826.4853515625,236.3450775146484
2017,43,3,0,1,627145.625,673.5740356445313,107.4031295776367
2017,43,3,0,2,746493.3125,609.5147705078125,81.65039825439453
2017,44,0,0,1,1931620,5868,303.7864685058594
2017,44,0,0,2,1976273,3641,184.2356872558594
2017,44,1,0,1,1306924.375,5126.48974609375,392.2560424804688
2017,44,1,0,2,1226554.125,2990.42333984375,243.806884765625
2017,44,3,0,1,624695.5625,741.5101318359375,118.6994400024414
2017,44,3,0,2,749719,650.57666015625,86.77606964111328
2017,45,0,0,1,2019696,6870,340.1502075195313
2017,45,0,0,2,2060652,4140,200.9072875976563
2017,45,1,0,1,1370695.375,5992.5009765625,437.1869201660156
2017,45,1,0,2,1301157.5,3391.697265625,260.6676940917969
2017,45,3,0,1,649000.75,877.4989013671875,135.2076873779297
2017,45,3,0,2,759494.5,748.302734375,98.52642059326172
2017,46,0,0,1,2131223,7680,360.3564758300781
2017,46,0,0,2,2177858,4863,223.2928009033203
2017,46,1,0,1,1437884,6653.62158203125,462.7370300292969
2017,46,1,0,2,1357579.125,3997.542236328125,294.4610900878906
2017,46,3,0,1,693338.9375,1026.378295898438,148.0341339111328
2017,46,3,0,2,820278.8125,865.457763671875,105.5077590942383
2017,47,0,0,1,2164250,8282,382.6729736328125
2017,47,0,0,2,2195215,5251,239.2020874023438
2017,47,1,0,1,1460545.125,7253.78369140625,496.6490783691406
2017,47,1,0,2,1382335.25,4320.94482421875,312.5829772949219
2017,47,3,0,1,703704.8125,1028.216186523438,146.1147003173828
2017,47,3,0,2,812879.8125,930.05517578125,114.4148483276367
2017,48,0,0,1,2044963,8450,413.2104187011719
2017,48,0,0,2,2083247,5441,261.1788330078125
2017,48,1,0,1,1379827.75,7325.65869140625,530.9110717773438
2017,48,1,0,2,1318868.375,4502.6865234375,341.4053039550781
2017,48,3,0,1,665135.1875,1124.341430664063,169.0395355224609
2017,48,3,0,2,764378.5625,938.3135375976563,122.7550811767578
2017,49,0,0,1,1998310,8941,447.4280700683594
2017,49,0,0,2,2040772,5780,283.2261657714844
2017,49,1,0,1,1379008.25,7830.1640625,567.811279296875
2017,49,1,0,2,1332128.375,4792.65087890625,359.7739562988281
2017,49,3,0,1,619301.75,1110.8359375,179.3690948486328
2017,49,3,0,2,708643.625,987.3489990234375,139.3294067382813
2017,50,0,0,1,1992020,9935,498.7399597167969
2017,50,0,0,2,2047426,6490,316.9833679199219
2017,50,1,0,1,1401098.5,8677.7294921875,619.3518676757813
2017,50,1,0,2,1374972.75,5418.3408203125,394.0689697265625
2017,50,3,0,1,590921.5,1257.270141601563,212.7643280029297
2017,50,3,0,2,672453.3125,1071.659057617188,159.3655700683594
2017,51,0,0,1,2027025,11297,557.3192138671875
2017,51,0,0,2,2082919,7200,345.6687316894531
2017,51,1,0,1,1428510.25,9958.439453125,697.12060546875
2017,51,1,0,2,1392231.875,6082.98681640625,436.9234008789063
2017,51,3,0,1,598514.625,1338.560791015625,223.6471252441406
2017,51,3,0,2,690687.0625,1117.01318359375,161.7249298095703
2017,52,0,0,1,2143940,12566,586.1171264648438
2017,52,0,0,2,2208636,8160,369.4588012695313
2017,52,1,0,1,1513902.5,11029.3359375,728.5367431640625
2017,52,1,0,2,1512488.875,6956.98193359375,459.9691162109375
2017,52,3,0,1,630037.5,1536.66455078125,243.9004974365234
2017,52,3,0,2,696147.1875,1203.018310546875,172.8109130859375
2017,53,0,0,1,2170769,14244,656.1729736328125
2017,53,0,0,2,2256662,9047,400.90185546875
2017,53,1,0,1,1553367.625,12440.1435546875,800.8499145507813
2017,53,1,0,2,1549047,7659.45458984375,494.4623718261719
2017,53,3,0,1,617401.25,1803.856689453125,292.1692504882813
2017,53,3,0,2,707614.875,1387.545532226563,196.0876770019531
2017,54,0,0,1,2160713,15539,719.1607666015625
2017,54,0,0,2,2257465,9966,441.4686279296875
2017,54,1,0,1,1528938.25,13660.8173828125,893.4839477539063
2017,54,1,0,2,1581868,8427.0498046875,532.7277221679688
2017,54,3,0,1,631774.8125,1878.182373046875,297.2866821289063
2017,54,3,0,2,675597,1538.950073242188,227.7911376953125
2017,55,0,0,1,2149254,17001,791.0186767578125
2017,55,0,0,2,2253855,10959,486.2335815429688
2017,55,1,0,1,1539156.5,15012.9462890625,975.40087890625
2017,55,1,0,2,1583396.375,9350.29296875,590.5213012695313
2017,55,3,0,1,610097.5,1988.053466796875,325.8583068847656
2017,55,3,0,2,670458.625,1608.707397460938,239.9413452148438
2017,56,0,0,1,2166333,18374,848.161376953125
2017,56,0,0,2,2284985,11882,520.00341796875
2017,56,1,0,1,1546605,16276.46875,1052.39990234375
2017,56,1,0,2,1626607.5,10074.267578125,619.34228515625
2017,56,3,0,1,619728.125,2097.531005859375,338.4598693847656
2017,56,3,0,2,658377.5625,1807.732421875,274.5738220214844
2017,57,0,0,1,2186051,19776,904.6449584960938
2017,57,0,0,2,2298420,12929,562.516845703125
2017,57,1,0,1,1564013.125,17373.47265625,1110.826538085938
2017,57,1,0,2,1627765.125,10949.0849609375,672.645263671875
2017,57,3,0,1,622037.75,2402.52783203125,386.2350463867188
2017,57,3,0,2,670654.8125,1979.915405273438,295.2212219238281
2017,58,0,0,1,2098626,20854,993.69775390625
2017,58,0,0,2,2227999,13554,608.3485717773438
2017,58,1,0,1,1506738.5,18294.650390625,1214.188842773438
2017,58,1,0,2,1595386.625,11540.9091796875,723.3926391601563
2017,58,3,0,1,591887.4375,2559.349853515625,432.4048156738281
2017,58,3,0,2,632612.25,2013.09130859375,318.2188415527344
2017,59,0,0,1,2076940,22382,1077.64306640625
2017,59,0,0,2,2217447,14387,648.8092041015625
2017,59,1,0,1,1497481.125,19564.052734375,1306.464111328125
2017,59,1,0,2,1578976.5,12234.4052734375,774.8313598632813
2017,59,3,0,1,579458.75,2817.947998046875,486.3069152832031
2017,59,3,0,2,638470.5625,2152.594482421875,337.1485900878906
2017,60,0,0,1,2042360,23683,1159.58984375
2017,60,0,0,2,2197354,15369,699.43212890625
2017,60,1,0,1,1464891,20590.41796875,1405.593872070313
2017,60,1,0,2,1561885.625,13009.4013671875,832.92919921875
2017,60,3,0,1,577469,3092.5830078125,535.5409545898438
2017,60,3,0,2,635468.4375,2359.598388671875,371.3163757324219
2017,61,0,0,1,1958114,24309,1241.44970703125
2017,61,0,0,2,2123242,15902,748.9490356445313
2017,61,1,0,1,1394471.25,20927.2734375,1500.731811523438
2017,61,1,0,2,1495592.25,13385.7451171875,895.0130004882813
2017,61,3,0,1,563642.8125,3381.726806640625,599.9769287109375
2017,61,3,0,2,627649.8125,2516.25537109375,400.9011535644531
2017,62,0,0,1,1934180,25388,1312.597534179688
2017,62,0,0,2,2106559,16467,781.7013549804688
2017,62,1,0,1,1362477.125,21643.380859375,1588.53173828125
2017,62,1,0,2,1489453.5,13725.8876953125,921.5385131835938
2017,62,3,0,1,571702.875,3744.618896484375,654.993896484375
2017,62,3,0,2,617105.5625,2741.112060546875,444.1885070800781
2017,63,0,0,1,1839800,26512,1441.026245117188
2017,63,0,0,2,2027781,17301,853.1986694335938
2017,63,1,0,1,1279207.125,22451.826171875,1755.136108398438
2017,63,1,0,2,1423531.125,14323.6845703125,1006.2080078125
2017,63,3,0,1,560592.9375,4060.174072265625,724.2642211914063
2017,63,3,0,2,604249.9375,2977.315185546875,492.7290954589844
2017,64,0,0,1,1760630,27056,1536.72265625
2017,64,0,0,2,1951989,17921,918.0891723632813
2017,64,1,0,1,1188853,22655.947265625,1905.697998046875
2017,64,1,0,2,1358036.625,14729.3525390625,1084.6064453125
2017,64,3,0,1,571777,4400.0537109375,769.5401611328125
2017,64,3,0,2,593952.25,3191.647705078125,537.3576049804688
2017,65,0,0,1,1684992,27527,1633.657592773438
2017,65,0,0,2,1875168,18620,992.9777221679688
2017,65,1,0,1,1127592.5,22641.0546875,2007.9111328125
2017,65,1,0,2,1317309.625,15282.673828125,1160.142822265625
2017,65,3,0,1,557399.5625,4885.94482421875,876.5606079101563
2017,65,3,0,2,557858.375,3337.326171875,598.2389526367188
2017,66,0,0,1,1622470,27805,1713.7451171875
2017,66,0,0,2,1821593,19061,1046.391845703125
2017,66,1,0,1,1067057.625,22644.56640625,2122.150390625
2017,66,1,0,2,1266585.25,15700.466796875,1239.590209960938
2017,66,3,0,1,555412.3125,5160.43359375,929.1176147460938
2017,66,3,0,2,555007.75,3360.532958984375,605.4929809570313
2017,67,0,0,1,1580939,28708,1815.8828125
2017,67,0,0,2,1775074,19936,1123.108154296875
2017,67,1,0,1,1024771.9375,23117.109375,2255.82958984375
2017,67,1,0,2,1249554.625,16333.8916015625,1307.177124023438
2017,67,3,0,1,556167,5590.89013671875,1005.253845214844
2017,67,3,0,2,525519.4375,3602.1083984375,685.4376831054688
2017,68,0,0,1,1523933,29696,1948.64208984375
2017,68,0,0,2,1720249,21697,1261.270874023438
2017,68,1,0,1,974480.875,23650.21875,2426.95556640625
2017,68,1,0,2,1236655.5,17948.708984375,1451.391235351563
2017,68,3,0,1,549452.0625,6045.78173828125,1100.329223632813
2017,68,3,0,2,483593.5,3748.2919921875,775.0914916992188
2017,69,0,0,1,1501234,31522,2099.7392578125
2017,69,0,0,2,1697348,23515,1385.396484375
2017,69,1,0,1,956858.3125,24759.296875,2587.5615234375
2017,69,1,0,2,1217872.375,19480.578125,1599.558227539063
2017,69,3,0,1,544375.625,6762.7041015625,1242.286376953125
2017,69,3,0,2,479475.625,4034.42138671875,841.4236450195313
2017,70,0,0,1,1556705,34188,2196.17724609375
2017,70,0,0,2,1763688,25874,1467.03955078125
2017,70,1,0,1,995153.125,26488.240234375,2661.72509765625
2017,70,1,0,2,1268818.375,21455.892578125,1691.013671875
2017,70,3,0,1,561551.8125,7699.759765625,1371.157470703125
2017,70,3,0,2,494869.5625,4418.107421875,892.7822265625
2017,71,0,0,1,1134416,28792,2538.0458984375
2017,71,0,0,2,1305683,21865,1674.6025390625
2017,71,1,0,1,735396.3125,22709.009765625,3087.99609375
2017,71,1,0,2,963771.25,18270.90625,1895.772094726563
2017,71,3,0,1,399019.71875,6082.990234375,1524.483642578125
2017,71,3,0,2,341911.75,3594.09375,1051.175903320313
2017,72,0,0,1,1107104,29455,2660.544921875
2017,72,0,0,2,1288516,23530,1826.131713867188
2017,72,1,0,1,727810.375,23338.1015625,3206.618408203125
2017,72,1,0,2,960628.25,19833.705078125,2064.65966796875
2017,72,3,0,1,379293.59375,6116.89892578125,1612.708251953125
2017,72,3,0,2,327887.75,3696.295166015625,1127.305053710938
2017,73,0,0,1,1064688,31658,2973.453369140625
2017,73,0,0,2,1253585,25389,2025.311401367188
2017,73,1,0,1,704613.0625,25048.525390625,3554.933349609375
2017,73,1,0,2,950514.875,21479.95703125,2259.8232421875
2017,73,3,0,1,360074.90625,6609.47412109375,1835.583129882813
2017,73,3,0,2,303070.125,3909.043701171875,1289.81494140625
2017,74,0,0,1,1076512,34580,3212.22607421875
2017,74,0,0,2,1278786,28192,2204.5908203125
2017,74,1,0,1,719422,27192.296875,3779.7421875
2017,74,1,0,2,975879.0625,23969.744140625,2456.220703125
2017,74,3,0,1,357090,7387.703125,2068.863037109375
2017,74,3,0,2,302906.875,4222.2548828125,1393.911865234375
2017,75,0,0,1,922912,32363,3506.6181640625
2017,75,0,0,2,1113782,27378,2458.111083984375
2017,75,1,0,1,622207.8125,25645.033203125,4121.61865234375
2017,75,1,0,2,868884.75,23358.412109375,2688.321044921875
2017,75,3,0,1,300704.21875,6717.9658203125,2234.07763671875
2017,75,3,0,2,244897.25,4019.588623046875,1641.336791992188
2017,76,0,0,1,826485,31884,3857.783203125
2017,76,0,0,2,1018201,27440,2694.94921875
2017,76,1,0,1,574598.9375,25271.490234375,4398.109375
2017,76,1,0,2,807373.25,23545.1796875,2916.26953125
2017,76,3,0,1,251886.078125,6612.509765625,2625.198486328125
2017,76,3,0,2,210827.71875,3894.82080078125,1847.39501953125
2017,77,0,0,1,768829,32283,4198.98291015625
2017,77,0,0,2,958012,28187,2942.23876953125
2017,77,1,0,1,528413.9375,25472.580078125,4820.5732421875
2017,77,1,0,2,759207,24140.134765625,3179.651123046875
2017,77,3,0,1,240415.046875,6810.419921875,2832.776123046875
2017,77,3,0,2,198805.03125,4046.864501953125,2035.594604492188
2017,78,0,0,1,712433,32945,4624.29443359375
2017,78,0,0,2,892871,29753,3332.2841796875
2017,78,1,0,1,510473.15625,26008.673828125,5095.01318359375
2017,78,1,0,2,719420.0625,25572.716796875,3554.62939453125
2017,78,3,0,1,201959.875,6936.32568359375,3434.5068359375
2017,78,3,0,2,173450.953125,4180.2822265625,2410.06591796875
2017,79,0,0,1,664209,34030,5123.38720703125
2017,79,0,0,2,852794,31235,3662.66650390625
2017,79,1,0,1,466066.15625,26829.587890625,5756.60498046875
2017,79,1,0,2,685786.5,26893.595703125,3921.56982421875
2017,79,3,0,1,198142.828125,7200.412109375,3633.950439453125
2017,79,3,0,2,167007.53125,4341.4033203125,2599.525390625
2017,80,0,0,1,595525,33752,5667.60400390625
2017,80,0,0,2,781570,32267,4128.48486328125
2017,80,1,0,1,420684.3125,26341.859375,6261.6689453125
2017,80,1,0,2,635507.5625,27949.8203125,4398.03125
2017,80,3,0,1,174840.671875,7410.14013671875,4238.224609375
2017,80,3,0,2,146062.453125,4317.18017578125,2955.70849609375
2017,81,0,0,1,551854,34438,6240.41845703125
2017,81,0,0,2,741083,33792,4559.81298828125
2017,81,1,0,1,387766.9375,26697.447265625,6884.9208984375
2017,81,1,0,2,613644.4375,29214.755859375,4760.8603515625
2017,81,3,0,1,164087.078125,7740.5537109375,4717.34521484375
2017,81,3,0,2,127438.6171875,4577.2451171875,3591.725341796875
2017,82,0,0,1,509900,35325,6927.8291015625
2017,82,0,0,2,705866,35949,5092.89306640625
2017,82,1,0,1,363522.8125,27338.962890625,7520.56298828125
2017,82,1,0,2,586027.3125,31099.486328125,5306.83203125
2017,82,3,0,1,146377.203125,7986.03662109375,5455.79248046875
2017,82,3,0,2,119838.6796875,4849.51416015625,4046.701904296875
2017,83,0,0,1,441402,34510,7818.27001953125
2017,83,0,0,2,625642,36345,5809.23291015625
2017,83,1,0,1,317077.625,26268.306640625,8284.5029296875
2017,83,1,0,2,517462.46875,31495.224609375,6086.47509765625
2017,83,3,0,1,124324.359375,8241.693359375,6629.18603515625
2017,83,3,0,2,108179.5234375,4849.775390625,4483.08056640625
2017,84,0,0,1,408807,35141,8595.98828125
2017,84,0,0,2,598649,38742,6471.57177734375
2017,84,1,0,1,285186.125,26370.95703125,9246.9287109375
2017,84,1,0,2,501395.6875,33487.51171875,6678.859375
2017,84,3,0,1,123620.8828125,8770.0439453125,7094.30615234375
2017,84,3,0,2,97253.34375,5254.48974609375,5402.888671875
2018,25,0,0,1,2365722,3546,149.8908081054688
2018,25,0,0,2,2240559,1298,57.93197250366211
2018,25,1,0,1,1669020.75,3311.54541015625,198.4124755859375
2018,25,1,0,2,1407710,1169.505004882813,83.07854461669922
2018,25,3,0,1,696701.3125,234.45458984375,33.65209579467773
2018,25,3,0,2,832849,128.4949798583984,15.42836475372314
2018,26,0,0,1,2421037,3772,155.8010101318359
2018,26,0,0,2,2307677,1458,63.180419921875
2018,26,1,0,1,1692997.75,3488.042724609375,206.0276031494141
2018,26,1,0,2,1402797.5,1286.707641601563,91.72440338134766
2018,26,3,0,1,728039.125,283.957275390625,39.00302505493164
2018,26,3,0,2,904879.5625,171.2923278808594,18.92984771728516
2018,27,0,0,1,2451655,4117,167.9273834228516
2018,27,0,0,2,2362325,1582,66.96792602539063
2018,27,1,0,1,1715691.25,3796.96826171875,221.3083648681641
2018,27,1,0,2,1456240.75,1401.6318359375,96.25000762939453
2018,27,3,0,1,735963.625,320.0316467285156,43.48471069335938
2018,27,3,0,2,906084.375,180.3681488037109,19.90633010864258
2018,28,0,0,1,2439423,4142,169.7942504882813
2018,28,0,0,2,2362288,1687,71.413818359375
2018,28,1,0,1,1674573.25,3782.966064453125,225.9062805175781
2018,28,1,0,2,1407157.5,1499.555541992188,106.566291809082
2018,28,3,0,1,764849.75,359.0338439941406,46.94174957275391
2018,28,3,0,2,955130.625,187.4444427490234,19.6250057220459
2018,29,0,0,1,2341001,4052,173.0883483886719
2018,29,0,0,2,2270069,1807,79.60110473632813
2018,29,1,0,1,1579180.25,3702.8115234375,234.476806640625
2018,29,1,0,2,1348608.125,1581.759155273438,117.2882690429688
2018,29,3,0,1,761820.625,349.1885375976563,45.83605575561523
2018,29,3,0,2,921461,225.2408752441406,24.44388580322266
2018,30,0,0,1,2282299,4198,183.9373321533203
2018,30,0,0,2,2218983,1902,85.71494293212891
2018,30,1,0,1,1524473.125,3790.40771484375,248.6372222900391
2018,30,1,0,2,1323441.375,1640.284790039063,123.9408721923828
2018,30,3,0,1,757825.8125,407.5924072265625,53.78444671630859
2018,30,3,0,2,895541.625,261.7152099609375,29.2242374420166
2018,31,0,0,1,2241062,4089,182.4581451416016
2018,31,0,0,2,2180487,1870,85.76065826416016
2018,31,1,0,1,1468137.25,3698.9443359375,251.9481353759766
2018,31,1,0,2,1252461.875,1613.612670898438,128.8352661132813
2018,31,3,0,1,772924.75,390.0557556152344,50.46490859985352
2018,31,3,0,2,928025.1875,256.3873901367188,27.62720108032227
2018,32,0,0,1,2245454,4235,188.6032867431641
2018,32,0,0,2,2188295,2064,94.32000732421875
2018,32,1,0,1,1476951.125,3819.48681640625,258.6061706542969
2018,32,1,0,2,1279012.25,1754.248168945313,137.1564788818359
2018,32,3,0,1,768502.875,415.5132446289063,54.0678825378418
2018,32,3,0,2,909282.625,309.7518310546875,34.06551742553711
2018,33,0,0,1,2252017,4338,192.6273193359375
2018,33,0,0,2,2209229,2140,96.86637115478516
2018,33,1,0,1,1468304.75,3895.78173828125,265.3251342773438
2018,33,1,0,2,1283987.375,1793.957397460938,139.7176818847656
2018,33,3,0,1,783712.1875,442.2183837890625,56.42612075805664
2018,33,3,0,2,925241.5,346.0425415039063,37.40024185180664
2018,34,0,0,1,2171039,4375,201.5164184570313
2018,34,0,0,2,2147153,2172,101.1572036743164
2018,34,1,0,1,1425289.5,3925.319091796875,275.405029296875
2018,34,1,0,2,1242758.25,1847.015014648438,148.6222229003906
2018,34,3,0,1,745749.5,449.6809692382813,60.29919815063477
2018,34,3,0,2,904394.875,324.9849853515625,35.9339714050293
2018,35,0,0,1,2195500,4697,213.9376068115234
2018,35,0,0,2,2180901,2393,109.7252960205078
2018,35,1,0,1,1462630.125,4197.3408203125,286.9721374511719
2018,35,1,0,2,1274349.375,2038.406494140625,159.9566497802734
2018,35,3,0,1,732869.875,499.6592407226563,68.17843627929688
2018,35,3,0,2,906551.5625,354.5935668945313,39.11455154418945
2018,36,0,0,1,2185835,4696,214.8378143310547
2018,36,0,0,2,2181088,2509,115.0343322753906
2018,36,1,0,1,1444503.5,4167.81396484375,288.5291748046875
2018,36,1,0,2,1262841.75,2088.977783203125,165.4188079833984
2018,36,3,0,1,741331.4375,528.1861572265625,71.24831390380859
2018,36,3,0,2,918246.1875,420.0221862792969,45.74178314208984
2018,37,0,0,1,2154545,4879,226.4515228271484
2018,37,0,0,2,2158541,2584,119.7104873657227
2018,37,1,0,1,1442914.625,4320.03271484375,299.3962707519531
2018,37,1,0,2,1264497.875,2178.02978515625,172.2446441650391
2018,37,3,0,1,711630.25,558.9672241210938,78.54742431640625
2018,37,3,0,2,894043.25,405.9701538085938,45.4083366394043
2018,38,0,0,1,2201174,5124,232.7848663330078
2018,38,0,0,2,2190232,2711,123.7768402099609
2018,38,1,0,1,1471285.75,4551.9619140625,309.3866577148438
2018,38,1,0,2,1293992.875,2249.35888671875,173.8308563232422
2018,38,3,0,1,729888.125,572.0380249023438,78.37338256835938
2018,38,3,0,2,896239.0625,461.6410827636719,51.50869750976563
2018,39,0,0,1,2053136,5127,249.7155609130859
2018,39,0,0,2,2062635,2897,140.451416015625
2018,39,1,0,1,1367876.75,4585.6083984375,335.2355041503906
2018,39,1,0,2,1214982,2394.41748046875,197.0743103027344
2018,39,3,0,1,685259.375,541.3917236328125,79.00537109375
2018,39,3,0,2,847653.125,502.58251953125,59.29106140136719
2018,40,0,0,1,2008548,5040,250.9275360107422
2018,40,0,0,2,2022766,2867,141.7366180419922
2018,40,1,0,1,1380400.375,4469.49169921875,323.7822570800781
2018,40,1,0,2,1227385.25,2377.4873046875,193.7034301757813
2018,40,3,0,1,628147.75,570.5084838867188,90.82392883300781
2018,40,3,0,2,795380.75,489.5125732421875,61.54443359375
2018,41,0,0,1,1979715,5198,262.5630493164063
2018,41,0,0,2,2006441,2987,148.8705596923828
2018,41,1,0,1,1315018.25,4584.19921875,348.6034545898438
2018,41,1,0,2,1194234.375,2463.338134765625,206.2692413330078
2018,41,3,0,1,664696.6875,613.8009643554688,92.343017578125
2018,41,3,0,2,812206.5625,523.6619262695313,64.47398376464844
2018,42,0,0,1,1920426,5196,270.5649719238281
2018,42,0,0,2,1945641,3097,159.1763305664063
2018,42,1,0,1,1294549,4583.98828125,354.0992431640625
2018,42,1,0,2,1167032.75,2524.573486328125,216.3241271972656
2018,42,3,0,1,625877,612.01171875,97.78466033935547
2018,42,3,0,2,778608.25,572.4264526367188,73.51918792724609
2018,43,0,0,1,1980368,5489,277.1707153320313
2018,43,0,0,2,1999241,3413,170.7147827148438
2018,43,1,0,1,1312811.25,4839.39013671875,368.6280212402344
2018,43,1,0,2,1208385.625,2792.27001953125,231.0744171142578
2018,43,3,0,1,667556.6875,649.6099853515625,97.31158447265625
2018,43,3,0,2,790855.375,620.7298583984375,78.48841857910156
2018,44,0,0,1,1908353,5930,310.7391662597656
2018,44,0,0,2,1942802,3546,182.5198822021484
2018,44,1,0,1,1280740,5135.45751953125,400.9757995605469
2018,44,1,0,2,1200011.5,2840.45458984375,236.7022857666016
2018,44,3,0,1,627612.9375,794.54248046875,126.5975341796875
2018,44,3,0,2,742790.5,705.5453491210938,94.98577880859375
2018,45,0,0,1,1928049,6477,335.9354553222656
2018,45,0,0,2,1975992,4032,204.0494079589844
2018,45,1,0,1,1323817.875,5677.0927734375,428.8424377441406
2018,45,1,0,2,1220446.875,3280.305419921875,268.779052734375
2018,45,3,0,1,604231.125,799.907470703125,132.3843536376953
2018,45,3,0,2,755545.1875,751.6944580078125,99.49034118652344
2018,46,0,0,1,2015066,7310,362.7672729492188
2018,46,0,0,2,2059393,4615,224.0951538085938
2018,46,1,0,1,1357440.625,6291.4267578125,463.4771118164063
2018,46,1,0,2,1283497.25,3843.46142578125,299.4522399902344
2018,46,3,0,1,657625.3125,1018.572998046875,154.8865203857422
2018,46,3,0,2,775895.8125,771.53857421875,99.43842315673828
2018,47,0,0,1,2125627,8172,384.4512634277344
2018,47,0,0,2,2175691,5077,233.3511505126953
2018,47,1,0,1,1410657.875,7114.9404296875,504.370361328125
2018,47,1,0,2,1353415.875,4144.75927734375,306.2443237304688
2018,47,3,0,1,714969.0625,1057.059326171875,147.8468627929688
2018,47,3,0,2,822275.1875,932.240478515625,113.3732986450195
2018,48,0,0,1,2157491,8719,404.1268310546875
2018,48,0,0,2,2192223,5463,249.1990966796875
2018,48,1,0,1,1433078.25,7480.90185546875,522.0162963867188
2018,48,1,0,2,1375689,4496.91357421875,326.8844604492188
2018,48,3,0,1,724412.9375,1238.098022460938,170.9105377197266
2018,48,3,0,2,816534.0625,966.0863037109375,118.3154907226563
2018,49,0,0,1,2037762,9291,455.9413757324219
2018,49,0,0,2,2079841,5717,274.8767700195313
2018,49,1,0,1,1362421.75,8056.8466796875,591.3621826171875
2018,49,1,0,2,1327235,4730.64501953125,356.4285888671875
2018,49,3,0,1,675340.25,1234.153076171875,182.7453765869141
2018,49,3,0,2,752606.0625,986.3551635742188,131.0586242675781
2018,50,0,0,1,1989936,9701,487.5031127929688
2018,50,0,0,2,2036538,6122,300.6081848144531
2018,50,1,0,1,1373866.5,8444.6005859375,614.6594848632813
2018,50,1,0,2,1335507.625,5070.48046875,379.6669006347656
2018,50,3,0,1,616069.4375,1256.399291992188,203.9379425048828
2018,50,3,0,2,701030.375,1051.519653320313,149.9963073730469
2018,51,0,0,1,1982590,10605,534.9063720703125
2018,51,0,0,2,2042479,6938,339.6852416992188
2018,51,1,0,1,1366960.25,9253.2216796875,676.9196166992188
2018,51,1,0,2,1352758,5832.95751953125,431.1900329589844
2018,51,3,0,1,615629.8125,1351.778564453125,219.5765228271484
2018,51,3,0,2,689721,1105.042358398438,160.2158508300781
2018,52,0,0,1,2016677,11936,591.86474609375
2018,52,0,0,2,2077402,7568,364.3011779785156
2018,52,1,0,1,1409192.375,10475.853515625,743.3941650390625
2018,52,1,0,2,1404196.375,6381.60400390625,454.4666442871094
2018,52,3,0,1,607484.6875,1460.14599609375,240.3593139648438
2018,52,3,0,2,673205.5625,1186.395874023438,176.2308502197266
2018,53,0,0,1,2131415,13554,635.9155883789063
2018,53,0,0,2,2201960,8559,388.6991577148438
2018,53,1,0,1,1478129,11918.8818359375,806.3492431640625
2018,53,1,0,2,1491075.75,7292.01953125,489.044189453125
2018,53,3,0,1,653285.875,1635.118408203125,250.2914123535156
2018,53,3,0,2,710884.1875,1266.980712890625,178.2260437011719
2018,54,0,0,1,2156589,15265,707.8307495117188
2018,54,0,0,2,2248978,9716,432.0184631347656
2018,54,1,0,1,1509134.125,13398.4423828125,887.8231811523438
2018,54,1,0,2,1566563.375,8197.8427734375,523.3010864257813
2018,54,3,0,1,647454.9375,1866.557250976563,288.2914428710938
2018,54,3,0,2,682414.75,1518.156860351563,222.4683532714844
2018,55,0,0,1,2145020,16734,780.132568359375
2018,55,0,0,2,2248963,10576,470.2611694335938
2018,55,1,0,1,1522579.25,14727.2783203125,967.258544921875
2018,55,1,0,2,1562911,8980.390625,574.5938720703125
2018,55,3,0,1,622440.5625,2006.721557617188,322.3956909179688
2018,55,3,0,2,686052,1595.609375,232.5784912109375
2018,56,0,0,1,2132558,18158,851.4656982421875
2018,56,0,0,2,2244572,11699,521.2129516601563
2018,56,1,0,1,1515341.125,16010.279296875,1056.546264648438
2018,56,1,0,2,1567545.75,9946.5927734375,634.5328369140625
2018,56,3,0,1,617216.8125,2147.720458984375,347.9685668945313
2018,56,3,0,2,677026.3125,1752.407592773438,258.8389282226563
2018,57,0,0,1,2148167,19889,925.859130859375
2018,57,0,0,2,2274643,12654,556.3070678710938
2018,57,1,0,1,1536776.25,17488.30078125,1137.986083984375
2018,57,1,0,2,1598897,10756.4609375,672.7425537109375
2018,57,3,0,1,611390.75,2400.69873046875,392.6619262695313
2018,57,3,0,2,675746.0625,1897.53955078125,280.8066101074219
2018,58,0,0,1,2165907,21133,975.7113037109375
2018,58,0,0,2,2287131,13478,589.2972412109375
2018,58,1,0,1,1563529.75,18601.2109375,1189.693481445313
2018,58,1,0,2,1619649.875,11546.6142578125,712.9080200195313
2018,58,3,0,1,602377.125,2531.78857421875,420.2995910644531
2018,58,3,0,2,667481,1931.385620117188,289.3544006347656
2018,59,0,0,1,2077675,22347,1075.577270507813
2018,59,0,0,2,2216349,14295,644.9796752929688
2018,59,1,0,1,1482446.375,19623.498046875,1323.723999023438
2018,59,1,0,2,1555026.875,12134.234375,780.3231201171875
2018,59,3,0,1,595228.75,2723.501708984375,457.5554809570313
2018,59,3,0,2,661322.0625,2160.765625,326.7342529296875
2018,60,0,0,1,2054540,23537,1145.609252929688
2018,60,0,0,2,2204821,15164,687.7655639648438
2018,60,1,0,1,1469572.5,20554.787109375,1398.691650390625
2018,60,1,0,2,1573360.875,12775.318359375,811.9763793945313
2018,60,3,0,1,584967.5,2982.212646484375,509.8082580566406
2018,60,3,0,2,631460.125,2388.681640625,378.2790832519531
2018,61,0,0,1,2018812,25083,1242.46337890625
2018,61,0,0,2,2184082,16209,742.1424560546875
2018,61,1,0,1,1429470.5,21675.482421875,1516.329467773438
2018,61,1,0,2,1560610.125,13633.462890625,873.5982666015625
2018,61,3,0,1,589341.4375,3407.517333984375,578.190673828125
2018,61,3,0,2,623471.9375,2575.537353515625,413.095947265625
2018,62,0,0,1,1933853,26097,1349.482055664063
2018,62,0,0,2,2109543,16737,793.3945922851563
2018,62,1,0,1,1350248.25,22427.755859375,1661.009765625
2018,62,1,0,2,1506424.75,13982.5,928.1910400390625
2018,62,3,0,1,583604.75,3669.244873046875,628.7208862304688
2018,62,3,0,2,603118.3125,2754.49951171875,456.7096557617188
2018,63,0,0,1,1908641,27437,1437.515014648438
2018,63,0,0,2,2091595,17658,844.236083984375
2018,63,1,0,1,1337270.125,23307.154296875,1742.890502929688
2018,63,1,0,2,1473627,14636.642578125,993.2393188476563
2018,63,3,0,1,571370.875,4129.84619140625,722.7960815429688
2018,63,3,0,2,617968.0625,3021.35791015625,488.9181213378906
2018,64,0,0,1,1813691,27858,1535.983764648438
2018,64,0,0,2,2012074,18093,899.2213745117188
2018,64,1,0,1,1253688.375,23605.484375,1882.882934570313
2018,64,1,0,2,1424170.625,14987.2197265625,1052.34716796875
2018,64,3,0,1,560002.625,4252.515625,759.3742065429688
2018,64,3,0,2,587903.3125,3105.7802734375,528.28076171875
2018,65,0,0,1,1734093,28364,1635.667724609375
2018,65,0,0,2,1935507,18893,976.1266479492188
2018,65,1,0,1,1174098.125,23641.99609375,2013.63037109375
2018,65,1,0,2,1350288.125,15486.298828125,1146.888427734375
2018,65,3,0,1,559994.8125,4722.0029296875,843.2225952148438
2018,65,3,0,2,585218.9375,3406.700927734375,582.1242065429688
2018,66,0,0,1,1658451,29154,1757.905395507813
2018,66,0,0,2,1857985,19488,1048.878173828125
2018,66,1,0,1,1103403.875,24035.939453125,2178.3447265625
2018,66,1,0,2,1286441.375,15897.330078125,1235.760131835938
2018,66,3,0,1,555047.125,5118.0595703125,922.0946044921875
2018,66,3,0,2,571543.5625,3590.67041015625,628.2409057617188
2018,67,0,0,1,1595396,29459,1846.500854492188
2018,67,0,0,2,1803359,20398,1131.111450195313
2018,67,1,0,1,1054547.375,23817.455078125,2258.547607421875
2018,67,1,0,2,1262486.25,16687.98046875,1321.834594726563
2018,67,3,0,1,540848.625,5641.54443359375,1043.091186523438
2018,67,3,0,2,540872.75,3710.01953125,685.9320678710938
2018,68,0,0,1,1552348,29869,1924.117553710938
2018,68,0,0,2,1755485,21238,1209.80810546875
2018,68,1,0,1,1011831,23803.498046875,2352.51708984375
2018,68,1,0,2,1241611.75,17329.744140625,1395.745849609375
2018,68,3,0,1,540517.0625,6065.501953125,1122.166625976563
2018,68,3,0,2,513873.1875,3908.255126953125,760.548583984375
2018,69,0,0,1,1494525,31702,2121.208984375
2018,69,0,0,2,1699744,22681,1334.37744140625
2018,69,1,0,1,956350.0625,24900.56640625,2603.708251953125
2018,69,1,0,2,1200663.125,18508.451171875,1541.51904296875
2018,69,3,0,1,538174.9375,6801.43408203125,1263.796142578125
2018,69,3,0,2,499080.96875,4172.548828125,836.0464477539063
2018,70,0,0,1,1469752,33290,2265.008056640625
2018,70,0,0,2,1674714,24851,1483.895141601563
2018,70,1,0,1,936200.875,26026.185546875,2779.978759765625
2018,70,1,0,2,1210188.75,20518.447265625,1695.474975585938
2018,70,3,0,1,533551.125,7263.81396484375,1361.4091796875
2018,70,3,0,2,464525.34375,4332.55224609375,932.6837158203125
2018,71,0,0,1,1522210,36251,2381.4716796875
2018,71,0,0,2,1738342,27574,1586.22412109375
2018,71,1,0,1,955169.0625,27913.525390625,2922.364990234375
2018,71,1,0,2,1251166,22737.525390625,1817.306884765625
2018,71,3,0,1,567040.9375,8337.4736328125,1470.347778320313
2018,71,3,0,2,487176,4836.47412109375,992.757080078125
2018,72,0,0,1,1106964,30308,2737.93896484375
2018,72,0,0,2,1285319,23635,1838.843139648438
2018,72,1,0,1,716607.3125,23622.923828125,3296.494873046875
2018,72,1,0,2,944551.25,19681.958984375,2083.736572265625
2018,72,3,0,1,390356.71875,6685.0751953125,1712.555419921875
2018,72,3,0,2,340767.75,3953.04052734375,1160.03955078125
2018,73,0,0,1,1078210,31179,2891.7373046875
2018,73,0,0,2,1266423,24854,1962.535400390625
2018,73,1,0,1,708118.1875,24399.30859375,3445.65478515625
2018,73,1,0,2,945627.375,20776.9609375,2197.16162109375
2018,73,3,0,1,370091.84375,6779.69140625,1831.894287109375
2018,73,3,0,2,320795.71875,4077.03857421875,1270.914306640625
2018,74,0,0,1,1034136,33335,3223.4638671875
2018,74,0,0,2,1229353,27255,2217.019775390625
2018,74,1,0,1,679004.6875,26243.642578125,3865.016357421875
2018,74,1,0,2,931239.4375,22989.521484375,2468.701416015625
2018,74,3,0,1,355131.28125,7091.3564453125,1996.826782226563
2018,74,3,0,2,298113.59375,4265.47900390625,1430.823364257813
2018,75,0,0,1,1042460,36291,3481.28466796875
2018,75,0,0,2,1251144,30233,2416.428466796875
2018,75,1,0,1,693780.375,28386.029296875,4091.500732421875
2018,75,1,0,2,953350,25482.708984375,2672.964599609375
2018,75,3,0,1,348679.625,7904.97021484375,2267.11572265625
2018,75,3,0,2,297794,4750.291015625,1595.160034179688
2018,76,0,0,1,890943,34251,3844.353759765625
2018,76,0,0,2,1087069,29114,2678.2109375
2018,76,1,0,1,596549.875,26932.689453125,4514.7421875
2018,76,1,0,2,842166.1875,24704.599609375,2933.458984375
2018,76,3,0,1,294393.125,7318.31103515625,2485.8974609375
2018,76,3,0,2,244902.765625,4409.40087890625,1800.469970703125
2018,77,0,0,1,795142,33845,4256.47265625
2018,77,0,0,2,991039,29172,2943.577392578125
2018,77,1,0,1,550136.6875,26587.9140625,4832.96533203125
2018,77,1,0,2,785810.6875,24827.341796875,3159.455810546875
2018,77,3,0,1,245005.3125,7257.08544921875,2962.011474609375
2018,77,3,0,2,205228.3125,4344.658203125,2116.98779296875
2018,78,0,0,1,736686,33257,4514.40625
2018,78,0,0,2,929716,29931,3219.3701171875
2018,78,1,0,1,504662.03125,26079.142578125,5167.64501953125
2018,78,1,0,2,738984.8125,25768.0078125,3486.94677734375
2018,78,3,0,1,232024,7177.85791015625,3093.584228515625
2018,78,3,0,2,190731.21875,4162.99169921875,2182.648193359375
2018,79,0,0,1,679443,34328,5052.3740234375
2018,79,0,0,2,863424,31323,3627.765625
2018,79,1,0,1,473633.4375,26829.72265625,5664.65966796875
2018,79,1,0,2,690510.8125,26865.939453125,3890.734130859375
2018,79,3,0,1,205809.546875,7498.27685546875,3643.30859375
2018,79,3,0,2,172913.1875,4457.0595703125,2577.62841796875
2018,80,0,0,1,630172,35018,5556.8955078125
2018,80,0,0,2,821411,32969,4013.703369140625
2018,80,1,0,1,440671.46875,27334.9609375,6203.02490234375
2018,80,1,0,2,657377.6875,28321.09765625,4308.19287109375
2018,80,3,0,1,189500.515625,7683.03857421875,4054.36279296875
2018,80,3,0,2,164033.328125,4647.90234375,2833.510986328125
2018,81,0,0,1,561875,34624,6162.224609375
2018,81,0,0,2,749613,33960,4530.337890625
2018,81,1,0,1,398183.5625,26796.734375,6729.744140625
2018,81,1,0,2,611983,29228.1015625,4775.96630859375
2018,81,3,0,1,163691.453125,7827.2666015625,4781.7197265625
2018,81,3,0,2,137630.015625,4731.89892578125,3438.130126953125
2018,82,0,0,1,517114,35372,6840.27099609375
2018,82,0,0,2,707051,35918,5079.97314453125
2018,82,1,0,1,364179.4375,27161.73046875,7458.33740234375
2018,82,1,0,2,574478.25,30942.947265625,5386.26953125
2018,82,3,0,1,152934.578125,8210.2685546875,5368.48388671875
2018,82,3,0,2,132572.75,4975.05322265625,3752.69677734375
2018,83,0,0,1,474179,35491,7484.72607421875
2018,83,0,0,2,669490,37682,5628.46337890625
2018,83,1,0,1,335618.34375,27030.146484375,8053.83447265625
2018,83,1,0,2,555173.4375,32502.103515625,5854.4052734375
2018,83,3,0,1,138560.671875,8460.853515625,6106.24462890625
2018,83,3,0,2,114316.578125,5179.896484375,4531.185546875
2018,84,0,0,1,407026,34711,8527.9560546875
2018,84,0,0,2,589377,37715,6399.1298828125
2018,84,1,0,1,285757.0625,26119.328125,9140.396484375
2018,84,1,0,2,483201.03125,32475.9921875,6721.0107421875
2018,84,3,0,1,121268.9140625,8591.6708984375,7084.80908203125
2018,84,3,0,2,106175.984375,5239.0087890625,4934.26904296875
